datetime,underlying_price,NIFTY27JAN2625200CE,NIFTY27JAN2625300CE,NIFTY27JAN2625400CE,NIFTY27JAN2625500CE,NIFTY27JAN2625600CE,NIFTY27JAN2625700CE,NIFTY27JAN2625800CE,NIFTY27JAN2625900CE,NIFTY27JAN2626000CE,NIFTY27JAN2626100CE,NIFTY27JAN2626200CE,NIFTY27JAN2626300CE,NIFTY27JAN2626400CE,NIFTY27JAN2626500CE,NIFTY27JAN2623800PE,NIFTY27JAN2623900PE,NIFTY27JAN2624000PE,NIFTY27JAN2624100PE,NIFTY27JAN2624200PE,NIFTY27JAN2624300PE,NIFTY27JAN2624400PE,NIFTY27JAN2624500PE,NIFTY27JAN2624600PE,NIFTY27JAN2624700PE,NIFTY27JAN2624800PE,NIFTY27JAN2624900PE,NIFTY27JAN2625000PE,NIFTY27JAN2625100PE
07-01-2026 09:15,26111.65,0.12662,0.122786,0.11789,0.113844,0.109966,0.104406,0.09742,0.096424,0.095662,0.093896,0.091998,0.090436,0.08912,0.106266,0.159104,0.172958,0.16833599999999999,0.16225799999999999,0.157334,0.15235400000000002,0.146872,0.14125,0.136058,0.131016,0.12629400000000002,0.121394,0.11637,0.1115
07-01-2026 09:20,26141.4,0.08632,0.09665610094297715,0.10756148982339789,0.11464529606590206,0.112796,0.107615,0.09832267570231262,0.09605002710693786,0.09736767570231263,0.096214,0.09418800000000001,0.09235600000000001,0.090664,0.10758799999999999,0.160576,0.17437022121156154,0.16877466363468463,0.1643318525162762,0.15853889391414397,0.15356963130471465,0.147906,0.142848,0.138206,0.13269439508260977,0.12720318524782928,0.12265601825503528,0.11695286951727656,0.11353
07-01-2026 09:25,26139.35,0.09147,0.0910992032513834,0.0948757344171278,0.09782400000000001,0.09586800000000001,0.092854,0.091612,0.090148,0.089606,0.088552,0.087158,0.086238,0.09533550704969734,0.13360852114909202,0.17004350704969734,0.175772,0.171206,0.165564,0.1590528354707067,0.15276250641212002,0.14836083547070666,0.14292,0.13781,0.132818,0.128444,0.123482,0.11874145054163804,0.1157072527081902
07-01-2026 09:30,26128.95,0.1086,0.109072,0.11308,0.117218,0.110982,0.108708,0.10291139145251758,0.09635417435755272,0.09685139145251757,0.095402,0.093092,0.09103654255247351,0.08900362765742056,0.10709654255247351,0.16170284144191893,0.17567852432575676,0.17121284144191892,0.164934,0.15760525320606,0.15110575961818007,0.14663525320606002,0.142078,0.137112,0.13199,0.127204,0.122414,0.11727800000000001,0.112
07-01-2026 09:35,26131.9,0.10462,0.10907,0.119932,0.119674,0.11403999999999999,0.11130199999999998,0.10450826861932087,0.09684880585796264,0.09631521711472432,0.09346484548621031,0.09302694849540342,0.091668,0.09012600000000001,0.107724,0.16207768002198414,0.1762870400659524,0.17154968002198412,0.16543200000000002,0.15925599999999998,0.15342,0.147832,0.14198320051203803,0.13600360153611407,0.13181520051203802,0.12742599999999998,0.12265000000000001,0.11763441802327214,0.1140120901163607
07-01-2026 09:40,26145.15,0.07079,0.076618,0.082202,0.08739024306387178,0.09339272919161533,0.0909298837049035,0.09151497198296053,0.08784379082062786,0.0848200500598654,0.08489674375412049,0.08641623126236145,0.08401074375412047,0.082672,0.102572,0.1618,0.178004,0.172492,0.166082,0.159246,0.153746,0.149126,0.143584,0.13822,0.13324599999999998,0.128558,0.123716,0.11889895935204263,0.1145947967602131
07-01-2026 09:45,26113.1,0.100733724641407,0.11282074492828141,0.11165800000000001,0.11239600000000001,0.10910800000000001,0.10541199999999999,0.1013991543336066,0.0967634630008198,0.0962651543336066,0.094584,0.092448,0.09004763434393462,0.08713890303180385,0.10619163434393461,0.161196,0.175102,0.17002799999999998,0.164036,0.15763,0.152528,0.146938,0.14106999999999997,0.13575399999999999,0.13079000000000002,0.125936,0.12063936727621263,0.11493010182863792,0.11071
07-01-2026 09:50,26110.0,0.1206791209524895,0.1186138241904979,0.11403663457044952,0.11607313730844197,0.11134633536172978,0.10486723359709342,0.09994600000000001,0.097042,0.095244,0.093224,0.091254,0.08956188334970652,0.08823165004911955,0.10529351876515314,0.15865290624633985,0.17424163541544663,0.16994199999999998,0.163768,0.157168,0.15167999999999998,0.14599965649856322,0.13909696949568973,0.13505765649856324,0.130742,0.12529530586765636,0.11907591760296908,0.11538530586765636,0.11095
07-01-2026 09:55,26108.9,0.13029,0.12608199999999997,0.13030181100188465,0.12608143300565397,0.11973981100188466,0.11219433227573389,0.10397584796608611,0.10314488569238733,0.10331485113888447,0.100522,0.097456,0.094864,0.09266,0.109178,0.161558,0.17472200000000002,0.169274,0.16338799999999998,0.1566294745971574,0.1502124237914722,0.1458054745971574,0.14071,0.13503345461173089,0.1293843638351927,0.1252474546117309,0.11996997262147267,0.11369791786441803,0.10983
07-01-2026 10:00,26140.3,0.09239,0.094098,0.109602,0.114432,0.11130399999999999,0.10708000000000001,0.1028423539116325,0.1009330617348975,0.09832132523437248,0.09640491396821993,0.09312097132273997,0.090704,0.0990487623070454,0.13675828692113626,0.1726287623070454,0.17737,0.17154,0.165564,0.160144,0.15389,0.14809,0.14200454905302226,0.13544164715906679,0.13167454905302226,0.127572,0.12189412774181976,0.11551038322545928,0.1122
07-01-2026 10:05,26142.95,0.0846021956082914,0.08895043912165829,0.10564251117969846,0.10871553353909538,0.11018251117969845,0.11192999999999999,0.10931199999999999,0.10457399999999999,0.10214,0.09923599999999999,0.09591207386414385,0.09278822159243158,0.09153007386414387,0.109096,0.163078,0.17660800000000001,0.17115199999999997,0.165406,0.159582,0.15382200000000001,0.148272,0.14285599999999998,0.137624,0.132536,0.12773,0.12254799999999999,0.117294,0.11183
07-01-2026 10:10,26159.15,0.10591,0.108088,0.10188200979271675,0.10074581144961985,0.10381567512097445,0.10878073941301615,0.10498713909326454,0.09772805179753924,0.09666159555729212,0.09689359185929214,0.09516400000000001,0.092866,0.09112,0.10743959392760638,0.1593742578340691,0.17475202208135626,0.17199547605124996,0.1662516883695053,0.1590770651085159,0.15444968836950532,0.149466,0.144186,0.13890000000000002,0.13378,0.129306,0.12435199999999999,0.1186,0.11309
07-01-2026 10:15,26183.8,0.12049,0.104702,0.105072,0.097112,0.09517194678308001,0.10049984034924,0.09467594678308,0.08904399999999998,0.08883185625624482,0.09010403286706692,0.08848324855124219,0.08572446409833245,0.0945835432440714,0.1344826297322142,0.1717423688949897,0.17668647695275488,0.1733348256509183,0.16844,0.162624,0.156862,0.151508,0.145874,0.140504,0.135368,0.130336,0.12538200000000002,0.12021000000000001,0.115
07-01-2026 10:20,26169.15,0.13492,0.119774,0.11681142698235057,0.10747628094705175,0.10637714187773732,0.10458914468616022,0.09817771489538674,0.09435400000000001,0.09311254831307483,0.09221964493922447,0.08966854831307482,0.087796,0.08652399999999999,0.10533,0.162766,0.17706463847630735,0.171303915428922,0.16586555122015612,0.15782996474390326,0.15322259228091992,0.14932577567324473,0.143633647482663,0.13939454916088767,0.13458,0.129454,0.12428600000000001,0.11902599999999999,0.11379
07-01-2026 10:25,26152.25,0.14819,0.12084799999999998,0.106958,0.10282251715839927,0.1032490068136601,0.10066488317378622,0.09511145533846233,0.093198,0.0918502162133674,0.09106464864010219,0.0885642162133674,0.086774,0.08568200000000001,0.10445199999999999,0.16177200000000003,0.17538044375766645,0.1676793129961764,0.16329038892719744,0.159725981723177,0.154704,0.149368,0.14383400000000002,0.138342,0.133192,0.12859600000000002,0.123386,0.1179,0.11258
07-01-2026 10:30,26130.45,0.14045,0.13284,0.1211734212565322,0.10988781188486169,0.10816806560232745,0.10601754811526508,0.101924,0.09826847542937961,0.09521142628813879,0.09325855669252109,0.08983308044124674,0.08743659121860839,0.08769283665182231,0.106222,0.161626,0.17656400000000003,0.171222,0.16472368658374398,0.15752505975123193,0.15279568658374398,0.147932,0.14238,0.136862,0.13163,0.126874,0.121642,0.11672139930173023,0.1138469965086512
07-01-2026 10:35,26133.05,0.13848,0.13043786161914592,0.1185931855069499,0.11059066356768234,0.10788960064951214,0.104692,0.102472,0.09895999999999999,0.09692846760078663,0.09337140280235992,0.09147562130869796,0.08842546112373395,0.08846715370791132,0.10632081671786475,0.16026245015359422,0.17574481671786474,0.170968,0.1644252074291542,0.1574636222874626,0.1529132074291542,0.14773101114105602,0.14088103342316802,0.136305011141056,0.131692,0.12682000000000002,0.12109931774570021,0.11460195323710065,0.11086
07-01-2026 10:40,26144.05,0.1226781906115412,0.12154944846462205,0.11493943102694146,0.11033161590048449,0.10637541667451197,0.10285637147263714,0.10031169774339943,0.0976525659144665,0.09443689848328768,0.09094269544986304,0.08958554239333233,0.08734393173013398,0.08689064391004465,0.105706,0.1617490073882581,0.1753930221647742,0.1711270073882581,0.165662,0.15978,0.154204,0.14886,0.14332,0.137868,0.132668,0.12700491509784556,0.12064874529353667,0.11681137264190986,0.1135922877203215
07-01-2026 10:45,26141.15,0.12448,0.12069247823680879,0.11583082607893626,0.11296800000000001,0.108432,0.10373,0.10039999999999999,0.09766058975036168,0.09520576925108504,0.09236458975036169,0.090418,0.08893083645446914,0.08752450936340742,0.10524683645446915,0.161256,0.17588501159635903,0.169375034789077,0.164737011596359,0.159478,0.153916,0.148432,0.14296399999999998,0.137564,0.13218399999999997,0.12719799999999998,0.122234,0.11723152974397898,0.1134676487198949
07-01-2026 10:50,26146.85,0.15441,0.128406,0.12306800000000001,0.11997329429685216,0.10524388289055642,0.10023910406239447,0.10059942929662702,0.10264580976554234,0.10107000000000001,0.097752,0.094972,0.09248200000000001,0.090502,0.10763600000000001,0.16158698577593505,0.17513295732780507,0.170754985775935,0.16509415669498556,0.1582164700849567,0.15361415669498557,0.148674,0.14326,0.13778400000000002,0.13250800000000001,0.127454,0.122282,0.11676199999999999,0.11127
07-01-2026 10:55,26168.55,0.11618,0.10384800000000001,0.10670692756329239,0.1114147826898772,0.1033269275632924,0.09899000000000001,0.09761,0.095486,0.094616,0.092714,0.090626,0.088856,0.087344,0.10564,0.162608,0.17765399999999998,0.17271799999999998,0.166986,0.16056267739846886,0.15371403219540658,0.14950267739846887,0.144762,0.1394,0.134146,0.12829009337558256,0.12158628012674767,0.11749409337558256,0.11277
07-01-2026 11:00,26160.15,0.14217,0.118976,0.122474,0.12539599999999998,0.11918200000000001,0.11557400000000001,0.111654,0.106992,0.10341999999999998,0.099872,0.096892,0.094268,0.10078550798540928,0.13539652395622784,0.1719595079854093,0.177452,0.172308,0.16600271186870824,0.1592641356061247,0.15461071186870823,0.14971800000000002,0.144378,0.138936,0.13351999999999997,0.12838,0.12308200000000001,0.11750200000000001,0.11204
07-01-2026 11:05,26182.1,0.1151093287263359,0.08252986574526719,0.09990000000000002,0.110968,0.109326,0.104472,0.10040400000000001,0.09800325039873058,0.09537175119619173,0.09242714666977564,0.09055968881313517,0.08857189627104506,0.086924,0.105628,0.16353,0.178902,0.17371,0.167836,0.1611968500779794,0.1541625502339382,0.1502848500779794,0.1451129665104504,0.1385908995313512,0.1337974857340584,0.12779155767082395,0.12400251922360798,0.119272,0.11373
07-01-2026 11:10,26166.7,0.1346375249591113,0.11199950499182228,0.1144364624533533,0.1105273873600599,0.10378806606422769,0.09817681083262321,0.0962171057408922,0.09460650639005341,0.0921755021300178,0.09009,0.08816166086352578,0.08573698259057733,0.08504966086352578,0.104362,0.16241999999999998,0.17759399999999997,0.172502,0.166988,0.16116000000000003,0.1541193775707257,0.14814613271217708,0.1442713775707257,0.13966800000000001,0.1335700442265629,0.12714613267968877,0.12313604422656292,0.118152,0.11274
07-01-2026 11:15,26148.15,0.15103,0.12728066401836147,0.12152999205508437,0.11580666401836145,0.106496,0.102408,0.10255600000000001,0.10045799999999999,0.09720793597424593,0.09333180792273776,0.09163098443598759,0.08866914538522504,0.08827704846174168,0.106572,0.162012,0.17608971347844918,0.16978514043534748,0.16510171347844915,0.159834,0.154296,0.148672,0.143462,0.138,0.1320495471162364,0.1261126413487092,0.1218875471162364,0.11684599999999999,0.11124
07-01-2026 11:20,26148.9,0.13325,0.13124554374260272,0.12650318124753424,0.11069600000000002,0.10415808017246606,0.10105624051739812,0.09637808017246605,0.09584997471386916,0.09632592414160748,0.09217597471386915,0.089076,0.087476,0.08623799999999998,0.10407732044134034,0.15946396132402102,0.17585132044134036,0.171694,0.16515272975383163,0.15784618926149485,0.15346472975383163,0.148654,0.14352199999999998,0.13806000000000002,0.132604,0.12700584055015568,0.12047352165046703,0.11621984055015568,0.11139
07-01-2026 11:25,26140.4,0.14019,0.136176337516221,0.13244477917207365,0.11888199999999999,0.1094469455127085,0.10383409353450798,0.09929546436743822,0.09829314576803799,0.09875168339030832,0.0945583659739336,0.09133416239707481,0.08964472079902494,0.08810199999999999,0.1052275354830838,0.15930060644925143,0.1751315354830838,0.17093000000000003,0.16505199999999998,0.159066,0.15306134796186896,0.14697804388560684,0.14245534796186896,0.13725,0.1312792944628148,0.1251478833884444,0.1208972944628148,0.115894,0.11031
07-01-2026 11:30,26144.45,0.13223,0.127708,0.13129600000000002,0.12513600000000002,0.11166000000000001,0.10924,0.109218,0.10575999999999999,0.102832,0.099206,0.09577,0.093258,0.09101999999999999,0.107986,0.16199000000000002,0.17609999999999998,0.17109400000000002,0.16567600000000002,0.15861784191011574,0.15046579465775622,0.14641064869234258,0.14275226892740894,0.137442,0.131992,0.12675999999999998,0.12148199999999999,0.116062,0.11071
07-01-2026 11:35,26160.05,0.1379,0.118714,0.12082199999999998,0.116342,0.11112,0.10199,0.09806200000000001,0.09578600000000001,0.093616,0.091188,0.08926069521074831,0.0883180856322449,0.0863986952107483,0.104586,0.16188999999999998,0.177138,0.172244,0.166734,0.16066000000000003,0.155008,0.14977000000000001,0.14430400000000002,0.138764,0.13329600000000003,0.12725581422869017,0.12083144268607054,0.11675181422869017,0.11192
07-01-2026 11:40,26147.1,0.1354714072255461,0.1271282814451092,0.12867,0.12098199999999999,0.11729,0.109466,0.10340446478650756,0.09821339435952267,0.09598646478650755,0.093374,0.09118199999999999,0.089342,0.08755199999999999,0.105546,0.16155,0.17588812804514123,0.17006438413542366,0.16542212804514123,0.159674,0.15388999999999997,0.14793884693044448,0.1415445407913335,0.1371348469304445,0.132444,0.127272,0.121898,0.116444,0.11076
07-01-2026 11:45,26136.15,0.15533,0.13388599999999998,0.12209148414477632,0.1131900128472598,0.11118616538356885,0.10786556041293084,0.104146,0.10002399999999999,0.097536,0.095082,0.09251599999999999,0.09017667887888348,0.08815203663665044,0.10606467887888349,0.16126,0.17532570648597018,0.16926311945791056,0.1645577064859702,0.15893000000000002,0.153182,0.147764,0.142494,0.137112,0.131744,0.126494,0.1206275045975191,0.1143025137925573,0.11045
07-01-2026 11:50,26138.65,0.15371,0.132142,0.120162,0.11111199999999999,0.10920514207926149,0.1018994262377845,0.0961571420792615,0.09360199999999999,0.09204799999999999,0.090092,0.08827000000000002,0.08687444754134219,0.08600734262402654,0.10433044754134219,0.161026,0.17528093168381403,0.16878479505144206,0.16427893168381402,0.158976,0.153204,0.147756,0.1419067293069433,0.13535018792082995,0.13126872930694333,0.12680000000000002,0.121384,0.116084,0.11082
07-01-2026 11:55,26126.7,0.1471407954785391,0.13472468266985685,0.11932357072244712,0.11221252357414904,0.109176,0.104548,0.10048800000000001,0.097358,0.09491385872074515,0.09143957616223541,0.08986707064354252,0.08775363576839214,0.08713521192279737,0.10555799999999999,0.16054510567218866,0.17394731701656604,0.16949710567218867,0.164156,0.158216,0.15243400000000001,0.147008,0.141748,0.13615800000000003,0.130876,0.12590200000000001,0.12066200000000002,0.11545400000000001,0.11042
07-01-2026 12:00,26121.55,0.16447,0.141126,0.12250356613867654,0.11206915969593179,0.10812094997838317,0.10500646127990221,0.10123399999999999,0.098082,0.095486,0.09293000000000001,0.09077,0.08882350062750277,0.08715050188250834,0.10510750062750278,0.16064399999999998,0.175058,0.169916,0.16393999999999997,0.1573363264959479,0.1504269794878437,0.14551711082214397,0.13964235297858824,0.13530678432619608,0.130508,0.12542,0.12038599999999999,0.11532200000000001,0.11002
07-01-2026 12:05,26110.95,0.17059,0.1399528442979168,0.12614361476597225,0.119094,0.113874,0.109152,0.10403078207537625,0.09847219918344864,0.09642634094733585,0.09489185295731986,0.0924244178707,0.08972624884868424,0.08828740358045273,0.10609299523658425,0.160382,0.174268,0.16917400000000002,0.16236149363040236,0.15341079208697228,0.14885442721769818,0.14563831119576526,0.14093599999999998,0.13548200000000002,0.13026600000000002,0.125448,0.12024599999999999,0.114894,0.10954
07-01-2026 12:10,26110.45,0.1628296726918107,0.14600793453836214,0.12967800000000002,0.12127602804947764,0.11364808414843292,0.10934002804947762,0.106002,0.10158400000000001,0.099482,0.09666,0.093856,0.091534,0.0987078179148492,0.1343434537445476,0.1698698179148492,0.1736570007616687,0.16714500228500614,0.16251300076166875,0.156768,0.151352,0.146006,0.14080600000000001,0.135512,0.130226,0.12524,0.120008,0.114664,0.10926
07-01-2026 12:15,26107.4,0.1726,0.1438589379656809,0.12840272865993682,0.11902121716851737,0.11327832346787321,0.10969996915438779,0.104546,0.10090400000000001,0.097516,0.09465600000000002,0.09218200000000001,0.09017,0.088586,0.106122,0.16039199999999998,0.174102,0.168792,0.16307,0.15638722961871077,0.14952568885613235,0.14518722961871078,0.140482,0.13524799999999998,0.13019799999999998,0.1252,0.1203213271305138,0.11717985697241273,0.1146393779043567
07-01-2026 12:20,26103.3,0.14749,0.145868,0.131758,0.121412,0.114132,0.11164400000000001,0.107284,0.102206,0.09812520084962945,0.09466160254888832,0.09328720084962944,0.09154400000000001,0.089702,0.10697200000000001,0.16076200000000002,0.1735524455865582,0.16695533675967456,0.16231844558655817,0.156812,0.15056575698249253,0.14435327094747763,0.14010375698249256,0.13527999999999998,0.12993,0.124996,0.11996400000000002,0.11550063887459293,0.1126031943729646
07-01-2026 12:25,26106.55,0.14529,0.13562852883935939,0.1260635096131198,0.11650999999999999,0.11105399999999999,0.10825,0.103548,0.099532,0.09684199999999998,0.094406,0.09210952819433718,0.08997658458301155,0.0884915281943372,0.106188,0.160688,0.174222,0.16895400000000002,0.16327,0.15708,0.15085354265496295,0.1447626279648888,0.13938802743426618,0.13209907990429046,0.12806736147844547,0.12520762556638074,0.12059599999999998,0.11546999999999999,0.11046
07-01-2026 12:30,26108.85,0.1403693901743096,0.13273587803486192,0.127232,0.12111600000000002,0.114544,0.10963800000000001,0.105346,0.10170799999999999,0.09892,0.096172,0.09328150994721025,0.09015652984163078,0.08921950994721026,0.10620478872486241,0.15864636617458724,0.1723395056169609,0.16468553414620105,0.16017686730181535,0.15657338346990562,0.151596,0.14561986321138767,0.13739970418271064,0.13294620685703046,0.1299921145485476,0.12551800000000002,0.120442,0.115314,0.11008
07-01-2026 12:35,26106.25,0.13895,0.12127697918515187,0.11644474641710541,0.11470415750827054,0.11100000000000002,0.108226,0.10528799999999999,0.101722,0.09874000000000001,0.09611800000000001,0.09291523672647821,0.0892237101794346,0.09762446735223898,0.13354369187728235,0.16939123062576078,0.17459,0.168978,0.163134,0.15742,0.152064,0.14628000000000002,0.14084800000000003,0.13545000000000001,0.13041399999999997,0.12556799999999999,0.12038999999999998,0.11565997382357385,0.1124598691178693
07-01-2026 12:40,26103.5,0.11991,0.11673599999999999,0.11246,0.10716200000000001,0.103293422587711,0.100312267763133,0.09595342258771099,0.09284,0.09142,0.089782,0.088192,0.08663,0.085364,0.10361400000000001,0.15955200000000003,0.17443,0.16881600000000002,0.16301,0.157248,0.151642,0.146292,0.140864,0.135666,0.130716,0.125656,0.120812,0.11624446818291455,0.1127223409145727
07-01-2026 12:45,26084.3,0.13611,0.13092399999999998,0.124296,0.116272,0.11177000000000001,0.10607368768156795,0.09954306304470388,0.09766368768156794,0.095952,0.09336,0.091172,0.08902240932397285,0.08691922797191853,0.10428840743749858,0.1571859943405772,0.17123966416762082,0.16528699816228518,0.16062566605409506,0.155828,0.15039,0.14502199999999998,0.13957200000000003,0.134242,0.129124,0.12343528832088735,0.11619403890998875,0.11216781016286739,0.10937
07-01-2026 12:50,26084.8,0.13576,0.13061199999999998,0.12401399999999999,0.115916,0.11168200000000002,0.108372,0.10405,0.10023,0.097384,0.094752,0.0923982020033462,0.09009860601003859,0.08877620200334621,0.106298,0.15999000000000002,0.173192,0.167488,0.1617,0.15618400000000002,0.15036499443453896,0.14348498330361686,0.13900099443453895,0.13365061557145422,0.12744784671436266,0.12367261557145422,0.11916199999999999,0.11448301251467834,0.1114850625733917
07-01-2026 12:55,26089.25,0.1290911928704235,0.1248672008546411,0.1223896540935188,0.119768,0.11475,0.109318,0.10478000000000001,0.101116,0.098148,0.09505800000000002,0.0927,0.09056199999999999,0.088806,0.10491527633162531,0.15581685090369315,0.170766342058077,0.16718702190881723,0.161996,0.156554,0.15117,0.14557,0.13961199999999999,0.13414199999999998,0.128974,0.124202,0.11922400000000001,0.1144186542382786,0.111323271191393
07-01-2026 13:00,26099.15,0.13774,0.1247006129106176,0.12090220430353919,0.118896,0.114688,0.10924063930722451,0.10327191792167356,0.10026863930722452,0.097872,0.094752,0.092144,0.090142,0.088406,0.105738,0.159904,0.17358510694637513,0.1667133208391254,0.16221110694637514,0.157186,0.15090482011165518,0.1443044603349656,0.13921139083581024,0.1331837121724651,0.12900257072415502,0.12438199999999999,0.11918799999999999,0.11408,0.10896
07-01-2026 13:05,26103.3,0.1260260851816593,0.11906013887880197,0.11737476552741036,0.11606892184247011,0.111984,0.10726200000000001,0.10282999999999999,0.099434,0.09621982514828946,0.09264547544486837,0.09090382514828946,0.089246,0.08744400000000001,0.10502799999999998,0.1593316898839583,0.17263506965187497,0.16808968988395834,0.16290000000000002,0.157346,0.151948,0.146322,0.14052199999999998,0.13460705633755982,0.1282671690126794,0.1241150563375598,0.119562,0.1145,0.10938
07-01-2026 13:10,26105.85,0.13259,0.1190255737513585,0.1171727212540755,0.1164775737513585,0.109242,0.10418400000000001,0.10077090515157672,0.09785471545473017,0.09492090515157671,0.092048,0.08993200000000001,0.08802994361220179,0.08633183083660535,0.10440194361220179,0.159392,0.17426999999999998,0.168754,0.162732,0.156866,0.1509744751188402,0.1442134253565206,0.1398844751188402,0.13478982974292603,0.12863348922877804,0.12466382974292602,0.11998399999999998,0.114682,0.10925
07-01-2026 13:15,26097.2,0.13545,0.12327668878456764,0.11607430501336166,0.11428540476354386,0.11147333574566379,0.10345126283842739,0.0998210118272418,0.09931397158041226,0.096736,0.09376600000000002,0.091698,0.08923104993097028,0.08690914979291078,0.10513704993097026,0.159742,0.17402600000000001,0.16859200000000002,0.16275799999999999,0.15707,0.15118399999999999,0.145348,0.13960494237200474,0.13349882711601424,0.12936494237200474,0.12478999999999998,0.119466,0.11417000000000001,0.10916
07-01-2026 13:20,26097.45,0.13528,0.124666,0.11986,0.11221599999999998,0.107002,0.102658,0.098372,0.09559200000000001,0.093302,0.090786,0.0891098476204666,0.08784354286139981,0.0861898476204666,0.103794,0.15827,0.1722104825086213,0.16607544752586398,0.16171848250862134,0.156396,0.15102600000000002,0.1448787192726818,0.13829815781804541,0.1342667192726818,0.12816925110951966,0.11870705756975812,0.11396269043003947,0.1114758840319667,0.10935
07-01-2026 13:25,26076.35,0.13635,0.135956,0.13096,0.11818400000000001,0.11072000000000001,0.105482,0.101572,0.09820200000000001,0.095646,0.093196,0.09993495360686894,0.12475706623813966,0.1321370481458775,0.14027064027676295,0.16650947828641005,0.17150200000000002,0.166416,0.16052647988271534,0.15383343964814603,0.14928447988271534,0.144104,0.13771787261754906,0.12997651496380425,0.12573456395102023,0.12245689711115706,0.11778799999999999,0.11338665570947437,0.1106132785473719
07-01-2026 13:30,26070.0,0.14088,0.1389596464721219,0.1344112154907073,0.12221000000000001,0.11296663270082143,0.10572319329162982,0.1024485182683181,0.10028529518916555,0.09769599999999999,0.094702,0.092436,0.090352,0.09761663249003509,0.1326658974701053,0.16770063249003508,0.171369893933015,0.16467168179904496,0.16025789393301498,0.15537,0.149264061662935,0.14236218498880493,0.13738688356101803,0.13146846569424916,0.12721082189808305,0.12213590170297174,0.1159877051089152,0.11196390170297174,0.1072
07-01-2026 13:35,26074.55,0.1385407560298802,0.13548302897217235,0.13239962592206544,0.122646,0.11524200000000001,0.111024,0.10550000000000001,0.10081799999999999,0.097602,0.094742,0.09235199999999999,0.09021,0.088344,0.105514,0.1583612099177213,0.17066362975316382,0.16622120991772127,0.16000372704431956,0.15159443440091544,0.14727948684818998,0.1439832532679568,0.138666,0.133024,0.127938,0.12265,0.117404,0.11279309020001742,0.1097154510000871
07-01-2026 13:40,26074.2,0.13798,0.133624,0.131906,0.12250000000000001,0.11438176123959416,0.10934328371878248,0.10439776123959416,0.10056,0.09762855877289471,0.09460567631868415,0.09217055877289472,0.090254,0.08849,0.105544,0.158756,0.171826,0.166468,0.16092599999999999,0.1545500695083663,0.14819420852509885,0.14397006950836627,0.13880599999999998,0.13306,0.127576,0.12281399999999998,0.1173093933857399,0.1108481801572197,0.10731
07-01-2026 13:45,26072.8,0.135032406420992,0.13521474047605925,0.12952877757558254,0.12393025919186085,0.11795399999999999,0.112496,0.107312,0.10298399999999999,0.099836,0.096626,0.093972,0.09174199999999999,0.08984400000000001,0.106602,0.15847746461976314,0.17028239385928945,0.16585546461976314,0.16025511194000647,0.15359733582001944,0.14892111194000648,0.14327,0.13772063694646836,0.13136791083940502,0.12693863694646834,0.122568,0.117486,0.11228199999999999,0.10712
07-01-2026 13:50,26083.4,0.1311,0.13083599999999998,0.1275,0.11707000000000001,0.110602,0.105528,0.100426,0.09770200000000001,0.095474,0.09273400000000001,0.09051999999999999,0.08873,0.08727199999999999,0.10348588483210103,0.15430304794895824,0.1692120651900666,0.1656100118880003,0.15930785530603536,0.15494261843534513,0.149982,0.144018,0.13888599999999998,0.133564,0.128194,0.123368,0.11834599999999999,0.113124,0.10797
07-01-2026 13:55,26079.6,0.13406,0.131649925044824,0.130696641681608,0.12383200000000001,0.11516200000000001,0.11084029238349173,0.10440487715047515,0.10191829238349172,0.09942999999999999,0.096214,0.093672,0.09104928748713634,0.08845386246140902,0.10556728748713634,0.15762,0.171076,0.16615,0.16089,0.15532800000000002,0.14934134311782696,0.14269602935348089,0.13816934311782694,0.13319,0.12790400000000002,0.12299400000000002,0.117718,0.11314417866636554,0.1102808933318277
07-01-2026 14:00,26088.65,0.12683,0.12510391653648753,0.1189573176727277,0.11513862072628295,0.10986556806326514,0.107326,0.10544618236493458,0.10184854709480373,0.09861818236493457,0.095201786359149,0.092403359077447,0.090435786359149,0.08867200000000001,0.10440977260808608,0.15430192805696172,0.1690016033061965,0.1661586102327035,0.16144599999999998,0.155232,0.15021,0.144828,0.139098,0.13362,0.12831599999999999,0.123464,0.11829600000000001,0.113008,0.10766
07-01-2026 14:05,26096.3,0.11994,0.11999599999999999,0.11716399999999999,0.11551600000000001,0.10819200000000001,0.106268,0.10262115665900229,0.09749829552383142,0.09482963329947601,0.09294482554682458,0.0907645120362961,0.08836953610888824,0.08701651203629608,0.10453,0.15823199999999998,0.17139177559060662,0.16567532677181987,0.1610354663897633,0.15426307239746992,0.1492968301694006,0.14339541811073186,0.13906913937024395,0.13423000000000002,0.129212,0.124066,0.118784,0.11356,0.10818
07-01-2026 14:10,26100.95,0.11527,0.116228,0.114046,0.11479400000000001,0.11127,0.10631799999999998,0.10085000000000001,0.097034,0.09421766138320306,0.09042859788302118,0.08842850258343907,0.0874224734937306,0.0859525792809558,0.10317125949587326,0.15632119920666399,0.17102711321391917,0.16598014043509352,0.1618427134783645,0.15606800000000004,0.150508,0.144984,0.14008800000000002,0.13439920729591517,0.12812962188774554,0.12399520729591519,0.11937400000000002,0.11398000000000001,0.10872
07-01-2026 14:15,26097.3,0.1195750009056901,0.11909700018113802,0.114894,0.1108855539210653,0.10702266176319596,0.10315755392106532,0.09845671421897796,0.09528214265693388,0.09331471421897797,0.09083808678874872,0.08841026036624616,0.08727408678874872,0.08605800000000001,0.1036,0.1579,0.171986,0.16732,0.16177399999999997,0.15578799999999998,0.15052000000000001,0.1448,0.139724,0.134514,0.129358,0.12443199999999999,0.119222,0.113908,0.10886
07-01-2026 14:20,26090.7,0.12516,0.12313050807487891,0.11642752422463676,0.11316250807487893,0.10819232847053473,0.10338298541160415,0.10100032847053472,0.097116,0.094384,0.091964,0.08967859084219146,0.08742977252657438,0.08622859084219145,0.10320787844969524,0.1557276353490857,0.17108387844969525,0.16731000000000001,0.16179999999999997,0.156686,0.15098,0.14454623421138774,0.13775870263416323,0.13321423421138773,0.12849200000000002,0.123746,0.11857599999999999,0.113302,0.10826
07-01-2026 14:25,26090.45,0.1254,0.12293824084620698,0.11508872253862093,0.11270024084620699,0.1102843405877278,0.1041870217631834,0.10069884984843042,0.09687352778210787,0.09586250926070262,0.093638,0.09097389183593368,0.08841167550780105,0.08719789183593368,0.10443,0.15737585036107252,0.17089955108321755,0.16704985036107253,0.161918,0.156858,0.150474,0.144932,0.13985599999999998,0.13408,0.12852400000000003,0.12362400000000001,0.118396,0.11307400000000001,0.10767
07-01-2026 14:30,26098.65,0.11775,0.11847098278614861,0.1146756609287162,0.11197399999999999,0.108116,0.10299,0.09691799999999999,0.09387400000000001,0.09208000000000001,0.08959400000000001,0.08782399691170903,0.08675799073512712,0.08523199691170905,0.10286200000000001,0.15765,0.172196,0.167838,0.16249799999999998,0.15764599999999998,0.15149800000000002,0.14586,0.140654,0.13487000000000002,0.128576396097405,0.122469188292215,0.118502396097405,0.11425248078697281,0.1106524039348641
07-01-2026 14:35,26088.15,0.12742,0.125976,0.12207600000000002,0.119784,0.113424,0.107596,0.104736,0.10123399999999999,0.09814,0.09501199999999999,0.09258999999999999,0.09906909485212699,0.12343520194337854,0.14052484701311976,0.1666199173869976,0.17056242454713783,0.1639747289871903,0.16002279058446833,0.15637145534577684,0.15022818205002106,0.14373854615006318,0.13938418205002107,0.13375413078927398,0.12739239236782188,0.12327413078927395,0.117884546508054,0.111615639524162,0.10792
07-01-2026 14:40,26097.55,0.11889,0.12039203171898698,0.12163809515696093,0.11960203171898698,0.11164,0.10877600000000001,0.1045,0.10034000000000001,0.097404,0.09402801567479104,0.09084204702437312,0.08966601567479103,0.08831,0.10455120234436702,0.15636360703310107,0.17213520234436702,0.16782217976952268,0.161740539308568,0.15703417976952266,0.151252,0.145588,0.14055800000000002,0.13493,0.129174,0.12404599999999999,0.118784,0.11385711570651892,0.1110655785325946
07-01-2026 14:45,26107.25,0.12396,0.11983000000000002,0.118246,0.109118,0.104042,0.102054,0.09651799999999999,0.093084,0.091282,0.089142,0.08744,0.085954,0.084764,0.1019869621980936,0.1558428865942808,0.17200767596127,0.1671161412895292,0.16259280949229057,0.15604428718734256,0.1512600957291142,0.14576169953029933,0.13905909859089796,0.13460369953029933,0.129916,0.12424400864208884,0.11786602592626652,0.11367600864208885,0.10918
07-01-2026 14:50,26098.4,0.13162,0.134204,0.12942399999999998,0.12151012001193405,0.11288436003580213,0.11080412001193404,0.10696,0.102628,0.099378,0.09605799999999999,0.093374,0.09941537323669428,0.12249360300426117,0.1394578231192294,0.1660532262336768,0.17147122881849533,0.16789574293949844,0.163368,0.15775799999999998,0.151448,0.145824,0.140364,0.134356,0.128666,0.12340140910578948,0.11729822731736844,0.11279940910578948,0.108
07-01-2026 14:55,26113.35,0.13149,0.126666,0.12073199999999999,0.1158,0.109568,0.10450600000000002,0.10127449930140586,0.09844749790421757,0.09545449930140586,0.09247200000000001,0.09027904469334627,0.08855913408003883,0.08670104469334627,0.10436600000000001,0.159474,0.173982,0.1686410116511511,0.16251303495345334,0.1575251296002177,0.15083235384719967,0.14604811794906655,0.1405976371866872,0.1337649115600616,0.1291816371866872,0.124888,0.11979599999999999,0.11438599999999999,0.10908
07-01-2026 15:00,26123.1,0.12276,0.119032,0.114056,0.11000800000000001,0.10388245048455697,0.09973335145367088,0.09785645048455696,0.09486208345271892,0.09215225035815676,0.09032208345271892,0.08876,0.08725999260268197,0.08604197780804594,0.10357399260268198,0.15827544633938334,0.17281433901815002,0.16916944633938333,0.164892,0.15921799999999997,0.153406,0.14751199999999998,0.14226,0.13712,0.130978,0.125638,0.120394,0.115604923710802,0.11241461855401
07-01-2026 15:05,26133.7,0.11118,0.11078074614221775,0.11160823842665323,0.11005874614221774,0.10477999999999998,0.101524,0.097834,0.09459313896815211,0.0923194169044563,0.0900911389681521,0.088222,0.0867632811040382,0.0857678433121146,0.10351928110403821,0.15919999999999998,0.17471799999999998,0.169994,0.16467012600246844,0.1569563780074053,0.15161412600246843,0.14676301832602673,0.14072905497808016,0.13618501832602672,0.131076,0.126014,0.120726,0.115314,0.10998
07-01-2026 15:10,26142.1,0.09884,0.11314199999999999,0.11255,0.110516,0.10613,0.102132,0.09825800000000001,0.09510800000000001,0.092926,0.090766,0.08897000000000001,0.087364,0.09466609273539034,0.12970541202846786,0.1666114942022809,0.1735590445260265,0.1687617321111889,0.16503591070372964,0.16018,0.15318162587665654,0.1446616764862587,0.1404160224455237,0.13701079885628906,0.131744,0.126514,0.12162200000000001,0.11626600000000001,0.11055
07-01-2026 15:15,26147.8,0.10654,0.11060199999999999,0.105476,0.0984156032761088,0.09598880982832639,0.09268560327610881,0.08956,0.087022,0.08675400000000001,0.086124,0.084996,0.08381999999999999,0.083038,0.10193999999999999,0.159362,0.175658,0.17089000000000001,0.1648707212235846,0.1584321636707537,0.1540447212235846,0.148746,0.143424,0.137744,0.132158,0.12677001077505612,0.12040403232516841,0.11653565256585491,0.1136782089539939
07-01-2026 15:20,26138.3,0.11792,0.119522,0.113762,0.10602800000000001,0.10002,0.09772600000000001,0.0943293195040965,0.0899759585122895,0.08966731950409651,0.088822,0.08691904067725292,0.08504912203175877,0.08468904067725291,0.10369,0.16046600000000003,0.17518999999999998,0.1706516409724565,0.16424692291736956,0.15904164097245652,0.153086,0.14816400000000002,0.143136,0.137236,0.13117,0.1258,0.121188,0.116088,0.11054
07-01-2026 15:25,26139.7,0.11638,0.118312,0.11357616532639156,0.10802449597917468,0.10077216532639155,0.09638,0.093914,0.09206199999999999,0.09132580405867513,0.08942941217602542,0.08719580405867514,0.09531847380321394,0.12346500777512193,0.14202523289965424,0.16958958636548008,0.176576,0.171924,0.167012,0.160474,0.15341,0.148528,0.14268399999999998,0.1364590059181665,0.1297110177544995,0.1255370059181665,0.120782,0.115776,0.11012
08-01-2026 09:15,26101.75,0.11678,0.10595758316853152,0.09929652772284385,0.106604,0.10230399999999999,0.101218,0.098938,0.09459799999999999,0.09216799999999999,0.09030200000000001,0.08826913008340254,0.08644539025020762,0.08630713008340253,0.10509600000000001,0.16179000000000002,0.177322,0.17070881813361355,0.16405445440084057,0.15845138478589743,0.15196169995685171,0.14743256665228388,0.142112,0.135904,0.130452,0.125064,0.119678,0.11505627404657917,0.1123513702328958
08-01-2026 09:20,26109.7,0.10711,0.10010760104702467,0.08791853368234155,0.089284,0.090598,0.090098,0.08829292259337784,0.0871743282248512,0.08634960392753088,0.08492556044471768,0.083702,0.09257948134096687,0.12127600086605231,0.14041156249264383,0.16959778870981743,0.17687541062222192,0.17151651811985172,0.16408955435955508,0.1589865181198517,0.15352400000000002,0.147048,0.14211600000000002,0.136498,0.12988702628514667,0.1218915775321095,0.11786452231515507,0.11493849867666946,0.11016
08-01-2026 09:25,26087.55,0.10989,0.11220156840200549,0.1050165228006685,0.09605599999999999,0.09212200000000001,0.09009,0.087142,0.08605,0.08549799999999999,0.08403906551996881,0.08241319655990645,0.08290408128307376,0.08298904728931482,0.10254901576310493,0.16073948408182154,0.17491845224546468,0.1693794272109835,0.16067754083407865,0.15561107746894023,0.15155571144659277,0.145484,0.14067200000000002,0.13508399999999998,0.129888,0.12514,0.12016399999999999,0.114658,0.10927
08-01-2026 09:30,26063.1,0.13321,0.113816,0.104806,0.103682,0.09961,0.097442,0.09462,0.092144,0.09077,0.0880371296768625,0.08451680659217495,0.08598338236162481,0.08582541756158743,0.104278,0.160492,0.17464200000000002,0.1684729363319918,0.1614348089959754,0.15666093633199182,0.151278,0.144262,0.13945000000000002,0.13210439215145264,0.12101027740421802,0.1162345210478032,0.11362432333646214,0.11088305878564404,0.10857
08-01-2026 09:35,26053.95,0.14005,0.11238295510416439,0.11230854202278008,0.11694458387052198,0.108448,0.108072,0.105544,0.10094,0.09732856114958933,0.09094864452253981,0.08771544437090469,0.09003296107377178,0.09851800322861365,0.13223200968584092,0.16736170857389937,0.17254111603585714,0.16758204624407438,0.16091502269636596,0.15608634089878864,0.15052009315643675,0.14318427946931028,0.13873409315643676,0.133698,0.12811,0.123162,0.117648,0.11231200000000001,0.10685
08-01-2026 09:40,26092.65,0.1002640546130259,0.08485681092260519,0.099224,0.101672,0.09734418677222814,0.09656256031668442,0.09316018677222815,0.090358,0.08862400000000001,0.08671332831378736,0.08498198494136207,0.08525156341758108,0.08546270531138116,0.10277866223705773,0.15842128139979206,0.17546442713326404,0.170862,0.16478600000000002,0.159226,0.15341200000000002,0.14652800000000002,0.14154,0.136074,0.1288946949154129,0.11913128188248819,0.11427858915849193,0.11189610563924121,0.10987
08-01-2026 09:45,26077.7,0.12038,0.10607776509350655,0.10912129528051967,0.10574376509350657,0.09885,0.09751800000000001,0.09503410201765725,0.09319030605297172,0.09207610201765724,0.09027199999999999,0.08846799999999999,0.08713199999999999,0.09558748536181166,0.13328245608543499,0.16998148536181165,0.17505199999999999,0.170448,0.16491060117931378,0.15722780353794136,0.1519046011793138,0.14633400000000002,0.1403985177133134,0.13378355313994023,0.12930651771331342,0.124832,0.119748,0.11463399999999999,0.10919
08-01-2026 09:50,26070.8,0.12674,0.12396399999999999,0.12057896428124301,0.11271206125685167,0.10812046952061097,0.10793716841312265,0.10424800000000001,0.100272,0.09772600000000001,0.095272,0.09286799999999999,0.09014391540336794,0.08733574621010382,0.10573991540336794,0.160518,0.174742,0.169652,0.164124,0.15801,0.15151621118202743,0.14484463354608232,0.14011621118202744,0.13494,0.12977799999999998,0.125034,0.11955400000000002,0.11472426342895853,0.1115313171447926
08-01-2026 09:55,26089.4,0.11893,0.11515868388659847,0.11064956129553283,0.106986,0.10236800000000001,0.09876399999999999,0.09526,0.09218495532117918,0.09027886596353754,0.0888147937384586,0.08797951525183827,0.08628383841727942,0.084792,0.103628,0.16110199999999997,0.17630600000000002,0.17179,0.16557109973803721,0.15782929921411165,0.15314909973803723,0.148208,0.14202873147362072,0.1348181944208621,0.1307287314736207,0.12635200000000002,0.12156609664713372,0.11811168416329587,0.1152969711094735
08-01-2026 10:00,26081.9,0.12612,0.11708400000000001,0.111306,0.098584,0.092048,0.092374,0.09115051461899833,0.08751954385699497,0.0860888244464184,0.08458207081370354,0.08434173382174998,0.0836431413314433,0.08291,0.10222600000000001,0.160418,0.17559999999999998,0.170582,0.165634,0.159668,0.153326,0.147668,0.14162350723340514,0.13453052170021537,0.13005750723340512,0.12564199999999998,0.120374,0.115344,0.1098
08-01-2026 10:05,26068.05,0.13746,0.12341,0.10729506639007245,0.10184319917021736,0.09902906639007247,0.0942279420286475,0.09066582608594251,0.0891575795912864,0.0884909126879167,0.08688363756263891,0.08558599999999998,0.08452799999999999,0.09375178917614463,0.13319936752843392,0.17125178917614464,0.175324,0.170138,0.164798,0.158546,0.15240399999999998,0.14678999999999998,0.141732,0.135962,0.12961780538428527,0.12318341615285577,0.11914580538428526,0.114462,0.10903
08-01-2026 10:10,26050.3,0.1348392347529973,0.13186984695059947,0.11741800000000002,0.11049634917028184,0.10511904751084551,0.10229072875106376,0.09653113874234576,0.09526437958078193,0.09387,0.091484,0.08956800000000001,0.08735678055491428,0.08504434166474284,0.10418878055491428,0.160966,0.175004,0.16894730632931537,0.16201191898794615,0.15679930632931538,0.151216,0.14555400000000002,0.14032,0.13444,0.12892,0.123612,0.11880907019624215,0.11596698277681203,0.1132788609404278
08-01-2026 10:15,26055.25,0.12383,0.127134,0.112538,0.102026,0.0977722673548795,0.09546667940716388,0.09101789938245565,0.08817787734252538,0.087242,0.086368,0.08516199999999999,0.084096,0.09332341297128172,0.13248623891384512,0.1697934129712817,0.17503,0.17012,0.16425399999999998,0.158162,0.15226599999999998,0.14627199999999999,0.140994,0.13518400000000003,0.12960999999999998,0.124444,0.119374,0.1146958552152962,0.111279276076481
08-01-2026 10:20,26034.9,0.1213863071804197,0.11625126143608394,0.113562,0.108808,0.103172,0.100458,0.096548,0.094108,0.09276200000000001,0.09102600000000001,0.08922,0.08742189949760838,0.08569969849282513,0.1037658994976084,0.15853,0.173506,0.168848,0.163136,0.157102,0.151156,0.145476,0.140056,0.134256,0.12868200000000002,0.123466,0.118338,0.113334,0.10802
08-01-2026 10:25,26034.15,0.1277894399456313,0.12099188798912626,0.11468054545177556,0.1084264346619652,0.1041127696106819,0.10160628602361087,0.09937982923899077,0.09650399999999999,0.09421176648686179,0.09222129946058534,0.09030176648686178,0.08863800000000001,0.09656394516216191,0.1326138354864857,0.16754099388282445,0.16984314798421274,0.16571105418733784,0.1625340018222251,0.15707400000000002,0.15053260676193506,0.14398382028580517,0.13951660676193506,0.134182,0.12819342878743,0.12176228636229,0.11815717018204984,0.11557887183000462,0.1128782382307255
08-01-2026 10:30,26034.2,0.13043,0.123304,0.117414,0.112238,0.10707,0.103038,0.0993,0.0961273382330416,0.0931000146991248,0.0922233382330416,0.090916,0.09763349645465214,0.12180857915142364,0.13910948901473352,0.16670325938050634,0.1726874607365623,0.1674472126166477,0.16340373753888257,0.157044,0.15032616797528844,0.14210937857250272,0.13757079191520072,0.1340668746466374,0.129266,0.12372,0.118448,0.11330599999999999,0.10783
08-01-2026 10:35,26040.5,0.11556,0.11606200000000001,0.11002600000000001,0.103616,0.09985800000000002,0.09792012864905843,0.09518238594717532,0.09223812864905845,0.090656,0.08927,0.08808369901793701,0.08703709705381106,0.09540963853697594,0.13310381855711678,0.16964393951903894,0.1737124723444275,0.16781941703328243,0.16328366637436262,0.15579358208980543,0.15109119402993515,0.14628000000000002,0.140714,0.134862,0.129376,0.124232,0.11913399999999999,0.114192,0.10882
08-01-2026 10:40,26027.15,0.12731,0.126008,0.11824430122221544,0.10853290366664631,0.10657630122221542,0.104354,0.09873112780619359,0.09403338341858075,0.0927251604747337,0.09051209800562035,0.08944328932830456,0.08747011783699435,0.08607230023286751,0.10475434785770102,0.159568,0.17274247143331492,0.16612341429994476,0.16160847143331492,0.1561063943649494,0.14912318309484826,0.14432839436494943,0.139572,0.134218,0.128642,0.123298,0.11743229642036557,0.11182288926109668,0.10803
08-01-2026 10:45,26033.1,0.1200420547334744,0.11989315872385972,0.11514958259238828,0.1082438883377938,0.10405366501338141,0.1009978883377938,0.09669,0.093662,0.09210600000000001,0.090512,0.089034,0.09675386539134387,0.1232265396263773,0.14151269574838085,0.1676229659109813,0.17150206737590692,0.16782002245863564,0.16262002084801516,0.15542206254404548,0.15037802084801516,0.144702,0.139738,0.134158,0.128638,0.123834,0.118902,0.11383399999999999,0.10838
08-01-2026 10:50,26029.85,0.11819,0.12052000000000002,0.10950308715013066,0.10236926145039192,0.09914308715013063,0.09804389275813763,0.09505167827441285,0.09316789275813762,0.09193892154443327,0.09044076463329978,0.08913492154443327,0.08767000000000001,0.09574510841356017,0.13221532524068053,0.16738537357347463,0.17111279547974342,0.16734226515991446,0.162614,0.15667,0.15109599999999998,0.145512,0.140046,0.134534,0.129278,0.12399000000000002,0.11866,0.11378999999999999,0.10857
08-01-2026 10:55,26018.95,0.12741,0.12642649403278602,0.11136948209835806,0.10499842734986564,0.10085179995123886,0.09989393331707962,0.09667400000000001,0.093762,0.092896,0.091456,0.089728,0.08826399999999998,0.08697,0.104648,0.15866,0.1721147861500515,0.16582435845015442,0.16139478615005148,0.15594800000000003,0.150364,0.144826,0.13961,0.13323928824762513,0.1251612440602748,0.12079342619982344,0.11754737931739945,0.11403170159623319,0.111088507981166
08-01-2026 11:00,26016.4,0.12889,0.11865999999999999,0.11099200000000001,0.10832800000000001,0.10306799999999999,0.101276,0.098084,0.09505600000000002,0.09350800000000001,0.09157821597273402,0.08959864791820206,0.08857021597273401,0.09514575038877393,0.12607347316753584,0.16057753605731623,0.16799459379174897,0.16478415805240398,0.16137301279583463,0.15597299554518151,0.14854298663554455,0.14388899554518153,0.13908729010978654,0.1328538703293596,0.12863129010978655,0.12433200000000001,0.1197089285867359,0.1164258060291715,0.113755101344819
08-01-2026 11:05,26011.95,0.13223,0.12662375615074203,0.11598126845222612,0.11143175615074205,0.10767800000000002,0.102178,0.09886600000000001,0.0963316770216399,0.09376903106491971,0.09192424535819596,0.089575788638229,0.08846681922223852,0.08797408362856082,0.10528905099920284,0.15895715299760851,0.17456305099920286,0.16826400000000002,0.16120192440780987,0.15471777322342958,0.1492173166741887,0.14303817679913647,0.13909939226637882,0.13473800000000002,0.1287987827856277,0.1227723483568831,0.1185647827856277,0.113908,0.1088
08-01-2026 11:10,26009.35,0.1353514105336246,0.12838828210672493,0.116104,0.10857431435219109,0.10384694305657324,0.10057631435219108,0.09794483150813368,0.09451682839104121,0.09266183310805416,0.09130033386664016,0.089936,0.088678,0.087594,0.10542199999999999,0.159918,0.17313825078343817,0.16618675235031447,0.16062688409357181,0.15479189993040093,0.14931413559943718,0.14360450686791063,0.13869467052743548,0.13164724933478947,0.12770040209931288,0.12479174462039365,0.1201,0.11504,0.10994
08-01-2026 11:15,26005.55,0.1341936653462261,0.12190673306924522,0.11009200000000001,0.104994,0.10089599999999999,0.09797600000000001,0.095108,0.093938,0.092934,0.09120621976411358,0.08972265929234075,0.08882001571475827,0.08782338785193404,0.10589379595064467,0.160842,0.17543599999999998,0.16920553313074665,0.1600791249496305,0.15556110980291843,0.1520265255573906,0.146846,0.141216,0.135968,0.13119,0.12574021241688116,0.11974463725064342,0.11552821241688115,0.11087
08-01-2026 11:20,25984.4,0.14374,0.132286,0.11439,0.104442,0.09996495116095473,0.09807285348286422,0.09572895116095474,0.09367800000000001,0.092516,0.091592,0.09060399999999999,0.09875130988653207,0.125512040751245,0.14320164316147835,0.1694241110916488,0.17506,0.170318,0.165088,0.15911859719585159,0.15272779158755473,0.14830459719585157,0.143042,0.137998,0.132638,0.127144,0.121998,0.11698,0.11194
08-01-2026 11:25,25968.0,0.13393,0.13682872714756505,0.12215418144269517,0.11462872714756506,0.10900399999999999,0.10525,0.102484,0.09995799999999999,0.097956,0.09542132960358135,0.09299798881074409,0.09224532960358137,0.091292,0.10761219673034748,0.15835459019104245,0.17317019673034748,0.16929,0.164544,0.15842886545063636,0.14966217634031342,0.14477360541584938,0.14108157998840432,0.13595025336847644,0.12966276010542938,0.12506825336847646,0.12024800000000001,0.115178,0.10994
08-01-2026 11:30,25968.05,0.1396374563777634,0.13776844486648138,0.12160532294081043,0.11502234009500156,0.11044246216802428,0.1059563152404559,0.1023569457213677,0.09930984792993966,0.0972470104259992,0.09567476976212752,0.09392841235754792,0.09243799999999999,0.091304,0.10792991523375448,0.15906974570126345,0.17424391523375451,0.16900348267531567,0.16029964413962072,0.15597907101633657,0.15251319611367362,0.147208,0.14163,0.13550800000000002,0.130582,0.12584199999999998,0.120782,0.11585599999999999,0.11084
08-01-2026 11:35,25971.65,0.1302127331278829,0.12325778769815535,0.12043174702419293,0.11792000000000001,0.11299200000000001,0.10851000000000001,0.104426,0.10105800000000001,0.09859000000000001,0.09648999999999999,0.094634,0.092894,0.09985706775847106,0.1330811293956974,0.16768684611932377,0.17440192612028424,0.16929151544778492,0.1619505463433547,0.15740951544778492,0.15101871394202065,0.14263657582863382,0.13830201594973623,0.1342501105362058,0.12850102960090187,0.12403043756217821,0.11855628308563278,0.11390076102854425,0.10886
08-01-2026 11:40,25983.85,0.13538,0.115786,0.1118,0.1095347252699312,0.1056961758097936,0.10185873037414327,0.09866401531263617,0.09649200510421205,0.094998,0.093218,0.091752,0.09052199999999999,0.08953000000000001,0.10716600000000001,0.160544,0.17547400000000002,0.16931104049636161,0.15996943223768723,0.1554899727421687,0.15177352429470903,0.14541164063832004,0.14073121354610668,0.135604,0.130358,0.12513182891528352,0.1191874867458505,0.11476382891528351,0.10985
08-01-2026 11:45,25973.8,0.12243,0.121276,0.11249900855332436,0.10954302565997308,0.10662500855332435,0.101032,0.09729236545317745,0.09580509635953233,0.09425092898577174,0.0927916905977829,0.09133656353259431,0.09016600000000001,0.089432,0.10707,0.16017599999999999,0.17518,0.16991799999999999,0.16313078058060326,0.15641634174180977,0.15196678058060326,0.146918,0.141288,0.13575399999999999,0.130466,0.12556,0.12053799999999998,0.11558399999999999,0.11036
08-01-2026 11:50,25958.25,0.13347,0.12312000000000001,0.11946399999999999,0.115042,0.10858704081082307,0.10076099642728711,0.09770066279527666,0.09846987399481785,0.097596,0.095562,0.093838,0.09239,0.09945818916465271,0.1326760013521255,0.1674524907391548,0.17404743385816737,0.169482,0.164302,0.15803999999999999,0.151616,0.14589400000000002,0.140424,0.134776,0.129394,0.12444000000000001,0.119396,0.11446999999999999,0.1092
08-01-2026 11:55,25958.05,0.12189,0.11236401195356714,0.10780803586070142,0.10417568949561859,0.10027703262615438,0.09701535475902773,0.09421103165092884,0.09319967721697628,0.09255200000000001,0.09146000000000001,0.09042800000000001,0.089444,0.08879000000000001,0.107138,0.160904,0.174844,0.170152,0.16389042830866862,0.15637328492600586,0.15201042830866862,0.14705200000000002,0.141792,0.13569898538579844,0.12912495615739525,0.12569498538579843,0.12141400000000001,0.11723448307882212,0.1141924153941105
08-01-2026 12:00,25936.15,0.12217,0.11538,0.10961867040850357,0.10677401122551068,0.10313667040850355,0.100132,0.097454,0.095836,0.09492,0.09381800000000001,0.09278696118163944,0.09207088354491831,0.09116296118163944,0.108962,0.161792,0.175622,0.17055199999999998,0.164328,0.15672200000000003,0.150866,0.14588179294829806,0.1405333788448941,0.13598055264113668,0.12977827907851597,0.12654475969283865,0.12178121396728273,0.11575164190184817,0.1128
08-01-2026 12:05,25896.7,0.1448,0.13123832858363904,0.12815810952787968,0.12407599999999999,0.11813,0.11227036197957097,0.10571050927230342,0.10369263198034258,0.10405142333359055,0.10257000000000001,0.100604,0.09853639026647117,0.09649517079941347,0.11321439026647118,0.16235799999999997,0.17469339722508662,0.16877019167525986,0.16307981725338414,0.15413126008489256,0.1480724200282975,0.14328417869931437,0.1376685360979431,0.13314017869931438,0.128786,0.12417096663209856,0.1185248998962957,0.11419496663209855,0.10966
08-01-2026 12:10,25920.3,0.1311,0.127178,0.12308200000000001,0.11847200000000001,0.113414,0.109276,0.105874,0.10334199999999999,0.101364,0.099326,0.097616,0.09611600000000001,0.095138,0.111906,0.162676,0.17523588530907575,0.16889965592722722,0.16419788530907575,0.158286,0.15054171660247692,0.14409514980743077,0.1404317166024769,0.13536,0.129684,0.12528999999999998,0.12046399999999999,0.11527,0.10996
08-01-2026 12:15,25935.5,0.126111534878021,0.1218120062481624,0.11560260559615543,0.11154622260800072,0.10807238477482116,0.10426663098902089,0.1014948769963403,0.09953,0.09781999999999999,0.096334,0.094972,0.09393000000000001,0.093084,0.11079800000000001,0.164014,0.177966,0.17196315830056852,0.1645414749017055,0.1598191583005685,0.1542348987393897,0.14745669621816906,0.1432188987393897,0.137896,0.132186,0.127694,0.12279000000000001,0.117802,0.11288
08-01-2026 12:20,25923.15,0.13462,0.12903599999999998,0.121938,0.11667999999999999,0.112382,0.10751811881704758,0.10325435645114275,0.10152211881704758,0.099856,0.09806400000000001,0.09647597739109592,0.09492993217328777,0.09428797739109593,0.112626,0.16664400000000001,0.17968,0.174354,0.168636,0.162292,0.15524600000000002,0.150552,0.145142,0.138964,0.13268122499545335,0.12687767498636002,0.12310722499545335,0.11872,0.11375
08-01-2026 12:25,25934.95,0.12705,0.12251999999999999,0.117158,0.115256,0.1106374145175672,0.10639024355270159,0.1037114145175672,0.1014947983779864,0.0996683951339592,0.0977327983779864,0.096214,0.09476,0.093684,0.11217000000000002,0.16694799999999999,0.180168,0.17386767169963002,0.1673210150988901,0.16252967169963004,0.15756575219239954,0.14970125657719863,0.14427975219239955,0.13863799999999998,0.132994,0.12788392278050287,0.12218376834150857,0.11778592278050284,0.11335
08-01-2026 12:30,25935.9,0.12309,0.12230400000000001,0.118146,0.110346,0.10557297779191789,0.1029529333757537,0.09938097779191792,0.09803778255248383,0.09782534765745152,0.09537178255248382,0.09359200000000001,0.09252600000000001,0.09185,0.110486,0.165624,0.180064,0.175284,0.16883552139823416,0.15885816204002337,0.15425631493419678,0.15070959784532087,0.145982,0.140162,0.134468,0.12978800000000001,0.124848,0.12014502744880198,0.1162851372440099
08-01-2026 12:35,25914.7,0.13927,0.13280330523805672,0.12234828460592666,0.11613041191332638,0.11464836889175656,0.10988522968466662,0.10457368905399986,0.10376122968466661,0.10160830878020537,0.09752549398985905,0.09590001172793423,0.09600256764924296,0.095302,0.112954,0.16606200000000002,0.180404,0.173852,0.167374,0.161566,0.156316,0.15094400000000002,0.144342,0.13770200000000002,0.13180192400448673,0.12650577201346014,0.12167091910317525,0.1165709852960656,0.11202
08-01-2026 12:40,25920.75,0.1368403965282309,0.13118607930564619,0.124564,0.118206,0.114108,0.110458,0.106754,0.10346108261952763,0.10040524785858285,0.09888108261952762,0.09725,0.0957,0.094568,0.112338,0.165226,0.17855000000000001,0.17247627454649006,0.1653648236394701,0.16119027454649004,0.15667450789074142,0.14931952367222426,0.14373650789074144,0.13772800000000002,0.13152073544556958,0.12629220633670876,0.12162083648599253,0.11629830312126882,0.11197
08-01-2026 12:45,25921.8,0.13509,0.12482575729238768,0.11730791909746256,0.113036,0.10963799999999999,0.10660400596690171,0.10454201790070516,0.10199600596690171,0.099854,0.09803176603507652,0.09616995995351382,0.0944537515799293,0.09392266184828425,0.112094,0.165196,0.178692,0.173704,0.16772600000000001,0.162216,0.15689727073078336,0.1496758121923501,0.14373114937282705,0.13650963592613102,0.13205787864204366,0.128174,0.12267965646194584,0.11655896938583751,0.11301
08-01-2026 12:50,25913.2,0.1312,0.13055,0.120308,0.11750676419515266,0.11267629258545797,0.10998076419515265,0.107066,0.10431,0.10185,0.099836,0.0978481270407619,0.09537393265187277,0.09459678162952313,0.11220591370281122,0.16331508651967236,0.1777643621732241,0.173706,0.167582,0.162268,0.15684,0.150722,0.14414400000000002,0.137662,0.131798,0.1265895918597284,0.1207287755791852,0.1164575918597284,0.11152
08-01-2026 12:55,25910.65,0.1328,0.131918,0.120758,0.11631999999999999,0.11247599999999999,0.10801,0.104936,0.102868,0.10098804395920696,0.09938013187762088,0.09754004395920697,0.09609,0.095,0.11272000000000001,0.165694,0.179286,0.17457999999999999,0.16696405043068988,0.1558157989210023,0.14994800002757153,0.14670266775918384,0.14306500671008374,0.13741599999999998,0.13167399999999999,0.12691,0.121822,0.11680199999999999,0.1113
08-01-2026 13:00,25905.65,0.13583,0.13510037810582495,0.1258571343174749,0.12124637810582495,0.11384000000000001,0.1103926531045756,0.1067519593137268,0.1061866531045756,0.104738,0.10244,0.10032,0.09846,0.09695999999999999,0.11402800000000002,0.16582200000000002,0.178756,0.17382200000000003,0.16786770193030728,0.1609671057909219,0.15579970193030732,0.14823867122225365,0.1376431473642764,0.1320191747512449,0.12923044100684988,0.1260731024364448,0.12215371266518335,0.11944479632645377,0.1168982916545187
08-01-2026 13:05,25924.95,0.12353,0.12646600000000002,0.121796,0.11611199999999999,0.10999867386282822,0.10646487792308085,0.10287724286661681,0.10143107635015765,0.09931320049479996,0.09764219170816542,0.09698187087680381,0.0955471885000069,0.09394227938391657,0.11118998287473422,0.16416794862420267,0.1793639828747342,0.17485399999999998,0.16886600000000002,0.163236,0.157698,0.15156999999999998,0.14422978557027824,0.13610735671083474,0.13175178557027822,0.12756599999999998,0.12232,0.11726600000000001,0.11212
08-01-2026 13:10,25922.25,0.13656,0.12708962836313478,0.12103288508940435,0.11762762836313478,0.11093717422486278,0.10621365407190701,0.10344956841681882,0.10294213139731867,0.10074714613064073,0.09794112988808744,0.09698022061913655,0.09570369149616528,0.094374,0.11238400000000001,0.166614,0.17979,0.17356686936329102,0.16708460808987305,0.16195486936329104,0.15604600000000002,0.149902,0.143882,0.13730000000000003,0.131378,0.12621647756086488,0.12013543268259465,0.11562047756086488,0.11058
08-01-2026 13:15,25921.8,0.13686,0.12737,0.12026200000000001,0.11472399999999999,0.11005599999999999,0.106394,0.10322762047888004,0.10077886143664011,0.09877962047888003,0.09723400000000001,0.09578088398799964,0.09431865196399891,0.09318088398799965,0.11157800000000001,0.16641199999999998,0.17997,0.17493000000000003,0.169756,0.1628189062142942,0.15576271864288255,0.1513989062142942,0.145012,0.138094,0.132092,0.127392,0.121722798438628,0.11547239531588405,0.11163
08-01-2026 13:20,25914.55,0.14112,0.12287968961586448,0.11906379221683265,0.11563821087932918,0.11002200000000001,0.106602,0.104234,0.101504,0.099272,0.0971876992534681,0.09486309776040429,0.09437169925346811,0.09370600000000001,0.11136187238515649,0.16427161715546945,0.1784610029234757,0.17304339161495766,0.16830713053831922,0.16298,0.15664653734234169,0.14980161202702505,0.14417653734234168,0.13802599999999998,0.132032,0.127174,0.1216761676814333,0.1159545030442999,0.11148
08-01-2026 13:25,25911.75,0.14273,0.12190981950154679,0.11602535499819465,0.11183150898220957,0.10545589649355426,0.10180800000000001,0.09991536159271856,0.0990238724721356,0.09789002442416253,0.09608568694249275,0.09443929974950428,0.093136,0.09237200000000001,0.11116999999999999,0.166002,0.17932599999999999,0.175386,0.170358,0.163726,0.157298,0.151878,0.14477509069936276,0.1365812720980883,0.13244109069936277,0.12791774336227701,0.12141123008683107,0.11784174336227703,0.1133
08-01-2026 13:30,25888.65,0.15494,0.13173200000000002,0.125818,0.11971722111999433,0.10935320876883685,0.10614585734655596,0.10696954540885388,0.10538199999999999,0.10233735069687419,0.09932205209062259,0.09859135069687419,0.097262,0.104596453916338,0.139377361749014,0.174440453916338,0.17890799999999998,0.17319999999999997,0.16655399999999998,0.15993150160099354,0.15156300718818422,0.14630300875660443,0.14183650238520365,0.135882,0.129904,0.12509399999999998,0.119968,0.11472399999999999,0.10939
08-01-2026 13:35,25907.5,0.13114,0.11874799999999999,0.11738399999999999,0.115532,0.11043800000000001,0.10724,0.10474399999999999,0.102274,0.099844,0.09799,0.096644,0.09521200000000002,0.094112,0.11238999999999999,0.166194,0.177962,0.173142,0.16752599999999998,0.162026,0.156674,0.14948,0.14066585259130238,0.12845042271374457,0.12239788381161494,0.11972805442812354,0.11762007725845486,0.1149508802858848,0.11024
08-01-2026 13:40,25901.95,0.132,0.11858129077058391,0.1189444302568613,0.11652030488663322,0.11000621878519262,0.10723221726251209,0.10520330412529295,0.10283370636253511,0.09999311908760536,0.09834615607798916,0.09588767165292843,0.09462141723515301,0.09440032250656633,0.11274,0.166004,0.17762199999999997,0.1724690299143623,0.16603108974308692,0.1608430299143623,0.15482,0.14858,0.142598,0.136254,0.12917882560333235,0.12127721768664357,0.11738504823327196,0.11451474087664654,0.10991
08-01-2026 13:45,25914.15,0.12419,0.115702,0.119336,0.11686607681092263,0.11029769389035815,0.10772046718369337,0.10559746345759023,0.10321799999999999,0.10094,0.098884,0.097352,0.09560799999999998,0.094164,0.11186199999999999,0.16471400000000003,0.177458,0.17280199999999998,0.16750400000000001,0.161274,0.155248,0.148644,0.14124943323512576,0.13238595988327262,0.12764441376881183,0.12448766017789537,0.119672,0.11507845617671196,0.1120022808835598
08-01-2026 13:50,25911.55,0.12595,0.12638200000000002,0.1223382167390103,0.11554265021703089,0.1117342167390103,0.109428,0.106588,0.10387000000000002,0.10145399999999999,0.099214,0.097364,0.095552,0.09411800000000001,0.11177000000000001,0.164606,0.177274,0.172172,0.166922,0.16101000000000001,0.15494400000000003,0.148016,0.14114347439758523,0.13371242319275567,0.12890947439758524,0.124562,0.119188,0.11410800000000001,0.10917
08-01-2026 13:55,25926.6,0.1218569257552512,0.12374138515105022,0.117904,0.114444,0.11065052416468169,0.10569357249404504,0.10268252416468167,0.100996,0.09908800000000001,0.097082,0.09538400000000001,0.09376200000000001,0.092496,0.110348,0.164134,0.177996,0.172952,0.16653369397374898,0.15998708192124694,0.15526969397374898,0.14839799999999997,0.14126827836125205,0.13385083508375617,0.12912227836125206,0.12470200000000001,0.1189052667363904,0.1128078002091712,0.10919
08-01-2026 14:00,25936.35,0.107,0.11413882957481923,0.11210346648497478,0.10946344623501314,0.106028,0.10396999999999999,0.10026544937826116,0.09572522148588836,0.09430154232116214,0.09326295602786641,0.09285948208129813,0.09218871551111535,0.09131501716770427,0.10845379608950506,0.16058640221200793,0.17585883791998327,0.17279901394349273,0.16753800000000002,0.161918,0.156348,0.149016,0.142634,0.136258,0.130394,0.125422,0.120284,0.11522,0.11019
08-01-2026 14:05,25930.35,0.11223,0.11685581416166423,0.11385393805388808,0.108296,0.10398,0.10226600000000001,0.099804,0.09796176983825206,0.09664330951475612,0.09477334390069819,0.09323961527158216,0.0920382533151772,0.10028784692547864,0.13755486152370489,0.17295069182758055,0.17639521395903676,0.17224373798634557,0.167152,0.16115799999999997,0.154526,0.14778890711009704,0.14063072133029111,0.13560490711009704,0.130344,0.125386,0.12011000000000001,0.11525200000000001,0.11007
08-01-2026 14:10,25918.0,0.1198275524193125,0.12121084838655284,0.12001177930089679,0.11821200000000001,0.11380846391862805,0.10789939175588412,0.10517246391862804,0.102982,0.10038399999999999,0.097994,0.09622599999999999,0.09445400000000001,0.09306400000000001,0.110402,0.163052,0.177134,0.17218999999999998,0.166362,0.160288,0.153644,0.1476,0.14186600000000002,0.135522,0.12908831456210978,0.12288694368632928,0.11841146951975501,0.11322946487293573,0.10909
08-01-2026 14:15,25928.1,0.1244412922316317,0.12077625844632633,0.11714200000000001,0.11751462214262894,0.11266386642788682,0.10870062214262895,0.104814,0.101682,0.09903928721393028,0.09635586164179083,0.09484528721393029,0.09342572619872111,0.09227117859616331,0.10904509655700721,0.16121211107485836,0.17690537035828613,0.17221400000000003,0.16514711329139348,0.15563775191399484,0.15055834941083668,0.14696041203981441,0.141624,0.135158,0.129074,0.123848,0.11834391860752387,0.11269175582257158,0.10785
08-01-2026 14:20,25935.4,0.13496,0.1222,0.120134,0.11276,0.10729539484149438,0.10161818452448315,0.09869739484149437,0.096696,0.09501400000000002,0.09344000000000001,0.091898,0.09059666264488958,0.08999598793466874,0.10764266264488959,0.16142600000000001,0.175648,0.17065200000000003,0.164408,0.159586,0.154188,0.1468717712344136,0.13944131370324087,0.13429377123441363,0.12908,0.12391400000000001,0.11831222295364055,0.11294266886092162,0.10851
08-01-2026 14:25,25922.75,0.1334465260803281,0.12766530521606562,0.124806,0.11265974348744884,0.10732723046234652,0.10237374348744883,0.09955948224329787,0.09832379618155004,0.09679153059826708,0.0943333494516564,0.092462,0.09101000000000001,0.08988,0.10813999999999999,0.162832,0.176352,0.17149,0.16569,0.160322,0.154816,0.148494,0.1415350396583164,0.1335031189749492,0.12843273913285133,0.12265109842360476,0.11889969947453492,0.11469,0.10948
08-01-2026 14:30,25906.05,0.13827,0.135544,0.135026,0.128564,0.12191199999999999,0.11580199999999999,0.11080799999999999,0.107182,0.10409,0.10023984751173665,0.09609954253520991,0.10345957142690544,0.127091454591306,0.14398057245256754,0.17028428284579958,0.175566,0.17047400000000001,0.164522,0.158898,0.15249,0.14581623887607714,0.1388007166282314,0.13331623887607713,0.127722,0.122528,0.11722800000000001,0.111908,0.10621
08-01-2026 14:35,25930.65,0.12256,0.121992,0.123276,0.116964,0.11115599999999999,0.107724,0.10312400000000001,0.09951600000000001,0.09742081786076137,0.09583645358228407,0.09350081786076135,0.09144,0.090006,0.107798,0.16199,0.17679599999999998,0.17130199999999998,0.16496185943528563,0.1579875783058569,0.15357185943528565,0.14773399999999998,0.141504,0.134996,0.1283900893534539,0.1220202680603617,0.1179940893534539,0.11388434735000266,0.1100517367500133
08-01-2026 14:40,25928.05,0.12441,0.11328690721192727,0.11205457536176752,0.1102356405316739,0.10827487168476266,0.10541400000000001,0.10165400000000001,0.099304,0.09733,0.09467674393185602,0.0919706562067717,0.09050001716546711,0.0900144244112037,0.108074,0.16207,0.176718,0.17124799999999998,0.16472799447885106,0.15731198343655317,0.15261999447885108,0.147072,0.14044562448697878,0.13279087346093632,0.12810362448697876,0.123596,0.11783349492343412,0.11208648477030235,0.10801
08-01-2026 14:45,25926.4,0.12557,0.11788550853527316,0.11748316951175773,0.11483,0.10953264852624692,0.10345194557874075,0.10122264852624692,0.099154,0.09681600000000001,0.094824,0.093234,0.09160599999999999,0.090344,0.10841800000000001,0.163024,0.17622645533635892,0.1685213660090767,0.1632704553363589,0.158548,0.15273799999999998,0.146638,0.14067400000000002,0.13371307933668708,0.1267792380100613,0.1223970793366871,0.11728227127362027,0.11153481382086083,0.10713
08-01-2026 14:50,25932.65,0.12118,0.11827773772987994,0.11364014168856647,0.10923452322665987,0.10371692849892665,0.099314,0.09659999999999999,0.09523421843442285,0.09400865530326859,0.09221177019526218,0.09104865528251797,0.08940555176083932,0.08826400000000001,0.106576,0.161066,0.17534,0.17033874661105117,0.16359223983315355,0.15826707585830702,0.1514689877417676,0.14670232924725585,0.141442,0.13498600000000002,0.12889,0.12384800000000001,0.118694,0.11414149462865829,0.1104874731432915
08-01-2026 14:55,25918.9,0.13056,0.12576800000000002,0.11765200000000002,0.11070600000000001,0.106318,0.103064,0.10002200000000001,0.09765800000000001,0.095576,0.093684,0.09195043232458487,0.08996929697375458,0.08936243232458486,0.10766,0.161602,0.174734,0.17021400000000003,0.16536800000000001,0.158922,0.152646,0.146542,0.140472,0.13421000000000002,0.1282,0.122964,0.117576,0.112708,0.10728
08-01-2026 15:00,25894.05,0.1276992949579871,0.11816585899159741,0.106964,0.10203559098101234,0.10139149338447008,0.09922175230531152,0.09483472044143305,0.092404,0.091106,0.08999,0.08936770099126487,0.08950967467012463,0.08922741608025503,0.10674057169633006,0.15948002446739856,0.16944298639073208,0.16507876343300765,0.16198091298853637,0.15711000000000003,0.150942,0.145104,0.13906800000000002,0.13305,0.127214,0.12190120580866652,0.11590761742599956,0.11270242027879007,0.1097260723506178
08-01-2026 15:05,25867.85,0.13369,0.127842,0.12263199999999999,0.11576,0.110294,0.10648,0.103152,0.09941131997739566,0.09425127723061859,0.09196363221995038,0.0922263983402112,0.09285036034725985,0.092264,0.1089,0.158688,0.171122,0.16624200000000003,0.16034600000000002,0.154276,0.14833887116276148,0.14130861348828444,0.13611087116276147,0.13054,0.12413678082328872,0.11711071438652733,0.1129498965732722,0.10971437191666117,0.10543
08-01-2026 15:10,25878.85,0.12899,0.12171000000000001,0.115848,0.11217,0.10768666814517139,0.10328400443551419,0.10071866814517141,0.09858,0.09631122683783297,0.09417568051349894,0.09322681705814878,0.09217677066094741,0.1001487738493711,0.1349315508871659,0.1681471836290553,0.1716727502696478,0.16510225080894336,0.15981010325812153,0.15280005896542131,0.14839535298847376,0.143126,0.13647497624057855,0.1290909287217356,0.12488097624057853,0.120796,0.115756,0.11120294235663178,0.1081747117831589
08-01-2026 15:15,25875.3,0.13029,0.120914,0.11415814617549566,0.10863443852648699,0.10583814617549567,0.103018,0.100298,0.097854,0.09629068924794726,0.09534206774384178,0.09306468924794727,0.091422,0.09037799999999999,0.107492,0.15822,0.171024,0.16655,0.16076200000000002,0.15458400000000003,0.148284,0.14282,0.137046,0.130908,0.12465874950191125,0.11907024850573378,0.11519074950191127,0.11127435892627521,0.108531794631376
08-01-2026 15:20,25877.45,0.13005,0.12304200000000001,0.114396,0.1071916143828296,0.10117084314848879,0.1000576143828296,0.09830599999999999,0.09618,0.09544966515851772,0.09569099547555317,0.09229366515851771,0.09886230914358084,0.12381847261241838,0.14121094468860843,0.16689754518167585,0.17108446093287244,0.16580338279861734,0.16180046093287243,0.15587600000000001,0.149314,0.14238778845077138,0.13521936535231407,0.13036378845077137,0.12496989603763677,0.11947968811291028,0.11507667181117845,0.10979232732062505,0.10639
08-01-2026 15:25,25872.2,0.12803,0.11728,0.110538,0.10510000000000001,0.100774,0.097629235097478,0.093587705292434,0.093145235097478,0.09424411519928755,0.09538234559786268,0.09196611519928756,0.08965200000000001,0.088732,0.10615096105742056,0.1578428831722617,0.17314696105742056,0.16686797715166463,0.1584639314549939,0.15240341021193615,0.1486222991808145,0.1450434330602715,0.13781399183911286,0.1296219755173386,0.12516799183911287,0.12181600000000001,0.11707,0.11272949626587928,0.1090974813293964
09-01-2026 09:15,25899.85,0.14298,0.12671949867734167,0.11151934743267705,0.10730205287929769,0.11267285140065199,0.10878918291785053,0.09904354875355163,0.10076118291785055,0.100468,0.097858,0.09500155013231436,0.09113265039694307,0.09183755013231436,0.10930799999999999,0.15901400000000002,0.173178,0.16821200000000003,0.162018,0.156198,0.150531655444889,0.14420896633466698,0.13902765544488901,0.13335000000000002,0.12729600000000002,0.12230999999999999,0.11688370618705139,0.1111191185611542,0.10734
09-01-2026 09:20,25916.2,0.13305,0.1136012480276297,0.09761641600920991,0.091172,0.08896599999999999,0.088068,0.087254,0.086652,0.08577,0.085114,0.08476800000000001,0.08444199999999999,0.08433199999999999,0.10354,0.1589,0.174508,0.16811560430348407,0.15847879308338475,0.1540175448222818,0.15114798017293257,0.146354,0.140708,0.134934,0.12866936348810176,0.12235609046430529,0.1186273775496988,0.11369804218479113,0.11126
09-01-2026 09:25,25858.55,0.13567,0.12452493882015983,0.11098881646047945,0.10977493882015983,0.10831400000000001,0.10499800000000001,0.10083799999999998,0.097936,0.09445737238771913,0.08966011716315736,0.09116537238771913,0.091036,0.09022599999999999,0.107738,0.15826,0.170788,0.1653371022182865,0.15847330665485954,0.15391110221828652,0.1489,0.1435,0.13719800000000001,0.13117,0.125956,0.121376,0.11626756490534415,0.11092869471603242,0.10728
09-01-2026 09:30,25855.3,0.11631,0.11443592370643475,0.11119707674656983,0.10871066331665935,0.105186,0.102022,0.099498,0.096652,0.0937328842039088,0.0903186526117264,0.09109488420390881,0.09114185905649097,0.09068957716947293,0.10760585905649098,0.158102,0.17128,0.165994,0.159698,0.1538451445935485,0.1467154337806455,0.1410569763020245,0.13283347087764918,0.12825375896513955,0.12549797575222119,0.121528,0.116804,0.11237200000000001,0.10776
09-01-2026 09:35,25832.05,0.13099,0.130082,0.126012,0.117526,0.110812,0.10683,0.103552,0.1008222685375232,0.0986128056125696,0.09638976101932824,0.09536647744541513,0.09367349248180504,0.092482,0.10919400000000001,0.157438,0.16951200000000002,0.164552,0.15854200000000002,0.15306,0.14737,0.141744,0.13575800000000002,0.129972,0.12395920671567941,0.11800162014703819,0.1144812067156794,0.110426,0.10589
09-01-2026 09:40,25822.35,0.14028,0.149482,0.1401455811557449,0.12567549169104308,0.11941843267615508,0.11809456877076407,0.11674651576910536,0.1102717267603603,0.1085919089201201,0.106658,0.10383,0.10117000000000001,0.09922600000000001,0.11394599999999999,0.157968,0.168688,0.163424,0.157252,0.15176800000000001,0.14626,0.13989400000000002,0.13311,0.126862,0.12119600000000001,0.116332,0.11115,0.106318,0.10141
09-01-2026 09:45,25853.6,0.12218,0.14016599999999999,0.14011,0.13010477441135898,0.121462323234077,0.116896774411359,0.1115735715433359,0.10636071463000771,0.1038215715433359,0.101222,0.098822,0.096872,0.095132,0.11091000000000001,0.158364,0.1694140610002653,0.16317018300079583,0.15899206100026528,0.15222457406603074,0.14277167405684893,0.13768842964230077,0.1343139518587567,0.1283664812850141,0.12132944385504224,0.11709303721019251,0.11113966777553526,0.10771255592517842,0.10386
09-01-2026 09:50,25857.2,0.14752,0.13630718539598263,0.12957172846532755,0.1246819133932302,0.1189617401796906,0.1144639133932302,0.11005,0.10556715049993146,0.10077649138746292,0.09815627016293708,0.09737503988766853,0.09568144722583868,0.09406434167751604,0.11066744722583868,0.159192,0.170606,0.16499732164925018,0.15845396494775055,0.15358932164925018,0.14776462451203104,0.1401058735360931,0.13423128904408935,0.12641329118536515,0.12152855729962891,0.11822758970762445,0.11291687635530277,0.10938429211843426,0.10532
09-01-2026 09:55,25884.0,0.1350401510987947,0.13123003021975893,0.127558,0.121132,0.11509600000000002,0.11057,0.106718,0.10294400000000001,0.09983800000000001,0.09727000000000001,0.09537,0.09357399999999999,0.092126,0.10865163389994398,0.15831090169983192,0.171911633899944,0.167012,0.16056399999999998,0.15455200000000002,0.149786,0.143592,0.13751999999999998,0.131546,0.12437293962721938,0.11584970113413104,0.11180337795699248,0.10953025696953568,0.10705
09-01-2026 10:00,25894.2,0.12583,0.113106,0.11043129163799417,0.1122478749139825,0.10569729163799416,0.10095,0.098476,0.09634,0.09454997112240203,0.09343391336720606,0.09183597112240202,0.09028800000000001,0.08930600000000001,0.10762,0.16044199999999997,0.173212,0.1674378056612894,0.1596194169838682,0.1543984340912174,0.147885885289784,0.14326062842992798,0.13835,0.132488,0.126878,0.122178,0.117138,0.112779403144684,0.10934701572342
09-01-2026 10:05,25862.35,0.14485,0.133542,0.133266,0.12611479926322247,0.11264439778966738,0.11108479926322246,0.10888799999999998,0.104966,0.10102061826638853,0.09702985479916562,0.09630061826638855,0.094892,0.093432,0.110116,0.159608,0.172364,0.16672399999999998,0.159962,0.15393600000000002,0.14817,0.14178985300017444,0.13513755900052332,0.13008785300017445,0.12453616853805827,0.11886650561417485,0.11438016853805827,0.11005999999999999,0.10536
09-01-2026 10:10,25871.6,0.13977,0.125414,0.11866200000000002,0.11124600000000001,0.106316,0.102652,0.09926800000000001,0.096512,0.094514,0.09301200000000001,0.0923135254157775,0.09237840309219761,0.0912790059503728,0.1080058268448651,0.160004,0.173164,0.167302,0.16087800000000002,0.15526199999999998,0.14871783617880382,0.1413175085364115,0.13684783617880383,0.13157600000000003,0.12595800000000001,0.12128000000000001,0.116334,0.11173600000000002,0.10716
09-01-2026 10:15,25866.2,0.13361,0.124206,0.118248,0.11354727575404469,0.1098358272621341,0.1049952757540447,0.10080800000000001,0.09745600000000001,0.09539,0.09364085361717508,0.09196812886538949,0.09151155765876787,0.09065956801386425,0.108066,0.159332,0.172578,0.16682,0.160468,0.154884,0.148956,0.142762,0.136968,0.131158,0.125678,0.120568,0.11549799999999999,0.11156114278386775,0.1088257139193388
09-01-2026 10:20,25855.2,0.1411070225784669,0.13761540451569337,0.132176,0.125664,0.11912774655050701,0.111661239651521,0.10633774655050701,0.102302,0.099342,0.097098,0.09532,0.09370200000000001,0.092682,0.10988200000000001,0.15939018121955087,0.16887920669156192,0.16410617031827895,0.1604466630329094,0.154508,0.14813400000000002,0.14178600000000002,0.135834,0.12984400000000001,0.123884,0.11899399999999999,0.114114,0.109302,0.10442
09-01-2026 10:25,25858.65,0.15299,0.142672,0.135198,0.12619697272059863,0.11533691816179592,0.11269097272059864,0.10961599999999999,0.10532599999999999,0.102098,0.09873466945146493,0.09506800835439483,0.09444466945146493,0.10197473038204494,0.13544019114613481,0.16942873038204492,0.17400600000000002,0.167848,0.16086820045262687,0.15325260135788066,0.14808020045262688,0.142004,0.136104,0.13020199999999998,0.12461,0.11968000000000001,0.11415747139012544,0.10859841417037631,0.10487
09-01-2026 10:30,25876.25,0.14372,0.127146,0.119264,0.108362,0.101938,0.098352,0.095674,0.09352400000000001,0.09185399999999999,0.09054000000000001,0.08953799999999999,0.08860000000000001,0.088008,0.10680200000000001,0.161162,0.175284,0.169362,0.163072,0.15539242817247356,0.1480532845174206,0.14358842817247355,0.13819,0.13219,0.12649000000000002,0.12105668236782027,0.11520804710346083,0.11196068236782028,0.10792
09-01-2026 10:35,25856.25,0.13386,0.122906,0.116244,0.113638,0.1102,0.10512400000000001,0.10138999999999998,0.098374,0.09627399999999998,0.094246,0.09254629610314001,0.09038688830942,0.09022429610313999,0.10853399999999999,0.160318,0.17315400000000003,0.16738999999999998,0.16088799999999998,0.15437175752612256,0.1472552725783677,0.14247775752612257,0.137046,0.131054,0.12478520347393418,0.11888161042180255,0.11489920347393419,0.110786,0.10594
09-01-2026 10:40,25848.5,0.13828,0.130436,0.12181516137719456,0.11454148413158369,0.11091716137719455,0.10705999999999999,0.10330600000000001,0.09957646201979906,0.0965305891627748,0.09506807132993192,0.09397920310337762,0.10109181954944982,0.12572513635758606,0.14273885267715963,0.16739767770923658,0.17119323864485375,0.16467971593456115,0.15995723864485373,0.154524,0.148306,0.141952,0.136104,0.1297852667989613,0.12309380039688385,0.1189932667989613,0.11399118290808855,0.10849354872426563,0.10499
09-01-2026 10:45,25856.0,0.1308539871393031,0.12488366355570661,0.11454826190488765,0.10875185669189498,0.10768166352134967,0.104558,0.100952,0.097658,0.095304,0.093402,0.0919965621274377,0.0906196863823131,0.08997256212743769,0.10805400000000001,0.159946,0.172238,0.16679,0.161042,0.154864,0.14793539770504113,0.14077219311512337,0.1360093977050411,0.130534,0.124702,0.11965,0.11422902812569485,0.10882108437708458,0.10507
09-01-2026 10:50,25857.85,0.12575,0.11946,0.110374,0.103854,0.10078000000000001,0.09767607344454433,0.0948991806108725,0.0933232510166157,0.09208785049829823,0.09029629674035292,0.08920199999999999,0.09785762603021525,0.12531599184162884,0.14363096728316443,0.16885511375098305,0.172474,0.1663003357837248,0.1591390073511744,0.1543243357837248,0.148758,0.143022,0.13704,0.130778,0.125226,0.12047599999999999,0.115646,0.111342,0.10663
09-01-2026 10:55,25829.65,0.12173,0.12808,0.11748800000000001,0.11116400000000001,0.106384,0.102124,0.099074,0.096608,0.094916,0.093336,0.09199045538710915,0.09034536616132748,0.09039645538710916,0.10760137522412924,0.15631212567238773,0.16983537522412923,0.16524,0.159194,0.152778,0.14663,0.140994,0.135316,0.12899490010946232,0.12250470032838696,0.11814686123043731,0.113123883362925,0.109459961120975,0.10509
09-01-2026 11:00,25812.95,0.1349181133858983,0.13616162267717966,0.121372,0.11138199999999998,0.10597519903227118,0.10098075119139065,0.09857466131600247,0.0967351540945771,0.09498000000000001,0.093476,0.092462,0.09154000000000001,0.09120800000000001,0.10821800000000001,0.156468,0.168916,0.163844,0.157702,0.150596,0.14427800000000002,0.13924799999999998,0.133816,0.127988,0.12240799999999999,0.11674986714649455,0.10965026435594413,0.1059618558958761,0.10372
09-01-2026 11:05,25810.2,0.13273,0.12451653772720071,0.11752036345701446,0.11063055264384265,0.10743206651169845,0.10299764689125272,0.10125388229708424,0.098876,0.09677400000000001,0.094854,0.093496,0.092324,0.09174600000000001,0.108464,0.156138,0.16804796947213818,0.1618639084164145,0.15759596947213814,0.15239,0.1440565117267955,0.13736153518038657,0.1328265117267955,0.12745199999999998,0.122258,0.11743200000000001,0.112456,0.10856837011635156,0.1059318505817578
09-01-2026 11:10,25819.45,0.122568277134494,0.1156936554268988,0.11044231310727738,0.10547893932183214,0.10165231310727739,0.0980546851771472,0.0961640555314416,0.0933986851771472,0.091362,0.090216,0.089732,0.089388,0.08932,0.10742399999999999,0.15729875154572687,0.1679522546371806,0.16358875154572688,0.158354,0.15239,0.147206,0.140942,0.134762,0.12839680989770472,0.12188842969311417,0.11803680989770474,0.11385600000000001,0.11009497465304964,0.1069648732652482
09-01-2026 11:15,25805.3,0.12636,0.118994,0.11354399999999999,0.1099,0.10488458490378136,0.09979375471134408,0.09827658490378136,0.096288,0.094358,0.092952,0.09220799999999998,0.09145810313704883,0.09115630941114646,0.10856010313704881,0.157236,0.16888199999999998,0.163574,0.15706264531983288,0.15015193595949863,0.14583464531983287,0.140168,0.13346101401866825,0.12659704205600478,0.12214301401866826,0.11771799999999999,0.1129,0.108472,0.10376
09-01-2026 11:20,25797.5,0.1263687780761253,0.12262375561522505,0.11628792058058438,0.11045776174175313,0.10560792058058438,0.102016,0.099512,0.09709999999999999,0.09536399999999999,0.093852,0.092642,0.091962,0.09178800000000001,0.108162,0.155264,0.169126,0.16353,0.157116,0.15124400000000002,0.145314,0.13914200000000002,0.13309,0.127216,0.121752,0.11688400000000002,0.112068,0.107594,0.10286
09-01-2026 11:25,25799.65,0.13192,0.12362200000000001,0.11786400000000002,0.11310487896175443,0.10740263688526328,0.10497287896175442,0.10232000000000001,0.09938200000000001,0.097092,0.095294,0.09432,0.093392,0.09297,0.109574,0.157068,0.16992800000000002,0.16415000000000002,0.15743600000000002,0.151574,0.14596599999999998,0.13952799999999999,0.13274240968514642,0.12541122905543925,0.12119040968514641,0.11695799999999999,0.112054,0.10804032505372645,0.1054416252686322
09-01-2026 11:30,25809.4,0.12855,0.12009043357904911,0.1141981445263497,0.10737,0.10435799999999999,0.099274,0.09553999999999999,0.09365199999999999,0.09217199999999999,0.0911540318752143,0.0912400956256429,0.09025803187521429,0.090118,0.10764199999999999,0.156272,0.1673672770730611,0.15941063824690097,0.15462769815621424,0.1512488070277177,0.146142,0.13892567047714363,0.12991375867838276,0.12500791221799937,0.12225674724695193,0.11704035393227581,0.10992961184673762,0.10637000408200646,0.10429
09-01-2026 11:35,25776.0,0.1187256861652635,0.11618916214866454,0.11244534163853728,0.108392,0.10355578163175742,0.0975727534701936,0.09496800735652144,0.09523940857492134,0.09445799999999999,0.093098,0.09242600000000001,0.091892,0.091846,0.108814,0.156162,0.168574,0.1627903821789934,0.1553131465369802,0.1506463821789934,0.145596,0.13937,0.13277527996618424,0.12575783989855271,0.12176727996618424,0.117858,0.113328,0.10912,0.10467
09-01-2026 11:40,25764.3,0.12402,0.11702860379436866,0.11250286793145621,0.108476,0.10442799999999999,0.09994368556159239,0.09641155699842838,0.0960771865025461,0.09490450031365125,0.093346,0.0927,0.092212,0.092238,0.10921800000000001,0.156278,0.16809400000000002,0.16304400000000002,0.156822,0.150062,0.14368799999999998,0.138682,0.132024275123611,0.12395204361516343,0.11986992985660215,0.11709121824433037,0.11256617678181959,0.10749853034545874,0.10434
09-01-2026 11:45,25759.6,0.1246,0.117952,0.112832,0.10808799999999999,0.10409399999999999,0.101228,0.09898428064136672,0.09658387599373504,0.09452938285027136,0.09378246030041595,0.09337827869234323,0.09291342623078108,0.10085949207709291,0.1336524762312787,0.1647634920770929,0.168152,0.162996,0.15764999999999998,0.15247600000000003,0.145138,0.13819199999999998,0.13266,0.12731599999999998,0.122196,0.11768400000000001,0.113204,0.109112,0.10483
09-01-2026 11:50,25748.85,0.1190243574854593,0.11538981794467329,0.11115408267087266,0.10758067643196646,0.10584724332812835,0.10341,0.10082,0.09810430662732418,0.09555691988197255,0.09482630662732419,0.094308,0.093754,0.1014908233674364,0.13351447010230916,0.16400482336743635,0.167568,0.16276200000000002,0.15662199999999998,0.150804,0.143758,0.13851,0.132878,0.12724,0.12193999999999999,0.11744399999999999,0.11260299282281137,0.10775697846843414,0.10442
09-01-2026 11:55,25747.75,0.12476,0.11983646304566782,0.11449938913700346,0.10960737222671946,0.10569672754315493,0.10282850455633298,0.09982278612584401,0.09773359537528134,0.09632399999999999,0.094996,0.09409059424753652,0.09365978274260957,0.09387859424753653,0.11069,0.157252,0.16932200000000003,0.164528,0.15701945491034752,0.14625080225081066,0.14031876746965183,0.13647862232107802,0.1309145544039297,0.1269701848013099,0.12246599999999999,0.11736868993164049,0.1116120697949215,0.10855268993164051,0.10487
09-01-2026 12:00,25743.15,0.13228,0.12356400000000001,0.119058,0.11496498467663376,0.10887095402990128,0.10595254138346638,0.10198067012049786,0.10015955670683262,0.09864400000000001,0.09695599999999999,0.0956853170950896,0.09456395128526879,0.0949433170950896,0.11101597601103022,0.15556192803309066,0.1677539760110302,0.163448,0.15812,0.151416,0.14372860170791626,0.13646580512374884,0.13146660170791627,0.125894,0.12005024852375325,0.11468274557125972,0.11058824852375325,0.10652400000000001,0.10182
09-01-2026 12:05,25753.7,0.12165,0.119026,0.11439789289693214,0.11071167869079641,0.10531789289693214,0.101962,0.09949,0.097162203583382,0.09551061075014601,0.094230203583382,0.093574,0.093282,0.10152932592271845,0.13445197776815532,0.16514932592271842,0.16880799999999999,0.164358,0.15898400000000001,0.15222000000000002,0.14541199999999999,0.140046,0.13314715054098514,0.12560145162295536,0.12141315054098512,0.11737,0.11270400000000001,0.10865000000000001,0.10423
09-01-2026 12:10,25746.8,0.11672,0.113756,0.11041223373235494,0.10876470119706483,0.10385623373235495,0.10031599999999999,0.09784635380438707,0.09565306141316118,0.09473035380438706,0.093838,0.09342080317396838,0.09352440952190513,0.09386080317396837,0.110626,0.15717399999999998,0.16875400000000002,0.163982,0.1572335309570887,0.1474632536767057,0.14190551337340773,0.13848466080543967,0.13386,0.12798400000000001,0.122352,0.117838,0.11315,0.10895800000000001,0.10466
09-01-2026 12:15,25744.0,0.1284,0.11613999783810397,0.1086849512159122,0.10724287094290476,0.10435895770160025,0.10109405795163542,0.0976262865064002,0.09598039590611725,0.09546211265149394,0.10214406427080637,0.12414239465855412,0.13164456442787315,0.13184481344514537,0.14008900521429324,0.16317190984269472,0.1685363273665566,0.16138753835850977,0.14988524278061854,0.14429111219290083,0.14080569986245953,0.13715369071912345,0.132506,0.12681599999999998,0.121318,0.11669600000000001,0.112094,0.107946,0.1035
09-01-2026 12:20,25738.7,0.11805,0.11393800000000001,0.10929000000000001,0.105176,0.10191,0.099216,0.09720599999999999,0.09537999999999999,0.09414999999999998,0.09335199999999999,0.09307599999999999,0.093324,0.094058,0.11078400000000002,0.156926,0.16835577672233198,0.160983330166996,0.15559977672233202,0.150236,0.14383600000000002,0.137876,0.13203600000000001,0.12520785284986022,0.11783029033409033,0.11422604820338937,0.11088252105222135,0.10615536780313486,0.10358
09-01-2026 12:25,25737.5,0.10941,0.106206,0.104526,0.09993199999999999,0.097384,0.09595599999999999,0.094342,0.09288400000000001,0.091998,0.09148999999999999,0.091428,0.091914,0.092916,0.11008600000000002,0.156204,0.166718,0.162794,0.15626643131600126,0.1481652939480037,0.14276146151003516,0.1368190905821017,0.13151279844186262,0.12459130474348609,0.1207117682478287,0.11722400000000001,0.11226650427824322,0.10688751283472966,0.10484
09-01-2026 12:30,25724.25,0.11536,0.11058999999999998,0.10704799999999999,0.104088,0.100996,0.098724,0.09659000000000001,0.09488600000000001,0.09396600000000001,0.09329,0.093144,0.09366553817564399,0.09491661452693193,0.11077413634624098,0.153911794511791,0.16531659817059702,0.16220800000000002,0.15604200000000001,0.150156,0.14362225814577276,0.13671477443731822,0.13168425814577273,0.12600799999999998,0.12075999999999999,0.11628139584071749,0.11153018752215249,0.10796739584071749,0.10371
09-01-2026 12:35,25712.65,0.11323,0.10851999999999999,0.10474199999999999,0.101954,0.09991826057098657,0.09863878171295974,0.09654226057098658,0.094998,0.09429,0.09380000000000001,0.09397,0.09484697543507206,0.09646892630521618,0.11312097543507205,0.15866,0.16985,0.16378125526853898,0.155743765805617,0.1509442108748771,0.14383886681901437,0.1390409556063381,0.134332,0.1280756885229147,0.1219090655687441,0.11848775991604632,0.11383621417939485,0.11099607139313161,0.10717
09-01-2026 12:40,25689.45,0.11739,0.113258,0.109056,0.105602,0.10302599999999999,0.10084020792767387,0.09834062378302164,0.09732420792767388,0.09638568078127661,0.09531104234382987,0.09579968078127662,0.09668000000000002,0.09798000000000001,0.114544,0.15905999999999998,0.170068,0.1636258485240261,0.15516754557207824,0.15104184852402608,0.145924,0.139762,0.13395400000000002,0.127916,0.122794,0.118608,0.114138,0.109936,0.10574
09-01-2026 12:45,25685.25,0.10932,0.10778789966286881,0.1036319665542896,0.10205,0.100472,0.09854977351166369,0.09776721062001928,0.0972922818264812,0.09650440426422659,0.09543883805973279,0.09579599999999999,0.09721372960049127,0.09937918880147377,0.11524772960049127,0.15875967119778858,0.16853701359336576,0.16244982089347704,0.1523250053786509,0.14751381857044493,0.1444605562915855,0.139262,0.133592,0.127822,0.122914,0.11871799999999999,0.11447199999999999,0.11064019699481167,0.1068109849740584
09-01-2026 12:50,25678.5,0.12829,0.11787899171596634,0.11350917269315652,0.10800452636350322,0.10626284212116774,0.104144,0.10172,0.09987400000000002,0.09872,0.09777059652501958,0.09754978957505872,0.09843459652501957,0.09968199999999999,0.11533028481855799,0.158088854455674,0.16936428481855798,0.16194952871275342,0.15366058613826034,0.14872552871275346,0.142804,0.13567,0.130284,0.12467800000000001,0.119632,0.11532200000000001,0.111006,0.106896,0.10251
09-01-2026 12:55,25695.15,0.12027,0.11361600000000001,0.110282,0.10756159589975897,0.10483747308192432,0.10195965204770112,0.09971068538264738,0.09797600000000001,0.09697599999999999,0.096308,0.096338,0.09685599999999998,0.097872,0.11436199999999999,0.159314,0.170956,0.1637103555044482,0.1553910665133446,0.1506063555044482,0.144954,0.1378984245335848,0.1306212736007544,0.1264084245335848,0.12132474486545898,0.11557423459637693,0.11251274486545898,0.10911599999999999,0.10509
09-01-2026 13:00,25694.0,0.1156084436218679,0.11278968872437359,0.109794,0.10700400855697605,0.10460002567092813,0.10160219085408696,0.09931054689133276,0.09799218229711093,0.096966,0.096116,0.096276,0.0970752658065143,0.0983857974195429,0.11472126580651429,0.15971999999999997,0.171242,0.16488799999999998,0.1567996586987107,0.1493989760961321,0.1443996586987107,0.138976,0.133218,0.1275,0.12245199999999999,0.11765636857122987,0.1127491057136896,0.10930236857122985,0.10531
09-01-2026 13:05,25687.3,0.12321,0.118734,0.11441200000000001,0.11008400000000002,0.106492,0.10385000000000001,0.10162,0.09936456628991522,0.09756169886974567,0.09703656628991522,0.09733,0.10549487029868403,0.1289390417603071,0.14494816289144913,0.1661854320585422,0.16854700358286148,0.16328860583845467,0.15595081393250249,0.14962610832362866,0.14063138737176464,0.13590813267960464,0.13239587633338115,0.125376835200564,0.11567566694207426,0.11136776776604004,0.10922187573393523,0.10709055482602375,0.10469
09-01-2026 13:10,25691.5,0.119992167818827,0.11755243356376541,0.11444200000000002,0.109334,0.105932,0.103384,0.10090936210377324,0.09894608631131972,0.0979983206216815,0.09713887555372477,0.09707495851790826,0.0977335396415117,0.09914661892453511,0.11518753964151171,0.159282,0.1684704258299296,0.15982167943362413,0.15474363166143545,0.15034268645774587,0.14307685354173175,0.1386242845139106,0.133472,0.127262,0.12198599999999998,0.117422,0.11305200000000001,0.10923,0.1049
09-01-2026 13:15,25696.8,0.12103,0.11509939158234975,0.11180579719411657,0.109098,0.1056293622354652,0.10098303979091049,0.09883263909019056,0.0983482058880571,0.09813692445249797,0.09713263466813173,0.0971678491938574,0.09767511411418006,0.09854399999999999,0.114876,0.15934600000000002,0.170006,0.1637193969214193,0.15585419076425788,0.1507373969214193,0.14413543484641672,0.13739430453925014,0.13286343484641672,0.127262,0.12199,0.117512,0.11250442193559962,0.10741326580679886,0.10454
09-01-2026 13:20,25704.7,0.1198097601028239,0.11545595202056479,0.110708,0.1069124996564978,0.10447349896949334,0.10162449965649778,0.099196,0.097724,0.09679399999999999,0.09601000000000001,0.096088,0.096746,0.09777,0.114136,0.158336,0.16847,0.16305159459933555,0.15601278379800662,0.15151759459933553,0.145846,0.139204,0.133314,0.12737199999999999,0.12217399999999999,0.11759599999999999,0.11248080966360634,0.10733042899081902,0.10466
09-01-2026 13:25,25701.95,0.12224,0.11451749177250131,0.11161849725750043,0.10842999999999998,0.10567399999999999,0.103222,0.10112,0.09925600000000001,0.09799,0.09692307787049206,0.09633723361147618,0.09724507787049205,0.09854199999999999,0.11482200000000001,0.15877000000000002,0.16855799999999999,0.163688,0.15724,0.151472,0.14550400000000002,0.13892876267608206,0.13197228802824623,0.12700476267608207,0.122264,0.11778799999999999,0.11329800000000001,0.10980539509635538,0.1076269754817769
09-01-2026 13:30,25705.5,0.11593,0.10968800000000001,0.104568,0.102548,0.10044600000000001,0.09864400000000001,0.09730683599290096,0.09637050797870288,0.09553483599290095,0.094892,0.095082,0.09640153245199914,0.09862659735599742,0.11443753245199914,0.159366,0.17064999999999997,0.164732,0.15771000000000002,0.1515548217283735,0.14430646518512055,0.13983282172837352,0.134852,0.12888,0.123706,0.11859098889335015,0.11303696668005048,0.11038298889335016,0.10651
09-01-2026 13:35,25704.05,0.12743,0.11285115415296797,0.10778227345298538,0.10967445827574852,0.10803600000000001,0.105158,0.10177117925835517,0.09843153777506548,0.0981034724150032,0.09666287946994412,0.09738829315664803,0.098266,0.099202,0.115102,0.15817166841778874,0.16797700525336623,0.16247394945723836,0.15527684311834888,0.15056028103944963,0.14500882008691054,0.13774246026073161,0.13204100670563337,0.12574855985616848,0.12087218661872283,0.11649600000000002,0.112232,0.10898057300858255,0.1070828650429127
09-01-2026 13:40,25707.75,0.10972,0.10686443639659746,0.10466806480221313,0.1035497580100419,0.0992805860033473,0.09651599999999999,0.095166,0.09437199999999998,0.09386000000000001,0.09348000000000001,0.093946,0.095042,0.10445396336974534,0.137195890109236,0.16648596336974533,0.169346,0.16391599999999998,0.156992,0.15199600000000002,0.14645200000000003,0.13938103661791962,0.13169710985375888,0.12765103661791963,0.12285213647534178,0.1167764094260254,0.11408813647534179,0.11128348264771497,0.1077674132385749
09-01-2026 13:45,25683.75,0.1066055116595153,0.11037110233190306,0.11020799999999999,0.107174,0.104004,0.10148000000000001,0.099538,0.09739058099569989,0.09516174298709965,0.09549658099569988,0.096336,0.097252,0.098586,0.11468400000000001,0.15753456679528938,0.1667117003858682,0.16160421923063642,0.15436095730604105,0.14881721324367328,0.14100989279638465,0.13612319192254385,0.13216921037140586,0.12669,0.12157000000000001,0.117142,0.11277999999999999,0.108796,0.10425
09-01-2026 13:50,25682.0,0.11444,0.11299333180537216,0.10953199541611647,0.10573533180537216,0.102598,0.10061783204644308,0.09958349613932925,0.09753583204644306,0.09686220640492563,0.09716061921477685,0.09665020640492561,0.097252,0.098688,0.11381135178936858,0.15469805536810574,0.16593935178936858,0.16187600000000002,0.155112,0.15004,0.144514,0.138568,0.13181265968349462,0.12298469278681701,0.11879480089249404,0.11697871373633315,0.113452,0.10951999999999999,0.1051
09-01-2026 13:55,25665.25,0.13117,0.11967401307763803,0.11199168375549612,0.1095069466453842,0.10907364452258206,0.106908,0.10419600000000001,0.10214599999999999,0.10085799999999999,0.09976600000000001,0.09962199999999999,0.10002568462693753,0.10084705388081261,0.11624168462693754,0.156968,0.1651737504758787,0.15971725142763615,0.15488975047587872,0.14905600000000002,0.142838,0.136694,0.130882,0.124954,0.11977800000000001,0.115374,0.110972,0.10686000000000001,0.10236
09-01-2026 14:00,25689.05,0.11498,0.11261399999999999,0.10910139493577346,0.10633418480732038,0.10302339493577346,0.1007089898457053,0.0994789695371159,0.09781355488393677,0.09737569511469438,0.09598856503823146,0.095934,0.097052,0.098608,0.11480199999999999,0.158504,0.169068,0.163658,0.15541277372918724,0.14402856751822984,0.13817156324917668,0.13551439791462339,0.13289805052798506,0.127656,0.12249199999999999,0.118166,0.11379399999999999,0.10986,0.10547
09-01-2026 14:05,25678.55,0.1169210554662863,0.11708087040794,0.11093597794404822,0.10889265931468275,0.10643999999999999,0.10327399999999999,0.10101000000000002,0.099606,0.098492,0.09748399999999999,0.097514,0.098326,0.099518,0.115264,0.15819,0.168772,0.1625938766329249,0.1548116298987747,0.14848288087280098,0.13953814902467757,0.1351104131550241,0.13196113630504933,0.126666,0.12159199999999999,0.117198,0.112756,0.108612,0.10422
09-01-2026 14:10,25674.05,0.11993,0.1128563716778258,0.10743545722594193,0.104796,0.10274199999999999,0.10020799999999999,0.098064,0.096952,0.096406,0.09583199999999999,0.1039789780971632,0.12823312855317348,0.13670114528384686,0.14459894746657984,0.16555158440163198,0.168592,0.162766,0.155816,0.149455760029146,0.14203128008743798,0.137785760029146,0.1329,0.12671076171480894,0.12099628514442683,0.11771276171480895,0.113876,0.10987,0.10553
09-01-2026 14:15,25669.0,0.11382,0.11155000000000001,0.10796762608531367,0.10466487825594104,0.10265762608531367,0.100954,0.09891799999999999,0.09745400000000001,0.09665199999999999,0.096022,0.096346,0.09747399999999999,0.098882,0.11479,0.15848399999999999,0.16961800000000002,0.16347000000000003,0.15695199999999998,0.150144,0.143298,0.13818599999999998,0.132768,0.1271,0.122196,0.117664,0.1132,0.10917,0.10483
09-01-2026 14:20,25668.65,0.1103456785731346,0.11031670877091336,0.10713871916885932,0.10550157305628644,0.10330800000000001,0.100912,0.0987302870827103,0.0971908612481309,0.0966142870827103,0.095942,0.096168,0.09727,0.09859,0.114538,0.158038,0.16907,0.16227888256199008,0.15483864768597017,0.14848329716345812,0.1399727876605584,0.13577904616993072,0.1323415438561542,0.12700999999999998,0.12198599999999998,0.117596,0.11289661144136204,0.10827383432408608,0.10508
09-01-2026 14:25,25671.35,0.11449,0.11157086621956515,0.10698562207318839,0.10330743261430977,0.10155829784292934,0.09889343261430977,0.097026,0.09596400000000001,0.09528199999999999,0.09478400000000001,0.095298,0.096394,0.09796999999999999,0.114124,0.157892,0.16932600000000003,0.16151233470421153,0.14994236740239308,0.14423293544609866,0.1410288959075934,0.13806651087261165,0.133452,0.127734,0.122626,0.11847200000000001,0.114174,0.11044574238303308,0.1071387119151654
09-01-2026 14:30,25652.65,0.1269,0.12064399999999999,0.11501199999999999,0.11178799999999998,0.10822999999999999,0.10506599999999999,0.10207868895738834,0.09924606687216503,0.09887268895738832,0.098384,0.0983249697312498,0.09893490919374939,0.10039296973124981,0.11619399999999999,0.158844,0.1679044789458197,0.16015543683745903,0.15398279964455158,0.14725296209619576,0.14215432069873193,0.13690600000000003,0.131306,0.12552,0.120548,0.116104,0.111534,0.10733,0.10319
09-01-2026 14:35,25659.1,0.12071,0.11689999999999999,0.112986,0.108588,0.105146,0.1026857133352379,0.10086514000571369,0.0988877133352379,0.097766,0.096936,0.09727799999999999,0.098358,0.09974799999999999,0.115368,0.157334,0.167058,0.162146,0.15477936775833936,0.14543294624899702,0.14023989668027606,0.1369908429739789,0.1315264276661526,0.1246132829984578,0.12092442766615259,0.117266,0.112956,0.10896199999999999,0.10462
09-01-2026 14:40,25650.4,0.1181837534038712,0.11779075068077424,0.114106,0.10961813739113362,0.10491641217340085,0.10335413739113362,0.10142233208773632,0.09918699626320895,0.09826646521302065,0.09743639937585302,0.09792213312528435,0.0989287064218395,0.1003581192655185,0.1153733788186703,0.1564980171904924,0.1678466723968308,0.163132,0.15749000000000002,0.150396,0.143228,0.137368,0.132108,0.12635800000000003,0.12123,0.116798,0.112316,0.108314,0.10422
09-01-2026 14:45,25668.25,0.11893,0.11475120461040664,0.11072906820346888,0.10715542562401281,0.10346427687203841,0.1017394256240128,0.099966,0.09842200000000001,0.097602,0.096822,0.09696,0.09771,0.09903799999999999,0.115024,0.157966,0.16789000000000004,0.16298200000000002,0.15664599999999998,0.150532,0.14416,0.13693145886865538,0.1286789196551938,0.1242490880163383,0.12131254304922764,0.11736200000000001,0.11285,0.108882,0.10484
09-01-2026 14:50,25663.45,0.11923,0.11561600000000001,0.111514,0.10807599999999999,0.104876,0.102406,0.10022400000000001,0.0983697554005609,0.0970272662016827,0.0967297554005609,0.09710127749034742,0.09795983247104226,0.09931927749034741,0.11524,0.15762233558344882,0.16638500675034643,0.1624543355834488,0.156914,0.15056,0.143824,0.13816599999999998,0.132778,0.127004,0.12192,0.11751400000000001,0.112994,0.108998,0.10492
09-01-2026 14:55,25674.9,0.11822,0.113428,0.109152,0.10585306043042206,0.10370518129126619,0.10103106043042206,0.09862942917818537,0.09766228753455615,0.09683542917818538,0.095888,0.09590199999999999,0.096728,0.09823199999999999,0.11441200000000001,0.15649747524736368,0.1634757157044647,0.1596093451344845,0.15626928996237358,0.150854,0.144472,0.138514,0.13275800000000001,0.126994,0.12145112455852598,0.11600337367557795,0.11260512455852598,0.109108,0.10506
09-01-2026 15:00,25668.55,0.12334,0.11665520378416629,0.11079961135249884,0.10807926905062978,0.10402993331297553,0.10018800631548863,0.09861792303839527,0.09836072850827009,0.097856,0.097034,0.09719,0.098018,0.1065375156580544,0.1367165469741632,0.1650275156580544,0.16683024224468299,0.16065272673404898,0.15606624224468302,0.14972982605905807,0.14209747817717425,0.13719382605905808,0.132394,0.126618,0.121334,0.11671799999999999,0.11228199999999999,0.10829199999999999,0.10429
09-01-2026 15:05,25679.0,0.12261,0.116024,0.112404,0.10919853746927317,0.10582961240781949,0.10266253746927316,0.100304,0.098702,0.097672,0.096822,0.09698399999999999,0.097704,0.10630590369922457,0.13646371109767372,0.16487390369922458,0.168186,0.16278800000000002,0.15528663632498338,0.14572139391035585,0.1406650911312005,0.1371434849354057,0.132172,0.126438,0.121282,0.11653,0.11231758218487138,0.11007869384958674,0.108629736474863
09-01-2026 15:10,25688.85,0.1194042795410295,0.1160148559082059,0.113066,0.10973600000000001,0.106246,0.10366,0.10107999999999999,0.09910000000000001,0.09789,0.09691040986577715,0.09685122959733142,0.09753040986577713,0.099072,0.11443749881493336,0.15611049644480007,0.16655951712858674,0.16060205494096022,0.1558000183136534,0.150092,0.14391199999999998,0.137896,0.13192797302965314,0.12515191908895937,0.12096797302965312,0.117066,0.11316454419909423,0.11110156139593903,0.1099796439932816
09-01-2026 15:15,25690.6,0.1183900637275796,0.11173201274551592,0.10775199999999999,0.104446,0.10177,0.100126,0.09795182607134238,0.09663644587529617,0.0962107290551495,0.09564896766126904,0.09604,0.09695799999999999,0.098788,0.115064,0.15799000000000002,0.168342,0.16350199999999998,0.15645217977072917,0.146741097413766,0.14202985407546456,0.1380146176032691,0.13208417850507193,0.12667219335356592,0.12048440155562584,0.11743165368298498,0.1134105594933291,0.1102515198311097,0.10651
09-01-2026 15:20,25695.2,0.12161206605034,0.1172137640342634,0.1128684502747318,0.10802702982686216,0.10504108948058649,0.10268648313315416,0.100392359918876,0.098875453306292,0.09789613248104087,0.09681639744312259,0.09693013248104085,0.09782,0.09934799999999999,0.11449770265921067,0.155461107977632,0.16791370265921068,0.164094,0.157612,0.15211000000000002,0.146138,0.14033400000000001,0.134708,0.1277840192529135,0.12039805775874049,0.1178620192529135,0.11449000000000001,0.11049926220651962,0.1064263110325981
09-01-2026 15:25,25688.2,0.13292,0.126356,0.11951604880713365,0.11262614642140097,0.11130004880713365,0.10938200000000001,0.10643,0.10340755217184619,0.1005713623244439,0.09946566959856226,0.09961670580890536,0.100176,0.101534,0.11722199999999999,0.15903,0.16869599999999998,0.163357406790444,0.1558141149634319,0.1516310905667437,0.14647144848292246,0.14047666167246764,0.13464955389082253,0.12879600000000002,0.123282,0.11842,0.113106,0.109026,0.10414
12-01-2026 09:15,25657.45,0.123606115122165,0.115027223024433,0.11158000000000001,0.10920200000000001,0.106776,0.10508200000000001,0.103648,0.10290589424128503,0.1031911089561723,0.10306417293823658,0.10325142623231719,0.104682,0.106758,0.125082,0.173182,0.1829444471303475,0.17218134139104244,0.16741444713034748,0.163494,0.157552,0.151168,0.145254,0.13914,0.13412000000000002,0.1282677556203128,0.12151526686093839,0.1195117556203128,0.11627
12-01-2026 09:20,25594.15,0.1280428051821036,0.12210456103642071,0.117432,0.11512930800539829,0.1120079240161949,0.10998551222769855,0.10668261266690073,0.10772820422230024,0.10825,0.10817199999999999,0.10914399999999999,0.110728,0.11310200000000001,0.129974,0.17269,0.18224600000000002,0.17636600000000002,0.1694942418608712,0.16108072558261366,0.15530824186087122,0.14962199999999998,0.14375649287067377,0.1375754786120213,0.13274245616637756,0.1279198898871114,0.12442373583850616,0.12301523022827418,0.1212795629993355
12-01-2026 09:25,25548.3,0.13463,0.131358,0.125674,0.122016,0.11899599999999999,0.11484329795100104,0.10931589385300312,0.11117329795100105,0.112042,0.11232508986803064,0.11383126960409186,0.11506908986803062,0.117312,0.133222,0.172652,0.181352,0.175232,0.16844399999999998,0.16156399999999999,0.154944,0.14885600000000002,0.143252,0.13697616117909917,0.13060648353729748,0.12699016117909917,0.122846,0.118488,0.1144
12-01-2026 09:30,25559.65,0.136005676497238,0.13438513529944762,0.13086799999999998,0.12695910539854346,0.12235131619563039,0.11776109496709516,0.11162396870565511,0.11343953267096964,0.11401462930725381,0.11381154310241794,0.114572,0.11615,0.118648,0.134196,0.17153978671758557,0.1769364129380561,0.17163094507348364,0.16773705278529935,0.16140200000000002,0.15409440985185038,0.14677322955555114,0.1421104098518504,0.136502,0.130836,0.12571200000000002,0.12068,0.11609,0.11154
12-01-2026 09:35,25575.3,0.14006,0.134318,0.128454,0.124496,0.12004786473997808,0.11419858167733582,0.1103422326849118,0.11161320417558852,0.11239740557272898,0.11236753069188665,0.11310459207565998,0.11458753069188667,0.12353252499348093,0.15215357498044282,0.17726589256629635,0.17870610271844628,0.17327736757281542,0.166868,0.16018800000000002,0.154078,0.146773000049624,0.1370687618545846,0.13145236932599993,0.128544014183427,0.12582608415923816,0.12116339196741485,0.11589017590224453,0.11271
12-01-2026 09:40,25569.55,0.135464628219215,0.1289844527444876,0.1247265813019338,0.12072152710064461,0.11752800000000001,0.11494000000000001,0.112584,0.111084,0.11047399999999999,0.11044599999999999,0.111492,0.11344800000000001,0.116134,0.132112,0.17130705506925245,0.17937916520775737,0.17412305506925246,0.167968,0.16165,0.155806,0.14999200000000001,0.14325650874290405,0.13409109363409216,0.12962721095904423,0.12750356740538005,0.123508,0.119172,0.11505
12-01-2026 09:45,25560.8,0.14288,0.139578,0.13575199999999998,0.13208,0.127508,0.123532,0.120118,0.117474,0.116002,0.115116,0.115394,0.1230053787737382,0.1441773001338476,0.15904687021163721,0.1782463255230927,0.17961948513137904,0.1746011617104597,0.168858,0.162038,0.155368,0.149192,0.143232,0.137128,0.13104453616734912,0.12502960850204742,0.1200436808445088,0.11484543403147898,0.1107
12-01-2026 09:50,25588.7,0.13697,0.13202876799410543,0.1292043039823163,0.12361076799410543,0.119012,0.11594,0.1142020521837278,0.11384924030504028,0.11114130344529845,0.11006508375385689,0.110814,0.11224799999999999,0.11447399999999999,0.13096,0.172784,0.182556,0.176778,0.17060399999999998,0.16372799999999998,0.157366,0.151392,0.145706,0.13966599999999998,0.134046,0.128748,0.12292532799919552,0.11687198399758655,0.11512
12-01-2026 09:55,25588.5,0.12519,0.12189780709647703,0.12210742128943107,0.11559980709647702,0.11127014281046911,0.10940242843140735,0.10909553873354792,0.11065018776923641,0.1078873959230788,0.10718266913592206,0.10866200740776619,0.11103378336261756,0.11510334268008648,0.13000519057454474,0.1702562290435477,0.18175807634784924,0.177126,0.17087400000000003,0.16433199999999998,0.158358,0.152558,0.14682599999999998,0.14085599999999998,0.13540200000000002,0.13043,0.12515284732163362,0.12062770261272557,0.1197558032391235
12-01-2026 10:00,25564.15,0.1324767205434108,0.13553534410868215,0.13217600000000002,0.128058,0.12297942277032414,0.11709026831097241,0.11628542277032414,0.115064,0.11341113715457436,0.11164082527085245,0.11191137857596244,0.11439341380712935,0.117034,0.13244999999999998,0.170946,0.179852,0.173746,0.167198,0.160588,0.15423800000000001,0.148226,0.142276,0.135848,0.1302057130784008,0.1250591392352024,0.11971371307840081,0.11481200000000001,0.11054
12-01-2026 10:05,25588.7,0.13313,0.128004,0.12287600000000001,0.11946200000000001,0.116236,0.11341000000000001,0.111078,0.10941000000000001,0.1087,0.108762,0.109724,0.11133000000000001,0.11385400000000001,0.130602,0.17195723666122528,0.1803317099836759,0.1761972366612253,0.17054,0.16304520411806886,0.1547476123542066,0.15034120411806887,0.14350413895751157,0.13229905014653845,0.12737664831155543,0.12576446187010176,0.12276460953203268,0.1186900596416122,0.114880298208061
12-01-2026 10:10,25566.95,0.1341,0.127486,0.12274,0.1195199798460463,0.1163919395381389,0.1138299798460463,0.11164600000000001,0.11004599999999999,0.10932599999999999,0.109538,0.11139789637444772,0.11434086989816362,0.11578943869890915,0.13146918077482048,0.17217400000000002,0.17994755632250717,0.17117897501480808,0.16611847446436712,0.16214630604728666,0.15645399999999998,0.150584,0.14464200000000002,0.138296,0.132688,0.1270941643190037,0.12118249295701104,0.11752016431900367,0.11383
12-01-2026 10:15,25557.55,0.14588,0.13859,0.132304,0.12783999999999998,0.123666,0.11975199999999998,0.116376,0.11410599999999999,0.11273999999999999,0.11220568158297872,0.11247504474893621,0.11999107891254482,0.14043959505993053,0.1559169836932847,0.17608553452129755,0.17967537715002177,0.174366,0.16772199999999998,0.161064,0.15454400000000001,0.14789230723101784,0.14087092169305357,0.13532630723101788,0.129493112088779,0.12335333626633695,0.11978615724294636,0.11832536124822854,0.116851128928632
12-01-2026 10:20,25583.3,0.139444914386621,0.1294869828773242,0.124304,0.12135599999999999,0.118056,0.114834,0.11197000000000001,0.110164,0.10916400000000001,0.108842,0.10977799999999999,0.11126,0.12102775224494061,0.15250325673482187,0.1797497522449406,0.182002,0.17656599999999997,0.16933896583348423,0.16086689750045272,0.15609896583348423,0.150844,0.144952,0.13862999999999998,0.13154184127433366,0.12303032139243694,0.11887823398264154,0.11684279756943597,0.11314
12-01-2026 10:25,25574.15,0.141739672989322,0.1360199345978644,0.1298,0.12396399999999999,0.11927199999999999,0.11529765020708202,0.11061790515058842,0.10841065774394687,0.10829538637585565,0.10943814394883776,0.110738,0.11216000000000001,0.11450400000000001,0.13058430722149356,0.17085892166448066,0.18104430722149356,0.175742,0.16905399999999998,0.1615878653638326,0.15292739513355733,0.14796326249001118,0.14366579904205953,0.137736,0.13164599999999999,0.12581892038213155,0.12001876114639468,0.11619292038213155,0.11219
12-01-2026 10:30,25584.2,0.132487095097362,0.1256254190194724,0.12112600000000001,0.1172,0.114008,0.11151588218459842,0.10922764655379527,0.10749188218459843,0.106722,0.10735048437103134,0.10926145311309403,0.11012648437103134,0.11241000000000001,0.129608,0.17278,0.182728,0.176862,0.170216,0.163676,0.15739999999999998,0.15037993106430297,0.14274779319290895,0.13828793106430298,0.13324200000000003,0.127874,0.122844,0.11848,0.11429
12-01-2026 10:35,25564.75,0.13492,0.12789347202664486,0.12228641607993458,0.11964747202664487,0.11594202895279943,0.11146608685839826,0.11037002895279942,0.109284,0.10833400000000001,0.108364,0.10949000000000002,0.11130289439805945,0.11469468319417833,0.13090489439805944,0.17218,0.181556,0.175926,0.1693,0.16242,0.155848,0.149676,0.14340731356086517,0.13647794068259547,0.13133731356086517,0.126446,0.12146599999999999,0.116954,0.11272
12-01-2026 10:40,25572.4,0.13601,0.12630889328801403,0.1217158373414797,0.11853126033220583,0.11476330780577246,0.111956,0.10973000000000001,0.10808999999999999,0.107266,0.10732,0.108456,0.11073888182880956,0.11478264548642868,0.13076488182880958,0.172678,0.18209999999999998,0.17658600000000002,0.17015399999999997,0.16331400000000001,0.15686,0.150664,0.144744,0.138436,0.13270800000000002,0.127518,0.12277050801908626,0.11943036374479218,0.1164141984376667
12-01-2026 10:45,25556.8,0.1375,0.13190800000000003,0.127284,0.123402,0.119296,0.11590600000000001,0.113184,0.11061383081316184,0.10850149243948552,0.10951351586653751,0.11101349608684145,0.11206100783351894,0.11486444092671443,0.13144,0.171968,0.181222,0.175246,0.168376,0.16160999999999998,0.15480814278063462,0.14794842834190386,0.14254214278063465,0.136548,0.13070600000000002,0.125318,0.11997198555074269,0.11501995665222804,0.11122
12-01-2026 10:50,25579.85,0.1222,0.11858400000000001,0.11516773941503469,0.11479342544144801,0.11288836100406656,0.10907820719634397,0.10641400000000001,0.105038,0.10461000000000001,0.10522587108294729,0.1071856132488419,0.10841187108294731,0.111038,0.128782,0.17200450123133296,0.18095750369399888,0.17667050123133293,0.17083800000000002,0.16421000000000002,0.157704,0.151352,0.145346,0.139326,0.133724,0.12752525188882993,0.12049975566648975,0.1178812518888299,0.11488
12-01-2026 10:55,25554.9,0.12813,0.12427999999999999,0.1204984215333618,0.1173232646000854,0.1141664215333618,0.11149,0.109222,0.10775799999999999,0.107086,0.10742062157104523,0.10900186471313572,0.11074376084689763,0.1138614178275572,0.1303731392758524,0.17188399999999998,0.18093620365356244,0.17404261096068735,0.16853420365356245,0.16143778154756322,0.15227627767567292,0.14705658064651322,0.14308693303298334,0.137304,0.13182,0.1260093165250994,0.11940794957529814,0.11713141946638414,0.1160905147064238
12-01-2026 11:00,25550.75,0.1291949320486379,0.1259753674613202,0.1225131431547779,0.11861016845487175,0.11410336220983736,0.11250578740327913,0.110804,0.10930669885482514,0.10861009656447541,0.10859869885482515,0.11009289722779038,0.11262469168337114,0.11471089722779038,0.13026015751914527,0.16953047255743584,0.17934922464748423,0.1727552013850168,0.16747506712833893,0.16159800000000002,0.15509199999999998,0.14803260712042457,0.1405498213612737,0.13579660712042455,0.12959482524096572,0.12054894862171626,0.11591161152591643,0.11409657566429889,0.11248
12-01-2026 11:05,25538.1,0.1287751790017891,0.12716703580035782,0.12268359589018236,0.11606382913305102,0.11272413358953318,0.11191728139802094,0.111371413311839,0.110086,0.109242,0.10924,0.110412,0.11225,0.115064,0.13112,0.17057,0.17954799999999999,0.17317712165282398,0.16561936495847188,0.16014312165282396,0.154274,0.147968,0.14194,0.13522462931729343,0.12893988795188027,0.12461462931729342,0.12005,0.11563600000000002,0.11145
12-01-2026 11:10,25544.8,0.1245678364540456,0.12267156729080912,0.11928,0.116372,0.113586,0.11121694155149812,0.10939482465449436,0.10773448775871898,0.10729863862166258,0.10734154620722086,0.108576,0.11061,0.113544,0.13016,0.17069199999999998,0.18004399999999998,0.17421199999999998,0.16795000000000002,0.16131600000000001,0.153706076680376,0.14423876088891568,0.13945366922373886,0.13611453084778763,0.13131199999999998,0.126202,0.121158,0.11686,0.11303
12-01-2026 11:15,25528.8,0.12595,0.12168205674120319,0.11795217022360954,0.11572605674120319,0.11318941308434367,0.11061420220806234,0.10951730194943758,0.1084219629550313,0.10785399999999999,0.10818799999999999,0.109788,0.11205199999999998,0.11511199999999999,0.131146,0.16964200000000002,0.178114,0.17223,0.165958,0.15969,0.153476,0.147494,0.141592,0.135568,0.130276,0.12545800000000001,0.120742,0.116494,0.11298
12-01-2026 11:20,25512.25,0.13111,0.12497799999999999,0.12049,0.118014,0.115412,0.11293600000000001,0.11104,0.10986,0.10953800000000001,0.11002200000000001,0.11151,0.113950937010357,0.117756811031071,0.132234937010357,0.168312,0.17646,0.17057,0.16406,0.15805399999999997,0.151904,0.14591400000000002,0.140022,0.134068,0.12822810108840094,0.12228030326520288,0.11859410108840096,0.11484,0.11114
12-01-2026 11:25,25509.25,0.12887,0.12403956253286508,0.11889468759859524,0.11678756253286508,0.114642,0.112426,0.11074200000000001,0.109564,0.109332,0.11017800000000001,0.11180600000000002,0.11391800000000002,0.11712600000000001,0.13186383393094822,0.1667775017928446,0.1755958339309482,0.170374,0.16269809133244548,0.15364154320243434,0.1488118989477392,0.1450172692050979,0.139574,0.13328386641720635,0.12721759925161902,0.12312386641720635,0.118856,0.114754,0.11088
12-01-2026 11:30,25496.15,0.12283,0.119826,0.117202,0.11521400000000001,0.11304400000000002,0.11132,0.11014,0.109516,0.10959400000000001,0.11050400000000002,0.112292,0.11468,0.118012,0.133308,0.16767281077051957,0.17199892276215356,0.1674702821223041,0.16406049045059484,0.158798,0.15267999999999998,0.14677400000000002,0.141154,0.135464,0.130494,0.12586599999999998,0.12122,0.117308,0.1142
12-01-2026 11:35,25487.1,0.12896,0.12228113837667927,0.11971104612555974,0.1174544045555203,0.1141812136665609,0.11261538565496132,0.11085094329832307,0.11031098109944101,0.110486,0.11139399999999999,0.11308600000000002,0.11529,0.11868999999999999,0.133644,0.16826400000000002,0.17559999999999998,0.169894,0.16293231726027738,0.15583695178083218,0.15015707965087965,0.1436862871718068,0.13880676239060225,0.13317168642156743,0.12749705926470226,0.12314177035828168,0.11872025181014279,0.11506008393671426,0.11171
12-01-2026 11:40,25485.45,0.127856147134473,0.12397146607903418,0.12056541221737986,0.118228,0.11599,0.113784,0.112124,0.111302,0.111362,0.112192,0.11379399999999999,0.11613,0.119564,0.13434600000000002,0.16838199999999998,0.17559,0.17004000000000002,0.163898,0.15639304865503043,0.14687293367330453,0.1422884117796701,0.13922978770821323,0.133906,0.128682,0.123996,0.11902275638657515,0.11385626915972548,0.11221
12-01-2026 11:45,25476.55,0.13517,0.12984199999999999,0.125814,0.12307599999999999,0.119778,0.11695799999999999,0.11497199999999999,0.113762,0.11333800000000001,0.11375199999999999,0.11501799999999998,0.117088,0.120146,0.134488,0.16789,0.17466399999999999,0.168914,0.162402,0.155964,0.149598,0.14365,0.137702,0.13153,0.126146,0.121438,0.117052,0.112968,0.10915
12-01-2026 11:50,25491.7,0.1293,0.12499800000000001,0.12124,0.11849726527580728,0.1160337958274219,0.11374721624599785,0.11250646773244372,0.11174779543580683,0.11090061482187209,0.11127999999999999,0.11289199999999999,0.11512,0.11846000000000001,0.133642,0.16883199999999998,0.17595400000000003,0.16992200000000002,0.1633,0.15695,0.15089000000000002,0.14501999999999998,0.13921599999999998,0.1326268419934272,0.1261765259802816,0.1227728419934272,0.11907,0.115094,0.11149
12-01-2026 11:55,25495.85,0.13106,0.125808,0.12211000000000001,0.119344,0.11602252028829999,0.11291156086489994,0.11183252028829999,0.11088786629655786,0.11021359888967358,0.11110186629655784,0.11277599999999999,0.11492599999999999,0.12404812234564377,0.15106436703693132,0.17453012234564377,0.1751013674253555,0.1680961022760665,0.16305936742535548,0.157248,0.150824,0.14484200000000003,0.13907200000000003,0.13316,0.12784199999999998,0.12262040982538357,0.11747322947615069,0.11497119909216852,0.1141439463339248
12-01-2026 12:00,25499.2,0.12806,0.124164,0.120304,0.117614,0.114868,0.112586,0.11083536555539937,0.10961609666619809,0.10968536555539937,0.110506,0.112002,0.114226,0.117552,0.132804,0.168414,0.17576199999999997,0.1692221869282821,0.1614285607848463,0.15612818692828212,0.150416,0.14460800000000001,0.138928,0.13308599999999998,0.127662,0.12221634613823007,0.11667303841469025,0.11482812730843293,0.1139489058510142
12-01-2026 12:05,25507.65,0.13197,0.12674,0.1229319680012477,0.12025990400374309,0.11667396800124769,0.11372318016977022,0.11109354050931067,0.11085332483729501,0.11160443400257439,0.11124614466752479,0.11218600000000001,0.114248,0.11741399999999999,0.13266999999999998,0.16870200000000002,0.17546107192739158,0.16779121578217476,0.16256107192739158,0.156578,0.15004800000000001,0.143908,0.137982,0.131992,0.126646,0.12104735938196154,0.11488007814588462,0.11247735938196154,0.10923
12-01-2026 12:10,25526.3,0.14473,0.14183400000000002,0.136992,0.132296,0.127612,0.12215936985006078,0.11652010955018233,0.11626336985006078,0.1156,0.114774,0.115358,0.116526,0.11873600000000001,0.13305191002491476,0.16758573007474428,0.17583791002491475,0.170224,0.16298177620418897,0.15451932861256695,0.14872977620418898,0.14288800000000001,0.136626,0.12938814148796868,0.12130563027207397,0.11707775891247235,0.1132508777690798,0.10872901588273577,0.10445
12-01-2026 12:15,25577.45,0.14302,0.136386,0.13088,0.126818,0.122748,0.11933799999999999,0.11678488030186081,0.11574664090558245,0.11340888030186083,0.11295590551117711,0.11438571653353131,0.11430190551117711,0.11568,0.131248,0.17014800000000002,0.17853400000000003,0.172226,0.165484,0.158848,0.152202,0.145872,0.139674,0.133332,0.12740800000000002,0.12235000000000001,0.117646,0.11331032384371105,0.1095216192185553
12-01-2026 12:20,25614.85,0.15144,0.13653400152984932,0.1343338640888862,0.12904759073680921,0.12696719691226974,0.124272,0.121002,0.118068,0.116266,0.11510799999999999,0.11488799999999999,0.11536093449868594,0.11657680349605781,0.13222293449868594,0.171176,0.179018,0.17404599999999998,0.16824,0.161964,0.15490841325554622,0.14733723976663865,0.14203641325554622,0.1357397834423112,0.12899935032693355,0.12441378344231117,0.11959999999999998,0.11547351861222259,0.113127593061113
12-01-2026 12:25,25653.4,0.1444210566817865,0.1308622113363573,0.127242,0.12466400000000001,0.121062,0.117836,0.115142,0.113066,0.11178,0.11117800000000001,0.1117739595498217,0.11357187864946505,0.11405795954982169,0.13001800000000002,0.173218,0.18362,0.17763600000000002,0.17135,0.16522200000000004,0.158528,0.15228799999999998,0.14629599999999998,0.14019,0.13398027856511444,0.12803883569534324,0.12417627856511441,0.12016,0.11551
12-01-2026 12:30,25668.1,0.154,0.14480200000000001,0.13738749902376904,0.1294344970713071,0.12598860900114872,0.11976132993213903,0.11975910997737968,0.119004,0.117432,0.116352,0.11586400000000001,0.11621000000000001,0.12297663476568174,0.1493272343208495,0.1782026248370945,0.18252133002380427,0.17782000000000003,0.17208199999999998,0.165702,0.159154,0.15333999999999998,0.14757199999999998,0.14105,0.13458795562502968,0.1279099334624684,0.12308815538716776,0.11971606658737935,0.11487
12-01-2026 12:35,25690.5,0.13488,0.12615200000000001,0.12348,0.12043000000000001,0.117172,0.11463,0.11245,0.11233311169012984,0.11376333507038952,0.11102111169012983,0.11114628191401549,0.11385684574204649,0.1134542819140155,0.129516,0.174694,0.18561,0.180596,0.174952,0.16765996934300614,0.15964990802901838,0.15539396934300612,0.14931984223746175,0.14107352671238527,0.13778384223746176,0.13296707722650217,0.12571123167950649,0.12284992291529093,0.1182642284439438
12-01-2026 12:40,25684.35,0.15507,0.13675152483710498,0.13670023193835568,0.1300551709779621,0.13037705699265403,0.12882600000000002,0.124738,0.12171324426884779,0.1202397328065434,0.11761822295493518,0.11467093605826215,0.11648697868608739,0.11842200000000001,0.13331,0.173934,0.184178,0.178036,0.17156,0.1636160925047116,0.15312779268387133,0.14876420712107424,0.14554022249119603,0.14005356910715316,0.134428,0.12940600000000002,0.1243849215374746,0.1198147646124238,0.114
12-01-2026 12:45,25727.5,0.13318,0.12477431971743813,0.12308810657247937,0.119906,0.1177762991974473,0.11898269131562826,0.11720368036730638,0.1125802984364282,0.11260551413942553,0.1104895449981632,0.10998312085506408,0.11117891542830591,0.11438762542985362,0.12992187514328454,0.17654,0.18932600000000002,0.183614,0.17733000000000002,0.1701639194140613,0.16200975824218392,0.15695710918354294,0.15056356930844492,0.14538318976948164,0.13919105296385673,0.13245515889157017,0.12914603169095065,0.12460293618128182,0.12103
12-01-2026 12:50,25724.55,0.14204,0.13415995473905226,0.13183598491301743,0.128698,0.12506,0.12162774699751362,0.11864724099254087,0.11673374699751363,0.11556399999999999,0.114464,0.113964,0.114148,0.114968,0.131408,0.1768,0.188044,0.18222,0.176228,0.16957399999999997,0.163014,0.156667088661021,0.149715265983063,0.14432508866102098,0.139004,0.13436,0.12973800000000002,0.125162,0.12029
12-01-2026 12:55,25715.5,0.14309,0.13681293468391503,0.12953680405174514,0.12399893468391504,0.120308,0.117088,0.11516414132145314,0.11435042396435943,0.11231614132145315,0.11168568871036089,0.11212106613108264,0.11189968871036086,0.11266599999999999,0.12958,0.17565399999999998,0.18718,0.181658,0.175466,0.169,0.162564,0.1551104924558069,0.14497415404272415,0.13893933827954036,0.1359511240687727,0.13335481579782307,0.12839465772230468,0.1225259731669141,0.11933
12-01-2026 13:00,25692.65,0.13268,0.13327,0.13005291884939318,0.12506275654817955,0.12393091884939318,0.121776,0.118472,0.11579838080648339,0.1135722675674431,0.1128337562504621,0.11291230133297649,0.11322752855495075,0.1215979194611661,0.15276622982854757,0.1824987432761825,0.186142,0.180222,0.1735221804813928,0.16601254144417846,0.1607401804813928,0.1545166278278749,0.14584423247116066,0.14049967479048261,0.1370823489875359,0.132662,0.12773,0.12289800000000001,0.11824
12-01-2026 13:05,25702.65,0.14577,0.13798182096489048,0.13374450376248864,0.12748169032257542,0.12512123010752513,0.122694,0.11969600000000001,0.117226,0.115732,0.114588,0.113784,0.11401401355252767,0.11532804065758305,0.1313900135525277,0.1749323403234338,0.1843270209703014,0.1798823403234338,0.17396615155838088,0.16637045467514255,0.16128615155838086,0.15529972145126075,0.14785716435378227,0.1426257214512608,0.137634,0.13221729541448332,0.12620788624344997,0.12250329541448332,0.11809
12-01-2026 13:10,25710.85,0.14323,0.13536,0.130494,0.127544,0.123864,0.12020800000000001,0.117162,0.11480800000000001,0.112962,0.111686,0.11137999999999999,0.11185857847235998,0.11361773541707999,0.12987657847236,0.174564,0.18539,0.18001,0.17440599999999998,0.16832000000000003,0.162116,0.156,0.15002200000000002,0.14257893286743345,0.13421467902012685,0.13038057412091306,0.12761788041782654,0.123456,0.11846
12-01-2026 13:15,25725.15,0.12758,0.124854,0.1214609245704317,0.1191247737112951,0.1143729245704317,0.11180615826454957,0.11056447479364868,0.10845815826454956,0.1077940541107589,0.1086501623322767,0.10848474718388842,0.11055993337540088,0.11143625554116647,0.12636319725405415,0.17148202929412554,0.18446134309804185,0.18043,0.17501799999999998,0.168876,0.162862,0.15659918782691812,0.14929356348075437,0.14340839548993056,0.13530108491740517,0.13152759344811613,0.1295654619283679,0.12621983819684812,0.1219391909842405
12-01-2026 13:20,25697.4,0.1245814642626743,0.13215229285253485,0.13003621913447344,0.12491865740342031,0.12198021913447343,0.11879600000000001,0.11585000000000001,0.11418800000000001,0.11253400000000001,0.11079429847814026,0.10901889543442078,0.11074629847814027,0.12025471677394256,0.1509581503218277,0.18042271677394256,0.18407800000000002,0.178824,0.17208283324220144,0.16370505128008433,0.15865248790264133,0.15497655155347997,0.14977400000000002,0.14355,0.137956,0.132824,0.1274701438693543,0.1226684316080629,0.11772
12-01-2026 13:25,25704.15,0.12732,0.12369,0.11979472882578818,0.11737018647736454,0.11439072882578818,0.11285910063634798,0.11308130190904395,0.11048522845674416,0.11066838346118854,0.10832012782039618,0.107584,0.11697623293145802,0.14382614923699533,0.16016658425932184,0.18103545044262126,0.184518,0.179292,0.173656,0.1672107180692054,0.1598701542076162,0.15433369878875647,0.14567099766120528,0.1407571472272072,0.13805658677901372,0.1329315938293851,0.1293785312764617,0.12534800000000001,0.12063
12-01-2026 13:30,25707.95,0.16035,0.14105425745190775,0.13758238459534144,0.12446512159470613,0.11712621482113907,0.11815194604458427,0.12106324026133158,0.119462,0.117358,0.11607200000000001,0.115262,0.115072,0.11587399999999998,0.131262,0.1732251099933671,0.18286932998010125,0.17808110999336707,0.17268,0.16648400000000002,0.16016878407805474,0.15362835223416424,0.14804678407805474,0.141906,0.1354462171029438,0.12903219113501585,0.12554483658149712,0.12197076107407825,0.1208461062394691
12-01-2026 13:35,25747.0,0.12697,0.127954,0.12278177412488847,0.11671279321294563,0.11414418663972907,0.1142114708382802,0.11297218806451254,0.1122685641935376,0.11008018806451253,0.108788,0.108494,0.10904599999999999,0.11018599999999999,0.12739999999999999,0.174762,0.187112,0.181444,0.17548399999999997,0.169478,0.163494,0.157786,0.15188600000000002,0.14512298626395329,0.13763095879185983,0.13360376677130842,0.12887634152206542,0.12457278050735515,0.12001
12-01-2026 13:40,25745.1,0.1288656846640487,0.13017668862845966,0.12121465508694974,0.1177355516956499,0.11588999999999999,0.113408,0.110722,0.10902400000000001,0.10789069015439853,0.10690545021097389,0.10697282939773332,0.10793737974777826,0.10929,0.12674000000000002,0.17290143198885896,0.18045280622643442,0.17561200287563858,0.17268563058147796,0.16897304010720676,0.163608,0.15779400000000002,0.15193800000000002,0.145684,0.13875286910217782,0.13136298824138176,0.12776201190672268,0.12490638093484828,0.12045
12-01-2026 13:45,25739.05,0.14182,0.13330199999999998,0.127636,0.12348599999999998,0.119396,0.115546,0.11256799999999999,0.110342,0.108898,0.10790999999999999,0.107688,0.108134,0.109346,0.1257793760489805,0.17091283259605847,0.18371948939633123,0.1804707044491169,0.17524599999999999,0.16899799999999998,0.16275,0.15695800000000001,0.15037265107242367,0.14267595321727106,0.13790865107242367,0.13364,0.12884400000000001,0.12468809114550627,0.1217504557275314
12-01-2026 13:50,25735.6,0.1356537596347535,0.12854269942043484,0.12715222194385545,0.1252888397922603,0.12178,0.11803799999999999,0.11430799999999999,0.11194799999999999,0.11053400000000001,0.10941243256417846,0.10877329769253538,0.10925243256417846,0.110448,0.127832,0.175518,0.18703999999999998,0.18181399999999998,0.17541953145015923,0.16778859435047772,0.16274553145015924,0.15747,0.151224,0.14474,0.138746,0.133638,0.1284,0.123458,0.11821
12-01-2026 13:55,25743.25,0.13752,0.126886,0.12543600000000002,0.122092,0.11799,0.11494200000000002,0.111818,0.10988600000000001,0.10858057573746548,0.10758372721239645,0.10731657573746549,0.10818098518762238,0.11011895556286715,0.1269266855671681,0.17462710113863714,0.18681525113742256,0.17836587502711515,0.17368121901833075,0.17012922275348466,0.164566,0.158566,0.152442,0.14531983063612564,0.13834749190837692,0.13370769375497607,0.12828758935655132,0.12440386311885043,0.11957
12-01-2026 14:00,25734.9,0.13141,0.12562358913530894,0.12274876740592683,0.12000071777361776,0.11655122717594438,0.11389465242136257,0.11110184126101791,0.109424,0.108218,0.107384,0.10772977516374409,0.10930546888262024,0.11008220533790808,0.127118143391388,0.17567,0.18695574764084316,0.18022324292252945,0.17586974764084315,0.170446,0.1624060716135562,0.15157333559008454,0.14579906681009802,0.14258401959429834,0.13922363294829415,0.134744,0.12899052061753016,0.12268356185259054,0.11936
12-01-2026 14:05,25732.75,0.13756,0.131042,0.125888,0.12592199999999998,0.122914,0.1178232161109295,0.1123556483327885,0.11098820563027093,0.10929896855802426,0.10887097892723158,0.10814196822367049,0.1170388984092326,0.14247956530935152,0.1596714239173151,0.1837068383053242,0.18741,0.181878,0.176204,0.169804,0.16288050865225584,0.15598952595676754,0.15006293088511544,0.1428792666985788,0.1376359776113985,0.1320706661356167,0.1275615553785389,0.12283999999999999,0.11768
12-01-2026 14:10,25739.35,0.1358523655223662,0.12957047310447323,0.1221196900713229,0.1178650702139687,0.1140436900713229,0.111648,0.10911799999999999,0.106886,0.106026,0.10553599999999999,0.10540999999999999,0.10634371640753122,0.10833914922259372,0.12615571640753123,0.17539,0.18799999999999997,0.18221319618453424,0.17482558855360272,0.16997319618453424,0.16450599999999999,0.15849600000000003,0.15165650040099524,0.14372350120298572,0.13874574168725218,0.13316972385877077,0.1292792412862569,0.12494999999999999,0.11911
12-01-2026 14:15,25729.15,0.13958,0.133334,0.12707800000000002,0.122316,0.118546,0.11539690240375336,0.11267870721126008,0.11022290240375336,0.108766,0.107886,0.107822,0.10840200000000001,0.109738,0.127452,0.175402,0.186824,0.18017826890183264,0.17141655211249923,0.16668750512283678,0.1626737454070014,0.157102,0.15097000000000002,0.14479799999999998,0.13883600000000001,0.132948487901266,0.12687746370379807,0.12298448790126602,0.11826
12-01-2026 14:20,25736.35,0.140198136113598,0.1425996272227196,0.138878,0.133222,0.12671862952803845,0.11939388858411532,0.11773262952803844,0.115974,0.113982,0.11194540325811929,0.11014620977435785,0.11094740325811928,0.11969419649899998,0.15182658949699995,0.18299819649899998,0.186774,0.18124800000000002,0.175904,0.16967,0.1609383553154721,0.14970975265216793,0.14419419668192876,0.14143203045335684,0.13726578124920172,0.132204,0.12633632653125496,0.12034297959376482,0.11595
12-01-2026 14:25,25762.75,0.13676,0.131882,0.127132,0.122588,0.117924,0.11425199999999999,0.11105999999999999,0.109012,0.10759400000000001,0.106598,0.10636622556329316,0.10710667668987948,0.1162849961718932,0.15125631182580013,0.1834481991874619,0.1858022857365857,0.18178142857886193,0.17612397310848307,0.1683659193254492,0.16395597310848306,0.15745530396776564,0.14812952695934106,0.14375214913589818,0.14009161505604417,0.13519399999999998,0.130056,0.12514999999999998,0.1197
12-01-2026 14:30,25753.1,0.1330850900232418,0.12170501800464835,0.11641,0.113812,0.11227956433148498,0.11185469299445494,0.10794956433148496,0.10567,0.104908,0.10498165725908556,0.10630697177725668,0.10601765725908555,0.106778,0.12506599999999998,0.17438328827295096,0.18541586481885294,0.181871288272951,0.17617324766432568,0.1680917429929771,0.1638052476643257,0.158728,0.152626,0.146426,0.14066,0.135532,0.130366,0.125418,0.12037
12-01-2026 14:35,25716.7,0.15174,0.145238,0.139092,0.13311399999999998,0.127668,0.123394,0.11827185047304103,0.11161958439378712,0.1090742610615432,0.10917496796819448,0.11071831166451016,0.11878567725172438,0.14160187718544792,0.15800021354254865,0.18153684543027476,0.185052,0.17947,0.174058,0.16791599999999998,0.161394,0.15502788439205706,0.14836565317617112,0.14242988439205703,0.136686,0.13144,0.125996,0.12188660979865636,0.1205630489932818
12-01-2026 14:40,25749.0,0.14146,0.13838021553555316,0.12914340517851775,0.12342931924651104,0.12002995773953312,0.11599331924651105,0.112972,0.110794,0.109292,0.108182,0.107882,0.10821268196700178,0.10893804590100534,0.12654668196700178,0.17526399999999998,0.187616,0.18157155922894294,0.17420467768682885,0.16868186029234725,0.16162890319021295,0.15660221329952023,0.15033373670834776,0.14511791223611592,0.139764,0.134412,0.129008,0.12469299382091109,0.1220849691045554
12-01-2026 14:45,25763.85,0.13183,0.13146163380328002,0.12374684289768617,0.11823089488977848,0.11526429829659282,0.11292200000000001,0.110292,0.10844871543825864,0.10800613176265686,0.10717545720090378,0.1063083417048879,0.10622078541900232,0.11591199723267588,0.1515279916980277,0.18440199723267592,0.1875076422025585,0.1816669266076755,0.1771536422025585,0.171514,0.164906,0.158796,0.15215858701769272,0.14469376105307816,0.1400465870176927,0.13529,0.12945990129406357,0.12323970388219069,0.11968
12-01-2026 14:50,25774.05,0.14353,0.13741799999999998,0.131242,0.12525108540102944,0.11902725620308834,0.11716708540102945,0.114514,0.11155689976873846,0.10947869930621537,0.10801489976873846,0.10727255928922523,0.10772435514308373,0.1084665911154493,0.12596667727540803,0.175892,0.18810603277312168,0.18157809831936506,0.17658603277312168,0.17062,0.16366024484319922,0.15653473452959765,0.15147624484319921,0.145506,0.13904518661083232,0.13255555983249695,0.1281491866108323,0.12403739364654298,0.1212669682327149
12-01-2026 14:55,25796.15,0.14247,0.137348,0.13137,0.125508,0.120482,0.116816,0.113716,0.111158,0.10964,0.10802388956514669,0.10701966869544009,0.10706788956514669,0.107782,0.12574000000000002,0.17637599999999998,0.18896600000000002,0.183116,0.17708200000000002,0.17000785008466845,0.1623595502540054,0.15694935110626262,0.15000450306478255,0.14444931495690527,0.1380014418059333,0.1331118909316401,0.12743623098898704,0.12402868657702527,0.1213830479034812
12-01-2026 15:00,25785.15,0.13593,0.13289,0.127364,0.122362,0.118144,0.114566,0.11192,0.10967712111571494,0.10746699766924232,0.10636402408200746,0.1059216343220975,0.105998,0.10655400000000001,0.12366026969040858,0.17207574433977618,0.1859410754960599,0.18238893526855043,0.176944,0.1699811457658377,0.1623154372975131,0.15750514576583768,0.15189999999999998,0.14443064312089096,0.1360608819027838,0.13177350074122374,0.12861495254011093,0.12414800000000001,0.11883
12-01-2026 15:05,25789.75,0.1304,0.125416,0.121482,0.11748000000000001,0.11413000000000001,0.111684,0.10922863324135595,0.10755789972406787,0.10624663324135596,0.10518058681571342,0.10487376044714027,0.10488658681571342,0.105532,0.12349537827264409,0.1740021348179323,0.18818337827264411,0.18361200000000003,0.1766772849824218,0.16690697351135347,0.16172464067468603,0.15833111856408807,0.152998,0.14665799999999998,0.140452,0.1344938676858233,0.12824960305746988,0.1243478676858233,0.11971
12-01-2026 15:10,25785.05,0.1333216358991892,0.12763832717983783,0.120806,0.11641941269016724,0.11284423807050172,0.11034541269016723,0.10820323917831773,0.10650171753495322,0.10493523917831774,0.10402644396242056,0.10493352683112181,0.1053636867482353,0.10564616880656326,0.12370065795423438,0.175732,0.1882601889959615,0.18245656698788457,0.17768618899596153,0.17149799999999998,0.16499200000000003,0.15776853682846148,0.1485502632008588,0.14336049497488468,0.1395706527154744,0.134656,0.129388,0.124502,0.11945
12-01-2026 15:15,25782.95,0.1428540997032248,0.13403946296012847,0.1243122758880374,0.11921368350824416,0.11702834682958688,0.11426399999999999,0.11136199999999999,0.10886799999999999,0.107174,0.105544,0.104846,0.10496,0.10575,0.124682,0.17618406964270794,0.18636934373300676,0.18262747405735677,0.1787751348048829,0.172606,0.166092,0.15937058144688437,0.15157974434065316,0.14629858144688437,0.14077399999999998,0.13462732726037774,0.12818998178113317,0.12388532726037772,0.11877
12-01-2026 15:20,25786.05,0.140815763655648,0.1331054184180533,0.12803675522897456,0.122888,0.11805600000000001,0.114612,0.111616,0.109084,0.107106,0.10553156811491904,0.1049534331955248,0.10494975466722208,0.10546872885076769,0.124702,0.178412,0.19174999999999998,0.18566367225757788,0.17605061647648937,0.17092247136884514,0.16588291108331066,0.15674051948052975,0.15141306740515018,0.1477825853418651,0.14221,0.13611,0.12947936953258266,0.12249810859774792,0.11872
12-01-2026 15:25,25801.35,0.13043,0.12105998696235648,0.11350565245590653,0.11424506166886776,0.11103675079170847,0.10623317766861413,0.10547705922287139,0.10468,0.103348,0.10197800000000001,0.101474,0.101554,0.10253,0.122326,0.17728,0.19368,0.18739000000000003,0.18014896700691396,0.1723069010207419,0.16692896700691398,0.16177399999999997,0.1547008476190233,0.1470725428570699,0.1419248476190233,0.136774,0.130884,0.12515800000000002,0.11944
13-01-2026 09:15,25853.0,0.10138,0.10092999999999999,0.10281859638612552,0.10708176772764617,0.10594853209393439,0.1014034406437983,0.10193922039320838,0.10132596458339571,0.09888505452674172,0.09902466107135813,0.09793022035711937,0.09791799999999999,0.09924999999999999,0.120272,0.179364,0.19545854104761723,0.18667562314285172,0.18139854104761724,0.17565,0.16949399999999998,0.163378,0.15723,0.1498090151307837,0.1420590453923511,0.1383650151307837,0.133572,0.128244,0.12266
13-01-2026 09:20,25825.4,0.1301,0.12155200000000001,0.116746,0.11370400000000001,0.11084200000000001,0.10839,0.106144,0.104876,0.103648,0.102474,0.102044,0.10246999999999999,0.103524,0.12334026146575874,0.17866678439727623,0.19395226146575872,0.187692,0.180222,0.174354,0.168628,0.16154218392573597,0.15261351038466678,0.1467790597481128,0.1421345920972398,0.13648290046934253,0.13137563348978085,0.126272,0.12052
13-01-2026 09:25,25818.35,0.07494,0.09571909643664038,0.08837736606330918,0.09206300175328716,0.09017166725109572,0.090274,0.091984,0.09343200000000002,0.0947,0.095524,0.096574,0.097802,0.099472,0.12043002752889714,0.17774208258669139,0.19462802752889713,0.19000999999999998,0.18188088608742808,0.17396465826228424,0.16886747805178604,0.16279777589307387,0.1581485109032425,0.1510777568166536,0.14643312272185877,0.14073361134892265,0.13757320378297422,0.134058,0.1289
13-01-2026 09:30,25766.85,0.09386,0.11002307290128821,0.1028726377838126,0.10080484045014956,0.0986096579523881,0.09646213340701473,0.09849337780233824,0.09935263936868587,0.09915591810605758,0.09993752646405876,0.1008286612861187,0.10225488709537289,0.104234,0.124386,0.177262,0.18908200000000003,0.18595599999999998,0.18083,0.17436200000000002,0.16782,0.161005622078275,0.15374686623482506,0.14847762207827503,0.14334,0.138294,0.133284,0.128762,0.12387
13-01-2026 09:35,25737.7,0.11826,0.11881976291529199,0.11246458763843066,0.109886,0.10844090625405133,0.10607942744219234,0.10589703229416647,0.10610870868003838,0.10609,0.105786,0.106034,0.106836,0.10825399999999999,0.127048,0.178698,0.1920075537148226,0.1834126611444678,0.1776195537148226,0.171582,0.16520400000000002,0.159286,0.153124,0.146702,0.14083400000000001,0.13573400000000002,0.13003850759587932,0.12395952278763796,0.12088
13-01-2026 09:40,25732.1,0.1152609511093794,0.11588732825128732,0.11479741408823432,0.11173863709192143,0.10840449718752994,0.10850549906250997,0.107768,0.106944,0.106606,0.1063,0.10666,0.107488,0.108912,0.127414,0.177328,0.18990200000000002,0.18470799999999998,0.17838199999999999,0.17139,0.16494799999999998,0.15893000000000002,0.15256999999999998,0.145932,0.14016800000000001,0.135158,0.130052,0.125122,0.12017
13-01-2026 09:45,25766.4,0.10985,0.10519139951804726,0.10581819855414178,0.10031139951804727,0.098636,0.0998461173688059,0.10239561124124623,0.10244989477329147,0.10036925913482853,0.099912,0.10080800000000001,0.102188,0.104116,0.12331905984468676,0.17485517953406027,0.18956505984468675,0.185564,0.17894800000000002,0.17214799999999997,0.16595000000000001,0.1591144823406375,0.15176344702191244,0.14666248234063747,0.141436,0.13667,0.131828,0.12735,0.12286
13-01-2026 09:50,25750.85,0.11754,0.11380799999999999,0.112354,0.108888,0.106396,0.10530600000000001,0.104494,0.104466,0.104294,0.103856,0.10417270647401819,0.10498011942205455,0.1069707064740182,0.126424,0.17764809987521868,0.18948029962565602,0.1847280998752187,0.17837,0.17184600000000003,0.16532000000000002,0.15828944740346892,0.14954732944806076,0.14444840911643092,0.140456987237654,0.13557,0.1311690312385999,0.12932030581413018,0.127486060491652
13-01-2026 09:55,25731.0,0.10362,0.104784,0.103956,0.1054501598359432,0.10801847950782961,0.10542615983594321,0.10386599999999999,0.10389200000000001,0.104254,0.10455600000000001,0.105352,0.10652,0.108336,0.127312,0.17779399999999998,0.190338,0.18260812597860163,0.17082597519901835,0.16471436672783088,0.16103994414197978,0.15787744895958875,0.153,0.14601249254387527,0.1387474776316258,0.13522049254387525,0.131152,0.126744,0.12208
13-01-2026 10:00,25714.65,0.14097,0.134306,0.130124,0.126362,0.121754,0.118458,0.115852,0.11394599999999999,0.112756,0.11171400000000001,0.11129369292238911,0.11147107876716736,0.12040788410467164,0.15276857354684756,0.18402419118228253,0.18797399999999997,0.182402,0.17590226826053623,0.16754080478160865,0.16154626826053622,0.155792,0.14945,0.142792,0.13683800000000002,0.13130999999999998,0.126244,0.121394,0.11621
13-01-2026 10:05,25746.85,0.12843,0.125022,0.12024399999999999,0.11677799999999999,0.11426,0.11212200000000001,0.110344,0.10905000000000001,0.10835000000000002,0.10797400000000001,0.107746,0.10855321718597205,0.11040565155791611,0.12825921718597205,0.17722,0.1875357448111529,0.1804972344334587,0.1755417448111529,0.170346,0.16432000000000002,0.15824000000000002,0.152022,0.14538600000000002,0.13886985395059656,0.13206956185178967,0.12830985395059655,0.1244,0.11968
13-01-2026 10:10,25759.95,0.10494,0.10379,0.10287400000000001,0.10197,0.10137199999999999,0.1017779204516553,0.10157976135496591,0.1010859204516553,0.10128,0.101814,0.102518,0.103544,0.105286,0.125226,0.1785,0.192084,0.18451487363542418,0.1741887011787245,0.16889311445277996,0.16547408027245192,0.15947334332328825,0.1519740299698647,0.146457946921583,0.14032181079488432,0.13622060359829477,0.131638,0.1277819079139755,0.1247895395698775
13-01-2026 10:15,25754.7,0.10612,0.10711800000000002,0.10499800000000001,0.103526,0.102756,0.10237937364951896,0.10148212094855688,0.10171537364951896,0.10224200000000001,0.10250999999999999,0.103178,0.10432000000000001,0.10600599999999999,0.12568,0.177786,0.190686,0.18547,0.179734,0.172306,0.165502,0.1586964285615164,0.15118528568454914,0.14608642856151638,0.14037778310410737,0.13326888934969325,0.12914040321622067,0.12652653946154202,0.1239249971208546
13-01-2026 10:20,25761.35,0.12196,0.11866917368643608,0.11410372456214538,0.109654,0.1073899300290736,0.1057777900872208,0.10491593002907361,0.10415,0.103832,0.103592,0.103946,0.104898,0.11553905232564188,0.15297715697692565,0.18628336486923938,0.1888229376307925,0.1837316350204995,0.17687596743070602,0.17127732247690203,0.16552599999999998,0.159516,0.153222,0.146572,0.140704,0.135182,0.13005,0.125332,0.12025
13-01-2026 10:25,25770.15,0.14012,0.13318400000000002,0.12699,0.122176,0.11734016338595132,0.11186449015785396,0.11112416338595131,0.110036,0.10896,0.10806600000000001,0.107406,0.107574,0.10868599999999999,0.127388,0.17808835004263354,0.18965905012790063,0.18498435004263353,0.17892401266477154,0.17061203799431457,0.16465001266477153,0.15816435459668018,0.1506010637900406,0.14443682162091953,0.13805340107271802,0.13304846702423934,0.12778,0.12349368133259975,0.1216884066629987
13-01-2026 10:30,25804.6,0.13282,0.11705607713522717,0.10787535904507572,0.106964,0.106612,0.10541,0.10384989094897991,0.10405673491632192,0.10434987088376298,0.1035454432492919,0.10177079372663658,0.10245312297781833,0.10514936893345501,0.12377596566316415,0.1775105280560374,0.1932828426853458,0.188394,0.18192799999999998,0.175052,0.16742822146379427,0.15945266439138278,0.1533166110145474,0.1441039990086227,0.139456880619843,0.1357404988917452,0.1294590056061457,0.1258456685353819,0.12147
13-01-2026 10:35,25783.95,0.12325,0.111966,0.10782599999999998,0.107162,0.10529000000000001,0.10321799999999999,0.102332,0.10231331522533071,0.10259528486755519,0.10249333280001985,0.10231933919156304,0.102828,0.104312,0.12351166799991184,0.17553324025472103,0.19090037676486832,0.1868602362549855,0.180438,0.17337832619408772,0.16615497858226308,0.1609643261940877,0.15453469030027284,0.14687207090081852,0.14198069030027285,0.137024,0.131264130747733,0.12556439224319893,0.12165
13-01-2026 10:40,25772.4,0.11286,0.10357600000000002,0.101546,0.10477800000000001,0.10506599999999999,0.104362,0.103222,0.10252,0.10238,0.102134,0.10298143786520954,0.10496231359562862,0.10566543786520954,0.125172,0.17775237799246574,0.1886162036679927,0.1833175870642522,0.17949306969059547,0.17325,0.1654077800435193,0.15584972515282608,0.15065493511032382,0.14730038502226817,0.1411949118175173,0.13420473545255196,0.13039291181751733,0.12609599999999999,0.12107
13-01-2026 10:45,25763.45,0.1172933213108043,0.11557866426216086,0.10917999999999999,0.11027699562824071,0.10920098688472216,0.10768499562824073,0.10677599999999998,0.10629,0.10534,0.10453200000000001,0.104722,0.10558400000000001,0.106548,0.12553,0.17704783073371305,0.18935949220113923,0.18447983073371305,0.178968,0.171318,0.164418,0.15825,0.151712,0.14512,0.139248,0.13350282135647823,0.12715246406943473,0.12294682135647825,0.1189
13-01-2026 10:50,25794.3,0.11933,0.114618,0.11143098529184078,0.10892087621213775,0.10651008696800655,0.1036859423355744,0.10047184694076877,0.1014495188233473,0.0994485062744491,0.09860000000000001,0.09895,0.09998,0.101814,0.122304,0.177156,0.190812,0.18529,0.17912599999999998,0.17256,0.16609000000000002,0.159656,0.15367,0.147332,0.14144600000000002,0.13489299276343936,0.12626819444460527,0.12230464122630105,0.12139
13-01-2026 10:55,25765.7,0.1186798240260527,0.12403396480521056,0.11988000000000001,0.116014,0.11284137603888664,0.11094212811665993,0.10856737603888665,0.10655600000000001,0.105522,0.104592,0.104458,0.10479218022676959,0.1055285406803088,0.1247801802267696,0.175608,0.188356,0.182984,0.176708,0.16898778615449264,0.16039436586637604,0.15533480836318697,0.1505650074028981,0.14433800000000002,0.138246,0.132814,0.127684,0.12271800000000001,0.11766
13-01-2026 11:00,25784.9,0.11114,0.11213,0.10458,0.104112,0.1051967233920103,0.10714113195019737,0.10613360871450968,0.10241896177416646,0.101208,0.100956,0.10126399999999999,0.10239918172056554,0.10427354516169662,0.12331318172056555,0.17578853010178458,0.1876995903053537,0.18321453010178457,0.1765227067962183,0.1685981203886549,0.1641227067962183,0.15859399999999998,0.152546,0.14600400000000002,0.140044,0.13480599999999998,0.12879798917196067,0.12240196751588203,0.11948
13-01-2026 11:05,25771.65,0.13216,0.12211799999999999,0.119544,0.117296,0.114114,0.1114276047092965,0.10864681412788949,0.1072316047092965,0.10631800000000001,0.105436,0.10512800000000001,0.105438,0.106382,0.12509399999999998,0.176392,0.188858,0.18232030187577944,0.17486490562733828,0.16934230187577942,0.16309600000000002,0.15589,0.150158,0.143906,0.13793037045490486,0.1321671113647146,0.12731637045490485,0.12344912729862223,0.1219656364931111
13-01-2026 11:10,25787.85,0.11856,0.11046199999999999,0.10983,0.10946,0.107192,0.10566999999999999,0.10453674513297158,0.10405423539891476,0.10269274513297158,0.101654,0.101738,0.10271474695990597,0.10462224087971793,0.12329074695990597,0.17538264484865068,0.18753193454595204,0.18308464484865067,0.177704,0.17104599999999998,0.16468,0.15831199999999998,0.151942,0.14529799999999998,0.14012596053209955,0.13695215644911946,0.13373673724843188,0.131560601509328,0.1303123509144861
13-01-2026 11:15,25787.55,0.1150916571637331,0.1105475685194823,0.11045774569557856,0.10956400000000001,0.107696,0.105562,0.103526,0.102414,0.10189600000000001,0.10121599999999999,0.101404,0.10226400000000001,0.103116,0.122508,0.175622,0.188864,0.183282,0.17713600000000002,0.17043199999999997,0.163712,0.15688913183754186,0.14944939551262554,0.14406313183754182,0.13891599999999998,0.133772,0.12846,0.1243213279757236,0.121876639878618
13-01-2026 11:20,25784.1,0.12704,0.1182,0.112948,0.10894800000000002,0.106598,0.10492000000000001,0.10297,0.10220400000000002,0.10172084933087847,0.10113854799263539,0.10096084933087845,0.10154,0.102818,0.12232599999999999,0.17543200000000003,0.188672,0.182704,0.1763,0.169622,0.16315400000000002,0.15682,0.150922,0.14434,0.138566,0.13297025487823827,0.12680076463471485,0.12281425487823829,0.11825
13-01-2026 11:25,25786.2,0.12557,0.12387400000000001,0.115886,0.11344608933168512,0.11033426799505536,0.10830408933168512,0.105988,0.10407978707825946,0.10297536123477838,0.10230629108353748,0.10217551201583407,0.10262761711466682,0.1042853393281664,0.1230671131093888,0.175542,0.18805566476212288,0.18057099428636864,0.17540766476212288,0.16922600000000002,0.162606,0.155719883715117,0.148107651145351,0.142907883715117,0.13717488347759288,0.13091865043277864,0.12686288347759286,0.12240199999999998,0.11716
13-01-2026 11:30,25793.55,0.12837,0.123538,0.1186508323127886,0.1143504969383658,0.1119048323127886,0.1095238660529021,0.10566012417190514,0.10406944409249862,0.10385052601319883,0.103246,0.10294800000000001,0.103218,0.104044,0.12311,0.17591,0.189188,0.18276000000000003,0.175952,0.169092,0.16281,0.156784,0.150532,0.14369200000000001,0.137716,0.132368,0.127092,0.12264948889704216,0.1198874444852108
13-01-2026 11:35,25814.5,0.11175,0.11453185607821567,0.10989928535940521,0.106568,0.10488399999999999,0.102982,0.101296,0.10000148124002939,0.09921844372008815,0.09911348124002939,0.09964145529156579,0.10066236587469733,0.1095011218313298,0.14426259257257107,0.17994117851827734,0.18692379230930772,0.18273865483331062,0.17549576514390314,0.1702299217146344,0.16428399999999999,0.15811199999999997,0.151868,0.145288,0.13951399999999997,0.13364650806833206,0.12706552420499617,0.12361250806833204,0.11932
13-01-2026 11:40,25811.5,0.09832,0.1073356501537923,0.10110897190650764,0.09778290819571633,0.09781000000000001,0.09755,0.096936,0.096696,0.09691,0.096902,0.09744,0.098246,0.099636,0.11943201696902292,0.17317405090706878,0.18812201696902292,0.183492,0.177242,0.17069,0.16420800000000002,0.15729068979631625,0.1493240693889487,0.14448068979631626,0.139956,0.13420322381696287,0.12755167145088864,0.12436322381696288,0.12026
13-01-2026 11:45,25782.05,0.12434,0.11489318648683042,0.10622555946049127,0.10754118648683042,0.108112,0.10535887153241665,0.10112661459724993,0.10170687153241664,0.10179200000000001,0.10128181170279454,0.10158294171901784,0.10187098404775458,0.1028074641498063,0.12187208501331272,0.17285229750076608,0.18627543250025536,0.18099800000000002,0.174672,0.168006,0.161824,0.155726,0.14952600000000002,0.14300600000000002,0.13727,0.132092,0.1268917579527055,0.12156127385811644,0.11725
13-01-2026 11:50,25785.0,0.0963,0.09449400000000001,0.09560199999999999,0.09768000000000002,0.098806,0.09807600000000001,0.097106,0.09697399999999999,0.09728400000000001,0.0979694757872805,0.09961200544597587,0.10029221003968362,0.10096757808413437,0.12064799999999999,0.17417000000000002,0.1862391407717414,0.17874742231522414,0.17409914077174138,0.16784227070113505,0.16017281210340512,0.15579027070113502,0.150526,0.144032,0.13835199999999997,0.13318,0.12831399999999998,0.12409145658870607,0.1203172829435304
13-01-2026 11:55,25762.65,0.13302,0.11536902721199072,0.10456901434482642,0.10253482533855351,0.10400793270885426,0.10336800000000002,0.10178,0.101022,0.100962,0.100774,0.10113599999999999,0.10190800000000001,0.103294,0.122276,0.173092,0.185122,0.17935000000000004,0.17292,0.1659330623483049,0.15887318704491477,0.15436506234830494,0.14886,0.14234,0.13633607329483702,0.13055421988451107,0.12586811737630707,0.12061013224441018,0.11746
13-01-2026 12:00,25747.9,0.11514,0.110906,0.107678,0.10673400000000001,0.10527800000000001,0.104108,0.10324061348417614,0.10302384045252837,0.10216261348417613,0.10173399999999999,0.10206599999999999,0.102798,0.104222,0.123076,0.173504,0.185702,0.178996,0.17216399999999998,0.16578199999999998,0.159768,0.15319370989841852,0.14554712969525557,0.1407257098984185,0.135908,0.13084600000000002,0.12521840371266502,0.11922521113799507,0.11652
13-01-2026 12:05,25735.35,0.11577,0.11025864020488314,0.10928021340162772,0.10937799999999999,0.10813600000000001,0.10609135081949654,0.10364405245848962,0.10334735081949654,0.10343200000000001,0.10318,0.10352,0.104156,0.10547600000000001,0.12340623126383866,0.17144069379151597,0.18428823126383864,0.17825600000000003,0.171238,0.164784,0.158812,0.15215064982855808,0.14447394948567419,0.13930454037328996,0.13364767163419564,0.12912789054473187,0.12385064130312495,0.11765192390937487,0.11497
13-01-2026 12:10,25733.45,0.1140937433504614,0.10732874867009229,0.10307862443290433,0.1056614759089908,0.10517943226373783,0.10111760261027784,0.099884,0.09981000000000001,0.099988,0.10037,0.101212,0.102272,0.10394,0.12273600000000001,0.17204999999999998,0.183896,0.178348,0.17155399999999998,0.16567199999999999,0.159756,0.1531355148444186,0.14559254453325576,0.14126351484441857,0.136466,0.13179400000000002,0.12611531926238992,0.11975395778716975,0.11837
13-01-2026 12:15,25722.55,0.11631,0.11103898911692622,0.11304099637230873,0.112578,0.110202,0.10721864333973424,0.10342993001920277,0.10406464333973424,0.10454,0.10407,0.104114,0.104908,0.1140908731342653,0.1474326194027959,0.17936887313426528,0.182918,0.17758200000000002,0.17045993247895294,0.1611212672180217,0.1561083418224416,0.15219346978116288,0.146542,0.140134,0.134172,0.128998,0.12404799999999999,0.119474,0.11474
13-01-2026 12:20,25724.7,0.10816,0.105766,0.10455400000000001,0.103514,0.10325918418928506,0.10432955256785519,0.10228318418928506,0.10096,0.101006,0.101122,0.101656,0.10266600000000001,0.10458400000000001,0.12316200000000001,0.171574,0.18291400000000002,0.17705850768411427,0.16952752305234284,0.1643225076841143,0.15917199999999998,0.15362199999999998,0.147914,0.1408870957304772,0.1337192871914316,0.1303070957304772,0.12619000000000002,0.12180479037301102,0.1169539518650551
13-01-2026 12:25,25714.0,0.11595,0.120364,0.11943399999999998,0.116538,0.11240572513535618,0.10839317540606853,0.10797172513535618,0.107298,0.106476,0.105772,0.10572800000000002,0.106294,0.107578,0.12455840631822998,0.16967321895468992,0.18124040631823,0.176122,0.16926128700623266,0.16001349987320165,0.15497420356974387,0.15058115732967248,0.1440845554255062,0.13834751847516874,0.132878,0.127636,0.12256,0.11778,0.11295
13-01-2026 12:30,25723.0,0.11512,0.110092,0.105576,0.103338,0.10237800000000001,0.10148199999999999,0.100648,0.10106868180423675,0.10244004541271022,0.10145468180423674,0.101506,0.10328626546901373,0.10672679640704122,0.12398226546901375,0.1697563083686138,0.1758797246041803,0.17023619633480444,0.16720926791186075,0.16394348947117393,0.1580986773571475,0.15106203207144245,0.14680667735714747,0.14052437317465455,0.13342711952396363,0.12907417237448082,0.12354939759947885,0.12065779919982628,0.11704
13-01-2026 12:35,25717.45,0.11999,0.114288,0.110684,0.107518,0.10536999999999999,0.10407999999999999,0.10287975734843749,0.10192127204531251,0.10229557871629182,0.10192746410356296,0.10272982136785432,0.10443392714817404,0.10702378144452211,0.12414792714817402,0.170856,0.18222799999999997,0.176152,0.1682867944961165,0.1595506861156442,0.15525370237800082,0.15169630262729478,0.14623688438359445,0.1393766531507833,0.13378995658587534,0.12817321660684272,0.1241050722022809,0.12086324817001103,0.1197262408500551
13-01-2026 12:40,25710.25,0.11488,0.10820799999999998,0.105728,0.10466800000000001,0.10339999999999999,0.102378,0.10155199999999999,0.101178,0.10124999999999999,0.10135,0.102156,0.10346,0.11327942494397429,0.1472202748319229,0.1782234249439743,0.181432,0.1752632844311899,0.16790385329356977,0.16236490704297132,0.1562048678353442,0.15135962261178143,0.14534818496488908,0.1374260914655718,0.13275679467760276,0.12921753657090457,0.124832,0.1213749411126108,0.120094705563054
13-01-2026 12:45,25702.9,0.09992,0.1009413012083317,0.09922776706944389,0.098436,0.098326,0.098474,0.09851000000000001,0.098798,0.09962800000000001,0.10063972870026913,0.10241118610080738,0.10345572870026913,0.10557000000000001,0.124222,0.171234,0.181694,0.176778,0.170704,0.164584,0.158614,0.15312399999999998,0.147654,0.14158199999999999,0.13631400000000002,0.131452,0.126694,0.122546,0.11824
13-01-2026 12:50,25667.1,0.10716,0.10692095180993641,0.1036364143419352,0.10154562854631438,0.103281558912126,0.103452,0.10266,0.102308,0.102728,0.103144,0.104186,0.105766,0.108248,0.12597,0.169985782629654,0.179623347888962,0.17431590543372033,0.16698036841219896,0.16219212280406634,0.15720199999999998,0.151624,0.14541810693802643,0.1385503208140793,0.13419810693802645,0.129794,0.125138,0.120924,0.11684
13-01-2026 12:55,25659.75,0.11791,0.1093055126998342,0.10626020918969978,0.10341311486926515,0.10419037162308839,0.10415400000000001,0.103292,0.10288399999999999,0.103028,0.10346979742588039,0.10472539227764113,0.11434576544295147,0.1403696682079916,0.15716926048740615,0.17857576415677837,0.1804204975135478,0.1722034925406434,0.1669264975135478,0.16202853141421805,0.15526359424265418,0.15008991997719906,0.143670165688943,0.1386108990528387,0.13289853146957303,0.12933951048985767,0.12566363410997541,0.1228521293510076,0.1209161351054067
13-01-2026 13:00,25645.05,0.10976,0.10865999999999999,0.107088,0.105212,0.103778,0.10284399999999999,0.10218,0.101792,0.10198800000000001,0.102636,0.10409200000000002,0.10671615631190298,0.11095246893570893,0.127570156311903,0.170674,0.17989323450546013,0.17316970351638034,0.1679612345054601,0.161662,0.155978,0.150344,0.14406766259735201,0.1357194148209238,0.13091694368395523,0.12801242702886773,0.12407599999999999,0.119988,0.11595
13-01-2026 13:05,25639.05,0.1104484193431293,0.11449968386862586,0.112824,0.111508,0.10899549998223514,0.10569849994670542,0.10585749998223515,0.10549800000000001,0.105246,0.105714,0.10700599999999999,0.108736,0.11854693297759385,0.1501407989327815,0.17885693297759384,0.18083110424464238,0.17355131273392707,0.16804710424464236,0.162496,0.15638800000000003,0.15033000000000002,0.14427731813118047,0.13741595439354143,0.13251131813118047,0.12798199999999998,0.123204,0.118892,0.11472
13-01-2026 13:10,25669.25,0.10935,0.107756,0.105032,0.10554132174305961,0.10608796522917885,0.10370732174305962,0.102254,0.10227224716570821,0.10332874149712461,0.1031022471657082,0.10416199999999999,0.1143432599446156,0.14163626434130883,0.15901871346700167,0.17973853361891612,0.18128614733436232,0.1768900491114541,0.171036,0.164358,0.15692879494570133,0.14759867981404334,0.14289767987651936,0.1390050280470218,0.13293219921024738,0.12938073307008247,0.1246784471302873,0.11934534139086189,0.11724
13-01-2026 13:15,25650.75,0.12082,0.113634,0.112912,0.111986,0.109794,0.107583351285662,0.105540053856986,0.10545135128566199,0.10574679340203695,0.10687710012716092,0.10788443315364477,0.10893515988642298,0.11127747998845765,0.1283576445358114,0.17078293360743418,0.18055452924689194,0.17250001722802505,0.16778697399543063,0.16360736309478335,0.157814,0.151816,0.14599800000000002,0.13918714304137608,0.13246742912412823,0.12869314304137608,0.1240600195929308,0.1189380587787924,0.11605
13-01-2026 13:20,25659.9,0.1205,0.11499124471179267,0.11279881073521404,0.11113414843673118,0.108874,0.107082,0.10566759923248104,0.10464079769744312,0.10451959923248105,0.104884,0.10606800000000001,0.1077,0.1176804118012698,0.1502932354038094,0.1798624118012698,0.1829,0.17721599999999998,0.170954,0.16275205412849544,0.15361264237191186,0.14899949408777202,0.14537047998642552,0.13955,0.1333662126263973,0.12732263787919196,0.12323704488550623,0.11884249677732671,0.11548
13-01-2026 13:25,25660.75,0.12224,0.11687600000000001,0.110822,0.10705264337435429,0.10602393012306285,0.10380864337435429,0.10243000000000001,0.101916,0.102096,0.102654,0.104036,0.10653265906702218,0.11060997720106655,0.12777465906702218,0.172564,0.18259021855724336,0.17583065567173004,0.16928710896713645,0.15959747903520613,0.15460731382647366,0.15119480780552685,0.14536951353686733,0.13788254061060198,0.13358351353686732,0.129018,0.12442399999999999,0.12047799999999999,0.11627
13-01-2026 13:30,25661.85,0.11661,0.11327,0.11028874723366668,0.10794824170100004,0.10826874723366668,0.107428,0.105852,0.104718,0.10436,0.10453199999999999,0.10552,0.10711799999999999,0.10960400000000001,0.12712258832074289,0.17110576496222862,0.1812422469849463,0.1730772546092074,0.167812494513995,0.16323027861659722,0.157586,0.15184,0.14555200000000001,0.139008,0.13334200000000002,0.128328,0.123568,0.119314,0.11493
13-01-2026 13:35,25679.45,0.11288,0.10946,0.10624,0.104708,0.10385244376867159,0.1035793313060148,0.1016544437686716,0.10073,0.100804,0.101302,0.10264000000000001,0.104378,0.106924,0.125912,0.173454,0.18441200000000002,0.17858,0.17214000000000002,0.1642632877037088,0.15626786311112634,0.15211528770370877,0.147082,0.140756,0.13424401166712008,0.12757803500136025,0.12432001166712009,0.120836,0.11675
13-01-2026 13:40,25665.55,0.11343,0.11312,0.11245860060851427,0.10912180182554282,0.1082898633537519,0.10630978823571288,0.10501321628641781,0.10325386062354056,0.10355232266980499,0.10347510738587445,0.10490636912862482,0.106612,0.10906,0.12664670437186193,0.17087611311558576,0.18221470437186194,0.176126,0.16970600000000002,0.162262,0.1548408865339262,0.14665319348674444,0.14193848818882387,0.13747653388496592,0.132248,0.12716799999999998,0.12242600000000001,0.11819,0.11372
13-01-2026 13:45,25671.3,0.11584,0.11036195585098933,0.10694865195032978,0.105456,0.10374,0.10281463273593192,0.10261789820779577,0.10197690974259563,0.10260883101999116,0.10204627700666373,0.10278200000000001,0.10447000000000001,0.10711400000000001,0.125412,0.17143400000000003,0.18134268617577393,0.1709432639897951,0.16556030256319396,0.16196720546247334,0.15690199999999999,0.151082,0.145248,0.13906000000000002,0.13356200000000001,0.128672,0.12402800000000001,0.12019815737452869,0.1166807868726434
13-01-2026 13:50,25672.15,0.11731,0.11298,0.109316,0.107244,0.10553,0.10398600000000001,0.102748,0.10226129919452043,0.10270989758356125,0.10272529919452042,0.10356,0.105374,0.108014,0.12602,0.17125200000000002,0.182552,0.175384,0.16799828655158738,0.1607368596547621,0.15442908030728608,0.14568763408945573,0.1410325522227776,0.13740325282235963,0.132482,0.127446,0.122798,0.118686,0.11428
13-01-2026 13:55,25662.15,0.11435,0.113804,0.11034143015609288,0.10720229046827864,0.10685743015609289,0.105464,0.10395599999999999,0.10309742178511691,0.10271626535535076,0.10342142178511692,0.104578,0.10634,0.10901,0.12657000000000002,0.170794,0.18192400000000003,0.175242,0.16729855347336414,0.15778817175618207,0.15264208748163322,0.1490085113360897,0.14421,0.13829,0.132834,0.127948,0.12288025023297638,0.11776475069892914,0.11462
13-01-2026 14:00,25659.5,0.10596,0.1071704927442966,0.10384749758143219,0.102922,0.10260919029349647,0.10211557088048938,0.10125519029349644,0.10078799999999999,0.100972,0.1017,0.103236,0.105274,0.108106,0.12614,0.16896602488498075,0.17425820403488998,0.168397444076564,0.1650292225351671,0.16138303105173973,0.156152,0.15029399999999998,0.14397688558773286,0.1370086567631986,0.13295488558773286,0.128876,0.124402,0.12038599999999999,0.11642
13-01-2026 14:05,25647.55,0.11484,0.11140800000000001,0.108954,0.10710199999999999,0.1052635597305097,0.10316867919152911,0.1029515597305097,0.10261,0.10269,0.103226,0.10458250310944275,0.10658550932832828,0.11635911971291495,0.14809584981041654,0.176762019310099,0.17878620811988039,0.1737754027066268,0.16701642176534875,0.15960926529604622,0.15471242176534872,0.14878007635960683,0.14206022907882046,0.13720007635960682,0.132358,0.127642,0.12299,0.11909,0.11494
13-01-2026 14:10,25642.55,0.1117079881840974,0.10581328399919263,0.10632905908711943,0.10406968636237314,0.10209,0.101256,0.100354,0.09998599999999999,0.1007969197779138,0.1023847593337414,0.1029749197779138,0.104712,0.10777600000000001,0.12571,0.16953800000000002,0.17963200000000001,0.173688,0.167066,0.15993425967174266,0.15263077901522798,0.14839025967174263,0.143558,0.13685335712312813,0.1302000713693844,0.12664135712312813,0.12267199999999999,0.11867799999999999,0.11476
13-01-2026 14:15,25631.25,0.11749,0.11310800000000001,0.109972,0.107882,0.10588399999999999,0.104108,0.10299399999999999,0.102398,0.10228199999999998,0.10256832159662034,0.10381296478986102,0.10598832159662033,0.10901,0.1257510365904821,0.1667371097714463,0.1772250365904821,0.17209000000000002,0.165786,0.158848,0.15262399999999998,0.14710399999999998,0.14157999999999998,0.135508,0.12978930698379187,0.12441192095137558,0.12048530698379187,0.116718,0.1122
13-01-2026 14:20,25627.6,0.1081169993737871,0.10562339987475743,0.10244,0.10111200000000001,0.100328,0.09998535713841152,0.10010407141523456,0.09956135713841152,0.09987800000000001,0.100856,0.10273200000000002,0.105144,0.10837599999999999,0.125822,0.168074,0.17680859388589448,0.16976778165768336,0.16503659388589445,0.159146,0.15259725885961717,0.1461097765788515,0.14194325885961717,0.136602,0.13047398383530218,0.12363422547397318,0.1197968057395021,0.11773627396806663,0.11427
13-01-2026 14:25,25619.65,0.10956,0.10913600000000001,0.106398,0.1042708446614493,0.1021965339843479,0.1018668446614493,0.10176400000000001,0.10154047083616373,0.10203541250849121,0.10293364163543561,0.10514951239781564,0.10667517079927188,0.10947000000000001,0.126674,0.168098,0.17536335393053293,0.16412468010233183,0.1585097960760342,0.15544637995063923,0.15194258721330206,0.14601346409762134,0.13775425012520376,0.13298703759464056,0.12971785783233974,0.125512,0.121092,0.117224,0.11306
13-01-2026 14:30,25622.55,0.12078,0.12006999999999998,0.11709599999999999,0.11341270371699519,0.10931611115098554,0.10833870371699518,0.10732399999999999,0.106192,0.10575399999999999,0.10595399999999999,0.10702999999999999,0.108876,0.11172800000000001,0.127784,0.16730199999999998,0.176968,0.1708,0.16399400000000003,0.157342,0.15098599999999998,0.14444821861893467,0.13610089090050514,0.131220923750038,0.1279242350437011,0.12333088262100841,0.11806064786302525,0.11493597481269165,0.1130654609584161
13-01-2026 14:35,25644.0,0.12605,0.1210491725018506,0.11718551750555181,0.1135331725018506,0.11047799999999999,0.108328,0.10644800000000001,0.10503399999999999,0.10450999999999999,0.10466999999999999,0.1061995572253662,0.10880867167609859,0.11697727583074069,0.14496217944448087,0.17138678949044658,0.17571902362835734,0.17086800000000002,0.1640506058626024,0.1559218175878072,0.1510186058626024,0.145706,0.139938,0.133878,0.128438,0.12346599999999999,0.11871799999999999,0.11509730674200525,0.1126365337100263
13-01-2026 14:40,25667.6,0.12795,0.11674016226592451,0.11503738742197483,0.11334583189609658,0.10900349568828975,0.10729139249932919,0.1048446818096978,0.1046095606032326,0.10431199999999999,0.104088,0.10492399999999999,0.10652,0.10896600000000001,0.125518,0.167352,0.17815799999999998,0.171938,0.165078,0.158664,0.153126,0.14637634604117394,0.13756766336428985,0.13291222176347817,0.12902072961644087,0.1234683131270184,0.1191501043756728,0.115012,0.1102
13-01-2026 14:45,25695.95,0.1173,0.110818,0.107518,0.105566,0.10372200000000001,0.102226,0.101008,0.10089692046538727,0.10201915632811276,0.10204610526124004,0.10177039493195092,0.10321,0.1136169400550214,0.1466528201650642,0.1765349400550214,0.18046600000000002,0.173996,0.167458,0.16136199999999998,0.15541,0.149402,0.143692,0.137786,0.132356,0.127368,0.122594,0.11832212231030839,0.114280611551542
13-01-2026 14:50,25698.45,0.12994,0.12154999999999999,0.11551199999999999,0.11192799999999999,0.108748,0.10634199999999999,0.104466,0.103002,0.10211400000000001,0.101686,0.102216,0.10382199999999998,0.10615,0.123564,0.168406,0.17970999999999998,0.17393,0.16743,0.160632,0.1536973783815307,0.14536741004032397,0.14017120306872632,0.1355672748957319,0.13029000000000002,0.12499,0.119878,0.115194,0.10993
13-01-2026 14:55,25717.05,0.10227,0.102362,0.10422799999999999,0.103278,0.10224686693260986,0.10189860079782957,0.09915720694770208,0.09686302004527665,0.09744434001509222,0.098046,0.099066,0.10084345602538927,0.10364236807616783,0.12114267399017972,0.1659810031805759,0.1782172658234042,0.17464624686300878,0.1680586927304126,0.16254489757680424,0.15598564566319195,0.14754449432685285,0.14201031767502287,0.13788155733727697,0.13206590641776045,0.12472437420430568,0.12032787127083336,0.11768352802528904,0.1135643653713237
13-01-2026 15:00,25754.0,0.06496,0.081922,0.083588,0.08523399999999999,0.08882377995785466,0.09266533987356398,0.09052977995785466,0.08984400000000001,0.09057000000000001,0.09227066288285789,0.09583398864857365,0.09650066288285788,0.098686,0.119008,0.16986655094250275,0.1813256528275082,0.17787455094250273,0.17243399999999998,0.165634,0.159042,0.15183400233095612,0.1422144538638663,0.13707334294394996,0.13486444687099794,0.130872,0.12608,0.12116926026834589,0.1149263013417294
13-01-2026 15:05,25708.75,0.12503,0.11622631484515848,0.10470094453547545,0.10817031484515849,0.10741630300417214,0.10045848865389065,0.09788504192829481,0.09959022181274761,0.09712528719356117,0.09715472420969634,0.10047336067944099,0.102742,0.11210435638853691,0.1441590691656107,0.1761803563885369,0.18060021921477917,0.17416865764433748,0.16770421921477913,0.161012,0.154764,0.14835276488309018,0.14132629464927055,0.13585676488309018,0.13061799999999998,0.12560528857931033,0.12098986573793097,0.11542728857931031,0.1098
13-01-2026 15:10,25746.05,0.09601,0.10160141306619347,0.09666713768873116,0.09578333830806891,0.09844401492420676,0.09536733830806893,0.093688,0.09341999999999999,0.09356,0.0944668325000627,0.0967864975001881,0.09760083250006271,0.099864,0.119456,0.169518,0.18201388724864967,0.17556566174594898,0.16910451061124826,0.1606978700877957,0.1558323570555455,0.14923320107884075,0.14476573369294693,0.139484,0.13404,0.12869166587228725,0.12328899761686178,0.11875966587228726,0.11362
13-01-2026 15:15,25745.9,0.09885,0.095224,0.09383,0.09303600000000001,0.09330316342953375,0.09383149028860122,0.09265516342953374,0.09230481969759484,0.09309245909278452,0.09315081969759482,0.09469142284132766,0.09742426852398298,0.10771722611264015,0.14255824422773433,0.1754243065127032,0.1810468344137969,0.176986,0.17033240220366522,0.16198520661099566,0.15763440220366523,0.152234,0.1453300818662275,0.136728404879789,0.13231655970954692,0.12921415928110647,0.124538,0.11964799999999999,0.11427
13-01-2026 15:20,25730.9,0.10596,0.09824643134962277,0.09984947711654091,0.09871231372562655,0.09482294117687963,0.09617831372562655,0.096514,0.095832,0.095752,0.09545475711689125,0.09571027135067373,0.09818475711689124,0.101192,0.120558,0.169206387800225,0.179921163400675,0.17626438780022502,0.17104,0.1639075811095791,0.15584074332873735,0.1509915811095791,0.145986,0.139536,0.13314165176603243,0.12694495529809727,0.12256565176603243,0.118006,0.11245
13-01-2026 15:25,25730.8,0.10125,0.09916,0.098842,0.09666799999999999,0.095092,0.09423200000000001,0.09392,0.09427032903824713,0.09527698711474142,0.09423632903824714,0.09481400000000001,0.09695000000000001,0.099524,0.119864,0.171362,0.18246800000000002,0.17795000000000002,0.17262,0.16638999999999998,0.158182,0.15131492412186612,0.1447407723655983,0.1393693439906274,0.1334572596062839,0.1287566422761209,0.12279466722207887,0.11869022240735963,0.11379
14-01-2026 09:15,25671.9,0.14959,0.12080798653531542,0.11163732884510515,0.10911599999999999,0.107224,0.10476999999999999,0.102962,0.101892,0.10090991397572968,0.09994574192718904,0.10202991397572966,0.104446,0.11479211759452894,0.14937035278358682,0.18297611759452895,0.18744599999999997,0.181564,0.17486000000000002,0.16711028957098084,0.1570721723327533,0.1519802004304131,0.14854530361981075,0.14291199999999998,0.137016,0.13123200000000002,0.12568800000000002,0.120428,0.11497
14-01-2026 09:20,25705.8,0.12363,0.121792,0.11382400000000001,0.10754,0.10452799999999998,0.102726,0.10132000000000001,0.100338,0.099966,0.099966,0.100812,0.10263199999999999,0.105384,0.125214,0.17622000000000002,0.188846,0.18231601521283244,0.17425204563849733,0.16919201521283245,0.163206,0.156386,0.149862,0.143394,0.137592,0.13167,0.12605,0.120894,0.11552
14-01-2026 09:25,25717.85,0.13317,0.12010912250911557,0.11849970750303851,0.11458399999999999,0.11078,0.10749800000000001,0.105088,0.103506,0.102432,0.10197800000000001,0.10230399999999999,0.10376,0.11473184415229962,0.1515195324568988,0.1854438441522996,0.1887160888317492,0.18136826649524762,0.17537289516103052,0.16822041898784404,0.1626028063292813,0.156504,0.14978,0.1425077303606487,0.1354831910819461,0.13041773036064871,0.124968,0.119458,0.11384
14-01-2026 09:30,25746.8,0.11272,0.104302,0.10104999999999999,0.100218,0.099414,0.09811999999999999,0.096942,0.09629399999999999,0.09613,0.09682291849688918,0.09898875549066755,0.09986091849688919,0.1108417986482718,0.14876127575974663,0.18448343809306544,0.19009957394502416,0.1835030823902788,0.17852569413009295,0.172184,0.16563,0.15918,0.15129779624629153,0.14128572920198895,0.13643881763563473,0.1331843404631144,0.128116,0.122832,0.11723
14-01-2026 09:35,25737.05,0.1012,0.111168,0.1026225518187954,0.0964356554563862,0.0989365518187954,0.099424,0.09828800000000001,0.09740800000000001,0.097066,0.09713,0.098244,0.1002756753474157,0.1031810260422471,0.1234636753474157,0.176878,0.1896584550125621,0.18263536503768624,0.17765845501256208,0.171742,0.16499799999999998,0.158362,0.152094,0.145446,0.13916,0.133094,0.127406,0.122008,0.11653
14-01-2026 09:40,25712.25,0.12103,0.108464,0.10066304609309464,0.09582313827928392,0.09779504609309464,0.0978363302525807,0.09651299075774217,0.09646433025258072,0.096606,0.0969,0.098092,0.10009,0.10296999999999999,0.12274634470528621,0.17352703411585865,0.1871373553019737,0.18101103179006245,0.1752814667678546,0.16809936851350127,0.16252245617116712,0.15665400000000002,0.15027600000000002,0.1426014853954781,0.1338933168765333,0.1291520674657751,0.12512449970804268,0.11933091705383098,0.11525
14-01-2026 09:45,25691.85,0.10661,0.10945741816315535,0.11122425448946607,0.10517141816315537,0.10174,0.10044,0.09912000000000001,0.09844800000000001,0.098446,0.09879399999999999,0.099972,0.10189000000000001,0.104732,0.12442999999999999,0.174554,0.187092,0.181608,0.175316,0.16603013927325172,0.1516996721909004,0.14505873231445593,0.142161664520299,0.13966259102531436,0.13587592036584867,0.130512,0.124924,0.11977399999999999,0.11441
14-01-2026 09:50,25701.2,0.1105397924646399,0.11406500627749468,0.1245850159281889,0.123878,0.119006,0.11468400000000001,0.111026,0.10814399999999999,0.106322,0.105422,0.105526,0.10617546159200655,0.10759238477601962,0.12580745295593038,0.1721732986452652,0.18494796502440494,0.1804173245534937,0.17423,0.16743999999999998,0.160864,0.154332,0.1476842048308668,0.1405106144926004,0.1343482048308668,0.128274,0.122348,0.116702,0.11055
14-01-2026 09:55,25759.55,0.09956,0.08829,0.08946399999999999,0.094822,0.095374,0.094614,0.094572,0.09505447306110479,0.0966394191833144,0.0951904730611048,0.09571,0.09758800000000001,0.100248,0.12167800000000001,0.177226,0.19148199999999999,0.18434200872981463,0.17566002618944393,0.17122400872981464,0.16592200000000001,0.15944999999999998,0.15261,0.1457,0.139702,0.133922,0.128282,0.12302199999999999,0.11744
14-01-2026 10:00,25727.85,0.12568,0.11836,0.10729218093177964,0.09919254279533893,0.09942018093177964,0.09945,0.09791000000000001,0.096884,0.09623977648351609,0.09586732945054824,0.09753577648351609,0.099466,0.11063876435436379,0.14797429306309134,0.18355276435436377,0.18818170475526763,0.1809291142658029,0.17488370475526763,0.16859599999999997,0.16178418425257823,0.15486255275773478,0.14898018425257825,0.142626,0.136608,0.130802,0.125326,0.12101371543281556,0.1190685771640778
14-01-2026 10:05,25713.6,0.11955,0.11658827362740219,0.11111257492870916,0.10564968139484066,0.102476,0.10022,0.098674,0.09774799999999999,0.097582,0.0987432667652371,0.10250622496410575,0.10425385613721329,0.10504237076877301,0.12336531536679288,0.17433400000000002,0.187588,0.18146199999999998,0.174514,0.16793,0.16137,0.15516600000000003,0.14789626455550295,0.13998879366650877,0.13444515612568017,0.12783467471053178,0.12308177455797986,0.1171406489634078,0.1136
14-01-2026 10:10,25697.45,0.12007,0.1139823761641904,0.1088671284925712,0.10588989733007942,0.10243256349766705,0.10094552116588901,0.09969799999999998,0.09878399999999998,0.09849200000000001,0.098662,0.099912,0.10209568830485598,0.10513106491456793,0.12410768830485598,0.1739,0.18583709823068761,0.1786512946920628,0.1727896472214737,0.1657096469723583,0.1601305489907861,0.15291592504313917,0.14367487808500704,0.13839723390990769,0.1344131029555895,0.129052,0.123486,0.118232,0.11254
14-01-2026 10:15,25696.35,0.1047097843501389,0.10015195687002777,0.09956,0.09885180314322392,0.09811940942967176,0.09655180314322392,0.09595196238030305,0.09637588714090918,0.09610196238030305,0.096482,0.09803599999999998,0.100214,0.103158,0.123238,0.174448,0.187196,0.18045405055703478,0.17242015167110436,0.1671920505570348,0.160912,0.15481,0.14846399999999998,0.141852,0.135914,0.13015400000000002,0.1239902387185526,0.11756271615565779,0.11447
14-01-2026 10:20,25678.3,0.10372,0.10442799999999999,0.10242965384103517,0.09918239507205233,0.09835964874330484,0.09704608119941018,0.09653638890795674,0.09690356488417587,0.09734999999999999,0.098002,0.09953200000000001,0.101478,0.104456,0.12398999999999999,0.173356,0.185528,0.17966400000000002,0.17252064625715208,0.1646819387714563,0.1592586462571521,0.15307400000000002,0.146478,0.13956339602915166,0.132674188087455,0.12777739602915167,0.12208898119524396,0.11596694358573188,0.11263
14-01-2026 10:25,25683.35,0.11226,0.10498599999999998,0.10600599999999999,0.10481999999999998,0.102096,0.100354,0.09912599999999999,0.098508,0.0987868876511945,0.10029571790042083,0.10131205249170647,0.10279023808994336,0.10626354942931812,0.12402117031250945,0.1715139615082102,0.18500998716940342,0.17973,0.173092,0.1655642004380126,0.15778460131403774,0.15278820043801258,0.14672000000000002,0.13993,0.133856,0.128146,0.12207198307431334,0.11571594922294001,0.11239
14-01-2026 10:30,25678.05,0.1143081903239527,0.11441563806479053,0.109958,0.10640999999999999,0.103664,0.101576,0.09984800000000002,0.098956,0.098962,0.099256,0.10045199999999999,0.102576,0.11340470854482408,0.14851812563447225,0.18015174303260664,0.18133526274040687,0.1767215123189601,0.17256215927705917,0.166462,0.15972,0.153156,0.146556,0.13852515765950527,0.1297187622317939,0.12530902541933964,0.12184728925327812,0.11782429530651031,0.1150714765325515
14-01-2026 10:35,25689.95,0.10832,0.10163,0.10085000000000001,0.10119221462357528,0.10093845482404049,0.09760564748351921,0.09631581095331464,0.096028,0.09617,0.096678,0.0988434157084393,0.10234224712531784,0.10384341570843927,0.12318600000000002,0.17371143071849066,0.18484229215547204,0.18028143071849068,0.174364,0.167382,0.16034807747989677,0.15239823243969022,0.14697407747989677,0.14097800000000002,0.13491,0.129318,0.124002,0.11906,0.11379
14-01-2026 10:40,25691.8,0.11136,0.10669368456292472,0.10187589485430823,0.10151191092928445,0.10256773278785333,0.09837991092928444,0.096156,0.095698,0.095866,0.09652799999999999,0.0989459611669483,0.10289988350084489,0.11217170809543706,0.14607775052888564,0.17850727615874684,0.1838625097434194,0.17901304200828483,0.17144112602485448,0.1662670420082848,0.16015600000000002,0.153984,0.147538,0.14072600000000002,0.134838,0.129186,0.12386,0.11897,0.11372
14-01-2026 10:45,25665.9,0.12,0.12361238380743819,0.11544315142231454,0.11317838380743818,0.111132,0.10771399999999999,0.10489399999999999,0.103144,0.102378,0.102076,0.102964,0.104848,0.107304,0.125658,0.172194,0.1820941600475727,0.1760884801427181,0.1709301600475727,0.164382,0.157582,0.151088,0.14418201548939227,0.1366620464681768,0.1307859295295536,0.12448174212048402,0.11943791404016135,0.114636,0.10912
14-01-2026 10:50,25695.5,0.1207987213492234,0.11392212989023734,0.11108915686117798,0.10752638562039266,0.10432000000000001,0.10235454580087033,0.10179163740261102,0.09955854580087034,0.09850199999999999,0.09850400000000001,0.099728,0.10164000000000001,0.104242,0.12384400000000001,0.173714,0.1844505289199032,0.17834758675970958,0.1740005289199032,0.16659239371270335,0.15798318113811002,0.15321039371270334,0.147216,0.14035999999999998,0.13351113262923497,0.12636939788770488,0.12219513262923495,0.11765199999999999,0.11208
14-01-2026 10:55,25706.35,0.1276578203442719,0.12272156406885437,0.118922,0.114874,0.11107,0.10783600000000002,0.10486000000000001,0.10293,0.10184,0.11020195372155,0.1368345451921168,0.14611382628572722,0.14772650567534126,0.15781090108940882,0.182944360202544,0.187446,0.180784,0.173834,0.166932,0.160204,0.15391,0.1466803468941182,0.1386310406823546,0.1334183468941182,0.12791799999999998,0.12188256355277333,0.11574569065831997,0.11133
14-01-2026 11:00,25720.95,0.12452,0.11549800000000002,0.111294,0.10956199999999999,0.10643,0.10406599999999999,0.102086,0.10048,0.09989657638310603,0.10011172914931812,0.10002080907948672,0.10105269808914205,0.10353623269638068,0.12343000000000001,0.175326,0.18866599999999997,0.1813138705251538,0.17300161157546134,0.16761787052515376,0.16152199999999997,0.155188,0.148658,0.141684,0.13541,0.129674,0.12388400000000001,0.118664,0.1133
14-01-2026 11:05,25733.0,0.10822,0.10608602020973482,0.10383467340324495,0.10255199999999999,0.100506,0.09888,0.097442,0.09684004501684482,0.09734474321098846,0.09755386949820681,0.09784627317755823,0.09970499505131267,0.10182966501710422,0.122,0.175008,0.18723435164772279,0.1803390549431684,0.1755343516477228,0.16942400000000002,0.162928,0.15655,0.149796,0.14291199999999998,0.13605171159472706,0.12908713478418118,0.12487571159472705,0.120522,0.11524
14-01-2026 11:10,25729.2,0.1145292013108497,0.11232784026216994,0.10835199999999999,0.10387199999999999,0.10122,0.100254,0.09875,0.097332,0.09674599999999998,0.09698799999999999,0.098114,0.09981799999999999,0.10216199999999999,0.122416,0.17476200000000003,0.18688746179679203,0.179986385390376,0.175027461796792,0.16829131044638856,0.1607099313391657,0.15463387577366042,0.14751169598181552,0.14171456532727184,0.13584000000000002,0.13022999999999998,0.124738,0.119646,0.11424
14-01-2026 11:15,25736.25,0.1227,0.11896999999999999,0.11232795073630311,0.10541185220890936,0.10507195073630311,0.10387256347440409,0.10127969042321225,0.09889720084877264,0.09702791212310567,0.09772463737436857,0.09894,0.100394,0.102482,0.12249199999999999,0.175192,0.188132,0.1818284060979091,0.17414521829372726,0.1661568802747168,0.15319896675169264,0.14655157009281525,0.1432854076858842,0.13897388437625044,0.13540247370801708,0.130228,0.12443800000000001,0.11929800000000002,0.11401
14-01-2026 11:20,25743.15,0.11527,0.11485065445852212,0.10754355148617405,0.10487450642592801,0.10508951927778401,0.10135291550763016,0.10002922724510648,0.09716640908170215,0.09578400000000001,0.09581200000000001,0.096738,0.09845000000000001,0.100966,0.12046009054343643,0.17128632852525266,0.1864562612282667,0.18313405689494341,0.177066,0.170436,0.163576,0.156862,0.14935370819397392,0.14049912458192176,0.13536121953802854,0.12879053403216387,0.1250375113440546,0.12108076705074437,0.1164438352537219
14-01-2026 11:25,25735.0,0.14145,0.13222756905667404,0.11845870717002217,0.11795756905667407,0.115732,0.111532,0.10801600000000001,0.10523400000000002,0.103204,0.10145621304075746,0.10038063912227238,0.10246221304075746,0.104818,0.124168,0.1748703475212632,0.18720304256378958,0.1821343475212632,0.175792,0.168934,0.162302,0.155376,0.148512,0.14127156593770385,0.1341806978131116,0.12854456789608967,0.1228950058751574,0.1175850019583858,0.11163
14-01-2026 11:30,25773.9,0.10956,0.11289253559127245,0.10710684519709082,0.103298,0.101034,0.0993846405971511,0.09895792179145331,0.09732906061943992,0.09738526006686646,0.09591242002228882,0.09607600000000001,0.097574,0.09984000000000001,0.12123,0.177384,0.19165,0.18524200000000002,0.17597143555392522,0.16364616520547082,0.15773507304427448,0.15458204412148685,0.1514520618592639,0.14564,0.13917,0.133192,0.12640148875122464,0.11906246625367392,0.11643
14-01-2026 11:35,25764.1,0.11427,0.11256999999999999,0.10579539208278267,0.10198617624834802,0.10042656502254957,0.09687151881930064,0.09725917293976688,0.09707199999999999,0.09601251366378638,0.09510754099135914,0.09655651366378638,0.098254,0.100462,0.12151,0.17603498947000806,0.18906296841002423,0.18376698947000808,0.177612,0.17083,0.1628241916432982,0.15294592647217975,0.1479242462701537,0.14302304595705545,0.13634108324431082,0.13128569441477028,0.126006,0.12151075394106452,0.1193737697053226
14-01-2026 11:40,25766.75,0.11206,0.11016,0.10496221941005648,0.10384692011125564,0.10235700505331508,0.0983222618810862,0.096168,0.09516000000000001,0.094528,0.09456,0.09541,0.097114,0.10915663371240727,0.14939990113722185,0.1852263128538033,0.18913503742418805,0.18390967914139603,0.177558,0.17073,0.16404600000000003,0.15788000000000002,0.15112799999999998,0.144172,0.13789400000000002,0.13194999999999998,0.12650799999999998,0.12137600000000001,0.11576
14-01-2026 11:45,25761.25,0.11673,0.123974,0.12177,0.11619199999999999,0.111208,0.108212,0.105238,0.10263599999999999,0.10077,0.099602,0.09976,0.10071383842756884,0.10250951528270652,0.12294183842756884,0.17652027924208594,0.18884283772625782,0.18327427924208595,0.176866,0.16941899705626484,0.16156299116879458,0.1555362609493688,0.14824979167931174,0.1426052638931039,0.136498,0.130182,0.12428800000000001,0.11869400000000001,0.11271
14-01-2026 11:50,25775.3,0.11506,0.11316200000000001,0.109178,0.105618,0.10282035287210146,0.10122367851506857,0.09965021256839383,0.09730461989876411,0.09641981370746491,0.09662144112239475,0.09652781370746492,0.097524,0.099656,0.12104800000000002,0.17692999999999998,0.191232,0.184922,0.17810600000000001,0.171346,0.16454200000000002,0.157806,0.151274,0.14446199999999998,0.137894,0.131818,0.126054,0.12103179403575584,0.1167689701787792
14-01-2026 11:55,25774.6,0.1168170234823377,0.11082740469646754,0.106706,0.10377371734022908,0.10083715202068724,0.09907971734022908,0.097626,0.09623399999999999,0.095304,0.09506600000000001,0.09575,0.09711199999999999,0.09929,0.12067800000000001,0.176956,0.19135400000000002,0.185216,0.1777362484441876,0.1697127453325628,0.1634240730241537,0.15588747373989836,0.15051382457996612,0.144362,0.13731821049554727,0.13039863148664177,0.12572421049554727,0.120898,0.11488
14-01-2026 12:00,25786.0,0.11914,0.11359,0.108098,0.103526,0.100668,0.09886400000000001,0.09692200000000001,0.09539,0.09496800000000001,0.09462799999999999,0.095138,0.09646400000000001,0.098622,0.11986113942301682,0.17648541826905045,0.1925851394230168,0.18629800000000002,0.179266,0.17249799999999998,0.16485446959493238,0.15647340878479712,0.15167846959493236,0.14563,0.13902,0.13365566525679215,0.1301713525006827,0.12745433241992105,0.1250579848610504
14-01-2026 12:05,25782.1,0.09027,0.09255,0.092226,0.092374,0.091632,0.090946,0.090676,0.090346,0.090536,0.090698,0.0916,0.093166,0.10559117793720056,0.14806553381160167,0.18691917793720056,0.19268200000000002,0.186,0.17888600000000002,0.17206,0.16467330231991562,0.15597390695974686,0.15057035750474515,0.14312316555448856,0.13821105518482954,0.13314,0.127396,0.122014,0.1165
14-01-2026 12:10,25757.05,0.10055,0.103132,0.098254,0.09605999999999999,0.094554,0.09342199999999999,0.09313092432157831,0.09358277296473491,0.09254292432157829,0.092132,0.09356604049335723,0.09622412148007171,0.09786404049335724,0.11906599999999999,0.175356,0.18973399999999999,0.18363800000000002,0.176876,0.170206,0.1628326900299326,0.15422007008979766,0.14848028358634957,0.14106478066925104,0.13552711941221968,0.12795572982404693,0.12285698262571965,0.1202127203320428,0.116587840377019
14-01-2026 12:15,25735.55,0.13328,0.126884,0.11973400000000001,0.11540600000000001,0.111114,0.10708000000000001,0.104044,0.10159599999999999,0.10000999999999999,0.09895799999999999,0.099026,0.100086,0.11063062253728198,0.14800186761184594,0.18405462253728194,0.188236,0.18196400000000001,0.17487779247432286,0.16696537742296866,0.1611757924743229,0.155202,0.148368,0.141212,0.13420963410322662,0.12762090230967985,0.12219963410322661,0.116852,0.11081
14-01-2026 12:20,25771.55,0.1023,0.10385479367853939,0.10138493122617981,0.100132,0.09781200000000001,0.095588,0.09415599999999999,0.093086,0.09286799999999999,0.092598,0.09336,0.09570737570045855,0.09938612710137562,0.11856877831514041,0.1717910245523853,0.18715585273970087,0.18389281670833968,0.17809599999999998,0.171384,0.164654,0.157912,0.15127800000000002,0.14427600000000002,0.137714,0.13184600000000002,0.12608,0.1206,0.1149
14-01-2026 12:25,25768.3,0.1056,0.09722022762493729,0.09582864506008948,0.09610811418077003,0.09510396218527759,0.093802,0.09260875502888917,0.09186426508666748,0.09157075502888916,0.09166200000000001,0.09268,0.094424,0.09699,0.11918599999999999,0.176558,0.19069,0.18453400000000003,0.17810600000000001,0.171288,0.164668,0.15724581731707826,0.14911345195123477,0.14345181731707826,0.137674,0.13197,0.126282,0.12080600000000001,0.11485
14-01-2026 12:30,25761.1,0.11558,0.11108399999999999,0.10586399999999999,0.102934,0.10073800000000001,0.09822275335991264,0.09584026007973792,0.09494075335991263,0.094398,0.093968,0.094991433865272,0.09781708304589334,0.09960977821550403,0.12024278145007734,0.17599080290867547,0.18915240872602637,0.18375880290867547,0.17756399999999997,0.17003049611865512,0.16208348835596528,0.1566764961186551,0.150722,0.143838,0.13716799999999998,0.1307791327764867,0.1239413983294601,0.1192751327764867,0.11385
14-01-2026 12:35,25772.4,0.10931,0.10544177273960517,0.1015543177180343,0.09905718041449775,0.09835572680483258,0.097024,0.0951054760349383,0.0935984281048149,0.0933334760349383,0.09311799999999999,0.09379799999999999,0.09523999999999999,0.097592,0.119488,0.1763294714770371,0.18973841443111125,0.1842754714770371,0.17814200000000002,0.171436,0.16495,0.15833999999999998,0.15140000000000003,0.144258,0.13764600000000002,0.131814,0.12614799999999998,0.12055199999999999,0.11455
14-01-2026 12:40,25773.6,0.10821,0.10215,0.093912,0.09231600000000001,0.09219400000000001,0.091484,0.09050799999999999,0.09021200000000001,0.090342,0.09054999999999999,0.091714,0.09363800000000001,0.096174,0.118384,0.176402,0.191448,0.18492799999999998,0.17806,0.17124599999999998,0.164698,0.15782200000000002,0.15129800000000002,0.144536,0.137994,0.132318,0.12663800000000003,0.12123400000000001,0.11562
14-01-2026 12:45,25759.5,0.11368,0.11070800000000001,0.10104,0.09640272716042264,0.09354054645350435,0.0925338220771319,0.09268836497223643,0.09253199999999999,0.09224,0.092284,0.09317,0.09493800000000001,0.097414,0.11905,0.17525,0.189114,0.18279800000000002,0.176402,0.169714,0.16305599999999998,0.15651400000000001,0.149902,0.14293399999999998,0.136404,0.130744,0.12511999999999998,0.119788,0.11407
14-01-2026 12:50,25748.9,0.10486,0.106002,0.10209000000000001,0.099492,0.097186,0.095162,0.093738,0.092878,0.092652,0.092668,0.09398054532086644,0.09641563596259932,0.1076816477194673,0.14747530719580257,0.18423310239860083,0.188436,0.18228,0.17572,0.16882,0.162324,0.15571800000000002,0.149222,0.14243,0.13585599999999998,0.1294256467071323,0.12281694012139696,0.11863364670713232,0.11358
14-01-2026 12:55,25745.55,0.11091,0.10375999999999999,0.101322,0.100716,0.098606,0.096956,0.095522,0.094576,0.09424,0.09393,0.09458599999999999,0.096222,0.098702,0.11989000000000001,0.17420853804482514,0.18636961413447545,0.18137253804482514,0.175406,0.168075250585314,0.16014575175594206,0.154891250585314,0.149004,0.141966,0.135402,0.129684,0.12347611017232085,0.11700433051696253,0.11285
14-01-2026 13:00,25748.1,0.09798,0.09998266814792989,0.0997960044437897,0.0974666681479299,0.09635925017329709,0.09559786315695913,0.09405758808450054,0.09238211263706783,0.092084,0.09282880350479662,0.0950934215877386,0.09630183672484284,0.10744223445346998,0.1476876701403637,0.18415522338012125,0.18831000000000003,0.182072,0.17551999999999998,0.168682,0.162078,0.155638,0.14927200000000002,0.14185436387817185,0.13425109163451554,0.12975636387817185,0.124512,0.119064,0.11346
14-01-2026 13:05,25745.45,0.11027,0.107398,0.10378799999999999,0.102592,0.100368,0.09777399109944802,0.09564997329834407,0.09453199109944802,0.09406600000000001,0.0940060868604545,0.09506635897081622,0.09610838202881265,0.09845209838945272,0.11987400000000001,0.17502199999999998,0.1884639712821998,0.18037791384659935,0.17479397128219978,0.16882000000000003,0.16177109502589676,0.15410128507769033,0.14871909502589678,0.14222,0.13451185853134995,0.12619433168353797,0.1216261267998142,0.11799275608948807,0.11245
14-01-2026 13:10,25759.75,0.10591,0.10116881816970964,0.09451960605656988,0.09199399999999999,0.091018,0.09078412401210421,0.09155107984131586,0.09110824742711382,0.08989270780500319,0.08981,0.091072,0.09369591614912105,0.09763774844736312,0.11853391614912104,0.175142,0.18873744372313037,0.1809043311693911,0.17567944372313035,0.169636,0.162964,0.15634800000000001,0.14846979820156295,0.13842809046138485,0.13325388577165093,0.12935855098041735,0.12306356537116407,0.11863785512372137,0.11368
14-01-2026 13:15,25750.25,0.0945562468091569,0.10035524936183139,0.09675,0.09384065959971456,0.09089197879914368,0.09112465959971455,0.09101999999999999,0.0906,0.09065631141380652,0.09093621267752158,0.09202814672211258,0.09395527843610202,0.096722,0.11854,0.17463800000000002,0.1880851943024958,0.18009558290748734,0.1744731943024958,0.16820400000000002,0.16171400000000002,0.155138,0.14785760798829997,0.14001282396489995,0.13436181476433767,0.12808462032811305,0.12339020677603768,0.11856,0.11297
14-01-2026 13:20,25735.95,0.0752782311656012,0.08781564623312024,0.090726,0.089656,0.089224,0.088878,0.08883419208740523,0.08967457626221566,0.08947219208740521,0.089754,0.091188,0.09348200000000001,0.096416,0.11805199999999999,0.173718,0.18737,0.18096600000000002,0.17447999999999997,0.16798800000000003,0.16069407975445932,0.15256623926337803,0.14742207975445934,0.14094656975351466,0.133475709260544,0.12845569527083844,0.12231737655197134,0.11840312551732378,0.1135
14-01-2026 13:25,25715.5,0.0716730921174671,0.09622861842349341,0.10006199999999998,0.09708138615726258,0.09448015847178774,0.09379738615726257,0.093058,0.092586,0.092636,0.09292199999999999,0.09408,0.10534328520846006,0.13499357089592712,0.15445243102010073,0.18107171527054688,0.185448,0.1787153565963895,0.17115806978916853,0.16567335659638951,0.159878,0.153292,0.146752,0.1394827364677634,0.13197820940329025,0.12681083054925454,0.12062428224447336,0.11637409408149112,0.11145
14-01-2026 13:30,25717.15,0.0657279687128886,0.08811759374257772,0.091586,0.091042,0.09101474398892925,0.09126223196678779,0.09002674398892925,0.089626,0.09020600000000001,0.091044,0.092728,0.09512799999999999,0.1069767265828313,0.1456541797484939,0.1816707265828313,0.18572000000000002,0.179444,0.17166994431349367,0.16163051504225334,0.15653799061881069,0.15249668210177236,0.146584,0.14003000000000002,0.133708,0.128052,0.12262200000000001,0.117488,0.11212
14-01-2026 13:35,25708.2,0.05948,0.074918,0.08098110611325204,0.08390731833975612,0.08450134838050956,0.08673672680177257,0.08620424226725751,0.08648,0.08774799999999999,0.08927600000000001,0.09149200000000002,0.09434,0.097822,0.11896,0.171708,0.18306549212833245,0.1733566211068937,0.1680399262940216,0.16458014472189636,0.15940200000000002,0.15295799999999998,0.146888,0.140234,0.134312,0.129192,0.12407599999999999,0.11982009214998726,0.1161504607499363
14-01-2026 13:40,25665.9,0.10071,0.09815,0.09540599999999999,0.093932,0.09317399999999999,0.09271,0.09248799999999999,0.092526,0.093226,0.09423000000000001,0.09619,0.09893,0.11035135191000255,0.14606205573000763,0.17811735191000252,0.18118800000000002,0.175254,0.16881,0.162172,0.155762,0.14932800000000002,0.143228,0.136762,0.13090600000000002,0.125502,0.12029200000000001,0.11557000000000002,0.1107
14-01-2026 13:45,25656.25,0.10367,0.10447215254848499,0.10273045764545499,0.100084152548485,0.098082,0.09684799999999999,0.095968,0.09552,0.095776,0.09736169437578075,0.10167249364101885,0.10448636479674196,0.10563072715347055,0.12319043887993131,0.16988799999999998,0.180478,0.17332493951602496,0.16406724364407754,0.15873421480403294,0.15402994664109868,0.14697056463528801,0.1400513343195392,0.12990688632140854,0.12495368798150674,0.1220840416365591,0.11840753121282672,0.113858,0.10875
14-01-2026 13:50,25665.25,0.08603,0.08697981476584202,0.09234544429752606,0.09054993380854408,0.09132035712810611,0.08933411904270205,0.08870800000000001,0.089616,0.090922,0.092672,0.09593165479589924,0.10066296438769771,0.10276165479589924,0.121618,0.17029,0.181852,0.17599,0.169594,0.162978,0.15667399999999998,0.150228,0.14418,0.137972,0.13230399999999998,0.127022,0.122222,0.117898,0.11319
14-01-2026 13:55,25642.0,0.0909924291465923,0.09842848582931846,0.098962,0.097998,0.09669799999999999,0.095368,0.09473999999999999,0.09471399999999999,0.09540199999999999,0.09639765326766142,0.09820495980298427,0.10113165326766142,0.104752,0.12316815620279216,0.1684104686083765,0.18000815620279217,0.174564,0.168164,0.16144999999999998,0.155146,0.14845399999999997,0.14182505204553325,0.13473515613659978,0.12946705204553327,0.12429545313779654,0.11897635941338962,0.11454545313779654,0.10964
14-01-2026 14:00,25653.3,0.09106,0.09243,0.092122,0.091814,0.091834,0.091754,0.09180999999999999,0.09222799999999999,0.093162,0.09449799999999998,0.09678400000000001,0.09984,0.103428,0.12172458602909855,0.16642740679215973,0.1786695321436907,0.17526364870486405,0.169362,0.16232999999999997,0.1543648579435502,0.14464143372703042,0.13975343763268971,0.13643485989637985,0.131408,0.125946,0.12073,0.116384,0.11162
14-01-2026 14:05,25642.2,0.1067617553829796,0.10569235107659593,0.10345199999999999,0.10098199999999999,0.09813686063170579,0.0947665818951174,0.09556491830000878,0.09586017300490894,0.09653405766830297,0.097606,0.099544,0.102188,0.105428,0.12426799999999999,0.17074000000000003,0.18098019379974195,0.17346458139922588,0.16793219379974197,0.16106762730919946,0.15329688192759838,0.14825762730919947,0.142642,0.13489447586284656,0.12649746912765847,0.1225626004802029,0.11893404153911878,0.11439,0.10944
14-01-2026 14:10,25650.55,0.11123,0.107876,0.10452799999999998,0.103148,0.10020205906699123,0.09597617720097373,0.09671205906699124,0.097192,0.097458,0.09806400000000001,0.09970799999999999,0.10228399999999999,0.105488,0.12426200000000001,0.17095,0.18171600000000002,0.175544,0.16827227082429527,0.16022481247288584,0.1547762708242953,0.148652,0.142156,0.135646,0.12898832998054444,0.12272298994163339,0.11779032998054445,0.11308599999999999,0.108
14-01-2026 14:15,25666.25,0.09477,0.09349175117944608,0.09175391705981537,0.092636,0.09157200000000001,0.09079,0.09120980498213194,0.09307382039349828,0.09378302132343931,0.09396640544710247,0.095952,0.098984,0.1109523444529921,0.1474810333589763,0.17983234445299212,0.182944,0.176616,0.170122,0.16336599999999998,0.15693,0.150476,0.14352165456239807,0.1355229636871942,0.13083765456239807,0.126154,0.12117999999999998,0.116514,0.11181
14-01-2026 14:20,25637.25,0.09594,0.09522,0.094298,0.09349600000000001,0.093076,0.092566,0.09238400000000001,0.09286,0.094018,0.09539199999999999,0.097724,0.100752,0.104298,0.12339800000000001,0.17032800000000003,0.18145200000000003,0.17526999999999998,0.16870200000000002,0.16199799999999998,0.15514500190535027,0.1475230057160508,0.14240500190535024,0.13646,0.13075399999999998,0.12513335829068384,0.11935407487205152,0.11613717624403035,0.1138990897667325
14-01-2026 14:25,25618.75,0.11219,0.10842399999999999,0.105734,0.1030238628375919,0.09991158851277576,0.09948186283759192,0.09892999999999999,0.098532,0.09915580365994492,0.10031541097983476,0.10217580365994491,0.104828,0.108148,0.12558707606919506,0.16855122820758517,0.17954507606919504,0.173892,0.16725199999999998,0.16026,0.153804,0.14737,0.141214,0.134722,0.128886,0.123514,0.118364,0.113554,0.10886
14-01-2026 14:30,25626.9,0.10999,0.11022298351696203,0.10764695055088606,0.10403898351696202,0.101304,0.09945599999999999,0.098464,0.09867974385780824,0.1004790431656027,0.10105717863434217,0.10196581159217799,0.11261801505853546,0.13990273850331097,0.15731809504164926,0.17799813499184763,0.17892432499242913,0.17421944166414305,0.168218,0.16041196155948742,0.15235988467846234,0.1465153672275765,0.13955221700426718,0.13457940566808907,0.12931600000000001,0.123742,0.11863965217315287,0.11531427908408234,0.1127566128231188
14-01-2026 14:35,25635.8,0.12229,0.115858,0.11063003629474574,0.10527010888423721,0.10374403629474574,0.101918,0.10006318366223665,0.09901155098670998,0.09933118366223667,0.10015399999999999,0.10200400000000001,0.10501286143985343,0.10901258431956032,0.12633686143985343,0.17085,0.18061979268014852,0.17319137804044557,0.16773579268014852,0.16106132087106012,0.15342796261318037,0.1479793208710601,0.14219400000000001,0.135338,0.12918000000000002,0.123656,0.11835399999999999,0.11319199999999999,0.10781
14-01-2026 14:40,25660.55,0.11727,0.10948133831590035,0.10502001494770102,0.10265733831590032,0.10043,0.09897200395132055,0.09802001185396161,0.09700600395132053,0.097054,0.097748,0.099602,0.10222399999999998,0.105392,0.12458,0.172708,0.18442400000000003,0.17740999999999998,0.17047400000000001,0.16191251974710275,0.15026834078744217,0.14389439117721312,0.1403413619212594,0.13523430566027506,0.1269187781046484,0.12223010336541268,0.11856097665270426,0.11311160546126668,0.10926
14-01-2026 14:45,25696.2,0.10274,0.09961413770475917,0.09903943856203816,0.09920721404804105,0.09713902544776062,0.09578766177499502,0.09512698532498505,0.09416366177499502,0.0953900507658212,0.09891198646107781,0.10056923194323869,0.10133687022333884,0.1034456786865749,0.12329600000000002,0.17397600000000002,0.185914,0.17958800000000003,0.172938,0.166308,0.160024,0.15233294091250296,0.14395282273750887,0.13885294091250297,0.13261989985895084,0.12559769957685252,0.12133389985895085,0.11721279893556172,0.1138839946778086
14-01-2026 14:50,25697.1,0.0994828575210613,0.10281657150421225,0.100962,0.098906,0.09606660490578,0.09324080342851196,0.09333957103929588,0.09374098871117197,0.094222,0.095114,0.09700201143697004,0.09958803431091012,0.10260201143697005,0.12265200000000001,0.173678,0.18571000000000001,0.17931799999999998,0.17270600000000003,0.165856,0.15886364821178667,0.15109694463536,0.14498799177389887,0.1376130306863366,0.13267834356211222,0.12727172747085305,0.12089318241255918,0.11633172747085305,0.11105
14-01-2026 14:55,25696.05,0.09894,0.10101901556571422,0.0983559704009209,0.09415950929902522,0.09369969203318249,0.09157189734439415,0.09061999999999999,0.09065200000000001,0.091344,0.092592,0.094832,0.09826050288107521,0.10298550864322566,0.12185250288107521,0.17277399999999998,0.186076,0.1774147279915544,0.16686483603904456,0.16148468418469863,0.1579746520643814,0.152262,0.14515845147598389,0.1368393544279517,0.13147499015492187,0.12533161603681395,0.12121853867893799,0.11704942034594862,0.1127871017297431
14-01-2026 15:00,25666.15,0.10545,0.10613399999999999,0.104024,0.10178999999999999,0.09919800000000001,0.09649256880710222,0.09394770642130666,0.09485856880710222,0.095664,0.09642,0.09840399999999999,0.10097199999999999,0.10428000000000001,0.123636,0.17160999999999998,0.18225399999999997,0.176632,0.17031000000000002,0.162905117751372,0.15544335325411596,0.14980711775137198,0.143836,0.13694488151983764,0.13011864455951286,0.1250308815198376,0.119762,0.114324,0.10874
14-01-2026 15:05,25690.25,0.07851,0.087658,0.089788,0.09083,0.091086,0.090796,0.090898,0.09153,0.092598,0.09395,0.09687509847687524,0.10089729543062571,0.10328709847687526,0.122736,0.17187487852874206,0.18207863558622622,0.17794887852874208,0.172234,0.165324,0.15806981602774903,0.14992944808324712,0.14528181602774903,0.13954,0.13297087561266577,0.1261166268379973,0.12231287561266577,0.118256,0.11334
14-01-2026 15:10,25672.65,0.09847,0.09804,0.09681776305035908,0.09503328915107723,0.09489376305035908,0.094742,0.09447599999999999,0.094492,0.09505399999999999,0.09645983259295984,0.09886949777887952,0.10130183259295984,0.104536,0.12372000000000001,0.171742,0.182952,0.1760104508037239,0.16817535241117162,0.1627804508037239,0.157086,0.14995261052036782,0.14277383156110346,0.1376526105203678,0.132428,0.12673100928775036,0.12076902786325108,0.11683100928775036,0.11239
14-01-2026 15:15,25654.0,0.11178,0.107854,0.10554587111054264,0.10295561333162791,0.10068387111054264,0.09918199999999999,0.09844783231723346,0.09840549695170038,0.09825031878364718,0.09924945939924115,0.10079848646641372,0.10297,0.106,0.12486,0.1714,0.18175,0.17557,0.168762,0.161782,0.1551076793436303,0.14768303803089095,0.14226167934363032,0.13567220488870357,0.12899661466611068,0.12460020488870356,0.119854,0.11557260518306356,0.1128430259153178
14-01-2026 15:20,25659.6,0.11563,0.11278800000000001,0.109382,0.106646,0.10400799999999999,0.1018,0.10034799999999999,0.09943,0.09912280384409246,0.09989641153227738,0.10208702863451057,0.10574453305990603,0.10889380085637326,0.1259958586886517,0.172242,0.182954,0.17641,0.169348,0.16253800000000002,0.156488,0.14878231254746951,0.14077493764240856,0.13610231254746952,0.13048752938917046,0.12363858816751144,0.11950952938917048,0.115176,0.11002
14-01-2026 15:25,25670.6,0.1175831804389343,0.10649463608778685,0.102908,0.10073,0.098994,0.097396,0.096418,0.09606200000000001,0.095902,0.097066,0.099564,0.11122512668061482,0.14136581318397046,0.15979042610699287,0.1819134097891565,0.1835529299410914,0.17687497664703045,0.169466,0.165234,0.159158,0.15099400000000002,0.14439726176114925,0.1378737852834477,0.13294526176114924,0.127544,0.12269000000000001,0.11849355958710203,0.1146477979355101
16-01-2026 09:15,25709.45,0.14811,0.137572,0.13117800000000002,0.124864,0.118872,0.114432,0.11083800000000002,0.10679613595884319,0.10191812816333504,0.1015112968192596,0.10446172028680549,0.10644400000000001,0.10887000000000001,0.128928,0.179874,0.192048,0.18279073944437502,0.1679376214470249,0.16297922269882442,0.16048822485214903,0.15671027391274972,0.150832,0.143668,0.13640962231408424,0.12916886694225266,0.12385848618062303,0.11755859159961646,0.11341
16-01-2026 09:20,25731.8,0.1333483100523514,0.1209110328676044,0.11805211257140236,0.10944337085713411,0.10579138276606648,0.10582414829819944,0.10094538276606647,0.09828744033723602,0.09781632101170806,0.09775344033723601,0.09882600000000001,0.100632,0.103404,0.12494,0.18017,0.19321000000000002,0.1848069053731372,0.17437471611941163,0.1696309053731372,0.16386235302458468,0.15606905907375412,0.14997327746766512,0.14211077332924127,0.13713692444308043,0.132036,0.1254608027608437,0.11860840828253111,0.11561
16-01-2026 09:25,25713.95,0.13856,0.12101949621374643,0.11929049873791547,0.11410813875901579,0.1067324162770474,0.10589213875901579,0.104134,0.101662,0.09977199999999999,0.099154,0.09959837812211193,0.10057713436633582,0.11205279895950933,0.15047926251219212,0.1866324208373974,0.190606,0.182906,0.174782,0.167454,0.160966,0.154254,0.1464072928526733,0.13675485814895047,0.13177623162546515,0.12796897959093062,0.12255,0.117114,0.1114
16-01-2026 09:30,25717.25,0.12074,0.114366,0.10866342083772605,0.10668826251317817,0.1037031529948833,0.09971319647147173,0.09825105188462974,0.09728145691463316,0.09576381292411948,0.09496949773221566,0.09569799999999999,0.097446,0.100192,0.12075312276575943,0.17347536829727825,0.1875891227657594,0.181112,0.17353,0.1650947051026999,0.1550059866120313,0.14957231901449455,0.14554587130393154,0.13938399999999998,0.133212,0.1271305746814997,0.12056772404449909,0.11654693638502016,0.1125018085176023
16-01-2026 09:35,25703.5,0.12154,0.120988,0.113174,0.107096,0.10367,0.10095000000000001,0.098684,0.096998,0.09589,0.095648,0.09737453373208578,0.10103037418133168,0.1029468526873088,0.12241677298507436,0.175272,0.18757000000000001,0.17960544381071009,0.16876460227991663,0.16327825635406928,0.1592462708477864,0.1528,0.145716,0.139096,0.13248624164881206,0.1252787249464362,0.12118624164881206,0.11698584584981171,0.1120392292490586
16-01-2026 09:40,25700.0,0.14571,0.13869599999999999,0.129136,0.121782,0.11642799999999999,0.111732,0.10692541309779278,0.10211423929337833,0.10069941309779279,0.099998,0.09995599999999999,0.10091,0.11191608983753333,0.15023826951260003,0.18514608983753336,0.18792599999999998,0.180698,0.17208903583274376,0.16202722145731813,0.15660337771000435,0.15206011395908686,0.14468799999999998,0.137288,0.130612,0.124334,0.118282,0.11286,0.10711
16-01-2026 09:45,25718.5,0.13848,0.13195925670414604,0.12478177011243813,0.11985125670414605,0.115264,0.11071600000000001,0.106476,0.10358389290987276,0.1017415040268585,0.10004736880159343,0.09965782529724021,0.10061200000000001,0.102532,0.12321199999999999,0.17634796499194644,0.18782789497583932,0.18221796499194642,0.175272,0.168076,0.16143,0.15370161421545175,0.14420684264635528,0.13795761421545177,0.13042630205025912,0.12096401272906708,0.11552362178512826,0.11267910657828971,0.1077
16-01-2026 09:50,25745.0,0.13175,0.12501800000000002,0.1178387700690301,0.10941168457077474,0.10358967130794347,0.10275001615004846,0.09978970017621266,0.09913352702003492,0.09909965903175197,0.09664856738593779,0.09602404312606136,0.09722734770868711,0.099406,0.12118599999999999,0.17783119447797407,0.19059358343392224,0.1853171944779741,0.17797219661517036,0.16891058984551108,0.16391819661517035,0.157678,0.14938,0.141608,0.134426,0.12674246283736526,0.11834338851209578,0.11455446283736527,0.10952
16-01-2026 09:55,25750.1,0.12116,0.11734604626990347,0.11187994410690286,0.10969112455373069,0.10478996866407975,0.1025128759380906,0.09808017108931638,0.09609073731955074,0.09632451241236278,0.0938070999896922,0.09334600000000001,0.10464356584437795,0.13601948552159387,0.15666291358705742,0.18617173932035808,0.19213163641557462,0.18457595791482587,0.17789862446409493,0.16976791547745898,0.16461997182581967,0.15737225730072582,0.14776677190217746,0.1417342573007258,0.135194,0.12701358767775814,0.11689922976657904,0.11269898787767199,0.11059
16-01-2026 10:00,25740.5,0.14949,0.13946427644832154,0.12609882934496455,0.12144827644832151,0.116902,0.111888,0.10685120979139498,0.10134728290894077,0.09992017039566244,0.09950165353475582,0.09948199999999999,0.11027739047798446,0.14055170218667765,0.16000398273615726,0.18848153075272428,0.192256870141465,0.18430261042439502,0.178524870141465,0.171994,0.165084,0.157616,0.14923,0.141398,0.133794,0.126816,0.120236,0.11418399999999998,0.10793
16-01-2026 10:05,25754.15,0.14244,0.132046,0.125546,0.11980600000000001,0.11351404830309655,0.10814214490928968,0.10519004830309656,0.10224000000000001,0.09976399999999999,0.098484,0.09851399999999999,0.10996753218940197,0.14169135470883232,0.16095780661128106,0.18875075814062636,0.19196865257392223,0.18222207549341762,0.17673300588887506,0.17264011777165095,0.1654204612666883,0.1559493838000649,0.1495204612666883,0.14263,0.135076,0.128044,0.121562,0.11608387948358681,0.1117593974179341
16-01-2026 10:10,25768.1,0.15031,0.13467804531782954,0.13008401510594317,0.12427133605051427,0.11833200815154284,0.11306133605051427,0.10863800000000001,0.10503,0.10274657587845522,0.10156372763536567,0.10043057587845522,0.10196604926721302,0.10591614780163906,0.12582804926721303,0.18125598023569625,0.19401394070708872,0.18871398023569624,0.18228,0.175192,0.168174,0.160688,0.152454,0.14476,0.1365229498430606,0.1281928495291818,0.12269494984306059,0.116838,0.11015
16-01-2026 10:15,25809.45,0.17053,0.14932883179445608,0.14553294393148536,0.140238,0.133306,0.126608,0.12059,0.11579600000000001,0.112444,0.109488,0.10783200000000001,0.107908,0.10910800000000001,0.12921969325613428,0.18417507976840278,0.19942369325613427,0.19357,0.186518,0.17943399999999998,0.17081449573725838,0.15928289268590762,0.15254671215965565,0.14795740547413241,0.141096,0.13403199999999998,0.127292,0.12066600000000001,0.11367
16-01-2026 10:20,25841.8,0.15819,0.147732,0.1392,0.131666,0.1246646542880267,0.11977196286408011,0.11497813646145202,0.11135844652027596,0.10782548217342532,0.10494800000000001,0.10356,0.10400513822824142,0.10582341468472425,0.12670208455741339,0.18627283898751587,0.20316494632917195,0.1971,0.19001200000000001,0.1823129995845285,0.17391099875358557,0.16738436463916778,0.15844009516391774,0.15254136505463925,0.14492175067826057,0.1362292520347817,0.13108975067826056,0.12523,0.11796
16-01-2026 10:25,25852.75,0.16242,0.1480864304646068,0.13350129139382036,0.1280464304646068,0.12282,0.11736,0.112868,0.10832430614129865,0.10389491842389592,0.10241230614129865,0.101554,0.101428,0.102418,0.125534,0.18902400000000003,0.20423504831222847,0.19602714493668535,0.18919777484448735,0.17954283606943533,0.17360069595023475,0.16910065647265862,0.16111124439573754,0.15218773318721263,0.14630124439573755,0.139966,0.13291799999999998,0.126138,0.11887
16-01-2026 10:30,25857.6,0.15034,0.139896,0.13158937346382182,0.1256001203914655,0.11910937346382183,0.11330799999999999,0.10897799999999999,0.10547999999999999,0.1028,0.100452,0.099204,0.09924,0.100274,0.124002,0.188704,0.205024,0.198258,0.1907972938230611,0.18266388146918333,0.17583195856633302,0.16744599422981576,0.1612146647432719,0.15465199999999998,0.1468986724438971,0.13857801733169123,0.1329666724438971,0.12695800000000002,0.11996
16-01-2026 10:35,25863.75,0.1347401907841463,0.13752603815682926,0.13200399999999998,0.12379739388205152,0.11413818164615457,0.11236739388205153,0.109748,0.106216,0.103312,0.100936,0.09957316962731348,0.09929464590088902,0.10026058068415922,0.12428913701894859,0.189416,0.20499669302833848,0.19684407908501544,0.19068379087607235,0.1832732935432016,0.17755309784773385,0.17084,0.162996,0.15555,0.14836,0.14091634864658,0.13262904593974006,0.12807255027155476,0.1249510081248736
16-01-2026 10:40,25871.4,0.11897,0.11539,0.11011399999999999,0.10685800000000001,0.103946,0.101752,0.09938799999999999,0.097146,0.09537799999999999,0.09482653372504704,0.09578160117514112,0.09513253372504704,0.096092,0.1203546939763109,0.18671608192893274,0.20559269397631091,0.199756,0.19214353458160438,0.1836346037448132,0.1781795345816044,0.17169600000000002,0.16378,0.1556122791333762,0.14704483740012853,0.14096505018541708,0.1333463131561227,0.12827877105204089,0.12225
16-01-2026 10:45,25855.55,0.1321253159553794,0.13183106319107588,0.12902799999999998,0.12359400000000001,0.117646,0.11235600000000001,0.10820200000000002,0.10461000000000001,0.101748,0.09964200000000001,0.09860000000000001,0.098626,0.099808,0.12299839526318666,0.18664318578956,0.20385432483760427,0.1963297887232528,0.1906539295744176,0.184476,0.17693477843749017,0.16817433531247053,0.16109822175601443,0.15308432995557264,0.14722744331852422,0.14044205793148132,0.13223217379444396,0.12681605793148132,0.12038
16-01-2026 10:50,25847.05,0.14577,0.13835135297291623,0.12962405891874873,0.12197335297291623,0.115464,0.110402,0.106214,0.102786,0.100186,0.098338,0.09792482927219308,0.09957134838204082,0.10066941096857783,0.12327486056546158,0.18757999999999997,0.20395999999999997,0.197396,0.18830668997928846,0.17531763047285093,0.16898913681651484,0.16547285623179514,0.15995865344388321,0.15203266463484003,0.14621488821161335,0.14006000000000002,0.133262,0.12661,0.11969
16-01-2026 10:55,25842.9,0.14318,0.13234937617135323,0.12240212851405965,0.11579337617135321,0.11111199999999999,0.10646233487893542,0.10160250828568831,0.0991988458255816,0.09793638748525572,0.09635465150912098,0.09590688383637366,0.096488,0.10762613695354831,0.14963225213915227,0.19200971828132918,0.20014001375528367,0.19629205749225875,0.189962,0.18294,0.176174,0.16909200000000002,0.16117399999999998,0.15373,0.14674399999999999,0.1392811041026581,0.1309313123079743,0.1256471041026581,0.1194
16-01-2026 11:00,25831.1,0.14914,0.13521280904790275,0.12649093634930092,0.119092,0.11321200000000001,0.10893800000000001,0.10508200000000001,0.10164300984926505,0.0986194415401763,0.09658224582640842,0.09640441199238113,0.097104,0.09867800000000002,0.122536,0.186682,0.202658,0.19639,0.189312,0.18222000000000002,0.17472194501198945,0.1659858350359684,0.15964994501198945,0.15299000000000001,0.14599,0.1377547416043669,0.12738860596225896,0.12211988505184185,0.1189
16-01-2026 11:05,25828.0,0.15898,0.144174,0.136314,0.127798,0.11957200000000001,0.11366200000000001,0.109026,0.105322,0.10193323415219803,0.09865570245659405,0.09855123415219803,0.09916599999999999,0.100354,0.12354200000000001,0.186602,0.2025,0.19602999999999998,0.189,0.1804403618294573,0.16989083865051152,0.16422562131587615,0.1593557531621396,0.152548,0.14540799999999998,0.13851599999999997,0.131734,0.12589833253684132,0.1222716626842066
16-01-2026 11:10,25825.7,0.13287,0.122584,0.115904,0.11203999999999999,0.108154,0.10514439367913124,0.10268718103739372,0.09964309072695891,0.09759809114348297,0.09606869704782765,0.095518,0.096334,0.098162,0.121896,0.18544000000000002,0.2005718839380318,0.1925476518140954,0.1870138839380318,0.18099,0.17458400000000002,0.16761199999999998,0.15983799999999998,0.152604,0.145776,0.139316,0.13276000000000002,0.12653,0.12009
16-01-2026 11:15,25823.0,0.1348,0.12131,0.11701,0.11308199999999999,0.10848999999999999,0.10474586632243063,0.10122759896729193,0.09880386632243064,0.09691,0.09545350237193292,0.09532650711579876,0.09607950237193293,0.097976,0.12174,0.1841930099520696,0.1982490298562088,0.1926890099520696,0.186066,0.179112,0.172458,0.165404,0.15733133247688946,0.14910999743066844,0.14380533247688948,0.138216,0.131984,0.126006,0.11987
16-01-2026 11:20,25813.0,0.1374,0.12469200000000001,0.119756,0.11495000000000001,0.10985,0.105642,0.10238868584877024,0.09946950950573495,0.0975070417270429,0.09640758376516673,0.0966243954172275,0.09704413180574249,0.098566,0.12104853947116968,0.18153361841350904,0.19668076010290458,0.18712039246085996,0.18143141232870058,0.17724573056565524,0.17114000000000001,0.164062,0.156648,0.14969,0.14304599999999998,0.1362075298485673,0.12870858954570188,0.1237975298485673,0.11825
16-01-2026 11:25,25811.55,0.14089,0.130672,0.12453999999999998,0.118972,0.11364199999999999,0.109474,0.10595,0.10272200000000001,0.10023199999999999,0.098414,0.097772072008072,0.09814421602421607,0.09975207200807201,0.12282199999999999,0.184328,0.19898799999999997,0.19231600000000001,0.18444109680317558,0.17599729040952675,0.1704490968031756,0.16405,0.156428,0.149398,0.1421138799787292,0.1345296399361876,0.12882854147944325,0.12217598450214211,0.11761
16-01-2026 11:30,25823.8,0.15411,0.121492,0.11300599999999998,0.10954255841875173,0.10604967525625521,0.10247455841875172,0.09987,0.09778400000000001,0.09635600000000001,0.09518199999999999,0.09505999999999999,0.096016,0.10870586183746528,0.15432758551239584,0.19587186183746527,0.199834,0.193052,0.185796,0.17771683780218656,0.1693245134065596,0.16383683780218655,0.15714799999999998,0.15027,0.143732,0.13734800000000003,0.130994,0.124922,0.11873
16-01-2026 11:35,25810.0,0.12446,0.11635512393108298,0.1133119134166645,0.10882261631891046,0.10612220543963682,0.10403200000000001,0.10144600000000001,0.09916,0.097396,0.09609724392634256,0.09564773177902768,0.09660124392634256,0.098534,0.121278,0.182058,0.19744199999999998,0.191278,0.18430400000000002,0.177192,0.170248,0.1625951188131617,0.15402335643948498,0.14820711881316168,0.1416788399628758,0.13454051988862747,0.12947483996287582,0.123854,0.11763
16-01-2026 11:40,25806.75,0.1389,0.126158,0.11792999574671655,0.11153998724014962,0.10659799574671655,0.103258,0.100626,0.098406,0.09704993116232921,0.0960617934869876,0.0956559311623292,0.09648,0.098412,0.12143599999999999,0.182634,0.198258,0.19192599999999999,0.18444,0.17699399999999998,0.16849427221707114,0.1577920607160106,0.1520720044114628,0.14801324406479724,0.142144,0.135854,0.129528,0.123616,0.11758
16-01-2026 11:45,25794.7,0.14051,0.13102392793726558,0.12267378381179679,0.1166079279372656,0.11113200000000001,0.10691800000000001,0.103744,0.101142,0.099132,0.097566,0.097066,0.097776,0.099584,0.122176,0.182242,0.19778999999999997,0.191328,0.18377600000000002,0.17589747327045013,0.16776241981135048,0.16168547327045016,0.15465600000000002,0.147548,0.140796,0.134324,0.12745252857031783,0.12038158571095352,0.11579
16-01-2026 11:50,25794.65,0.14526,0.132418,0.12221507644572036,0.112213229337161,0.11035707644572032,0.107808,0.104296,0.101532,0.0995,0.09794800000000001,0.097438,0.098304,0.100302,0.122942,0.18203483565667017,0.1958705069700105,0.19050483565667017,0.183682,0.17579838964876054,0.16782316894628163,0.16158038964876054,0.154476,0.14738800000000002,0.140682,0.134282,0.127878,0.121736,0.11541
16-01-2026 11:55,25797.25,0.11631,0.11286800000000001,0.108296,0.10416399999999999,0.100982,0.09885,0.09715,0.09573,0.09471999999999998,0.09448344478754743,0.09615433436264231,0.09636544478754744,0.098034,0.121146,0.181896,0.19674606402323389,0.18844619206970162,0.18291606402323388,0.17693,0.170142,0.16210381386136952,0.1527974415841085,0.1474998138613695,0.14108301008902227,0.13347703026706684,0.12883288223124864,0.12506910346652164,0.1217774351992128
16-01-2026 12:00,25774.5,0.1310589598588538,0.14000179197177076,0.13581200000000002,0.127888,0.121224,0.115592,0.11083400000000002,0.10711600000000002,0.10433200000000001,0.10214488228631682,0.10154264685895045,0.10185488228631683,0.103306,0.12466200000000001,0.18017244907292915,0.19074202627529865,0.18503048624246266,0.17998178869347253,0.17270332891088408,0.1659495575991337,0.1581473438865171,0.15189444796217236,0.14527800000000002,0.13789366140122544,0.1296292515179553,0.1240884633440626,0.11956226731427905,0.11355
16-01-2026 12:05,25790.15,0.1442408490685067,0.14633016981370134,0.144094,0.136474,0.128596,0.121836,0.11588912296613271,0.11103336889839811,0.1077651229661327,0.10495399999999999,0.10351199999999999,0.103662,0.104822,0.1250264537313706,0.18017136119411176,0.19539445373137057,0.189224,0.1812661171221979,0.17282835136659364,0.16684611712219788,0.15967265142060455,0.1509279542618136,0.14531865142060452,0.1392487199925171,0.1323661599775513,0.1254853278532938,0.11827182358233004,0.1138
16-01-2026 12:10,25810.95,0.15056,0.14050015513288153,0.1383467183776272,0.131764,0.12390599999999999,0.1181312904677228,0.1139218714031684,0.10925838354937165,0.1056428492544701,0.10214380311021942,0.10160157000952352,0.1021,0.10319400000000001,0.124694,0.18302399999999996,0.197352,0.19068000000000002,0.182938,0.175616,0.16849799999999998,0.161406,0.154106,0.14711000000000002,0.14031495191880497,0.13341685575641488,0.12743895191880497,0.1223506873523535,0.1186934367617674
16-01-2026 12:15,25821.3,0.13938,0.13263,0.126276,0.11879200000000001,0.111938,0.10941137360881803,0.10856212082645411,0.10379980872089171,0.10241730533622105,0.09903643511207368,0.09740399999999999,0.098002,0.09979,0.122658,0.183914,0.19821444519496587,0.18915533558489758,0.18302644519496586,0.17604199999999998,0.16853,0.161588,0.1537537146027572,0.14552114380827155,0.1390048378387539,0.12962045809079192,0.1243523347990691,0.12047892762680248,0.11702
16-01-2026 12:20,25815.75,0.14513,0.1290878623159548,0.1106635869478644,0.11077640258366064,0.10015574133578728,0.09786090186571511,0.10316812053266977,0.10266,0.10042800000000002,0.098788,0.098138,0.09869,0.10027,0.122702,0.1824607036496552,0.19645411094896553,0.1905027036496552,0.18327800000000002,0.17531017430435494,0.1669625229130649,0.15982554145137942,0.15133410144107337,0.14640336714702445,0.140852,0.13493186435071197,0.12909159305213588,0.12269186435071196,0.11623
16-01-2026 12:25,25811.0,0.07388,0.074918,0.07564799999999999,0.07952,0.08201,0.083854,0.08519600000000001,0.086092,0.086836,0.087364,0.08879999999999999,0.09259308330583083,0.09842924991749245,0.11911411137759856,0.17880708421530322,0.19592302807176776,0.190116,0.182622,0.175456,0.168614,0.16058004802135595,0.1510461440640678,0.14567171209745494,0.13634784873351058,0.13179023359173958,0.13030958798576925,0.1258197363633038,0.122097709608183
16-01-2026 12:30,25738.6,0.15064,0.143952,0.13702,0.129672,0.1221,0.116456,0.111938,0.108208,0.105616,0.103442,0.10269199999999999,0.103412,0.105042,0.12507638976794938,0.17783516930384818,0.19063038976794938,0.18314600000000003,0.17541400000000001,0.167772,0.1603762066099682,0.15311861982990457,0.14641144137455556,0.13976570429376206,0.13343323476458735,0.1275,0.12162799999999999,0.116178,0.11068
16-01-2026 12:35,25771.0,0.13271,0.122282,0.11878200000000001,0.11471006903858356,0.11055959194085262,0.10747247079620526,0.10705618696296021,0.10841245336562286,0.10345813592263582,0.09926553814417517,0.09996453880080036,0.09976351293360011,0.10110200000000001,0.12149873742824716,0.1749511356355326,0.1893875074806205,0.18509892335079114,0.177988,0.170148,0.163052,0.156136,0.149362,0.142758,0.13567706973299984,0.1284092091989995,0.12421106973299983,0.119732,0.11418
16-01-2026 12:40,25768.5,0.1182680116496758,0.11739760232993515,0.114892,0.110636,0.105852,0.102882,0.10326368452884338,0.10679505358653016,0.10030768452884338,0.096744,0.09696,0.09838,0.100766,0.12215672339236328,0.17795817017708984,0.19281072339236327,0.185614,0.177644,0.170254,0.163074,0.156314,0.149584,0.142982,0.136822,0.131228,0.12565800000000002,0.120462,0.11512
16-01-2026 12:45,25759.4,0.13574,0.12784,0.118418,0.111624,0.10699285885329729,0.10449457655989189,0.10358507535565173,0.1039356374689366,0.09803918038797445,0.09711498796187334,0.09849265134903745,0.10083795404711238,0.10229665134903747,0.12343399999999999,0.179234,0.19109074745010904,0.18185024235032712,0.17584274745010903,0.16976,0.16293200000000002,0.15612399999999999,0.14946399999999999,0.14269,0.13554636456278707,0.12832309368836123,0.12407236456278707,0.119516,0.11427
16-01-2026 12:50,25750.05,0.15113,0.134468,0.129764,0.124348,0.11759399999999999,0.112542,0.108668,0.10451210968335611,0.09983032905006836,0.10037563644201918,0.10077458027598918,0.10238552675866305,0.104632,0.125302,0.17912199999999998,0.191312,0.18407600000000002,0.17630200000000001,0.16860858159123027,0.16021574477369085,0.1540865815912303,0.14778,0.14087,0.134218,0.128102,0.12214,0.11663400000000002,0.11113
16-01-2026 12:55,25759.95,0.13098,0.11868000000000001,0.1106080970442743,0.1073422911328229,0.10267209704427431,0.10050482032532639,0.09982646097597914,0.09766082032532639,0.096554,0.09609400000000001,0.09656,0.09854000000000002,0.10104,0.12292600000000001,0.17873731750288027,0.19011995250864078,0.18410731750288026,0.177428,0.17064000000000001,0.163672,0.156756,0.149776,0.142129436918836,0.13387231075650807,0.1292055750594588,0.12309641442186835,0.11934413814062278,0.11467
16-01-2026 13:00,25740.05,0.11584,0.11377975984746273,0.10907127954238821,0.10619375984746274,0.10368999999999999,0.10144600000000001,0.0995960325337009,0.09825393812833708,0.09798955411540404,0.09748984052723438,0.098118,0.100002,0.102546,0.12313400767507361,0.17646802302522085,0.19044800767507364,0.183848,0.176274,0.169044,0.161816,0.154632,0.147714,0.13976900355192645,0.1301436129870319,0.12603881054568417,0.12289460233125259,0.118324,0.11323
16-01-2026 13:05,25723.25,0.13718,0.12373903426837062,0.11958834475612354,0.11561199999999999,0.11096,0.10692,0.10387199999999999,0.102052,0.100818,0.100088,0.10052,0.10211200000000001,0.104614,0.125094,0.177202,0.188394,0.1812189976561922,0.17236699296857655,0.1663409976561922,0.159802,0.152682,0.14579,0.138926,0.13246200000000002,0.126586,0.12028584429885542,0.11433553289656621,0.11048
16-01-2026 13:10,25717.95,0.1300042863234935,0.12345085726469869,0.116984,0.111954,0.107896,0.10476,0.10222800000000001,0.100634,0.09972999999999999,0.099052,0.099742,0.101602,0.10417,0.12461,0.17681200000000002,0.188492,0.181014,0.17342400000000002,0.166254,0.159082,0.15194000000000002,0.14494600000000002,0.13816799999999999,0.13197599999999998,0.126216,0.12067199999999999,0.115644,0.11036
16-01-2026 13:15,25715.5,0.12546,0.120918,0.116142,0.112482,0.108706,0.10428529884875383,0.10096789654626145,0.09976729884875382,0.0995752879641644,0.10030386146590956,0.10014528068441349,0.10146999757341635,0.103954,0.12368398683654411,0.1743639605096323,0.18747798683654412,0.17986811021210006,0.1708763306363002,0.16497811021210004,0.15829000000000001,0.151308,0.14312357604018844,0.13341444444783296,0.12792872502199115,0.12465371632726756,0.11981800000000001,0.11467200000000001,0.10943
16-01-2026 13:20,25705.4,0.12947,0.119222,0.11282,0.109511096414006,0.10810528924201794,0.10345309641400599,0.100466,0.09917200000000001,0.09928182503265112,0.10049547509795335,0.1000698250326511,0.101412,0.104326,0.124548,0.175344,0.186444,0.179112,0.171454,0.1636675774910826,0.15535673247324785,0.14979957749108264,0.143908,0.13638931336751647,0.12835594010254944,0.12453531336751647,0.12013599999999999,0.11559287639282707,0.1111143819641354
16-01-2026 13:25,25670.15,0.1311132107853942,0.1258667253182316,0.12447613249659122,0.11750431432862089,0.11631943810954029,0.11257278716397894,0.10624636149193681,0.10625678716397895,0.10560599999999999,0.10424400000000002,0.104626,0.11415114574903719,0.14000753229827734,0.15781943090253459,0.1812231251595252,0.1825410903250782,0.17603503010835939,0.168696,0.16032942007601145,0.15094150850230909,0.1453571648988354,0.14061924827427463,0.13463399999999998,0.128124,0.122382,0.11677000000000001,0.111728,0.10669
16-01-2026 13:30,25701.15,0.1293458478663943,0.12242316957327887,0.117126,0.11129,0.10686999999999999,0.103866,0.10167799999999999,0.100226,0.09927,0.098788,0.09971000000000001,0.10186,0.10479999999999999,0.124672,0.17474399999999998,0.18503128291127557,0.17521984873382668,0.1684774131864446,0.16062639082550711,0.15523957304906788,0.14819632832169646,0.14277344277389883,0.13716,0.13124,0.12456583781679252,0.11576391251909965,0.11161303502295877,0.11092
16-01-2026 13:35,25687.3,0.14434,0.13135,0.12129130919990118,0.11331592759970352,0.11257130919990119,0.11031000000000002,0.10701200000000001,0.104704,0.10258448109839356,0.10082944329518068,0.10227648109839356,0.10477813242097128,0.10778039726291386,0.12657613242097127,0.17434,0.18499400000000002,0.177372,0.16936,0.16227400000000003,0.1544586658865736,0.14517163006126893,0.1401135630912182,0.1352896324015482,0.129798,0.12391802457300995,0.11786207371902982,0.11360202457300994,0.10873
16-01-2026 13:40,25701.3,0.1338682303865825,0.12624136984637627,0.11530590792301992,0.10855599999999999,0.106376,0.104078,0.10220719346023785,0.10170232775625927,0.10071943558687513,0.10001194526152658,0.10197959365794247,0.10297919788598081,0.11400523395124992,0.15162570185374977,0.18363317195356565,0.1839878140069472,0.17783393800231573,0.170858,0.16377999999999998,0.156956,0.1500369625441915,0.1430568876325745,0.13659894444548595,0.12939394570388343,0.12534598190129448,0.12084600000000001,0.116136,0.1111
16-01-2026 13:45,25699.7,0.1373,0.12927,0.119816,0.11461800000000001,0.10977599999999998,0.10563600000000001,0.103056,0.101512,0.100442,0.09989799999999999,0.10078200000000001,0.10294,0.10590199999999998,0.125854,0.17508898633407666,0.18438695900223,0.1772918099691459,0.16869247090520767,0.1621448236350692,0.155944,0.14923781141473905,0.14240343424421714,0.13649981141473905,0.130494,0.124666,0.119182,0.114468,0.10907
16-01-2026 13:50,25712.85,0.096,0.09631599999999998,0.098518,0.09871,0.097234,0.096444,0.09622104717072749,0.09730933731789382,0.09728963458786155,0.09638419580571136,0.097632,0.100284,0.103608,0.12437400000000001,0.176082,0.187796,0.180356,0.172468,0.16503400000000001,0.15838799999999997,0.15213400000000002,0.14563,0.13875027198568618,0.13159881595705847,0.12780027198568616,0.123304,0.118916,0.11438
16-01-2026 13:55,25689.85,0.12024,0.11658199999999999,0.112346,0.10895200000000001,0.10502651022464246,0.10122353067392738,0.10081651022464246,0.10030800000000001,0.09957599910501991,0.09909599731505978,0.10066199910501993,0.103114,0.10616199999999999,0.12598399999999998,0.17463954108565255,0.18416862325695768,0.17813154108565257,0.16927887558043647,0.1589992272760729,0.1536746771847272,0.14936260053476358,0.143266,0.137052,0.131182,0.125774,0.12053734338447739,0.11569203015343213,0.11085
16-01-2026 14:00,25681.95,0.12937,0.121926,0.113132,0.107638,0.104594,0.102312,0.100568,0.09940696940160877,0.09869690820482628,0.09900896940160876,0.10055800000000001,0.103006,0.106286,0.12602200000000002,0.174744,0.185234,0.178118,0.170042,0.162646,0.156032,0.14884146307150564,0.14093838921451696,0.13575146307150568,0.130446,0.12568116936561474,0.12292582253683856,0.1212282253764873,0.1176205634544477
16-01-2026 14:05,25682.85,0.11697,0.109846,0.10594358689640782,0.10243676068922347,0.1001875868964078,0.09893958034143788,0.09814874102431363,0.09736758034143789,0.09763467463681932,0.09881402391045796,0.09975067463681932,0.10208999999999999,0.105548,0.12573800000000002,0.175546,0.186658,0.1787104176705774,0.16923525301173223,0.16321641767057737,0.15713,0.150346,0.14374399999999998,0.137454,0.131524,0.12609599999999999,0.12090599999999999,0.11635999999999999,0.11155
16-01-2026 14:10,25684.7,0.12427,0.11707399999999998,0.11206118382639439,0.1067395514791832,0.10509518382639439,0.103238,0.10115,0.10003799999999999,0.09942000000000001,0.099412,0.100818,0.11209687155497654,0.1412700086668538,0.1604490535607491,0.1846333940019242,0.18758799999999998,0.180566,0.17252399999999998,0.164888,0.157742,0.15017016780166764,0.14191450340500295,0.13677816780166763,0.13135,0.125792,0.120338,0.11601812071983054,0.1132106035991527
16-01-2026 14:15,25676.95,0.1296,0.11988399999999999,0.11541693884318376,0.10951681652955127,0.10716693884318376,0.10502800000000001,0.102716,0.101304,0.10065,0.10050799999999999,0.10175200000000001,0.104086,0.107234,0.126806,0.17532199999999998,0.18649400000000002,0.17958200000000002,0.17155399999999998,0.16328653708120192,0.1548696112436057,0.1492545370812019,0.1423174488089083,0.13454434642672486,0.12967944880890828,0.1243491808118794,0.1180435424356382,0.1137511808118794,0.10882
16-01-2026 14:20,25689.4,0.13376,0.122284,0.115054,0.111206,0.107352,0.10429,0.101878,0.10018762782834117,0.09885088348502354,0.09930962782834118,0.1010752287134717,0.1038776861404151,0.1065072287134717,0.12641599999999997,0.1765,0.187686,0.18035600000000002,0.17152268288932282,0.16275004866796838,0.15681668288932282,0.150528,0.14382,0.137276,0.13056542194551743,0.12401826583655232,0.11945942194551744,0.11534852748342453,0.1114426374171227
16-01-2026 14:25,25707.1,0.10563,0.103146,0.10219993623174095,0.1045718086952229,0.10116993623174096,0.098448,0.097048,0.09636,0.096056,0.09639400000000001,0.09805799999999999,0.100726,0.11304582583661678,0.15185947750985035,0.1851933574899694,0.18681459496005792,0.18156753165335265,0.17418199999999998,0.166824,0.159752,0.15274,0.14607599999999998,0.139512,0.13323,0.12703749319585428,0.12005447958756289,0.1165724776249444,0.1125849221454505
16-01-2026 14:30,25688.2,0.1291,0.12489,0.118316,0.112636,0.10869599999999999,0.105516,0.102962,0.10134,0.10024999999999999,0.100048,0.10119071299649944,0.10331013898949831,0.10650071299649945,0.1258715009575775,0.17421650287273238,0.18639550095757745,0.17994200000000002,0.17203799999999997,0.16417878092117694,0.15607234276353082,0.14986278092117694,0.143482,0.136822,0.13069799999999998,0.125078,0.11963,0.114796,0.10955
16-01-2026 14:35,25708.0,0.0988,0.11221047559594458,0.10893749186531484,0.10386000000000001,0.10130399999999999,0.09919599999999999,0.09798657697911564,0.09804173093734692,0.09768933986568062,0.10055690774563648,0.10188954918025775,0.10195940619354596,0.11193632304628046,0.14846822374706506,0.18279351915789668,0.18815604171582812,0.18169000000000002,0.173536,0.16609200000000002,0.1589,0.15182600000000002,0.145068,0.138904,0.13080519686761682,0.12045148927513276,0.11564546425140414,0.11318561277310356,0.11142
16-01-2026 14:40,25706.4,0.13025,0.119214,0.112626,0.108048,0.104654,0.10152313577078731,0.0981234073123619,0.0979491357707873,0.097774,0.097726,0.098846,0.101032,0.11288997876379289,0.1506879362913787,0.1850879787637929,0.188546,0.181026,0.17205786777628684,0.16320760332886053,0.15737986777628685,0.151174,0.14390097045838313,0.1364789113751493,0.1312489704583831,0.1256294181406317,0.1192442544218951,0.11490141814063169,0.10992
16-01-2026 14:45,25707.8,0.11305,0.11201498080787521,0.1080883269359584,0.10447795521677632,0.10263786565032897,0.09976395521677632,0.097658,0.09667,0.09623199999999998,0.09634999999999999,0.09863126349202281,0.10349383208686613,0.10626738832441586,0.12499004161079767,0.17412146225813735,0.17918579203493387,0.1721237557014479,0.16800763824575715,0.16380207766174512,0.15794,0.151144,0.144336,0.13797399999999999,0.132024,0.126598,0.12070769453752074,0.11451308361256222,0.11095
16-01-2026 14:50,25692.95,0.12547,0.118564,0.111582,0.10872600000000002,0.105922,0.10274400000000002,0.10046400000000001,0.099324,0.098606,0.098492,0.0996,0.10179999999999999,0.105026,0.125386,0.1753941178095471,0.18491835342864144,0.17668439679059145,0.16368977167608298,0.157064021916197,0.1536437509418571,0.14961893873630233,0.143644,0.1366964276849137,0.12982928305474112,0.1253964276849137,0.12055,0.11620427967710323,0.1132213983855161
16-01-2026 14:55,25700.95,0.1209549078863718,0.11369233274982879,0.11265845039085147,0.10881690031857534,0.10194377271063006,0.09940020260453487,0.09857333281864623,0.0981420870212474,0.097662,0.09798,0.09908,0.101044,0.10399,0.124532,0.175808,0.187076,0.179692,0.17065641851369992,0.16161525554109976,0.1559024185136999,0.149964,0.143308,0.13708,0.131416,0.12552923409766883,0.11913970229300652,0.11512523409766882,0.11054
16-01-2026 15:00,25706.3,0.11793,0.10532799999999999,0.10283784062613531,0.1025795218784059,0.1000818406261353,0.097992,0.096678,0.09595599999999999,0.095526,0.09566199999999998,0.09701599999999999,0.0994,0.102754,0.123768,0.17614200000000002,0.18706767236193764,0.17742901708581293,0.17089367236193764,0.16437000000000002,0.157594,0.151226,0.144852,0.138692,0.1316382235668021,0.12351331746023189,0.11933616384627885,0.11675064675982558,0.11238
16-01-2026 15:05,25694.05,0.11281,0.110534,0.107468,0.10446799999999999,0.10221400000000001,0.09991799999999999,0.09822799999999998,0.097348,0.09688400000000001,0.09690168381779896,0.09839105145339687,0.10052568381779897,0.103718,0.12438000000000002,0.17494820461785163,0.18522061385355493,0.1773559396953579,0.166118351742088,0.16003517460621408,0.1559251465095693,0.15018,0.14298078043103524,0.13589634129310565,0.13124878043103522,0.12609298604206953,0.12003295812620862,0.11603298604206955,0.11126
16-01-2026 15:10,25691.6,0.11496,0.10993,0.105238,0.10300062442118535,0.10131987326355607,0.09900462442118536,0.097512,0.096848,0.09648999999999999,0.09651799999999999,0.097932,0.100276,0.10354999999999999,0.124174,0.17440761584206071,0.18443484752618222,0.17789761584206074,0.17009800000000003,0.16244,0.155926,0.14959999999999998,0.143012,0.13597263198090373,0.1277774224551526,0.12359121151822819,0.12066352651244151,0.11671617720154386,0.1133208860077193
16-01-2026 15:15,25691.75,0.12581,0.11757500185414238,0.11279421886649549,0.10749765474534406,0.10560321824844802,0.103412,0.10128,0.09985782830542209,0.09859245214054575,0.09671472997826064,0.09939872185353865,0.10287926388777742,0.10542775462925914,0.12469805225068063,0.17360415675204185,0.1859120522506806,0.178802,0.16932786521729465,0.1597775956518839,0.15334299629077613,0.1443822945586235,0.13999383508801835,0.13535253403207345,0.12741330033923015,0.12291883946653441,0.11938264791268356,0.11388473696541077,0.11
16-01-2026 15:20,25695.9,0.12636,0.118842,0.11244600980585712,0.10712402941757136,0.10476200980585713,0.10262399999999999,0.10039611417564016,0.09843234252692047,0.09688519573030138,0.09511924466398367,0.09863508155466122,0.11166892094446071,0.14352348556236177,0.1639810891313997,0.18410875209470184,0.18097072390152663,0.17459793677880248,0.1691246592255839,0.16050607026367142,0.15465556204895264,0.14674661588318658,0.1417324825090065,0.13495883164383288,0.12984652075515607,0.12385473062163538,0.11974357687387845,0.115212,0.10972
16-01-2026 15:25,25697.65,0.12031,0.111622,0.10694600000000001,0.10399,0.100592,0.098886,0.097328,0.095954,0.09526400000000002,0.095636,0.097418,0.11090552111203794,0.14682316481964208,0.16853332556262268,0.18748260148352824,0.18903799999999998,0.180896,0.171782,0.163834,0.155712,0.148902,0.14267999999999997,0.136826,0.13136,0.12592599999999998,0.120056,0.114934,0.10954
19-01-2026 09:15,25549.65,0.14245,0.1314107965043685,0.11430994397055758,0.11164145987672483,0.11848955445745211,0.119286,0.11637665563108414,0.11254396689325241,0.11677665563108414,0.120002,0.1219834038327722,0.12432072630037269,0.1309569482389405,0.14955851480205612,0.19067199999999998,0.198582,0.191228,0.18299600000000002,0.174198,0.166286,0.15859600000000001,0.15032399999999999,0.14211265643360954,0.13428396930082862,0.1288965536158831,0.12279769154682067,0.11827189718227356,0.11346
19-01-2026 09:20,25596.45,0.08441,0.089222,0.09337400000000001,0.096018,0.10095901954788376,0.10952305864365128,0.10440501954788375,0.102742,0.10831537543323018,0.11721412629969054,0.11577337543323019,0.11917861631383955,0.12798384894151868,0.14555661631383957,0.192186,0.20203400000000002,0.194658,0.186496,0.178098,0.170464,0.16248,0.15356134972876792,0.14476204918630375,0.13990934972876792,0.13511,0.130172,0.125862,0.12153
19-01-2026 09:25,25570.45,0.1024,0.101846,0.10332754964539037,0.1055088076055044,0.10637619430019071,0.11153066460973494,0.10693216864680055,0.105626,0.11101817947097845,0.11988304255669611,0.11887369190226083,0.12221304409047351,0.13093961984013816,0.14784053994671273,0.191774,0.200744,0.19302,0.18481599999999998,0.17668,0.168608,0.15986456056771944,0.15012968170315838,0.14387856056771947,0.13819399999999998,0.132438,0.12727,0.12296199999999999,0.11855
19-01-2026 09:30,25544.4,0.1437,0.13155048641484027,0.11880345924452079,0.12100648641484027,0.120234,0.11599866759964415,0.11188600279893247,0.11414666759964416,0.116838,0.11926800000000001,0.122864,0.12706800000000001,0.1376782673518555,0.16694516497616263,0.19608535611364375,0.19833186747242862,0.1901965136554976,0.18070077880937044,0.16748281233584444,0.1606697746539391,0.15603558468335774,0.149787531706709,0.14181600000000003,0.13400541092486315,0.12643623277458943,0.12131541092486313,0.116478,0.11102
19-01-2026 09:35,25579.4,0.09938,0.09745799999999999,0.10108324696098629,0.1086619948169496,0.10870000876295845,0.10321425393399071,0.102126,0.103744,0.10652400000000001,0.11166050608510927,0.11944551825532784,0.12064250608510926,0.12452999999999999,0.14596,0.19469600000000004,0.204852,0.197262,0.188746,0.18052400000000002,0.17246599999999998,0.1626982478172787,0.15127474345183614,0.1458282478172787,0.1389647873296942,0.13062236198908253,0.12750078732969417,0.12404599999999999,0.11922
19-01-2026 09:40,25551.95,0.12474,0.12002199999999999,0.115282,0.112516,0.10991884926788756,0.10740054780366269,0.10860084926788756,0.10987,0.11190800000000001,0.1164737518913879,0.12361937994626222,0.12469212470768362,0.13534262425794352,0.16908749995753483,0.19883449998584493,0.20027999999999999,0.19115549093184298,0.17959860924486615,0.1727099002798548,0.1646293540644799,0.15113920716457846,0.14351188510940982,0.13991356792959686,0.13476800453681542,0.12896108476513768,0.12354325429541305,0.11847908476513769,0.11313
19-01-2026 09:45,25560.95,0.11745,0.11254600000000001,0.110278,0.109236,0.10795,0.107244,0.107118,0.10779999999999999,0.11011199999999999,0.1139496446551118,0.1194549339653354,0.1221536446551118,0.126634,0.146768,0.1902130948452378,0.19417507210415103,0.18787845755055066,0.1834297875684376,0.176446,0.1684,0.16009,0.151748,0.143648,0.136502,0.13047599999999998,0.12491000000000001,0.120016,0.1149
19-01-2026 09:50,25558.35,0.09813,0.10088416009918375,0.10196405336639458,0.102262,0.102376,0.10263,0.10360079638224243,0.10564838914672732,0.10793279638224246,0.11169209161255717,0.11722827483767148,0.12090409161255716,0.126082,0.146482,0.19119307714504158,0.19877123143512462,0.19265707714504154,0.185034,0.177022,0.168814,0.160504,0.152182,0.1432281604560806,0.13370722450399622,0.12885238986334385,0.1255267431357544,0.121462,0.11685
19-01-2026 09:55,25558.2,0.10221,0.10077895614142779,0.10124486842428335,0.10207295614142779,0.10250099481411189,0.10323698444233564,0.10365099481411189,0.105076,0.10814800000000001,0.11171,0.116036,0.1217941975106016,0.1290205925318048,0.1478501975106016,0.192494,0.20161400000000002,0.19406,0.185476,0.177292,0.168892,0.16055800000000003,0.152318,0.14383785000263422,0.1359895500079026,0.1312738500026342,0.12640800000000002,0.121922,0.11727
19-01-2026 10:00,25520.6,0.11102,0.10813,0.107256,0.106736,0.10639797892135733,0.10693793676407201,0.10717662345203567,0.10959393359203497,0.11170664453067831,0.114864,0.11931599999999999,0.12434999999999999,0.13025,0.14949,0.191384,0.199176,0.1916,0.183406,0.17507599999999998,0.1655041520429438,0.1554684561288314,0.1487141520429438,0.14164,0.135218,0.129672,0.12378651352880266,0.11796754058640799,0.11506
19-01-2026 10:05,25510.95,0.1164071061508103,0.11967942123016206,0.11692535712574015,0.11254007137722047,0.11191135712574017,0.111446,0.110984,0.11193800000000001,0.11520091611117814,0.12004947620694427,0.12346709973140765,0.12699072787340984,0.132328,0.15079599999999999,0.190768,0.19793400000000003,0.18979200000000002,0.181564,0.17361,0.164808,0.15560056818490192,0.14591570455470582,0.13934856818490193,0.1327530326401072,0.12597109792032166,0.12113703264010721,0.11669999999999998,0.11165
19-01-2026 10:10,25528.25,0.11377,0.111256,0.10960400000000001,0.108544,0.10750199999999999,0.10695599999999998,0.10703199999999999,0.108454,0.11146400000000001,0.11492799999999999,0.119252,0.12428800000000001,0.13011,0.14846822020159564,0.18907066060478697,0.19904422020159568,0.19161,0.18208308710292453,0.17201726130877354,0.16443912598933322,0.15514211665922611,0.1488060388864087,0.141838,0.135482,0.12995,0.124656,0.12010841387365044,0.1154820693682522
19-01-2026 10:15,25530.4,0.12141,0.115762,0.11093692173141184,0.10764676519423552,0.10759305629167137,0.10720440368077862,0.10752813456025954,0.10899,0.112096,0.11593788458964477,0.12084565376893434,0.1250938845896448,0.1373052108679029,0.1699416326037087,0.1980612108679029,0.199192,0.191322,0.18213226477293187,0.17236479431879553,0.1646572239001668,0.15528487738170482,0.14844695912723493,0.14061141849369774,0.13173674591419163,0.12695688979299294,0.12353249043309841,0.11974539455515217,0.1160769727757608
19-01-2026 10:20,25543.9,0.10527,0.107976,0.10764162738149725,0.10503088214449172,0.10551562738149725,0.105794,0.106166,0.107818,0.11080400000000001,0.114148,0.11892457088540834,0.12512171265622501,0.12944657088540834,0.14858,0.1915337359531466,0.19837920785943974,0.19130461483485278,0.18184863664511866,0.17539687888170624,0.167838,0.15944000000000003,0.150892,0.14322000000000001,0.136868,0.13126200000000002,0.126198,0.121238,0.11615
19-01-2026 10:25,25526.15,0.09784,0.10177870320345582,0.10411210961036746,0.10307470320345583,0.102584,0.103222,0.104468,0.106694,0.11088787303283756,0.11570561909851268,0.11904187303283756,0.13150007352642046,0.16027222348468573,0.17859008224269352,0.19932600290542435,0.20059999999999997,0.192252,0.18364,0.17559,0.16724,0.159014,0.150982,0.1437,0.137742,0.132472,0.12747799999999998,0.12323999999999999,0.1189
19-01-2026 10:30,25515.7,0.11207,0.11087,0.109386,0.10847199999999999,0.107424,0.10707799999999999,0.10753,0.10929399999999999,0.112492,0.11640443826736992,0.12143931480210976,0.12569443826736992,0.130896,0.14836552526303542,0.18622353072711764,0.19540039007706955,0.19038095493801138,0.182728,0.174352,0.165878,0.15761399999999998,0.1475943718375649,0.1353025466756776,0.12966133951706546,0.12662883266394492,0.12429481097847081,0.1210493789293063,0.11627
19-01-2026 10:35,25513.9,0.117837286341642,0.11016545726832841,0.1077,0.10718000000000001,0.1068,0.10654,0.107208,0.10911799999999999,0.11250600000000001,0.11613599999999999,0.12111109764725823,0.1276072929417747,0.13160909764725823,0.1489978996909481,0.18902769907284425,0.19785789969094808,0.191032,0.182652,0.174252,0.16591999999999998,0.15775,0.14981,0.14178616427419036,0.1334128243057627,0.12824915872376538,0.1250115132453802,0.11992154528656557,0.11797
19-01-2026 10:40,25500.4,0.12671,0.12000968877558246,0.11330706632674739,0.11359768877558246,0.11249098107712224,0.10998894323136672,0.11119698107712224,0.113078,0.115814,0.118828,0.122552,0.12713999999999998,0.132426,0.1484843242733867,0.18281291711496786,0.1904560917109878,0.1861357479543406,0.18059393455317757,0.173018,0.164534,0.156186,0.148016,0.14058718180390634,0.13407954541171901,0.12888718180390635,0.12389399999999999,0.119338,0.11466
19-01-2026 10:45,25525.55,0.11111,0.10931000000000002,0.10804,0.1081103562958365,0.10848906888750949,0.1070243562958365,0.106934,0.108766,0.11185400000000001,0.11600670783656958,0.12174812350970875,0.1247807078365696,0.12934,0.1489,0.19247,0.1994489562064632,0.18932886861938952,0.18277695620646317,0.175722,0.167422,0.158994,0.15095599999999998,0.1430934662224149,0.1360883986672447,0.13187546622241492,0.12721000000000002,0.12280200000000001,0.11823
19-01-2026 10:50,25515.9,0.1192749338241532,0.11801098676483063,0.11521200000000001,0.112862,0.11087399999999999,0.10989999999999998,0.10976599999999999,0.11101799999999999,0.11374,0.11739639425584351,0.12258118276753055,0.1261223942558435,0.13080399999999998,0.149638,0.19161,0.19919800000000001,0.19143600000000002,0.18302999999999997,0.174642,0.165896,0.157424,0.14899600000000002,0.14173,0.135646,0.12986999999999999,0.124522,0.12048260101951977,0.1183030050975988
19-01-2026 10:55,25526.35,0.13233,0.12486688289542813,0.1162891245830987,0.11529431058587113,0.11427847589681434,0.112116,0.11174123386433463,0.11410590770864883,0.1158578522112695,0.11725820611564496,0.12063399999999999,0.12511,0.130244,0.149456,0.192302,0.199892,0.1901555752898822,0.1773632513204091,0.17062915164216955,0.16531852545076245,0.15679012077645063,0.1466663623293519,0.14037412077645064,0.134506,0.128514,0.12286599999999999,0.11798800000000001,0.11313
19-01-2026 11:00,25550.1,0.12151,0.11753628061884608,0.11152484185653824,0.11223366638050512,0.11144225028699392,0.1086276165916647,0.10824994847388257,0.10965795182395527,0.112234,0.115058,0.11900821858878598,0.12416265576635795,0.13628656845386783,0.17131504959524546,0.20078219030709965,0.19951352132605346,0.1930518404420178,0.18539799999999998,0.177212,0.16790408440488458,0.15771225321465374,0.1507340844048846,0.143678,0.13715,0.131276,0.1256,0.120438,0.1154
19-01-2026 11:05,25561.85,0.10899,0.102764,0.101194,0.10289163165829417,0.10456689497488247,0.10268563165829417,0.10226400000000001,0.103668,0.10744403591018886,0.11268210773056658,0.11543003591018886,0.119686,0.125388,0.14469654947688165,0.18759692345644235,0.19825037455427397,0.19391727502579745,0.1856718168395188,0.17592345051855643,0.1698458168395188,0.16176359951673502,0.15175079855020512,0.14642559951673506,0.141098,0.135286,0.1292132896197909,0.1228318688593727,0.12077
19-01-2026 11:10,25540.3,0.11046,0.11024400000000001,0.10870600000000001,0.107564,0.106088,0.10485458225328638,0.10445574675985915,0.10646858225328637,0.109536,0.11299000000000001,0.117418,0.122388,0.127868,0.14749,0.191464,0.200194,0.192444,0.184364,0.17588296120361535,0.1663168836108461,0.15925696120361538,0.151736,0.14464800000000003,0.13819800000000002,0.132404,0.12709,0.12223600000000001,0.11743
19-01-2026 11:15,25533.8,0.10798,0.107042,0.10564799999999999,0.10479799999999999,0.10386399999999998,0.103618,0.10422599999999999,0.10593999999999999,0.10893599999999999,0.112568,0.11712,0.122244,0.127916,0.1474,0.190726,0.199638,0.192348,0.184086,0.175996,0.16502403378802621,0.14935946463660393,0.14188896189680192,0.13805866565111324,0.135041200806165,0.1315858800672618,0.12537327768682024,0.12253258974982846,0.1193574859377752
19-01-2026 11:20,25513.75,0.12529,0.11755027914690397,0.10926635625700735,0.10764419793220253,0.1077396056314345,0.10763936175411994,0.1087839998059026,0.110298,0.11297,0.11710269929749537,0.12341544127236112,0.12738472943712048,0.13727193489277206,0.16666927717546318,0.19432709942321333,0.1975975026367721,0.190932,0.18095855224302107,0.16903954775431318,0.16240822531877097,0.15652494795257868,0.14776717078198615,0.14179505692732872,0.136252,0.12972018676753255,0.12280256030259769,0.11947218676753256,0.11555
19-01-2026 11:25,25514.95,0.12155,0.11627174063952161,0.11204383009676583,0.11171546870634697,0.11047199999999999,0.109314,0.10912,0.110316,0.113032,0.116362,0.120596,0.12536799999999998,0.130756,0.14958200000000002,0.19125000000000003,0.199204,0.191614,0.18330400000000002,0.17533200000000002,0.166934,0.158588,0.15040599999999998,0.142878,0.13656400000000002,0.12997103469165497,0.12297510407496492,0.11967503469165497,0.11544
19-01-2026 11:30,25517.75,0.1164,0.11754400000000001,0.1151007159852622,0.1128081479557866,0.11069030834680034,0.10964477708461443,0.10889759236153813,0.10979,0.112532,0.116014,0.120252,0.125,0.13741697702368763,0.17055293107106287,0.1985049770236876,0.199526,0.19115453275812092,0.18115959827436268,0.17454053275812093,0.167118,0.15876600000000002,0.1499556392579894,0.14121491777396822,0.13611563925798942,0.1297203884105183,0.12109040465079378,0.1174061066682351,0.11537
19-01-2026 11:35,25523.55,0.13105,0.125144,0.119796,0.116074,0.11310400000000001,0.11096516968834147,0.10985750906502438,0.11088437996762636,0.11358763083785471,0.12487793891111243,0.15393438993018263,0.16525637840895369,0.16794702815768545,0.17756617098474878,0.1974796345706503,0.19735977040022806,0.19098792346674268,0.183312,0.174992,0.16691,0.15848,0.14942351084805103,0.14062253254415313,0.13517551084805104,0.12973,0.124038,0.118862,0.11349
19-01-2026 11:40,25536.55,0.12496,0.120624,0.11637,0.11323599999999999,0.110592,0.10874,0.10799399999999999,0.10883599999999999,0.11114600000000001,0.114152,0.118228,0.12293799999999999,0.128264,0.14724583195669438,0.18971349587008315,0.20022983195669436,0.19180230424051953,0.1788728939767408,0.1720842480060661,0.16563891131132533,0.15392217156868565,0.14716507425691167,0.14281338140025618,0.13705599999999998,0.13096599999999997,0.125348,0.12078479008614643,0.1173639504307321
19-01-2026 11:45,25537.25,0.11701,0.11634677919640708,0.11370233758922124,0.11109277919640709,0.109018,0.107642,0.10711799999999999,0.10815999999999999,0.110726,0.113964,0.118162,0.123008,0.12852000000000002,0.14833600000000002,0.192308,0.20086,0.19331399999999999,0.185006,0.17609575726083176,0.16633927178249527,0.15968775726083173,0.152188,0.14455199999999999,0.137864,0.13165000000000002,0.12593000000000001,0.120868,0.11573
19-01-2026 11:50,25541.5,0.1125150726179691,0.11342101452359382,0.113014,0.110612,0.10821200000000002,0.106938,0.10662200000000001,0.10766400000000001,0.11028400000000001,0.11353800000000001,0.1182839441579762,0.12394583247392861,0.1284099441579762,0.147812,0.19191,0.20056799999999997,0.192724,0.18492,0.17706399999999997,0.16881999999999997,0.16047,0.15175164552889514,0.14289493658668542,0.13753364552889513,0.132002,0.126126,0.12109999999999999,0.11592
19-01-2026 11:55,25540.75,0.10867,0.107264,0.10544,0.103818,0.10287800000000001,0.102788,0.10388259196620292,0.10668177589860875,0.1088065919662029,0.1127078569734408,0.1185515709203224,0.12233585697344079,0.127268,0.14642457160569652,0.18908371481708955,0.19964057160569654,0.193288,0.18517,0.17640777461094373,0.1665413238328312,0.15800948971650494,0.1456125613177048,0.13898212991893397,0.1358259164319483,0.13247416681030902,0.12758,0.122756,0.11794
19-01-2026 12:00,25527.0,0.10974,0.10834200000000002,0.10682400000000002,0.105412,0.10421,0.104074,0.104732,0.106614,0.1103187528029144,0.11487225840874314,0.11882475280291438,0.123592,0.13628287499705966,0.16981862499117897,0.19859887499705967,0.20004,0.19218000000000002,0.18073665995641158,0.164527200292357,0.15672432569963013,0.15270549260394425,0.1486187807516526,0.14350053466917062,0.13660082772971094,0.13179427590990364,0.12654772637385395,0.12097917912156182,0.11728
19-01-2026 12:05,25522.1,0.11175520954567,0.11026378970453894,0.10791276777346563,0.1065183209571574,0.10553641721078832,0.1055696784706125,0.10594789282353749,0.10768,0.11186529062965278,0.11798880395196162,0.12177808681866262,0.13278319524505494,0.16073761651790666,0.1785387440973067,0.19842433928362258,0.1981585369356127,0.1918395123118709,0.184538,0.17682399999999998,0.16727934405853478,0.15521470520894365,0.14879336315855266,0.14431867303333928,0.138382,0.132454,0.126886,0.12202800000000001,0.11694
19-01-2026 12:10,25521.0,0.12433,0.11918799999999999,0.115214,0.11234121065844593,0.10991763197533776,0.10844721065844593,0.108264,0.10952600000000001,0.11238000000000001,0.11569399999999999,0.11994999999999999,0.1255489602738889,0.1323648808216667,0.1501889602738889,0.19146874728402932,0.19873424185208802,0.19243274728402934,0.184858,0.177026,0.1689,0.16031800000000002,0.152014,0.144382,0.13734600000000002,0.13096800000000003,0.12501600000000002,0.119814,0.11443
19-01-2026 12:15,25533.2,0.13678,0.12456800000000001,0.118446,0.11465800000000001,0.11156,0.10952800000000001,0.108682,0.10944000000000001,0.111958,0.11511600000000001,0.11918000000000001,0.12371599999999999,0.128916,0.14839000000000002,0.1910888586141731,0.19857657584251928,0.19140433280625618,0.18259842257624928,0.17530785046379388,0.16634912881513234,0.1591903762717108,0.151508,0.143848,0.136968,0.130492,0.12447399999999999,0.119028,0.11353
19-01-2026 12:20,25542.4,0.11411,0.10985485505064782,0.10415895168354927,0.101924,0.101238,0.101216,0.101902,0.103934,0.10735,0.11190870886120313,0.11813412658360936,0.12178870886120312,0.126744,0.146224911255027,0.18992673376508107,0.20106891125502702,0.19449599999999997,0.186322,0.17871,0.16959294099208946,0.1589548229762684,0.15262094099208945,0.146072,0.139296,0.133262,0.127534,0.12275432168935123,0.1186216084467561
19-01-2026 12:25,25526.05,0.11773,0.11361199999999999,0.110382,0.10795199999999999,0.10564883969923353,0.10379051909770057,0.10486683969923351,0.10688399999999999,0.10983399999999999,0.11338799999999999,0.11802,0.12314,0.13513347615632346,0.16672811897447462,0.19618054767283613,0.20002969050550423,0.19329800000000003,0.185124,0.177226,0.169298,0.160824,0.152256,0.144566,0.137646,0.13163,0.125932,0.12093200000000001,0.11557
19-01-2026 12:30,25524.6,0.1156,0.11195461831684576,0.10850585495053727,0.10643461831684575,0.10491999999999999,0.104286,0.104874,0.10656200000000002,0.10976000000000001,0.11349200000000001,0.11822200000000001,0.12338800000000001,0.13628647365400143,0.17026142096200425,0.19864618993108982,0.19857714883126526,0.19247571627708843,0.185006,0.17622608361476272,0.16649225084428823,0.15896801893622606,0.14992980596438996,0.14375593532146333,0.137648,0.13156600000000002,0.12514359997659796,0.11857879992979395,0.11576
19-01-2026 12:35,25520.4,0.11317,0.11203397583455942,0.10869999194485314,0.10636200000000001,0.10502200000000002,0.104718,0.105342,0.10717399999999999,0.11038799999999999,0.11420799999999999,0.119054,0.124298,0.129928,0.149394,0.192078,0.200332,0.19117451559830334,0.17891981114852248,0.17262330865914088,0.1670103812316961,0.15760235063425068,0.15124411687808356,0.14404163689588734,0.13589291068766196,0.1313996368958873,0.12555899575866472,0.11891098727599415,0.1169
19-01-2026 12:40,25513.2,0.12541,0.11893799999999999,0.115314,0.11244000000000001,0.1095828967140536,0.10705008049274103,0.10719306776579432,0.10959339035058024,0.11268800000000001,0.11616200000000002,0.120676,0.12637292656438287,0.13315077969314865,0.15011587203528576,0.1896828364127086,0.19880694547090288,0.191586,0.18354,0.175788,0.16760000000000003,0.158914,0.149988,0.142268,0.135622,0.1295,0.123834,0.118784,0.11338
19-01-2026 12:45,25525.45,0.11245,0.11051,0.107934,0.10617399999999999,0.104848,0.104414,0.10506399999999999,0.10802180849869587,0.11434355382576117,0.1173621934877165,0.11915212832967353,0.12433592557397131,0.13178977672191394,0.14964592557397133,0.19251000000000001,0.201274,0.19305199999999997,0.184862,0.177138,0.168758,0.15958,0.150978,0.14369,0.13725400000000001,0.13144000000000003,0.126016,0.12122,0.11637
19-01-2026 12:50,25519.95,0.13225,0.125766,0.119698,0.115114,0.11188600000000001,0.109996,0.10913576177019109,0.1096652853105733,0.11241576177019111,0.115806,0.12012,0.12499,0.13635129247009242,0.1668517445882391,0.19572089400397777,0.19891386717796178,0.191766,0.18283910620804883,0.17370331862414645,0.16638110620804883,0.15792599999999998,0.14955,0.141908,0.134968,0.128778,0.123102,0.11796599999999999,0.11251
19-01-2026 12:55,25545.2,0.11676,0.114092,0.110922,0.108436,0.10687243436859725,0.10668530310579173,0.10582243436859726,0.10705458841653018,0.11065176524959049,0.11326658841653015,0.117228,0.122052,0.127436,0.147534,0.1922658540654232,0.1997415621962697,0.19328035017174755,0.18429948831897291,0.17543520035268428,0.16056955135115916,0.1523092514909769,0.14843213283721665,0.14353778932859498,0.1355546737606476,0.13120555792021588,0.126568,0.12180106231687836,0.1173653115843918
19-01-2026 13:00,25548.85,0.10962,0.11033084089164591,0.10807452267493775,0.10669856347145507,0.10497916773942742,0.10435972257980913,0.10502754025275093,0.10725262075825281,0.10930154025275095,0.11269983165054612,0.1178714949516383,0.12210383165054611,0.13507110107644785,0.17153530322934352,0.20113143110947498,0.19856662281907755,0.1926852281930156,0.18789763271999615,0.180692,0.1712243070286878,0.1601029210860634,0.1535083070286878,0.14610482955336168,0.13735248866008504,0.1327068295533617,0.12781599999999999,0.122626,0.11719
19-01-2026 13:05,25553.0,0.11105,0.10836000000000001,0.106374,0.10507599999999999,0.10347569769145212,0.10229509307435636,0.10334369769145212,0.10514000000000001,0.108254,0.11188200000000001,0.116338,0.121238,0.126652,0.14758,0.195588,0.20546399999999998,0.197578,0.18940600000000002,0.181732,0.17305200000000004,0.16366599999999998,0.1539651867077975,0.14449956012339257,0.13914918670779752,0.133662,0.127896,0.1235500191582955,0.1213700957914775
19-01-2026 13:10,25544.5,0.10337,0.10266,0.101978,0.1012,0.10044,0.100666,0.101702,0.10370000000000001,0.10719000000000001,0.11242088211257342,0.12045682648410552,0.1243974225517292,0.12718818014638528,0.14576570926353752,0.18947791256404195,0.20102206358382577,0.1963807847734294,0.189064,0.181198,0.17001085745026118,0.1542371730362177,0.14605725745395615,0.14205639452761182,0.13874059794739257,0.133644,0.128048,0.12312,0.11802
19-01-2026 13:15,25530.5,0.12054,0.118572,0.11477799999999999,0.111568,0.10900399999999999,0.10690026919556406,0.10567880758669218,0.10773626919556406,0.11099600000000001,0.11443400000000001,0.118784,0.123584,0.128938,0.14907600000000001,0.194744,0.20368799999999998,0.195058,0.18685600000000002,0.17889600000000003,0.16999199999999998,0.160704,0.151858,0.143992,0.13696,0.13061,0.124672,0.11924599999999999,0.11371
19-01-2026 13:20,25540.05,0.1137748429450072,0.11062436888240511,0.11086420088021098,0.10603940029340365,0.10297,0.10245599999999999,0.103076,0.10493999999999999,0.108288,0.112042,0.11657000000000001,0.121652,0.12718,0.14822599999999997,0.19625599999999999,0.20520399999999997,0.19665,0.18854400000000002,0.180574,0.17077306799677738,0.15959320399033214,0.15303106799677738,0.146248,0.13750131928653267,0.12612034792070934,0.120230472111825,0.11767233798698656,0.11691
19-01-2026 13:25,25531.0,0.11509,0.11198107826774734,0.11214287651596747,0.10796069391001938,0.10494600000000001,0.104172,0.10487624126525066,0.10724872379575198,0.10969024126525066,0.11356116465629279,0.11906549396887833,0.12322116465629276,0.13591622170229745,0.1718486651068924,0.202381183027781,0.20187488397645062,0.19521896132548355,0.187888,0.179746,0.170958,0.16166,0.15298,0.144982,0.137818,0.131488,0.12478865918554138,0.11794197755662414,0.11497
19-01-2026 13:30,25535.2,0.12707,0.120666,0.11527799999999999,0.111384,0.108612,0.1067618369402752,0.1060115108208256,0.1076058369402752,0.1108560018133242,0.1150600054399726,0.11893599130193666,0.12442396846583739,0.13636022849412652,0.17153071701654213,0.20248623900551405,0.20357200000000003,0.195426,0.18741000000000002,0.1784765862642403,0.16796575879272085,0.16054858626424026,0.152764,0.144788,0.13752799999999998,0.13100847441713506,0.12488542325140524,0.12019846265139687,0.1171799411713089
19-01-2026 13:35,25552.1,0.11146,0.11118,0.10859400000000001,0.10661399999999999,0.104652,0.10357,0.10364599999999999,0.105084,0.108132,0.11212856562776223,0.11730969688328666,0.121905776751498,0.12797763337120735,0.14796321112373578,0.195442,0.20532,0.197076,0.189216,0.181474,0.17206118988933453,0.16127356966800352,0.1543051898893345,0.147124,0.139756,0.13334178848051015,0.12732936544153048,0.12204378848051016,0.11648
19-01-2026 13:40,25558.15,0.10084,0.11044283707479492,0.10948015555634494,0.10453792915762351,0.1039059263750306,0.10282345202004145,0.10577134207767407,0.10680821373943883,0.1069269123925803,0.109822,0.114448,0.11940600000000001,0.124786,0.14652,0.196298,0.20654999999999998,0.198264,0.190042,0.18226399999999998,0.17385799999999998,0.164514,0.15601399999999999,0.148176,0.13982228908696498,0.13148486726089487,0.12780228908696495,0.12372399999999999,0.11829
19-01-2026 13:45,25544.95,0.14487,0.136482,0.12642559602874348,0.11641278808623044,0.11474359602874348,0.112858,0.11097800000000001,0.110922,0.112554,0.11526800000000001,0.119126,0.12362799999999999,0.13577329808037078,0.1696758942411123,0.20011729808037076,0.20171,0.19338200000000003,0.185528,0.17728023073780713,0.16762869221342136,0.15963623073780714,0.151322,0.1428597001481668,0.1348751004445004,0.1283877001481668,0.12200200000000001,0.11748259966335407,0.1177229983167704
19-01-2026 13:50,25583.5,0.12838,0.12105595165581973,0.11473985496745917,0.11185595165581973,0.11029990938639977,0.11021372815919933,0.10688590938639979,0.10598199999999999,0.10773,0.11150748897932733,0.11750246693798197,0.11985948897932733,0.12375,0.14500600000000002,0.19388440277060787,0.20305720831182358,0.19709840277060786,0.1885498713976334,0.1787036141929002,0.1723878713976334,0.164736,0.15632400000000002,0.14827,0.140766,0.13412,0.12758,0.12283614465788736,0.1207807232894369
19-01-2026 13:55,25602.3,0.1106,0.10935399999999999,0.10682199999999999,0.10521740198967935,0.10721762246060752,0.10828113073987453,0.10494928622066776,0.10371977498340024,0.10456343190263781,0.10812896555884258,0.11426689667652774,0.11657896555884258,0.120652,0.143462,0.197456,0.20905200000000002,0.200876,0.193116,0.18513600000000002,0.176662,0.16603810608538055,0.15346904122288604,0.1471522749856138,0.14224072296674442,0.135912,0.129366,0.123642,0.11756
19-01-2026 14:00,25605.6,0.12322,0.1190771497140193,0.1188970499046731,0.116426,0.11238800000000002,0.10880883546849233,0.10602175506862702,0.10578058145794245,0.10751872062124196,0.10930841587427576,0.11283547195809193,0.117166,0.12189,0.144272,0.197832,0.20924399999999999,0.20072409748961162,0.19154229246883486,0.18479209748961162,0.176746,0.167382,0.1578807589071108,0.14817427672133246,0.1411367589071108,0.134676,0.127852,0.121696,0.11534
19-01-2026 14:05,25625.95,0.12169,0.11250812037355098,0.10617636112065294,0.10355012037355098,0.102108,0.10069,0.100048,0.100388,0.10208,0.10464199999999999,0.10835999999999998,0.112882,0.12678709503670024,0.167230436170435,0.20451454821770312,0.2101451510603343,0.2036,0.19464691114197336,0.1847147334259201,0.17807891114197336,0.168713271292371,0.1575678138771129,0.15140527129237097,0.14460800000000001,0.137674,0.13027951102391291,0.12302853307173878,0.11896
19-01-2026 14:10,25615.15,0.1167672153867466,0.10325344307734932,0.099448,0.09843,0.09758,0.09717400000000001,0.097162,0.098054,0.10130488596647018,0.10612665789941053,0.10846088596647019,0.11256600000000001,0.118036,0.142148,0.19933800000000002,0.212094,0.20378800000000002,0.19580399999999998,0.18783599999999998,0.17700691479343714,0.16283356850422318,0.15532938716517244,0.15087882412391176,0.144256,0.137562,0.131154,0.12622113798545914,0.1231656899272957
19-01-2026 14:15,25589.9,0.13766,0.13092399999999998,0.123912,0.118314,0.114,0.11071999999999999,0.10847599999999999,0.10748,0.10811599999999999,0.109836,0.11304,0.1176917840370549,0.12313135211116465,0.14433518302846843,0.19573019697424063,0.20796939899141353,0.19954406574463135,0.18786136300151024,0.18158356304748005,0.1755031657676162,0.16599164130926705,0.15520892392780117,0.14691916467600902,0.13696334500005847,0.13129784806623984,0.12642077489983264,0.12175364749700168,0.1201582374850084
19-01-2026 14:20,25610.85,0.11315,0.11247,0.109772,0.10703,0.104798,0.10333179493055303,0.10300538479165912,0.1030448701701438,0.10566722571877228,0.10642907523959076,0.10914800000000001,0.113672,0.118906,0.142596,0.198674,0.21089,0.202694,0.19289264297817893,0.18355192893453676,0.17682664297817893,0.16772570566308156,0.15702911698924468,0.15045570566308158,0.143428,0.13659000000000002,0.129926,0.124154,0.11837
19-01-2026 14:25,25607.6,0.10579,0.102824,0.10072800000000001,0.099936,0.09922408203748999,0.09837824611246994,0.09864270665375349,0.10071300407934622,0.10303201530793049,0.10406913023055567,0.10750799999999999,0.11238800000000002,0.12725181479101483,0.16944944437304446,0.20670781479101483,0.2093812986444663,0.1997298959333989,0.1928652986444663,0.18563200000000002,0.176872,0.167816,0.15908,0.151194,0.14373399999999997,0.137048,0.13057,0.12546540197959477,0.1217470098979738
19-01-2026 14:30,25603.8,0.12084,0.112734,0.10861799999999999,0.10567,0.10350600000000001,0.101658,0.10055800000000001,0.10083199999999999,0.10255,0.104906,0.10861000000000001,0.113532,0.119058,0.142398,0.197026,0.20876999999999998,0.2005686715521743,0.19079001465652295,0.1833405617634039,0.17369767063368882,0.16664789021122958,0.158692,0.14923589052132546,0.13811864384188277,0.1324628073550447,0.12813523490403617,0.12217878787838922,0.11796
19-01-2026 14:35,25599.55,0.12345,0.12073600000000001,0.115956,0.111512,0.108216,0.10529366389350814,0.10301899168052442,0.10346166389350814,0.10520199292683664,0.10757797878050993,0.11168965952618493,0.11853592515834176,0.12286244268023903,0.14303506800504456,0.19477442793424296,0.20790014264474763,0.200942,0.192286,0.18325666040462546,0.1731779812138764,0.16609066040462545,0.15823,0.150218,0.1424,0.135466,0.12836865135943992,0.12150795407831975,0.11684
19-01-2026 14:40,25614.95,0.1132010274491029,0.10908020548982057,0.10594999999999999,0.10394199999999999,0.102272,0.100848,0.099944,0.10028000000000001,0.101992,0.104222,0.10783000000000001,0.11256000000000001,0.118092,0.141942,0.19781400000000002,0.20888268930480333,0.19912206791440995,0.19268268930480334,0.1849473503957086,0.1746620511871258,0.1677373503957086,0.15993800000000002,0.1510821931110743,0.14196057933322279,0.13658819311107426,0.13073,0.12497599999999999,0.1193
19-01-2026 14:45,25620.55,0.11037,0.107606,0.106014,0.103994,0.10230600000000001,0.10093941214788105,0.10026023644364312,0.10053089840287208,0.10217245876497312,0.10422548625499103,0.10763400000000001,0.11238799999999999,0.11772200000000001,0.141674,0.19753952414915776,0.20853657244747334,0.20143324246322858,0.1921851549422124,0.18558771831407078,0.1770024947203533,0.1666254841610599,0.15900068491214317,0.14995657057536965,0.14304636059950693,0.13567051122315113,0.13044817040771706,0.125456,0.11969
19-01-2026 14:50,25623.15,0.1085,0.109488,0.107876,0.105484,0.10341433050254951,0.10166699150764856,0.10080233050254951,0.10068200000000001,0.101938,0.10414,0.107544,0.112194,0.11767200000000001,0.141866,0.199178,0.21076105146565746,0.20106315439697234,0.19343532221334356,0.1845608122430583,0.1779862707476861,0.16915639340104438,0.15871318020313308,0.15202839340104438,0.14500600000000002,0.138098,0.13128800000000002,0.12573635790959478,0.1220217895479739
19-01-2026 14:55,25624.2,0.10733,0.10018689792753141,0.09950533644419421,0.10054913892563141,0.099726,0.098714,0.09804800000000001,0.09927785577329293,0.10285972634897717,0.10389033286058812,0.10618815902909838,0.11076,0.116392,0.14056870261322277,0.19787810783966833,0.21273870261322275,0.205786,0.19689,0.18855,0.17910575592196015,0.16894526776588048,0.16175575592196015,0.154104,0.14612200000000003,0.139078,0.13228199999999998,0.126244,0.11994
19-01-2026 15:00,25629.95,0.07571,0.0831,0.088682,0.09117479101230999,0.09265037303692994,0.09206479101230998,0.092142,0.09445703896354167,0.09881311689062505,0.09971503896354168,0.10369023251364919,0.11054069754094753,0.11516023251364917,0.14013799999999998,0.20024599999999998,0.214082,0.206416,0.19765000000000002,0.1885484783241482,0.17774943497244455,0.1714264783241482,0.163904,0.15573599999999999,0.14806799999999998,0.141256,0.13382740214200925,0.1263582064260277,0.12304
19-01-2026 15:05,25604.15,0.09258,0.095156,0.096192,0.095846,0.09539304427969866,0.09477313283909597,0.09492904427969866,0.0965867026720196,0.1001021080160588,0.10155870267201961,0.10503599999999999,0.11123393660398975,0.11871980981196927,0.14178993660398975,0.196848211588311,0.20792463476493306,0.20107221158831104,0.19272599999999998,0.184504,0.17625600000000002,0.167918,0.159626,0.15176,0.144538,0.137982,0.131586,0.126096,0.1205
19-01-2026 15:10,25595.95,0.09948,0.10067000000000001,0.100462,0.098912,0.097494,0.09651349789749318,0.09597849369247954,0.09704949789749318,0.099707360985519,0.10315008295655699,0.106945360985519,0.112056,0.11807000000000001,0.142134,0.197392,0.209284,0.2009746331522818,0.19049789945684548,0.18298098798645493,0.17443506450251936,0.16785835483417313,0.16021800000000003,0.152244,0.1443139424231874,0.1365598272695622,0.13172194242318738,0.12684199999999998,0.12057
19-01-2026 15:15,25590.9,0.07844,0.09242586944139163,0.09494788359085149,0.09216772266639536,0.09151400000000001,0.091852,0.09246200000000002,0.094144,0.097038,0.10152265657594423,0.10797196972783266,0.11186065657594423,0.11711400000000001,0.1416,0.197794,0.210258,0.20258199999999998,0.19275992289648886,0.18235976868946657,0.1729911592598125,0.1574064394198435,0.14952026073805763,0.14531301252063622,0.14173217949136035,0.13855178203541468,0.133444,0.128076,0.12252
19-01-2026 15:20,25561.25,0.0891445572166172,0.09614091144332343,0.097746,0.097024,0.096264,0.09587548839397411,0.09591846518192236,0.09743748839397412,0.100544,0.104134,0.10880000000000001,0.12379813970730838,0.15676995445308367,0.178310745700784,0.20416153533115855,0.206622,0.19903,0.190198,0.18198200000000003,0.173508,0.16463925923238942,0.15515577769716826,0.14854325923238942,0.141962,0.13579000000000002,0.130008,0.12489,0.11944
19-01-2026 15:25,25558.3,0.09554,0.097666,0.097166,0.096318,0.09550600000000001,0.09508503871830712,0.09591511615492136,0.09615103871830712,0.09888999999999999,0.102832,0.10905742739506025,0.11732228218518077,0.12181542739506025,0.143874,0.19496,0.207148,0.19889199999999999,0.189592,0.17994232993669573,0.1679475065950214,0.16167388029149837,0.1569125167849342,0.1494457264880364,0.1411571794641092,0.13614972648803642,0.131094,0.12572999999999998,0.12062
20-01-2026 09:15,25559.3,0.104417018069547,0.10688140361390941,0.10525562645660036,0.10124487936980107,0.10200762645660036,0.102098,0.101956,0.103224,0.106072,0.11103112963794871,0.12003042722870906,0.12635628453388056,0.12889515816889233,0.14903203995134315,0.19598750236193896,0.19882858615655838,0.1907819274711752,0.18659464276177742,0.182018187897012,0.1742605506402793,0.16458765192083785,0.1574600358706769,0.14959445569119287,0.14412548523039764,0.138664,0.13245800000000002,0.126908,0.12128
20-01-2026 09:20,25552.55,0.0938428213929561,0.09176845008741578,0.09898348401146362,0.09645736556379439,0.09384182658498993,0.09542465232312003,0.09875795696936011,0.09979865232312003,0.10295,0.107438,0.11396688007723407,0.12260664023170224,0.1347939581197684,0.17040317945056757,0.202310914011428,0.20470606230128585,0.1951323509349639,0.1889401169783213,0.182378,0.17464199999999996,0.16655,0.158858,0.15132031201243965,0.14352893603731892,0.13923231201243963,0.134518,0.129654,0.12469
20-01-2026 09:25,25506.85,0.10561,0.10734551508310036,0.10859454524930108,0.10471751508310036,0.10267599999999999,0.10254600000000001,0.103122,0.105476,0.10928399999999999,0.113594,0.119046,0.12553399999999998,0.132552,0.153056,0.19536816558974968,0.20119049676924905,0.19383416558974967,0.18617,0.17824600000000002,0.170416,0.16239800000000001,0.154868,0.147854,0.14111600000000002,0.13564,0.12989706837233686,0.12393520511701057,0.12043
20-01-2026 09:30,25488.8,0.11948,0.116378,0.113312,0.110654,0.10897098477055338,0.10816295431166013,0.10773698477055337,0.10957199999999999,0.11363885857290298,0.11870457571870899,0.12350427102413722,0.13037223735370265,0.1363694124512342,0.15565,0.19573486208285312,0.20026658624855934,0.19248286208285312,0.184596,0.17642600000000003,0.1678449805342616,0.1580949416027848,0.1515389805342616,0.144864,0.13767137436301258,0.13115412308903768,0.12637737436301255,0.12174800000000001,0.1169
20-01-2026 09:35,25481.8,0.1159634665744122,0.10807669331488245,0.10586400000000001,0.105196,0.10588242311185422,0.10866582102211997,0.10899607817152612,0.1091725516865573,0.112562,0.1179644111251561,0.1251812333754683,0.1302104111251561,0.136624,0.156744,0.198206,0.20437200000000003,0.19508399999999998,0.186286,0.17792799999999998,0.16968,0.1604202281589808,0.15078068447694232,0.14526622815898077,0.1396,0.134264,0.12923400000000002,0.12492800000000001,0.12093
20-01-2026 09:40,25461.45,0.1239,0.12100999999999999,0.11817000000000001,0.11522400000000001,0.11297200000000002,0.11161,0.11169379538460153,0.11402538615380456,0.11830341146303594,0.12478287703631806,0.12891970248147883,0.13396329690613434,0.14176380431535862,0.1591105835848435,0.19658194643917187,0.20408331547972397,0.19492017775541723,0.1842925332662517,0.17712217775541722,0.169344,0.160744,0.152504,0.14488,0.137878,0.13195199999999999,0.12637748955739128,0.12111646867217385,0.11715
20-01-2026 09:45,25463.25,0.11886,0.117254,0.11438903651281036,0.11154310953843107,0.11071703651281035,0.11019799999999999,0.11047399999999999,0.11282999999999999,0.116678,0.1222868820763661,0.13078749968995612,0.13623544245893965,0.14067885346085784,0.159818,0.200606,0.206812,0.197486,0.188378,0.179778,0.17097800000000002,0.162144,0.1538,0.146228,0.13840241807216594,0.13084325421649776,0.12726241807216593,0.12339999999999998,0.11877
20-01-2026 09:50,25462.3,0.1098667877691276,0.10500135755382553,0.10428,0.10465,0.10485599999999999,0.10535599999999999,0.10676799999999999,0.110084,0.11480000000000001,0.11987,0.12573399999999998,0.132572,0.140054,0.15995,0.20044199999999998,0.206996,0.19701925867101097,0.18623177601303295,0.17909725867101098,0.171348,0.16283599999999998,0.15496400000000002,0.147808,0.1403702459190258,0.13299673775707746,0.13042424591902582,0.12737291349765925,0.1233545674882962
20-01-2026 09:55,25459.95,0.12017,0.11745599999999999,0.11513999999999999,0.113208,0.111758,0.11089600000000001,0.11122599999999999,0.113428,0.117258,0.12159400000000001,0.126856,0.133386,0.14029599999999998,0.159612,0.19780399228752302,0.20180397686256907,0.19362832551291392,0.18439499967617276,0.1765703332253909,0.16806,0.15935,0.15134,0.143908,0.137328,0.131792,0.12688614476722804,0.12291043430168411,0.1189
20-01-2026 10:00,25467.2,0.124165529158724,0.11943458886122128,0.11732844908842945,0.1138094830294765,0.11210903633309169,0.11209110899927505,0.11144103633309169,0.11359752970643536,0.11843058911930608,0.12195866586035699,0.12772940846176492,0.13298113615392163,0.13929,0.15904,0.19860455465717353,0.2024176639715206,0.19546255465717355,0.187782,0.179164,0.170292,0.161502,0.15132417236551018,0.1392298300195523,0.13370411113457548,0.13152731292302178,0.12736999999999998,0.12300599999999999,0.11927
20-01-2026 10:05,25465.6,0.12575,0.122146,0.118616,0.11564,0.113376,0.111936,0.111764,0.113408,0.11747758737110768,0.12329914556113089,0.1272447377145312,0.13183838344780785,0.14512686645873718,0.1781425993762115,0.20438286645873718,0.203658,0.194442,0.18544000000000002,0.176638,0.167888,0.15916400000000003,0.15067000000000003,0.143018,0.136074,0.13033,0.12506,0.12048399999999998,0.11612
20-01-2026 10:10,25484.8,0.1074,0.106836,0.10632200000000001,0.10590000000000001,0.105632,0.10552600000000001,0.10648400000000001,0.109004,0.11277400000000001,0.117092,0.12265000000000001,0.129156,0.1435817946238235,0.1788933838714705,0.2062137946238235,0.205642,0.197124,0.18847,0.17999,0.17132800000000004,0.16281600000000002,0.1548,0.147478,0.1409,0.1342705203524408,0.12724156105732248,0.12469131094697129,0.1202339529726524
20-01-2026 10:15,25468.6,0.12772,0.123404,0.119558,0.11615600000000001,0.11344000000000001,0.11136777887512847,0.11004133662538544,0.11276377887512848,0.11645599999999999,0.12028599999999999,0.12570495455187639,0.13253886365562914,0.13862095455187637,0.15767,0.197134,0.2027407835111256,0.1930523505333768,0.1855807835111256,0.177382,0.168694,0.160214,0.151798,0.144326,0.137422,0.13116999999999998,0.125568,0.120722,0.11595
20-01-2026 10:20,25485.6,0.11154,0.10916,0.10765,0.106406,0.10614737062104959,0.10672211186314878,0.1065433706210496,0.10907058684915849,0.1139397605474755,0.1168865868491585,0.12162,0.12786,0.134296,0.154648,0.19774399999999998,0.205164,0.19562672137085738,0.18505016411257214,0.17828072137085738,0.170432,0.161882,0.153526,0.14577800000000002,0.13888999999999999,0.133078,0.127808,0.123448,0.11945
20-01-2026 10:25,25487.25,0.10661,0.107614,0.10733,0.10598199999999999,0.104834,0.10502262960059444,0.10691188880178333,0.10802662960059445,0.111012,0.11580827020801658,0.12228481062404975,0.12788208559213157,0.135315446152345,0.15377760250117464,0.1956633613511789,0.20504978711705962,0.19728,0.188666,0.17989599999999997,0.17107,0.162318,0.15402000000000002,0.14559626531437095,0.13762479594311283,0.13291626531437095,0.12798800483131667,0.12324601449395005,0.11984
20-01-2026 10:30,25478.75,0.11189,0.111102,0.11001990151749567,0.10977370455248699,0.1080032203222871,0.10870259522717858,0.10945523524320423,0.10997263881280425,0.112974,0.116938,0.12198200000000001,0.127814,0.13414600000000002,0.15471600000000002,0.19649034692414358,0.1991178327564676,0.19212872287625424,0.1870527919840369,0.17855550453849783,0.16798651361549358,0.16109750453849786,0.1527924159817196,0.14314924794515888,0.13794241598171963,0.132878,0.127618,0.12340400000000001,0.1192
20-01-2026 10:35,25473.7,0.1169651723217045,0.12120770549368295,0.11554001308802613,0.11508467102934204,0.11362,0.111686,0.1112441287682267,0.11216238630468016,0.11484212876822672,0.11825,0.122806,0.128358,0.134438,0.154578,0.197548,0.204532,0.195576,0.186884,0.1772246271864487,0.16659988155934607,0.1595946271864487,0.151984,0.14347317808211676,0.13556153424635034,0.12977917808211678,0.124394,0.119622,0.11477
20-01-2026 10:40,25492.55,0.10672,0.107132,0.10637,0.10505199999999999,0.103946,0.10446435205644829,0.10686305616934483,0.10838678509881963,0.11251529912711408,0.11498043304237136,0.119328,0.125256,0.13151000000000002,0.152864,0.199206,0.20575044653455016,0.1945473396036505,0.18804044653455015,0.17932318624117521,0.1680715587235256,0.16146918624117518,0.15398,0.146294,0.139482,0.133398,0.12812,0.12388600000000001,0.11969
20-01-2026 10:45,25480.45,0.11358,0.112016,0.110402,0.10843,0.1068,0.106244,0.10700945726802512,0.10928837180407536,0.11219545726802511,0.11618735685319785,0.12202007055959357,0.12768205976748886,0.134518108742873,0.154086702914291,0.19852600000000004,0.20599399999999998,0.196988,0.187882,0.17885600000000001,0.16976000000000002,0.160974,0.152378,0.14435,0.137488,0.1316333961244316,0.12601618837329473,0.12170539612443158,0.11749
20-01-2026 10:50,25478.05,0.10456,0.10864889547052134,0.10619829849017379,0.10432,0.10380600000000001,0.10388399999999999,0.10499,0.10749399999999999,0.11112399999999999,0.11581316277382124,0.12247548832146372,0.12733516277382126,0.132932,0.1529212789903664,0.19608583697109921,0.2060372789903664,0.19732053984364448,0.18622161953093347,0.17928053984364448,0.171314,0.162376,0.153786,0.145534,0.138762,0.133016,0.127804,0.12348,0.11934
20-01-2026 10:55,25465.4,0.11001,0.10993829276543113,0.10711023818818557,0.1066645527248907,0.106288,0.10611999999999999,0.10737766715967277,0.11028500147901833,0.11320366715967278,0.11682400000000001,0.12203200000000002,0.12871106203580698,0.13657118610742094,0.155699062035807,0.198948,0.20632399999999998,0.197654,0.18759423668026237,0.17671271004078715,0.16930823668026238,0.15864007932320237,0.14337244953802666,0.13588947394661127,0.1325172850868145,0.12951114120998347,0.12611879376394444,0.12213399999999999,0.11789
20-01-2026 11:00,25459.55,0.10868,0.10860296459028931,0.10707632153009644,0.1057,0.105136,0.105224,0.106356,0.108864,0.112606,0.116816,0.122106,0.128336,0.13497599999999998,0.15418436104175642,0.1955590831252692,0.20373369579588063,0.19394800426237266,0.18660333475412424,0.17854399999999998,0.16865566926073666,0.15800700778221005,0.15133566926073666,0.144204,0.137526,0.131744,0.1265,0.122154,0.11829
20-01-2026 11:05,25453.55,0.11082,0.10891121954656342,0.1068209996205653,0.10543724248918854,0.10508934098087504,0.1054306033995122,0.10708381019853659,0.10932060339951219,0.113072,0.117408,0.12357210205970119,0.13128030617910355,0.13681410205970118,0.15512654947600651,0.19533164842801956,0.20421254947600653,0.19607,0.187166,0.178392,0.16744648805688686,0.15396203067635642,0.14704018757397422,0.1425445665056958,0.136764,0.13102,0.12579200000000001,0.12124199999999999,0.11696
20-01-2026 11:10,25452.35,0.1138909819412248,0.11115619638824496,0.109072,0.10717001718326617,0.10577205154979848,0.10580801718326616,0.106996,0.10959400000000001,0.113666,0.118096,0.12364599999999999,0.13006800000000002,0.13683399999999998,0.156386,0.196936,0.20304000000000003,0.193982,0.185242,0.17650200000000002,0.16748,0.15785520569088826,0.14789761707266486,0.1418692056908883,0.136094,0.1299046293543594,0.1238778880630782,0.12040662935435939,0.1166
20-01-2026 11:15,25445.65,0.12009,0.11333291007802358,0.11055897002600786,0.10862447143066145,0.10675941429198432,0.10682247143066143,0.107996,0.11052000000000001,0.1144,0.11890400000000001,0.12437599999999999,0.130708,0.137492,0.15589234404770955,0.1939150321431286,0.20157834404770955,0.193468,0.184342,0.1745523040458565,0.16368091213756955,0.1565643040458565,0.149098,0.14088562166517404,0.13329486499552212,0.12849562166517406,0.12347889009652721,0.11840267028958167,0.11507
20-01-2026 11:20,25449.95,0.11642,0.11410000000000001,0.111628,0.109466,0.10800402931224258,0.10755808793672775,0.10823002931224258,0.110434,0.114086,0.11914562357046511,0.1261528707113953,0.1310356235704651,0.137058,0.156608,0.196794,0.202522,0.193328,0.18435,0.17542,0.166384,0.15664310890649452,0.14652532671948348,0.14048510890649452,0.134472,0.128474,0.12322000000000001,0.11879200000000001,0.11461
20-01-2026 11:25,25447.1,0.1143937315639756,0.11538013621822489,0.11594979663514325,0.11366799999999999,0.11073914107444374,0.10873142322333122,0.10953714107444373,0.111686,0.11549556520395471,0.12047069561186412,0.12482356520395471,0.130404,0.137244,0.156628,0.196058,0.2012167620530184,0.19046228615905514,0.18288276205301837,0.17379527677802617,0.16318783033407847,0.15587327677802618,0.14848799999999998,0.140422,0.133276,0.12683592517746597,0.12082177553239794,0.11644592517746596,0.11183
20-01-2026 11:30,25458.7,0.1108761940908687,0.11115123881817374,0.10953600000000001,0.107722,0.10674243229942303,0.1071013308362126,0.10813253411325358,0.1100679119865223,0.11450963414573634,0.11801387804857878,0.12306800000000001,0.12932000000000002,0.136186,0.156088,0.1963507734514732,0.20118832035441958,0.19412677345147322,0.18482348876102522,0.17371246628307566,0.16672748876102522,0.158904,0.150542,0.14256000000000002,0.135482,0.129045827486781,0.12297548246034301,0.11927782748678101,0.11532
20-01-2026 11:35,25466.4,0.11355,0.11131200000000001,0.10889199999999999,0.10667599999999999,0.10530999999999999,0.10499,0.10626631622235491,0.10954294866706471,0.1125063162223549,0.116466,0.12275698901644458,0.13058496704933373,0.1422657012521959,0.1730746332209971,0.20087620177698073,0.20342049651374314,0.195578,0.186482,0.176974,0.167884,0.15922199999999997,0.15071,0.142548,0.13538,0.12925,0.123948,0.1194,0.11498
20-01-2026 11:40,25461.5,0.12097,0.11406439010039351,0.1113941300334645,0.10887000000000001,0.106902,0.10599,0.10658400000000001,0.10880200000000001,0.112458,0.11682200000000001,0.122538,0.128898,0.135872,0.15483934459363569,0.1939040337809071,0.20035754230968006,0.1881940671710335,0.18096261978474548,0.17523947402290038,0.167134,0.158088,0.149458,0.14008823696068395,0.13005799947600433,0.12512010274254126,0.12163728859395244,0.11778988200516301,0.115399410025815
20-01-2026 11:45,25463.2,0.12048,0.11589400000000001,0.11230000000000001,0.10929992393093974,0.10716577179281922,0.10720389535068676,0.11053779141491765,0.11278818234632246,0.11472961553431393,0.1175525794595458,0.12267800000000001,0.12898,0.135912,0.15582000000000001,0.19596962846172367,0.20079488538517093,0.19389962846172362,0.185686,0.176486,0.16726000000000002,0.15735756096529666,0.14696868289589,0.14055156096529664,0.134174,0.127878,0.12207799999999999,0.11716399999999999,0.11238
20-01-2026 11:50,25474.5,0.11774,0.11397184809891446,0.10915554429674337,0.10732384809891446,0.10586551944215722,0.10464855832647171,0.10533751944215725,0.107654,0.111436,0.11599999999999999,0.12242281467943239,0.1303264440382972,0.1360348146794324,0.15556,0.19756600000000002,0.204014,0.194996,0.18531103323212034,0.17466509969636096,0.16719503323212032,0.159044,0.14896433392420733,0.13737077489759153,0.13137365329911602,0.12686991346271512,0.12098242101323668,0.11669214033774555,0.11218
20-01-2026 11:55,25481.0,0.10771,0.103894,0.10252,0.101454,0.10065,0.10176128951596208,0.10595471890267433,0.10769984058032617,0.10988285035478802,0.11449,0.12076799999999999,0.127566,0.13486399999999998,0.1520433180165187,0.1848808712256061,0.1919623720903381,0.18753409401602272,0.18314111015456297,0.17785826920296455,0.169518,0.16065200000000002,0.152128,0.14389200000000002,0.13672,0.13027,0.12466599999999999,0.120158,0.11575
20-01-2026 12:00,25467.5,0.09915,0.09924999999999999,0.09949400000000001,0.099464,0.099492,0.1014692472491879,0.10621514334635646,0.10761345204556619,0.11012140159879276,0.11515,0.12154999999999999,0.12866,0.13636,0.15592544949269,0.19548634847807,0.20423144949269,0.19658599999999998,0.18734,0.17789,0.1680257048975286,0.15780111469258584,0.14957265092623767,0.13910630984347525,0.13352936130075327,0.12966347175734805,0.124794,0.120632,0.11678
20-01-2026 12:05,25450.2,0.09507,0.09673,0.09781,0.09814,0.0988,0.10092108135781974,0.10501524407345922,0.10694708135781975,0.11107,0.116676,0.12326200000000001,0.13041,0.138158,0.15806,0.197726,0.203852,0.19513999999999998,0.185876,0.17664600000000003,0.167854,0.159282,0.150952,0.14244440974328276,0.13444322922984822,0.1290931841810808,0.12377432331339412,0.12057677443779805,0.11695
20-01-2026 12:10,25433.1,0.1132,0.11060999999999999,0.108512,0.10677800000000001,0.10584400000000001,0.105742,0.10710599999999999,0.11011,0.11455399999999999,0.119866,0.12627,0.133184,0.14072600000000002,0.160022,0.198034,0.20271,0.19346200000000002,0.18353820877599575,0.17283062632798724,0.16533020877599572,0.15417892013553525,0.1376526423675621,0.1298174588759805,0.12643108023169788,0.12335168229759141,0.12039421073593952,0.1170832303459754,0.11337
20-01-2026 12:15,25439.15,0.10619,0.1055878657175663,0.1046815971526989,0.1036278657175663,0.10332999999999999,0.103822,0.105598,0.108872,0.113482,0.11875599999999999,0.125018,0.1327387477716857,0.14174624331505709,0.15950674777168572,0.19828,0.20383999999999997,0.194808,0.185496,0.17523195136826009,0.16395985410478037,0.1561715918106724,0.1473269213272368,0.14103764044241227,0.13500399999999999,0.128896,0.12369375389272666,0.12016770610516465,0.1180822221349236
20-01-2026 12:20,25436.4,0.1083927519893504,0.10610937480732911,0.10420494146981968,0.103084,0.10368139520476595,0.1070698386240627,0.10978667864371403,0.11140062623872563,0.11366032440965361,0.118368,0.124816,0.13192399999999999,0.139474,0.15912600000000002,0.19542446632970037,0.19316959793746374,0.18479283577674205,0.180015516754224,0.1744257726019538,0.16615800000000003,0.157306,0.148928,0.140988,0.134108,0.12788,0.12246599999999999,0.118168,0.11411
20-01-2026 12:25,25423.6,0.1208,0.11623399999999999,0.11279399999999999,0.110072,0.10786310160303189,0.10661930480909569,0.10824110160303188,0.11151484570378126,0.11653053711134378,0.12110084570378127,0.127086,0.134218,0.141692,0.15955896105260275,0.1945648831578083,0.20099696105260276,0.19302,0.18356,0.174152,0.16470400000000002,0.15569400000000003,0.147432,0.13939000000000001,0.13233399999999998,0.12584,0.12098684258789313,0.11921156936123288,0.1168052079877673
20-01-2026 12:30,25431.55,0.10947,0.10984711329738273,0.10641637109912758,0.104266,0.103726,0.104186,0.10597000000000001,0.1097848798286439,0.11580663948593171,0.1201428798286439,0.126302,0.133788,0.14179,0.1591572665693462,0.1915640907230107,0.19799213961426249,0.1927522910149721,0.184418,0.17510799999999999,0.16577200000000003,0.156976,0.14869000000000002,0.141046,0.13436599999999999,0.12839149403044603,0.12468650511417892,0.1233564878135199,0.1203646235727573
20-01-2026 12:35,25423.05,0.1065220097372328,0.11014440194744655,0.10867437937815419,0.1053631381344626,0.1059393635776702,0.10709689879823152,0.10823082279856656,0.11097394619968351,0.115486,0.12235700877295767,0.13245492003916243,0.13834668993382587,0.1434298937202894,0.160587469886344,0.19469040965903198,0.200969469886344,0.19311999999999999,0.18298414842695626,0.17187244528086879,0.16421614842695625,0.156336,0.14831,0.14064800000000002,0.133828,0.12731800000000001,0.12150469194636807,0.11677607583910418,0.11297
20-01-2026 12:40,25423.5,0.10643,0.10669895475419162,0.10725486426257487,0.10525295475419164,0.104352,0.10505,0.10715399999999999,0.11053199999999999,0.11610424585857633,0.12338873757572898,0.12846424585857633,0.135044,0.142922,0.16067612433970976,0.19446437301912936,0.19959402489740102,0.18976770167307372,0.18282590055769124,0.17369586811653373,0.16259560434960119,0.15569586811653371,0.1471056224023406,0.1359804999873948,0.13059252074345976,0.12745563278037306,0.12293400000000002,0.11862400000000001,0.11481
20-01-2026 12:45,25416.4,0.11852,0.11457,0.111542,0.10922000000000001,0.10788800000000001,0.107704,0.109186,0.11225199999999999,0.11668600000000001,0.121868,0.128326,0.135434,0.143152,0.16071978326555725,0.19382134979667173,0.19947378326555723,0.19145,0.182408,0.17167559247425868,0.15871623709355998,0.1517559714866104,0.1464554596707839,0.13957799999999998,0.13286199999999998,0.126718,0.12121799999999999,0.1173127852766981,0.1156239263834905
20-01-2026 12:50,25426.5,0.11311,0.111166,0.109042,0.10730049910557354,0.10674349731672061,0.10641249910557354,0.107762,0.11146027396826944,0.11688282190480831,0.12154058777719218,0.12883094142676824,0.13420031380892272,0.140734,0.159532,0.196868,0.20200800000000002,0.192862,0.18279721550809908,0.17153964652429723,0.1644292155080991,0.156644,0.14847,0.140698,0.133806,0.12737,0.12170799999999998,0.11717,0.11314
20-01-2026 12:55,25428.95,0.1147,0.11174313341845474,0.10831540025536424,0.10681913341845475,0.106144,0.10632799999999998,0.107776,0.110642,0.11486400000000001,0.119868,0.12619999999999998,0.133222,0.14058400000000001,0.15955599999999998,0.19668000000000002,0.20168199999999997,0.19292800000000002,0.18390800000000002,0.17470000000000002,0.16534000000000001,0.15638200000000002,0.147944,0.140242,0.133558,0.12675624850390593,0.12024674551171775,0.11622824850390592,0.11241
20-01-2026 13:00,25428.55,0.11009,0.10853399999999999,0.10693599999999999,0.105532,0.10481599999999999,0.10620713464217804,0.11015215803217805,0.11259539695910979,0.11516875410564392,0.119892,0.126322,0.1342819424556652,0.1433718273669956,0.1608319424556652,0.19663712482057066,0.20001937446171203,0.19321712482057068,0.18428887083336176,0.17316661250008533,0.1657408708333618,0.15785,0.149586,0.14174,0.134838,0.12818999999999997,0.12232399999999999,0.11792012727396353,0.1150306363698177
20-01-2026 13:05,25423.7,0.11124,0.10606291073613192,0.1048914689993375,0.10495184915062382,0.10433198635366622,0.10497666211788875,0.106876,0.109956,0.11440000000000002,0.119774,0.126362,0.133658,0.1473746590422097,0.17859997712662903,0.20343065904220964,0.202522,0.193992,0.18420259455287782,0.17317578365863345,0.16550059455287783,0.15739,0.14916000000000001,0.141324,0.134468,0.1274566052597983,0.12073781577939484,0.11700260525979829,0.11361
20-01-2026 13:10,25424.7,0.1078,0.106752,0.10560599999999999,0.104508,0.104098,0.10466,0.106602,0.1102270291649297,0.1156790874947891,0.1201610291649297,0.126164,0.13445940924387373,0.14420222773162122,0.16132340924387376,0.197708,0.2017345265731121,0.19096757971933637,0.18398252657311212,0.17581400000000003,0.16543943372762648,0.15475430118287944,0.1485734337276265,0.14091199681889527,0.13231599045668585,0.12746399681889528,0.12209496202365049,0.11655288607095145,0.11415
20-01-2026 13:15,25413.05,0.108772635340419,0.11235252706808381,0.11126400000000002,0.10910000000000002,0.10767000000000002,0.107702,0.109222,0.11234554752183279,0.11699864256549834,0.12237785332804284,0.1296009174186301,0.13559830580621005,0.142396,0.161118,0.19666712300414457,0.19988936901243382,0.19251712300414459,0.18396600000000002,0.174448,0.165172,0.15626600000000002,0.14738730470255754,0.13871791410767256,0.13283330470255753,0.12615270545690088,0.11882805025331304,0.11444650710473214,0.11188
20-01-2026 13:20,25432.95,0.10549,0.10515000000000001,0.10448400000000001,0.10353,0.10388438251762083,0.10593114755286252,0.10667238251762085,0.10926,0.11522608455758457,0.1242676304196149,0.12887021479816824,0.1324853767468612,0.13863,0.15795399999999998,0.19747199999999998,0.20324799999999998,0.19453399999999998,0.1846851104778465,0.17323333143353944,0.16625911047784647,0.15871400000000002,0.14975994698249073,0.14053584094747223,0.13532194698249075,0.12963599999999997,0.1234288247297451,0.1176404741892353,0.11571
20-01-2026 13:25,25422.0,0.11166,0.11017,0.108336,0.10678800000000001,0.10604600000000002,0.10620257883186301,0.107701736495589,0.110772578831863,0.115,0.11976,0.12573600000000001,0.13239800000000002,0.139358,0.1574260925895648,0.19425027776869444,0.2016020925895648,0.1930537627429704,0.18281128822891118,0.1748077627429704,0.16614800000000002,0.157298,0.148746,0.1407640491417532,0.13359414742525955,0.12768004914175318,0.12196554371791986,0.11665463115375957,0.1139
20-01-2026 13:30,25415.05,0.10348,0.10322400000000001,0.102836,0.102464,0.102688,0.104042,0.10654999999999999,0.11062358978507589,0.11647476935522769,0.1205935897850759,0.12625599999999998,0.133222,0.14026,0.159034,0.19707199999999997,0.202424,0.19324041714903717,0.18282925144711157,0.17464841714903717,0.16589,0.15717399999999998,0.14917000000000002,0.1412758638065067,0.1342415914195201,0.128259610498489,0.12267924007594691,0.11912574669198231,0.11595
20-01-2026 13:35,25392.3,0.10629,0.105598,0.10464999999999999,0.104376,0.104632,0.10662833230934585,0.11058499692803757,0.11320833230934585,0.11749399999999999,0.122996,0.12948,0.136662,0.144168,0.16265000000000002,0.198596,0.203242,0.19467,0.18565800000000002,0.17633000000000001,0.16709600000000002,0.15877,0.150934,0.143294,0.13669800000000001,0.13081199999999998,0.125452,0.12122826511640948,0.1176113255820474
20-01-2026 13:40,25365.4,0.1195,0.11619,0.11326800000000001,0.111236,0.110232,0.11090799999999999,0.11316,0.116648,0.121298,0.126718,0.1331,0.14022800000000002,0.147434,0.1639733463005401,0.19547803890162035,0.20105534630054012,0.193232,0.183218,0.17345,0.164018,0.15521800000000002,0.14669938138877636,0.13860214416632913,0.1324873813887764,0.126446,0.12100617541911185,0.11643652625733558,0.11217
20-01-2026 13:45,25372.15,0.11362,0.11166599999999999,0.109248,0.107628,0.106966,0.107944,0.110608,0.114452,0.1194,0.125088,0.131892,0.139188,0.14672999999999997,0.164438,0.198316,0.2016891020953167,0.19088330628595018,0.18371110209531671,0.175496,0.16505185440620168,0.15427556321860503,0.14764287460146497,0.13992306058578985,0.13473702019526326,0.12913799999999998,0.12352999999999999,0.11879200000000001,0.11453
20-01-2026 13:50,25364.1,0.1115282812116414,0.11320399166666775,0.11005300627301837,0.10953233542433945,0.109276,0.10971399999999999,0.11201,0.11694067058914392,0.12458465162792193,0.1290965901706144,0.13362863986049014,0.14038,0.147814,0.16517,0.19817,0.19860837088373523,0.17995291714558692,0.17107488507755036,0.16653735919721202,0.1617078584231214,0.15552598114573818,0.1464211857247645,0.1398937285749215,0.13391399999999998,0.127572,0.12195399999999999,0.117304,0.11303
20-01-2026 13:55,25368.4,0.1115078227510947,0.11364325291157877,0.11051706508407946,0.1096811974779773,0.10941652734985244,0.10988150911661747,0.11207,0.115678,0.12051799999999999,0.126102,0.132658,0.13978,0.14727800000000002,0.164718,0.197912,0.202546,0.194414,0.184856,0.175388,0.16517151501484093,0.15482254504452275,0.1480215150148409,0.141168,0.134608,0.12818200000000002,0.122494,0.11750200000000001,0.11303
20-01-2026 14:00,25369.7,0.1109722236847273,0.11118644473694546,0.10924800000000001,0.107596,0.107162,0.108426,0.111098,0.11505199999999999,0.12088972142701351,0.12792316428104056,0.13302172142701352,0.139548,0.14703,0.16511800000000001,0.199764,0.204038,0.19342687121529295,0.17892561454459205,0.17133787391143268,0.16593900089871327,0.15798800000000002,0.149274,0.14126,0.13549468711537327,0.13206803967523512,0.1292796294951915,0.126606883289769,0.1238994139161838
20-01-2026 14:05,25359.55,0.1129350830789066,0.11134501661578132,0.109406,0.10809,0.107794,0.10919999999999999,0.112028,0.11622399999999998,0.12208676664838598,0.128900299945158,0.13450076664838598,0.14229058204981096,0.1521037461494328,0.1673497570220022,0.19762152491657375,0.20296117497219124,0.19484600000000002,0.18557800000000002,0.17663199999999998,0.16748,0.15862199999999999,0.15017,0.142644,0.136222,0.129896,0.12435199999999999,0.11994648192201929,0.1163124096100965
20-01-2026 14:10,25355.15,0.1183,0.11506,0.11209757813110885,0.10946273439332657,0.10990151909653093,0.11147782289626619,0.11398394096542205,0.117884,0.12498142854556547,0.13578086695276642,0.14209172561164993,0.14644424066969314,0.15141455311787438,0.167888,0.19975400000000001,0.20225675591082617,0.1913542677324785,0.18338952660530178,0.17371831208342686,0.16648277069447562,0.15783290431511,0.14780471294532993,0.14173290431511,0.135888,0.12863635155518138,0.12094502096625612,0.11731225045731716,0.11436
20-01-2026 14:15,25366.45,0.1153567731783249,0.11133654313475538,0.1099495654972712,0.1080171884990904,0.10744599999999999,0.108878,0.111596,0.11639881593344276,0.12330644780032822,0.12739881593344274,0.1341447828279101,0.14349034848373035,0.15400257652314805,0.1789156561281415,0.20001261882252105,0.2009042750424277,0.1919931466371473,0.18163143991144198,0.17477914663714733,0.166872,0.15702101487298478,0.14535305902265666,0.13944105808409168,0.1359040144037023,0.1298679217751766,0.12345976532552976,0.12015392177517659,0.11665
20-01-2026 14:20,25356.3,0.12201,0.11782868611952052,0.11395405835856157,0.11269468611952052,0.11215796564359595,0.11283989693078787,0.11494596564359595,0.11832400000000001,0.12288600000000001,0.128244,0.13449,0.141694,0.1545831718645489,0.1819535155936467,0.20287117186454892,0.20103,0.19240000000000002,0.183446,0.17456400000000002,0.16578999999999997,0.15725999999999998,0.14916,0.14179999999999998,0.135228,0.128706,0.12302800000000001,0.118402,0.11392
20-01-2026 14:25,25378.65,0.12105,0.11656098949040544,0.11205696847121632,0.11068898949040543,0.11010800000000001,0.11082,0.11346105616998164,0.11807716850994493,0.12159505616998165,0.12630200000000003,0.132504,0.13935999999999998,0.146698,0.164726,0.199386,0.203668,0.19394515266634565,0.18286945799903692,0.17584915266634565,0.167476,0.158308,0.14931714426862025,0.1405674328058608,0.13484514426862027,0.12879000000000002,0.12292199999999999,0.118006,0.11323
20-01-2026 14:30,25385.8,0.11073,0.10872259524086024,0.10710624768880339,0.10652398113952823,0.10612246196622266,0.10773035980534693,0.11109707941604076,0.11481553132707756,0.12064751456519192,0.12457717152173063,0.130176,0.14392635727453468,0.17134303190006345,0.18848223750391296,0.20598396007645942,0.20371467405026236,0.19314802215078714,0.18597267405026238,0.17819400000000002,0.169104,0.160278,0.1516976888796823,0.14322706663904686,0.13785768887968225,0.132154,0.126732,0.12216000000000002,0.11784
20-01-2026 14:35,25374.45,0.10874,0.107408,0.106074,0.10539716110476374,0.10558348331429124,0.10681116110476374,0.109414,0.1140012316462131,0.1205116949386393,0.1243672316462131,0.1306330080009905,0.1389550240029715,0.14460300800099052,0.162778,0.20070200000000002,0.206002,0.19756,0.18893,0.179906,0.17099,0.162416,0.15361313905090318,0.14499541715270947,0.13911646572507239,0.13241598002250773,0.12776532667416926,0.123652,0.11927
20-01-2026 14:40,25356.7,0.1114979986206294,0.10895159972412588,0.10663878085056518,0.10497634255169554,0.1062407808505652,0.108436,0.11135,0.115302,0.120452,0.12601600000000002,0.13245200000000001,0.139428,0.146726,0.16438915757348804,0.1994374727204641,0.20666115757348805,0.198972,0.189852,0.18107,0.172232,0.16354200000000002,0.15513200000000002,0.147574,0.140848,0.134624,0.128974,0.124142,0.11977
20-01-2026 14:45,25345.55,0.11529,0.11290399999999999,0.10949376692212236,0.10578930076636708,0.10781776692212236,0.11018,0.112794,0.11747567872193178,0.12491589110613426,0.12976424354294852,0.13431085494033893,0.140664,0.147676,0.165942,0.20252399999999998,0.207258,0.1979,0.188556,0.17957599999999999,0.170148,0.161082,0.15220240505685365,0.14363921517056097,0.13797640505685366,0.132158,0.126598,0.121816,0.11732
20-01-2026 14:50,25348.5,0.10425,0.10381800000000001,0.10264461953261833,0.10139185859785503,0.10318461953261834,0.105686,0.10962947308428858,0.11518241925286574,0.11938547308428857,0.124558,0.131408,0.138514,0.14603,0.165454,0.203762,0.20743481720436824,0.1949324516131047,0.18734001609320233,0.1778035966665023,0.1701991988888341,0.16192800000000002,0.15329399999999999,0.145768,0.13908399999999999,0.1323970741529161,0.1262312224587483,0.12302821233829976,0.1214156909269183
20-01-2026 14:55,25335.5,0.09571,0.09729000000000002,0.098556,0.09984799999999999,0.10147400000000001,0.104504,0.10837200000000001,0.11415794990627606,0.12187984971882818,0.12611594990627606,0.132314,0.13954,0.146898,0.165918,0.20077464820237692,0.19711128885043372,0.18700161961012216,0.18292016027681213,0.1786669386778364,0.170146,0.160888,0.15262199999999998,0.145384,0.13892,0.13319,0.128328,0.124674,0.12171
20-01-2026 15:00,25288.25,0.1044,0.104134,0.104224,0.1048279477055542,0.1061878431166626,0.10966994770555419,0.11406,0.119244,0.12639291305921316,0.13525674287934086,0.14133692416431737,0.1472947528208818,0.1552402473575412,0.1713447491191804,0.20089200000000002,0.202728,0.192756,0.18273200000000003,0.173586,0.16411799999999999,0.15519999999999998,0.147422,0.14066599999999999,0.13457622730205254,0.12887668190615756,0.12450622730205252,0.121146,0.11819
20-01-2026 15:05,25289.95,0.1011424281879519,0.0992924856375904,0.099842,0.10167599999999999,0.10436599999999999,0.10802600000000001,0.112556,0.11769,0.12523570269698556,0.13556489664603666,0.1419410683622255,0.14602578855508,0.152854,0.17037600000000003,0.20165493556621025,0.2013068066986307,0.19447893556621024,0.18585800000000002,0.17545581740307495,0.16389145220922482,0.15749981740307495,0.15094600000000002,0.144354,0.138728,0.133552,0.12871129847023027,0.12492789541069077,0.12319
20-01-2026 15:10,25245.35,0.09945,0.10148712403409996,0.10292879017013429,0.10538765580953785,0.10899400000000001,0.11335600000000001,0.11865243015759472,0.12453529047278417,0.1310375711438599,0.13825942295879548,0.14452314098626518,0.151416,0.15934199999999998,0.175722,0.204276,0.204748,0.194408,0.18425200000000003,0.1742436277814577,0.16445288334437316,0.15740162778145772,0.15103,0.145246,0.140496,0.136372,0.133216,0.1309342830049425,0.1289014150247125
20-01-2026 15:15,25238.75,0.10515,0.10600399999999999,0.107128,0.10905599999999999,0.11281496609439559,0.1179448982831868,0.1226425721517688,0.13066317140733905,0.13672266576303158,0.141121601158555,0.14885574377000663,0.15465124792333557,0.16150599999999998,0.17918,0.21323399999999998,0.21358057681535464,0.19877173044606392,0.1890721117107319,0.17594260468613185,0.1700655348953773,0.16216751701845236,0.15200255105535715,0.1473815170184524,0.14197681030667364,0.1353884309200209,0.13278664052028402,0.1308419396260197,0.1291722449259429
20-01-2026 15:20,25191.85,0.12125,0.11903999999999998,0.11760237306937928,0.11764911920813784,0.11993267133520058,0.12334289479746391,0.1271542982658213,0.132002,0.137758,0.14409,0.150546,0.15769566454413853,0.16583299363241558,0.18035899661545068,0.20772599621393656,0.2093733320713122,0.19974,0.18743010538978433,0.17348231616935295,0.1669321053897843,0.15861079465892058,0.14878438397676166,0.14242279465892055,0.13630199999999998,0.130376,0.125238,0.121058,0.11734
20-01-2026 15:25,25185.2,0.1370343815736912,0.1348012740765719,0.13031746592061122,0.12714000000000003,0.12640400000000002,0.12778,0.131128557875339,0.13732367362601705,0.14025255787533902,0.1454998512271314,0.15405555368139426,0.15874985122713142,0.16485,0.17936609085450825,0.20586427256352474,0.20783409085450827,0.19713,0.18667,0.175896,0.166584,0.15874200000000002,0.15165399999999998,0.142724,0.134428,0.127724,0.12099999999999998,0.11532340493734274,0.1103270246867137
21-01-2026 09:15,25171.75,0.1557904688492891,0.1510515606704545,0.14321440070179003,0.1405494669005967,0.139006,0.138556,0.14025511993005202,0.144069359790156,0.14780911993005202,0.15340604810272732,0.1606701443081819,0.16632004810272732,0.17279000000000003,0.186894,0.211396,0.21198399999999998,0.20217200000000002,0.192368,0.18255,0.17276600000000003,0.162996,0.153354,0.144148,0.135326,0.12670599999999999,0.11839799999999999,0.11009,0.10135
21-01-2026 09:20,25204.0,0.14489,0.13738,0.132056,0.129264,0.128196,0.128756,0.13136,0.13552,0.140904,0.146994,0.153858,0.161234,0.168618,0.18555,0.21615513596556146,0.21663740789668445,0.20804513596556148,0.198774,0.18658086555342068,0.17135266892660214,0.1636170823524409,0.15802007226634007,0.14981599999999998,0.141252,0.133018,0.12516,0.11767199999999998,0.11031
21-01-2026 09:25,25249.5,0.11239,0.11398915937394444,0.11016238645798149,0.11062421527063135,0.11482464581189403,0.11670961319933287,0.12291819378610462,0.12564539792870152,0.130696,0.13793,0.145764,0.153936,0.16205799999999998,0.18224400000000002,0.22332000000000002,0.2275138723449103,0.21468561703473096,0.2071698723449103,0.19561377025382118,0.17843762116947312,0.17112070147784986,0.16743231040800957,0.16010000000000002,0.152012,0.14428400000000002,0.13786,0.13111507008036755,0.1212253504018377
21-01-2026 09:30,25231.8,0.13669,0.12568269832068002,0.12315289944022667,0.121422,0.11974994433378934,0.11906983300136802,0.12410994433378934,0.12990200000000002,0.136052,0.142702,0.150088,0.157772,0.16532799999999997,0.18147412790503878,0.21197308565073264,0.21702996890967724,0.21141190752898498,0.20372973519778956,0.19384799999999996,0.18265164334567424,0.1708129300370228,0.16213964334567427,0.152768,0.14329999999999998,0.134384,0.126106,0.11853,0.11057
21-01-2026 09:35,25229.95,0.1319291028021034,0.11728920866749631,0.10986046270235854,0.11027176247215847,0.11474128741647543,0.11521776247215848,0.11844600000000001,0.12427200000000001,0.13106199999999998,0.1401122752741861,0.1512648258225583,0.15699627527418608,0.16421000000000002,0.184182,0.22221674952480874,0.22380224857442615,0.2159947495248087,0.2053320543540974,0.19160816306229211,0.18467805435409737,0.17592400000000002,0.16587600000000002,0.156524,0.147882,0.139762,0.132636,0.126182,0.12057
21-01-2026 09:40,25195.85,0.1386631660202852,0.12611663320405703,0.12080400000000001,0.11944,0.11984800000000001,0.1221,0.12606492884565135,0.131462786536954,0.13762492884565133,0.14455199999999999,0.1533105494656957,0.16412700701063665,0.17087062530634453,0.18614535861354964,0.218084,0.22032799999999997,0.20939200000000002,0.19903,0.188996,0.17815688331129698,0.16668664993389093,0.15748088331129695,0.148332,0.13932,0.13061,0.122628,0.11690118130835421,0.116625906541771
21-01-2026 09:45,25195.8,0.1309868962283244,0.12345337924566488,0.119428,0.1180389077603443,0.1187887232810329,0.12138690776034429,0.12541,0.13168015626041882,0.13967446878125647,0.14481015626041882,0.1523821285183103,0.16186638555493083,0.1685961285183103,0.18394321677968958,0.21296965033906873,0.21809921677968958,0.2075527426551563,0.19441222796546886,0.18687074265515627,0.17718809229845298,0.16536627689535888,0.15715809229845296,0.14862,0.139906,0.131472,0.12355,0.11658199999999999,0.10994
21-01-2026 09:50,25185.15,0.12236,0.11809041173725432,0.11519123521176297,0.1152217950941313,0.11660415007063094,0.12021924737747498,0.125665592061794,0.130851864020598,0.13713999999999998,0.144504,0.152472,0.160806,0.16912,0.185284,0.21377400000000002,0.215192,0.204684,0.194918,0.18529600000000002,0.17549599999999999,0.16548200000000002,0.156036,0.1466430439795947,0.1373391319387841,0.12987187663356786,0.12254649796191949,0.11626683265397315,0.11009
21-01-2026 09:55,25177.9,0.11379,0.11181711489591706,0.11102734468775118,0.11168511489591705,0.11379399999999999,0.11743,0.12240599999999999,0.13140395524970122,0.14617379733403166,0.15352084240235453,0.15735720877853637,0.16179709239786946,0.1740023057377144,0.19949891721314317,0.21826630573771438,0.21506799999999998,0.20274698935623492,0.1874781727426244,0.17966260337799375,0.17359538366584037,0.16274853697576222,0.15623217899192074,0.148864,0.13962031918296286,0.12969695754888863,0.1256083191829629,0.121092,0.1157
21-01-2026 10:00,25151.55,0.12546,0.11675361697808427,0.11543856727701811,0.11818676060662126,0.120118,0.123104,0.127618,0.133248,0.13972800000000002,0.146934,0.15496,0.163468,0.17574909694992233,0.19821329084976697,0.21531309694992232,0.21101318926538176,0.19939956779614523,0.19086918926538174,0.18158200000000002,0.171798,0.16210400000000003,0.152654,0.143988,0.135714,0.128104,0.12160937300945121,0.1156041190283536,0.10876
21-01-2026 10:05,25168.3,0.1224116788250773,0.11655633576501546,0.114504,0.11682274031547514,0.12447475845211185,0.1284463678845713,0.13025258266179696,0.13208801505203685,0.13761400000000001,0.145154,0.153358,0.161472,0.16954200000000003,0.184802,0.21167200000000003,0.212642,0.202544,0.192696,0.182792,0.17306200000000002,0.16349,0.15456799999999998,0.146032,0.13828000000000001,0.13125599999999998,0.12490399999999999,0.11930199999999999,0.11439
21-01-2026 10:10,25142.55,0.12749,0.123434,0.120846,0.12065799999999999,0.12217599999999999,0.12589654216254934,0.131969626487648,0.13640854216254933,0.14245934973934107,0.15030204921802323,0.15778134973934108,0.165158,0.17246599999999998,0.186218,0.208362,0.20715273667920117,0.19605221003760362,0.1872247366792012,0.17797600000000002,0.1677260679438196,0.1568602038314588,0.1491260679438196,0.14094600000000002,0.132894,0.125276,0.11816,0.11158000000000001,0.10527
21-01-2026 10:15,25145.8,0.12333,0.11984799999999998,0.1178294578704663,0.1176623736113989,0.1195674578704663,0.12307599999999999,0.12790200000000002,0.13397,0.1413656088973449,0.1497008266920347,0.1569756088973449,0.16464399999999998,0.172116,0.186414,0.21018199999999998,0.20929636124356985,0.19768308373070956,0.18820406080213573,0.17705109867569757,0.16918769955856588,0.1591365714168404,0.1464743095922711,0.13955435744209027,0.13401459534174995,0.12714599999999998,0.120436,0.114192,0.1085
21-01-2026 10:20,25143.35,0.1079,0.10771,0.10855799999999999,0.11077,0.11555889483009404,0.12272468449028213,0.12662689483009404,0.13248400000000002,0.140182,0.148176,0.156584,0.164772,0.17248999999999998,0.18694,0.21051199999999998,0.21088799999999996,0.201544,0.192396,0.18323399999999998,0.17432,0.16555999999999998,0.157576,0.14991200000000002,0.142704,0.13608599999999998,0.13076,0.126168,0.12255
21-01-2026 10:25,25100.4,0.12159,0.119564,0.11923,0.120424,0.12361671010585268,0.12871813031755805,0.13302271010585268,0.138866,0.14595000000000002,0.15450649708800604,0.16404549126401813,0.17101049708800603,0.17826799999999998,0.19096400000000002,0.210198,0.208852,0.19889800000000002,0.189114,0.17885800916634714,0.1680120274990414,0.16008000916634713,0.152108,0.14389600000000002,0.13623400000000002,0.129424,0.12339310185514171,0.11815330556542517,0.11316
21-01-2026 10:30,25093.35,0.121448332515217,0.1203496665030434,0.11983400000000001,0.12106800000000001,0.124022,0.128372,0.1344804445820648,0.14224333374619438,0.1478404445820648,0.15493400000000002,0.1646582394986369,0.17647563687523346,0.18282299463660534,0.1918749183793228,0.208856,0.20671599999999998,0.196866,0.18616382788397368,0.17477548365192103,0.16702182788397368,0.15855000000000002,0.14977,0.13999715169614116,0.12842757981863528,0.12315152588677662,0.11981412473021182,0.11461199999999999,0.10948
21-01-2026 10:35,25094.5,0.11848,0.11741799999999998,0.11809806983179595,0.12104680902231328,0.12387186841257217,0.12891035231058967,0.1375712363800508,0.14303368687083814,0.14774197802905795,0.154916,0.16326200000000002,0.17131,0.17926399999999998,0.19169,0.20868599999999998,0.20624,0.196398,0.18663400000000002,0.17688,0.16733800609783117,0.15798401829349354,0.15005600609783118,0.142526,0.135436,0.129136,0.123602,0.12071072448798388,0.1235436224399194
21-01-2026 10:40,25076.8,0.1200532631332565,0.11561654097569753,0.11849566504713871,0.12031588834904623,0.12401999999999999,0.129662,0.135972,0.14284000000000002,0.150066,0.158042,0.1677807949480794,0.1783483848442382,0.1842087949480794,0.19506199999999999,0.21173999999999998,0.21012999999999998,0.20111199999999999,0.19019201148745787,0.17781803446237365,0.1734200114874579,0.167274,0.15995,0.153068,0.14622986873625393,0.13936560620876182,0.13752986873625395,0.13611,0.13435
21-01-2026 10:45,25011.65,0.12991,0.12929000000000002,0.13029,0.13293,0.13709031762982954,0.14266895288948866,0.14803431762982955,0.154376,0.161414,0.168998,0.177132,0.18656184639138004,0.19900544012418694,0.20578154924152056,0.20963390095004683,0.20365,0.194272,0.184666,0.175192,0.16639600000000002,0.157962,0.150036,0.1434090448988209,0.13915468307627477,0.13322569003825707,0.12527354837981206,0.11949800000000001,0.11484
21-01-2026 10:50,25009.05,0.1201,0.1241820424343346,0.13115012730300382,0.1317640424343346,0.13641271898723245,0.1451481569616974,0.1501441860371116,0.15852840114963743,0.16350746704987912,0.16983199999999998,0.17807,0.18734476901317318,0.19738630703951954,0.20547076901317318,0.216518,0.21325,0.20220121382434658,0.18930364147303974,0.18033189939236463,0.163421646460792,0.15605325044531346,0.15375297657798384,0.15433379560708202,0.15138200000000002,0.14758600000000002,0.14464200000000002,0.142424,0.14173
21-01-2026 10:55,24957.3,0.14328,0.13549071871042442,0.13995823957014147,0.14409,0.14745999999999998,0.151924,0.1575005405419792,0.16415162162593766,0.17009854054197923,0.17711076049324692,0.18501628147974084,0.19217876049324695,0.19934,0.208086,0.21557232242450378,0.2099269672735114,0.2005963224245038,0.190988,0.1793204009438278,0.1659992028314835,0.16113640094382786,0.154472,0.14617800000000003,0.13906682920638047,0.13280048761914137,0.127673166252952,0.1324292467938223,0.1371211782705384
21-01-2026 11:00,24996.3,0.1347,0.1328821308150565,0.1351087102716855,0.138398,0.14251999999999998,0.147718,0.153702,0.160162,0.166998,0.17419400000000002,0.18171400000000001,0.18875,0.195986,0.20635,0.21833399999999997,0.21266315329841248,0.19926945989523745,0.1923551532984125,0.1823126658477237,0.1694639975431711,0.1646886658477237,0.1567724728018567,0.14595341840557008,0.14170869257132115,0.1360206593083934,0.13162821976946446,0.12894111321149349,0.1309455660574675
21-01-2026 11:05,24985.75,0.1355571706341797,0.13747743412683594,0.139164,0.14177,0.145924,0.15103,0.156826,0.16297199999999998,0.16949999999999998,0.176534,0.183904,0.190666,0.197484,0.20644600000000002,0.214618,0.20716663823500975,0.19218707098904075,0.1846201070870444,0.17762715628401154,0.16838651013160477,0.15873753039481434,0.1511385101316048,0.14389200000000002,0.13659000000000002,0.129834,0.12257345337521566,0.11548436012564699,0.11277
21-01-2026 11:10,25017.2,0.1412630209100496,0.14135879858896405,0.14119282303160272,0.142700274687854,0.14397942489595134,0.14715999999999999,0.15268211834993906,0.16011635504981714,0.16555634606523761,0.1734446831458957,0.17871622771529858,0.18481399999999998,0.191892,0.20242,0.214772,0.21072000000000002,0.20075199999999999,0.19073,0.18068199999999998,0.17072400000000001,0.161304,0.152154,0.14305400000000001,0.13307286787043288,0.12306860361129865,0.11686286787043289,0.11012000000000001,0.10185
21-01-2026 11:15,25046.1,0.14397,0.14034513164235501,0.13821339492706505,0.13910913164235503,0.141306,0.144584,0.14894,0.154038,0.15978399999999998,0.16632000000000002,0.17348200000000003,0.180248,0.187358,0.198606,0.214136,0.21126799999999998,0.20107400000000003,0.191048,0.1803536086027158,0.16896482580814734,0.16114160860271576,0.152826,0.144042,0.135502,0.12754,0.120242,0.11360512897086401,0.1093656448543201
21-01-2026 11:20,25060.3,0.13169,0.130164,0.129986,0.131334,0.134168,0.13920319232131093,0.14622357696393276,0.15212782268896113,0.1618587420235788,0.16721118312953448,0.1713508509206281,0.1818745869379071,0.20081376531206702,0.21174860043294408,0.21890960152545513,0.21227079108132849,0.2047295970271095,0.195868,0.185786,0.176224,0.167224,0.158468,0.149848,0.142002,0.13525199999999998,0.129044,0.122908,0.11697
21-01-2026 11:25,25041.3,0.12924,0.127904,0.128048,0.130054,0.133772,0.13839400000000002,0.143768,0.149974,0.15683000000000002,0.164112,0.171722,0.17912000000000003,0.18688,0.19968200000000003,0.219192,0.218176,0.208622,0.198886,0.18911,0.179702,0.170696,0.16133356543846816,0.15152069631540455,0.1449892046575706,0.1369609176573072,0.1324136392191024,0.12789,0.123
21-01-2026 11:30,25041.05,0.13283,0.13091122354288762,0.1304976706286628,0.1321692235428876,0.135278,0.14003301609307173,0.14620504827921516,0.152026900870733,0.15956965433298387,0.16566188477766128,0.17265200000000003,0.179996,0.19053358773957715,0.20899876321873143,0.21838425281572063,0.20672001306413237,0.19816860811012035,0.19304768641631523,0.1867438895268711,0.17752007351346,0.16710422054038,0.15962407351346,0.15182800000000002,0.14380199999999999,0.13643200000000003,0.129952,0.123754,0.1176
21-01-2026 11:35,25049.35,0.13118,0.129766,0.12985,0.131404,0.13427,0.138624,0.144012,0.150084,0.15765204922194806,0.16665014766584413,0.1733426088228167,0.18153967880260596,0.18740855960086866,0.19940000000000002,0.21758849402052316,0.2144494820615695,0.20664249402052318,0.19765000000000002,0.18788600000000003,0.17869000000000002,0.169892,0.1603729567132584,0.1501328701397752,0.1444829567132584,0.138654,0.13247,0.12690200000000001,0.12162
21-01-2026 11:40,25042.9,0.1323116706864775,0.1318683341372955,0.13173600000000002,0.13284600000000002,0.1360727679440211,0.1411103038320633,0.14535476794402108,0.15068199999999998,0.15717,0.164254,0.171772,0.17919000000000002,0.186606,0.19901199999999997,0.217748,0.21627800000000003,0.20645200000000002,0.196474,0.18647999999999998,0.177002,0.167848,0.15915,0.15094600000000002,0.14288466502565458,0.1348899950769638,0.1293766650256546,0.12464518043360935,0.1222759021680468
21-01-2026 11:45,25045.15,0.1338548351041451,0.13243905029323177,0.1321802498172083,0.13289408327240276,0.135458,0.139444,0.14439,0.15008200000000002,0.15656799999999998,0.16378399999999999,0.17135599999999998,0.17857399999999998,0.18625,0.19898399999999997,0.21823,0.21670399999999998,0.20667600000000003,0.196594,0.18669000000000002,0.17716200000000001,0.167962,0.1585858577084982,0.1489395731254946,0.1423718577084982,0.1357,0.128906,0.12305061026413887,0.1193330513206943
21-01-2026 11:50,25057.75,0.13374,0.13107000000000002,0.13025,0.13157000000000002,0.134364,0.13829999999999998,0.14335,0.14909,0.15567399999999998,0.162818,0.17038999999999999,0.17776399999999998,0.185234,0.19815,0.21816399999999997,0.2147925966250871,0.19940391675395167,0.19186297726115803,0.1853633036320957,0.17519153026021617,0.16744717675340537,0.15940000000000001,0.151196,0.143298,0.135508,0.12857600000000002,0.122402,0.11627
21-01-2026 11:55,25064.55,0.13047,0.12895,0.12879600000000002,0.13025,0.133194,0.137374,0.142498,0.14832,0.15481199999999998,0.161938,0.169486,0.17669400000000002,0.184082,0.197292,0.218218,0.21582362674778438,0.20302288024335313,0.19588962674778437,0.18732,0.177838,0.16859800000000003,0.1577124874527488,0.14478913888229444,0.14009151702489314,0.13453592904396514,0.12561475755975104,0.12245625251991703,0.11829
21-01-2026 12:00,25081.9,0.14194,0.137654,0.135254,0.1342874092782488,0.13480222783474646,0.13837540927824882,0.1429797355453777,0.14843120663613316,0.15365973554537773,0.159726,0.166808,0.173902,0.18125000000000002,0.194514,0.21567800000000004,0.214726,0.20286838784435052,0.18831068930195644,0.18034896515106524,0.17348952576890492,0.164364,0.15488000000000002,0.1450865199800965,0.13543982753868195,0.12872332277527387,0.12090626759839246,0.112922,0.10483
21-01-2026 12:05,25117.2,0.12873,0.12594,0.12564258944467946,0.12845776833403838,0.12848858944467945,0.13079200000000002,0.135274,0.140716,0.146988,0.15478334724433282,0.16407004173299847,0.1692613472443328,0.175848,0.1896304752425184,0.21314742572755516,0.2171064752425184,0.20749302939035766,0.19490508817107305,0.18786702939035768,0.17983400000000002,0.170376,0.16140000000000002,0.15284,0.144834,0.137224,0.130292,0.1239,0.11802
21-01-2026 12:10,25113.35,0.13919,0.134326,0.131612,0.131014,0.13184200000000001,0.134308,0.1386377060682553,0.14456111820476586,0.14952370606825527,0.155362,0.162434,0.169424,0.18049272050954762,0.2020021615286428,0.2178167205095476,0.21384599999999998,0.201932156241186,0.18809222281510773,0.18178341851583507,0.1740397540915497,0.16463199999999997,0.155406,0.146632,0.13803200000000002,0.129886,0.12219696340242163,0.1142188902072649,0.10767
21-01-2026 12:15,25129.25,0.14212,0.13606881047886632,0.13089043143659895,0.13103681047886634,0.13301356277436188,0.13633268832308557,0.13867956277436186,0.142576,0.147956,0.153992,0.160646,0.16701200000000002,0.173506,0.18711232628263713,0.21150297884791144,0.2147803262826371,0.206016,0.19603702766803927,0.18611908300411778,0.17561702766803927,0.16569799999999998,0.15637399999999999,0.14723599999999998,0.13834799999999997,0.130012,0.121934,0.114096,0.10638
21-01-2026 12:20,25163.0,0.13704,0.13045509662193522,0.12410328986580567,0.1259355077550685,0.12898745735386907,0.13284308299654085,0.1346582239544692,0.138362,0.143678,0.149772,0.1571375605753758,0.1649266817261274,0.1703015605753758,0.185976,0.21761,0.220354,0.210498,0.2005685374105092,0.1907916122315276,0.1809985374105092,0.171286,0.161972,0.152896,0.14438800000000002,0.1362,0.12818818523706133,0.12086655571118396,0.11349
21-01-2026 12:25,25166.9,0.11646,0.11509199999999999,0.11481799999999999,0.11595,0.1200507731573419,0.12699031947202571,0.1289027731573419,0.13319599999999998,0.139718,0.14675000000000002,0.15423800000000001,0.161452,0.1750983600143896,0.20621308004316882,0.23067636001438963,0.22736099078256047,0.21434097234768143,0.20787699078256047,0.199976,0.19066,0.17841970371395377,0.16106469550217634,0.1525826906490403,0.14929228592273988,0.14780023385414165,0.142774,0.136984,0.132
21-01-2026 12:30,25153.65,0.14411,0.13313327455801374,0.1318037581860046,0.13108599999999998,0.13084199999999999,0.13235842543322834,0.13538527629968508,0.13955242543322838,0.14476,0.150474,0.157174,0.16395400000000002,0.170566,0.187368,0.22071,0.22402,0.2132040585059451,0.2001732263298616,0.1907332109420241,0.18380305081202633,0.174794,0.16518,0.15576199999999998,0.146724,0.13798,0.129234,0.12078799999999999,0.11267
21-01-2026 12:35,25191.3,0.1472,0.14080000000000004,0.135752,0.13260502078333164,0.13169906234999493,0.13277302078333164,0.13524,0.138956,0.143432,0.14858,0.154686,0.1615687909079428,0.1690143727238284,0.1851327909079428,0.220046,0.22252017508449906,0.20919718476361082,0.20214815361484004,0.19455465951011366,0.185294,0.175614,0.166136,0.156868,0.147718,0.139042,0.13076000000000002,0.122626,0.11461
21-01-2026 12:40,25225.6,0.1393762070596389,0.1325269983712976,0.1293172708781095,0.12636975695936983,0.125398,0.126482,0.12974995045665166,0.134951851369955,0.13796395045665166,0.142344,0.14824600000000002,0.154676,0.161026,0.18138,0.224352,0.230816,0.221354,0.211784,0.20234,0.19317,0.182604258464447,0.17122677539334105,0.1629607655203779,0.15030822148039336,0.14384860799373325,0.1405407003126008,0.134386,0.1274
21-01-2026 12:45,25260.15,0.14866,0.13720271078198853,0.13404623692732953,0.131418,0.129302,0.12920422200116755,0.13092066600350266,0.13373622200116755,0.13767000000000001,0.14291246290988752,0.14922738872966262,0.15385446290988752,0.15928199999999998,0.17924854863035455,0.22414764589106367,0.23368054863035456,0.22490200000000002,0.21539600000000003,0.205676,0.19556421394603557,0.18457064183810662,0.17679221394603556,0.16831,0.15942,0.150672,0.14213399999999998,0.133946,0.12606
21-01-2026 12:50,25266.0,0.1428704482045017,0.14168608964090035,0.13647771800049302,0.1309905299770075,0.12958384592707817,0.13000937597552836,0.131324,0.134012,0.137838,0.142392,0.147554,0.153334,0.159396,0.18020231468266648,0.22687694404799943,0.23734431468266648,0.22796297790020958,0.21661893370062874,0.20894897790020958,0.200484,0.19106,0.181858,0.17253000000000002,0.16352799999999998,0.15480400000000002,0.14625,0.13771599999999998,0.12958
21-01-2026 12:55,25281.8,0.13917,0.1352431937563395,0.1308636051746628,0.12773167245712616,0.1294244776730789,0.13140288577398906,0.13243275038894833,0.13349961062023655,0.13494679999204126,0.139076,0.14472200000000002,0.150934,0.16642218488406174,0.2067685546521852,0.24001018488406173,0.240678,0.231448,0.222204,0.21260800000000002,0.203196,0.19395800000000002,0.184706,0.17543599999999998,0.16665999999999997,0.15793200000000002,0.14934999999999998,0.14125000000000001,0.13375
21-01-2026 13:00,25281.3,0.13807,0.13308,0.128396,0.12559,0.124124,0.12449600000000001,0.12659399999999998,0.129846,0.1344712602416698,0.1401137807250094,0.1457312602416698,0.15214,0.158798,0.181482,0.23202199999999998,0.24120399999999997,0.231534,0.22215,0.212736,0.20312200000000002,0.19351600000000002,0.18301107460747093,0.1709607797709466,0.16403574245307237,0.1572855559485338,0.149032,0.140972,0.13318
21-01-2026 13:05,25288.85,0.12164,0.11891199999999999,0.11689000000000001,0.11714377987140258,0.11992133961420774,0.11942377987140258,0.12138,0.12557,0.130772,0.136556,0.1448192614703891,0.15681766866383673,0.1623689142283974,0.17912307909049707,0.2238430133906631,0.23550948146936823,0.23014418413355833,0.21950026576913442,0.21315675525637814,0.20513,0.195668,0.18669600000000003,0.177986,0.16939600000000002,0.16117200000000004,0.153368,0.146072,0.13943
21-01-2026 13:10,25221.5,0.14555,0.136022,0.13241000000000003,0.12967599999999999,0.127856,0.12765555374400345,0.12819266123201037,0.13261155374400346,0.137202,0.1428409253379187,0.14975877601375603,0.1561229253379187,0.162708,0.183234,0.22661199999999998,0.23326799999999998,0.22417800000000002,0.21490199999999998,0.20498600000000003,0.195668,0.18579,0.17666600000000002,0.16801,0.158462,0.149764,0.141494,0.13267400000000001,0.12413
21-01-2026 13:15,25225.05,0.1338,0.1309223258789851,0.13080297763695534,0.12530232587898513,0.12313600000000001,0.12421907133524171,0.12667521400572512,0.1307730713352417,0.13578,0.141448,0.14800200000000002,0.15493600000000002,0.16189599999999998,0.1828,0.227496,0.23512,0.225914,0.216744,0.207488,0.1970414052571162,0.18553421577134857,0.17887340525711617,0.17122800000000002,0.162804,0.154544,0.146496,0.139072,0.13236
21-01-2026 13:20,25225.7,0.12872,0.12695088691783135,0.1280066607534941,0.12294688691783134,0.121164,0.122758,0.125756,0.129868,0.134998,0.1418384049716304,0.15030321491489113,0.1554764049716304,0.161498,0.1806688988824563,0.2211612778927008,0.23097864261845208,0.22658858124533193,0.218738,0.209158,0.199766,0.190496,0.18011998399309145,0.1688619519792744,0.16195539838515446,0.15299224317618906,0.14746941439206301,0.14169199999999998,0.13545
21-01-2026 13:25,25205.25,0.1341518724659229,0.13009637449318456,0.126932,0.125236,0.12456831046541303,0.12469893139623911,0.12874231046541304,0.13338665474227734,0.13829396422683207,0.14407265474227737,0.15091571377814572,0.15898714133443717,0.16523371377814572,0.184896,0.227082,0.233598,0.223868,0.2131778330907887,0.20100512372913132,0.19332670646108463,0.18532762445676532,0.17641400000000002,0.16768,0.159246,0.1510462542630791,0.14364916293484536,0.13830545469990327,0.1304
21-01-2026 13:30,25215.7,0.1316510925904081,0.1242083944601556,0.11621872531402466,0.114624,0.11634000000000001,0.12048983230470682,0.12702149691412046,0.1294058323047068,0.13397199999999998,0.14251820477555974,0.15453461840051952,0.15985421699708058,0.16364800407384028,0.184298,0.22999000000000003,0.23635715251469702,0.223611457544091,0.217415152514697,0.209566,0.1983098102199769,0.1852694306599307,0.18049581021997688,0.17414999999999997,0.16618799999999997,0.15887199999999999,0.152366,0.14666,0.14146
21-01-2026 13:35,25182.35,0.14827,0.140654,0.136816,0.134254,0.132942,0.1328084651830144,0.13466739554904322,0.13802646518301442,0.142486,0.147856,0.1543242923326147,0.16170887699784403,0.1676602923326147,0.18521023784024482,0.2221067135207344,0.22685728656443205,0.21636314617256172,0.20796704872418723,0.19889199999999999,0.18971000000000002,0.180332,0.171452,0.16194920522492337,0.1527364604614888,0.1469617395850794,0.13766684478671867,0.12924,0.12058
21-01-2026 13:40,25193.1,0.13324,0.1301427838449806,0.1264822612816602,0.125008,0.125442,0.12762111546981478,0.13139734640944437,0.1345031154698148,0.13913999999999999,0.14575640092613062,0.15370720277839192,0.15893040092613064,0.16531,0.185022,0.22554000000000002,0.231678,0.222462,0.213078,0.203472,0.19392399999999999,0.184706,0.17449647879322427,0.16298943637967273,0.15777841626892583,0.15169981242710473,0.14413993747570158,0.137172,0.13075
21-01-2026 13:45,25192.95,0.13211,0.12774431053343877,0.12347693160031632,0.12369231053343877,0.12477799999999999,0.12657,0.1299287358849182,0.13474020765475467,0.13910673588491823,0.144614,0.151042,0.15794599999999998,0.165404,0.185484,0.226196,0.232248,0.22272999999999998,0.213154,0.203486,0.1938,0.184388,0.17557799999999998,0.16686800000000002,0.15827706142683368,0.15003118428050105,0.1432030614268337,0.136622,0.13029
21-01-2026 13:50,25179.95,0.12507,0.12272599999999999,0.121328,0.121296,0.122702,0.12518200000000002,0.128804,0.13353,0.13980035404880256,0.14739506214640768,0.15293635404880257,0.15954200000000002,0.166878,0.18625599999999998,0.226368,0.23229999999999998,0.22286,0.21317599999999998,0.20361,0.19429,0.18519000000000002,0.176668,0.168356,0.160454,0.153214,0.146588,0.14095448119121748,0.1368024059560875
21-01-2026 13:55,25164.25,0.12508,0.12292,0.12221034728504998,0.12346304185514993,0.12488742276674208,0.12838722644507636,0.13075507548169213,0.13496,0.140794,0.14701,0.15387,0.161284,0.168798,0.18748399999999998,0.225444,0.23074399999999998,0.221466,0.211856,0.20011650795073846,0.18547104050273494,0.17814105790229692,0.1738315166505195,0.166824,0.159142,0.152072,0.14533,0.13948,0.13429
21-01-2026 14:00,25141.15,0.1257788156628929,0.1280417631325786,0.127364,0.127216,0.128652,0.13116999999999998,0.134826,0.139458,0.144916,0.15092,0.157642,0.16470200000000002,0.172088,0.18822140456004338,0.21914221368013015,0.22368140456004337,0.215066,0.20506605688678742,0.1941201706603622,0.1857980568867874,0.177262,0.16820112099990228,0.15923136299970683,0.15244312099990226,0.145752,0.13818830096793216,0.13016490290379648,0.12701
21-01-2026 14:05,25151.55,0.12298,0.12201672267639797,0.12182016802919393,0.12047072267639798,0.121328,0.12422,0.128126,0.13309800000000002,0.14031902481160688,0.14929107443482062,0.1540370248116069,0.160682,0.17491528699593312,0.20495586098779936,0.22695928699593312,0.224718,0.215554,0.20627,0.196794,0.18757200000000002,0.17669873864583036,0.1644502159374911,0.15986273864583037,0.15419000000000002,0.14742,0.13907176150286488,0.12907928450859463,0.1311
21-01-2026 14:10,25141.05,0.1275459269493889,0.12217518538987779,0.120428,0.12086200000000001,0.12277,0.12594,0.12990600000000002,0.1356183024964241,0.14294090748927224,0.1482403024964241,0.15504199999999999,0.16887078303363554,0.19376021687776704,0.20906638636421682,0.22372386777686043,0.2192399221097932,0.20464354841510327,0.19674126836696418,0.19177578208572366,0.18175782824239378,0.1668000269076526,0.15847945478380776,0.15629454218047134,0.15069000000000002,0.143984,0.13533634128636515,0.12489302385909548,0.12778
21-01-2026 14:15,25139.05,0.14051,0.13376410692227683,0.12647632076683046,0.12814410692227682,0.130006,0.1311927000036331,0.1333981000108993,0.13773670000363308,0.14313251959435225,0.14922955878305671,0.15516851959435224,0.162244,0.169692,0.185218,0.213812,0.21583599999999997,0.206328,0.19658199999999998,0.186838,0.177354,0.16798800000000003,0.159026,0.1506783852039165,0.1429191556117495,0.1344583852039165,0.12650799999999998,0.11931800000000001,0.11216
21-01-2026 14:20,25178.3,0.1200887265395511,0.11330374530791021,0.11197399999999999,0.11435288153516973,0.11903664460550922,0.12074888153516974,0.12420199999999999,0.12950799999999998,0.1365578086549834,0.14470742596495018,0.1500858086549834,0.157034,0.17148311606720423,0.20292134820161267,0.2260611160672042,0.22298347379809705,0.21088442139429117,0.20451147379809706,0.19512825036618286,0.18305475109854857,0.17718225036618285,0.17049799999999998,0.1622618818890019,0.1541716456670057,0.14887388188900189,0.143878,0.13943999999999998,0.13574
21-01-2026 14:25,25144.75,0.11203,0.112138,0.11302999999999999,0.11480000000000001,0.11767799999999999,0.121588,0.126532,0.132178,0.138558,0.145624,0.153176,0.161104,0.17473634735886287,0.20230104207658864,0.2221031158150512,0.21866430536856502,0.21130676845618834,0.20317000000000002,0.19409800000000002,0.185068,0.17649199999999998,0.16858,0.161074,0.15431059694119487,0.14775727776559058,0.14078305776721287,0.13795616312088566,0.1354533808943983
21-01-2026 14:30,25130.1,0.1184396327945024,0.12553775378948384,0.12906660907686113,0.129216,0.12974600000000003,0.13146000000000002,0.134596,0.13886400000000002,0.14407599999999998,0.149946,0.15729625850065915,0.16575677550197748,0.17174225850065916,0.186496,0.21416,0.215876,0.206382,0.19664199999999998,0.186918,0.17739,0.16678945802061473,0.15498122266373415,0.14807600382628483,0.14317566489656097,0.13883644888401278,0.12839681629467092,0.11987,0.11289
21-01-2026 14:35,25146.5,0.1186737272167699,0.12407874544335397,0.124314,0.12420199999999999,0.125552,0.12909589266836766,0.13471367800510298,0.13731989266836764,0.14271965900558514,0.1504429770167555,0.15560765900558515,0.161972,0.1695,0.18558999999999998,0.214918,0.21723,0.207652,0.19655700460735795,0.18411101382207382,0.17722700460735794,0.16960799999999998,0.160978,0.15071825854502469,0.13956640313588556,0.13756514104745923,0.1319436275008115,0.12490066596326291,0.1171033298163146
21-01-2026 14:40,25152.35,0.1192972080306524,0.11889803190660848,0.11859177090143405,0.11914059030047802,0.12107,0.1253240111605696,0.13168203348170882,0.1344500111605696,0.139182,0.1466040448413258,0.15543213452397744,0.16118004484132584,0.168278,0.18481999999999998,0.21513,0.21677245897136208,0.20555337691408623,0.19695682369728884,0.1860010941777803,0.17959436472592677,0.1697482880574991,0.15496084155249426,0.1477235794851391,0.14397805524294432,0.14185935928764912,0.137412,0.1316114739060235,0.1244673695301175
21-01-2026 14:45,25149.7,0.12554,0.12288741195429986,0.12084023586289958,0.12171341195429985,0.123546,0.12623800000000002,0.13039216754242938,0.13583450262728808,0.14127103590790024,0.1480966050964126,0.15415286836547087,0.161194,0.168984,0.185168,0.21321400000000001,0.21487599999999998,0.20573,0.19639999999999996,0.187086,0.178146,0.16879833704558195,0.1590890111367458,0.15328033704558194,0.147122,0.140724,0.134868,0.129642,0.12474
21-01-2026 14:50,25153.5,0.1215397508311014,0.12107253655225134,0.1192743861454198,0.11966257205022832,0.12090352401674277,0.12400635785828769,0.12882107357486308,0.13283435785828768,0.138208,0.144556,0.1526644755226304,0.1622034265678912,0.16817647552263038,0.183506,0.21121281893311916,0.2114404567993575,0.20388681893311916,0.19536599999999998,0.18607400000000002,0.177288,0.168918,0.161098,0.153688,0.146698,0.14001335288864483,0.13360005866593444,0.12943535288864483,0.12525
21-01-2026 14:55,25147.1,0.12119,0.12087707312670556,0.11954235770890186,0.119298,0.12157308400135776,0.12540725200407327,0.12818108400135775,0.13270200000000001,0.13937724253253136,0.14744972759759414,0.1532892425325314,0.16020199999999998,0.168058,0.18464000000000003,0.214042,0.21599,0.20646399999999998,0.19550246635040697,0.18349139905122086,0.17674646635040697,0.169258,0.16103,0.153096,0.146024,0.13953200000000002,0.13375599999999999,0.128526,0.12385
21-01-2026 15:00,25160.2,0.1223573795470381,0.12324274921343484,0.12496442443467573,0.124327038292036,0.123843114876108,0.126123038292036,0.12935000000000002,0.13327,0.13871,0.14460800000000001,0.151592,0.16008454354579799,0.1694196306373939,0.18407054354579797,0.21187617720928392,0.21224253162785187,0.2031750756222558,0.1923486952389156,0.18380089841297187,0.17492,0.16535795352466548,0.15575986057399638,0.14803595352466545,0.14075643557185796,0.1338093067155739,0.12740444263148892,0.12152802117889287,0.11472
21-01-2026 15:05,25171.7,0.11706,0.11560600000000001,0.115062,0.115714,0.117464,0.120364,0.124282,0.129256,0.135406,0.14314198212682325,0.15258194638046976,0.15879598212682325,0.166008,0.18321,0.21422200000000002,0.21703,0.20736800000000002,0.197714,0.1870407416132946,0.1757642248398838,0.16931074161329462,0.1624,0.155002,0.148134,0.14207,0.136694,0.13173193780781886,0.1263196890390943
21-01-2026 15:10,25159.7,0.11404,0.11313200000000001,0.113212,0.11424799999999999,0.11789396161633633,0.12493664284827866,0.12967872370618386,0.13195822227538556,0.13656048809203866,0.143268,0.151268,0.159432,0.17275703070983872,0.20043709212951616,0.22095103070983874,0.21822,0.20842599999999997,0.198422,0.1881768560361042,0.17774656810831266,0.1688092253127032,0.15753959074365384,0.15167181801816967,0.1479364829138569,0.14250000000000002,0.137104,0.13287000000000002,0.12917
21-01-2026 15:15,25148.5,0.112674416208962,0.11373742814332086,0.11616018163384281,0.1182023052584685,0.1212923411025481,0.1219465812398963,0.12578503898305543,0.13122084096773845,0.13714561365591282,0.14482507542793632,0.15495522628380895,0.16176907542793634,0.169196,0.18555,0.214394,0.21603,0.205994,0.19417288392644957,0.18084319422021047,0.17499051124903475,0.1684605424408617,0.16045199999999998,0.152728,0.14526709508540536,0.1382875737058142,0.13361396043419996,0.1291382884495982,0.12484
21-01-2026 15:20,25154.25,0.11111,0.11213133706585146,0.11462001119755438,0.114845483258349,0.1185524385774926,0.11965014619249754,0.12276200000000001,0.128156,0.135076,0.14243,0.151002,0.159592,0.16804999999999998,0.18403279888399163,0.21187839665197486,0.21404879888399164,0.205014,0.19553600000000002,0.18662600000000001,0.177966,0.169522,0.16154000000000002,0.153834,0.1470366689947573,0.1417260069842719,0.13565666899475728,0.13093807415954428,0.1270103707977214
21-01-2026 15:25,25150.7,0.12111,0.118788,0.11734,0.117146,0.11854,0.121224,0.12488199999999999,0.12971,0.135962,0.14274446616143135,0.15127739848429408,0.15901446616143136,0.1666,0.18356326273173434,0.213409788195203,0.21252326273173436,0.201528,0.19176043034585472,0.18225729103756422,0.17168243034585473,0.16308720718563016,0.15588562155689048,0.14577920718563014,0.13862640840673063,0.13460122522019186,0.12563240840673062,0.12055635711362706,0.1219017855681353
22-01-2026 09:15,25332.45,0.10473,0.10627618181050263,0.10524006060350087,0.105402,0.10704,0.10979399999999999,0.113798,0.118848,0.12542,0.13256800000000002,0.140562,0.14981999999999998,0.15917,0.1815765952136099,0.22646178564082964,0.23494459521360989,0.22493800000000003,0.213752,0.20285399999999998,0.19240400000000002,0.181704,0.17121399999999998,0.16128,0.15232400000000001,0.144362,0.137262,0.1316689615108963,0.1279748075544815
22-01-2026 09:20,25329.3,0.1087294311270434,0.11144788622540867,0.11092,0.11006400000000001,0.11052000000000001,0.112532,0.116018,0.12067999999999998,0.12696200000000002,0.134052,0.14267669091702428,0.15251607275107276,0.16020869091702428,0.182178,0.22458681273820688,0.22316426765113445,0.21431630104774824,0.20914982943651378,0.19783563574246474,0.1836409072273942,0.17404341666132844,0.1609033427565911,0.1549417809188637,0.14622919464759945,0.13459158394279833,0.12993919464759945,0.124606,0.11798
22-01-2026 09:25,25334.05,0.1291921455250589,0.1350624291050118,0.13019733650392623,0.12110381948364836,0.11937476641953516,0.12188980997186964,0.12399800000000001,0.126916,0.131638,0.1380007355665897,0.14610220669976903,0.1525827355665897,0.159954,0.18202200000000002,0.22700599999999999,0.233202,0.222426,0.21095200000000003,0.1993,0.187876,0.17649,0.16544999999999999,0.15523475155812372,0.1461402546743711,0.13547075155812371,0.12625852770585133,0.11821558311755397,0.10968
22-01-2026 09:30,25400.35,0.1313,0.125264,0.11917317443198557,0.11573952329595669,0.11537317443198557,0.11730731118125626,0.12197993354376878,0.1255915944692717,0.1324748498640464,0.13710628328801547,0.1446938560974137,0.1550875682922411,0.1605778560974137,0.192314,0.270756,0.28910199999999997,0.278336,0.267752,0.256544,0.244438,0.23129,0.2145709876909731,0.1944509630729194,0.1816387593181894,0.16167276873831812,0.1504961331972245,0.14505522120503667,0.1379488367418361
22-01-2026 09:35,25415.7,0.12572,0.119888,0.11537,0.11292,0.11294,0.115836,0.120596,0.12688,0.13401000000000002,0.14125,0.148724,0.15656399999999998,0.16405799999999998,0.19632599999999997,0.27552,0.295902,0.2875949830988173,0.280368949296452,0.2699609830988174,0.258544,0.247078,0.23437000000000002,0.220676,0.20670200000000002,0.19258399999999998,0.178266,0.16476400000000002,0.1509
22-01-2026 09:40,25405.7,0.12722,0.12237,0.11829599999999998,0.11577,0.115218,0.11713000000000001,0.120786,0.12690587111367163,0.13565761334101484,0.1412898062343804,0.15006180536212635,0.15483193512070878,0.16077999999999998,0.19296,0.27104399999999995,0.28874,0.27788161359476704,0.26799484078430125,0.2561256135947671,0.24348599999999998,0.22968183702594605,0.21504751107783818,0.20375383702594607,0.19140600000000002,0.17852200000000001,0.165974,0.154012,0.14212
22-01-2026 09:45,25400.1,0.15452,0.14344200000000001,0.13419,0.127996,0.12472599999999999,0.124234,0.12632600000000002,0.130198,0.135368,0.141188,0.14805800000000002,0.15554,0.16305999999999998,0.19286399999999998,0.2626443550740605,0.2751890652221815,0.2666023550740605,0.25665228107779336,0.2439288432333801,0.23357628107779338,0.222202,0.20958,0.197206,0.184598,0.171912,0.15930000000000002,0.146886,0.13419
22-01-2026 09:50,25430.85,0.10962,0.10800799999999999,0.106516,0.1083847297916101,0.1138961893748303,0.11495792557803935,0.12404958847975733,0.12798519914783793,0.12786000112046955,0.132516,0.14150277960907914,0.15231033882723743,0.16947877020481128,0.22433997178719642,0.2690069464518607,0.2678888675683857,0.2589630223594307,0.2466161995099063,0.24071006650330212,0.231912,0.22035,0.208504,0.197126,0.185808,0.17171796850368776,0.15249045140621253,0.1434096061891353,0.14369
22-01-2026 09:55,25385.65,0.112810794537409,0.1251841589074818,0.12181153318152946,0.11354659954458839,0.11689753318152947,0.11961200000000001,0.122028,0.126104,0.13142399999999999,0.137072,0.144038,0.1515,0.15888800000000003,0.184816,0.24352600000000002,0.25441,0.243402,0.233224,0.22249,0.21116,0.19957799999999998,0.187882,0.17481863908646325,0.1601502200367161,0.14992721282567462,0.14173929899902268,0.13417966540723208,0.12521
22-01-2026 10:00,25404.05,0.10776,0.10926633801572826,0.11458701404718477,0.1081075530263851,0.10692564503197052,0.10761921501065684,0.11044999999999999,0.115234,0.12328547887259039,0.1341544366177712,0.13732747887259042,0.142848,0.16103454188652908,0.20910962565958718,0.24897854188652904,0.249818,0.23916,0.22786288638981245,0.21473665916943732,0.20688688638981245,0.196814,0.185236,0.17395693000968399,0.163674790029052,0.154142930009684,0.145096,0.1372514271956821,0.1300571359784105
22-01-2026 10:05,25387.2,0.11719,0.11559597438308947,0.11733392314926844,0.11097997438308949,0.10961344571389872,0.11370816180465816,0.11619891970278473,0.118299824662962,0.12515132169777918,0.13551196509333754,0.13928932169777916,0.1457987192453502,0.1549421577360506,0.1799807192453502,0.239554,0.250774,0.239992,0.22970000000000002,0.218964,0.20831999999999998,0.19648214445543033,0.18345643336629094,0.17310614445543032,0.16222557255769274,0.15093871767307823,0.1419813617697915,0.1319673676362963,0.12669
22-01-2026 10:10,25366.75,0.13658,0.12801610068337682,0.12014685998260524,0.11386847926443888,0.11499215975481296,0.11713000000000001,0.11956800000000001,0.123736,0.129174,0.13617985705067465,0.14544712272801943,0.15146251177866105,0.15724155157599545,0.18106624477003194,0.23532673431009582,0.24618424477003192,0.235534,0.2237382536355076,0.21013232769569132,0.2013629540030131,0.1923521542059285,0.1814437622502799,0.16982858741675996,0.15895549728435343,0.14916449185306033,0.13876949728435345,0.12923600000000002,0.12057
22-01-2026 10:15,25384.2,0.09766,0.11273368312038498,0.10440163109553222,0.09992290127077645,0.10206399999999999,0.105422,0.11009000000000001,0.115914,0.122866,0.130116,0.138188,0.145898,0.15354,0.179304,0.2355319208922439,0.24294576267673165,0.2360299208922439,0.22848000000000002,0.21896400000000002,0.2065153937400973,0.19166218122029188,0.1850033937400973,0.176098,0.16579000000000002,0.156564,0.1464339804745936,0.13594994142378083,0.13255
22-01-2026 10:20,25330.55,0.13469,0.12415074662533698,0.1086239157215127,0.10450267647186076,0.10763238277555726,0.1156989023100185,0.12079285674579501,0.12497857023738505,0.131008856745795,0.137286,0.144542,0.15198,0.15965,0.18182,0.22885,0.23554678362516643,0.22449635087549924,0.2151087836251664,0.205146,0.194378,0.183756,0.17299,0.16208400000000003,0.151666,0.142102,0.13551922158737714,0.13492892411037247,0.1326762967412052
22-01-2026 10:25,25335.0,0.09628,0.09744400000000002,0.098868,0.10063800000000002,0.103398,0.107024,0.11361028831376797,0.12304286494130394,0.12715228831376799,0.133176,0.1430656185477901,0.15443285564337028,0.1589456185477901,0.178742,0.22093612244778918,0.2226126441066165,0.21504895273753602,0.2071089061665367,0.19495388820986329,0.18768262940328775,0.179252,0.16987000000000002,0.16065,0.151922,0.144544,0.13841400000000004,0.13276428517515432,0.1265114258757715
22-01-2026 10:30,25273.25,0.13945,0.13203399999999998,0.12618400000000002,0.122636,0.121682,0.12121725559859572,0.12099976679578722,0.12889525559859574,0.1366666425542134,0.14316192766264016,0.15143264255421338,0.159644,0.167962,0.18693400000000002,0.222358,0.22618000000000002,0.21569,0.204276,0.19283547752156596,0.18136843256469792,0.17229147752156598,0.16261399999999998,0.15221200000000001,0.142348,0.133438,0.12487999999999999,0.116948,0.10937
22-01-2026 10:35,25312.45,0.1258072749273774,0.11993677136860163,0.11379650798816329,0.10707352594767046,0.107438,0.11109271148019573,0.11559613444058715,0.1225587114801957,0.13023200000000001,0.137888,0.146144,0.15439799999999998,0.16251400000000002,0.18310400000000002,0.223422,0.228374,0.21788399999999997,0.207206,0.196552,0.186654,0.176748,0.16744000000000003,0.158334,0.149718,0.142268,0.13558,0.12885405300197217,0.1199202650098609
22-01-2026 10:40,25290.35,0.12122,0.117198,0.114672,0.113928,0.11471200000000001,0.11848481162169786,0.12560831836841954,0.13025177581235833,0.13521182454537378,0.1414033136806826,0.149268,0.157312,0.165456,0.184904,0.22184800000000002,0.22592,0.215422,0.204112,0.19240374746296923,0.1807732423889077,0.17210174746296925,0.16295307168114623,0.15285721504343872,0.14458707168114626,0.137098,0.13137928354482312,0.12771585063446936,0.11738
22-01-2026 10:45,25288.95,0.1135,0.11287088020387073,0.1144722114310933,0.11548759266231402,0.11491330542392497,0.11860720381333165,0.12195078478875845,0.12725115055294373,0.13411105018431457,0.14139799999999997,0.149584,0.16514647937207397,0.19444066759874482,0.21204816781964256,0.22779486948658478,0.22374492001218568,0.21540964000406188,0.20530199999999998,0.194614,0.18464799999999998,0.17476199999999997,0.165272,0.15606199999999998,0.147204,0.139602,0.1343685698815715,0.13157170964471449,0.12065
22-01-2026 10:50,25270.45,0.11997,0.11143668843524646,0.11305356281174883,0.114644,0.11626964221854752,0.11950092665564255,0.12517291733218774,0.13327395402274783,0.1392096611591218,0.1448261286818272,0.1530737403582779,0.1622312210748337,0.1692977403582779,0.18767799999999998,0.22179709615567816,0.22380128846703445,0.21458109615567816,0.204484,0.193892,0.18162028077541148,0.1661251829549363,0.15777044640715204,0.15118177186560638,0.14523514374563484,0.1379902223830093,0.13219148842656198,0.1295406862156116,0.11856
22-01-2026 10:55,25267.3,0.0946,0.09789,0.100884,0.10458,0.108964,0.11426,0.12160433336197723,0.13071900008593165,0.13631833336197724,0.14343,0.152026,0.160582,0.169228,0.188946,0.225148,0.22767707041948357,0.21474121125845075,0.20628058101265423,0.1950045317795119,0.18869951059317064,0.18107600000000001,0.1707043881368791,0.15921316441063735,0.1546963881368791,0.149588,0.143818,0.139818,0.13687
22-01-2026 11:00,25234.85,0.1185,0.116958,0.115966,0.11681,0.119334,0.123064,0.12807200000000002,0.13424799999999998,0.14124,0.14828000000000002,0.15689462765213708,0.16635788295641124,0.17282062765213707,0.18977,0.220936,0.223306,0.21318800000000002,0.202994,0.19290800000000002,0.18274820454105403,0.17201861362316212,0.16428820454105406,0.156136,0.14873911751938895,0.14261535255816687,0.13470311751938896,0.128616,0.12323
22-01-2026 11:05,25223.35,0.12387,0.121312,0.12077403314726624,0.12290542671897255,0.12462001497878775,0.12643732727717383,0.13121826775740786,0.1382628032722235,0.1439402677574078,0.15106082584730968,0.16008847754192898,0.16668282584730967,0.173964,0.190728,0.219828,0.221738,0.21160199999999998,0.20115,0.19093,0.181652,0.17156825987253066,0.16090677961759206,0.1537262598725307,0.14664257817530263,0.14014573452590792,0.13259657817530265,0.12614,0.12123
22-01-2026 11:10,25234.6,0.11783,0.11627693163928336,0.11569879491785008,0.11703493163928336,0.119806,0.12458832027032923,0.1314229608109877,0.1356103202703292,0.14290949058924984,0.15255247176774955,0.15763349058924986,0.1642,0.172106,0.1885411253988654,0.21771137619659614,0.2224011253988654,0.213482,0.20315,0.19164245149322026,0.17966935447966076,0.17371645149322024,0.16491929136567973,0.15241126687225914,0.1458714696913394,0.14265339277521988,0.13788622652148086,0.13492780629178253,0.1332356336367
22-01-2026 11:15,25230.3,0.11734,0.116374,0.11622400000000001,0.11719729482566635,0.11953188447699901,0.1249900624218718,0.13225230278861638,0.13632276759620546,0.14480666693534056,0.1574800054743285,0.16285268094026084,0.1725873500121915,0.19650591689960406,0.21131698794773432,0.2245215648248953,0.2198810518708363,0.21166768395694543,0.202158,0.1904064303694584,0.17755729110837518,0.1717244303694584,0.164614,0.156312,0.14877800000000002,0.142036,0.136066,0.131528,0.1269
22-01-2026 11:20,25224.65,0.137,0.13139,0.127966,0.12547722784329698,0.12340968352989089,0.12861322784329696,0.13431683342099734,0.14018250026299203,0.14554683342099733,0.151668,0.158812,0.166352,0.174042,0.190392,0.21745879485129918,0.2168363845538976,0.2078607948512992,0.197828,0.18719800000000003,0.17736,0.16777599999999998,0.15837,0.14899388189828194,0.140378438634407,0.13426226071696548,0.12658679293956118,0.11968,0.11326
22-01-2026 11:25,25274.25,0.11029,0.109852,0.11064199999999999,0.11248,0.11524200000000001,0.1212161574336173,0.13193375408190586,0.13660400277677917,0.13846728178105394,0.143966,0.15166200000000002,0.159648,0.17137473775059114,0.19384676882297955,0.21216966278421276,0.2129000027783825,0.20814027506150248,0.20416167224716641,0.195692,0.18604600000000002,0.17414213306520965,0.15785579519499043,0.1508323210632942,0.14933939599936152,0.14436200000000002,0.138482,0.13383399999999998,0.13062
22-01-2026 11:30,25237.65,0.12721,0.124088,0.122342,0.12227800000000001,0.123822,0.12714630756709402,0.13215292270128212,0.13686263350619804,0.143066977817312,0.150092325939104,0.157736,0.165574,0.173738,0.190406,0.21963600000000003,0.22112600000000002,0.210642,0.200176,0.18955414424574404,0.17863643273723212,0.16964814424574404,0.16086599999999998,0.152076,0.144078,0.137132,0.13082800000000003,0.12533200000000003,0.12044
22-01-2026 11:35,25252.75,0.11588,0.11500800000000001,0.11560097403376621,0.1179789221012986,0.11931697403376619,0.12236599999999999,0.1281086597859305,0.1356759793577915,0.14105065978593048,0.147762,0.155748,0.164014,0.17232400000000003,0.19017399999999998,0.22196400000000002,0.223862,0.213338,0.20091299897617182,0.1870429969285154,0.1809029989761718,0.173284,0.164186,0.155576,0.147986,0.141378,0.13551200000000002,0.13076000000000002,0.12644
22-01-2026 11:40,25230.6,0.1155233045000346,0.11221466090000692,0.112894,0.115578,0.119134,0.123618,0.128974,0.13537,0.14279999999999998,0.150562,0.15960973193317715,0.16948319579953133,0.1763597319331771,0.192412,0.221734,0.22311199999999998,0.21282799999999996,0.20076514481479252,0.18689743444437762,0.18111514481479254,0.173894,0.16526400000000002,0.15622335794485082,0.1470460738345525,0.14338135794485085,0.13959,0.135744,0.13284
22-01-2026 11:45,25200.8,0.13034,0.127468,0.126124,0.12645399999999998,0.128242,0.131352,0.135488,0.141026,0.14778600000000003,0.154816,0.16279800000000003,0.170794,0.18276311606500595,0.20554134819501782,0.22157415854878357,0.21635112745133292,0.20709904248377764,0.197056,0.18657999999999997,0.17660245030274957,0.1665293509082487,0.15818045030274955,0.14989199999999997,0.14212199999999997,0.135256,0.1296796599080533,0.12586497972415983,0.119
22-01-2026 11:50,25218.4,0.1202075941937732,0.11848551883875465,0.118556,0.12025999999999999,0.12414988955783592,0.13006166867350777,0.13291188955783592,0.138042,0.145162,0.15433184373967,0.16695457914733908,0.17347898752465746,0.17764504792832916,0.192698,0.220528,0.221732,0.211394,0.201278,0.19124599999999997,0.181666,0.17136381630170575,0.16025344890511722,0.15430181630170575,0.14721614901383084,0.13904444704149257,0.13520014901383087,0.13161,0.12799
22-01-2026 11:55,25201.6,0.12001,0.11954199999999998,0.12003399999999999,0.121888,0.124974,0.12909600000000002,0.134374,0.14071199999999998,0.148062,0.15540400000000001,0.16347399999999998,0.171684,0.179854,0.19517400000000001,0.219762,0.21869937887008142,0.20654413661024426,0.1985033788700814,0.189578,0.180176,0.171056,0.16265200000000002,0.15472,0.147754,0.141726,0.13531230449705609,0.12892691349116825,0.12873
22-01-2026 12:00,25184.35,0.13758,0.132956,0.130484,0.13063095514953937,0.13196385285304696,0.13385191736282576,0.1387729874044288,0.14494600000000002,0.15258482813600882,0.1610424844080265,0.16787882813600882,0.17584169558879525,0.18518108676638573,0.1973854190217577,0.21610917029888743,0.2163717234329625,0.20645800000000003,0.196014,0.18515535718149106,0.17396807154447316,0.16561135718149106,0.15712199999999998,0.148368,0.140238,0.132772,0.126026,0.12056800000000001,0.11536
22-01-2026 12:05,25218.75,0.13087,0.12718,0.12529800000000002,0.12576692211644863,0.12863157598385727,0.1308913510199828,0.13444080963451138,0.14089528818661431,0.149721864559843,0.15516528818661432,0.1631156631564342,0.17293298946930255,0.17906566315643416,0.19388,0.219674,0.219848,0.209308,0.198998,0.18789155192827697,0.17629665578483095,0.16866755192827698,0.16050400000000004,0.151582,0.14345,0.13615,0.12947,0.123602,0.11846
22-01-2026 12:10,25226.35,0.12834,0.124912,0.12393301214594213,0.12534303643782638,0.1262750121459421,0.12974363218727214,0.13552289656181649,0.13962963218727217,0.1461061837634908,0.1543545512904724,0.1612801837634908,0.168584,0.1767,0.192728,0.219088,0.2186546148925127,0.2070378446775381,0.1975706148925127,0.187688,0.177806,0.16815864419732374,0.15877793259197123,0.15027664419732373,0.14241399999999999,0.135214,0.128662,0.123014,0.11839
22-01-2026 12:15,25221.55,0.13087,0.127116,0.125168,0.124996,0.126394,0.12926,0.133614,0.139318,0.14612781002740075,0.1535094300822023,0.16136981002740075,0.17285004885728206,0.19131089917342775,0.2055087544757203,0.21988809604266155,0.2174854753533528,0.2071270826189785,0.1967830275396595,0.18648199999999998,0.17648799999999998,0.1671939506667077,0.1586538520001231,0.1490359506667077,0.140458,0.133182,0.12645,0.120534,0.11566
22-01-2026 12:20,25272.95,0.10777,0.109088,0.11041799999999999,0.112686,0.11588999999999999,0.11993000000000001,0.12728431877336918,0.13950022628695574,0.14502412867391384,0.1475372699668482,0.15418600000000002,0.162272,0.17710354803981168,0.20834864411943502,0.22963954803981168,0.225982,0.215492,0.20499599999999998,0.194522,0.185004,0.17579,0.167064,0.15860800000000003,0.14888437019279777,0.13623832152042314,0.13219000301888736,0.13326921094202987,0.13125
22-01-2026 12:25,25240.05,0.13081,0.12270967982620992,0.12249522660873664,0.12347000000000001,0.12453800000000001,0.127342,0.131366,0.136792,0.14336400000000002,0.150738,0.158778,0.16687600000000002,0.17527,0.19173400000000002,0.21910509111351356,0.21865927334054067,0.20926309111351357,0.19905406725367358,0.1885042017610207,0.17857206725367356,0.16875400000000002,0.159366,0.14963912842832228,0.13891091574648068,0.13114371981286396,0.12724753046151388,0.122084,0.11719
22-01-2026 12:30,25251.1,0.13184,0.126444,0.123212,0.12225599999999999,0.12459162744687899,0.13135151550423696,0.13494642153996894,0.13716131697047013,0.14157289460229006,0.148452,0.156412,0.16541443669907652,0.17569931009722956,0.19059043669907655,0.21936200000000003,0.22083600000000003,0.209984,0.19926464863267554,0.18833194589802663,0.17650045422094485,0.1613388533534337,0.1549621153541466,0.15001343658862576,0.14251,0.134968,0.12796600000000002,0.12238322013680644,0.1197661006840322
22-01-2026 12:35,25259.05,0.11375,0.11305200000000001,0.11319600000000002,0.114468,0.11687399999999999,0.12048199999999999,0.12532,0.13139,0.13968748856424948,0.1496784656927485,0.156800063594969,0.16602172509215848,0.1729685750307195,0.18850773247642835,0.21701319742928504,0.22163173247642837,0.21244000000000002,0.201982,0.191474,0.18000055597170167,0.167263667915105,0.16134655597170167,0.154418,0.14680200000000002,0.140204,0.13425600000000001,0.129212,0.12525
22-01-2026 12:40,25236.55,0.12143,0.11918400000000001,0.118202,0.11884,0.120948,0.12448000000000001,0.129106,0.135038,0.142082,0.15032831103275765,0.15952093309827298,0.16653831103275768,0.17469800000000002,0.191334,0.219094,0.21961599999999998,0.2079651659487044,0.19579549784611314,0.1869191659487044,0.177812,0.168134,0.158888,0.1503,0.14256,0.135734,0.129514,0.124196,0.11937
22-01-2026 12:45,25253.05,0.1140426801122754,0.11367653602245507,0.11349199999999998,0.114398,0.11801396091300337,0.12474324348860742,0.1287000431617954,0.1366440378475844,0.15544427163544783,0.16464564575043011,0.1694485981704228,0.1740918124413489,0.17764177488019947,0.19080671997840404,0.22038599999999997,0.221904,0.21092,0.19983800000000002,0.189132,0.179312,0.16960400000000003,0.160312,0.15084701888645868,0.14128305665937604,0.13469317989167295,0.12749248301564284,0.12395816100521428,0.12011
22-01-2026 12:50,25254.0,0.10616,0.10652600000000001,0.10784800000000001,0.11050200000000002,0.11376800000000001,0.11831199999999999,0.12513404484229734,0.13393613452689201,0.13954804484229735,0.14867106040921668,0.16307158232796776,0.1701882637101697,0.17411440110031765,0.19043400000000002,0.22007800000000002,0.22126400000000002,0.210442,0.19750595256972037,0.18150194976214346,0.17366822872866736,0.16851209205298232,0.160682,0.15240599999999999,0.144936,0.13729528328839538,0.12973784986518613,0.12719728328839536,0.12496
22-01-2026 12:55,25215.15,0.11693,0.11586400000000001,0.116014,0.11781,0.12081599999999999,0.124982,0.130294,0.13684,0.14515192506980357,0.15419377520941074,0.1616639250698036,0.17052525520757716,0.18064776562273147,0.19458325520757716,0.216882,0.215964,0.20497600000000002,0.194186,0.18360600000000002,0.1735955116229015,0.1633405348687045,0.1552375116229015,0.147674,0.140488,0.13425399999999998,0.128816,0.12462283499360462,0.1225141749680231
22-01-2026 13:00,25215.7,0.12028,0.11844999999999999,0.117836,0.11892,0.12209857991478665,0.12714973974435997,0.13106057991478665,0.13700400000000001,0.144682,0.152728,0.161382,0.170214,0.17921000000000004,0.194498,0.216732,0.21415550554896567,0.20067851664689698,0.19221150554896566,0.18276399999999998,0.17245694606750622,0.16199083820251867,0.15341694606750622,0.14552,0.138056,0.13121172562669647,0.12471117688008944,0.12020972562669648,0.11621
22-01-2026 13:05,25210.35,0.11631,0.11752492922223906,0.11594392577420454,0.11717460601254683,0.12091950568090853,0.12610251704272563,0.13084150568090855,0.13722600000000001,0.145146,0.153362,0.16209400000000002,0.170814,0.18002,0.1945029114606186,0.21435873438185588,0.2146829114606186,0.2037055298977988,0.19081658969339638,0.1819755298977988,0.1725011574783578,0.1618174724350734,0.1537431574783578,0.146196,0.138898,0.132894,0.1271812085840087,0.12229762575202605,0.11964
22-01-2026 13:10,25206.6,0.11138,0.11563379582669583,0.11481842380982114,0.11758347560276759,0.11922515853425586,0.123056,0.12911,0.1374209467473475,0.1476548402420425,0.1541229467473475,0.162394,0.171622,0.18459421510150184,0.2072606453045055,0.22174221510150185,0.21656600000000004,0.20586000000000002,0.19364875551375482,0.18034426654126448,0.17273275551375483,0.16437000000000002,0.15542199999999998,0.147326,0.140044,0.133656,0.128074,0.123688,0.12059
22-01-2026 13:15,25186.75,0.1123037529028487,0.12127075058056976,0.122168,0.1222288288363174,0.1240164865089522,0.1274608288363174,0.132554,0.139152,0.146946,0.155002,0.16361599999999998,0.17250400000000002,0.1817,0.19556800000000002,0.21507199999999999,0.21329800000000002,0.20255599999999999,0.1905201582680322,0.1777444748040966,0.1696361582680322,0.160644,0.15005797352854036,0.13896895037837817,0.13365706290681167,0.1272450297927571,0.12045,0.11442,0.10863
22-01-2026 13:20,25195.0,0.1068096177877955,0.1154059235575591,0.11742443933285732,0.11858331799857197,0.12102443933285732,0.12486200000000001,0.13044,0.137304,0.14646168430613185,0.15734305291839557,0.16370568430613186,0.171338,0.180494,0.195276,0.21512827410329158,0.2114228223098748,0.2027702741032916,0.192922,0.18193600000000004,0.171692,0.162112,0.153176,0.1449251202031644,0.13759136060949315,0.12873269015343106,0.11879070985080004,0.11745956995026668,0.11484
22-01-2026 13:25,25194.95,0.11545,0.114364,0.114624,0.11653200000000001,0.11964,0.12434488436540994,0.13099065309622981,0.13758288436540994,0.14691179290190184,0.15819337870570552,0.16579514347487717,0.175768051718926,0.18280535057297534,0.196242,0.216866,0.215428,0.20492400000000002,0.194296,0.183794,0.17389400000000002,0.16446999999999998,0.15587,0.147756,0.140398,0.13167091960301358,0.12105275880904075,0.12290330369981707,0.1244219204840174
22-01-2026 13:30,25171.75,0.1432,0.13655,0.131814,0.130054,0.13053800000000002,0.13268530346403115,0.13679124717584284,0.14236131381527942,0.14973333678374942,0.157468,0.16592800000000002,0.17475799999999997,0.184006,0.19648615367814606,0.21173446103443821,0.20848172091104195,0.19477375862342444,0.18622273800710648,0.1777330569247369,0.167928,0.157858,0.1480576408423635,0.1388769225270905,0.12988164084236348,0.12170199999999999,0.113936,0.11008661816381432,0.1172130908190716
22-01-2026 13:35,25225.85,0.10471,0.11732835364472172,0.11359052679444108,0.11663322673860152,0.1181215608673372,0.12465545586341008,0.12722448528780336,0.13552829794237875,0.15091344782101002,0.15687395992399997,0.15997455399387375,0.16882232305875014,0.1808749691762504,0.19109309116389267,0.20798348688182058,0.2093443158043216,0.20433718256639302,0.19578199999999998,0.18557400000000002,0.17390832227993905,0.1602929668398171,0.15431647512219798,0.1433908279020436,0.13603726096805943,0.13530036937526685,0.131948,0.127998,0.12513
22-01-2026 13:40,25195.9,0.12374,0.12324944415840541,0.11749109795155205,0.11869040615749318,0.12139377483638553,0.12607192494546185,0.13179000000000002,0.13964803391703218,0.14969610175109654,0.15543803391703218,0.16304638303068425,0.17169314909205277,0.18057438303068427,0.19472,0.214706,0.21203975698221394,0.19906327094664183,0.1878490539700589,0.1716969655764647,0.1621351756108989,0.15464103896572362,0.15027065478426463,0.143182,0.135262,0.12840874008817324,0.12218422026451965,0.1169986427205305,0.1155095131617864
22-01-2026 13:45,25188.3,0.1306006386180778,0.12600212772361555,0.123616,0.12354000000000001,0.125332,0.12934885890813708,0.13587657672441117,0.14082085890813706,0.1485602016608696,0.15801260498260883,0.16468932658229493,0.17215337476427597,0.18123712492142532,0.195212,0.21371400000000002,0.211302,0.200244,0.18961,0.17893799999999999,0.16785215989645785,0.1555344796893736,0.14841615989645787,0.14054,0.13231800000000002,0.124844,0.117698,0.11129399999999999,0.10524
22-01-2026 13:50,25206.65,0.1269083411069402,0.12600766822138804,0.124338,0.123626,0.12470600000000001,0.12766,0.132384,0.13851800000000003,0.145766,0.153692,0.16250705435145368,0.1714371630543611,0.1796730543514537,0.1931387939811128,0.2122023819433384,0.21286479398111283,0.20292200000000002,0.191816,0.180982,0.170956,0.160826,0.150784,0.141076,0.131934,0.12403800000000001,0.116676,0.109806,0.10354
22-01-2026 13:55,25236.1,0.11656,0.11480341807287739,0.1163400658502689,0.1174168529677875,0.1174498116316367,0.12066600000000001,0.1278953130212017,0.13941913416488044,0.14565489832502787,0.1501371951012754,0.15804800000000002,0.16800613912204646,0.17958641736613945,0.19363413912204647,0.21744,0.217056,0.205924,0.194904,0.18404800000000002,0.17396599999999998,0.16186343113465596,0.14667704645663132,0.1392316902926462,0.13402616723873537,0.12587224255821583,0.12116341418607195,0.11661000000000002,0.11189
22-01-2026 14:00,25232.35,0.11278,0.11045166781735774,0.11158368951216364,0.11549138840334328,0.11691776329234119,0.11946998768421004,0.12478399999999999,0.13211,0.140596,0.149062,0.158152,0.167262,0.1781848158230324,0.19550642512928565,0.21083158990411976,0.21034250096175458,0.20307684110052204,0.1925,0.18078912011862974,0.16933536035588928,0.16031112011862975,0.15117,0.142402,0.134548,0.12790200000000002,0.1216400976316977,0.1159882928950931,0.11263
22-01-2026 14:05,25228.35,0.1048577033607032,0.10664354067214064,0.107638,0.10991999999999999,0.113496,0.118284,0.124418,0.13209800000000002,0.14068999999999998,0.15012798764289292,0.16109996292867873,0.16950044278465,0.1800673654252713,0.19277690963200292,0.21230136347073747,0.21191335912507125,0.19960471390447634,0.18832346244642428,0.17356202759527914,0.16671762029304665,0.1600663541604826,0.151178,0.14249,0.134884,0.12835000000000002,0.122726,0.11835200000000001,0.1145
22-01-2026 14:10,25212.7,0.10325,0.10412999999999999,0.106098,0.10907599999999999,0.1131,0.118354,0.126289419772782,0.136652259318346,0.143263419772782,0.15084999999999998,0.16023199999999999,0.169728,0.179156,0.193826,0.21300057992211155,0.2090717397663346,0.20082657992211156,0.19003259017580082,0.17723577052740247,0.1703185901758008,0.16208,0.153124,0.145164,0.138174,0.13252,0.127594,0.12363359506233475,0.1198479753116738
22-01-2026 14:15,25178.75,0.12182,0.11892599999999999,0.117738,0.118574,0.12102399999999999,0.12501400000000001,0.130944,0.138318,0.146712,0.155376,0.1647,0.173914,0.18483419089799452,0.2001231362560134,0.21126388158408405,0.20858256356202984,0.1983,0.187004,0.176262,0.166184,0.15625,0.14643562520855805,0.1368568756256741,0.12978962520855805,0.1237,0.11917071499214635,0.11818686288223298,0.1158535895289699
22-01-2026 14:20,25194.65,0.11846,0.11623508807088614,0.11693926421265843,0.11647508807088613,0.12115210551009158,0.13295442507180047,0.13888205753100913,0.1421129877305467,0.148623804509854,0.16132956139174817,0.1686092592671351,0.17345302705120713,0.181664,0.1912496139999185,0.19558330621078718,0.1922358736345597,0.1863060544891545,0.18058783482200005,0.17443898927348467,0.1642692705050533,0.15162781151515992,0.1444092705050533,0.13678600000000002,0.12891,0.12128720623891126,0.11306561871673379,0.10991520623891127,0.10634
22-01-2026 14:25,25206.4,0.13345,0.126438,0.12215,0.12063199999999999,0.12171799999999999,0.12461399999999999,0.129816,0.136636,0.14457,0.152704,0.161492,0.170162,0.18232466853439905,0.20315000560319704,0.216078668534399,0.21062599999999998,0.19908599999999999,0.18542880610854512,0.1686734542166929,0.15992991378171761,0.1528910358910575,0.14174296321853766,0.12841044021703807,0.12156761490281273,0.11611955056142502,0.10920200000000001,0.102268,0.09526
22-01-2026 14:30,25236.6,0.14193,0.132808,0.12636999999999998,0.1234701296096422,0.12401082255810705,0.12500143079718354,0.12846413337103713,0.13558109892557005,0.1412796996418567,0.148046,0.15634,0.164552,0.1761614850674782,0.19749750377203326,0.2142226307762744,0.21285504856959875,0.20261999999999997,0.19103799999999999,0.1783662429689884,0.16540672890696526,0.15668424296898845,0.14692,0.136798,0.12725799999999998,0.118744,0.110632,0.10270000000000001,0.09509
22-01-2026 14:35,25267.55,0.13245,0.12498,0.11964390916721797,0.11705572750165394,0.11694390916721797,0.118916,0.12296,0.128948,0.136136,0.143698,0.15194,0.160026,0.16829400000000003,0.18553199999999997,0.215684,0.21626228388913782,0.20265285166741348,0.19312828388913783,0.182806,0.172328,0.16169,0.151134,0.141322,0.13133890348520227,0.12169671045560684,0.1151009034852023,0.108478,0.10158
22-01-2026 14:40,25289.0,0.1235525693105531,0.11650275897564293,0.11258873534059691,0.1108202451135323,0.11114399999999999,0.1139,0.118748,0.125224,0.1335598681778986,0.14283760453369587,0.14906986817789863,0.15584599999999998,0.16886572289942428,0.19561968086521314,0.21734925940024502,0.21828051216694028,0.20880200000000002,0.19681200000000001,0.18562,0.175168,0.16450399999999998,0.154178,0.144578,0.135596,0.127624,0.12054799999999999,0.113858,0.10707
22-01-2026 14:45,25289.65,0.1265,0.119572,0.11473399999999999,0.1121,0.11218399999999999,0.11441599999999999,0.11823799999999998,0.12385399999999999,0.1320183125358475,0.14107693760754259,0.14759431253584754,0.154874,0.163342,0.181678,0.21385200000000001,0.21553561005125174,0.2029568301537553,0.19267361005125175,0.181618,0.170932,0.159856,0.149338,0.13977,0.13087,0.123038,0.11591599999999999,0.10914599999999999,0.10263
22-01-2026 14:50,25294.65,0.11257,0.11040137074698368,0.1118754688232377,0.11182462655927017,0.11061291477856601,0.11051318606542643,0.11430799999999999,0.12054,0.128278,0.1371564021062693,0.14744520631880792,0.15428240210626928,0.162196,0.180934,0.214086,0.216856,0.206294,0.19415799999999997,0.182376,0.1690683690887838,0.152334670997989,0.14404906028369682,0.13956556373163767,0.132314,0.1248,0.11814799999999999,0.11223799999999999,0.1065
22-01-2026 14:55,25290.85,0.12505,0.11872200000000001,0.114012,0.11129800000000001,0.110836,0.11221400000000001,0.11531400000000001,0.12077200000000002,0.12892700100256824,0.13820300300770466,0.1447930010025682,0.152432,0.16663765484376428,0.19571496453129292,0.21680365484376432,0.21347000000000002,0.20261,0.190766,0.17808246522734447,0.16517939568203344,0.15651046522734446,0.147202,0.13783800000000002,0.129248,0.121964,0.11545859365976423,0.10954378097929265,0.10323
22-01-2026 15:00,25269.5,0.11006,0.10691799999999999,0.10470399999999999,0.10505701688560291,0.10793505065680875,0.10956901688560292,0.11332,0.11977399999999999,0.127928,0.136254,0.145182,0.15487296931270628,0.16531290793811879,0.18115096931270624,0.211254,0.213342,0.202066,0.18993200000000002,0.17701098394233683,0.16360095182701054,0.15566298394233682,0.14573356535994936,0.13426669607984815,0.1287815653599494,0.12204299720446722,0.11354299161340167,0.11083499720446723,0.10714
22-01-2026 15:05,25256.3,0.13972,0.11772171212132346,0.11294151555310127,0.11567623102432771,0.11452288012124048,0.11611162670708017,0.119092,0.12394999999999999,0.13084600000000002,0.13799,0.145892,0.15353,0.16149,0.179632,0.210314,0.21211999999999998,0.201444,0.18905399999999997,0.176708,0.1653,0.153712,0.1428,0.133284,0.12448999999999999,0.11678799999999999,0.109486,0.10240199999999999,0.09535
22-01-2026 15:10,25297.3,0.12411,0.11754400000000001,0.11214800000000001,0.10902367317501731,0.1085070195250519,0.1089196731750173,0.111648,0.116986,0.12536896784020363,0.13500490352061087,0.1405909678402036,0.147522,0.1557,0.17412808436524868,0.20721425309574598,0.212276830976515,0.19941423983379902,0.1892823832066925,0.17648890978627843,0.16834363659542612,0.158612,0.147868,0.138376,0.12974599999999997,0.122254,0.11538200000000001,0.1087503495733399,0.1008917478666994
22-01-2026 15:15,25297.45,0.13466,0.12454077464238895,0.11589832392716688,0.11178477464238895,0.110182,0.11125156927050639,0.1159478174066507,0.1194388980559009,0.1243871095951315,0.13254050944423884,0.1443617150268242,0.15123106952656196,0.1572181866941077,0.17455072790042087,0.2062141837012626,0.2117627279004209,0.20169399999999998,0.18853993508668648,0.17488380526005948,0.16559793508668647,0.155298,0.14377091945567688,0.13296675836703062,0.12429691945567688,0.11663799999999999,0.10916000000000001,0.102146,0.09474
22-01-2026 15:20,25308.25,0.1263868137075655,0.1248693627415131,0.118954,0.113552,0.11073400000000001,0.11002600000000001,0.111768,0.11599,0.122524,0.129436,0.137818,0.14824371775130746,0.1607451532539223,0.17715371775130742,0.211806,0.21544,0.204472,0.192032,0.179972,0.16874,0.157336,0.14618599999999998,0.135936,0.12456104177657804,0.11264312532973411,0.10840504177657803,0.102946,0.09568
22-01-2026 15:25,25314.1,0.1113696619097899,0.11343269500202496,0.11311492087335566,0.11040789671972076,0.10886969015916227,0.10859189671972075,0.11235814420097939,0.12222224651105006,0.12765558592531498,0.13021581390811185,0.137314,0.14953106215491474,0.16382118646474422,0.17863144377959508,0.211533144874041,0.21429638162468032,0.20293,0.19100799999999998,0.17819739111370084,0.16516017334110247,0.15495339111370082,0.144018,0.13389205279713698,0.12566615839141093,0.11619605279713699,0.108718,0.10497641558468762,0.1083120779234381
23-01-2026 09:15,25292.15,0.11931,0.116774,0.11492054955560319,0.11355964866680959,0.11417054955560321,0.116028,0.119966,0.13039171335810912,0.14947174860811877,0.15568388523486298,0.15789287532069018,0.16598603015765798,0.18031896556698843,0.21063921281868717,0.23590973760622905,0.233924,0.217618236923871,0.19150512479263554,0.17927956477891616,0.17520867139695517,0.17147608579197754,0.162314,0.15230799999999997,0.143514,0.136134,0.130294,0.125522,0.12142
23-01-2026 09:20,25265.75,0.15631,0.14400999999999997,0.1323370297574549,0.12241308927236476,0.12165302975745493,0.12171799999999999,0.123162,0.128262,0.135978,0.14430083811520558,0.1529225143456168,0.16494144574369113,0.17702182288545662,0.19531260762848554,0.22971189916099485,0.23215569748298454,0.22048789916099484,0.20789400000000002,0.195028,0.18232673665655214,0.16954820996965642,0.15739473665655213,0.145592,0.134736,0.125302,0.116826,0.108888,0.10073
23-01-2026 09:25,25330.85,0.12813,0.12139,0.11550600000000001,0.111878,0.11000199999999999,0.10997,0.112422,0.117792,0.12856480148097782,0.1441453153403621,0.15030953417326365,0.15792331049069952,0.17020319877981283,0.18998922195001422,0.23127246707022978,0.24038482235674327,0.230048,0.21756,0.20505,0.19240200000000002,0.179526,0.16662400000000002,0.15405600000000003,0.142958,0.133402,0.12540199999999999,0.11878159198931831,0.1133079599465916
23-01-2026 09:30,25330.3,0.113094214024022,0.1060488428048044,0.10337199999999999,0.102614,0.10307200000000001,0.10488999999999998,0.10892,0.11580199999999999,0.12494999999999999,0.13529199999999997,0.1471199716976628,0.1598819150929885,0.16844397169766284,0.191384,0.23386683548218615,0.23385072393853473,0.2256954879581152,0.21695021749197635,0.20527,0.1889984174248119,0.16479366246263114,0.15278154597550964,0.14655089745813438,0.14145627792092597,0.13750279331160487,0.13179600000000002,0.125986,0.12058
23-01-2026 09:35,25299.45,0.12453,0.117072,0.11163827928591745,0.10789883785775237,0.10730227928591746,0.10826399999999999,0.11185399999999998,0.11874799999999999,0.12909293554229725,0.14098480662689178,0.15041493554229726,0.16093400000000002,0.17166399999999998,0.193782,0.23221832863465708,0.23181559414389055,0.2232861533544152,0.21364860823991938,0.20157400000000003,0.1886440930086559,0.17456027902596763,0.16369809300865587,0.15260800000000002,0.14206400000000002,0.133188,0.125338,0.118768,0.11226
23-01-2026 09:40,25299.95,0.11211,0.1097504041760109,0.11162243432630038,0.10957806957081394,0.10574122179826767,0.106146,0.110332,0.11937300470264514,0.1321130141079354,0.13943500470264514,0.14922600000000003,0.160206,0.17097600000000002,0.19380999999999998,0.236488,0.241554,0.22906200000000002,0.216124,0.20369600000000002,0.19164,0.17927200000000001,0.16716,0.155776,0.145794,0.13712000000000002,0.129814,0.12378,0.11808
23-01-2026 09:45,25269.0,0.13505,0.126144,0.11910999999999998,0.11451599999999999,0.112354,0.11250199999999999,0.11599799999999999,0.123128,0.13325095634983306,0.14470086904949916,0.15473495634983306,0.1657027982374592,0.17653039471237764,0.19613879823745922,0.2318621742393527,0.2330685227180581,0.22165195740787638,0.20820734950557102,0.19610578124491396,0.18339799422917077,0.17182199807639026,0.15983,0.147796,0.1365558384685166,0.12683904256561662,0.12071641994871712,0.11255352716006685,0.10445
23-01-2026 09:50,25300.7,0.1228003837360006,0.11302077414239937,0.10330823246506642,0.100102,0.10301428694133857,0.11173218610388706,0.11510826278095271,0.11762332527987138,0.12644,0.13739,0.149008,0.160212,0.170392,0.193026,0.23274839248805562,0.23439717746416688,0.22510439248805564,0.21240495650534502,0.1962588695160351,0.18604686109762236,0.1717677137768319,0.1636059045922773,0.15260856012977966,0.13899768038933905,0.1340005601297797,0.12852800000000003,0.12265800000000002,0.11716
23-01-2026 09:55,25284.3,0.1242388586049892,0.11564377172099784,0.11028199999999999,0.10725799999999999,0.10684429492466362,0.10924288477399087,0.11217629492466362,0.1194,0.12957000000000002,0.140368,0.15180755051356132,0.163964651540684,0.1734295505135613,0.1933144525915666,0.23014535777469972,0.23539445259156658,0.22373200000000001,0.20971945228722488,0.19421635686167457,0.18429745228722488,0.17282999999999998,0.16053800000000001,0.14908200000000002,0.13818975937404204,0.12839727812212612,0.12175668294130934,0.1156327707018019,0.10906
23-01-2026 10:00,25294.9,0.11551,0.10919999999999999,0.10479599999999999,0.102608,0.102462,0.10428799999999999,0.11222743550849766,0.12942036987731187,0.1387951869325235,0.1439707474575265,0.1507508014393828,0.16251372021244087,0.17144724007081358,0.192998,0.23331400000000002,0.237822,0.22575,0.213032,0.199998,0.18784199999999998,0.17519200000000001,0.16285999999999998,0.15045036816363944,0.13805310449091834,0.13114636816363945,0.125042,0.117144,0.11059
23-01-2026 10:05,25293.15,0.10517,0.10197200000000001,0.09978200000000001,0.098706,0.09945999999999999,0.102002,0.107518,0.11646400000000001,0.12735200000000002,0.1398203780466827,0.15339913414004813,0.16262837804668273,0.172038,0.19275283093801518,0.22988449281404552,0.23608083093801516,0.22367785712253505,0.2082255713676051,0.19800585712253505,0.18735,0.174918,0.16190832273606875,0.1489109682082062,0.13921013703046875,0.12982944288320006,0.12364381429440002,0.11816,0.11261
23-01-2026 10:10,25285.05,0.11052,0.10221614084640512,0.10143938028213505,0.101018,0.101264,0.103724,0.109146,0.117954,0.128724,0.13963,0.151238,0.162776,0.173112,0.1932179933527622,0.22954398005828663,0.23397289695391899,0.2203387108034703,0.20973690360115677,0.197918,0.18499754638813773,0.17028863916441314,0.15933068427550579,0.14773341366210418,0.13799365996004673,0.129057566218036,0.12204852207267865,0.11587199999999999,0.10975
23-01-2026 10:15,25283.3,0.09813,0.097052,0.096526,0.096742,0.0994471571764636,0.1052234715293908,0.11178209614896281,0.1265536941187529,0.13575157057626505,0.1420868772012553,0.152056,0.16446576081108438,0.17741128243325313,0.1961497608110844,0.23264600000000002,0.236012,0.223828,0.211204,0.198412,0.186476,0.174388,0.16250399999999998,0.15031868373217558,0.13809205119652673,0.13225068373217558,0.126652,0.12111000000000001,0.1163
23-01-2026 10:20,25261.25,0.11266,0.107426,0.103986,0.102336,0.10451764829724439,0.11199733450780842,0.11587681714547021,0.12140038961607527,0.13305474842026707,0.14673224526080128,0.1560427484202671,0.16634800000000002,0.18228577958851594,0.2133913387655479,0.23630777958851595,0.23242600000000002,0.219898,0.20755799999999996,0.195014,0.182754,0.17008,0.15765200000000001,0.146122,0.13583599999999998,0.12717,0.11944800000000001,0.11291400000000001,0.10675
23-01-2026 10:25,25266.4,0.12923,0.12009530017698267,0.11121590053094799,0.10854130017698266,0.107358,0.108044,0.112416,0.12182229960871353,0.13434089882614061,0.14340029960871353,0.153696,0.164826,0.17508600000000002,0.1939521385890733,0.2277684157672199,0.23242213858907332,0.22034000000000004,0.20756200000000002,0.194964,0.1813860831511526,0.16610824945345778,0.15443385239904397,0.14121330774367413,0.13205576924789136,0.12334999999999999,0.11476599999999998,0.10775053942327005,0.1034826971163503
23-01-2026 10:30,25303.15,0.11532,0.10994999999999999,0.10534,0.102182,0.10128400000000001,0.102718,0.107166,0.115536,0.126386,0.1374,0.148686,0.159572,0.169624,0.19181199999999998,0.23365000000000002,0.23829,0.22398421484807973,0.20831064454423914,0.19918621484807975,0.18694403946981605,0.17110811840944817,0.1593250946129645,0.14588116542944538,0.13725505514314845,0.128788,0.120396,0.11311153539439607,0.1066976769719803
23-01-2026 10:35,25313.0,0.10599,0.102128,0.099308,0.0981567950576231,0.09895638517286931,0.1002627950576231,0.10479,0.113406,0.123942,0.135166,0.14707599999999998,0.15899000000000002,0.16953600000000002,0.192302,0.235256,0.23630599686490075,0.21348050170591612,0.20129817724675844,0.1954864522558623,0.18837064704821616,0.17562096072992361,0.1600968821897708,0.1507169607299236,0.14144800000000002,0.131300436748283,0.12110131024484905,0.11583820041660704,0.1104488183416201
23-01-2026 10:40,25297.7,0.11135,0.10205581387482651,0.10057327129160883,0.099352,0.09894,0.1014727781982265,0.10783633459467949,0.11516277819822648,0.12551199999999998,0.136764,0.148486,0.16035,0.17105800000000002,0.193116,0.23393000000000003,0.23694660436153317,0.22237781308459947,0.21186460436153315,0.20022800000000002,0.187662,0.17481400000000002,0.16140144165074954,0.14795032495224858,0.13819616628727585,0.12841017390957896,0.12097272463652632,0.114256,0.10767
23-01-2026 10:45,25297.35,0.09821,0.09620000000000001,0.09466200000000001,0.094058,0.094912,0.09782199999999999,0.10529177063502387,0.11732531190507157,0.12604977063502387,0.13771976125752733,0.15214928377258208,0.16085376125752737,0.17700506152044218,0.21337718456132654,0.24079706152044217,0.23811199999999996,0.2245290426629209,0.20937712798876282,0.19942104266292093,0.18853,0.17614599999999997,0.163494,0.151864,0.14130600000000001,0.132124,0.124238,0.1176820701623225,0.1125603508116125
23-01-2026 10:50,25284.35,0.10889,0.10292344046774177,0.09809232140322528,0.09760344046774176,0.09863299102519696,0.10179297307559088,0.10659099102519697,0.115298,0.12648399999999999,0.14127283806314322,0.16139994759583678,0.1709133476437687,0.17590006149061932,0.19386220936140405,0.23225631281305809,0.23347293843917424,0.22340831281305806,0.21211999999999998,0.199552,0.186926,0.17399,0.161036,0.148844,0.13769800000000001,0.128174,0.119906,0.112472,0.10575
23-01-2026 10:55,25278.2,0.11094,0.105362,0.10125,0.099044,0.09891,0.10131799999999999,0.10714000000000001,0.11661600000000001,0.12796000000000002,0.14033199583718747,0.15424998751156244,0.1630579958371875,0.172234,0.19278228686438784,0.22975286059316355,0.23548028686438785,0.223932,0.211218,0.198462,0.18590600000000002,0.172738,0.15843583137578804,0.14425349412736405,0.13507783137578802,0.12585518620390562,0.11641355861171684,0.10991118620390561,0.10344
23-01-2026 11:00,25279.7,0.09949,0.097661339055788,0.097496017167364,0.095549339055788,0.09594599999999999,0.10057359988678752,0.10979879966036254,0.1172835998867875,0.12892287123186494,0.14323861369559482,0.15252087123186497,0.162892,0.173628,0.19449600000000003,0.232884,0.236604,0.223924,0.211502,0.19901200000000002,0.186296,0.173156,0.160226,0.14845999999999998,0.137886,0.128638,0.12074800000000001,0.11398890151551024,0.1082245075775511
23-01-2026 11:05,25270.35,0.11142,0.10573199999999999,0.101644,0.10018884632751149,0.10178898630915256,0.10379418830736584,0.10875644732661813,0.117926,0.129172,0.1417091648252595,0.1553994944757785,0.1649351648252595,0.18097106265376145,0.21353918796128446,0.2380190626537615,0.234566,0.221922,0.20828211047276998,0.19352033141830988,0.18283611047276996,0.170796,0.157772,0.14539600000000003,0.134234,0.12461000000000001,0.11621200000000001,0.108992,0.10227
23-01-2026 11:10,25281.6,0.10635,0.10304656192163959,0.0987441873072132,0.096646,0.0974,0.100442,0.10677800000000001,0.116482,0.127932,0.139154,0.15202679597351,0.16643638792053,0.17476679597351,0.19450599999999998,0.23288399999999998,0.2330347575989829,0.21328630791778547,0.2030608629614929,0.19599403512083668,0.184832,0.171742,0.15879,0.146386,0.13501200000000002,0.125204,0.116744,0.10938,0.10249
23-01-2026 11:15,25277.8,0.09535,0.09826108137804118,0.09654598524873179,0.09487286788456367,0.09587715198839378,0.1016451604354163,0.1067910534784721,0.116012,0.12786799999999998,0.139404,0.1524984534331529,0.16672136029945872,0.1747744534331529,0.193914,0.231156,0.234238,0.221224,0.20735917314139707,0.19244551942419125,0.1828171731413971,0.171802,0.15955399999999997,0.14771399999999998,0.13523059808787746,0.12130518268882334,0.11484276336345023,0.1121013884251909,0.10725
23-01-2026 11:20,25261.05,0.11031,0.10404200000000001,0.09997199999999999,0.098294,0.099164,0.102322,0.108782,0.11958713335355056,0.1329634000606517,0.14270113335355056,0.15439988417621933,0.16798565252865802,0.17663588417621934,0.19611,0.23145200000000002,0.23342000000000002,0.21916742420009416,0.20382027260028246,0.19335542420009416,0.18080565746804095,0.1658069724041229,0.15543765746804095,0.14428000000000002,0.13217685080813907,0.12042255242441725,0.11373085080813909,0.10811850080744494,0.1049425040372247
23-01-2026 11:25,25270.95,0.1035724723852112,0.10120649447704223,0.09807400000000001,0.096608,0.09753400000000001,0.10195559680002471,0.11090279040007409,0.1184795968000247,0.12869000000000003,0.14042,0.15234,0.16498441023150795,0.17767923069452393,0.19351548521706396,0.22312294233774319,0.22802822712878174,0.22011971738107525,0.208664,0.195678,0.18288400000000002,0.17023,0.157578,0.144944,0.13346599999999997,0.12281486542850939,0.11307659628552819,0.10615886542850939,0.09934
23-01-2026 11:30,25274.7,0.09177,0.08997200000000001,0.09015498335220158,0.09215095005660476,0.09360498335220158,0.09911913926383698,0.10922141779151089,0.11871884207537999,0.13233310843462906,0.1422470157786442,0.15497793890130354,0.16537404679592582,0.17753020148647394,0.19626073382882464,0.23228,0.234952,0.22194000000000003,0.209008,0.19644599999999998,0.1844,0.17197,0.15967399999999998,0.14677550028011055,0.1343405008403316,0.1261545388166366,0.11673965547124185,0.11075065812151709,0.10746
23-01-2026 11:35,25252.0,0.0935,0.09201002405360649,0.0917940721608195,0.0927440240536065,0.095644,0.10097,0.10914,0.12147304385597699,0.136551131567931,0.145263043855977,0.155338,0.166816,0.17770399999999997,0.19727799999999998,0.229538,0.230602,0.217652,0.204686,0.191916,0.18005,0.168266,0.15655,0.145678,0.13615,0.12821757893028798,0.12141873679086398,0.11542757893028799,0.11053
23-01-2026 11:40,25221.8,0.10092,0.09818400000000001,0.09714167730369264,0.09822303191107792,0.10111967730369265,0.10672599999999999,0.11594199999999999,0.12736,0.13961400000000002,0.15176800000000001,0.1638717656899052,0.17613929706971546,0.18912210696839363,0.21434302383546538,0.23105394672299234,0.2235008163335117,0.2132356054445039,0.201758,0.18783744091735516,0.17304232275206546,0.16281344091735514,0.151858,0.140762,0.131138,0.12359954621603328,0.11786463864809983,0.11041554621603329,0.10438
23-01-2026 11:45,25210.75,0.09618,0.09938554495382239,0.09857051498460746,0.09985,0.104018,0.110288,0.119492,0.13073,0.14376054697181379,0.15806564091544134,0.1665425469718138,0.17702803310846574,0.18979209932539715,0.2036180331084657,0.225846,0.224652,0.211776,0.198664,0.186506,0.17505600000000002,0.16396799999999997,0.15333000000000002,0.143864,0.135722,0.128512,0.12287599999999999,0.118544,0.11379
23-01-2026 11:50,25193.45,0.11117,0.10740566496260763,0.10483080232085065,0.10547908726169096,0.10947332260718702,0.11624854552247771,0.12323951517415924,0.13323,0.14475,0.156038,0.16692,0.177324,0.187602,0.203128,0.223546,0.22081800000000001,0.2070368365620827,0.19166650968624813,0.1807988365620827,0.16965,0.15757824669586118,0.14512074008758358,0.1357002466958612,0.12704400000000002,0.119132,0.11255000000000001,0.106922,0.10173
23-01-2026 11:55,25208.4,0.10773,0.1042,0.10264200000000001,0.10334199999999999,0.10724027516249304,0.11472682548747912,0.12116027516249303,0.130712,0.14232,0.1547372175521455,0.1681496526564365,0.17638721755214548,0.18961623525517945,0.21425070576553834,0.22949823525517946,0.22354800000000002,0.210598,0.19770200000000002,0.184844,0.17214600000000002,0.160244,0.148562,0.137706,0.1270823820095089,0.11678714602852663,0.11211638200950888,0.10710671698484614,0.1007135849242307
23-01-2026 12:00,25209.75,0.102046140573577,0.1039012281147154,0.103472,0.10395599999999999,0.106716,0.11395797114782807,0.1276170191195892,0.136171288176143,0.14350110567610497,0.153416,0.16427799999999998,0.17624524695894966,0.18927574087684906,0.20373124695894967,0.225672,0.22225861571863254,0.20716184715589755,0.19678461571863254,0.18401940891477805,0.1689202267443341,0.15857940891477806,0.14756799999999998,0.136542,0.12631314461359944,0.11682543384079838,0.11070714461359947,0.104982,0.09911
23-01-2026 12:05,25207.8,0.09717,0.09997513804297758,0.10028880032582345,0.10055440786681161,0.104054,0.110298,0.119614,0.130856,0.142894,0.15434599999999998,0.165078,0.17691733062093581,0.1904299918628074,0.20448133062093576,0.22506400000000001,0.22225200000000003,0.209864,0.197272,0.184614,0.172392,0.16059400000000001,0.14793112281103077,0.1355793684330923,0.12920512281103075,0.123166,0.11726199999999999,0.112646,0.10886
23-01-2026 12:10,25190.3,0.10602,0.103542,0.102848,0.104432,0.10895543390507055,0.11671830171521162,0.12382743390507055,0.13383,0.145726,0.15812429155922209,0.17094687467766623,0.17957029155922208,0.1922515551767929,0.2140226655303788,0.22427526527805897,0.21102377485876905,0.20086564376617885,0.19324864455497093,0.182218,0.16978,0.15766600000000003,0.146032,0.135514,0.12641,0.118752,0.111714462565454,0.104871387696362,0.1021
23-01-2026 12:15,25193.1,0.12044,0.113852,0.10935785799460371,0.1075755739838111,0.11008785799460369,0.114948,0.12289199999999999,0.133406,0.14618921332519957,0.15971363997559876,0.16906737192416124,0.180352475796885,0.18895215859896167,0.20373200000000002,0.224276,0.22087400000000001,0.208042,0.19518199999999997,0.18213600000000002,0.169396,0.15679200000000001,0.14423000000000002,0.13267400000000001,0.12232399999999999,0.11322399999999999,0.105054,0.097538,0.09034
23-01-2026 12:20,25216.55,0.1088622644051405,0.10619769306841573,0.10404402068618143,0.10162860273389458,0.103854,0.1109978926493484,0.1226056779480452,0.1307698926493484,0.14271580445292475,0.15696541335877434,0.16526380445292477,0.174558,0.185194,0.20183800000000002,0.22605200000000003,0.224532,0.21153799999999998,0.19689338940366075,0.18117016821098228,0.17180138940366074,0.160772,0.14861799999999997,0.13757,0.127956,0.11962799999999998,0.112632,0.106784,0.10192
23-01-2026 12:25,25202.7,0.10902,0.10575056608737857,0.10446769826213569,0.10446515042201587,0.10720375300391197,0.11213058433463732,0.120564,0.131408,0.14319800000000002,0.154352,0.16531,0.17740622185183208,0.19010466555549616,0.20404022185183207,0.224848,0.22216200000000003,0.209158,0.19634000000000001,0.18256784465324197,0.16777153395972588,0.15535988949890317,0.13959302287148254,0.13035870984915784,0.12373488833449887,0.1156408029910038,0.10780240897301134,0.10173480299100378,0.09596
23-01-2026 12:30,25205.2,0.10924,0.105024,0.103046,0.103828,0.106658,0.112002,0.12193173725196654,0.13529121175589962,0.14662470904538027,0.16233291991065127,0.17089098538464392,0.17746400453041006,0.18749400000000002,0.20218846407980817,0.22116539223942447,0.22077446407980814,0.20622138680097063,0.18669203113722008,0.17729899900389529,0.16977787073430822,0.15691962045975197,0.14193486137925587,0.13239362045975195,0.123198,0.11433600000000001,0.106708,0.100016,0.09415
23-01-2026 12:35,25205.5,0.11402,0.10595392810147136,0.1043953093671571,0.10504999999999999,0.107334,0.11232400000000001,0.120672,0.131254,0.14403667250081076,0.15790601750243233,0.16634467250081078,0.176072,0.186474,0.202458,0.225128,0.22274200000000002,0.20797781761904424,0.19156345285713272,0.18202181761904423,0.16934272910448298,0.1535121873134489,0.14363672910448294,0.133272,0.122594,0.113148,0.10486,0.09787515284694415,0.0926457642347207
23-01-2026 12:40,25211.7,0.11514,0.10524522198796087,0.10449974066265362,0.105362,0.10717,0.111754,0.11982,0.130168,0.14168,0.152962,0.164284,0.175138,0.186092,0.202148,0.224042,0.22121799999999997,0.208228,0.19538,0.18281600000000003,0.170042,0.1549966736878982,0.13721720757633937,0.12654423322583233,0.1198451865126447,0.11172211077294583,0.10368833231883752,0.09623411077294583,0.08937
23-01-2026 12:45,25238.75,0.09531,0.093386,0.093192,0.09513800000000001,0.098846,0.104556,0.11528932582717498,0.12953397748152495,0.13739332582717498,0.14710600000000001,0.15884399999999999,0.17064400000000002,0.18141600000000002,0.19635482130424045,0.21566296240718755,0.21650231678763898,0.20993649849446616,0.199266,0.186994,0.174628,0.161744,0.14717596640901554,0.13228589922704653,0.12620396640901552,0.119524,0.112082,0.105862,0.10053
23-01-2026 12:50,25208.05,0.11818,0.10292682025776366,0.10391094008592121,0.10578487627695216,0.10782184083184251,0.11150851227991028,0.11917921200098604,0.12987853414541078,0.14216160243623235,0.15228253414541076,0.16303800000000002,0.17533601318382255,0.1875680395514676,0.20167610954187357,0.221310289074153,0.220422096358051,0.20833200000000002,0.19615599999999997,0.183464,0.1696938560707476,0.1547235682122428,0.14268185607074763,0.131068,0.1202845693380184,0.1110657080140552,0.1018025693380184,0.09357800000000001,0.0855
23-01-2026 12:55,25226.8,0.09191,0.09300490778271206,0.09755672334813618,0.0974300732612014,0.10176349643546802,0.10846941381335244,0.1210027450045893,0.12871424833486309,0.13846,0.150234,0.161992,0.17447560079443095,0.1874968023832928,0.20219960079443094,0.22558,0.22386,0.211908,0.19819831381534936,0.18174494144604803,0.17234631381534937,0.16072399999999998,0.147542,0.136012,0.12602,0.11743,0.11011000000000001,0.104098,0.09895
23-01-2026 13:00,25191.8,0.10732,0.102868,0.10115000000000002,0.102408,0.10679885357039405,0.11452656071118217,0.12242085357039406,0.1338386052021716,0.14714781560651485,0.1567906052021716,0.167058,0.178344,0.188972,0.204194,0.22346,0.22007799999999997,0.207676,0.19539199999999998,0.182346,0.169538,0.156298,0.143256,0.131604,0.121222,0.11200758038708425,0.10360674116125272,0.09653558038708424,0.08989
23-01-2026 13:05,25191.25,0.1066965730172472,0.10169731460344944,0.10009,0.101668,0.105536,0.111926,0.12285830115300392,0.13663090345901177,0.1459923011530039,0.156436,0.167704,0.17919600000000002,0.190306,0.20416984335500846,0.2198275300650254,0.21841584335500847,0.207552,0.19539199999999998,0.18241200000000002,0.16981400000000002,0.15655,0.143292,0.13156400000000001,0.12114599999999999,0.112,0.10390999999999999,0.096732,0.09041
23-01-2026 13:10,25194.95,0.10157,0.09858800000000001,0.09797199999999999,0.10019800000000001,0.104432,0.11251409400041329,0.1249962820012399,0.13528922333245164,0.14884938799611508,0.1572511293320384,0.16702999999999998,0.17826999999999998,0.189362,0.205094,0.2201992672614166,0.20613466690727714,0.19512270922625127,0.18917340491028484,0.1816308465957525,0.169654,0.156144,0.142898,0.13056352554714934,0.11869857664144802,0.11109752554714933,0.10425,0.09877441371521598,0.0973620685760799
23-01-2026 13:15,25171.1,0.09416,0.09672789079744737,0.09747196359914911,0.10224552984947889,0.1105205895484367,0.11699552984947889,0.1288820988179715,0.14642497074299965,0.15610812168522692,0.16248467428908517,0.172584,0.18390800000000002,0.194714,0.20698360200830448,0.21796480602491344,0.21516960200830448,0.204568,0.19116545455809136,0.17603636367427414,0.1655574545580914,0.15404800000000002,0.142286,0.131882,0.12301999999999999,0.115544,0.10962999999999999,0.10503799999999999,0.10098
23-01-2026 13:20,25141.7,0.09918,0.10063,0.10317799999999999,0.107536,0.1143403784737336,0.12428913542120079,0.13303237847373361,0.143634,0.15483000000000002,0.16673384868452723,0.17988554605358167,0.18936384868452721,0.20057501940004327,0.21439105820012982,0.22046901940004326,0.213112,0.201174,0.188934,0.176124,0.163352,0.150998,0.13984,0.1287914648826086,0.11747056267484887,0.11198596896367778,0.10841816802702306,0.103812,0.09779
23-01-2026 13:25,25138.55,0.09959,0.1014320298585277,0.1064480895755831,0.10896202985852768,0.114228,0.12248400000000001,0.132984,0.14470799999999998,0.15652,0.167648,0.179036,0.19033799999999998,0.20090199999999997,0.212172,0.219136,0.211976,0.19899544750737821,0.18365834252213462,0.17325944750737818,0.162174,0.149453454008387,0.13669836202516095,0.12756545400838698,0.119652,0.11269599999999999,0.10646160236705225,0.10088080710115677,0.09899
23-01-2026 13:30,25095.3,0.10352,0.10681207228416284,0.11232221685248851,0.11624407228416284,0.12344736238762789,0.1338360871628837,0.1432713623876279,0.15483352474727216,0.16751657424181648,0.17791752474727218,0.18881,0.200248,0.211482,0.220638,0.22181199999999998,0.212864,0.201204,0.188846,0.176398,0.16475199999999998,0.153882,0.14389600000000002,0.13320748992241616,0.1203830595990724,0.11569725941788792,0.11518917380113336,0.11066375190792832,0.11441
23-01-2026 13:35,25072.05,0.10627,0.10797200000000001,0.111608,0.11794621278635277,0.12699663835905833,0.13414821278635278,0.143962,0.15637332629652312,0.16942597888956928,0.18036360675980126,0.19345484138983454,0.20223428046327818,0.21168392985554663,0.22009978956663984,0.2181755681967546,0.20600091502362394,0.19479803590340392,0.18232319268658775,0.17104439756219592,0.15953,0.148188,0.13797,0.12896800000000003,0.12150400000000001,0.11619894538444817,0.11287683615334448,0.10785094538444816,0.10371
23-01-2026 13:40,25076.35,0.1005,0.104298,0.109658,0.11625599999999998,0.1269135469757548,0.1428381960066163,0.1511222122138105,0.15760555507935192,0.16794800000000001,0.17878200000000002,0.19111968407736643,0.20454505223209934,0.21291368407736644,0.22091,0.22067119791187506,0.20849559373562526,0.1995271979118751,0.18888,0.17631800000000003,0.16477,0.154246,0.1427392899107785,0.1306158697323355,0.12800128991077847,0.12391091159260324,0.11897473477780973,0.11940491159260325,0.1204
23-01-2026 13:45,25053.0,0.11187,0.11281137713069332,0.11678245904356443,0.12239799999999999,0.129636,0.138648,0.149034,0.160288,0.17289698749426063,0.18601896248278196,0.19619967051742124,0.20853204906948172,0.2174206830231606,0.223456,0.2157226585266046,0.1990261874636581,0.19056329417813728,0.18111421188384424,0.16846599999999998,0.15613799999999997,0.14464589342154874,0.13246744681983968,0.12199319308712897,0.1169217665551934,0.11147199999999999,0.10673074165309572,0.10338222495928714,0.09759
23-01-2026 13:50,25055.05,0.11105,0.11312199999999999,0.11718200000000001,0.12295600000000001,0.130358,0.139492,0.14994600000000002,0.16110799999999997,0.17254999999999998,0.18386799999999998,0.19500599999999998,0.2075729946300641,0.22091298389019237,0.2258089946300641,0.21938000000000002,0.20649562010653222,0.19226086031959666,0.18114162010653223,0.168922,0.15667,0.14522493305726614,0.13450879917179837,0.12525293305726612,0.11743600000000001,0.11078800000000001,0.10520600000000001,0.10106379477453509,0.0979989738726754
23-01-2026 13:55,25054.0,0.11215,0.113894,0.11794895283224044,0.12391085849672132,0.13200787191610575,0.14622481608930418,0.15443109559698998,0.16067205883770824,0.17056200000000002,0.182128,0.19358999999999998,0.20517786852052658,0.2163047583570729,0.2214033269070061,0.21810715279549314,0.20793999999999999,0.195642,0.183178,0.170734,0.158812,0.147658,0.137388,0.128416,0.12084400000000001,0.11440600000000001,0.10936000000000001,0.10561200000000001,0.10223
23-01-2026 14:00,25054.2,0.11441,0.11937598011940183,0.12213580827159674,0.12439651697243984,0.12940060433733955,0.13863631023437445,0.15093293070312333,0.15947231023437444,0.16936,0.180454,0.191284,0.202162,0.21308000000000002,0.220512,0.21767,0.207218,0.19487599999999997,0.1792165277793163,0.16068635374317025,0.15130483899498037,0.14371277040522135,0.133834,0.124544,0.11673,0.110042,0.104118,0.098912,0.09436
23-01-2026 14:05,25065.1,0.11171,0.11258,0.115338,0.120066,0.126578,0.13513399999999998,0.145276,0.156334,0.167566,0.178498,0.19073553565329326,0.20472060695987984,0.21299753565329327,0.21956399999999998,0.218352,0.20879599999999998,0.19677400000000003,0.18225870448430093,0.16585811345290283,0.15640270448430096,0.146238,0.135346,0.12600000000000003,0.11717075706829067,0.10821627120487197,0.10482275706829065,0.101382,0.09656
23-01-2026 14:10,25058.25,0.11362,0.11458000000000002,0.117404,0.121888,0.128272,0.13741078920981942,0.1486943676294582,0.1584647892098194,0.16909,0.17996,0.190542,0.2026290448486509,0.21593113454595275,0.2223370448486509,0.2181766320175763,0.20613389605272897,0.19539463201757631,0.18294600000000003,0.169656,0.1571,0.14513600000000001,0.133864,0.123854,0.11578200000000001,0.10948,0.10348399999999999,0.098306,0.09298
23-01-2026 14:15,25090.65,0.09978,0.10499161554765901,0.11319884664297707,0.11572961554765901,0.121328,0.13019199999999997,0.140258,0.151244,0.162718,0.173596,0.184468,0.19695908341696633,0.21129725025089902,0.21874908341696633,0.221972,0.21377000000000002,0.20111,0.188286,0.175314,0.163186,0.151896,0.141256,0.1321,0.124818,0.119498,0.11497181197000278,0.11129343591000833,0.11247
23-01-2026 14:20,25059.65,0.10638,0.10985945674868977,0.11629037024606928,0.1199851774552303,0.12734316211962163,0.13582926098760204,0.14739262084318444,0.15674954028106147,0.167066,0.177782,0.188332,0.2006476995609563,0.21432190992524908,0.22046213328809694,0.22023681124238023,0.210578,0.19669887553406376,0.1810226266021913,0.17071287553406378,0.15979,0.148224,0.13744800000000001,0.128312,0.12035095735079208,0.11343887205237624,0.11053095735079208,0.107748,0.10473
23-01-2026 14:25,25049.75,0.113182736291293,0.11524254725825861,0.11776800000000001,0.121688,0.127588,0.135182,0.144768,0.155312,0.16612,0.17984250717224895,0.19998210611224604,0.2101037380953774,0.21542501600539163,0.21936947713663082,0.21732,0.206922,0.193882,0.17930179319202755,0.1638133795760826,0.15081042245390416,0.1350842698515128,0.12581577545952533,0.1186763820658829,0.11050399999999999,0.10306599999999999,0.09634199999999998,0.0895,0.08191
23-01-2026 14:30,25077.85,0.11012,0.11082800000000001,0.11346200000000001,0.11796200000000001,0.12564025805463996,0.13617877416391988,0.14435025805463997,0.153852,0.16452,0.17458200000000001,0.185288,0.196798,0.20813399999999999,0.217464,0.22001600000000002,0.210436,0.197638,0.184248,0.170736,0.157574,0.144892,0.13161192822486684,0.11867578467460052,0.11219392822486685,0.10601,0.099812,0.09411800000000001,0.08855
23-01-2026 14:35,25087.05,0.1078,0.10832605963245355,0.11122217889736062,0.11577385716132128,0.12370139258660323,0.1336207591958624,0.15176018239315994,0.1617323447662338,0.16674377016030936,0.1725834909227111,0.18398524231451785,0.1980917269435536,0.20679524231451785,0.215202,0.2182386937795197,0.2075800813385591,0.19710669377951967,0.184796,0.171074,0.157718,0.14445520642686646,0.13085561928059938,0.12202798856881616,0.1138223464258491,0.10779478214194971,0.102524,0.097726,0.0929
23-01-2026 14:40,25094.55,0.1045363779169577,0.10598127558339154,0.109674,0.1152,0.12452594407581172,0.13788943497930914,0.14608075233143367,0.15310360275187396,0.162498,0.17246999999999998,0.18371400000000002,0.19609019162159871,0.20916457486479614,0.21757219162159872,0.22010096609493532,0.20877089828480597,0.1987529660949353,0.18720799999999999,0.1714980010040737,0.15210332880576244,0.14156197838469772,0.13548932579354134,0.126314,0.117598,0.11109,0.10666803181645969,0.1040239414484617,0.096169229995413
23-01-2026 14:45,25081.45,0.10176,0.10576765877608423,0.11270497632825265,0.11752870768043286,0.12732914671304593,0.13383504890434864,0.142552,0.15427559288429277,0.16720277865287828,0.17621337916393598,0.18905935883892966,0.19795178627964322,0.208048,0.217908,0.220546,0.210558,0.198288,0.185654,0.17313599999999998,0.15901048165334236,0.14406344496002707,0.13667248165334236,0.12713626294037844,0.11643078882113526,0.11345826294037842,0.110398,0.10489413160641389,0.0935806580320694
23-01-2026 14:50,25059.3,0.1110667917860597,0.11176471090785488,0.11631339658819631,0.12092883721394601,0.12803027907131534,0.136828,0.146416,0.156442,0.16672399999999998,0.177026,0.188384,0.199316,0.210054,0.2172624910462986,0.2139534731388958,0.2047964910462986,0.19297799999999998,0.18027200000000002,0.167246,0.15427200000000002,0.14160276825677434,0.129026304770323,0.11889076825677433,0.11049803546189867,0.10406210638569598,0.09742403546189866,0.091054,0.08374
23-01-2026 14:55,25096.0,0.1067106584320785,0.1058541316864157,0.10852,0.11327200000000001,0.120342,0.129432,0.14132512154818858,0.15549936464456574,0.1625331215481886,0.17286192320629193,0.18739376961887574,0.1958419232062919,0.20502199999999998,0.21516799999999997,0.2168406207549001,0.20162986226470037,0.19464862075490014,0.185082,0.17226400000000003,0.15772188152457706,0.1422276445737312,0.13361588152457707,0.124458,0.11584,0.109494,0.104476,0.100362,0.09741
23-01-2026 15:00,25071.15,0.10632,0.108512,0.112542,0.117976,0.125832,0.135542,0.146476,0.15751800000000002,0.168334,0.17949199999999998,0.191162,0.20274,0.213752,0.221758,0.2160859957703819,0.1977259873111457,0.19266648161835292,0.181935457543913,0.16982185018175058,0.1563260930013387,0.14587536433377957,0.13463868591810635,0.12317205775431901,0.11598268591810634,0.110484,0.10645400000000001,0.103444,0.1
23-01-2026 15:05,25059.0,0.1009,0.10468000000000001,0.109548,0.11565199999999999,0.12435199999999999,0.134982,0.146954,0.158816,0.17038599999999998,0.1843869187721856,0.20166275631655683,0.20761891877218563,0.21626399999999998,0.22359800000000002,0.21475062290067273,0.19604386870201815,0.19178662290067272,0.18363800000000002,0.17202,0.160684,0.150024,0.13968200000000003,0.130666,0.12189446779044263,0.1136194033713279,0.11481246779044263,0.11558399999999999,0.11593
23-01-2026 15:10,25045.6,0.11068,0.11034492656405276,0.11597497552135091,0.12230999999999999,0.1298078331506971,0.1382674994520913,0.1501658331506971,0.161324,0.1746156813941976,0.19502622719856538,0.21125986456178986,0.2105090853749967,0.21675263411967474,0.2259692704760814,0.22606581142824414,0.2064877358596452,0.18709939615069138,0.18058069400098803,0.17431868585227267,0.15725022861742421,0.143516,0.13283682668101895,0.12413648004305688,0.11469682668101897,0.108066,0.1078003268000695,0.11246898040020849,0.09623
23-01-2026 15:15,25061.1,0.10403,0.10777400000000001,0.112278,0.11815800000000001,0.12673800000000002,0.136714,0.14715999999999999,0.157958,0.169406,0.180402,0.19154,0.20307799999999998,0.214796,0.22303800000000001,0.22025,0.208648,0.19583517637028444,0.18709938726669442,0.18098275083780763,0.15940585815584105,0.14343,0.132072,0.12134399999999998,0.11375199999999999,0.109598,0.11149450591304264,0.11905751773912793,0.1021
23-01-2026 15:20,25040.65,0.1146,0.11273101574966657,0.10389818363000197,0.1076964248926733,0.13654824048242206,0.1663433123042594,0.15314174130954225,0.14042991162436738,0.16682863720812247,0.17982256183499062,0.18051968550497186,0.20257656183499062,0.218322,0.20632051548693298,0.1475882005096792,0.1415444776335737,0.17767065404888024,0.179632,0.16622599999999998,0.153018,0.14024,0.127996,0.11678400000000001,0.09861196528996244,0.07396389586988733,0.08931796528996244,0.094566,0.08909
23-01-2026 15:25,25049.65,0.10887,0.111864,0.11627,0.12248200000000001,0.150217092943843,0.198159278831529,0.17049909294384302,0.162028,0.173116,0.18468600000000002,0.196858,0.20843799999999998,0.2199,0.22593200000000002,0.218292,0.203648,0.19005,0.177172,0.16422,0.151432,0.15733601623719948,0.19908507154003666,0.18934508472251407,0.1262790228284382,0.10239599999999999,0.09892799999999999,0.094536,0.08977
27-01-2026 09:15,25113.05,0.27499,0.30077200000000004,0.324206,0.351832,0.38645399999999996,0.429286,0.47742199999999996,0.5251,0.573194,0.6073474344905883,0.6271483034717645,0.6794410985461905,0.6591268128472585,0.6475211260969576,0.7510938206804518,0.7531859999999999,0.702542,0.6500140000000001,0.599336,0.554356,0.515064,0.485966,0.46935800000000005,0.46709000000000006,0.475724,0.492818,0.51597,0.54893
27-01-2026 09:20,24981.3,0.37173,0.40110775421098277,0.47505701517796506,0.5175785826767016,0.5300979859490891,0.5365861335668682,0.5630875209120665,0.6086,0.659572,0.7089099999999999,0.75902,0.8045899999999999,0.8036308440683408,0.7144185322050225,0.7007228440683408,0.673894,0.631096,0.579572,0.528764,0.4882480311315658,0.4613840933946974,0.4085320311315658,0.381518,0.37983200000000006,0.4020785133022396,0.4401955399067187,0.4479614657606971,0.5324047622922877
27-01-2026 09:25,24940.7,0.41215,0.416268,0.43747650673857463,0.4820795202157238,0.5044005067385746,0.538756,0.589552407572392,0.6497352227171762,0.691446407572392,0.737536,0.785854,0.8320679999999999,0.8460171954220596,0.7755195862661783,0.6946397233265974,0.6245555837136136,0.5958865279045379,0.553276,0.502122,0.45295399999999997,0.40595,0.36293427715977317,0.33024883147931944,0.3240382771597731,0.319186,0.308294,0.30484443516063103,0.3485421758031551
27-01-2026 09:30,24944.4,0.43418,0.4324399037419145,0.44008571122574336,0.46376704201576646,0.5041394148215561,0.5458707473737956,0.5966288272998307,0.6391076090999435,0.6905355268614257,0.7506645805842768,0.7944115268614257,0.837081474450796,0.8828104233523878,0.8709014744507959,0.7341300000000001,0.656058,0.6136240000000001,0.5622900000000001,0.508624,0.44624216217212426,0.38099648651637263,0.34942016217212424,0.3221,0.2964949516527118,0.26470646097113587,0.23983176969171352,0.21757960601300058,0.15552
27-01-2026 09:35,25018.3,0.4495,0.42841999999999997,0.41567200000000004,0.424586,0.45817414990088534,0.505332449702656,0.5357821499008854,0.575866,0.623786,0.6822788683466057,0.7455026050398171,0.7767908683466057,0.812194,0.8175385855393267,0.7397697566179801,0.6900805855393267,0.647648,0.599558,0.548276,0.496496,0.441561776217406,0.384725328652218,0.351787776217406,0.32172999999999996,0.29263,0.261662,0.211436,0.12637
27-01-2026 09:40,25090.85,0.4547,0.417188,0.393776,0.39087,0.41182,0.44656599999999996,0.48995,0.5367059999999999,0.583958,0.6356719999999999,0.6865299999999999,0.732694,0.771722,0.80186,0.789428,0.7450979999999999,0.69649,0.649524,0.601712,0.550652,0.500356,0.452678,0.40642599999999995,0.36654200000000003,0.33282,0.29934200000000005,0.25886200000000004,0.2039
27-01-2026 09:45,25142.05,0.36816,0.350822,0.34083399999999997,0.35063421804125083,0.3814226541237524,0.4079202180412508,0.44804,0.49578999999999995,0.545158,0.6033339514109204,0.6840978072068952,0.7279058103333218,0.7493639529741337,0.7795071128896711,0.7876133386690133,0.7612097790632903,0.7073139985208577,0.6712606661736192,0.63177,0.581932,0.5262720981049585,0.4688622943148751,0.43355209810495837,0.40315,0.376768,0.3473314180880062,0.3104102542640186,0.29136
27-01-2026 09:50,25142.45,0.34662,0.329406,0.32283,0.33218200000000003,0.35972000000000004,0.39907,0.448636,0.49978,0.547462,0.5964119999999999,0.6559753969330453,0.716746190799136,0.7475013969330454,0.7750052850132592,0.7844418550397774,0.7656912850132591,0.7223339999999999,0.6714662769084598,0.6157088307253795,0.5762762769084598,0.5317000000000001,0.483874,0.442332,0.40541363349343484,0.3713060465079174,0.3562790715762735,0.3381271460276129,0.30921
27-01-2026 09:55,25130.4,0.32119,0.314148,0.31612999999999997,0.33119600000000005,0.3681760188137573,0.4209900564412718,0.46219401881375727,0.5151670870049039,0.5752192610147115,0.6215680380146164,0.6754828530291375,0.7160549510097125,0.7568860000000001,0.789946,0.796664,0.763886,0.7205247311212039,0.6640901933636114,0.6206407311212038,0.5699099999999999,0.517138,0.470148,0.4280584187553583,0.3914996286953453,0.37504553604316965,0.3639602878699715,0.34242774632210293,0.33788
27-01-2026 10:00,25139.8,0.32443,0.3104511616927385,0.3118140079729726,0.3331454741438082,0.37458009909660733,0.4153617793013909,0.47327523880756545,0.5150124129358551,0.5663981000596852,0.6287703001790554,0.6674541000596851,0.7187057205413527,0.7889522988060034,0.8170411320871881,0.8201351371819451,0.779067657521256,0.7209229725637679,0.680117657521256,0.633834,0.5832660000000001,0.529556,0.47870799999999997,0.433856,0.40031,0.37657,0.35635599999999995,0.335144,0.31098
27-01-2026 10:05,25125.85,0.30215,0.298748,0.304716,0.326494,0.36376,0.411162,0.465598,0.5195339999999999,0.5720500000000001,0.622776,0.674232,0.7271465715386074,0.7826277146158221,0.7956598554735788,0.7775930815570467,0.7547309731913678,0.7207728334552674,0.6635828111094059,0.6257036037031352,0.5777439999999999,0.522848,0.47411,0.433106,0.403032,0.384458,0.370894,0.357174,0.33865
27-01-2026 10:10,25088.75,0.4075,0.3699586054466348,0.3594148684822116,0.3693579265911547,0.40105177977346396,0.43464192659115464,0.48248800000000003,0.53271,0.583604,0.6351739999999999,0.686178,0.7327,0.779942,0.811366,0.805132,0.76507,0.713318,0.6577808864269831,0.5973546592809493,0.549820886426983,0.498636,0.44792000000000004,0.400406,0.36382000000000003,0.33405904938545267,0.3035291481563579,0.26735904938545263,0.21831
27-01-2026 10:15,25129.65,0.43897,0.395134,0.369,0.365568,0.384192,0.4227648189252724,0.4802244567758173,0.5191948189252724,0.5658099999999999,0.6135740000000001,0.664326,0.71192,0.753978,0.7984500000000001,0.827584,0.795372,0.7431340000000001,0.69313,0.638532,0.584328,0.532896,0.480184,0.431656,0.388282,0.350674,0.314656,0.275412,0.22729
27-01-2026 10:20,25170.2,0.32589,0.31131911803884027,0.3114653541165209,0.31742711803884033,0.345206,0.395749286273708,0.45977985882112393,0.501951286273708,0.5502600000000001,0.59958,0.65045,0.698442,0.747008,0.7974920000000001,0.8411884520878858,0.8128533562636573,0.7760224520878858,0.731088,0.676054,0.6221840000000001,0.558970976735093,0.47979304974330916,0.43842533534918354,0.413355989632641,0.37803561028383226,0.3558236627020665,0.3293613778223673,0.30288
27-01-2026 10:25,25164.05,0.25371,0.263284,0.278484,0.304838,0.34461,0.394104,0.44863200000000003,0.5089092685753084,0.5740118057259251,0.6151832685753084,0.6756795590050617,0.7469753762577307,0.7835636567326988,0.8115026992425456,0.850164,0.826462,0.775048,0.725422,0.6725539999999999,0.61716,0.5627219999999999,0.5063112469923141,0.4499497409769425,0.4260972469923142,0.4052037965423662,0.38050538962709873,0.3772077965423662,0.37269
27-01-2026 10:30,25123.35,0.3273,0.31716813671484506,0.3181964101445352,0.34402456690152805,0.38861529056004895,0.429924430186683,0.48444543276675955,0.5452582983002787,0.5904154327667596,0.6442905938278296,0.7068277814834886,0.7500905938278295,0.793496,0.83069,0.8380559999999999,0.80003,0.7472712326749302,0.6902716980247909,0.6426052326749303,0.5914280000000001,0.5405500000000001,0.49021200000000004,0.44079,0.4044332724194705,0.38271581725841153,0.34404927241947053,0.31199600000000005,0.28019
27-01-2026 10:35,25122.35,0.3388968449071391,0.31018486978384274,0.3120271669341383,0.338852,0.3887192227519486,0.45536166825584573,0.4939572227519486,0.53918,0.590006,0.645456,0.700148,0.748316,0.7927500000000001,0.8274679999999999,0.8416760000000001,0.806202,0.756896,0.7072260000000001,0.6399309384303217,0.553052329642488,0.50693948148489,0.48413151435152274,0.445364,0.4135683287354154,0.3986089862062461,0.3631083287354153,0.33582999999999996,0.31486
27-01-2026 10:40,25095.65,0.3185335598859242,0.29165271197718484,0.30959200000000003,0.34817,0.4062611178744308,0.47956535362329245,0.5217171178744309,0.571156,0.6356400918649384,0.713765918810205,0.7543230215111075,0.7814156432153897,0.824618,0.853858,0.825212,0.777428,0.7300399999999999,0.67257,0.620728,0.5606860471363885,0.4936761414091654,0.4621880471363885,0.43326200000000004,0.419296,0.419682,0.429118,0.447824,0.47381
27-01-2026 10:45,25027.6,0.33335,0.34054399999999996,0.362771409671152,0.40608022901345603,0.447377409671152,0.49905600000000006,0.55593,0.6131,0.670106,0.7307934565090323,0.7894983695270965,0.8303601689704441,0.8779921373842359,0.886614712461412,0.819328,0.7490275203523693,0.6896485610571076,0.6446335203523692,0.590556,0.531344,0.476326,0.42669599999999996,0.38469438571895126,0.3593491571568537,0.3430907904035564,0.3429112140538154,0.3047444046846051,0.26889
27-01-2026 10:50,25020.95,0.3258320858269358,0.34431826865445186,0.39047155446719406,0.42245185148906467,0.4740403107873828,0.5414309323621485,0.5872363107873828,0.632978,0.684146,0.745212,0.8013819999999999,0.849128,0.89351,0.911436,0.8257655001050944,0.71878275823257,0.6764602738569548,0.6450262579172868,0.5931219999999999,0.537422,0.482062,0.4283257664502673,0.3817032993508021,0.3684337664502674,0.36877600000000005,0.3591162726194927,0.3386408178584781,0.40869
27-01-2026 10:55,24997.0,0.3272,0.37212513177070233,0.4100933752088493,0.44312622129821594,0.5013965411987057,0.5455808470662353,0.594932,0.648926,0.70666,0.7659400000000001,0.81766,0.8769453528897839,0.9396080586693516,0.9368153528897839,0.8239341033442867,0.7340863100328604,0.6935761033442868,0.642354,0.582634,0.5190287656370141,0.4525042969110421,0.411954765637014,0.377684,0.35855400000000004,0.3551775990310815,0.343702269720662,0.3256840169133341,0.3853
27-01-2026 11:00,24984.95,0.3956870774197248,0.3916695484818699,0.41845393728972535,0.44933295985890637,0.495412,0.552362,0.609928,0.667216,0.722396,0.781678,0.8402040269522512,0.9017460808567533,0.9451100269522511,0.9344395157440485,0.7973977021434814,0.728758980478056,0.6963271549113359,0.637892,0.5706760343087331,0.5015801029261995,0.45412003430873316,0.40296800000000005,0.354726,0.32513400000000003,0.309074,0.290948,0.257974,0.201
27-01-2026 11:05,25008.55,0.35938,0.36798380996995467,0.39680993665665154,0.43853200000000003,0.4957820146217273,0.5656080438651819,0.6100400146217273,0.65861,0.71806,0.776494,0.832722,0.8863300000000001,0.936048,0.9382327425950533,0.8282482277851598,0.7647127425950533,0.7085397834746672,0.6133307973602466,0.5615801242834023,0.530219446936245,0.479662,0.422866,0.372818,0.341656,0.3217932674280928,0.3030818022842782,0.3026992674280927,0.29008
27-01-2026 11:10,25017.35,0.35447,0.3707672312005939,0.40105538423782333,0.4521909215128761,0.49276697383762535,0.5498058261722392,0.6197094785167175,0.6657198261722392,0.718324,0.78,0.83796,0.8965520000000001,0.9299506607135992,0.9065059821407977,0.8462326607135993,0.78861,0.7350639999999999,0.6638178638567774,0.5881655915703323,0.5369228733880471,0.4685550285938091,0.4216290095312697,0.37552800000000003,0.34072,0.3179935458961911,0.2973146376885733,0.2929055458961911,0.27694
27-01-2026 11:15,25024.0,0.36044,0.370346,0.39245199999999997,0.431048,0.481994,0.5373979999999999,0.5954959999999999,0.650142,0.70533,0.76961,0.828828,0.8879985358225543,0.9484076074676628,0.9504625358225542,0.862924,0.7931860000000001,0.7414999999999999,0.679264,0.6079784327938813,0.5332792983816439,0.48149643279388127,0.428846,0.377288,0.33952800000000005,0.3151,0.3039506381364675,0.3086666432409987,0.3055936441579816
27-01-2026 11:20,25044.9,0.32104,0.36103870041456587,0.37553090013818863,0.41205,0.46371999999999997,0.521948,0.58221,0.636988,0.7022478019227342,0.7773434057682027,0.8223198019227342,0.875728,0.92487,0.93531,0.868892,0.804816,0.750452,0.6897519999999999,0.6297920000000001,0.567558,0.510642,0.45281200000000005,0.399102,0.36493,0.344522,0.333476,0.32591800000000004,0.31835
27-01-2026 11:25,25036.65,0.36696,0.37145,0.391572,0.43015371795298146,0.48049715385894437,0.5309597179529815,0.58493,0.638386,0.69536,0.7611780000000001,0.82291,0.8838080000000001,0.9146502117809304,0.8843246634435757,0.8441482960832842,0.7992065946189354,0.7391456995544523,0.6865973407809518,0.6239863227884034,0.5729207742628011,0.515444,0.454232,0.39562200000000003,0.34860599999999997,0.32039653693681414,0.3019716108104422,0.2615705369368141,0.209
27-01-2026 11:30,25078.55,0.30177,0.320872,0.349576,0.39621897813473794,0.45509293440421383,0.5048449781347379,0.5649917775965494,0.6337653327896482,0.6785377775965493,0.7417017928332243,0.8199953784996726,0.8636997928332242,0.908566,0.9338620000000001,0.8974920000000001,0.842442,0.7886420000000001,0.7243063653469022,0.6532270960407068,0.6041923653469022,0.544994,0.485672,0.430508,0.38943,0.363588,0.34631999999999996,0.3276527530502135,0.2873737652510674
27-01-2026 11:35,25074.65,0.396445905802282,0.3549691811604564,0.361904,0.395976,0.439098,0.49358399999999997,0.552704,0.6081139999999999,0.6687860000000001,0.731454,0.7917839999999999,0.849834,0.907844,0.932186,0.89988,0.8402808034346305,0.7831724103038912,0.7326348034346304,0.67669,0.614298,0.5474180000000001,0.485242,0.42593,0.37556599999999996,0.3331315197816706,0.2954325593450119,0.2770215197816706,0.25141
27-01-2026 11:40,25088.45,0.51292,0.45768600000000004,0.433064,0.436334,0.45633599999999996,0.49279399999999995,0.545264,0.6018724180530572,0.6639552541591714,0.7114604180530572,0.7656742273934286,0.8288766821802858,0.8710882273934286,0.9029643543122775,0.9009290629368325,0.8619168265660926,0.8057454167614455,0.7497004722538152,0.688192,0.623774,0.561202,0.500072,0.43935399999999997,0.38736200000000004,0.341328,0.29882000000000003,0.248022,0.17427
27-01-2026 11:45,25159.6,0.26014,0.27993399999999996,0.303552,0.335596,0.37867,0.43659400000000004,0.494194,0.5500240000000001,0.6164904969078846,0.6948234907236537,0.7384524969078846,0.78864936589861,0.8449100976958303,0.88605936589861,0.941922,0.912904,0.852836,0.7929839999999999,0.7098335193919368,0.5886565628463456,0.5288222788784469,0.5018882410952469,0.48227474547490384,0.450338,0.425844,0.412266,0.40780800000000006,0.41203
27-01-2026 11:50,25103.25,0.3271,0.32937400000000006,0.345296,0.37646,0.42149842623272926,0.4847312786981876,0.5375664262327291,0.5961790705806962,0.6572052117420886,0.7064390705806961,0.769322,0.822114,0.8754339999999999,0.9184979999999999,0.92504,0.8767879999999999,0.8182960000000001,0.761466,0.696356,0.6307919999999999,0.565658,0.503812,0.45155115115303296,0.4122574534590989,0.3903608413365626,0.37885907055058904,0.3645016901835297,0.34715
27-01-2026 11:55,25084.4,0.3900790547158282,0.3824419382018958,0.39390238177619075,0.41017212725873026,0.442402,0.49358,0.5546139999999999,0.60846,0.662732,0.72255,0.7927599999999999,0.852742,0.9096336255852608,0.9492748767557827,0.9254258328792144,0.8334475107995949,0.7844928740471572,0.7514688889177346,0.6903360000000001,0.609339096548701,0.5171062973682328,0.4692481197150909,0.43284300772213,0.3898651121801404,0.3512673365404212,0.3287251121801404,0.300896,0.26015
27-01-2026 12:00,25100.25,0.3932,0.380636,0.3861392256530687,0.41385767695920594,0.4468532256530687,0.495246,0.551782,0.602974,0.6600061109659452,0.7312103328978359,0.7804961109659453,0.8392027777115556,0.9213297386459298,0.9615169942453454,0.9476634055112633,0.88648,0.82569,0.7565463509907038,0.6583503045507044,0.602838105726483,0.5605280833177159,0.4981144952173684,0.45138483173912286,0.407858,0.372302,0.344036,0.3132473050998615,0.2682065254993073
27-01-2026 12:05,25122.5,0.35913,0.350568,0.356794,0.381876,0.42358799999999996,0.479086,0.5441228678878656,0.6129386036635965,0.6564768678878655,0.706088,0.773826,0.829712,0.8984467326816341,0.9636881980449022,0.9700367326816342,0.911792,0.8487460000000001,0.788364,0.7242000000000001,0.656434,0.5881219898865542,0.5166479696596625,0.46683305068417524,0.4171851823928633,0.3920330607976211,0.37211,0.3432129390329918,0.2881446951649591
27-01-2026 12:10,25117.85,0.37709,0.36444,0.36814800000000003,0.39217199999999997,0.4388574221010682,0.5074842663032046,0.5561374221010683,0.602756,0.662624,0.722446,0.78494,0.8524760348793033,0.92049410463791,0.9590880348793034,0.9632539999999999,0.9071579999999999,0.846706,0.7942279999999999,0.735892,0.6621036461321967,0.5854869383965902,0.5353796461321967,0.48207999999999995,0.431836,0.392486,0.36158200000000007,0.332888,0.3012
27-01-2026 12:15,25117.6,0.30765,0.31729,0.34158999999999995,0.38362,0.43874799999999997,0.49943800000000005,0.561254,0.6261505155653553,0.6941595466960656,0.7439645312924082,0.8090260471811592,0.8573700157270531,0.9177960000000001,0.9699820000000001,0.9859200000000001,0.9292900000000002,0.861816,0.8095140000000001,0.746862,0.676416,0.5999849239816313,0.5104387315554284,0.4654968028132347,0.4449919596105345,0.42134,0.400858,0.385538,0.37378
27-01-2026 12:20,25109.2,0.39454,0.35391664766635555,0.37277754922211853,0.4102091916744829,0.4648855750234487,0.5164491916744829,0.573446,0.629374,0.6852739999999999,0.7404719999999999,0.806454,0.868722,0.935468,0.983402,0.987504,0.9313575495569677,0.8620586486709032,0.8067647005018543,0.7349634528346602,0.6795351509448867,0.6210840000000001,0.5539160000000001,0.489394,0.43089199999999994,0.380818,0.34540405396010376,0.31663016188031134,0.24873
27-01-2026 12:25,25134.2,0.27995,0.3086432729915959,0.36058981897478765,0.38595927299159594,0.431408,0.495674,0.5699654314498982,0.6455262943496946,0.6875374314498982,0.741846,0.808694,0.867846,0.938292,0.9889079999999999,1.008216,0.956688,0.8908580030082873,0.8144600090248619,0.7682060030082873,0.716788,0.645436,0.5808439999999999,0.5093901337624743,0.4429824012874231,0.42033013376247436,0.40288,0.387272,0.37778
27-01-2026 12:30,25098.2,0.34532,0.3424802088368059,0.36402806961226863,0.40439800000000004,0.45939399999999997,0.52518,0.593588,0.658134,0.713538,0.7685639999999999,0.8362999999999999,0.902746,0.972972,1.009906,1.014572,0.9560099999999999,0.8903239999999999,0.8308059999999999,0.765574,0.6983579999999999,0.62846,0.5616059999999999,0.49624799999999997,0.442642,0.4004579999999999,0.365956,0.33225,0.29361
27-01-2026 12:35,25099.65,0.32818,0.3397,0.367904,0.414754,0.472048,0.5438539069933223,0.6250217209799669,0.6740839069933222,0.7340074952783513,0.8149224858350537,0.8680874952783512,0.9249299999999999,0.991908,1.031258,1.02744,0.975522,0.8986408908823423,0.819958672647027,0.7708408908823423,0.7049742700734366,0.6155448102203099,0.5650562700734366,0.512736,0.45797200000000005,0.41458411578435045,0.3798143473530514,0.3585375496826229,0.3166571694913624
27-01-2026 12:40,25084.95,0.351556080485838,0.36186721609716754,0.389102,0.434488,0.49032600000000004,0.551398,0.6288312558064912,0.7274523167381739,0.7800889037625927,0.8209305493187005,0.880924865569803,0.9513985967094089,1.000144865569803,1.036422,1.029994,0.971418,0.9064079999999999,0.8401483942058658,0.7632471826175977,0.7023043942058659,0.630094,0.557948,0.4890702951170456,0.4199090681560691,0.391723218291502,0.37425930708390975,0.3476384603374117,0.334660427888763
27-01-2026 12:45,25083.9,0.3656344863227788,0.3506668972645558,0.382714,0.43804800000000005,0.5075430052704286,0.5902850158112859,0.6465453626824287,0.717479072236,0.772112357412,0.8354623986284592,0.9072811958853777,0.9568483986284593,1.018626,1.05544,1.045016,0.98525,0.919246,0.856824,0.78715,0.7129420000000001,0.637392,0.5654480000000001,0.504046,0.455778,0.42304600000000003,0.401878,0.388338,0.38058
27-01-2026 12:50,25065.25,0.3993,0.402514,0.426416,0.47115599999999996,0.5291999999999999,0.598954,0.6705835303115089,0.7372485909345265,0.7905275303115089,0.8618535643137532,0.9416466929412596,0.9922115643137532,1.0392045967256045,1.0717517901768137,1.0557145967256047,0.9782820000000001,0.9052100000000001,0.836084,0.761974,0.693888,0.623534,0.5447084813823568,0.46756744414707035,0.4118204813823568,0.363552,0.3324852796837422,0.3391268365629216,0.3359549875584746
27-01-2026 12:55,25094.45,0.33154,0.354208,0.4080927217013559,0.5031325705790173,0.5552519381262045,0.6002712816423204,0.6749706285021124,0.7219788761673709,0.776716,0.8557811978421705,0.9425375935265116,0.9918531978421705,1.04969,1.095364,1.07029578515275,0.9652645255339027,0.907661295379709,0.8727111700756529,0.806644,0.7337720000000001,0.65527,0.580206,0.5103219999999999,0.44848200000000005,0.402234,0.367836,0.34101800000000004,0.3115
27-01-2026 13:00,25087.35,0.32893,0.35926720686528224,0.4142076205958467,0.46097120686528226,0.522354,0.5919099999999999,0.6628000000000001,0.7340521308902107,0.8170823926706321,0.8754221308902107,0.939828,1.005776,1.072452,1.116668,1.101334,1.0334,0.9500279111513531,0.8680017334540594,0.8071619111513533,0.741386,0.6598027874645316,0.5720263623935945,0.5099567874645315,0.45652200000000004,0.41010199999999997,0.37254600000000004,0.337654,0.30072
27-01-2026 13:05,25077.3,0.37491,0.39195800000000003,0.427472,0.47938800000000004,0.5407500000000001,0.6145820000000001,0.687644,0.750238,0.8189280000000001,0.879972,0.942352,1.013226,1.08215,1.1224120000000002,1.0933182546662392,1.0145007639987174,0.9570782546662392,0.8944040000000001,0.8123419999999999,0.738898,0.6612102617338439,0.5722567852015317,0.5027622617338439,0.4409080622423771,0.3830001867271314,0.3452720622423771,0.304774,0.25246
27-01-2026 13:10,25078.6,0.38621,0.400684,0.43401199999999995,0.48261599999999993,0.544204,0.6159300000000001,0.685128,0.756238,0.828646,0.905188,0.9799019999999999,1.048066,1.113114,1.144938,1.118782,1.0470599999999999,0.96956,0.8949514073712921,0.806934222113876,0.751133407371292,0.6637123551362343,0.5370499070466633,0.46464292624300346,0.4314049802166238,0.4014300461928878,0.360384,0.31437,0.25628
27-01-2026 13:15,25088.55,0.4051467683539194,0.41534535367078385,0.444396,0.489962,0.550312,0.62537,0.6987460000000001,0.7645,0.830352,0.89806,0.9909512953034153,1.0784398859102458,1.1273912953034153,1.147472,1.13946,1.074184,0.9953620000000001,0.9241300000000001,0.8421360000000001,0.7635436109183031,0.6706428327549095,0.6063496109183032,0.5359160000000001,0.47098,0.414664,0.3580272222767853,0.3000836668303558,0.26639
27-01-2026 13:20,25085.9,0.43553,0.43859000000000004,0.458906,0.49979599999999996,0.5661164022713218,0.6555792068139653,0.7237923272410091,0.8047057749090617,0.8650879249696872,0.92516,0.993528,1.05866,1.142446,1.180728,1.149,1.072842051007155,0.9947101530214648,0.929711436407095,0.83846215619982,0.77348938539994,0.7018139999999999,0.609114833589564,0.5163165007686922,0.45627483358956406,0.3949062781693786,0.33700683450813573,0.29490827816937853,0.23747
27-01-2026 13:25,25098.05,0.46141,0.45679800000000004,0.470442,0.508228,0.5730704511582401,0.65923535347472,0.7194384511582399,0.786752,0.866422,0.940644,1.012346,1.09011,1.161878,1.1897884953843545,1.1525594861530637,1.1034384953843546,1.04793,0.9762199999999999,0.8972180000000001,0.815068,0.7311719999999999,0.647572,0.561126,0.477274,0.408492,0.35146,0.31981699967435817,0.3430649983717908
27-01-2026 13:30,25112.65,0.36831,0.3954591025003812,0.4484633075011436,0.49374910250038123,0.5571,0.63507,0.7148639999999999,0.795146,0.873038,0.949926,1.0382335639439881,1.1277366918319647,1.1726035639439882,1.212116,1.213112,1.158688,1.076833240899853,0.9817417226995592,0.9101172598295854,0.8166600567891968,0.7515500189297323,0.6785559999999999,0.591212,0.5129,0.44557800000000003,0.39313000000000003,0.3830787709472138,0.466593854736069
27-01-2026 13:35,25095.5,0.28249,0.38261235968147744,0.43248478656049244,0.5073847030326455,0.6094361090979367,0.6726427030326456,0.747992,0.8330179535085971,0.9322978605257916,1.0168824161389882,1.1493405582099874,1.2184517179715384,1.2488384034729285,1.2631117443847049,1.211418815219902,1.1383864456597061,1.0830228152199022,1.0072999999999999,0.9131923585060748,0.7878555204474055,0.720843693293618,0.6694239383123848,0.5927244801496112,0.548968971399387,0.5068424340485502,0.5160414780161834,0.5415099999999999,0.59249
27-01-2026 13:40,25049.05,0.37743,0.427294,0.5001959551244077,0.5938338653732232,0.6666199551244077,0.7443740000000001,0.823658,0.89998,0.975858,1.055414,1.1304201947216461,1.2154125841649381,1.275200194721646,1.294224,1.215142,1.134108,1.063336,0.994444,0.9184819999999999,0.8293300000000001,0.733196,0.6426940000000001,0.559574,0.487346,0.428276,0.391758,0.36309400000000003,0.33202
27-01-2026 13:45,25044.1,0.42625,0.47030284657334054,0.5212356155244469,0.6307565880454704,0.8220505990801517,0.9139085707054101,0.953631089652681,0.992544726308532,1.0262211756571629,1.0733477848114594,1.159448012749652,1.2631422102228238,1.3217065286712568,1.3039083230739796,1.1900918435378707,1.1158823218127223,1.0652688098016287,0.9815182586922748,0.9111654195640917,0.832518,0.736202,0.6413719999999999,0.5490424841268844,0.4557234523806534,0.3984104841268845,0.352624,0.298694,0.22099
27-01-2026 13:50,25054.3,0.37171,0.427498,0.49745799999999996,0.5809660000000001,0.673162,0.759986,0.84986,0.9345999999999999,1.005376,1.0933165052909717,1.2023235158729149,1.2705765052909717,1.33973,1.3680120000000002,1.2993521440241327,1.190312432072398,1.1354401440241326,1.064264,0.9789220000000001,0.883918,0.780814,0.681192,0.591074,0.5012158571404304,0.41671357142129106,0.3824135960712663,0.3438732167925078,0.34367
27-01-2026 13:55,25040.65,0.38421,0.44919250843169223,0.5384075252950766,0.6156005084316922,0.7110397594523198,0.8201232783569593,0.8996177594523198,0.97715,1.0558480000000001,1.135822,1.217154,1.301822,1.37546,1.3975171251474063,1.3074413754422185,1.215623660695502,1.1067401813236095,1.0396042595860606,0.9623825131407013,0.823595523573337,0.7431310630289719,0.6690366369233002,0.5659287862023081,0.4848669287341027,0.41488301842848974,0.36384305528546923,0.2960790184284897,0.20917
27-01-2026 14:00,25042.35,0.32664,0.413124,0.50691,0.6082059999999999,0.708466,0.802626,0.8894759999999999,0.976544,1.073198,1.15226,1.230764,1.3204099999999999,1.412552,1.4481182772310741,1.3482568316932226,1.2738302772310743,1.187704,1.09607,0.9962773859149405,0.8750641577448217,0.7829760268931211,0.6653499229345415,0.5964006409781806,0.525058,0.45735800000000004,0.4102939510363822,0.3430698778670144,0.2545701237893386
27-01-2026 14:05,25010.6,0.39868,0.4893989484910596,0.5939988454731788,0.6818729484910595,0.7930478772469806,0.9237245743059411,0.9963887049419788,1.0700009425649994,1.16919128034469,1.2802652239478067,1.3479894290858996,1.4186391590173755,1.5077793283109164,1.5223257761036386,1.385666,1.2677118273405796,1.1694434820217388,1.0939738273405797,0.9971519999999999,0.8928659999999999,0.78749,0.678262,0.57026,0.47473055766048683,0.3902556729814606,0.3274925576604869,0.255532,0.12281
27-01-2026 14:10,25041.35,0.37357,0.46139600000000003,0.5728842192726125,0.7042326578178372,0.7820602192726124,0.8610939999999999,0.951156,1.0666346644622022,1.1952679933866068,1.2702227727347342,1.3525403248175956,1.4148301082725319,1.4940440000000001,1.5223840000000002,1.4018937071397888,1.2577888614701553,1.1895949272921558,1.127907740050789,1.022576,0.922882,0.8329819999999999,0.7145450976907739,0.5771892930723213,0.5006510976907738,0.42164599999999997,0.358066,0.31102199999999997,0.25836
27-01-2026 14:15,25034.25,0.3695,0.46025000000000005,0.566038,0.6826253755305527,0.810548126591658,0.9065285484567177,1.0135755187784952,1.0960551729261652,1.19685,1.303412,1.3867600000000002,1.4837339999999999,1.558766,1.576808,1.4623240000000002,1.350253782735604,1.2492453482068118,1.172099782735604,1.0613139999999999,0.9363529800973718,0.8142169402921156,0.7261269800973719,0.626894,0.5213420000000001,0.4244791490885268,0.35759744726558046,0.31463314908852685,0.27147
27-01-2026 14:20,25028.4,0.40083,0.489468,0.6012715811149812,0.7259467433449436,0.8086235811149811,0.899934,1.001706,1.1207517981191946,1.2717803739166351,1.3543447367963473,1.4053969795590509,1.507944,1.590087513540807,1.5718805406224208,1.475917513540807,1.361198,1.278982747749428,1.1565362432482844,1.0635127477494282,0.967018,0.859924,0.753686,0.6469220000000001,0.542618,0.45283399999999996,0.391246,0.344592,0.28994
27-01-2026 14:25,25022.0,0.42522,0.5176160000000001,0.6229199999999999,0.732944,0.8529588645896315,0.9753365937688946,1.0611168645896314,1.162332,1.2677399999999999,1.3734259999999998,1.466638,1.55573,1.657518,1.6654801593134438,1.4441851687107428,1.3233372317932077,1.2764756912759982,1.1894723751326963,1.028100507824433,0.9453825237599586,0.8735303829319303,0.7653760000000001,0.6477520000000001,0.5036622761934003,0.32571956847487826,0.2487780942539275,0.20778753502416375,0.11719
27-01-2026 14:30,25040.85,0.39181,0.503794,0.6271819999999999,0.758108,0.8829279999999999,1.00027,1.123728,1.239554,1.346388,1.459736,1.5656199999999998,1.6711174356598502,1.7837983069795507,1.7969854356598502,1.6206300000000002,1.4805056464440454,1.363950939332136,1.2802568325649024,1.142679558362571,1.055775186120857,0.9459339999999999,0.8059886993884914,0.6519180981654742,0.5574806993884913,0.45727399999999996,0.36812,0.2873504746549684,0.1644523732748418
27-01-2026 14:35,25042.95,0.54896,0.589134,0.666382,0.771232,0.8936639999999999,1.002998,1.10376,1.222712,1.35522,1.5041566355547362,1.6268179066642086,1.6975966355547363,1.774552,1.798326,1.6669900000000002,1.5215153657489802,1.4080020972469407,1.3386530199660982,1.2039289626513543,1.1080636542171183,0.992934,0.86913,0.741394,0.6055619999999999,0.44962226633276425,0.27954878744684697,0.19261023167842695,0.10484
27-01-2026 14:40,25097.55,0.33389,0.432928,0.553974,0.6753480000000001,0.7921279999999999,0.9186460000000001,1.040746,1.155254,1.2593779999999999,1.4235319926008458,1.5811079778025379,1.6685530718625519,1.7831152377851176,1.821471079261706,1.779516,1.6498665850057637,1.4948097550172912,1.440446585005764,1.341118,1.212232,1.068458,0.9441440000000001,0.8319960000000001,0.6767380022673608,0.5004660068020821,0.4028860022673607,0.324906,0.26193
27-01-2026 14:45,25108.1,0.37525,0.4543058618960253,0.5899935856880758,0.7007578618960254,0.8287760000000001,0.9729380000000001,1.112504,1.230902,1.33823,1.471968,1.589288,1.7168450414474452,1.8426325940903194,1.8973614506913976,1.8696674697479843,1.712035731136827,1.5552031934104804,1.5013365638371248,1.3972104981008937,1.2762488327002979,1.1493120000000001,1.010306,0.8619704069077245,0.6892492207231736,0.5719724069077244,0.439462,0.310864,0.20319
27-01-2026 14:50,25122.3,0.4272388814237705,0.4564437762847541,0.561852,0.7033900000000001,0.83605,0.964348,1.1250160464483125,1.276056139344938,1.3650800464483124,1.482256,1.6258719999999998,1.7770020000000002,1.877694,1.9309877836939533,1.9288133510818595,1.8500770147585535,1.6807796931938004,1.61639954654839,1.5149169464513697,1.37885431548379,1.2405979999999999,1.090776,0.940234,0.7666668146365857,0.5787564439097572,0.4548348146365857,0.31667200000000006,0.16639
27-01-2026 14:55,25143.55,0.35345,0.409062,0.552586658361723,0.7425279750851692,0.8539526583617232,1.0174696030022126,1.2042508090066373,1.3056476030022124,1.413528,1.552536,1.6843679999999999,1.8008822733650671,1.928708820095201,1.9728947047334127,2.035643294105037,2.0094039430798603,1.8671725351345432,1.8250475117115144,1.720364,1.557566,1.3881020000000002,1.2260199999999999,1.0783999999999998,0.8859414016448992,0.6680582049346975,0.5534814016448992,0.4049,0.24166
27-01-2026 15:00,25118.0,0.22867,0.4313923773595476,0.6282011320786428,0.7749583773595476,0.93006,1.0819320000000001,1.240644,1.402134,1.5496,1.651308,1.7663460000000002,1.9813880000000004,2.0981300000000003,2.1600580000000003,2.217122,2.1140239999999997,1.9607701464694025,1.8384604394082076,1.7120601464694025,1.54935,1.374126,1.1976580000000001,1.016611386262178,0.8365981587865337,0.6814653862621779,0.5142040000000001,0.350298204027689,0.2563510201384451
27-01-2026 15:05,25134.65,0.20763,0.410884,0.585064,0.7589079999999999,0.9503,1.0987619999999998,1.2369119999999998,1.437824,1.621872,1.768434,1.9061862373616125,2.1157847120848374,2.1979382373616128,2.3433840000000004,2.497376,2.318852419891777,2.00768954354488,1.8472199544937313,1.7689123328494691,1.6531286829933067,1.442031766434782,1.2324272993043457,1.100847766434782,0.9453100000000001,0.754486,0.558918,0.34840399999999994,0.11644
27-01-2026 15:10,25154.95,0.16803,0.4255299369101131,0.6861338107303394,0.8523039219959792,1.020935955257598,1.1706118238073224,1.3957935161643698,1.5965662567849999,1.7935392541906297,1.9448164180635432,2.0775819999999996,2.28057,2.404544,2.5494339999999998,2.607748758764939,2.421909959800539,2.301675809282104,2.176377683505722,2.0766,1.869502,1.652058,1.448134,1.23035,0.9981800000000001,0.8003419814150382,0.5773659442451146,0.39054998141503816,0.17324
27-01-2026 15:15,25174.85,0.14225,0.41912399999999994,0.652742,0.8307959999999999,1.052392,1.302882,1.544042250081438,1.8779557863713996,2.0440433584626967,2.1951670361270863,2.32791,2.493242,2.667926,2.906028,3.0745500000000003,2.981936,2.822112,2.566538,2.367068,2.092988,1.8442479999999999,1.62059,1.395558,1.1809319999999999,0.98564,0.7264121818767707,0.41737854563031174,0.23712
27-01-2026 15:20,25198.1,0.0168,0.381068,0.7006387040455806,0.993866112136742,1.2237987040455807,1.496242,1.803226,2.0562116361270864,2.3907569083812588,2.632241636127086,2.80785,3.0185869999999997,3.179163,3.4791869999999996,3.4305944912350608,3.4971214737051826,3.388974491235061,3.1340899999999996,2.8634519999999997,2.592168,2.320008,2.046672,1.7717640000000001,1.4947320000000002,1.17274,0.8137080000000001,0.6252,0.3404
27-01-2026 15:25,25242.4,0.03726,0.36866200000000005,0.73839,1.1362800000000002,1.530638,1.914826,2.291272,2.66139,2.988551,3.273415,3.674503,3.8923750000000004,4.026163,4.35483,4.551535,5.081439,4.980347999999999,4.593284,4.211564,3.829056,3.44546,3.0603979999999997,2.6733840000000004,2.283746,1.7761989999999999,1.149259,0.980542,0.714555
