datetime,underlying_price,NIFTY27JAN2625200CE,NIFTY27JAN2625300CE,NIFTY27JAN2625400CE,NIFTY27JAN2625500CE,NIFTY27JAN2625600CE,NIFTY27JAN2625700CE,NIFTY27JAN2625800CE,NIFTY27JAN2625900CE,NIFTY27JAN2626000CE,NIFTY27JAN2626100CE,NIFTY27JAN2626200CE,NIFTY27JAN2626300CE,NIFTY27JAN2626400CE,NIFTY27JAN2626500CE,NIFTY27JAN2623800PE,NIFTY27JAN2623900PE,NIFTY27JAN2624000PE,NIFTY27JAN2624100PE,NIFTY27JAN2624200PE,NIFTY27JAN2624300PE,NIFTY27JAN2624400PE,NIFTY27JAN2624500PE,NIFTY27JAN2624600PE,NIFTY27JAN2624700PE,NIFTY27JAN2624800PE,NIFTY27JAN2624900PE,NIFTY27JAN2625000PE,NIFTY27JAN2625100PE
07-01-2026 09:15,26111.65,0.12662,0.12248625,0.118125625,0.11390125,0.1094456249999999,0.104045,0.099121875,0.096548125,0.095350625,0.093859375,0.092095,0.09051125,0.094886875,0.110845,0.15428,0.1671474999999999,0.1679399999999999,0.162569375,0.157333125,0.1522,0.146834375,0.1413718749999999,0.1361093749999999,0.131105625,0.126245,0.121356875,0.116414375,0.1115
07-01-2026 09:20,26141.4,0.10025449999999993,0.10372164837126176,0.10713630067151675,0.10874573987726065,0.10699332057125252,0.10250757717493615,0.09783668369974469,0.09530755679961699,0.09446075401224467,0.09342248342493606,0.09183542611369101,0.09104238469302232,0.09780779326017751,0.1170874588608256,0.15830505974809037,0.16907186844948957,0.16923179423068035,0.16389934703485795,0.15839694207289023,0.15296683262655741,0.1476684231549426,0.14247162193682122,0.13735477122190903,0.13228155363763636,0.1272923897840424,0.12235395114655287,0.11764391967624066,0.11342706317704751
07-01-2026 09:25,26139.35,0.0956725,0.09910764079267309,0.10330923989855453,0.10576099280001,0.10452317938014852,0.10092663234505946,0.09705318563023817,0.09443998898047759,0.09329155902071945,0.09226464555578148,0.09075835327739325,0.09063320138663192,0.09943303953692663,0.12162592747855744,0.16130022566674132,0.1706359886094066,0.17032353096488692,0.16472985754394948,0.15867978416040446,0.15289477090147263,0.14767846715384736,0.14266122166079268,0.1376089933898306,0.13261441097931667,0.1277297276343193,0.12286407232792312,0.11822676778190551,0.1140885659715946
07-01-2026 09:30,26128.95,0.10182025,0.10468149932225343,0.10841832658318083,0.11003419611184415,0.10805447964914182,0.10431446088218987,0.09995393686963178,0.09620408434470601,0.09422652466104754,0.0929672292409482,0.09144015756472941,0.09063259839254349,0.09749602829225898,0.11726474709182712,0.15948240677097977,0.17064963775304298,0.1708605370568094,0.16499836147387206,0.15862115358362838,0.15264268749777912,0.14736461942257553,0.14228192916326293,0.13718206582660059,0.13227998125634335,0.12753589061553483,0.12272904467204128,0.11798998735118435,0.11353295562514304
07-01-2026 09:35,26131.9,0.09673159311603517,0.10157860266918214,0.10649303213465225,0.10876685513259361,0.10754280461127042,0.10438031056876051,0.10002373818376137,0.09577696192335772,0.09325726370344845,0.09201214525213744,0.09087526544363228,0.08953308257505035,0.0943332330074375,0.11154262731150195,0.15710825505826873,0.17046574559327424,0.17126970796296562,0.1653043282995797,0.1590155114853533,0.1531374234780299,0.1477348365573586,0.14238290472185963,0.13712582543203197,0.1322477846630213,0.1275663357538507,0.12277875029363908,0.11805106443177209,0.11361457106012032
07-01-2026 09:40,26145.15,0.08892590918416395,0.09510756465164304,0.09987976109767091,0.10243097064382672,0.10247876345547711,0.10043737279508774,0.09713689754855998,0.09367838080831659,0.09131542927473703,0.09021596079750187,0.08929591433283329,0.0878258446298188,0.09242232530499034,0.10974732514865533,0.15655377851539537,0.17037040930962763,0.17123351720361316,0.16521999136615484,0.15906057041268937,0.15335583731042898,0.1479492315932724,0.1424764313490543,0.1371484582555978,0.13220885142849792,0.1274143507918212,0.12250989042831185,0.11773043967732949,0.11332193107118604
07-01-2026 09:45,26113.1,0.09907020632675548,0.10366870359680183,0.1060286956566344,0.10660264067716305,0.10532389035288647,0.10219937950196059,0.09855441243885205,0.09546347104226768,0.09337893409106224,0.09198557687108601,0.09048556774153688,0.08862138832352937,0.09294476017049212,0.10984333143257351,0.1557884496353411,0.1694136523183575,0.17030405526751874,0.16437841527046204,0.15828443670616119,0.15258933916069195,0.14705444811596238,0.14149775875914705,0.1362642131364193,0.1313376965107869,0.12631932685358202,0.12117321994209378,0.11628243142136664,0.11180175144296221
07-01-2026 09:50,26110.0,0.11614103558897201,0.11681785344185606,0.11684266298180518,0.11554666394506112,0.11196918577668305,0.10671793465486737,0.1019301879920891,0.09888801232105203,0.09704366740022716,0.09520227548163532,0.09305930149648235,0.0910374975279884,0.09531639603800551,0.11166716268206847,0.15570805116447256,0.1687598633767124,0.16954587060529708,0.1636921464529028,0.15754621081161163,0.15172129916252786,0.14609566250653014,0.14053161242301396,0.1353483964584681,0.13045433433990536,0.12536470533368888,0.12009405192227275,0.11516060478263172,0.11073236991900524
07-01-2026 09:55,26108.9,0.11653117824436478,0.11683062508318448,0.11853488735623675,0.11844792244837837,0.11463204544110366,0.10893489637972292,0.10400295529335618,0.10117990406858862,0.0994693350755641,0.09734675286858108,0.09480249700161848,0.0932550753972399,0.09950632772608473,0.11843093962926167,0.1594120103556058,0.17002307062256491,0.16986078401683172,0.16397787924022514,0.15782706383590098,0.15191585798030172,0.14632989001146926,0.14078701623277082,0.13542565574350374,0.13049666159257822,0.12559681725907823,0.1203105870515172,0.11518721089149082,0.1107744999999999
07-01-2026 10:00,26140.3,0.10096327692588504,0.10490649342673022,0.11089922418587203,0.11416923108485996,0.11272378248390692,0.10915863153393232,0.10538337990342075,0.10244341931293399,0.10024487200203858,0.09783476336493874,0.09506606535165635,0.09397061852018423,0.10217415914151796,0.12392051736707477,0.16296867675825533,0.1716444804313009,0.17074591267123077,0.16493358574610023,0.15898141495393217,0.15312147567035947,0.14746157172815968,0.1418115528351395,0.13633720397023344,0.1314345919600599,0.12668360403485734,0.12141992565307157,0.1161298386820939,0.11150599999999991
07-01-2026 10:05,26142.95,0.09391548802373112,0.09845044168205239,0.10407259504342985,0.10776224282626623,0.10885623631956769,0.10835869640393835,0.10579469253785742,0.10227254102481272,0.09959805426612209,0.09742320990055335,0.09492584608856121,0.09337384819936732,0.09999011239727218,0.11955769599703477,0.16051089471968963,0.1711489253156194,0.17119207162206856,0.16558997340266238,0.15973454062936673,0.15403726861221215,0.1485101583797961,0.14299008508851385,0.1376400528252207,0.13269727101399428,0.12787756686731885,0.1227169254278937,0.1173850019546745,0.11226674999999992
07-01-2026 10:10,26159.15,0.1046152989020728,0.10351799267459161,0.10319729163043723,0.10319859004852097,0.10424616430479308,0.10506343514365585,0.10267766321890646,0.09864848675069883,0.09630249488081542,0.09512727752480035,0.09335838892754687,0.092074088068187,0.09882122707216422,0.11857378375601346,0.15962726254916465,0.17086720675024003,0.17157232130215952,0.16628210796428933,0.1604383075382452,0.15486882126417809,0.14957310121203854,0.14424541185695128,0.13897799602313815,0.13393917769822639,0.12903377091245963,0.12396309774193177,0.11864273936491472,0.11324774999999991
07-01-2026 10:15,26183.8,0.12024780489020728,0.11183541807547123,0.10619784603684551,0.10271690205156923,0.1017150226020709,0.10143538637011285,0.09842944066990365,0.09442703767671402,0.09259163369007978,0.09192876589725818,0.09049130300387095,0.08995650584855146,0.0987579039224668,0.12157610925195725,0.16199603997420126,0.1717568169115456,0.171923760447991,0.16664018075241221,0.16081084283366376,0.15530564928599702,0.15013349248486968,0.1448980719904439,0.1397126716127773,0.1346893710281943,0.12971414062499992,0.1246340624999999,0.1193925312499999,0.11408025000000001
07-01-2026 10:20,26169.15,0.134043,0.11989749309946515,0.11064355444294488,0.10548524934311318,0.10302954930730873,0.10103738433180674,0.09735442720907797,0.09378183587350675,0.09206872486892204,0.09098176859969213,0.08928331347422358,0.08820176512241375,0.09539307337925157,0.11613757683778222,0.16004594852676118,0.17103056047926785,0.17105093108078212,0.16550399727456533,0.15989565885954793,0.15462296392837815,0.14958416916262604,0.1444241514577991,0.13931568390299923,0.13434476472574974,0.1293418749999999,0.12421815155704467,0.11900042496726851,0.11377392491271629
07-01-2026 10:25,26152.25,0.14200225,0.12583813694933524,0.11415864290525043,0.10773595622305647,0.10478721953994206,0.10213992964085379,0.09841775555948985,0.09518809381119403,0.09321566092036,0.09149290497883321,0.08941865071008104,0.08765662086209564,0.09285236208850328,0.11069368447518764,0.157090187572835,0.1697807103487695,0.17002895498829507,0.16433137038517348,0.1589619634468326,0.15386806693225666,0.14879518962655527,0.1435199162626809,0.13827437508593532,0.1332418476777338,0.12825857279488817,0.12314104112500072,0.11805378552212742,0.1132167491271628
07-01-2026 10:30,26130.45,0.14130995476528843,0.1288569418044061,0.11777825863220368,0.1102673237801026,0.1065162280410162,0.1037880957992242,0.1004694833558796,0.09731157068586797,0.0948021602716844,0.09246038306414751,0.09003257372490267,0.08815351234543614,0.09318655150627353,0.1105705677243327,0.15636316692954846,0.1696640377694358,0.170214900527495,0.16427542830995503,0.15853280722098562,0.15327550952381624,0.1480611007334218,0.1425988217964144,0.13725036439285765,0.13220698105991627,0.12718536592069038,0.1219735144171115,0.11702918294943468,0.11277570562190109
07-01-2026 10:35,26133.05,0.13491479765288522,0.1272459054082872,0.11873130868644001,0.11167752416248994,0.10743533994882006,0.10445831725341398,0.10146688417311515,0.09846386785901677,0.09559678912095798,0.09288254614238883,0.09040560794666413,0.08858235662789343,0.09357083454471934,0.11083067304300102,0.1560924836164284,0.16968293007907037,0.17058079886742933,0.16466087643661403,0.1586615545282814,0.15320458266024248,0.14784527657592375,0.142286228150266,0.1369687250168439,0.13193472930873013,0.12673490877606575,0.12131803032627389,0.1163982952362373,0.11239801227524049
07-01-2026 10:40,26144.05,0.12831668577519353,0.12308486295562635,0.1171098499761206,0.11164672661365985,0.10737136690891234,0.10386253736322,0.10088937259959226,0.0981336275417404,0.09528627898371264,0.09256131932139487,0.09029264434634106,0.0886026438797562,0.09347217415747566,0.1106338291163543,0.15618429541005854,0.16955168629028447,0.17047880668428725,0.16494111916328136,0.15925365329207197,0.15374726391946592,0.14829444033759767,0.14277059897237002,0.13741800348157993,0.13221884830602948,0.12686719581642086,0.12149509744476554,0.11675424507451522,0.11282636656683463
07-01-2026 10:45,26141.15,0.1316545476528853,0.12373035174081787,0.11784511531688771,0.11294115541459154,0.10768307676558551,0.10325068398135984,0.10058654808482231,0.09863225735671904,0.09629899421542018,0.09369856851122162,0.09141201447386743,0.08959871276566855,0.09412554316432777,0.11084118352807215,0.15639073640867687,0.16951259134110055,0.17032464507868245,0.164906316730424,0.15936832472345613,0.15390526697693668,0.14854551194169613,0.14314130268941253,0.13774842222315792,0.13244698637105534,0.12716859605595185,0.1219723347495256,0.11717887680576744,0.11286676385403305
07-01-2026 10:50,26146.85,0.13627070476528852,0.12384216913814709,0.11753321678724088,0.11341526224657958,0.10740714587482246,0.10234865823449887,0.10026549883258193,0.09923516449433319,0.09754651656757082,0.09516249706893926,0.09276055024704392,0.09077760725084155,0.09522488120976524,0.11190704314110961,0.15701525810439057,0.17003703499976788,0.17084099401234637,0.1652592353024056,0.1594402531732267,0.15391324041735865,0.148748645533728,0.14353984979675533,0.1382027499999999,0.13287463944416922,0.1275359484016771,0.12222872537582702,0.11714078066654528,0.11227171937298173
07-01-2026 10:55,26168.55,0.1324157332181584,0.11945521891410571,0.1151709913873951,0.11383953730303584,0.10931147296893426,0.10454319420808615,0.10199396382070419,0.10024170118139093,0.09820524245953906,0.09580891363812921,0.09337042229867047,0.09189679695903233,0.0981319471438611,0.11730971863008288,0.16016077930042003,0.17156623650621575,0.17179678270509752,0.16600771632767927,0.1599013070189035,0.15425599220351763,0.14920351425897696,0.14414663210384543,0.1388571118616117,0.13346809081013056,0.12796020941323463,0.12248859133751022,0.11729259703694847,0.11225394121799728
07-01-2026 11:00,26160.15,0.12902502030556168,0.11466684931838458,0.11243259694598787,0.11459244694778073,0.11241217923699415,0.10816441623539927,0.10465650843625755,0.10162673337033093,0.09877554535093656,0.09605971117019187,0.09354483534143829,0.09257467937312744,0.1004527357899532,0.12192469648358545,0.1629362540472907,0.17283203951869502,0.1724575227612146,0.16652950110833856,0.16032311170796135,0.1546295237515369,0.14956778124936337,0.1444636987926984,0.13907384847390925,0.1336347698439406,0.12824814702268475,0.12299562928426179,0.11784907008973383,0.11264324999999999
07-01-2026 11:05,26182.1,0.12768132916662892,0.11111250006381596,0.1088379752018007,0.11181964066221194,0.11008460169406734,0.10588878742226142,0.10233061513135022,0.09938745412963004,0.0965942109768703,0.09393310042551939,0.09155443497449207,0.09019404289004343,0.09675063344283727,0.1166096924908808,0.16069165874544042,0.17247403073256154,0.17274054218404503,0.16690094771456415,0.16067529778528583,0.15474138633117135,0.14950455535411808,0.14443142711237147,0.1390470429237711,0.1334986954980878,0.1281842795557131,0.12326038985844313,0.11829510710085259,0.11297375
07-01-2026 11:10,26166.7,0.13400721841318403,0.11741627558566652,0.11194073132842754,0.11066334868837767,0.10660387279295204,0.1021416174492961,0.09928784697449422,0.09705440976372873,0.09457288615037972,0.0920320261140816,0.08974730636388455,0.08792955468386668,0.09298448309169485,0.11084188551287996,0.1576324421521278,0.17119658850694316,0.17208899664664704,0.16650169380006177,0.1605447858118122,0.15452690590829032,0.14907128037097328,0.14405636208039097,0.13879768942481757,0.1331190182724568,0.1276461858137857,0.12275458500943147,0.11786755329435303,0.11256125
07-01-2026 11:15,26148.15,0.1413178644579362,0.12782808504744975,0.11950302729976803,0.11302856196497449,0.1064393034441051,0.10182737595126162,0.09938231558389148,0.0975752253493121,0.09531692341522789,0.09259480761297281,0.09004895046144434,0.0881300171991902,0.09293271313088265,0.11018983562176518,0.15641604624353037,0.17008920570339278,0.1710499616649008,0.16549941727093415,0.1597606027486173,0.15407963113513778,0.14871214379980807,0.1435766188343459,0.13825280489668845,0.132560911622817,0.12696660322486333,0.12185861600926996,0.11689187285976971,0.11169150000000001
07-01-2026 11:20,26148.9,0.1394391881239778,0.1320401665939101,0.12439437041103373,0.11547685071463487,0.1074958364635174,0.10246800573553565,0.09959443239761266,0.09795834384804734,0.09625071187234101,0.09351373518029255,0.09067493176120175,0.08866919581710238,0.09322131963038255,0.10983422258671753,0.15534438267343517,0.16944221117373293,0.17069566458633495,0.16501810096346833,0.159081675327778,0.15350265701721763,0.14827785359304968,0.1431180183310734,0.13775779364167093,0.13211522632789913,0.12647577562276288,0.12119814546472737,0.11618277327834589,0.11109925000000001
07-01-2026 11:25,26140.4,0.13667875000000002,0.13278517065575604,0.1273420260500065,0.1188394243328087,0.11024839510755381,0.10471361633625384,0.10161986129712434,0.09981067555701763,0.09802474493951958,0.09521592312325333,0.09222665566538027,0.09003000230889821,0.09424352181391646,0.11034452634715339,0.15533786519430692,0.16940217364335491,0.17074437829310862,0.16507359736850166,0.1588400009976617,0.15286238683680567,0.14757367726147907,0.1426387674175943,0.13743334218777042,0.1318443094493582,0.12627606221564366,0.12103030240757093,0.11594095098724908,0.11074350000000001
07-01-2026 11:30,26144.45,0.13574403518063866,0.1302427074493125,0.12626000135404836,0.12022198834584227,0.11238627118095326,0.10666788621167914,0.10347346688447982,0.10114704048172383,0.09871040711328999,0.0958480268231455,0.09307427720964351,0.0908648323797335,0.09495359134134648,0.11105164610225549,0.15628441720451108,0.16995418135366613,0.17109932947888168,0.16547544207482784,0.15916693315944144,0.15296285916786306,0.14763873950684558,0.1427968243532261,0.1376529582239215,0.1321398953771882,0.12659626249310238,0.12127026309011654,0.11611503809356537,0.11093075
07-01-2026 11:35,26160.05,0.13636835180638648,0.12794723645868503,0.12360374553227661,0.11928622555629026,0.11284575264143668,0.10681310798897597,0.10247575087921551,0.09931949162954545,0.09661240181068341,0.09403315135484255,0.09173489612517037,0.08979788032400339,0.0940911436306975,0.11058763169881147,0.15667803346769263,0.17024801632563943,0.17127352700865137,0.16576179974102087,0.15979606797326526,0.1538345713504313,0.1483442013831105,0.14313749518649724,0.13792230631966043,0.13256715861931348,0.12701484293625073,0.12152955572609264,0.1163331987649695,0.1112505
07-01-2026 11:40,26147.1,0.14141813325149571,0.13043377529312142,0.12358525028072118,0.11854017661939893,0.11311379342878074,0.1075370193484194,0.1024827627896476,0.09863391671110987,0.09580454269241039,0.09339690092394223,0.09122253941218826,0.08930258326535624,0.09365886895633581,0.11031416363531796,0.1564855,0.1697633375423767,0.1706107328760651,0.16525285193229944,0.15968817139003058,0.15395224509311184,0.14825647413674883,0.1427327289323087,0.13749399706063328,0.13233692425205207,0.1269460964408573,0.1214144299814231,0.11606702967987151,0.11097275000000001
07-01-2026 11:45,26136.15,0.14931987169334998,0.13416533320455742,0.12325116453787759,0.116300579316063,0.11136423117003925,0.1067102049762324,0.10202740907862116,0.09828486848987344,0.0955725314558068,0.09325409146346154,0.09106801373945685,0.08912562564418207,0.09354365468698528,0.1102742717260413,0.15621640955225588,0.16915790539204048,0.1698050648977409,0.16449812782672063,0.15909330714091413,0.15345267554144087,0.1477964935178688,0.1422143592820655,0.13685852840339346,0.13176919887352226,0.12659516900577752,0.12110574387807423,0.11567655211477709,0.110656
07-01-2026 11:50,26138.65,0.15228573405027335,0.135165645195043,0.12200807017661,0.11393228287146977,0.10900860537694783,0.10449470686382828,0.10004601683017235,0.09669067135432187,0.09421204849981116,0.0919698133379623,0.08991855602267329,0.08822714596263488,0.09295200428027237,0.10996794828626548,0.1558612205225589,0.16876993900926,0.16943242192319144,0.16412043153181097,0.15868277554060375,0.15306091867369007,0.14747533561355727,0.14186069237606017,0.1363693225795033,0.13128270422934804,0.1262821107304699,0.1209875326867246,0.1156643221084058,0.11060600000000001
07-01-2026 11:55,26126.7,0.15390635796534252,0.13666495389872316,0.12258411425103773,0.11369184608542471,0.10858914631955482,0.10430608707195634,0.1001862565440721,0.0969269920472465,0.09430795370264891,0.09191380600176698,0.08982299817639912,0.08816490214902645,0.09293988956834139,0.10999578611887237,0.15557955944060603,0.16860308988978748,0.16938225970291126,0.16388816832869282,0.15808348663849603,0.1522760724587112,0.14672711300288,0.14127068600003692,0.1359385869645659,0.13088560168390373,0.125902178106773,0.12076601576867238,0.1155627306483405,0.11039875
07-01-2026 12:00,26121.55,0.16135769068692996,0.14086919550572957,0.12504108299731004,0.11543614609400672,0.11002675431694957,0.10589400146934663,0.1018861930624453,0.09836806853204742,0.0955713344475315,0.09318059187676742,0.09096623032300873,0.0891088581057896,0.09380338227041159,0.11084128271974782,0.15578958983239793,0.16864928037521948,0.1692620215458161,0.16327313687972356,0.1568979492641287,0.15101042028434297,0.1457829225987182,0.14067997354173162,0.1355767253697482,0.13055886746171327,0.1255312400727104,0.1204202499999999,0.1152323437499999,0.11000099999999999
07-01-2026 12:05,26110.95,0.1665839380599161,0.1444224382092005,0.12823001040397816,0.11857349521000708,0.11262609381116526,0.10802198128547637,0.10369695722739862,0.09984676356084682,0.09698115518516096,0.09466666700159114,0.0923252237736708,0.09085323532481082,0.09720135292325638,0.11647453996345397,0.1584057276506462,0.16899511596600286,0.16868176057606335,0.1624543185439833,0.15599448206334365,0.15033379657236484,0.14547620814689788,0.14057796215370094,0.13546524510193622,0.130380639400484,0.12533243224320714,0.12021319675080402,0.11499904600888895,0.10973948444760882
07-01-2026 12:10,26110.45,0.1668698527113148,0.14607267990147524,0.13044613657028087,0.12056731454831357,0.11414597539866683,0.1093109388890393,0.10500684742423916,0.10114112690363274,0.09809900987384962,0.09554749470977592,0.09307229297494571,0.09213236568384599,0.10009654939575942,0.12144565306024732,0.16073502257710265,0.16922567624729423,0.168215013219403,0.16228068216439978,0.15618111541145352,0.15054190597903516,0.14555071526614524,0.1406084020978738,0.13545397573661927,0.13029831862754832,0.12523507243207133,0.12025556624924885,0.11543700566113684,0.11077742433541324
07-01-2026 12:15,26107.4,0.16314691817295268,0.1456251509472842,0.13115262524757176,0.12098872329513166,0.11442073674985649,0.10979083727543096,0.10561389614478567,0.10161778213107672,0.09819526781273905,0.09535322024177702,0.0929570364565564,0.0916425769139167,0.09794240993963761,0.11694791729792396,0.15846050559839037,0.1685646408834185,0.16813797089471882,0.16244750213111903,0.15650856496152182,0.15060908664403522,0.14528831586421295,0.14031651921043514,0.13525983221422824,0.13015390384777722,0.12514963183901615,0.12041376037628884,0.11622726825746804,0.11255351865020166
07-01-2026 12:20,26103.3,0.15342297657165305,0.1418684386633107,0.13029758643038147,0.12061035985421459,0.11414058560741026,0.1097547893626602,0.10562679468432296,0.10146049699447905,0.09785212860291648,0.09499030065351992,0.09274185647449718,0.09092589206680987,0.09535890021833264,0.11182295076733002,0.15590079360514292,0.16789297897758948,0.16809106837402626,0.16247905898323267,0.1566397305396433,0.15062308775579614,0.14499562432298843,0.13975948272987132,0.13460863517019328,0.1296771191137543,0.12498769731485884,0.12038618434715419,0.11614793663932803,0.1124297819439232
07-01-2026 12:25,26106.55,0.1451340975435774,0.1367707384847491,0.12788472185082944,0.11967988095517626,0.1135791534097924,0.10915825228611141,0.10507918725901856,0.1011527344413772,0.0978467033905091,0.09511167105214371,0.09271130788102938,0.09072514297892142,0.09515401706670511,0.11163419839062955,0.15555153141009395,0.16754008682394975,0.16768917949034562,0.1621888963824946,0.15671357202868652,0.15093004058579862,0.1449877136260064,0.13913088374223115,0.13376329793692793,0.12920899749480255,0.12495875187049102,0.12036975630365057,0.1156243130043344,0.11105527976879676
07-01-2026 12:30,26108.85,0.14091122557843933,0.1316408617450514,0.12418125465109589,0.11815834029666139,0.11300671301119956,0.10867981668379895,0.10478716945586586,0.10123020799560412,0.09820941252655083,0.09547443776059142,0.09273351653461137,0.09107472247386605,0.09740341199304449,0.11648871279883552,0.1576837093860204,0.1678639796522134,0.1673510617558336,0.16190916260411814,0.15677211049226286,0.15134168104993562,0.14536051689124627,0.1392702019944509,0.13394884230787965,0.12954056805043257,0.12520932759626646,0.12045799297622688,0.11559286774812086,0.11089910566165573
07-01-2026 12:35,26106.25,0.1346323475435774,0.12535048610202515,0.11889763710890199,0.1143798594230233,0.11028704239327235,0.10646423520303844,0.10287607054373303,0.0996153045047138,0.09687557568501215,0.09434586631830497,0.09170528097106369,0.09066508688295198,0.09882395704166357,0.12044195616292214,0.1599066225621248,0.16883175677587234,0.16795248620319408,0.1623932527194894,0.1570691540345801,0.1516547706049436,0.1459367766769536,0.1402024852338172,0.13496898714816144,0.13020517339759494,0.12541735515438412,0.12050842392136304,0.11590730692922674,0.11180327633168433
07-01-2026 12:40,26103.5,0.12962773475435777,0.12284591611839586,0.11707770534549086,0.11221142692056672,0.10794469436104348,0.1039263370838711,0.10007859130632235,0.09697360245188673,0.09466080372512241,0.09253117249386983,0.0903302063289146,0.08904197776959792,0.09555920993117396,0.11494379611297066,0.1570985576868077,0.16800408030390768,0.16790481694014087,0.16235960789493456,0.15687884301365002,0.15139404081577687,0.14589588698438533,0.14046775180290724,0.1352182312254467,0.1301032101409622,0.12491437382143059,0.11980400039656737,0.11536865076921163,0.11172164725535977
07-01-2026 12:45,26084.3,0.13186802982176057,0.12662048204223939,0.12070306949661677,0.11474778737418742,0.10967797999441346,0.10508085053387142,0.10077382166498261,0.09753113858554681,0.0951904248302204,0.09299755669343701,0.09082975308493169,0.08893511126962053,0.09336947967896052,0.10986334598306628,0.15397827304014852,0.16649262724588948,0.1669884004988485,0.16159630451409107,0.15623395260405545,0.1507083888857933,0.14515413801619,0.13976143697731322,0.13447200443127771,0.12921512596924387,0.12389687900792128,0.11869780666887232,0.1143059298796091,0.11086292937972266
07-01-2026 12:50,26084.8,0.13383354821760582,0.12863554719248982,0.12303093255231051,0.11738779818614399,0.11235191567557606,0.10772066093763963,0.10337859989912702,0.09984387099280717,0.09703454309471009,0.09447426278172052,0.09209459873031756,0.0900240014790648,0.09408510818852187,0.10992158867785119,0.15347167837472472,0.16615077626784663,0.16685712676350115,0.16155493194560522,0.15614176943297406,0.15047845999791734,0.14476285070565845,0.13928020502278293,0.13390953488611704,0.1286547941236136,0.12360470440763757,0.1187015357286123,0.11437107535297872,0.11088365447873884
07-01-2026 12:55,26089.25,0.13301943892123202,0.12708657686861458,0.12236095554140304,0.11821204300069219,0.11372805470778344,0.1089404087735566,0.1044500819103349,0.10076853240752762,0.09773197954177311,0.0949663982103374,0.09248971710977318,0.09040973111441357,0.0943916211575035,0.10999373066896098,0.1532986883877572,0.1661590416863946,0.1670749822043791,0.16190947676807854,0.15650388188265452,0.15078180142068562,0.14496128578135303,0.1393257861161411,0.13390443153999723,0.12879190148124756,0.12396212408344397,0.11917202765001965,0.11465022993464809,0.11067548767947476
07-01-2026 13:00,26099.15,0.1324710695130207,0.1251346531040914,0.12065497017778194,0.11758454208674317,0.11357912734145383,0.10865531980681037,0.10402748957645737,0.10036885712900395,0.09732342292240559,0.09448911418790844,0.09203710748091522,0.09003158779649817,0.09410938463283464,0.1099567095915141,0.15390727014250813,0.16661729266383235,0.16738202175965453,0.16222438139114656,0.15687415747342126,0.15114008536134912,0.14528407548760794,0.13955905489907675,0.13404559300415483,0.1289306339396799,0.12413234615464605,0.11928986377802682,0.11442482288581857,0.10972619436218302
07-01-2026 13:05,26103.3,0.13090776815350721,0.12297985682439853,0.118630562540297,0.11590479925018218,0.11194547443045251,0.10712116665079745,0.1028137873618986,0.09934879466765968,0.09628032797962938,0.09344840755883607,0.09111553044320171,0.089220224975634,0.09347450150507455,0.10974593007451902,0.15445456226510357,0.167249250172671,0.16794013634683114,0.16258581029433647,0.157076265795068,0.1512992641345298,0.1454968934644006,0.13985976343108877,0.13428267262505955,0.12899186302723614,0.1241983585596476,0.11945039035737198,0.11442709316741931,0.10928558177978484
07-01-2026 13:10,26105.85,0.1318600212954148,0.12277923566776172,0.11770133700572494,0.11465565023376892,0.11040181420884934,0.10542396816352069,0.1014562436329828,0.09849154999342666,0.09568291040590975,0.09296673163473601,0.09067117094330293,0.08871463495721107,0.09297631481607706,0.1094316713852916,0.1545161530887369,0.16760487305357402,0.16831958696943988,0.16273457231765284,0.1570095231383263,0.15114928287715457,0.14535007113312176,0.1398033850090958,0.13434671454772887,0.12909828123608091,0.12426840812231325,0.11947105027360332,0.11441565703952279,0.10925525
07-01-2026 13:15,26097.2,0.1344794021295415,0.12470627990628849,0.11827630269844826,0.11402566994300246,0.1093561306219803,0.10428909208178,0.10039295411671835,0.09777288934047391,0.09531644527424722,0.09286671431419553,0.09092032468856487,0.08936370346478094,0.09379333495448328,0.11007885927718228,0.15460809900532402,0.1673923821713672,0.1679599077338736,0.16239628835749736,0.1567533629341476,0.15095239153915058,0.14508094213464073,0.13940535744724233,0.13399857850456698,0.12865432129720303,0.12333739328917112,0.11830904897903967,0.11367925738161032,0.1092718319636843
07-01-2026 13:20,26097.45,0.13566275,0.12817743992529881,0.12145694670258884,0.1151346014454627,0.10922785494703234,0.10413288247723854,0.1001846101625743,0.09732330530033965,0.09484711430937182,0.0931638882686614,0.09386982554723107,0.09630170439973117,0.1028551079449084,0.1179532914939219,0.1567052317298167,0.16713965415396026,0.16696593963559633,0.16150902743485468,0.1560206711627569,0.15043522101049983,0.1446129279605039,0.1387003477859821,0.13306240530129623,0.12747800857140387,0.12183368973408237,0.11684490328969058,0.11290117787844572,0.10956206963684292
07-01-2026 13:25,26076.35,0.137247268900747,0.13315528754046463,0.12698087782709816,0.1187376983751529,0.11103664268181357,0.10540490997744717,0.10135455654069749,0.0982678056092381,0.09562481971462548,0.0944332315713148,0.09729576024968575,0.10367570133290471,0.11373705301105869,0.12999745673618818,0.16109000449917038,0.1676153066502148,0.16610392024298623,0.16059689828581167,0.1550774342477867,0.14954025498894316,0.14380733372778987,0.13780776951579654,0.132014091417558,0.12669599733147766,0.12157556274046295,0.11677942582718207,0.11276386278540218,0.1093853616213195
07-01-2026 13:30,26070.0,0.13895018900747,0.13615851377051152,0.1305404223771351,0.12197018193677939,0.11360745244392567,0.10752187619332962,0.10322239437380772,0.09990457001755611,0.09703590272262935,0.09508750575255093,0.09552801425018367,0.09895785347885824,0.1089074416449024,0.12841744967327473,0.1612780708394357,0.16738980512468404,0.16568959301403546,0.16004158805982888,0.15431891021569952,0.14874669569697646,0.14329002761758416,0.13764237820336603,0.13207454878613487,0.12699766536436569,0.12207053102348278,0.1171219869058074,0.11265467769664912,0.10873868238686471
07-01-2026 13:35,26074.55,0.1388429003739709,0.13574604189249442,0.1306772847199994,0.1230153156068425,0.11525569506796972,0.10932660503118392,0.10469493335130112,0.1008535104273415,0.0976597601781831,0.09493680062484797,0.09277764352156861,0.09181643698614875,0.09815354890374772,0.11666118161847043,0.15665253269767193,0.1662879767135923,0.16579796318090895,0.15993369506912586,0.15385063002585833,0.14832738050344213,0.14335365720756996,0.13816993384152204,0.13277092637768018,0.12756501026465655,0.12241345561691976,0.11721211729710024,0.11247671416612948,0.10844278491372344
07-01-2026 13:40,26074.2,0.137283790612718,0.13437545070813817,0.1298257326192096,0.12307675138593205,0.11607296271220179,0.11035085305341988,0.10554736805616446,0.10146844979439276,0.09813513692841855,0.09525915896462983,0.09275840805975319,0.09072200539376662,0.0949160813655643,0.11093997343163026,0.1537925169056792,0.16562063436680333,0.16595544271347512,0.1601372091279283,0.1540314211227931,0.1484944306831335,0.14351636786331468,0.13830011559322622,0.13282385320187132,0.12760055208714086,0.12254757718060906,0.11730766121868175,0.11226559705882425,0.10787761275002171
07-01-2026 13:45,26072.8,0.1348496017901934,0.13281875692001263,0.12856534279263435,0.1221377698579186,0.11554471412047453,0.10992047534304382,0.1051447203428493,0.10124976851295972,0.09808247377577561,0.0952494806747943,0.09274230967502275,0.09064525576310531,0.0945618482284673,0.11005044174400443,0.15263722513256342,0.16493092674404328,0.16560380748515063,0.1601105900775787,0.15440595566972434,0.14894284542806413,0.14362811764933048,0.13816464985131754,0.13268845416669064,0.12756860828238842,0.12267472967885794,0.11757427347106222,0.11241205689441629,0.10752390860829787
07-01-2026 13:50,26083.4,0.132888351605248,0.1312857387735621,0.12731934221164007,0.12089887203324713,0.11423817773047996,0.10864040635316739,0.10400858841740322,0.10042899304329497,0.09756254433394823,0.09484927094092879,0.09235509240717049,0.09022113440386666,0.09402767761854075,0.1093006429517895,0.15161817930468552,0.1643826247003796,0.16538267734877599,0.16015552872425018,0.15474274181997627,0.14929387305624792,0.14376223714037362,0.13831733806312632,0.1330185597497372,0.1279083865457713,0.12295331064726882,0.11795533875161407,0.11301643505398927,0.10831097333295692
07-01-2026 13:55,26079.6,0.1311838101605248,0.12916437513991794,0.12547453087680457,0.11967133853352953,0.11347990164054825,0.10837274775431553,0.10423250253279147,0.10087120496600606,0.09799289063288025,0.09519047069451478,0.0925875096094484,0.09032780645044956,0.09400066824022862,0.10914292966157259,0.1514205203211591,0.16438922338408948,0.16562691229681148,0.1605819446946338,0.1551449581635196,0.14952348950995792,0.1439008072861906,0.13854074851367487,0.1333513213841401,0.12820567615457704,0.12313511435114419,0.11810958762495755,0.11331952574974584,0.10891640199932244
07-01-2026 14:00,26088.65,0.12673275,0.12467439296754891,0.12140191838875035,0.11677249811152965,0.11183317439099034,0.10772367788779119,0.1042070093368212,0.10079360526210088,0.09766347083602078,0.09483214087879976,0.09226679473650887,0.09006400308500045,0.09384503788244707,0.10910124769202771,0.15155689877086645,0.16449032443651396,0.16580195234467182,0.16080212185747939,0.15525558762465555,0.1496220746087847,0.14413707700996728,0.13884514458452143,0.13366448167237777,0.12852275971699595,0.12342953772799725,0.11833286714030905,0.11331544312485872,0.10847947333295692
07-01-2026 14:05,26096.3,0.12083887502264218,0.11969641837177347,0.11751667840272252,0.11424815314547865,0.11028210549847936,0.10638937830922837,0.1026583562420805,0.09894872944624641,0.09572794863597245,0.09304568787191148,0.0907250202590683,0.08880851410133375,0.09295173428364062,0.10869542526646024,0.15202792341249521,0.1648586241356725,0.1659631651532557,0.16087079860566061,0.1553258558867632,0.14973874331771986,0.14439410582092274,0.13922594906318758,0.13404511049702197,0.12885969091996013,0.1238049085299734,0.11873675196582428,0.11352468024998578,0.10825452233329562
07-01-2026 14:10,26100.95,0.1180500002264225,0.11736080685450787,0.11566540906986944,0.1130439811885797,0.10949200973445686,0.10526822333495173,0.1010039427589061,0.09724227032898111,0.0941695501439616,0.09153510827657026,0.08935926878323054,0.08772205375518521,0.09215806442719388,0.1082496975619843,0.1523341969633822,0.16531529250510762,0.16636256083062417,0.16122681747082393,0.15572869875131606,0.15013449563271408,0.14474803286759177,0.13953431805784802,0.13425508793635837,0.12900320798570483,0.1240113666039522,0.11903091977598793,0.11384149999999991,0.108582
07-01-2026 14:15,26097.3,0.1200497504075605,0.1184212133276788,0.11560307737038775,0.11217520932804492,0.10838101286126824,0.10415251684325354,0.10005740144330878,0.09662177087875189,0.09380594684051477,0.09127803607391652,0.08910232285034594,0.08746135684481258,0.09193255715765448,0.10804873060799011,0.15216341918956464,0.16551512399276114,0.16675483856516748,0.1616212051176148,0.1561312515198393,0.1504989504905584,0.1448664366834072,0.13938970846190143,0.13410394374736212,0.1289888342177248,0.1240215491549734,0.11898598494499323,0.1138039843749999,0.10862825
07-01-2026 14:20,26090.7,0.1233912502264225,0.12049401977149544,0.1164347461530956,0.11227080743248266,0.10822942236297971,0.10400870548219397,0.10014273243582408,0.09695120616024168,0.09435009426828848,0.09200071625007887,0.08973605153703502,0.08784058069914855,0.0921603441698034,0.10819753348719958,0.15196346647721445,0.16544997439764125,0.1668569102120558,0.1618380887306576,0.15639142744904966,0.15066897043597638,0.14480047549390548,0.13912259767285765,0.13382709444141389,0.1287802112810163,0.12377747817006313,0.11867246306619136,0.11348672875640024,0.1083338100983716
07-01-2026 14:25,26090.45,0.12333237502264224,0.12047447430816162,0.11648393349323378,0.11255807737638993,0.10865939375503658,0.10418559834611373,0.0999892088961355,0.09678394297464209,0.09437695008152527,0.09216681373947201,0.08999729170256136,0.08833192365207308,0.09296110025226317,0.10918861606634603,0.15247646227750644,0.1656043909992575,0.16691381546218828,0.1620242948184571,0.15666787834359575,0.15092545723171666,0.14513001922465335,0.13953252274744227,0.1340419065205989,0.12863713258395082,0.12344842840241749,0.11843188256708909,0.11348173078697407,0.108599100983716
07-01-2026 14:30,26098.65,0.12229375,0.12046505684850146,0.11744272872189972,0.11385619862569087,0.10970195223161858,0.10488218358354602,0.10044652584233862,0.09711248664054656,0.09456817489142881,0.0922351141321755,0.09074127232046221,0.09164398244006211,0.09935365076191818,0.11681801178297756,0.1553974324709008,0.16626239245174507,0.16662540235136242,0.1617776553504686,0.1566469296787558,0.15099373632374616,0.14530592078005308,0.13985834371220232,0.1342458212396094,0.12852289531703887,0.12318851152477521,0.11823744888359432,0.11354211776865744,0.10917422123400367
07-01-2026 14:35,26088.15,0.122733,0.12180486936390707,0.11981960769816484,0.11636527485952489,0.11164060875302328,0.10675097306864889,0.10257855780776337,0.09911996403243696,0.09612639213898996,0.09338733591566686,0.09224481321592054,0.09528563386741302,0.1056010068913695,0.12381830371599878,0.15755676045657982,0.16659203885988488,0.1662013483762651,0.16133030952530786,0.1563728451762777,0.15083016549974593,0.14515803558791077,0.13976307546086125,0.13421643322518237,0.12857043497898568,0.1232745238623855,0.11819294971461294,0.11345452320997465,0.10941474561686462
07-01-2026 14:40,26097.55,0.12257974999999999,0.1218191764719581,0.1200147514795108,0.11611884706830865,0.11105090071104184,0.10650748812537283,0.10256029781259322,0.09897485937499992,0.0958920178292674,0.0931128837929425,0.09146301564282981,0.09264285198633757,0.10057109447794536,0.11762977813330663,0.1550995915144605,0.16622438666594572,0.16664767694597044,0.1616319362529037,0.15644675081708512,0.1509546710607622,0.1453362957930028,0.1398706762633713,0.13445832366703547,0.12905301502012279,0.1237057582448643,0.11843695538491317,0.11368577409869282,0.10972082043803917
07-01-2026 14:45,26107.25,0.12488224999999993,0.12360557241218331,0.1206112586192074,0.1152865161659127,0.10975410560863981,0.10551804140452153,0.10166566560410124,0.09801686715475329,0.09503932932776185,0.09245047008583109,0.09090339020687423,0.0919969293309122,0.09981540346218888,0.11694380221518708,0.15488777705445228,0.16648343791066794,0.1672906677827174,0.16228141497758156,0.15682793221596514,0.15124519675490808,0.14560790070772406,0.13999044589810536,0.13458677261334986,0.129288532590963,0.12381501322901411,0.11840989807484087,0.11359559891713572,0.10932239463314862
07-01-2026 14:50,26098.4,0.12913275,0.12711500099121834,0.12294831523850565,0.11672443139234177,0.11077730308551618,0.10641347138109875,0.10272996888798422,0.09921109954984196,0.09612259756599477,0.09341218622232458,0.0922311459070194,0.09496493974256132,0.10495435695385816,0.1231592791805907,0.15762834897488032,0.16752165436645805,0.16774239898072324,0.16274371996967837,0.1571980998786359,0.1514596734194733,0.1458026720963487,0.1401342706154383,0.1345373610344781,0.12918598385230914,0.12385231385286918,0.11851584954193675,0.1134985627953462,0.10875200492716511
07-01-2026 14:55,26113.35,0.12864399999999993,0.12534008581694422,0.12080005997634866,0.11513725226477954,0.1095049372362541,0.10502642825762554,0.10159110267732943,0.09846056502639645,0.0954924983646348,0.09286384129599136,0.09130493852276615,0.09204947982667476,0.09955661835056988,0.11701723648685813,0.15633827031646208,0.16776803986906624,0.16837660841052246,0.16329194543886993,0.15771858887006507,0.15193748869533238,0.14632924261601593,0.1407370024036142,0.13506977880927737,0.12968833355467013,0.12455779584500229,0.11941398308834303,0.11441096735506288,0.1096686546385025
07-01-2026 15:00,26123.1,0.12167099999999992,0.11880471754444293,0.11540924131675764,0.11114031589420673,0.1063293641904834,0.10211495410464012,0.09886816733427128,0.09599821589162658,0.09334546346124209,0.09108341411929187,0.08927252133351296,0.08801573798540419,0.0930650744720822,0.109922448031462,0.15434992564757993,0.16769645728855906,0.16901912056491392,0.16391262764470135,0.1582256428182593,0.1524159821810735,0.14683417213734662,0.14138696143096957,0.1359636233245633,0.13064137405226425,0.12545040631476576,0.12031824282366532,0.11539244841554505,0.11081532834930449
07-01-2026 15:05,26133.7,0.11138174999999992,0.1127468259549974,0.11211453270809069,0.10925791125148179,0.10519897710624095,0.10123653079280663,0.09786386684232755,0.0949289284724195,0.0924462344760091,0.09037191318601911,0.088595488286147,0.08778466514931252,0.0944611495453828,0.11373175558844623,0.15648537709980226,0.16846322265944613,0.16938608492105228,0.16429225809743003,0.1585027954672876,0.15246532054621278,0.14665706191074873,0.14134271572148677,0.1363524012157201,0.1312556162340091,0.1260308100022414,0.12083502299647769,0.11574061966010252,0.11080110986235227
07-01-2026 15:10,26142.1,0.10492499999999999,0.10964012379444292,0.11002178751011041,0.1070313314626375,0.10320638640567903,0.09946598557387318,0.0960315202019526,0.09321468953161002,0.09112582903767043,0.08940381447436174,0.08779000343348678,0.08759355568650617,0.09602459429935029,0.11769751721620178,0.1587073729118467,0.16925394682905998,0.16962246551806265,0.16454327149909975,0.15889122699921834,0.15281064965474458,0.14683270560651018,0.14155328468093817,0.1367167149724507,0.13166711461268768,0.12638550336720492,0.12115943740720425,0.11611912875558572,0.11123591770234867
07-01-2026 15:15,26147.8,0.107822,0.11080391523355665,0.1090835781025689,0.10440829228443002,0.10010022313490252,0.09658005309568103,0.09333189670392159,0.09076074632950834,0.08920780336099583,0.08801375767217295,0.0867056541968766,0.08637285764095495,0.09383754335651659,0.11403237876778084,0.15731734969266617,0.16938830237878902,0.1700689119325936,0.1647267134265979,0.15909645041300036,0.1533929756545913,0.1477979585014222,0.14247929751810876,0.13722186179683513,0.1318074315339759,0.1263737562459117,0.12117043532702025,0.11638489132195542,0.11193019402929721
07-01-2026 15:20,26138.3,0.11418450000000001,0.11430034603029782,0.11082711528678217,0.10511620764336473,0.10006497507517331,0.09633548074517181,0.09322274247700019,0.09077941052366537,0.0893470091143902,0.08817199888178272,0.08741039335527302,0.08911568845897827,0.09828289716149768,0.11767655576983807,0.15824863200108696,0.17012750382915717,0.1706447908814987,0.1651006343143559,0.1592656757746555,0.1536037805223267,0.14824145648070358,0.14282443689436172,0.1370777113908474,0.13133305673200646,0.125979692716632,0.1209580734190593,0.11608436392757522,0.11126508649432082
07-01-2026 15:25,26139.7,0.11638725,0.11371839086272607,0.10996078711265163,0.10564650061926169,0.10139076189966284,0.09778887114542048,0.09490441901764211,0.0925086360987584,0.0907461697299241,0.089153585198099,0.08880826791323705,0.09308549116650415,0.10543641207444142,0.12586098885201957,0.16125877914581985,0.17128328799290016,0.17106744194193754,0.16540280630078497,0.1593701049230864,0.15345293744696806,0.14797151083839785,0.14245595135195174,0.1365290113468213,0.13070105666995535,0.12543972360645128,0.12053341914558215,0.11568980748149672,0.11087279778207376
08-01-2026 09:15,26101.75,0.11411874999999994,0.10774945661281456,0.10312173474684956,0.10091058811108401,0.0991108485394973,0.09678518905235767,0.0944341702046771,0.0921583885234586,0.09022158622110568,0.08849903789848015,0.0883248613736944,0.0931019554425279,0.10600181118774152,0.12671998554999273,0.16184941026914304,0.17162939260290075,0.17096785719388127,0.16492958968625282,0.15888042995675544,0.15305049637451718,0.14753687898758608,0.14203554889783407,0.136191128902954,0.1302390186973636,0.12466252938204862,0.119711796593954,0.11529085786678742,0.1111233666048031
08-01-2026 09:20,26109.7,0.11110674999999992,0.1044521462727557,0.0987048211513644,0.09574786799590322,0.09447847391644972,0.09293724040630612,0.09103237902131336,0.08923167028252459,0.08770829653018711,0.08623340344495568,0.08633490767697673,0.09126467223255795,0.10415725204107677,0.1250549345580025,0.16120953852376294,0.1711369694872543,0.17022630757349283,0.16385714231177514,0.1579625847918376,0.15245189321967037,0.1469516701606037,0.1414842426921285,0.13578827473719507,0.1297425194294885,0.12395327335880497,0.11903175175946476,0.11472035114856236,0.1104445925582239
08-01-2026 09:25,26087.55,0.11595124999999999,0.10884573954945004,0.10214537316172775,0.097387284381653,0.09457962956148837,0.0924018689526076,0.09032787897017401,0.08864115886360117,0.08720890790795591,0.0855643442588018,0.08499300618905625,0.08766604769058553,0.09767274715417984,0.11750107333400109,0.15848288134133254,0.16969929054166552,0.16907782271122015,0.16260923663187135,0.1568650462148483,0.1515234974732021,0.14598477837176885,0.14038270984994178,0.13438196134034847,0.1280631864509517,0.1224711543090547,0.11789326982983901,0.1136585556084507,0.10933403425582239
08-01-2026 09:30,26063.1,0.12761385136532555,0.11487605116689328,0.10744280083092646,0.10372933755776773,0.10058211395151662,0.09777435971270887,0.09530623435864945,0.09291321543443157,0.090476433027032,0.08779948486871124,0.08605887121520855,0.08680319927592753,0.09521404243434758,0.1153992778153084,0.15791841121597905,0.16876601967306923,0.1681571982719261,0.1619536689561409,0.15632019115516219,0.15078329997262796,0.14500855237384472,0.13926341238268444,0.13294753675599214,0.1262839771109673,0.12072505798890257,0.11636957341341637,0.11235542416605493,0.10838725
08-01-2026 09:35,26053.95,0.12714776365325642,0.11228044926109787,0.10725522467666838,0.10663676341387818,0.10421871676290634,0.10136643209649476,0.09878051467937299,0.09581659828531892,0.09261121684058905,0.08936047391255156,0.08735586047313366,0.08844829643817426,0.09809186166612628,0.11984177265898106,0.1594414458262219,0.16897504025950363,0.16833746152855852,0.1625415944262831,0.1568952603365656,0.1510711984405807,0.14507842883776853,0.13941470859086885,0.13347473771723886,0.12696191926860564,0.12096122932667808,0.11611149242446481,0.11200896281253592,0.10815399999999992
08-01-2026 09:40,26092.65,0.11672507457586162,0.10590645330503468,0.10414386075340047,0.1047005131555729,0.10225413910034692,0.09944174085555411,0.09698095856812358,0.09428841480043296,0.09166916544337975,0.08916619302316031,0.08745162628029751,0.0883096421258382,0.09801884715589673,0.12036486273371594,0.1599293536298316,0.16969770551200208,0.16945291636939708,0.16380374353550523,0.15791083277175563,0.15193796065217186,0.14597851597972364,0.14031485680991843,0.13461699518420545,0.12840601463788806,0.12219751637159355,0.1169597353229852,0.11276087237749444,0.10895403292861981
08-01-2026 09:45,26077.7,0.11739651365325642,0.11013454280403925,0.10776824925590484,0.10591136121127392,0.10245856642562372,0.09962318298428784,0.09720315199697532,0.09472258803174655,0.09260315159707551,0.0906588543360607,0.08888090000597419,0.08889141915385126,0.0979642214324699,0.12048585174645941,0.16062234336724335,0.1702504874847052,0.17001790919745788,0.16432588620781832,0.15816655542473415,0.15207138159897157,0.14619669688390002,0.1404701642278116,0.13482148012508122,0.12919164038462536,0.12366306840373786,0.11856918869738059,0.11410917680175918,0.11003950356393495
08-01-2026 09:50,26070.8,0.12252010136532557,0.1174685538368351,0.11338768459406254,0.10899820837177254,0.10480604699133368,0.10183993857996981,0.09909973024155609,0.09626690561109551,0.09393569962172443,0.09198430485843238,0.09007653615464083,0.08891804240761943,0.09556686695007999,0.11547746396043476,0.15854042837139515,0.16989292626680594,0.17017279247114653,0.16440026591167214,0.15815923325248077,0.15207822845156246,0.1462955766869938,0.1405700562618512,0.13501369133444036,0.12990951541569423,0.12504068926910836,0.1201943884659532,0.11573428073148394,0.11180258549252499
08-01-2026 09:55,26089.4,0.1231795,0.11800279911073804,0.11250998066234867,0.10671409496432442,0.10203359881812119,0.09898253485976265,0.09623564970685564,0.09341146632039118,0.09116219400659878,0.08952677492601666,0.08808933913614925,0.08674030475194304,0.09194745724358865,0.10990899072217468,0.15622478982931115,0.16965033808232777,0.17061714372237483,0.16485976238949943,0.15868355070784504,0.15276114088388293,0.1470799204996731,0.14117458963727528,0.13537108169249815,0.13027420506115056,0.12557151037911438,0.12089154617511286,0.1165589912916285,0.11267196628546122
08-01-2026 10:00,26081.9,0.12739098086882494,0.11885042792704836,0.11050161194596227,0.10312599572172447,0.09799608920387139,0.09493034500880129,0.09242291639213278,0.09003698492630562,0.0881968723529471,0.086876063690712,0.08581051954065103,0.08558454660190017,0.09319695836667377,0.11418432748378662,0.1586543091175452,0.170227321860084,0.1705752204898251,0.16498142052732317,0.15898190172485552,0.15307096984827262,0.1473618180422658,0.14143205175373513,0.13547847605195207,0.13008726558688588,0.12516458441142328,0.12040600265529453,0.11575543831403656,0.11111199722949883
08-01-2026 10:05,26068.05,0.1331658086882493,0.12287157670730409,0.11248350770684487,0.10433583566866796,0.09929368304209085,0.09577309711574855,0.09280554183849166,0.09061366005646626,0.08906488631208212,0.08765019116059952,0.08629973547253815,0.08656299176202727,0.09620511373120391,0.12002659505727845,0.16155455056693394,0.1706083178237112,0.16990721369461428,0.1642271310836801,0.1583482879031314,0.15246693329879135,0.14678664768395078,0.14112624386898964,0.13532616656064972,0.12960752502265013,0.12429718424937515,0.11952904807363116,0.11504531498338422,0.11049762141475578
08-01-2026 10:10,26050.3,0.13218781331835924,0.12497498205610903,0.11530244880636584,0.10687570154072988,0.10174192254964305,0.09786098800574985,0.09436821539341753,0.09197813811139811,0.09044766968000965,0.08893440969855343,0.08731870634695922,0.08734266167634144,0.0969435228448818,0.12083462476358092,0.16168106317107067,0.17038152762032754,0.16939221918523978,0.16350653971535978,0.1576351254352399,0.15185777745255985,0.1462330899002609,0.14069215647604383,0.1350377429472131,0.12935275190863302,0.12400475854549112,0.11930813844561974,0.11524732094324727,0.11149830644231272
08-01-2026 10:15,26055.25,0.126411121481995,0.12238748002326244,0.11485154460338122,0.10698273025559162,0.1017634240932292,0.09802659954412725,0.09460324745383523,0.09201930529978058,0.09038747204160305,0.08895718085290402,0.08741669925027584,0.08747317294069636,0.09699246464403788,0.12056728550524927,0.16088950676693867,0.16984506664630775,0.1691507379608484,0.16342238621694122,0.15753988173247477,0.15169654289328816,0.1460035128169656,0.14042701896131035,0.13481857688229415,0.12926592919286609,0.12399151444052592,0.11914676151185419,0.1148412033700852,0.11094809542529149
08-01-2026 10:20,26034.9,0.12416042908642155,0.11971182852082798,0.11384171549218008,0.10767228923431162,0.10286914709571762,0.09932994680563104,0.09622697228328692,0.09363930152940318,0.09176826438967768,0.09017299486049894,0.08861673801307832,0.08883621256137951,0.09833799387097175,0.12132092291900001,0.16008898764762144,0.16865370169161095,0.168220370561783,0.16300944803302375,0.15728536888025801,0.15128533690120702,0.14547644462620596,0.1399643608613935,0.13445171892230848,0.12886193770424867,0.12352392352647057,0.11870770225679259,0.11434294932344904,0.1101761001003123
08-01-2026 10:25,26034.15,0.12644407477063893,0.12056515161814543,0.11485784562665961,0.10946137172286272,0.10490761148643139,0.10139956626653542,0.09840594189395506,0.09569447299772035,0.0934779178674071,0.09167926569469263,0.09066530722639687,0.09316594603316752,0.10530991279937335,0.1288408036896004,0.1618973313815445,0.16818510136840512,0.1672283532585488,0.16245797793144431,0.15690282536078615,0.15062684319107006,0.14454371709923214,0.13918066316147734,0.13403947894927298,0.12858032514969783,0.1231991535480124,0.11849706067151158,0.11433619938097625,0.11026018910573844
08-01-2026 10:30,26034.2,0.1257482676659183,0.12050034846643778,0.11484661833870004,0.10934938093043174,0.10485121388600313,0.10134821653213655,0.09823330836710178,0.09534989262113708,0.09305627435181617,0.09139067119255671,0.09112805507217925,0.09592931543527002,0.11087061686011498,0.1355760352209412,0.16447828079092222,0.16908265165357816,0.16741535812095648,0.162442426546624,0.15673944374398566,0.1504103455915995,0.14431917999503346,0.13901999391328088,0.1341017840125526,0.1288999913682552,0.12358051123134653,0.11862958179238203,0.11398712264434231,0.10934930955768132
08-01-2026 10:35,26040.5,0.12263278736697755,0.11930800987695929,0.11400932458316806,0.10818765237853654,0.10388732799376028,0.10064412359749794,0.09732870618966287,0.09425272174091189,0.0920424851140807,0.09049789465107558,0.08987080202512786,0.09288294467645856,0.10555683179746561,0.12952784175485726,0.16305106978014908,0.16914178459211268,0.16763123900425148,0.1622385425261855,0.15641010730607627,0.15043354381226562,0.1448341249448377,0.13957916850396107,0.134398411727873,0.12912512860637568,0.12380833811189725,0.11856228269678877,0.11345311595824739,0.10846545595576812
08-01-2026 10:40,26027.15,0.1224055136833686,0.12003009605914927,0.11476983072765971,0.10859492511199748,0.10432069153215917,0.10110905515756342,0.09747133202460334,0.09417191705136016,0.09197784725785565,0.09039540875756014,0.08971451741072563,0.09227103785195803,0.10344516207748387,0.12529706846356667,0.1607381238767657,0.1683205597368321,0.16728646493483756,0.16185495289503637,0.15604280001337095,0.1502418494771901,0.14491119569917285,0.13972521108085986,0.13436221614501428,0.12895475683317678,0.12362474480911381,0.11832143236145556,0.11317880217056946,0.1083235
08-01-2026 10:45,26033.1,0.1214681746300635,0.11945644277666088,0.11417704504828423,0.10790658952128404,0.10359914551204105,0.10043666468981712,0.0970625888517789,0.09411254246424279,0.09212806513278987,0.09058539684731173,0.0903833303640816,0.0949438075320693,0.10855968296388252,0.13118503335046633,0.16202190817660775,0.16830292368933497,0.1671396377318618,0.1619066184999329,0.1561319465874284,0.15035287452401394,0.1449465729991576,0.13966210337419618,0.1342612229086554,0.12886588474027605,0.1236292999460824,0.118477315343188,0.11339297195244584,0.10841871269952917
08-01-2026 10:50,26029.85,0.12145351368336861,0.11884637045044616,0.11254508399512997,0.1057912786951379,0.10166838897628899,0.09898161048837177,0.09628483707540905,0.09389434113977654,0.09219860373997905,0.09075688258724145,0.08999818598531203,0.09284406381061498,0.10520737516144603,0.12868335926515556,0.1615715530465143,0.16794501648482899,0.16690732010451728,0.16185876346780548,0.15629957934571162,0.15062725916704212,0.14514871139242547,0.13967585494394943,0.13399847706045084,0.12837032521869232,0.1232157406567645,0.11847672649556189,0.11386571980935367,0.10926825452891196
08-01-2026 10:55,26018.95,0.12541130136833686,0.12023076441489816,0.11271070943603148,0.10595332936519289,0.10199030617655346,0.09938176042193518,0.0968037963324618,0.09443788776450306,0.09270331702775332,0.09118699216122414,0.08969988364912442,0.0899100283008776,0.0987490285300022,0.12021900622981431,0.15788593575641108,0.16645317933124087,0.16618811227382754,0.16134855251421082,0.15596789972084263,0.15026297720937265,0.14477582048249388,0.1393093618544221,0.13346539971235458,0.12771277482132995,0.12275183284208695,0.11851582504174832,0.1146524455341142,0.11100060392772941
08-01-2026 11:00,26016.4,0.1292490352633406,0.12176147489946554,0.11413258819720237,0.10816152437760816,0.10412053615884259,0.10089701624830276,0.0979408080795889,0.09535170232779637,0.09332635234641717,0.09154023356946545,0.08985276219259236,0.08965610029819257,0.09757701471622687,0.11779099177615189,0.1562125014552303,0.16594508222399695,0.1660493915278784,0.16104804077289225,0.15544013055581654,0.14956724006441324,0.14411506637948537,0.13892451412171425,0.13347631168480986,0.12806459224654762,0.12322566671362284,0.11899313554895609,0.1151856365520201,0.11162467260046005
08-01-2026 11:05,26011.95,0.13210394426706176,0.12404915424846506,0.11606335358947134,0.10983178692453532,0.10537180129515683,0.10161442673779125,0.09836934267359568,0.09567132805243511,0.0934775235953931,0.09159122155325744,0.08992069530906023,0.08924259498259937,0.09571198875045661,0.11410618567887226,0.15548853051663514,0.1667688785677716,0.16679607880291217,0.1610241096144814,0.15510665974966165,0.14927448119211142,0.143853268792288,0.13876397936384,0.13362599993615537,0.1285447877412325,0.12377840994978505,0.11926435105111667,0.11484714198576743,0.11043273803573386
08-01-2026 11:10,26009.35,0.13432980107668757,0.12517848982586463,0.11599929246873006,0.10886699867615923,0.1041396509077177,0.10052002583960844,0.09750328212019366,0.09505082713518022,0.09309153628484823,0.09143126023916726,0.0900242341892805,0.08916479956784136,0.09454685340933329,0.11148292888584571,0.1554104514103689,0.16767447614329006,0.1674377312226831,0.1610901594123379,0.1552715123622611,0.1498887370326274,0.14459922165486094,0.13928078222638868,0.1340097368341627,0.12908336818891458,0.12443262752706356,0.11971742339235122,0.11489986788342944,0.11003287753362047
08-01-2026 11:15,26005.55,0.13681400203920788,0.12571489086777496,0.1149708910908235,0.1069849845225813,0.10220962024115585,0.09900139030333009,0.09644251145291784,0.09443571456913846,0.09287213443865441,0.09147379590811547,0.09089367108081477,0.09266033383884581,0.10114342527707396,0.11923015298560775,0.1583270501992371,0.16905868538691912,0.16839883123196686,0.16211652591434386,0.15643803549441887,0.15132657399662747,0.14620991187849217,0.1408917284929539,0.1356027005508672,0.13057240532504774,0.12560642555781384,0.1205797013417037,0.11566154747500824,0.11082999999999993
08-01-2026 11:20,25984.4,0.13858863800934118,0.1287128905225212,0.11754702044920688,0.10856095352797183,0.10337044342719533,0.10015600419867061,0.0976568584529087,0.09566397851163941,0.09405209362278802,0.09256611520770082,0.09249864074618766,0.09657719169196177,0.1078365984343517,0.12667479435314397,0.16032411764762922,0.16975369802277437,0.16930443537630227,0.16361170024260147,0.15773147605469495,0.15207995927232154,0.14687921626877087,0.14187254346861522,0.13670330800642783,0.13141608177306466,0.1261659592041719,0.12103938299467203,0.1160468476302753,0.111095
08-01-2026 11:25,25968.0,0.13772302405629355,0.13153347663879,0.12185263605203771,0.11292791786700788,0.10742842429788402,0.10371783047621672,0.10074008037312782,0.09831669962798911,0.09629267000550049,0.09445519265270723,0.09354374712331387,0.09523551946897342,0.10356502231115841,0.12091480849281136,0.15770441930884765,0.1687235197845544,0.16904327037206995,0.16355028710028593,0.15760195137113034,0.15170445446456066,0.1463819636358131,0.1414275703608187,0.13621890498756575,0.13086725648785352,0.12574310033161354,0.12076339123311529,0.11574070229516953,0.11066124999999999
08-01-2026 11:30,25968.05,0.13585053865196423,0.13051479117170176,0.12277400631426014,0.11559927328967722,0.11051280896801502,0.10635309097499646,0.1028049390228043,0.09994399566382269,0.09764128277871809,0.09566131306563476,0.09396933097074653,0.09346372370938744,0.10010028134979951,0.11825539343603583,0.1574825060657548,0.16858569127079556,0.16850361778147016,0.1625555149504724,0.15683032606989955,0.1513014742808533,0.14578355566256712,0.14052540001780503,0.13531680241435656,0.13010790291682076,0.1250906324444321,0.12014253073613633,0.11514801372502262,0.11012275
08-01-2026 11:35,25971.65,0.13375909400198807,0.1257898002088575,0.11935465538853499,0.11457177570985566,0.11031371487213792,0.1061356704708648,0.1024738379850541,0.0995664453218218,0.09729753675518965,0.09539260245386942,0.09368093791366106,0.0933718376966786,0.10123362677692574,0.1215526393293114,0.15976216431620294,0.16943034223719847,0.1684757649026872,0.16213063531973032,0.15646419658231375,0.15102069669502985,0.1452464059189541,0.139859737768169,0.13483515264442628,0.12974479988715815,0.12463480995751607,0.11957070591385675,0.1145948277395821,0.10966699999999992
08-01-2026 11:40,25983.85,0.13090936969141478,0.12150612076923854,0.11533435785709711,0.11153410805514932,0.10776579623361672,0.10368421711701077,0.10021944574675912,0.09773208024130653,0.0958250334852269,0.09410904743273941,0.09254199783924566,0.09193421026900658,0.09867748497884536,0.11760169824354647,0.1583433152293403,0.16936708339075068,0.16875552085968742,0.16221905139143927,0.15642204703100077,0.15112346891165693,0.14559851449217323,0.14025858389446205,0.13517035472420588,0.1300164801781585,0.12480504050302757,0.11966073398359059,0.11467003221126698,0.10973849999999999
08-01-2026 11:45,25973.8,0.12860856832819706,0.12090301731756661,0.11499011837909733,0.11072049099743095,0.10644704929594757,0.10190133417625745,0.09851604441052116,0.09665128041771233,0.09524174496236588,0.09369874562247942,0.09220336386208428,0.09167405549212257,0.09849225079939015,0.11747425573474844,0.1582609840252785,0.1693609838955017,0.16914205884838363,0.1629169520894578,0.15696162537907798,0.15158543825787896,0.14625925327089334,0.14084100518396253,0.1354614940085242,0.1301977613726604,0.1250616472531502,0.12001215192255088,0.11501547733748779,0.11000081038485277
08-01-2026 11:50,25958.25,0.12758025,0.12040577526628454,0.11480794720055826,0.11029998243085745,0.10549869996097877,0.10071002232442945,0.09756493837719508,0.09620189323307951,0.09517773178602774,0.09378908146616455,0.09234826864086192,0.09229872505765255,0.10047460370334808,0.12124408185545336,0.1600031569955554,0.16970223190037617,0.1694285653990138,0.16360648313705817,0.15749910760452707,0.15179521317339345,0.14639880353680573,0.14091625176113295,0.1353171940589264,0.12995297893100397,0.12501961706118514,0.1202626974507802,0.1155191591423974,0.1108443538485276
08-01-2026 11:55,25958.05,0.12544125,0.1177375712573014,0.11213734980786817,0.1079193784152406,0.10368461847285503,0.09966778047215231,0.09690150573700661,0.09551131931011492,0.09456328672742781,0.0934160217328025,0.09219860227861268,0.09178584130580751,0.09857997417212636,0.11756564100441243,0.15858351777530852,0.16957220964744965,0.16968624712575872,0.16371213460593811,0.15736985045480226,0.15158707616282835,0.14631218236636018,0.14095010924192589,0.1353432638142203,0.1300144302972729,0.12533951048197067,0.12084072177949565,0.116401193260979,0.11238708692734968
08-01-2026 12:00,25936.15,0.12826325,0.12039025017101344,0.11477165736845293,0.11068243843775576,0.10667876148964518,0.10272211493028993,0.09955599584194652,0.09768857425521413,0.09664347811956173,0.09557635573910478,0.09433694615424015,0.09322188755812925,0.09809216259049276,0.11452374108913073,0.15724928302753077,0.16937232308466463,0.16967613330146458,0.16339965127905004,0.1566928318310967,0.15066005359336757,0.14538150799401986,0.14021439652432835,0.1349498755481939,0.12993221012779654,0.1253397705469636,0.12071209189599662,0.11615819458647426,0.1122021038485276
08-01-2026 12:05,25896.7,0.1346775383719505,0.12700325590727193,0.12152708582293595,0.11720659120899972,0.11261417441224296,0.10793002012040151,0.1040471939268862,0.10169251069079002,0.1004005521317794,0.09909635337360168,0.0975337927504848,0.09601563882878336,0.10029233278159724,0.11588846952488996,0.157748375,0.16934471227242048,0.16937594250682952,0.16314963216909972,0.15638439557825692,0.14996837905234323,0.14442682001316817,0.13939026342027067,0.13446136701799563,0.12963546905729306,0.12490285989406755,0.1200459064089918,0.11522164995584502,0.11071381038485274
08-01-2026 12:10,25920.3,0.1331426337195052,0.12719940323457704,0.12217775312498405,0.11765578379144051,0.11307116253097803,0.10864434027938008,0.10499422222557629,0.10252077440960825,0.1008291302496591,0.09923386853053613,0.09760087231996598,0.09614011907886907,0.10053093101780629,0.11625055945827222,0.1583990625,0.16998874386142648,0.16991345296243035,0.16391240570642907,0.1575986197482288,0.15118771491431987,0.14541293623030951,0.14038449831480787,0.1354391755450863,0.1304137086281348,0.12553823646871318,0.12067755088648191,0.11572935906340469,0.11078074999999991
08-01-2026 12:15,25935.5,0.12997644069510944,0.12492383741126156,0.11979153160280688,0.11506141013812247,0.11078668358526153,0.10683243723950447,0.10358345776890142,0.10124116511379182,0.09941960963868993,0.09775984680278504,0.09624465847100222,0.09499739222290332,0.09977094872845824,0.11614382469582724,0.1595704374999999,0.1716676368935408,0.17167945317470945,0.16570485787527914,0.1597126714879004,0.1535963653283366,0.1478265602186144,0.14261046448672351,0.13732307859592155,0.13190781303070334,0.12686307076076242,0.12210054950229471,0.11726292037191349,0.11229874999999999
08-01-2026 12:20,25923.15,0.13022413371950523,0.1249852927126826,0.11968713544725591,0.11494045570736057,0.1106693985491846,0.10663100773592327,0.10334600133044872,0.1010530118209984,0.09926299013047601,0.09758453639350864,0.0960371573319628,0.09477540279873706,0.09972640915749141,0.11660925,0.1609753749999999,0.17328143625967404,0.17336817213484862,0.167368179880363,0.16141603774225052,0.15546081934647116,0.1496803536586072,0.14414483204317807,0.13850484590498838,0.13281672990216917,0.12755822820882085,0.12278339526524686,0.11813671192055525,0.11340112843110026
08-01-2026 12:25,25934.95,0.12823453837195053,0.1238436229419243,0.11903342063062682,0.1143109171429344,0.10997168276541883,0.1060478769178216,0.10292802475301831,0.10077831938864737,0.09906572967653715,0.09731422408205873,0.09567223385147416,0.09439635330346031,0.09942227861947711,0.116517,0.16143506249999992,0.1739469160069836,0.17410764226217162,0.16791837756051575,0.16176208305847722,0.15592540412775655,0.15031351372664575,0.14473541977549625,0.13905892665751238,0.13342602582722746,0.12813039436757037,0.12322097352354028,0.11860197841075604,0.11413878431100241
08-01-2026 12:30,25935.9,0.12875700991320577,0.12456656542401327,0.11929382147858827,0.1139482194410769,0.10956540004246335,0.10581906112619975,0.10271192678161832,0.10064107113487102,0.09892619810491367,0.09694221734023065,0.09522288650055676,0.09412980982904952,0.09926007489106883,0.116252625,0.16117037499999992,0.17397286712142798,0.1742213386823388,0.16775601758707318,0.16129572931139283,0.15562960327163472,0.15039986413218537,0.14490494437870866,0.13914302523672353,0.13353960960741076,0.12831515754814646,0.12336028805438587,0.11868340106494643,0.11431381175980442
08-01-2026 12:35,25914.7,0.1342075991320577,0.12849930446107638,0.12195740621377263,0.1160935697576874,0.11180144503538565,0.1080105965299663,0.10456761766867553,0.10209896181278459,0.09996916450606032,0.09770710738584881,0.09596687681245866,0.09496346456264998,0.10002909868058268,0.11668587500000001,0.1609554375,0.17357044075909778,0.17365803814562844,0.16731840107320115,0.16126285131402804,0.15577309024324623,0.15031009076109988,0.14446310859643563,0.13842808875171328,0.1326716045585507,0.127415016153323,0.12243906306161814,0.11764665795155793,0.11313178431100242
08-01-2026 12:40,25920.75,0.13652542843770385,0.12946365951814637,0.12254039082460111,0.11689921537949069,0.11276831766332103,0.10916978155087818,0.10583793815750703,0.10304191070681731,0.10060745049055438,0.09843895076972359,0.09671673574683876,0.0954824149565219,0.10035557804912773,0.11688437230321284,0.1606086476358265,0.17296639367601335,0.17301151289780256,0.16704115105046224,0.16155207137858707,0.15608504696770611,0.15007817027536735,0.14381826672571696,0.13770138317131955,0.13204234882657764,0.12688808091081255,0.12183173303283959,0.11688370845208296,0.11233912843110025
08-01-2026 12:45,25921.8,0.13460234913205774,0.12774755521058107,0.12111587435172382,0.11582236363955613,0.11190717163752444,0.10865195535198002,0.1057548788334389,0.10309482035840703,0.10073690673045949,0.0987236564845061,0.09689808300655821,0.09538328860238889,0.10013645159761728,0.11667441053212842,0.16002078885826504,0.172596040878077,0.17306409885955096,0.1673738775167272,0.16182374088852391,0.15617056771912213,0.15002332975884985,0.14365892769486296,0.1375403057075975,0.1320565023020714,0.12701717955097608,0.12186923369293902,0.11683510985889865,0.11231000000000001
08-01-2026 12:50,25913.2,0.13282925991320577,0.1277903589307054,0.12154789740118624,0.1161379041050696,0.11218382518715539,0.10883234275894804,0.10596610245917049,0.10348043454034794,0.10127767677507646,0.09929603527070413,0.09738362774602477,0.09575029861269319,0.1003842450432064,0.11676345145783121,0.15980934494487709,0.17263270586733295,0.17333121737141563,0.16730966366028974,0.1609673556489524,0.15504299810664968,0.14933628445467137,0.14341825324788077,0.13746453619599588,0.13196269188726645,0.12683016980283315,0.12170921200547294,0.11672068117934964,0.1119832072913629
08-01-2026 12:55,25910.65,0.13298300000000002,0.12944213062281484,0.12349962503664741,0.11760679910155769,0.11306284157473405,0.10922609519040688,0.10622460091798369,0.10399762858615556,0.102075329349057,0.10017613708998774,0.0982960984923911,0.096658493189606,0.10114691921347503,0.11731184749696386,0.16035266278793592,0.17302117514396786,0.17352499634111296,0.16695680754330264,0.15985596549319045,0.15362135883139358,0.14798100590226557,0.14211251973296493,0.13636867457019589,0.13125538110747187,0.12651857465740762,0.12186131446650231,0.11730989913915818,0.1128178229136296
08-01-2026 13:00,25905.65,0.1319,0.12943385732087442,0.1242793544515863,0.11825963052113816,0.11306511813653988,0.1088495026281409,0.10587240093372804,0.10390773051704709,0.10220014693244936,0.10039373783312909,0.09864722317103738,0.0970709336055994,0.1014244717077854,0.11739361695156725,0.16058376193253532,0.1732435127581683,0.1737843188080168,0.16753586131780296,0.16089831471895213,0.1546774268258818,0.14827848466464905,0.14140692288737738,0.1353239948755897,0.13063908018429246,0.12646800580732617,0.12221571423616424,0.11804846497880056,0.11401173124453337
08-01-2026 13:05,25924.95,0.13042749999999997,0.12755051764654982,0.1229308936573248,0.11733159476982744,0.11197528758476089,0.10762095224470916,0.10469701159034213,0.10277604457243449,0.10100523169683503,0.09922562233913353,0.09770471775455122,0.09630271559096715,0.10070828566069899,0.11678336536703791,0.16051273073407593,0.173351573911045,0.17396588700008292,0.16817741402012287,0.16227123761732187,0.15633235183351704,0.14980334102732398,0.142696154588624,0.13622156887889836,0.13111060580451964,0.1265718953298672,0.12191573407568133,0.11732806427922743,0.11289682291362961
08-01-2026 13:10,25922.25,0.13347324999999993,0.1272288546560979,0.12149846902691284,0.11617219244016377,0.11106399202989911,0.10677467015041217,0.10385796880959133,0.10184779894744403,0.0999369483647572,0.0981008550530828,0.09663744353410231,0.0953593940298102,0.10000771785684488,0.11652417816039046,0.1609627313207811,0.1736402732439258,0.174080240472263,0.168297611587913,0.16240611501711882,0.1564854035133572,0.15041827225660495,0.143970049210027,0.1375369185029603,0.13182476437138804,0.12660257537704092,0.1213405765333776,0.11621709107837627,0.11140795729136295
08-01-2026 13:15,25921.8,0.1376635,0.12768661502453552,0.12054646281785257,0.11535423623879656,0.11061182525510932,0.10660854378598411,0.10369392824103352,0.10144766883562593,0.09940820157246842,0.0975219343173527,0.0959543556676939,0.09471549593663939,0.09958360725970716,0.11633720958519676,0.16092035667039367,0.17354861517242862,0.17412536963716468,0.16852548199365247,0.1625430367247454,0.15642862545679945,0.1504626434706196,0.1443280102392931,0.13803502055500982,0.13219953143788657,0.12680933594424199,0.1213638227239382,0.11609665874556147,0.11138399999999993
08-01-2026 13:20,25914.55,0.140689,0.1273759672176383,0.11920270535764198,0.11417192767947076,0.10951360793438152,0.10569489463689892,0.10303115662376953,0.10089447790313008,0.09891467915038175,0.09702148630097558,0.09538494439141836,0.09427606327932209,0.09949683715763073,0.11657670658642165,0.1607081206181866,0.1732910901075771,0.17410911936347226,0.16879060295845827,0.16288145513020305,0.15666352304700243,0.15053197038479285,0.14427400695240503,0.13799654387897745,0.13230810577467295,0.12704230901859556,0.12168624591961026,0.11653656764058536,0.11189774999999999
08-01-2026 13:25,25911.75,0.14494349999999992,0.12901127777430285,0.11970983047512854,0.11415040746300892,0.10885787883524099,0.10497793621377174,0.10290208377060146,0.10125399879220148,0.09935514210871116,0.09741972743749991,0.09580988499602326,0.0953047555913274,0.10230505788274802,0.12181574381807263,0.1632996870895784,0.17391902075079996,0.1740298012199274,0.1685292589356015,0.16236162024652775,0.15596622751911854,0.14979049654476143,0.14349129935144686,0.1371849078477702,0.13160061825600322,0.1264922272017533,0.1213622974718445,0.11643335043666465,0.11174925000000001
08-01-2026 13:30,25888.65,0.1450185,0.12982156670072856,0.1210521323398461,0.11552746300546035,0.10998250360824056,0.10612526914028769,0.10429610014059575,0.10263820672106158,0.1004832136925529,0.09843478693555813,0.09688063286950968,0.09686734383943707,0.10532482807309901,0.1268552566679164,0.16578937235201235,0.1743139782195495,0.17347089668181648,0.1676519041441979,0.16130416363861952,0.15481335565566937,0.14850122679557984,0.14184956039802252,0.1349828591009433,0.12908708877984723,0.12430721285377071,0.11986776517749242,0.11535970263634023,0.11064525
08-01-2026 13:35,25907.5,0.13742100000000002,0.12583234911986563,0.11966260195418073,0.11568678332690593,0.11099774423386852,0.1073280652999172,0.10512130835752832,0.10299706515899168,0.10064473654933107,0.09856855328799481,0.09694301532329844,0.0963395209757325,0.1032402621411774,0.12271622119771121,0.1636237668488556,0.17334185029927335,0.17279619684823813,0.1670413969599349,0.1610763615973926,0.15488156633290132,0.14832117248226473,0.1409912642408185,0.13334894746052514,0.12686459608708686,0.12209799565267851,0.11830701651492662,0.11446480341723962,0.11006555702208899
08-01-2026 13:40,25901.95,0.13025475,0.12196975734262903,0.11812157283311456,0.11531877037540668,0.11116994021131141,0.10762596914791916,0.10517627194276838,0.10282960830499548,0.10049501394390198,0.09843779021027066,0.09667617114886662,0.09536474230339888,0.10047949321106472,0.11758577836977105,0.16085770168488553,0.17236508587792856,0.17249136057682873,0.1668834588465009,0.16113608330174423,0.15512423091879138,0.14858977619825828,0.14133437572630153,0.13391053693698193,0.12741363965485816,0.12230143157135173,0.11824137143943193,0.11449507148456743,0.11048407022088992
08-01-2026 13:45,25914.15,0.12669792314388129,0.121613171805777,0.11877613825350654,0.11568775734699385,0.11149252256996081,0.1080859323372443,0.10560305566957205,0.10321176689184085,0.1008877724914581,0.09881382397019702,0.096984913646994,0.0954447292110323,0.10008987029232169,0.1166100625,0.16003674999999998,0.1719884242120595,0.17239386633240802,0.16687447320903684,0.16105183875325768,0.15492363339873916,0.14836795599323763,0.14128901125612983,0.13434667753098395,0.12848245500221273,0.12358297065061723,0.1190290197681165,0.11472355038601836,0.1106567763976019
08-01-2026 13:50,25911.55,0.1241642314388128,0.12230109832413459,0.11948372999431531,0.11549806424313597,0.11136006414696055,0.10798719316212455,0.10525515759073892,0.10281152865907589,0.10056586938341153,0.09853705000108144,0.09672262900242026,0.09511857785803925,0.09960402553523463,0.11594299362779703,0.15953233144132817,0.17182034607760413,0.17236641336920625,0.1668064605654657,0.16094362311001864,0.15482388116300247,0.14821737964732654,0.1411051814239077,0.13436494658938283,0.12890658026910098,0.12418984880255154,0.11926027797402254,0.11436259762915738,0.10992707022088993
08-01-2026 13:55,25926.6,0.11898361658986303,0.11967166947164264,0.11744163528596868,0.1134997599629682,0.1096903686442462,0.10626053405427777,0.10318664178889145,0.10059909846414525,0.09850426660118883,0.09676425626473557,0.09524274189713061,0.09395714787402101,0.09877825194880936,0.11537999589304748,0.15883052353289398,0.17152321923397704,0.17234093720396573,0.1668189675275874,0.16099371054035067,0.1549837255720314,0.1484474789662608,0.14151853010697285,0.13502337027682068,0.1295454188986837,0.12457525491937588,0.11936430719823986,0.11419978705730785,0.109527307022089
08-01-2026 14:00,25936.35,0.11281617024929555,0.11534970169546249,0.11425084579567396,0.11078831714686756,0.10727484157381281,0.10411236358547159,0.10107792653280451,0.09841026894718617,0.09643900475209344,0.09499214723928737,0.09378267642818827,0.09343053328644998,0.10039639949588625,0.11969423145111843,0.16051330714002668,0.17162144251511446,0.1722143733807333,0.16700855773278345,0.1612555440501948,0.15513611585977283,0.14855699595430838,0.14187437077067375,0.1356782198986454,0.13016104188585798,0.12501235912268982,0.11983584802761424,0.11471837051695193,0.109857
08-01-2026 14:05,25930.35,0.11336784355450018,0.11563211030396914,0.1147022028733799,0.11134948013359604,0.10764853787976356,0.10438849970671002,0.1015377331349726,0.09908986331683405,0.09709748872164986,0.09543858666288556,0.0940146344471524,0.09410819895331005,0.10280319005462762,0.12453416861676611,0.163070851713689,0.17216016432258163,0.17202623305683643,0.1667882739397619,0.16088667571679774,0.15457409397875932,0.14807032848212995,0.14170229291699446,0.13572562599777802,0.13010767206180576,0.12477820224225152,0.11966188689192062,0.11467274078299154,0.1097775
08-01-2026 14:10,25918.0,0.11913922164659849,0.11899544611446532,0.11749528761678885,0.11460258556060121,0.11075684184609318,0.10682141255737654,0.10363507478265734,0.10110746151257613,0.0988217813489282,0.0967391513517663,0.09497925075247354,0.09425349131687753,0.10097678435771384,0.12007932816028644,0.1608022166113759,0.1716563742183085,0.17180192349854753,0.16596460192078766,0.1595620099927826,0.15332750075296858,0.14739922643631284,0.14145947792508157,0.13544507055827737,0.1295576522719319,0.12401545446073702,0.11880454251201449,0.11381702073008149,0.109038
08-01-2026 14:15,25928.1,0.1258373827610705,0.1218781642800442,0.11872044475308398,0.11547611005377457,0.1112616875213554,0.10686869356304454,0.1033500339118965,0.10064194631305759,0.09826844451701605,0.09614942318626106,0.09439881651117504,0.09306812945742748,0.09781348294038084,0.11412244600492165,0.1574636882726837,0.1705778753715304,0.17130646607530933,0.16509905712252593,0.1585255617370088,0.15254379122448836,0.14693591580927312,0.14108807259433837,0.1350648715692379,0.12922753248804705,0.12370050331469049,0.11836630184824737,0.11323939386982071,0.10842125000000001
08-01-2026 14:20,25935.4,0.1316563933884727,0.12507860764961845,0.11988360875478231,0.11472887480913688,0.10928175173489652,0.10462881932835341,0.10123219316258873,0.09882211996772614,0.09677276244453306,0.09480662049517177,0.09315442954417642,0.09207564218026253,0.09713068877765724,0.11364634946202651,0.15722874031285994,0.1702013523216971,0.1708745221601311,0.1649998019691709,0.1590079474927826,0.15318357324328213,0.14709995699587308,0.14070273776018685,0.13455231385303526,0.1289138198801407,0.12359828598926817,0.1184308644845584,0.11340908656483993,0.10854449999999999
08-01-2026 14:25,25922.75,0.1345334690419384,0.1292020196407269,0.1240217949785328,0.11775907787563872,0.11137551424343753,0.10636503430106126,0.10278649070487296,0.10027977575222702,0.0980806199821286,0.09573911227981423,0.09427158713228188,0.09534425938437004,0.10331088054768325,0.12106951934604937,0.15991861153670517,0.17076022117102446,0.17075884643035116,0.16519092424176968,0.15954477722280727,0.153669581751957,0.1472238885871504,0.14046718651615647,0.13410152630791308,0.12840124746940634,0.1231793198544071,0.11826152858989092,0.11340068363058385,0.10839354341875025
08-01-2026 14:30,25906.05,0.13270738152008202,0.13000664392798797,0.12661895809076468,0.12126868041876879,0.1151827242252292,0.11003815470831756,0.1059366234256948,0.10275951942275958,0.10006522633128796,0.09731642416506699,0.09596862183256596,0.09885848894799527,0.10923179859682072,0.1277517461114597,0.1620842841007622,0.17130432102519047,0.17070416085024764,0.16495383090099078,0.15908968385148625,0.15317120645570795,0.14688947573372696,0.1403338789867451,0.13400570545871832,0.12814623209690557,0.12277675834864478,0.11784874920412391,0.11304049467707353,0.1080904341875033
08-01-2026 14:35,25930.65,0.1272974131520082,0.12438214669562953,0.12181433759826624,0.1180344248798239,0.1132867670093284,0.10884230518904839,0.10488360637513502,0.10161076297879966,0.09898892832885836,0.09647996180365537,0.09473692138782708,0.0955225127263623,0.10332720030957948,0.12095927800211491,0.15990483838931227,0.1709163175765892,0.17076329802063908,0.16466918343625028,0.1585650229927989,0.15281743786918256,0.14690526761089714,0.14053775429698218,0.13416639755777465,0.12821390026750085,0.12277664585471117,0.11776040191418267,0.11303072597013114,0.10849353153750596
08-01-2026 14:40,25928.05,0.12450325000000001,0.11921723696671929,0.11606790308855364,0.11326654663301959,0.10956044228649463,0.10570755883124576,0.10230884499597104,0.0995644338875607,0.09727369386783571,0.09505478707007006,0.09301381214580157,0.0916348933883438,0.096703162675991,0.11351057155021141,0.15769838383893112,0.17029804096024367,0.17047856876248363,0.1643001015801298,0.1582782173955458,0.15265352297546372,0.14689851568930556,0.14054169936666452,0.13401783177421894,0.1281035745021712,0.122830667162487,0.11770542047707627,0.11278195944606817,0.1083173710160856
08-01-2026 14:45,25926.4,0.12423200000000001,0.11864966522209423,0.11499094605018706,0.11178626200347289,0.10767859635398437,0.10355453158337147,0.10044336623620309,0.09819613459929771,0.0961906510502762,0.09421817303660862,0.09240356174293327,0.09090705237647102,0.09568591923963618,0.1124831249999999,0.1573301874999999,0.16980661133069014,0.16987499097650463,0.16390359445506753,0.1581353910603867,0.15244667529563308,0.14668086889831097,0.14053335703134426,0.13409486930323153,0.1281436242598059,0.12289420566712089,0.11776480006053733,0.11277261728101945,0.10826616170457314
08-01-2026 14:50,25932.65,0.12486623237394968,0.12004546538193778,0.11538999145137041,0.11072552045659309,0.10603838290608336,0.10193505611572572,0.09896762770012668,0.09688053853892448,0.09508026770737978,0.0933573662377703,0.09174403399899195,0.09031995063424268,0.09512707734686093,0.11200708036551021,0.15670081326460622,0.16928287071259218,0.1696882238004443,0.16401301897058918,0.15821866324236966,0.15233382012201518,0.14656061972475187,0.1406683063887921,0.1344680696905418,0.1285067536246703,0.12313113928788087,0.11805763263002643,0.1132364263144428,0.10876526472324657
08-01-2026 14:55,25918.9,0.12745332373949672,0.12124229829093035,0.11468153579314824,0.1089792646939345,0.10474421396780392,0.10129264095213453,0.09830325645229723,0.09594489990254293,0.09408943885218057,0.09249753300511612,0.09111956972838484,0.09000087849613504,0.09501004177153241,0.11187674115510308,0.15582463264606203,0.1680314787112602,0.16877658089428374,0.1636496458960663,0.1580007460212246,0.15199536488747573,0.14606837810052184,0.14013513950359596,0.1340831716354124,0.12821084397903582,0.12271642963729214,0.11762131999009447,0.1129830968994656,0.1086433863734773
08-01-2026 15:00,25894.05,0.12978143273109413,0.12217981758211685,0.11474423624907773,0.10892358366122594,0.1050813892346779,0.10189572887248124,0.09867891093930044,0.09577698209958295,0.09345675987322109,0.09184963456257096,0.09097470597396291,0.0905527543310492,0.09594962311085171,0.11269389555600154,0.1550751757513196,0.16632183835134648,0.16687447816769677,0.1620334327932331,0.156628283726992,0.15065405453561667,0.1445979680936231,0.1386246803181252,0.1326702685726872,0.12675922313762858,0.12110924625412747,0.11612017244308362,0.11190052568600313,0.10802078718093926
08-01-2026 15:05,25867.85,0.13085407373949673,0.12373256004430726,0.11710653972209425,0.11161126876687108,0.10733291864864754,0.10373918047353309,0.10043225947552661,0.09728023119716066,0.09446884156094981,0.09261115892034262,0.09187640974854855,0.09227047956864727,0.09941085555433005,0.1181152309232626,0.1570706900301418,0.1662653424582955,0.16581931487556031,0.160473210113596,0.15483248041265596,0.14895341283795133,0.14298538576459963,0.136985045104234,0.13102972702879306,0.12519574233979777,0.11969596561467716,0.11492904421873161,0.11094980763929944,0.10731399089922852
08-01-2026 15:10,25878.85,0.13048423237394965,0.12339134856019163,0.11718772587011916,0.11204456514874694,0.10772065677672606,0.1040979747307611,0.1010746358855926,0.0983615262488565,0.09591853169476192,0.0940782376575231,0.09295836137570651,0.09361200430624758,0.10241968429967603,0.12330414318278907,0.15946396484287717,0.1669864571281979,0.1657715603461916,0.16001222620888889,0.15410485713404562,0.14832779726665102,0.14253352616946646,0.13644521770731824,0.13036783202111568,0.12474313906176746,0.11964166596674121,0.11505575950200483,0.11107451074196815,0.10757197076903091
08-01-2026 15:15,25875.3,0.1299335,0.12209531743092898,0.11519642709737475,0.10966516440405008,0.10550390116023259,0.10240256434040848,0.09987310625154219,0.09775687234902716,0.09615267617973595,0.09470483732068302,0.09370649389067563,0.09555705677642803,0.10550181743172966,0.1254830196471203,0.15931785031944226,0.16698468404366767,0.16598586774765642,0.16042417080945323,0.15453304533862597,0.14859560987664838,0.1426343107920167,0.13650111907607174,0.1304734856788832,0.12489862658078273,0.1198580343207133,0.11529196540533596,0.11127568587194282,0.10784367256314382
08-01-2026 15:20,25877.45,0.12990175,0.12142376803019501,0.11381241643419848,0.1076853185730618,0.10333751024311465,0.1003514741653193,0.09800703855333893,0.09638651599905604,0.09563133211364537,0.09467600472916883,0.09397044611444497,0.09694485423059618,0.10763384021162753,0.1263188490299094,0.15873575681398844,0.16706608905436002,0.16620919009372942,0.1605455668742335,0.1547094002258947,0.14889885922640828,0.14291243961840544,0.13664037252806557,0.13057897980771274,0.1251312833236484,0.12021201802282763,0.1155970989805286,0.1113669604681221,0.10767068678477207
08-01-2026 15:25,25872.2,0.1324545,0.12162761474470093,0.11269329975963824,0.10691653827740742,0.10351372305784655,0.10037799593146579,0.09738005085489794,0.09598349732931814,0.09580954467667419,0.09495529678003851,0.0934829746438248,0.09406951749936832,0.10192995047037509,0.11942241544071544,0.15652600155887175,0.1670852521742139,0.16664427896337997,0.16047394774447024,0.1545958515413167,0.1492654373948262,0.14372734279953664,0.1375227088464285,0.13132759597242427,0.12595180929991676,0.12119486817945177,0.11648102281131029,0.11197819524981736,0.1080211614640127
09-01-2026 09:15,25899.85,0.136254,0.12163227957594895,0.11022294566931265,0.10445384553861767,0.10236394176290861,0.09970453403693279,0.09648868340124496,0.09504527159002701,0.0946411125129104,0.09347044562200246,0.09154730216270818,0.09011529988738316,0.09534797856007039,0.11209509406503554,0.15445833644781515,0.16711891209359175,0.16717192066390507,0.16073842876461045,0.15494618795942794,0.14992164912332914,0.14469367956548757,0.13888154630393637,0.13287256244591017,0.1272444498882023,0.12213100231691273,0.11721318638266033,0.11263982242328363,0.10873412033234908
09-01-2026 09:20,25916.2,0.13564349999999997,0.12017412142175826,0.1080581920751999,0.10194088915756386,0.09979339186401344,0.0976115841493003,0.0950079717629366,0.09322508578425237,0.09179307779216815,0.09028106125785515,0.08910691216773911,0.08836641537066561,0.0936832040678823,0.11059102562855974,0.1540957475660888,0.16683552907052282,0.16674667274499347,0.16025914383506565,0.15471078305413943,0.149936421599026,0.1447933794909894,0.13912702856301223,0.13330397054387988,0.1276097490095088,0.12230225147139859,0.1173535744026563,0.11288765891050473,0.10914343703323491
09-01-2026 09:25,25858.55,0.13024075000000002,0.11936295401654665,0.11045440391777758,0.10535179889757151,0.10267155952443163,0.10007846549275033,0.09736960442222355,0.09481283867843371,0.09219137864606967,0.09018285831498293,0.08951603277027059,0.08939235295311533,0.09466444715937904,0.11108495595515341,0.1537310625,0.16588426471065615,0.1657692916686352,0.15955324961434963,0.1539570920423341,0.14880228675280086,0.1432330511250144,0.1372713828149409,0.13161489305088975,0.12651006807469048,0.12166583454844991,0.11687735489674723,0.11236699153978724,0.1083617499999999
09-01-2026 09:30,25855.3,0.12583775,0.12106014675391338,0.11590349182536734,0.11126844044244055,0.10747064507236893,0.10410154784425779,0.10103213669277696,0.09810484719857947,0.09519066586671965,0.09300298583576981,0.09212117387102002,0.09174380617880534,0.09661599767905518,0.11232529571927613,0.1534595,0.16508347364442455,0.1651401287977993,0.15928570533041936,0.15344834998217563,0.14763507135963969,0.14154045185514585,0.13535481782311876,0.1298422710538675,0.12510141365228172,0.12054888914472167,0.1159763310549978,0.11148588864234434,0.10710124999999991
09-01-2026 09:35,25832.05,0.12953925,0.1291055971822972,0.12491212817705792,0.11824143062769707,0.11254572368806715,0.10876978054561609,0.10567981255673758,0.1026055592350433,0.09988690130789347,0.09781159953669533,0.0962801052342382,0.09500432840137807,0.0991624563129839,0.11403876845515339,0.15342499999999992,0.1643976198923386,0.16435964667870878,0.15864510060400222,0.15280969141982995,0.1469104011464622,0.1408151782579676,0.13466582219780432,0.12890799540119796,0.12364655995576385,0.11874840466063818,0.11418938249989345,0.10975559194616916,0.1052215
09-01-2026 09:40,25822.35,0.13301424999999992,0.1371180874248409,0.13385970476325484,0.1255815598341578,0.11860372619429242,0.11447169202055317,0.11096705436343396,0.10729089567849276,0.10435187453451106,0.10212291143217049,0.09998334677681323,0.09798436600385226,0.10153100595712511,0.11568016582132272,0.1537328749999999,0.16397201376296758,0.16369325739541335,0.1580431348059372,0.1520841842243333,0.14591111747874408,0.13988548724008737,0.13399891499593397,0.1280645767230726,0.12234239980842945,0.11712716320674399,0.11236037099443597,0.10784918337998169,0.103399
09-01-2026 09:45,25853.6,0.13358175377746986,0.13762070637611223,0.1351623044581054,0.12783675347489998,0.120929350419049,0.11609746735763427,0.11182426649215683,0.10758137362032308,0.10418741591511363,0.10169595964309308,0.09954439684525612,0.09758751763935503,0.10118357781196921,0.11550387831744775,0.1541262896187464,0.16430190737587005,0.16394046162420775,0.1582792814387707,0.1521241771508353,0.14554500570262136,0.13941217382454976,0.13367934427972464,0.12773126525728856,0.12199758445997556,0.11687608680780505,0.11214997071268219,0.10781259644191232,0.103743
09-01-2026 09:50,25857.2,0.1373417877746987,0.13496129881139649,0.13078349356477864,0.1248877710128865,0.11891074624268852,0.11388906149924435,0.1094455356814387,0.10524054592238556,0.10167738677975187,0.0990900358980558,0.09718691808957493,0.09552139757313133,0.09944070812023442,0.1143485746582667,0.1543220211874649,0.16517935461996988,0.1649697842219259,0.15918973735302805,0.15322563459030375,0.14697786600863824,0.14078685934970883,0.13473527675055064,0.12856191096375677,0.12263900068780215,0.11736208978429157,0.11278955203150906,0.10892135901086973,0.1053904253930855
09-01-2026 09:55,25884.0,0.13578131799445758,0.12927420783890842,0.12421725043512034,0.11951055947937848,0.11432312430594573,0.10958055717461558,0.10568403514671511,0.10219993888769033,0.0991620955440437,0.09683954657611837,0.09505049133379734,0.09349569232344238,0.09772101752929138,0.11322899632679301,0.1545474631374369,0.1661810559211126,0.1661197880361106,0.16008052141405266,0.15419133424892306,0.1484380083141695,0.14256594275513212,0.13657464689642076,0.13043170618311656,0.12425488173679727,0.1185492706555843,0.11390046058648035,0.11027799955185198,0.10706975393085501
09-01-2026 10:00,25894.2,0.13377828777469863,0.1258520445702817,0.12100418843765567,0.11674956913648836,0.11130287839131484,0.1066235693248883,0.10336903950410445,0.10047976019339454,0.0977965602657714,0.0956395495620643,0.09395619794728825,0.09254174180884574,0.0969998600397403,0.11290798790844192,0.1550103336874649,0.16681311859023595,0.1666436533844474,0.1603560644769801,0.15427683595199593,0.14851507864648247,0.1428417718409285,0.13717356476742126,0.13140533468671628,0.1255465501165576,0.11999998999298171,0.11524421274654488,0.11125434889428908,0.10762065707553901
09-01-2026 10:05,25862.35,0.13829875377746986,0.1288452429507694,0.1227862449861841,0.11728103240818621,0.11104545031618786,0.10645484036209471,0.10345813798821903,0.10054794406264839,0.09770757979447821,0.09549719747464383,0.09404684405401798,0.09294795516650109,0.09747201083512165,0.11321680944839355,0.1552342896187464,0.16694048900166142,0.1667251707839962,0.16046214549981738,0.1543194509799744,0.1482716137778426,0.1422740212807648,0.13655520199586144,0.13104996680556918,0.12561143851175527,0.12041461844106133,0.11564099630690647,0.11121204301225135,0.10693564677883848
09-01-2026 10:10,25871.6,0.1391849255644617,0.12922304467759488,0.12192924469719008,0.11579506638335271,0.11003305198273455,0.10562599040337275,0.10224193544042724,0.0992033273463811,0.09658919649466317,0.09463625160177619,0.09342855676463876,0.09260358325812025,0.09727283113990402,0.11295965260023653,0.15508638066311095,0.16685276207117358,0.16676623379469388,0.1607093148105378,0.15465780820793934,0.14845100243059736,0.14224142922685537,0.1364768126040176,0.1310242879422345,0.12565643180878172,0.12052434462721472,0.11574565291020064,0.11131148961938078,0.1071126038729202
09-01-2026 10:15,25866.2,0.1377897556446167,0.1295072833667312,0.12265024047432457,0.11686087818540283,0.11153042402625014,0.1066692479316946,0.10247056716856948,0.09912723502946447,0.09660303521582943,0.09469324473631346,0.09331491298833766,0.09241954243069904,0.09736545687820328,0.11349442903789803,0.1551141419555485,0.16630329785055822,0.16624438461882196,0.1605499932447061,0.1546919233971319,0.14855136017158455,0.1423979514311058,0.13654577004025936,0.13090353079942804,0.12543953536837818,0.12028930064545675,0.11547805570173703,0.11109802301676867,0.10712232126370247
09-01-2026 10:20,25855.2,0.14223541016031005,0.13527466943511623,0.1286109200471008,0.12196054200699104,0.11553511453214912,0.11000900442531619,0.10549315809674162,0.10180446435866503,0.09885324398973741,0.0964413603773438,0.09452895338422607,0.09387911536931261,0.10050082991605512,0.11897326357768004,0.15772289268038636,0.16667475479610475,0.16597313015537601,0.16034612067655413,0.15440607430170838,0.14828365571761812,0.14221878698663262,0.13625737322568499,0.13041918622014684,0.12485077095599852,0.11963338627634788,0.11466386232539538,0.11002719426570008,0.10578992847983472
09-01-2026 10:25,25858.65,0.1467390056446167,0.1374721271167312,0.12912810023345112,0.12106783284690889,0.11385833258100932,0.1086784682182007,0.10486977067769604,0.10151812082425832,0.09860003831049635,0.09607118343039976,0.09401963186663494,0.09387212458244529,0.102199773029053,0.1230301341798005,0.16058371747100988,0.16848731672942363,0.16718344249143652,0.16097172504181145,0.15446287840793918,0.14820873959448652,0.14235554504023987,0.13655232843164725,0.13072530627714002,0.12511251279354635,0.11977477344202085,0.11465420967842067,0.10993048265625965,0.10564564284798347
09-01-2026 10:30,25876.25,0.1433711755644617,0.13192759053493236,0.12272967013461289,0.11513532518466882,0.10886387496052119,0.10439726991800136,0.10109399355802974,0.09827658435728961,0.09588847093005425,0.09384520942023006,0.09219105550934563,0.09191500005529567,0.09925627642230994,0.1187019307065256,0.1589667863359136,0.16887320059029706,0.16809282921461752,0.1615810241281361,0.15473593014295595,0.1483434352523403,0.1426914932342911,0.13713895741534926,0.13133443048386856,0.12557539079978033,0.12011678361659593,0.11512855225561153,0.11067367694741485,0.10650175
09-01-2026 10:35,25856.25,0.13783309967848256,0.1275169025497799,0.119300172469443,0.11322850796213696,0.10842438915331724,0.10432343100137247,0.10077740306967639,0.09783626962363849,0.09551723839667578,0.09370577528737833,0.09282276972243908,0.09431250273590448,0.10280521437696806,0.12105428782635363,0.15840010960857528,0.16799063322866054,0.16719703530581126,0.16103559581874677,0.15456572387225856,0.14823793668593993,0.1424884238708018,0.1368784545000368,0.13095229478276793,0.12504515220108692,0.11965275211291282,0.1148493560513195,0.1104231140642745,0.10614900000000001
09-01-2026 10:40,25848.5,0.1351412467848257,0.12675895336553486,0.11906976642157298,0.1132656709775923,0.10920005386511705,0.10556505307858127,0.10194191324119492,0.09872022002882294,0.09618512669200853,0.09432807757917758,0.09410592143502597,0.09795770292104639,0.10911290505323386,0.12795290634233727,0.15999622851616377,0.16755903774008143,0.16618868059983666,0.16039910312941796,0.1543846689806833,0.14810978331709027,0.1420419365315411,0.13622919307825498,0.13029668141652312,0.12447920027822658,0.11921988844558652,0.11430349476527929,0.10962394243924468,0.10536174999999999
09-01-2026 10:45,25856.0,0.13128154421268637,0.12404478156695382,0.11637387596979537,0.11030710706361202,0.10652916057321576,0.10338564138836243,0.1001415656669043,0.0972559604363749,0.094965912463119,0.09320689850910345,0.09321423161460751,0.09771663271505725,0.10962691599647904,0.12888598938203666,0.16032070828282668,0.16763081499320392,0.16612916504112754,0.16029621445581055,0.15436854692650587,0.14815692607622605,0.14199764048631974,0.13615078094053243,0.13036198933250753,0.12473726705946211,0.11953629432083746,0.1145270272663611,0.10975705253652178,0.10546225000000001
09-01-2026 10:50,25857.85,0.1265634496194732,0.12166076580811905,0.11473066211710391,0.10836358299758012,0.10419227437395838,0.1009352045325009,0.09799495778136497,0.09564333773318442,0.09377424412928145,0.09217623353234872,0.09222058128464719,0.09678073696544062,0.10876124908039708,0.12806675908714,0.15955335092842232,0.16721996666311367,0.16582213562920772,0.15983066577516936,0.15386412025096435,0.14790017150241158,0.141968577049238,0.1361089076257439,0.13023735194238073,0.12461699285716982,0.11947336806313129,0.11464968473716429,0.1100844886627536,0.10574125000000001
09-01-2026 10:55,25829.65,0.12653512802495714,0.12421954963794754,0.11763167444437644,0.11022809845929184,0.10502106267923507,0.10119509209212485,0.0982241915728091,0.09603976922213378,0.09428805071017149,0.09276842368345233,0.09218934581318189,0.09417727135383475,0.10281712423646999,0.12036941529237932,0.15570820767432753,0.16531783897947594,0.16478751564231356,0.15884265644462522,0.1526819321113512,0.14669622652784836,0.14095223012961733,0.13517734249763796,0.1292477712290087,0.12353175924581576,0.11823056524798095,0.11334853930549091,0.10904051870093422,0.10515304626454396
09-01-2026 11:00,25812.95,0.13053610795201656,0.12709228358648608,0.11977567698692043,0.1118611338241893,0.10623877949644248,0.10223645061044773,0.0993165855781302,0.0971562459646318,0.0953166496396495,0.09375192735241976,0.09254282920511657,0.0919245854773311,0.09713845452274117,0.11295230018042099,0.15242341780560287,0.16351779489577933,0.16362595523349516,0.15788580894635618,0.151628516836908,0.14530899066293387,0.13945517737193533,0.13388362718800112,0.1282302996971661,0.12263134442031723,0.11717520356134528,0.11209007449901522,0.10797819216224554,0.10476933447707062
09-01-2026 11:05,25810.2,0.13030234763009804,0.12418383800778546,0.11703969901747582,0.11041937784806388,0.10547360942778582,0.10182219341600668,0.09911386080155848,0.09693560958939818,0.09498992494310339,0.0934263316827117,0.09227145253660525,0.09148796206930342,0.09640774855933482,0.11216048369878681,0.1521325708095477,0.1629389405908911,0.16300559988565586,0.15758246795883235,0.15162087916796715,0.14523133926256723,0.13914156973306574,0.13348323358976916,0.12789127571515907,0.12244680221234094,0.11730425132713262,0.11255884156160359,0.10863992287434092,0.10556180107810302
09-01-2026 11:10,25819.45,0.1264603969970729,0.11971279231747822,0.11364501515862074,0.10848551605790024,0.10410073879748277,0.10057322323465766,0.09795405006143013,0.09577496734510806,0.09383962099440016,0.09241284374999992,0.09147352368258181,0.09088698535532769,0.0960199545954916,0.11210146973032771,0.15236967274447127,0.16308176520175013,0.163091568225148,0.15759873530860874,0.1518143400873383,0.14585370532707131,0.1398450570077557,0.1337970594373221,0.12785181461736547,0.12242949919410409,0.11766975456503007,0.113300903731421,0.10931040822405251,0.1057216556148011
09-01-2026 11:15,25805.3,0.1257125138026548,0.11954501624869254,0.11396684211504302,0.1090291502516714,0.10451865509512118,0.1007978430266955,0.09813634087383727,0.09601487357539869,0.09415524102946451,0.0927663124999999,0.09183609262864732,0.09126980801458986,0.09635724327188488,0.11223630801458988,0.15231348485803953,0.1633340857080637,0.16326618355014758,0.15736187387792017,0.15143200137297558,0.14575573835886832,0.13989369803233537,0.1336399749528822,0.1275532724981408,0.12220771282771074,0.11749499264007311,0.11301334797404383,0.10866414570471439,0.10443255521257176
09-01-2026 11:20,25797.5,0.1277139070626187,0.12175391519683772,0.11605517311293018,0.11079178479203985,0.10613347150988156,0.10244390528877684,0.09970067419399746,0.09743111398239368,0.09548755247697148,0.09398964162110036,0.09291529080173247,0.09223976760142813,0.09711572046951672,0.1125123447303277,0.1521238984858039,0.16344586269214306,0.1633366433588318,0.15726533214685615,0.15126821269042107,0.14547029914295442,0.13942339155774994,0.13307447476485118,0.12704879552507792,0.12181638141356275,0.11706042335667913,0.11242743249126019,0.10802588685250415,0.10386877814878921
09-01-2026 11:25,25799.65,0.1292208366731629,0.12252363516115483,0.11643225379319042,0.11102730994936673,0.10640019238913997,0.10270142441066456,0.09976535733518162,0.0973551093815251,0.09542046661974257,0.0940009474610044,0.09300740637226479,0.09234151318403717,0.09720036669980027,0.11262219072303277,0.152234875,0.16317416824514536,0.16277818030881383,0.15686534671045932,0.1512707222849553,0.14553106045708536,0.13911014535306698,0.132391865560755,0.12642899737349828,0.12150870943157978,0.11677614686388386,0.11198113350703143,0.10783081848116396,0.1044469813708844
09-01-2026 11:30,25809.4,0.12676864099321894,0.12040594622820863,0.11465257143007898,0.10952174518798727,0.1048694957547554,0.10077602783213338,0.09767842721880676,0.09565721799564608,0.09418237770561921,0.0930527249635084,0.09226946439471195,0.09173351792980793,0.09673617635745199,0.11242631250000001,0.1521528124999999,0.1625701429496034,0.16184290091442186,0.15606723467963676,0.1509227998474258,0.14544865950685487,0.1388902257534092,0.1319388915476878,0.1260845068736247,0.12149954872784158,0.11687230512393301,0.11197382034522016,0.10784177636522227,0.10463840631715801
09-01-2026 11:35,25776.0,0.12298205877436853,0.1178340014963151,0.11300139410502819,0.10841563952570599,0.10380982625954338,0.09948078168525558,0.09650422332356623,0.09504149022012086,0.09400746323809958,0.09298631562490708,0.09223096487474348,0.09186345681256859,0.09714920088508822,0.1130861557548183,0.15224604662740907,0.16261402753514512,0.16197345642484282,0.15605570921809986,0.15057287944317843,0.14502674729898812,0.1387667850927174,0.13202430548593963,0.12600968426212106,0.12135659398345602,0.1170855455325283,0.11251733450549033,0.10823286288437403,0.10451579063171573
09-01-2026 11:40,25764.3,0.12282978047845229,0.11744380008182682,0.11266076273857303,0.10833612691995774,0.10409127821006449,0.1001782941931598,0.09740943528108419,0.09584544516718825,0.09466095197047256,0.09358068420379823,0.09282853447204535,0.09313338219430037,0.10029168180262873,0.11859779650864778,0.15485617950432387,0.1635137303222519,0.16260643888835122,0.1567306787593605,0.15072073275268486,0.14469868983824052,0.13857304047689342,0.132186312092156,0.12612130773674302,0.12126144993228329,0.11715084651093866,0.11285592931073038,0.10852705500356614,0.10454574999999999
09-01-2026 11:45,25759.6,0.12291823152549639,0.11740657313559784,0.11251217299571437,0.10833309178970846,0.10471540704551623,0.10156962697454407,0.09894900852621838,0.09684054895382505,0.09519124865316132,0.09409020355977776,0.09344190694875905,0.0948189323840897,0.10506967510462766,0.1274373181913772,0.15916740909568858,0.1645630115096955,0.16275850768458056,0.15708995742371176,0.15096125006450872,0.144593539154221,0.1384113904327886,0.13245053010609456,0.12677232543900163,0.12177895386095264,0.1173202595058466,0.11288982114233105,0.10857513468717267,0.10460200000000001
09-01-2026 11:50,25748.85,0.12230846086845665,0.11743885552579741,0.1128041933895681,0.10877393843258185,0.10550552219595712,0.10271233419271229,0.10010670577743769,0.0977364692531374,0.09588587379037045,0.09472683637095114,0.09404322243841293,0.09538859646905273,0.10557551751671707,0.12778054558689364,0.1592580529189638,0.1647266378549132,0.162891222852457,0.1568072388407154,0.1501253390399959,0.14365763048784946,0.1378287291196695,0.13238059522536486,0.12713556848439872,0.12214626680769475,0.1173260490945428,0.11266931092662077,0.10841246940430851,0.10456800000000001
09-01-2026 11:55,25747.75,0.1251243393713648,0.11979770166558636,0.11490639865231284,0.11055492189345063,0.1068064426561381,0.10362036398604846,0.10083913548013534,0.09853437527224047,0.09678991137638421,0.0955061020990318,0.09459031508544644,0.0948603121955985,0.10208924111456236,0.1202651832330828,0.15537858037171182,0.16399857884465133,0.16322662459762932,0.1567496299132878,0.14943877069390618,0.14273299531578273,0.13704293944156112,0.1317965820654522,0.1267131930566946,0.12170722100239975,0.11671721613494063,0.11202345442562302,0.10785271719887665,0.10397800000000001
09-01-2026 12:00,25743.15,0.1270221089371365,0.12142590580179204,0.11649827166431075,0.11193257818559017,0.10759909430811566,0.10393357751325846,0.10103022203533912,0.09880299523886002,0.09713205815984535,0.09578829825788983,0.0947607355930072,0.09495156877156474,0.10205291962516247,0.1200085541683682,0.15512028809349082,0.16396506527647484,0.16350443475202422,0.15746501059566692,0.15044510511811204,0.14360293521284406,0.13751698520304878,0.13183523022414906,0.1263462947553246,0.12114733330218072,0.11625191356299706,0.11172908797578046,0.10751683620943145,0.10332100000000002
09-01-2026 12:05,25753.7,0.1233215,0.11885896258363285,0.11471516398382592,0.11060968023706406,0.10639099754408625,0.1026971009627798,0.09987408082500913,0.09774113627934886,0.09622084276916214,0.09528714503567451,0.09484548390532324,0.09590859861418224,0.10445853665628482,0.12414267408748222,0.15732015529080232,0.16459091158295225,0.16356623150857194,0.157571793243669,0.15075816772503348,0.14426718576548034,0.1384544522560735,0.13262995900288055,0.12676165234334627,0.12148012230182811,0.11679683110069908,0.11237953187921847,0.10807175972628195,0.10373275000000001
09-01-2026 12:10,25746.8,0.12129474999999999,0.11613073927103017,0.11186324771588835,0.10832026665028874,0.10471600683855357,0.10124595852938194,0.09849031107675929,0.09652282545462074,0.09579966385867014,0.09726967188944761,0.10027250007047103,0.1031613722528388,0.11027555380379349,0.12632672716181498,0.15744953237533202,0.16449209395186118,0.1626998224892926,0.15573869958752348,0.14872093847811058,0.14298803076301247,0.1381511574741595,0.13293885221101612,0.12725773457714623,0.12194274265602822,0.11722183271817635,0.11277850727463873,0.10845168692692829,0.1041645
09-01-2026 12:15,25744.0,0.12224899999999993,0.1154059165093184,0.11022655970244037,0.10668702076124367,0.10356050687197223,0.10044607193076396,0.09781884941752376,0.09599619048027994,0.09592948191083811,0.09942545837947223,0.10536632740505336,0.10968377386843395,0.11512640960435244,0.12736631394775824,0.15683061907791263,0.16385806527371635,0.1614531898228838,0.15406309696035095,0.14741276531793346,0.1421764391838671,0.13751273674629666,0.13239568254241096,0.12667740605286262,0.12116112591818164,0.11640166669382149,0.11206912021640951,0.10787468205173349,0.10386175
09-01-2026 12:20,25738.7,0.118377,0.11286924784587893,0.1082407118224973,0.10458297482823666,0.10156146719445949,0.09896215319635221,0.0967733234248079,0.09511966562485435,0.0946072901836071,0.09628314744364751,0.09954323146212425,0.10210978684002696,0.10760379544515669,0.12125534097059133,0.15460971940945542,0.16295821931537413,0.16135999541684684,0.15468523654833688,0.1484072740189306,0.1427830274732934,0.13739957371991904,0.13172856163712293,0.12571857212708543,0.12020839782830818,0.11566763244812008,0.11144726104087063,0.1073919140897675,0.10390525
09-01-2026 12:25,25737.5,0.11362775000000001,0.1098199917894844,0.10622956107683604,0.10281985936041402,0.0999183822568756,0.09768960051238706,0.09584362375468533,0.09432950912723811,0.09333558260022191,0.09298011384047532,0.09321676128765266,0.09388221408706053,0.09959608127000784,0.11496963801152343,0.15193898580900242,0.16200279708244886,0.1617284881118261,0.15574739095744897,0.14937341406517465,0.1431957088824501,0.13731774652232726,0.13145822403899984,0.12562523657536706,0.12046410872776128,0.11605831009768959,0.11172630895270082,0.10763384598026392,0.10426724999999992
09-01-2026 12:30,25724.25,0.113458,0.1094564218749999,0.10590774999999991,0.10277922348210829,0.10014950492786824,0.0980320348903897,0.09619574742504292,0.09469930561095173,0.09370558539884975,0.09318628191162225,0.09317907941122969,0.09378727692836339,0.0995919954386297,0.11499000651822056,0.1517851729419216,0.16214527012798213,0.16205061988595626,0.15614478377225968,0.1498249096354518,0.14360433425380265,0.13771603055685394,0.13206491264306652,0.12648120880886324,0.12137284316085503,0.11686307198287837,0.1125753908422109,0.10856456443978234,0.10490499999999991
09-01-2026 12:35,25712.65,0.11460925000000001,0.11034870181852684,0.10659198332982145,0.10353042700650034,0.10110141104608933,0.09904157377269668,0.09719023653313498,0.09573501251557208,0.09477738806826538,0.09428484444687923,0.0943957870195235,0.09518668347316925,0.10112459372527602,0.11657527034044365,0.153451426081554,0.1634729467482832,0.16266106697799454,0.15633281407156344,0.15027663484400178,0.14445124087727773,0.13876965022986185,0.13320993057753824,0.1275732171467858,0.12231467716366902,0.11776114703211014,0.11363004740954294,0.10972370841636135,0.10588027462435146
09-01-2026 12:40,25689.45,0.11455425,0.11068536580230923,0.10703158869487656,0.1040344816761855,0.10172135366514759,0.09973896319132573,0.09804919745098828,0.09680032576971016,0.09588067951231863,0.0953381276071682,0.09552691847289553,0.0964933046428762,0.10254149227110801,0.11799292098501346,0.15466201493613108,0.16417167699696425,0.16261742735130108,0.15574649711273175,0.14992479114878446,0.14474466775323658,0.1393215416878438,0.1336569490146532,0.12800740468017457,0.12285068297771021,0.11835456234378683,0.11419440245163634,0.11018406452169392,0.10623374624351462
09-01-2026 12:45,25685.25,0.11645149999999994,0.11196864015388414,0.10798231324636606,0.10490616062906108,0.10262478942614434,0.1007103321250762,0.09911884817055946,0.0979313299468511,0.09696799840282115,0.09633166460709872,0.0964743923130573,0.09747993048272809,0.10348701142890036,0.11866334238842162,0.15468736806035474,0.16387132781067695,0.1619710117056842,0.15479304340734157,0.14896248603569745,0.14396537725647598,0.13852596510787668,0.13277668118227148,0.1272457593522769,0.12223074692598461,0.11774929303794475,0.1135511768925792,0.10947201801466899,0.1054339432383263
09-01-2026 12:50,25678.5,0.12095296109054668,0.11487713570094316,0.11016309962779518,0.10680033819507449,0.1042740467085842,0.1021352152622975,0.10024745405396437,0.09876576533956585,0.09766857400704661,0.09698933951350504,0.09700648507996842,0.09780610060803419,0.10361886902385116,0.11862592776704589,0.15475378017018662,0.16403104059498771,0.16214270988812463,0.1549652351762958,0.14894194530552501,0.143440652727727,0.137482189085609,0.13155396462511773,0.12613526898435912,0.12113894069160493,0.11656465754853475,0.1124183123124519,0.10843781830178283,0.10438099624351461
09-01-2026 12:55,25695.15,0.12090936090546693,0.11529073520347634,0.11097362869494191,0.1077450264335435,0.10499969921462982,0.10249410910637023,0.10030419299142519,0.09864143500568354,0.09750007459508557,0.09685838569128427,0.09690337854543064,0.09777832284158042,0.10379325066155232,0.11906215524620017,0.15542421248835903,0.16485980701958178,0.16315681596267495,0.15603283119118005,0.14973655088213436,0.1438619701771643,0.13768000767511654,0.13166367729563047,0.12622934650369044,0.12111589111514923,0.11636407546954049,0.11224785615978101,0.1084507510290378,0.10453302462435148
09-01-2026 13:00,25694.0,0.1191008538253112,0.11499460530153154,0.11134137214373648,0.10813341163451631,0.10520138080685554,0.10252628831772181,0.10026662756040053,0.09854199814027818,0.09733749326370812,0.09671748555396795,0.09736004768176955,0.10036567001439811,0.10902622092802669,0.12543293528903954,0.15765021531945428,0.16552588089872233,0.1635688974431046,0.1565339816854277,0.1498192167377309,0.14367790769509475,0.13789431799341506,0.13224893905206633,0.1264735329277982,0.12077656035413094,0.11585595271000305,0.11194373491417542,0.10850290608584656,0.10501975000000001
09-01-2026 13:05,25687.3,0.12037715286017371,0.11672922127546027,0.1129841413525576,0.109275488833518,0.1059611957448842,0.1031866262066262,0.1008744755941393,0.09902134569201855,0.09771338728248351,0.09707071734493676,0.0981914137959509,0.10307332174585923,0.11403858168343725,0.13128553846780477,0.15927399303292994,0.16515377791559385,0.16270385034850385,0.1560884003653718,0.14944435356549823,0.14307537290270927,0.1375585092475213,0.1323028150591419,0.12622836476886368,0.12001241391932872,0.11504631348485397,0.11136434707143689,0.10814212488407866,0.10490375000000002
09-01-2026 13:10,25691.5,0.12094193061158945,0.11716391038329778,0.11337081125680347,0.10956462208710707,0.10603125978001328,0.10303915088617624,0.10069734152268502,0.09903724696589188,0.0979291788635933,0.09730923313325504,0.09787855843306711,0.10082589003443378,0.10942822241996394,0.125733884363302,0.15740407251829444,0.164264639728898,0.16206435216468393,0.15575992606252395,0.14964503704754623,0.14345927246485152,0.13783885126302017,0.13256338247845736,0.1267657354158152,0.12097185484112223,0.11609779079006896,0.11201213122038331,0.10828692666084497,0.10476175000000001
09-01-2026 13:15,25696.8,0.1205502319804127,0.11617707319388897,0.11226667374542701,0.10873569807226462,0.10534475949894229,0.10223386615339221,0.09991274319040563,0.09854305424327969,0.09768547711432489,0.09710704829483063,0.09709745670757244,0.09788480260879046,0.10384003480988713,0.11915678526382213,0.15520260725182944,0.1639969233272545,0.1625018938532704,0.15622613805608257,0.15034884543584467,0.14437145612909705,0.13845456771399908,0.13287423104961826,0.1273789941907487,0.12212873334207276,0.11728803252546313,0.11261526412401644,0.10833902833814785,0.10474092438704444
09-01-2026 13:20,25704.7,0.12062994624174139,0.11553282923581586,0.11132503392043404,0.1079446292354582,0.10490501549348046,0.10209423599128765,0.0998647356620342,0.09840134388607197,0.09741475824414147,0.09675487668501431,0.09665895858826679,0.09724067183431248,0.10295926837818573,0.11821065850292212,0.1546316875,0.1639628966973889,0.16295411602159254,0.156845744165925,0.15100426168005857,0.14507342759388478,0.13890564861560478,0.13296218953643646,0.12744083480865193,0.1223475204347982,0.11753434960058053,0.1128168207619319,0.10866271584265053,0.10542399387044421
09-01-2026 13:25,25701.95,0.12015444002570591,0.11429254052039994,0.10987131134566064,0.1067446627191658,0.10414567843509355,0.10179474944374448,0.09979445305600082,0.09825715402588092,0.09712794137541861,0.09640016265600368,0.09633912202539108,0.09709661063453175,0.1029967067414295,0.11828454139124969,0.15468355213805587,0.16416765339422612,0.16336529038662534,0.15730693460489734,0.15128238765535276,0.1452632630903079,0.13916338670337128,0.13322076837897498,0.12770481474471543,0.12264839346545209,0.11783861141347175,0.11332625853617678,0.10955011138320457,0.10651521059287239
09-01-2026 13:30,25705.5,0.12032424400257058,0.11297281107275785,0.10820712533406583,0.10570694752583802,0.10368849941179564,0.10150341738347733,0.09946470204280908,0.09786474979922723,0.0967600458343274,0.09614449644276812,0.09626056236430793,0.09726817458046749,0.10343056357031093,0.11889948471485855,0.15503020773586346,0.16439873807367883,0.16346750278661618,0.15726520238477804,0.1510952733225571,0.14503158295713536,0.13908758507312263,0.13331221124694137,0.1277855952186154,0.12263428495397896,0.11778480230487569,0.11342838866198975,0.1098978309945089,0.10691764546213677
09-01-2026 13:35,25704.05,0.1194771377914878,0.11195886540957926,0.10754451467409783,0.10561155950440776,0.10373526319607303,0.101312011301663,0.09902303849463513,0.0973071650021786,0.09625214076125745,0.09580070221064176,0.0960770740626351,0.09766616031311755,0.10544099656078312,0.12314333099734052,0.1569683822504043,0.16457093699012346,0.16300369717065388,0.1568499737756264,0.15092639006942024,0.14497709684606455,0.1387928501448526,0.13278656152746054,0.12725162505415924,0.1221218743230506,0.11737188362024617,0.11328643225267707,0.10997257917855745,0.10705356696599881
09-01-2026 13:40,25707.75,0.1136421279148788,0.1099663310110216,0.10739016501160233,0.1053698636816399,0.1029023120222679,0.10028522269392551,0.09813986966048008,0.09652843341753026,0.09551041998421764,0.09521055231431932,0.0956256241741767,0.0977049266283969,0.10697003054002352,0.1267581739235062,0.1584978873864042,0.16451665777613697,0.16248728202581525,0.15640805305023603,0.15050641689704347,0.1445131546177576,0.1382516774148942,0.13228334703202208,0.12692041724843114,0.12190820203235456,0.11728195371661221,0.113371850711451,0.1099694603015446,0.10661880221808685
09-01-2026 13:45,25683.75,0.11047748024678183,0.10992854802423437,0.10838333861795867,0.10582742087171215,0.10295281350074803,0.10049620285681349,0.09857866482611399,0.09696203551800107,0.09588600948325818,0.09565005589206375,0.09606660602635268,0.09756730257352422,0.1052178606284774,0.12270757718486022,0.15557826688180693,0.16304396840976085,0.16167618439987286,0.15568752434719182,0.1496316783980497,0.14359558894877328,0.13764562708596273,0.13184282023353056,0.1262787241126386,0.1213271389311525,0.11708218376115229,0.11323604684267755,0.1094017950130297,0.10536542493571653
09-01-2026 13:50,25682.0,0.1165593779148788,0.11357378416535752,0.11031768174072437,0.10720151913188139,0.10459618573917588,0.10244365853821608,0.10052448574285389,0.09882205532809607,0.09769803967037266,0.09730332649775686,0.09743090689390034,0.09813271143543668,0.10383538486956136,0.11857447203804684,0.1525948842418721,0.16154520190086138,0.1608974914352812,0.15515151392530885,0.14919665481598093,0.1432728781198429,0.13740550888759173,0.13133133621527515,0.12531100837517545,0.12035518877542867,0.11645795376696041,0.11267349121721142,0.10858897681532514,0.10427843533096437
09-01-2026 13:55,25665.25,0.12196966417814502,0.11615353345608372,0.11130572494591667,0.10798332934100638,0.1056864112089391,0.10363667520664166,0.1016687151945851,0.10001032707224401,0.09884754580770773,0.09818113523287174,0.09807170945984303,0.09863872935303711,0.10413687076252284,0.11864649503683,0.1529895500807081,0.16183763309123445,0.16101567726589613,0.1548445293202387,0.14830664854660922,0.1422406410639866,0.13680462155690765,0.1313113590694001,0.12566083580015072,0.12065354071499812,0.11644593083037702,0.1124214932606509,0.1082463437499999,0.10391625000000002
09-01-2026 14:00,25689.05,0.11962301386657152,0.11520356038054058,0.11102095695692799,0.10779767972311481,0.10532804625997402,0.10305868868083032,0.101078281767992,0.09955521473620409,0.09841266796107673,0.09770731952562002,0.09785317147834043,0.09891457673057628,0.10477776441383513,0.11948279878511531,0.15425275899938645,0.1631071857572148,0.1618637294748785,0.1547721137647816,0.14718572930392151,0.14072314830724392,0.1359516497472964,0.1316083081311089,0.12670028228484184,0.12171194915188148,0.11716936376162539,0.11291026152696194,0.10868262499999991,0.10437225
09-01-2026 14:05,25678.55,0.11746672495982878,0.11409608126798604,0.11034795510179987,0.10714697980485073,0.10455891139891788,0.10211966260776428,0.1000946331337861,0.0986772202762301,0.0976649359433666,0.09763772173828811,0.10009961251181727,0.1044862893657907,0.11197112705792549,0.125613228602388,0.15663412012550992,0.16419283301025367,0.16236519810716973,0.15523478724486556,0.14768810007993813,0.14105057346201993,0.13613825038734328,0.131853324938648,0.12696790177627412,0.12197181017881661,0.1174985817858777,0.1133165438839693,0.1091180781249999,0.10482875000000001
09-01-2026 14:10,25674.05,0.11728690583089987,0.11317025742827601,0.10915798271319792,0.10599953773135048,0.10357657640003473,0.10129631173636269,0.09931237228471322,0.09792899954712496,0.09703790256567127,0.09767776682019191,0.10223586316206477,0.10957118859815802,0.11845921468886804,0.13108245422403317,0.1585124537259179,0.16475797006344223,0.16260358882261045,0.1559270107196851,0.14896388852185,0.14247233497405984,0.13712896916999276,0.13223224940984848,0.12696982656953795,0.12190842394686996,0.1175222613664655,0.11342512622368739,0.10926716450942811,0.10501474999999999
09-01-2026 14:15,25669.0,0.11457319602994077,0.11138104070426579,0.10805279059056344,0.10517505548057736,0.10288570362270294,0.10077978024078107,0.0988757727806462,0.09748279082002032,0.09661983971334681,0.09684197384217752,0.0995321177070575,0.1040600804711989,0.11161750121603771,0.1253073634577962,0.1567075576255099,0.1644293037576042,0.1627099649306085,0.15602355418999903,0.1491669214695921,0.14278045592261088,0.1373933113919047,0.13239618107838338,0.1271507894020229,0.12212187267881654,0.1176225826797341,0.11335820169676243,0.10918224239348666,0.10510996779787914
09-01-2026 14:20,25668.65,0.11290380535791056,0.11066062943652019,0.10781903448694649,0.10505937349766917,0.10274655715065842,0.10057013610837263,0.0986191855619358,0.09721785264591432,0.09636704238894281,0.09606174847089505,0.09658590613730723,0.09790145350327215,0.10393711948820525,0.11881985509577954,0.1545237370125509,0.16371108385424094,0.16197079499924188,0.15466358953670187,0.14778029881947635,0.14188051714590955,0.13699884387802894,0.1323529550854655,0.12731542840835935,0.12234070758038157,0.1177525941625292,0.11336768913533743,0.10925260603675432,0.10549617797879131
09-01-2026 14:25,25671.35,0.11669516964328362,0.11325908342032288,0.10959785016556119,0.10635605487742986,0.10369077086394377,0.10121754209419954,0.09903980553650729,0.09750601106052238,0.09663769339796224,0.0962997613883865,0.0965578811660155,0.09747192331152331,0.10333281866601551,0.11835562499999998,0.15431162499999992,0.16323720318850382,0.1609949316554165,0.1532444289074058,0.1465868050918211,0.14143382944188382,0.1369805852482764,0.13226226288755025,0.12709428128561281,0.12210754461456719,0.11756336360999811,0.11325131109803951,0.10921722460496613,0.10551617036182442
09-01-2026 14:30,25652.65,0.12161823579942514,0.1170262087051325,0.11262644274370993,0.10882776849292139,0.10566790224698473,0.10290380787460836,0.10050041675986124,0.09870149053871412,0.09766760740208791,0.09726329120560646,0.09744789890291367,0.0982884663264657,0.10406717759045195,0.11894304308808344,0.15426966702480183,0.1628248703382065,0.16085505000015565,0.1535000323986221,0.14683747963996663,0.14155769105988725,0.13687583152442254,0.13172182214951628,0.12629166565488512,0.12137336802067261,0.11696916318830375,0.11271537398121696,0.10859287187647483,0.10460767797879131
09-01-2026 14:35,25659.1,0.12142593835096781,0.11765719134554481,0.11362008203175014,0.10959130952246315,0.10611947056978299,0.10341001952489842,0.10117878214187755,0.09935142151638623,0.09816196099102054,0.0976556866818812,0.09784764983187311,0.09872177946876093,0.10440945233225511,0.11901068088083443,0.1537172952480192,0.16265808115945488,0.1615704686676681,0.15483976257946114,0.14788953129261775,0.14193348952896084,0.13679090628170856,0.13138594845137544,0.12587679126339424,0.12106530017991052,0.11678984563312475,0.11257374798736736,0.1083865035492046,0.10423096779787905
09-01-2026 14:40,25650.4,0.11924593903174205,0.11640211315388323,0.11283535132557194,0.10881660624341256,0.10531488678934033,0.10281776653959596,0.1008784683667338,0.09920373398817747,0.09802196810095916,0.09749122119446237,0.09769802378828539,0.09858802142154013,0.10424154207490618,0.11875646308550201,0.15339039193341736,0.16283167454574832,0.16234431497995142,0.15617081776746106,0.1493958764656072,0.14296135281448266,0.13702145139954133,0.1312113811755806,0.1258255827942892,0.12121005794767,0.11696329458713901,0.11273285937499991,0.10857274999999991,0.10446675
09-01-2026 14:45,25668.25,0.1188451883509678,0.11550258733717689,0.11182248838305839,0.1080307000777998,0.1047572834904621,0.10232895301322217,0.10042439788916566,0.09882713203866803,0.09771196377033156,0.09721095100389458,0.0973929143972599,0.0982205331058379,0.1039194235069731,0.11867830588083442,0.15353588371932703,0.16280114876729548,0.16241094652990848,0.1566844711323334,0.15034933490944002,0.14382031866025802,0.13732165609960695,0.13115774383591994,0.12586988576886873,0.12140640287561633,0.11715152304612025,0.11288948826745385,0.10875308691061339,0.104705
09-01-2026 14:50,25663.45,0.11897909383509678,0.11490689632339642,0.11097706066192553,0.10743760537103679,0.10443115048092526,0.1019429235608746,0.09992186310151838,0.09836930403695208,0.09731080734178385,0.0968116781741244,0.09697335012061,0.09783780033928285,0.10378425744425847,0.11900532531671183,0.15350186416960718,0.16201060570760417,0.1616070210586734,0.15639010301959716,0.15046076911019254,0.14414032457063194,0.1378931178865212,0.13193799281365212,0.12651495455691503,0.12165654135153661,0.1171566945625299,0.11293342954953929,0.10890743160613471,0.10490175000000002
09-01-2026 14:55,25674.9,0.11988,0.1150058554092499,0.11068398596382316,0.10716163600568772,0.10414258628516293,0.10145712445605706,0.09941791694828178,0.09811185220885234,0.09722246492145065,0.09669294309479087,0.0967861144814023,0.098198997732036,0.10585310422447619,0.12335650376748544,0.15547971783021253,0.16185389913343898,0.16081104787570655,0.15587830287649349,0.15014897220174525,0.14394312872909762,0.13806701560119353,0.13247986461667835,0.12694633856112067,0.12164886405687055,0.1168793404496476,0.11270169722068994,0.108821295599591,0.10491624341187157
09-01-2026 15:00,25668.55,0.12167635698852573,0.11602415474929066,0.11137567201868318,0.10775553564748178,0.10449074066407606,0.10154497664857537,0.0994896082515043,0.0983216757822916,0.09751422830113594,0.096965501799512,0.09701411972309845,0.09935296580658137,0.1098191897968046,0.13103394176529318,0.1596653876413805,0.1633982340297359,0.16105754597143132,0.1553982294753144,0.14911845571491472,0.14292976377735883,0.13748605632771785,0.13223499695731022,0.12678225846689978,0.1214954130817159,0.1167369516608516,0.1126267019396925,0.10905683973683264,0.10572542521854776
09-01-2026 15:05,25679.0,0.1217758214784468,0.11651713736196939,0.11224318895640242,0.10874130528648733,0.10543919647437179,0.10246628278565088,0.10023808271281981,0.09875996810631937,0.09774084539614203,0.09712677750410681,0.09715007468443657,0.09947063920154423,0.10988288108963627,0.13093749482757824,0.15973458983476926,0.16400363913618,0.16153545231276276,0.1551859620268866,0.14844931162020433,0.14239649905593887,0.13720762337532466,0.1319572731217,0.1264719865605623,0.12135393595206462,0.11682402354451747,0.11298467012221249,0.11004169411134772,0.10774004241200875
09-01-2026 15:10,25688.85,0.12010574337661663,0.11546556834834305,0.11157040187971012,0.10821546001616555,0.10514868089351094,0.10246469759529218,0.10023905648589172,0.09857116303112629,0.09745794681134794,0.09684999431551852,0.09689236306281854,0.09830592340208813,0.10591297085557178,0.1231468683321441,0.15569118485332253,0.16311054348065715,0.16176390838771718,0.1554445092798373,0.14880033252616234,0.14286320919858436,0.13753871157245384,0.13197107220653925,0.12628655389341265,0.12125364061010172,0.11702121372107188,0.11346245680390574,0.11069987188749046,0.10854368169150738
09-01-2026 15:15,25690.6,0.11991786507525312,0.11504814129809272,0.11081415595748212,0.1072334542073569,0.10429143548999072,0.10188908119761361,0.09983250376036513,0.09825161920995872,0.0972164535295525,0.09667199474945218,0.09677927878514501,0.09771195569491886,0.10369913850153199,0.11870168194187154,0.15340331041194077,0.16293323517188715,0.16245470708994234,0.15621456071260503,0.1496166256873879,0.1437381792588117,0.13836166584069262,0.13266109137155235,0.1267081924003381,0.1214401168777645,0.11730339523252956,0.11378675545056803,0.11048999759999492,0.10735023216834148
09-01-2026 15:20,25695.2,0.12362820552112774,0.11825675685790095,0.11323901994623876,0.10903404047583792,0.10600657291484147,0.10370123073728008,0.10155930960460294,0.09971988626252662,0.09838871596552938,0.0976709647214602,0.0977326955288087,0.09857886334721248,0.1043270668480194,0.11899312958377262,0.15375088416754532,0.16362605090940105,0.16326589027024035,0.15723560019321547,0.15110607079533478,0.1454321506184539,0.13990239573623478,0.13407319440578058,0.12794644138623862,0.12237337149604754,0.11795877400968088,0.11410961120290644,0.1102069252173215,0.10621058106450115
09-01-2026 15:25,25688.2,0.12727936701586828,0.12112505475802082,0.11562114115237379,0.11131957967979542,0.10844646788314802,0.10628685999091168,0.10415541549560972,0.1022342468275953,0.1008320648699233,0.10011858572581239,0.10022086731205342,0.10111187727885834,0.1070820392702507,0.12230484458100331,0.1581025641620066,0.16718649463914304,0.16601985677823686,0.1600465193268829,0.15459618053431987,0.1491335055284059,0.1433329477170467,0.13736736791495807,0.13140348776629177,0.12581971030068353,0.12080885667850529,0.11630083016098053,0.11220851826669555,0.10823181683313288
12-01-2026 09:15,25657.45,0.12726950475175863,0.12081946068382345,0.11575729610374354,0.1121918267048915,0.10960426097695856,0.10744170391809287,0.10561253506893901,0.10446475397593237,0.10391499252128963,0.1037471875642914,0.10417079381466385,0.10537429079862434,0.11185705306661897,0.12792724070810033,0.16498635641620066,0.1733291177494241,0.1714116064756578,0.1650795004603945,0.15944467223476944,0.15376451313793887,0.14783694942723272,0.1418614535225926,0.136083073951826,0.13062563226885,0.12539329358021525,0.12082963757165012,0.11730113276555316,0.11419704852564877
12-01-2026 09:20,25594.15,0.1289014330249188,0.12342564714065021,0.11894361178846546,0.11560324133457527,0.11276247451002155,0.1099427439617956,0.10787512935673918,0.107387638275003,0.1077312472063379,0.1081228402676729,0.1089110257991972,0.11041445752229129,0.1169956320209398,0.132826,0.16849393083492453,0.17661925174571128,0.17482553255197292,0.16820791653255046,0.16176473908999928,0.15555425198525197,0.149571897673562,0.14363664807382953,0.1378186170332973,0.13242000055412692,0.12757212097933632,0.12352701840765466,0.12038543479510175,0.11763530334970092
12-01-2026 09:25,25548.3,0.13318727329788954,0.1291599931117085,0.12503517437830092,0.12127398750701271,0.11768875431000267,0.11380942409457824,0.11096178337077608,0.11049862640161143,0.11116633371572918,0.11174381138511112,0.11265848375072926,0.11430353550384009,0.12081646287726837,0.13605709531209256,0.16880436749194216,0.17608631119858484,0.17446575943362053,0.16817547507122557,0.16154723113401653,0.15494702397311308,0.14875120078383333,0.1428471261047232,0.13703662356000643,0.13162689032379704,0.1269370669497145,0.12280274723838641,0.11900860155005853,0.11540939074983383
12-01-2026 09:30,25559.65,0.13646274025879007,0.13277532531894137,0.12870698663947935,0.12459784044155525,0.12034853295558669,0.11578661127346644,0.11256192981853527,0.11201734036952049,0.11265614026648212,0.11314409360545359,0.11397119538623862,0.1160739380650897,0.12387510316670622,0.14056182812092552,0.16998600442652353,0.17520605000593775,0.1731806992931951,0.16738982546639827,0.1610787013955775,0.15433667560369482,0.14764169630090906,0.1413192813107986,0.13556018076400933,0.13052106603979985,0.12599825135794437,0.12151341058936892,0.11706799921859098,0.11287873907498339
12-01-2026 09:35,25575.3,0.1378323261791132,0.13305405266111883,0.12848632257388282,0.12424838176005557,0.11999594393802507,0.11572733421599574,0.1127895918339296,0.11202739814648459,0.11226996404354131,0.11258562182573274,0.1134315208103894,0.1161863335787359,0.12551804195113728,0.14393158144263485,0.17136308779952514,0.1754656554722215,0.17306826523965643,0.16721320552579283,0.1609710517685273,0.15441897183568154,0.14750772963137346,0.14047825735984412,0.1343567877144275,0.12976068311472816,0.12584901262205717,0.1215639085557115,0.1171014963798474,0.11299450000000003
12-01-2026 09:40,25569.55,0.1385184746110777,0.13342602972308246,0.12884456591501095,0.12474398509544359,0.1208412292338957,0.1172298583630791,0.11453182764338593,0.11309769733485348,0.11251252628002457,0.11247340502352787,0.11369337700083473,0.11780744739598531,0.12813196551240394,0.14580379887061432,0.17171415496431305,0.17613369940612192,0.17381239531171336,0.16782686157764118,0.16153630830185273,0.15521604406174713,0.14867557215254262,0.14171198277337227,0.13520616124721538,0.13019620995502443,0.12613782701931378,0.12186704124502291,0.1174221315148295,0.1132915
12-01-2026 09:45,25560.8,0.13903590705480373,0.1347326607094256,0.1306478422242366,0.12654396124786207,0.12254023262268086,0.11912708842551063,0.11654714129544608,0.11467905662135025,0.11336160551444494,0.11281183963123893,0.11420967163015146,0.11932165626209401,0.13016788877799254,0.14681340486698682,0.17198145173031829,0.1769598496354214,0.17485340150439294,0.16886080335198128,0.162470890625,0.15611332031288766,0.14992138163541596,0.14361341527382648,0.1373452170224331,0.13170823085871872,0.12667042118383187,0.12173245325616795,0.11710707212694223,0.1131691450809781
12-01-2026 09:50,25588.7,0.13535253371906564,0.13182701020587806,0.12821999063678433,0.1239592698336895,0.11970091269890124,0.11659665627959351,0.11477162894703924,0.11341315163698903,0.11197683822931817,0.11117881384694077,0.11222574700929802,0.11590402278096591,0.12483778907168883,0.1407114053042339,0.17017161991428634,0.17730974003971392,0.17594018322010843,0.16989152087635814,0.1634462031249999,0.15710714062499992,0.15106670709955394,0.14513260626857027,0.13922379997524084,0.13353807608133955,0.12807588320975957,0.12273264663113274,0.11821545182412985,0.11505770080978081
12-01-2026 09:55,25588.5,0.1305974301358527,0.128537683415871,0.1256706616183801,0.12146787210157993,0.11707862031909663,0.11410359717345933,0.11280528612903187,0.1119672297711552,0.11067577568549258,0.10985743717150767,0.11061424104439944,0.11287194535036682,0.11985781891527533,0.13483597302315023,0.16778675970959028,0.17661175821162406,0.1758066481855314,0.16971423126945112,0.16327939700368954,0.15702865019303444,0.1510571324642951,0.14511895619704773,0.13919730971347233,0.13360635516724703,0.1283175469329092,0.12317365153393821,0.11888631536398997,0.11594461891280707
12-01-2026 10:00,25564.15,0.13097127424453486,0.12938575405916544,0.12654747818402787,0.12250675244679843,0.11824953804622843,0.11495936061423313,0.1131756661026567,0.11208267117387012,0.11090327002498505,0.11024332511756715,0.1109397164589692,0.11294238827145556,0.11964512833683182,0.13453747145375833,0.16749824667403862,0.1759192483197249,0.17495138118790377,0.16884153491692713,0.1622728198846437,0.15586642619633914,0.149808137142952,0.14347739009547794,0.13696545780579977,0.13131302689051438,0.1265688809641878,0.12200751913544303,0.11775370165196422,0.1141257753617961
12-01-2026 10:05,25588.7,0.13332943013585272,0.12958065527270962,0.12561471939161045,0.12172633431829269,0.11808653187432878,0.11496724072536861,0.11274255362662197,0.11126234466873372,0.11030791842707402,0.1101385823758029,0.11112275463442578,0.11319721710517555,0.11997569785451319,0.13511789309202504,0.16808864281153216,0.17569728195193898,0.17433025089334353,0.16835570742003722,0.16200061329388657,0.15563729228480708,0.14954130020828302,0.14289217907331436,0.13589457067588245,0.1301589000527483,0.1257819675694974,0.12166132926371521,0.11757653132409324,0.11370380749782125
12-01-2026 10:10,25566.95,0.1368955408732508,0.13096037470246896,0.12590829659542832,0.12189714040379408,0.1184924493316741,0.11548328973075986,0.11302680725242277,0.11129014499941318,0.11037377170511875,0.11042106153293084,0.1119881850987691,0.11578998090679345,0.12467803933891392,0.14066964264553664,0.1699731153928109,0.17586055181799465,0.17368794001576646,0.16772807327698697,0.16179603131979228,0.155719958527964,0.1495813188232192,0.1431031278600176,0.13652624006415934,0.13069855831723254,0.1257607563803753,0.12151808286947287,0.1179475560559026,0.1147483567841732
12-01-2026 10:15,25557.55,0.14090397042138827,0.13383197328302057,0.12815073095180904,0.12387505620188932,0.12023461282007694,0.11690408397812113,0.11410651298257152,0.11211842893593534,0.11102972344149281,0.1108768716253408,0.11255317632475648,0.11818587088198815,0.13046737569064146,0.1492529253457954,0.1733366314448932,0.17703442105280953,0.1741324634542462,0.167803684025156,0.1614923268132441,0.15536597528929835,0.14925492961019993,0.14305747371643837,0.13687867442492038,0.13070322331556614,0.12495648344636705,0.12059624533790199,0.11759670315252095,0.11500226547308592
12-01-2026 10:20,25583.3,0.141319807098744,0.13395092766202893,0.12804081591121869,0.12355495249518884,0.1197045020572788,0.11612425782577554,0.1130648586409424,0.1109922700526228,0.11005037892625147,0.1100733625033175,0.11136860922079338,0.115858427862915,0.1277381010806379,0.1479659731258794,0.17381228932973622,0.177914574041556,0.17526217805345345,0.16859662699392905,0.16159207574610807,0.15515739635113251,0.1493014527779493,0.14349864559037173,0.1374199239667524,0.1309532951802173,0.12479328853169613,0.12015240207553224,0.11688847629873755,0.11387628223215801
12-01-2026 10:25,25574.15,0.1387858552161906,0.13212461670690406,0.12643402870226084,0.12179035872702632,0.11782126651102569,0.11424502701202177,0.11119477020659126,0.10921069988071813,0.10857065096448335,0.10902954411732525,0.11019418777005033,0.1125705171375335,0.1210003194131132,0.13879772030955648,0.17050977311857657,0.17748630120365824,0.17580875441774793,0.16919350163975272,0.16208227061689107,0.155344962824497,0.14933453161039265,0.14366664116457037,0.13789559578476998,0.131868043078271,0.1259620912343642,0.12094995125911882,0.11688112715318917,0.11308227822321579
12-01-2026 10:30,25584.2,0.13567048390080894,0.1293589949822277,0.12403427750532608,0.11974124128030476,0.11602742834304672,0.11277578215501181,0.1102159927119968,0.10856027222512811,0.1079634993607508,0.10843518889032165,0.1096346216981965,0.11140942132966244,0.11820440433382558,0.1340613875785694,0.16856718427108783,0.1771953909461303,0.17604056279725322,0.16958833216384575,0.16277061249980307,0.15603723832815403,0.14959387261835005,0.143481560255469,0.1377597787654426,0.13229616146937612,0.12695705231903698,0.12198000191566963,0.11753802675826537,0.11339685496094166
12-01-2026 10:35,25564.75,0.13481926559907356,0.1279783377256196,0.12271725298778208,0.1188441378118837,0.11536944323839063,0.11230302381016916,0.1101220055453071,0.10871556277802104,0.10800602083989151,0.10822397976217812,0.10936323303518858,0.1113512064877163,0.11828932894071109,0.13399766327108306,0.1685568942013433,0.17719835335067158,0.17603743990016785,0.16964603019815486,0.16299719846310948,0.1564336271102874,0.14999326561764983,0.14366568806949268,0.1376881800700644,0.13220638130787063,0.1270783624325445,0.12229223579792603,0.11797283899600422,0.11398529960941661
12-01-2026 10:40,25572.4,0.13567667737743405,0.12876588768880698,0.12356399068166582,0.11973527558596489,0.11623962646785013,0.11312082323914573,0.11077032005115248,0.10909968008431911,0.10820088232001589,0.10835876926362925,0.1095191718595763,0.11161572302461295,0.1186559198785258,0.1343199630280989,0.16852226566347916,0.17702630474521863,0.17582550003847905,0.16943872266586968,0.162768339279737,0.15619127845538808,0.14987269864612446,0.14371899875035782,0.13770287473215206,0.13202482597959164,0.1267677276798042,0.12197427050869131,0.11779827103956099,0.11410063929694997
12-01-2026 10:45,25556.8,0.13300375,0.12742168904684092,0.12301646441893754,0.11960781431146625,0.1163672575291647,0.11323599496337476,0.11062514955009015,0.10869428005859723,0.10774921399361526,0.10807500319276266,0.10932557448039083,0.11123726313576796,0.11812639470200587,0.13394371412381273,0.1682995941347915,0.17676566319136103,0.17563971305605217,0.169365996941212,0.16272061588225165,0.1560715679814296,0.14973427701763703,0.143717664438505,0.13783408894101243,0.1320576022629442,0.12645285527592717,0.12133014681807743,0.11711156594589411,0.1135928124770772
12-01-2026 10:50,25579.85,0.12802762330121595,0.12387031419444927,0.12036906419336171,0.11755709729739781,0.11474695429711992,0.11178038203406156,0.10925222284315547,0.10753328146832629,0.10682806865356179,0.1073026274796073,0.10862089829669583,0.11048335875209347,0.11733079513093848,0.1333095760033274,0.16801260428757128,0.1764346654509092,0.1754018974074913,0.16931341603355834,0.16264605565392698,0.15583850416030404,0.14956848624376007,0.1437951757089288,0.1380909219676471,0.13226979750182055,0.12632249508715462,0.12097036818294343,0.11707958893760369,0.11424598363754758
12-01-2026 10:55,25554.9,0.12716411248720416,0.12354499389914485,0.12014030516418811,0.11701926618013063,0.11407407577406126,0.11140922661989838,0.10928158953177723,0.10783905227154277,0.10723792578382908,0.10764541427575713,0.10896820690714996,0.11096886596668534,0.11774490510909089,0.13329831506739984,0.1675381300842573,0.17573316284756763,0.17452546979172756,0.16847104029903473,0.16184106275357568,0.1549240105429002,0.1486042045350588,0.14292705370231434,0.13732281243648548,0.13136110782871016,0.125150902144343,0.11992537351258914,0.11665840201999914,0.1146474816178907
12-01-2026 11:00,25550.75,0.12853321008368546,0.12533496432329713,0.12163705690565459,0.117666392430137,0.11431572467217238,0.11205149733506578,0.11044702423794545,0.10918181563828641,0.10850254517116653,0.10874447655976646,0.10999534874620225,0.11204177202194565,0.11864924905539101,0.13362488212822304,0.1669256303725176,0.17492436363029368,0.17347227480825972,0.1673224265254632,0.16099042796774543,0.15437399372217414,0.14786684015644916,0.1418055194592342,0.13597958804766438,0.12987990284938378,0.12375036431705602,0.11880852173607984,0.11555204555510251,0.11319887867660593
12-01-2026 11:05,25538.1,0.12774152267647595,0.12503099769574993,0.12135237965264854,0.11720012256638489,0.11391664819445826,0.11193472077385003,0.11057608400459501,0.1094157356957759,0.1087329429981547,0.10890490047690557,0.11005924381589205,0.11207613185199217,0.11873849157444699,0.1337727098271033,0.1668100359494658,0.17478576554894096,0.17324112174856623,0.16693308140469024,0.1606375035934942,0.15406933639113513,0.1473704597182749,0.14119581395858238,0.13550624048296878,0.12983040938360718,0.12434738033782151,0.11961354231961453,0.11571469868386858,0.11225676286766058
12-01-2026 11:10,25544.8,0.12624444445598368,0.12333450848940251,0.11993290065675946,0.11646356733859786,0.11359754398097972,0.11151688016168095,0.10998308791659446,0.10882467731414164,0.1082288106327037,0.10847930484036701,0.10967821137895549,0.11177375883912624,0.11859816694134723,0.13382172170404694,0.1667355723449465,0.17464757902436062,0.1731646048937666,0.1668576997475217,0.1603749008866254,0.15353760078043674,0.14674542914846098,0.1408180061597157,0.13558193850617395,0.13045018827839436,0.1254353905457164,0.12074511176747876,0.1164801223114617,0.11256149999999993
12-01-2026 11:15,25528.8,0.12703808858855603,0.12301909518467936,0.11943968466389687,0.11648858535561885,0.11392488562684301,0.11170206132455088,0.11002092493037553,0.10890845071828922,0.10844785563389675,0.1088528269397564,0.1102188658763732,0.1125038709407365,0.11934907855119034,0.13422603762607863,0.16604873962068425,0.17363401919825477,0.17213178446777092,0.1659042528472798,0.15949625686117275,0.1529664177961414,0.14657600783505376,0.14070881783610842,0.13526388276982232,0.12997898692516335,0.12495010975189103,0.12036530108805099,0.11624496102253129,0.11244174999999998
12-01-2026 11:20,25512.25,0.12888944591135115,0.12397364198990297,0.11994050565417885,0.1169996007953606,0.11457219755637678,0.11237618023021761,0.1106673710639986,0.10960133281312148,0.10928149881519626,0.10984653269397557,0.1113336282218253,0.1137303708183257,0.12046373075334396,0.13474253767174707,0.16501185904342133,0.1722682201848704,0.17065954248765297,0.16424347748376325,0.15773816261938758,0.1516961143997889,0.14599734582032628,0.1402492722502442,0.13441078653399205,0.12879557651753928,0.12376354354871522,0.11938473392606973,0.11542842046555635,0.11165875
12-01-2026 11:25,25509.25,0.12784925000000003,0.12327596843717882,0.11946177877386245,0.11667455317783651,0.11442619692232607,0.11240238963239078,0.11081249782202904,0.1098685405414236,0.10972261675042548,0.1104597499999999,0.11203288570393402,0.11443137094073642,0.12107540024514435,0.13511682440189487,0.16425062903810406,0.17098881490065024,0.16942695960826432,0.1631963470031088,0.1567222407588232,0.15087279663039183,0.145530764987148,0.13998258732176122,0.13417853828906035,0.12866371733640958,0.12380541819356271,0.11950767053974674,0.11556611989555354,0.11184825
12-01-2026 11:30,25496.15,0.12620515367836183,0.1220769628534441,0.11876605094410854,0.11622861372662797,0.114030138356674,0.1121383861421753,0.11075185087126291,0.1100142909685752,0.1100540297733938,0.1109216562499999,0.11256103857039332,0.11497316990657365,0.12163915594821578,0.13575085238499496,0.16431422726525985,0.17038682994450674,0.16881459194826837,0.16308115617755536,0.15695916967275267,0.15101580026876482,0.14546598061278643,0.13995852277773962,0.13438384083010604,0.12910948760974345,0.12436950651512882,0.12004401558195682,0.11613471281632683,0.11262125
12-01-2026 11:35,25487.1,0.12730453678361822,0.12293474045245699,0.11963234969688268,0.11708079945752166,0.11475031964311704,0.11276854505591563,0.1113607909432733,0.11066036436843545,0.11075734109210883,0.1116388124999999,0.1132649843749999,0.11568384374999999,0.12234877995258553,0.13639686981034213,0.16485055548647157,0.17091666874983402,0.16916637104535043,0.1631710053871417,0.15667039327925894,0.1502127198676097,0.14446180020091307,0.13922736232978672,0.1339470975635519,0.12875813158510438,0.1239715663697722,0.11952979330182459,0.11562265517790758,0.11237275000000001
12-01-2026 11:40,25485.45,0.12987101621051284,0.12540795456208423,0.1218688044155378,0.11908871191009732,0.11657295021055199,0.11436467895315862,0.11274253392114127,0.11187458388116892,0.11181828297853184,0.11255842667829578,0.11407374999999989,0.11642196874999991,0.12297845312499991,0.1368008125,0.16508996283657873,0.17131444395644913,0.16943496373740938,0.163062143271676,0.15607666274908805,0.14924177465445157,0.1434807147788134,0.13842582650480528,0.13320141115226766,0.1279784615361073,0.12313976404111968,0.11857799376754183,0.11456235493953379,0.11135175
12-01-2026 11:45,25476.55,0.13161603678361822,0.12716812193055047,0.12344268769359346,0.12043885873314078,0.11775189777996949,0.1153968083000646,0.11367525423786173,0.11266136592181432,0.11236320532387162,0.11289470010472612,0.11429681145544177,0.11661720408082525,0.12324636319830118,0.13720575764660264,0.16531881632330137,0.1713048405628676,0.16927323845165934,0.1629410564476002,0.15625071763016377,0.14970450582995198,0.14381659453357729,0.13827016524060212,0.13260582081950067,0.12722446196794626,0.12249018722138666,0.11813781338795469,0.1141558947654519,0.11068884865834805
12-01-2026 11:50,25491.7,0.13114040367836183,0.12665539404412698,0.12287313791610105,0.11978795089811323,0.11701828577173913,0.11466822827624165,0.11304994284093017,0.11206117905229382,0.11166992831760371,0.11215696159540153,0.1135893333044185,0.1163453064332533,0.12430411635801358,0.1401693264660273,0.16715253823301363,0.1717812195890541,0.1691945686971441,0.16297524115030415,0.15672775315855472,0.15056071585696335,0.1445898665692921,0.1386480730888247,0.1326616282127731,0.12713801077876713,0.12242382154282491,0.11830636345014392,0.11472327814476123,0.11164795922975655
12-01-2026 11:55,25495.85,0.12999549999999993,0.12559190600000966,0.12185342597471131,0.11875592018929032,0.11593487452486477,0.11354988541741676,0.11193721254564167,0.11099759296355194,0.11071839322653057,0.11133295902964818,0.11283652920316845,0.11598939220485605,0.12513970944442449,0.14268870013884913,0.16866025631942458,0.1721018657331215,0.16898104367682823,0.1627780621721256,0.15675672783371147,0.15075659272877198,0.14481796874999991,0.13892320640573638,0.1330724818729459,0.12753695872833426,0.12249320679860742,0.11821624706379233,0.11518421016804374,0.11318400231301969
12-01-2026 12:00,25499.2,0.13023525,0.1259022631250974,0.12216076551035707,0.11899809643797718,0.11606998629495849,0.1134763253383169,0.11163731016275458,0.1107246664096287,0.11062530124718085,0.11122720026079969,0.11257992273156892,0.11527202518325338,0.12329550628008323,0.13939957365430589,0.16709247010957082,0.17166495158105496,0.16876512114242362,0.16241210052485225,0.15639219148116335,0.1504402536681705,0.1445042951265952,0.13863191393344834,0.13286841515416986,0.12728416130220804,0.12189430102329583,0.11732840612233406,0.11435016389256314,0.11251899421643759
12-01-2026 12:05,25507.65,0.134436,0.1301638861251754,0.12622040387570183,0.12263764894080499,0.11914450561562104,0.11578380349870301,0.11329536206427686,0.11222254205388528,0.11206506103408657,0.11231985968084822,0.11325343674514891,0.11520166987804956,0.12170538668080375,0.13592379202938853,0.16533051008887306,0.17135943000858325,0.1689820024385369,0.16246925712764126,0.1561083649336017,0.14993431966758097,0.1439071700159522,0.1378551985537475,0.1317467946687533,0.12585272704443606,0.12040518818710855,0.11576869914807301,0.11222922316667475,0.10934486560156552
12-01-2026 12:10,25526.3,0.1408635,0.13615451728756112,0.13165195450316758,0.12743842131816474,0.12330354661482633,0.11925602251167128,0.11617402246065654,0.11463525495422036,0.11396649115982865,0.11376453262282865,0.1143033493112855,0.11565346842532664,0.1214979925199401,0.13530435359209847,0.16535714877802907,0.17209012957670153,0.1700846204334412,0.16341838972942924,0.15663060711167956,0.15017735723946923,0.14402531602506777,0.13776340611912438,0.1312590268648871,0.1250690995273469,0.11976243283838209,0.1152325289653601,0.11117208726701311,0.107367317277442
12-01-2026 12:15,25577.45,0.14531127641704467,0.1384080512810383,0.1330116925538811,0.128731361675858,0.12482350489973554,0.1211807132596792,0.11821094373768562,0.11618974348400442,0.11486355802820841,0.1142966529723293,0.11456341502391233,0.11542495573477421,0.12092658834039659,0.1349483264136252,0.1663344437655717,0.1736390522555168,0.17198118198324508,0.16550835418653986,0.15876923263073575,0.15213287170616718,0.1457509418544895,0.1394636232775362,0.13306244895635497,0.1269684547014524,0.12174549354866335,0.11720403629630649,0.11306649581308105,0.10929762691362815
12-01-2026 12:20,25614.85,0.1474765141704466,0.137854154449387,0.1317099087801441,0.12781591702987666,0.12442520299639115,0.12132807801349796,0.11857604586784612,0.1163267609960098,0.11472370028934571,0.11397672358565542,0.11410463698156115,0.11487748212583933,0.12048475110995428,0.1350093540798884,0.1678554098394725,0.17562863746062926,0.17431263293947574,0.16822744613138083,0.16177973512363245,0.15509011608762557,0.14856065943596228,0.1423606562331944,0.13618636218345653,0.13018447902829808,0.12488283277042773,0.120300591348531,0.11626110948422744,0.11264832168213965
12-01-2026 12:25,25653.4,0.14829697550680387,0.1381631183009202,0.13152697131687993,0.127270074435174,0.1235767674729432,0.1203463159242579,0.1178381018124433,0.11597177209644899,0.11457028200671396,0.11380655080404592,0.113897078945213,0.11509264587901388,0.12188844438703791,0.13805160439182923,0.1705010921291532,0.1778612620985076,0.1765435726581096,0.17061668726049214,0.16428440632755845,0.15775572145531153,0.1514155196479863,0.14530838830420162,0.13913516479761742,0.13299923750217368,0.1274607466786345,0.122811226018508,0.11870620059962411,0.11467354445684068
12-01-2026 12:30,25668.1,0.14678801417044662,0.13784321193067017,0.13127001896237425,0.1265130096852479,0.12245142862267491,0.11915403995226377,0.11708404905891776,0.11595602675213604,0.11496769645083559,0.11410587323486944,0.11402869395577211,0.1155515591121217,0.12335853037335341,0.14088349145286574,0.17262816583247576,0.17949982177731386,0.17816615578459735,0.17228756082761537,0.16579955525128415,0.15929776561263206,0.15324588603979689,0.14722304990015303,0.14102171765447277,0.13500868654456283,0.12937983033158437,0.12445765013848535,0.12016128383547735,0.11581324693751374
12-01-2026 12:35,25690.5,0.14490352641704465,0.13587220397132693,0.12989378028211918,0.12590953606239147,0.1226349033614467,0.11991829006941275,0.11784651028163001,0.11663844066531412,0.11564214349853835,0.11440756385844916,0.1139538119675859,0.1151643075064541,0.12206581956936956,0.13824205845921747,0.17189534212915322,0.18003077772350773,0.17907069765810968,0.1729595647862132,0.16588909626748832,0.15891810346439206,0.1530409590965913,0.14741075644975046,0.14150936347255108,0.13592638382036057,0.13054903831918033,0.12544874910646575,0.12088822981625758,0.11634990279977471
12-01-2026 12:40,25684.35,0.1441975,0.13454835564995107,0.12903777264224936,0.12597288633563702,0.12376512649690581,0.12191240526190747,0.11961236776610654,0.11751657095594731,0.115952008348922,0.11436543077677497,0.11357895862550116,0.11444675493857125,0.12054379432378122,0.13542785471837537,0.1711231029629153,0.18070764027235076,0.1800197135158109,0.1735679418176209,0.16605008971622798,0.15864732530030082,0.15273416556614416,0.1475313805943948,0.14203030635706965,0.13651890390382687,0.13123539893993183,0.12630044477217656,0.12168047231818693,0.11700255711098591
12-01-2026 12:45,25727.5,0.14115774999999992,0.13305057729001,0.12823798402638217,0.12532193797453725,0.1231456446375044,0.12140434416054258,0.11910505694283526,0.1166852329556294,0.1149366902990053,0.11355392017892642,0.11288816190359417,0.11362973050474254,0.1197414987799406,0.1349373047680975,0.171902625,0.18213368750000003,0.1816129374999999,0.17520390190502505,0.16800678849273631,0.1608473105924767,0.15462552459705248,0.14902363951570985,0.14344597207552756,0.1378599245863312,0.13261024454133843,0.12791537421079896,0.12346390458837393,0.11897585571109859
12-01-2026 12:50,25724.55,0.1401792499999999,0.1337520563181459,0.12904753016267437,0.12547815783975125,0.12244684844760413,0.1199260849504362,0.11759900462571411,0.1155517563905396,0.11405977998842654,0.1130808523724539,0.1127223456313356,0.11323575785800852,0.11920953480532531,0.1349132574370378,0.17247546072738068,0.1826466151818451,0.18214232953501086,0.17593634381696008,0.16929127925499515,0.1625376024809589,0.15575360932942844,0.14911557545923843,0.14323606118367035,0.13819932925368916,0.13353765790247146,0.12893515172389328,0.12438471062340518,0.1200265
12-01-2026 12:55,25715.5,0.14004424999999998,0.13505709267680793,0.1302186526382742,0.12593604169848183,0.1225027731187851,0.11967776415910918,0.11727479114767898,0.11531782124453041,0.11381906061329783,0.11297055323369944,0.11277992872829641,0.11365192623757871,0.12094426209135173,0.1387175235693582,0.17403761790891434,0.18240124589611267,0.18126235404426588,0.17502223504083372,0.16854202668664126,0.16198406470537358,0.15483863332278333,0.1474861478576836,0.14150051228006985,0.13713565026462737,0.13305594316127906,0.1284293276532613,0.12367019002550521,0.11930900000000001
12-01-2026 13:00,25692.65,0.13905274999999995,0.1351408268362045,0.13068772131517822,0.12644193086722824,0.12327783168198403,0.12069368157475703,0.11813421085437416,0.1158562120156868,0.1141599564430854,0.11322530521100548,0.11299834833679909,0.11437361768764341,0.123072401346042,0.14255798349813145,0.1753173369439257,0.18195334217482267,0.18027073732176724,0.17396464422054567,0.1674600045741661,0.16115441863772623,0.1543494056821198,0.14720822231844571,0.14130292694926833,0.13681216987217412,0.13243858662672398,0.127662567549048,0.12293902018056548,0.11853175
12-01-2026 13:05,25702.65,0.14134075000000001,0.13616603611470454,0.13140576821296968,0.12730147026971786,0.12408636025740404,0.12132764866702696,0.11858533846045258,0.1161795157721635,0.11443773814853482,0.1133841595069477,0.11302147550942739,0.11399984182837643,0.12141778030857976,0.13896481535771252,0.17303294514936612,0.1808690434381628,0.17977334671289094,0.17371851763500726,0.1673645718530366,0.16124213340736945,0.15493175373556328,0.14830543505033444,0.14214880041162462,0.13676257894988325,0.13185886796325177,0.1272570686750934,0.12281420198235965,0.11834722977460602
12-01-2026 13:10,25710.85,0.1392225366065669,0.13376175097364693,0.12918510920394377,0.12535411597757995,0.12191165876327523,0.11886347668238596,0.11623310841155816,0.11408487125049599,0.11259047524206907,0.11175555329365815,0.11160576839023936,0.11236582281302691,0.11848967605352687,0.13404960752089212,0.17026205391391563,0.1800309812763892,0.17980229354082158,0.17411501618763603,0.16800718267233064,0.16190524333718864,0.15572823411677736,0.14925054015160563,0.1425632727823759,0.13635836833895634,0.13149822330655664,0.1276294954513831,0.12364674448860571,0.1192132977460601
12-01-2026 13:15,25725.15,0.13119111606566858,0.12906381821853685,0.1261563218228786,0.12267584397601458,0.11918986812173046,0.11620384836045913,0.11384831112663926,0.11200711939740772,0.11075432497716123,0.11006106851316778,0.11012858781066076,0.11186571880673846,0.119804077895582,0.1371714005670204,0.17133035343859332,0.18007288564985666,0.17955159391436618,0.1738058633581953,0.16759807686170608,0.16158587047344478,0.1556981078603149,0.1494857970355843,0.14289636392059554,0.13671083281869348,0.13194908471312766,0.12823153345370525,0.12431794180117633,0.11988563594290819
12-01-2026 13:20,25697.4,0.1273761589182034,0.12731642839313304,0.1252361949103004,0.12175144445379327,0.11840889070516297,0.11585182402974213,0.11389220311377908,0.11227186914234885,0.11094674840054385,0.10985956859858406,0.11014850664488827,0.11465749077864745,0.1270921160001813,0.1476903029075574,0.1753547305722306,0.18079287336124256,0.17900942866651173,0.17295140790692617,0.1664389313191763,0.16041557396205905,0.15474137058071094,0.1487947155262085,0.1428430540910096,0.1373947314113637,0.13262035562018162,0.12835545569172493,0.12409991215948378,0.11959895040204682
12-01-2026 13:25,25704.15,0.13489061606566852,0.13061510045860808,0.12622884430781356,0.12155126667711574,0.11781798365293465,0.11603972166469514,0.11513357972840224,0.11393392708636649,0.11248979474846937,0.11113325271872129,0.11164952535244804,0.11747521574274035,0.13098195691040562,0.1508539981697973,0.1759027831823863,0.18073611912266246,0.17873012558792756,0.1728056943000173,0.16637705936277036,0.1601062982677504,0.15402830861241062,0.14790400811473758,0.14220997788916784,0.13709867939867218,0.13230207112600653,0.1279205144978795,0.12389729225416668,0.11997375633447323
12-01-2026 13:30,25707.95,0.14206617872316807,0.13434718074763924,0.12772401709736084,0.12155528819036947,0.11722330423358773,0.11601460572861276,0.11593394453792666,0.11502855810155364,0.11351566122665044,0.1122090769319612,0.11225631591790339,0.11522349954309791,0.1242834417102657,0.14100008661609031,0.1722532072834256,0.18002042791846545,0.17905301330240644,0.173419849677863,0.1673437086916328,0.1610927111512864,0.1548656111442328,0.14867408681078242,0.14262607978607858,0.13688844894448154,0.13176531483820764,0.12745729841200368,0.12378817433873396,0.12049499780776105
12-01-2026 13:35,25747.0,0.13616892116601212,0.1314112361368271,0.12575747839742812,0.12008825112903983,0.11640364998150318,0.11498014660172205,0.11421264539399661,0.1130020510074345,0.11150869384263544,0.11037291012201438,0.11007352149839437,0.11076287870018406,0.11690531541317177,0.13273489093330246,0.16978857271287373,0.17938503524791535,0.17911428197667348,0.1738924973372444,0.16840082359331407,0.162583539479133,0.15665305114385372,0.15057751987937307,0.14416494068313215,0.1377944308873424,0.1322997117540355,0.12788866539173918,0.12405976751597818,0.1203880379530555
12-01-2026 13:40,25745.1,0.1325871520896907,0.12923282315242027,0.12441507879601454,0.11981684441122373,0.11668715229161966,0.11434728981885618,0.11228637044741568,0.11053480427274409,0.1091206131384482,0.1081987772610695,0.10803157265048285,0.10864248042871806,0.1146649455352655,0.1306717425153063,0.16858410785198766,0.17845373503361445,0.17859171100671445,0.1738889150497867,0.16881607847793223,0.1632435467503326,0.1573890839581462,0.1512191643894428,0.14474246218690423,0.13842595987679462,0.13292342135815036,0.12845352069900842,0.1245368239380304,0.12061901658786954
12-01-2026 13:45,25739.05,0.1365611110747005,0.1311171710435987,0.12626824256166425,0.12233966572882492,0.11893837372194006,0.11568407691830085,0.11281862674293998,0.11066322348178528,0.1091846623789329,0.1082768870643084,0.10804765338305321,0.10858632742586086,0.11454886330864439,0.13044667045152544,0.16850043557797134,0.17902026651665853,0.17939145468042555,0.1743386610496732,0.16877764871615783,0.1630382725143118,0.15716664870160318,0.1508716069852701,0.14442709589409256,0.13848844527872475,0.13325861675729186,0.12862710890198772,0.12444019020808751,0.12044220507738912
12-01-2026 13:50,25735.6,0.13738608395224025,0.1308465335086782,0.12657676505965199,0.12344646898740752,0.12001872182785593,0.11648976220405725,0.11341811323189342,0.11113753350617234,0.1096162105938999,0.1086599619058595,0.10836740532388064,0.10890146674370237,0.11493739845663195,0.13095989873602729,0.16987512515782976,0.1805458456686026,0.18041531171682226,0.17472946413016935,0.1689220805021751,0.16316935108794645,0.15730947361292483,0.1510340460312663,0.1446235899312,0.13875875017296196,0.1335488683815747,0.1286699910112129,0.12401660147979376,0.11951986393188281
12-01-2026 13:55,25743.25,0.1356344399086884,0.1290924484458869,0.1250845206561697,0.12219124797590651,0.11889377245410825,0.11554326941904007,0.11266096267975548,0.11052607498754398,0.10910883532323554,0.10825922773093562,0.10821838606060212,0.10920935372478696,0.11568678996450062,0.13194742924324615,0.17103429714112645,0.18108795754911564,0.18037137885727364,0.17475546546900525,0.16929853546951923,0.16321983886105088,0.15670917887494798,0.15039689614624513,0.1444520768177608,0.1389158147265787,0.13372524915307055,0.12866088520036692,0.12379006466941642,0.1191847613931882
12-01-2026 14:00,25734.9,0.134692153128928,0.1286513385156759,0.12459188887844914,0.12171446894189725,0.11858503772932061,0.11516084728638017,0.1121534511572814,0.11005566504127968,0.10874360069071454,0.10801852644172877,0.10869834324751748,0.11204084470354078,0.12134232898823474,0.1387547815388782,0.17356926220762983,0.1819639037688299,0.18079579703755314,0.17528409787947413,0.1695899080020233,0.16274440019746697,0.15543528589536248,0.1490004633809374,0.14357495144401938,0.1385894084869347,0.13361170318393228,0.128477240298758,0.12350492324533882,0.1189575
12-01-2026 14:05,25732.75,0.1356450913805915,0.1296758660343279,0.12507572631561922,0.1218637541237051,0.11873887230738847,0.1151296538399108,0.11185883986386598,0.10966105783861052,0.10839212322485331,0.10771391944392883,0.1088402962664131,0.11413168119710893,0.1260410511364104,0.144703369517881,0.1756815153204664,0.18297396447796804,0.18146849549052363,0.17563857665075924,0.1696149780116181,0.16296571195412096,0.15600894328378906,0.14945103357690004,0.14355910965765437,0.13823928059198096,0.13321805722298624,0.1282896593762742,0.12340168628619719,0.11851925
12-01-2026 14:10,25739.35,0.13720876788790473,0.13105870028472238,0.12560186321631753,0.12136506148114366,0.11782513370627697,0.11442509766530226,0.11144165638960081,0.10928297493867191,0.10796662385659625,0.10727122301004278,0.1078325383485225,0.11114000730347087,0.12084455850502497,0.13899041524515177,0.17380864311100747,0.18255863898793398,0.18121552204120964,0.17490567288189898,0.16902670989743965,0.1632769210771992,0.1571085344401891,0.15058229276182317,0.14420097267714294,0.13838728788434296,0.13311140928571488,0.1282539082064308,0.12350223163072326,0.11846725000000002
12-01-2026 14:15,25729.15,0.138681625408991,0.1341082884401937,0.1290673172353503,0.1241177476528105,0.1196845019011948,0.11594673835866788,0.11310983536649849,0.11102754758493516,0.10948832358190319,0.10846798649685141,0.1082077195061223,0.10969351021520801,0.11824196608060832,0.13749885065264061,0.17392396882758696,0.18225600740199543,0.18067008057080672,0.17423184220927235,0.1682730750994323,0.16229891235991822,0.15583790077475276,0.14951414600424284,0.1437666237257378,0.13831815813574988,0.13290057076125944,0.12767913771524486,0.12276371424761713,0.11791650000000001
12-01-2026 14:20,25736.35,0.13889759763975928,0.13600095606859192,0.13190434016721375,0.1269284612208133,0.12185057318490254,0.11749643094717586,0.1144729666216398,0.11241353899989295,0.11073553078080278,0.10942971811917068,0.10885775183102062,0.11097315082903617,0.12222952507151662,0.14546513132948527,0.17780652553529902,0.1830362544737521,0.18088815835841315,0.17483772356683908,0.16853917604222612,0.16170391093417738,0.15442229001454655,0.1479871159280419,0.14295702749353045,0.13827378201818075,0.13312402777170176,0.1277299511677448,0.122550094883983,0.11765450000000001
12-01-2026 14:25,25762.75,0.13714580653420994,0.13240705245032863,0.12777775353338802,0.1233269526452752,0.11913550513113023,0.11542210227858943,0.11242983284117394,0.11023074292665352,0.10872979964042169,0.10785709635301732,0.10770060022245168,0.11011942565289319,0.12176973152140455,0.14556947000005854,0.17774122745387802,0.1829116447903987,0.18120683751723726,0.1754353997075924,0.16907021138109185,0.1625665754406396,0.155735193999293,0.14918638346748636,0.14388185738778908,0.1392244237872958,0.1342862507845189,0.12908327030044095,0.12393398388249796,0.11891557622483204
12-01-2026 14:30,25753.1,0.13905474391329878,0.13182063073227282,0.12604853821302311,0.12175538648171341,0.11836650832389159,0.11521569145847696,0.11186208451479575,0.10893395508991315,0.10731484138987135,0.107012154022712,0.10797295841306999,0.11155267000745345,0.12249151883523311,0.14299069275811682,0.1751574947371713,0.18196186534630543,0.1808352681622296,0.17507762411960592,0.16882731977141416,0.16288285957486026,0.1568791358371809,0.15058586206878455,0.14472951465885703,0.1394345328888958,0.1342762363932882,0.12921104998384758,0.12450122018360246,0.1201831364759343
12-01-2026 14:35,25716.7,0.14363402250581042,0.13696364344145964,0.1307416480565862,0.12558592811985242,0.12155085094715953,0.11788257997313176,0.11398959616223173,0.11049244004485298,0.10848945959061192,0.10810032636328655,0.10956976368071741,0.11445148755639595,0.1258168145610488,0.14450234316792182,0.17485200927795594,0.18185834386356323,0.18048362435436152,0.17458744721481384,0.16838863087817874,0.16229823281630149,0.15628681309301132,0.1501937491503491,0.14427677026551736,0.13871352463813194,0.13336293830756094,0.1283053634356342,0.12408897651546763,0.12085161432311561
12-01-2026 14:40,25749.0,0.14146487725058104,0.1366778498993365,0.13063527139534048,0.12491873069300162,0.12062124359546106,0.1170178453206106,0.11362115228112318,0.1108082117142946,0.10905756029886073,0.10831531618868268,0.10880252577690493,0.11214971640687436,0.12291787348684466,0.143084830576803,0.1757191160907017,0.1826444690748672,0.181018635890877,0.17507623370306394,0.16897859473966287,0.16277346730601078,0.15661610406365759,0.15049677706441963,0.14459051335311107,0.1391022304009507,0.13378753127173867,0.1286079076454326,0.12426119167008622,0.12103992255118821
12-01-2026 14:45,25763.85,0.13792625,0.13377863001846052,0.12806056986132425,0.12237500200420694,0.11820298247036803,0.11509971410713536,0.11244115122592394,0.11029345927162044,0.10881486780632055,0.10783135534652379,0.10737059305737592,0.10895902804554959,0.11886647811878812,0.14055846440352196,0.17622933736307617,0.18329112451106977,0.18178910697985412,0.17609296846847158,0.17014551678001413,0.1638297895164411,0.15752395883503514,0.1513089514086306,0.1452495078069657,0.1396028999850794,0.13422716835928197,0.1289767322466643,0.12438124886627112,0.12074263675673659
12-01-2026 14:50,25774.05,0.14009825,0.13516719717900916,0.12944593900848866,0.12371850136597792,0.119153820864484,0.11587947194395382,0.11321830724844238,0.11091362011049433,0.10916093385202078,0.10792167097437352,0.107252578651068,0.10801106527677595,0.11597353449382194,0.13537478397713348,0.1740352952180039,0.18306497085699786,0.18225295561977362,0.17652314286004078,0.1703647769276471,0.16377145153474135,0.157338889013706,0.151180088861565,0.14506864655842555,0.13911503995396426,0.1335517418912287,0.12851930371423664,0.12428641802879138,0.12085877190820585
12-01-2026 14:55,25796.15,0.14053225,0.13546783610392224,0.1299675955125081,0.12446996680017053,0.11979193997850102,0.11621544021546185,0.11335901805670698,0.11094787363475113,0.10904938107613242,0.1077060893195885,0.10701224757597987,0.10711917587422484,0.11314055044225205,0.12992752632487997,0.1709103593834887,0.18231406479521647,0.18245887961331095,0.17656145507888105,0.1699543878066115,0.16320788451972912,0.15696504802447525,0.15091652509313988,0.1445988575295343,0.13837189592487492,0.13287367328144808,0.128213708467929,0.12420585442161321,0.12063136361474523
12-01-2026 15:00,25785.15,0.13630729089747964,0.1318016715865548,0.12691174082242995,0.1220781561903499,0.11790558584802482,0.1145364340934114,0.11182029581492423,0.10960452474027686,0.10786154409718109,0.10667606236798431,0.1061219714830525,0.10617857902499148,0.11191997557214839,0.1283148741369823,0.16944944091067182,0.1817317378491793,0.182430063726001,0.17641724555843552,0.16947510005193872,0.16292459208867124,0.15722495625677396,0.15138113201799136,0.144854262060649,0.1384430408377658,0.13299416637589942,0.1283920876190867,0.1240816488776558,0.11976468618168809
12-01-2026 15:05,25789.75,0.13312601146737785,0.12822119897923165,0.1233388708130932,0.11892204031767295,0.1152925374355301,0.11236916128565508,0.10998047264507145,0.1080254681923052,0.10649917728288524,0.10555937664851087,0.10527176806696051,0.10545782754305245,0.11126341931790873,0.12786725266731314,0.1696053885609865,0.1819383488771404,0.18258476932339923,0.1764611678282593,0.16955594976916066,0.1632170361005253,0.15751800958935325,0.15153219140764357,0.14527746462436575,0.13932346995658865,0.133855787113628,0.1288609147807695,0.12415716619758888,0.11944332619758702
12-01-2026 15:10,25785.05,0.13522690517183253,0.128829675105219,0.12284500113332839,0.11809055468340274,0.11465410057747152,0.11192587359071224,0.10957891484399862,0.10761006206659858,0.10607258782868281,0.10515914747063634,0.10496305483214881,0.10523023550352303,0.11120190226899036,0.12826312173728333,0.17063824176654144,0.1823436302500257,0.18277782982511295,0.1771166624583144,0.1708252716654743,0.16440838099258595,0.15784462221252163,0.15118827806170365,0.14523469984817586,0.13991073966082,0.13450160315612017,0.12913765334518532,0.12414612185977385,0.11931124999999992
12-01-2026 15:15,25782.95,0.13933944475516039,0.13169682257382861,0.12486208593738968,0.11972903883890569,0.11611956482515749,0.11317852986304555,0.1105651442491506,0.10834597819820357,0.10657895943505644,0.10539911791661902,0.10494318575673517,0.10509995762658965,0.1112445196476634,0.12878193618171832,0.17165081281606343,0.18310510174116276,0.18329490180127078,0.1776851638241023,0.17174222100753025,0.16530806697654102,0.1583260588423362,0.1516150406197222,0.14593340713614744,0.14063811675949112,0.13495465705929743,0.12917499477764866,0.12385502742280947,0.11896775
12-01-2026 15:20,25786.05,0.13755565946832754,0.12983379534946396,0.12361947471784435,0.1192109283819045,0.11561728437379568,0.1123749845345815,0.10978591270322821,0.10774658672634042,0.10601160396035718,0.10471213585837631,0.10407127200468119,0.1041354642019061,0.11045254589677408,0.12843058306106983,0.17264939676334617,0.1849315983716289,0.18479814157457108,0.1782782614965787,0.17197847557726909,0.16573758801845465,0.15910563103467085,0.15274096308427193,0.14709859366088168,0.14160714661298568,0.13577266352680023,0.12973193169608896,0.12406417459646518,0.11902925
12-01-2026 15:25,25801.35,0.1260662934064926,0.1200390643535772,0.11608931115527074,0.11389392146890051,0.1113019925235135,0.10829346189412627,0.10627100891403155,0.10489196720891683,0.1034848006481573,0.1023485904392797,0.1017685629313329,0.10187388015010951,0.10847175856754415,0.12703650817080497,0.17331501851794454,0.1866055341204631,0.18650931332178153,0.17962842342866894,0.17314169506524807,0.1670678860093537,0.16083924044414255,0.15438694673622783,0.1480796806420392,0.1422455800848226,0.13673885645536904,0.13111930804791036,0.12546621421219073,0.12007525000000002
13-01-2026 09:15,25853.0,0.11614739409139122,0.1123563904920054,0.11033321150346105,0.10955310069601498,0.10783999619468707,0.10538071572397403,0.10380970271424692,0.10277906186204788,0.10161649852642053,0.10068551417916036,0.10023453273285293,0.10044312978119078,0.10729180566956611,0.12631170756832763,0.17377485263665526,0.1873523843471246,0.18737526500171692,0.1807435125969937,0.17447591614369734,0.16841814323182602,0.16209569730878426,0.15532904967296812,0.14859179778953324,0.14259634483017045,0.13737134118935476,0.1322745148844341,0.12691444051831008,0.1213775
13-01-2026 09:20,25825.4,0.10823225,0.108157541286875,0.10694765252230326,0.10559800407771797,0.10405598048694563,0.10234518123195702,0.10136694737827205,0.1008373416502314,0.10026132441501898,0.09984196616390324,0.09981492793926316,0.1003684668121303,0.10739854584974992,0.1264812181772696,0.17366856135453929,0.18748082475464997,0.18776727556570977,0.18113056994866766,0.1747350335734915,0.16860048377219228,0.162143112255085,0.15538567651640459,0.1489880113135904,0.14331614664797063,0.1382359104769395,0.13345048370227358,0.12851808938004528,0.12320675
13-01-2026 09:25,25818.35,0.09520400000000001,0.10143497751082686,0.10181466080139258,0.09987312337178497,0.09849998760082262,0.09763211676199926,0.09769723023884175,0.09817365755795295,0.09847259079637814,0.09879958761620845,0.09941483203779448,0.10047559143884392,0.10776562485258948,0.12686097219305423,0.17301119438610849,0.1867770064043804,0.1875262158462974,0.18112076701050442,0.1745043472465867,0.16824534749819292,0.16196126756921334,0.15558131644299408,0.14960674781937827,0.14419769273975172,0.1392218024456373,0.1346551957615599,0.13011623860133387,0.125191
13-01-2026 09:30,25766.85,0.09667102377773448,0.10359729623618431,0.10381336395285112,0.10127403128543411,0.09958779321861458,0.0987440096606174,0.09901830453462152,0.09971839253694931,0.1001483914557434,0.10060488988603294,0.10137786964794218,0.1025878271161472,0.10983692581618304,0.1285222667735853,0.17292965854717063,0.18551473668446733,0.1860205517227996,0.1800391061882033,0.1736611298596678,0.16730564455786034,0.16099034415680313,0.1547304418638097,0.14882087503343486,0.14338067702029672,0.13828265040525176,0.13343580460244728,0.12877525821182403,0.12420374999999993
13-01-2026 09:35,25737.7,0.11011698777734483,0.11212251769156828,0.11053670982257469,0.10755818623044137,0.10543807683252998,0.10428106037814552,0.10403140644448018,0.10412595870773973,0.104104852681435,0.10419173685700917,0.1046776220266345,0.10568880846730391,0.11256357779943205,0.13045334648042448,0.1732563804608489,0.1848223141950121,0.18467243573954553,0.17858304227981975,0.17231238965121654,0.16596253605726966,0.15963227476020317,0.15332039267463501,0.14723125095214207,0.14160680620320953,0.1363152521747074,0.13109171376589998,0.12613856943290708,0.12169999999999999
13-01-2026 09:40,25732.1,0.11417992799922072,0.11324123369564444,0.11120066673477098,0.10840839223907375,0.10629029313219518,0.1055396288125775,0.105475729001477,0.10524029365516459,0.10478330741553955,0.10458965159123851,0.10498449052997644,0.10598663896269991,0.11275987743311175,0.1303523937014646,0.1725666655240298,0.18441497766899745,0.1844580173502897,0.1782667988161571,0.1718014963839704,0.1653785929131883,0.1589917543655478,0.15260555708030715,0.14649926167951866,0.14091749876436507,0.13571689917527371,0.13064671594443666,0.12579723287950728,0.12129540151229123
13-01-2026 09:45,25766.4,0.11317973777734483,0.11097589560922305,0.10882230338240084,0.1062127842360352,0.10421432750562465,0.10383074991460592,0.10412292469606368,0.10394989201632573,0.10334255842989205,0.10305190413411784,0.10350578327313059,0.10464945615969591,0.11162691668878968,0.1294822836626362,0.17178591103627838,0.18404394251694095,0.18447211324749724,0.17836507662105877,0.17182294872692858,0.16530739347621198,0.15862337414174027,0.15198286225005148,0.14606387366483886,0.14086651250730914,0.1359801145510462,0.13139293666761476,0.12721133457663444,0.12327501512291299
13-01-2026 09:50,25750.85,0.1126662737777345,0.11047826307945924,0.10861928192893054,0.10683155408224454,0.10538100696429363,0.10457799746709587,0.10422406644487046,0.10397676752220261,0.1036545120240718,0.10354646094377341,0.10401224717045973,0.10520825506180127,0.11242716407027228,0.13064021815035726,0.17255803705718603,0.1840618174318701,0.1836666489804636,0.17689806882528586,0.17028514408502834,0.16421395341875644,0.157976495908041,0.15149777934498915,0.14554457679763194,0.14036104305009692,0.13568289089318414,0.1315073515030304,0.12787196654760682,0.12451322722124333
13-01-2026 09:55,25731.0,0.1172135,0.11504993435993888,0.11321841620433795,0.11185888364265703,0.11053316233725556,0.10888611903748406,0.10745775482655565,0.10671768768972018,0.10639889963990709,0.10631349416483507,0.10663900932064253,0.10817806831524324,0.11670203114146954,0.1365108781461347,0.17518928219576202,0.18425269836386032,0.1824152658400224,0.17487176092446233,0.16804738859703186,0.16247452691405118,0.15711093325243303,0.15115609511578487,0.14493231544429805,0.13921424262829987,0.13432939665332133,0.1300231222821831,0.12595162610765945,0.121923515122913
13-01-2026 10:00,25714.65,0.127011,0.12343512499999992,0.12029273123718301,0.1177383311987322,0.11540046492662687,0.11305698496284644,0.11109304000835435,0.10981735688911413,0.10907643687852847,0.10868057171153914,0.10872078818881094,0.11050246252486004,0.12012590244211512,0.1412279079506841,0.17691892316113444,0.18402309348749957,0.18179500393320347,0.17475000553767817,0.16812185335739263,0.16235319834453485,0.1568401014853317,0.15085817743706323,0.14446562298427423,0.13832196931190244,0.13295557321609547,0.1282630541564657,0.12372572199822496,0.11904139000153824
13-01-2026 10:05,25746.85,0.12451450000000003,0.12106926562499991,0.11780406374871821,0.11496762999487314,0.11264915263423221,0.11077330431256291,0.10926202835025281,0.10815753369268966,0.10750953576692238,0.1072332885095616,0.10736846583002381,0.10875111816059485,0.11712664703337371,0.13671205415603582,0.17520962224446318,0.1837966281293646,0.18212978884007008,0.17551264515415643,0.16941210271350812,0.1636899199082589,0.15774950254382059,0.151434430845725,0.14505806808984156,0.13892794679571935,0.13344068124645186,0.12878394112636213,0.12453459207615525,0.12025600982049069
13-01-2026 10:10,25759.95,0.11243375000000001,0.11078383299070872,0.10884842889256695,0.1070464504264938,0.10579707831829115,0.10496009998964358,0.10426937146770465,0.10379843084788287,0.10369376800488267,0.10389318510095616,0.10441092924647866,0.10557986006625883,0.11295436544437161,0.1315266455898615,0.17375217362661005,0.18453193718070432,0.18342499877864352,0.17652946285262194,0.17039206186529443,0.16474578410943402,0.15862519980392237,0.15213887232324538,0.14592221633876296,0.1400427698172816,0.1346849319051117,0.13021374285853898,0.126454062439074,0.12296804208665844
13-01-2026 10:15,25754.7,0.11119275,0.10978953303208801,0.10777796080067031,0.10575723991639165,0.10439154519464555,0.10354609767884135,0.10296188621839139,0.10268550925397073,0.1027248744547491,0.10299317187499993,0.10357246263426531,0.10535632337500232,0.11453690153235545,0.13563957074058774,0.1758992499604696,0.18537972122262447,0.18428558617706,0.17771388658609324,0.17132958188781197,0.1652316462860724,0.15885281893075553,0.15232357433303373,0.14618853101250542,0.1403490003121154,0.13485784838802053,0.13023376075350626,0.12646708854031108,0.12306034376342885
13-01-2026 10:20,25761.35,0.12238600000000001,0.11871251567045668,0.11483510628636524,0.11133631855895718,0.10863825901936076,0.10673072472682328,0.1055962661334196,0.10501483898334572,0.10467141225051246,0.1045132570436431,0.10472819812463854,0.10681879865233943,0.117475666781238,0.14056462029332095,0.17792649229510424,0.18554795115694633,0.184234736463504,0.17806096893132584,0.17160784512393304,0.16525273098953716,0.1588114111318335,0.1522450749819278,0.1459315117673328,0.13998715430753092,0.13444242240798251,0.12954662935388733,0.12538431562162128,0.12167233943521025
13-01-2026 10:25,25770.15,0.13248325000000002,0.12487156390907068,0.1187926667522565,0.11460094591648484,0.11143100264531991,0.10891510821496114,0.10742194359942885,0.10670568916335356,0.10614566978871358,0.10554898681182792,0.10524461149632056,0.10646369311583648,0.11529644973865731,0.13594019909826213,0.1757406367319225,0.1855815945483523,0.18514581149788112,0.17896593944632902,0.17223501395535692,0.1655364356535205,0.15885384884050566,0.15200130551396532,0.14536823123277864,0.13948461540890802,0.1342007121620679,0.1292455076653547,0.1249368196786978,0.12132915792637074
13-01-2026 10:30,25804.6,0.13148200000000002,0.12103125731927758,0.11413424023042203,0.11083262305673508,0.10876978324651826,0.10684427672197772,0.1055841146358053,0.1051216448701737,0.10483867563531261,0.10428197364786028,0.10385067930112579,0.10442350166339763,0.11145836789611813,0.12963838020585478,0.17281347820339304,0.18567718256234225,0.1864260929459628,0.18033830105990448,0.17342456198156098,0.1663812062286668,0.1594978079033959,0.15252774367003608,0.14577279967414875,0.1400353357148651,0.13496460386307763,0.129939183663934,0.1253990192477159,0.12152910166574961
13-01-2026 10:35,25783.95,0.12331783303277012,0.1137101088892714,0.10830521891947986,0.10665396669023176,0.10577639552588468,0.104524842752488,0.10354148110844541,0.1031798659534245,0.10307126232277997,0.10287117752678111,0.10289671257808074,0.10365475963859214,0.11050435425101049,0.12846911501968913,0.17203997234357757,0.18498560836543548,0.18591293357902602,0.18016871033646265,0.17346883026517207,0.16633290269322226,0.15943222444740446,0.1528807126167181,0.14665988250274917,0.14101087571411985,0.13574205072355733,0.1305960888962478,0.1257993984399056,0.12139221016657496
13-01-2026 10:40,25772.4,0.11722658032770102,0.11052068465817858,0.10696823356709596,0.10632867279639467,0.10601028565270916,0.10499667916397872,0.10402702376953671,0.103467271616718,0.10312120013592894,0.10298933007766833,0.10338584067316137,0.1043459216171575,0.11111559208473791,0.12904608267694628,0.1722052662225092,0.18406370274194478,0.18462708550214246,0.1791253574485555,0.17263602003469813,0.16540493399245818,0.15837768465158703,0.15216859292113036,0.14649140213525075,0.14076718444123254,0.1350648524481002,0.129834592382232,0.1251377853931859,0.12069050000000002
13-01-2026 10:45,25763.45,0.11687774019051321,0.11251760454736738,0.10946359732712668,0.10819270624148804,0.10729526008225684,0.10587512586385417,0.10462635798192267,0.10383863874423359,0.10314671483668894,0.10271474013630688,0.10300428411583377,0.10394251821883754,0.11077965831225706,0.1289076202570837,0.17232150954332184,0.1840374787182994,0.18436799786704325,0.1786217958543661,0.17206828089170592,0.16505462309114466,0.15828674521573327,0.15206863442373528,0.14618971459926267,0.14022898278262078,0.13411011359254627,0.12843938995444623,0.12385157365493903,0.12010275000000001
13-01-2026 10:50,25794.3,0.11829178633421422,0.1160638553069953,0.11325977932834155,0.11074875872390122,0.10867158984323527,0.10657211311955928,0.10484016568629162,0.10369091516024832,0.10271558916823821,0.1020419730531662,0.10211739637069593,0.10291898877456478,0.1098192004327375,0.12815953074963315,0.17191841298223062,0.18396705915117698,0.18421009364582275,0.17808045455409027,0.1712917391462508,0.16447931092005227,0.15818488138671863,0.15215874678100408,0.14610065864046162,0.14001167277811735,0.1337557944068828,0.1277706848977088,0.12311344253742132,0.11977925000000002
13-01-2026 10:55,25765.7,0.11725975384449377,0.1167436096676101,0.11426043469862476,0.11139483845915053,0.10946019894706235,0.10783013325893642,0.10604385485789959,0.10436261465276592,0.10311087088616339,0.10245502392769121,0.10249127391630852,0.10320686129023453,0.10999497162285188,0.1281170956652346,0.17132472286723613,0.18319961790925873,0.18330778751930882,0.17695840129402984,0.16999811212227994,0.16330951571420593,0.15735814430155182,0.15160238034210563,0.14560809768521146,0.13960164242820688,0.13367922868715143,0.12794288528213568,0.12304992497283211,0.11918614091232776
13-01-2026 11:00,25784.9,0.11867020600651311,0.11646220995003481,0.11337135554340683,0.11086901340006924,0.10963461961453508,0.10862275067832647,0.10699235600452764,0.10507575833334161,0.10371962784888776,0.10313425977662037,0.10318927984529504,0.1038935725061806,0.11058210094677097,0.12842505688118064,0.17111756833377412,0.18269170420970637,0.1825631214381733,0.17610532070390755,0.16937540569712053,0.16306241698024204,0.1571737235366055,0.1512638606067253,0.14519274796179782,0.13927598381203785,0.13367487526843255,0.12830017111578945,0.12361762548123549,0.11996496789613988
13-01-2026 11:05,25771.65,0.12274128702974464,0.11734258207738768,0.11373550999234579,0.11168926840355121,0.11013042923706995,0.1085700868837472,0.10689396297038137,0.10529486974979127,0.10410931490490513,0.1034555425885133,0.10342896458618334,0.10410979584473376,0.11075656876710074,0.12848879584473388,0.17113674217201097,0.18263870258429793,0.18243576407059142,0.17613833132884177,0.16976720542851614,0.16353368424991285,0.1573183967527164,0.15108905161555733,0.14497720162704955,0.13927810136252244,0.1341431253786471,0.12953243405921472,0.12586320516557042,0.1233210401474869
13-01-2026 11:10,25787.85,0.12111941429093322,0.1154337122714352,0.11246264954805152,0.11092839203396707,0.1090982961127747,0.10714321709542239,0.10554606715894353,0.10434465689494009,0.10337981293566081,0.10272151959670894,0.10270303144001854,0.10342429185411213,0.11010713876557211,0.12791183209371476,0.17088194179304672,0.18261981127361535,0.18270240102607327,0.17669885216491504,0.17037925246725372,0.16390897784623493,0.15737843734607715,0.1509361555488477,0.14488190834084766,0.1395187382586858,0.13485867110695857,0.1308279587341524,0.12772096515097364,0.125544377004451
13-01-2026 11:15,25787.55,0.11963449572367985,0.11445021021358354,0.11136949800939666,0.10950943578005576,0.10759721984921403,0.10567362677729399,0.10409277585925449,0.10298420912841633,0.10219122351357902,0.10167402793372304,0.10171271380510542,0.10242050656377866,0.10913596875199966,0.127133705709639,0.1707123265152033,0.18268962228002575,0.18283775773454583,0.1767852728030442,0.17034891306457212,0.1637571137395831,0.15713550802471454,0.1506361370370719,0.1446154366126325,0.13921405461808922,0.13422717083079694,0.12968519562408534,0.12595478166041457,0.12296321658632739
13-01-2026 11:20,25784.1,0.12350666429093321,0.11804821877387887,0.11364229191186406,0.11048965643828057,0.10809706683754025,0.10601852453857781,0.10423828941407443,0.10296793642324066,0.10216687786882155,0.10168273939236344,0.10165238391387736,0.1022588356279851,0.10895212740918381,0.12698868368918104,0.17074108265152027,0.1825399410904438,0.18237919113376527,0.1761578221510434,0.1697430675595408,0.1631771574650514,0.1565631611102058,0.1500922729153087,0.14402946419854976,0.1383261734329672,0.13282631386445679,0.12776291722396424,0.12332241749816295,0.11922665485464691
13-01-2026 11:25,25786.2,0.1260300414290933,0.12124744896093181,0.1163876668448011,0.11249532345080955,0.10976074688173862,0.10742058325982248,0.10527906453375856,0.10370802570946551,0.10279083311155707,0.10227576998633649,0.10217271805928996,0.10275672909260887,0.10955329193896549,0.1276960925625564,0.1710280495489061,0.18242357985665936,0.18197589067652956,0.17567811036155714,0.16933435666075583,0.16285235125331468,0.15627284495967647,0.14977625181451465,0.14361528169871288,0.1377543570777112,0.13218076283580374,0.12715157944091496,0.12263274555997175,0.11828627711826806
13-01-2026 11:30,25793.55,0.12273050000000002,0.11976732905453205,0.11575963025519968,0.11201379841206902,0.10933282643413926,0.1069821279605009,0.10472649205596461,0.10311509958825661,0.10228156248731383,0.10189996882875911,0.10190620049671557,0.1030525274750713,0.1114076300497742,0.13161113776221817,0.17258249654962585,0.18280912692309936,0.1821018439497,0.1757987751917947,0.169463449345364,0.16316161518823305,0.1567752820921089,0.15033046220066335,0.1440748979887958,0.1381394798861696,0.13250199411070035,0.12738038668376245,0.12297549900914494,0.11903210001834477
13-01-2026 11:35,25814.5,0.11320775000000001,0.11313023004076753,0.11042794868092734,0.1071303514026008,0.1050250596016178,0.10334003178775276,0.10169016227833626,0.1005458553643189,0.100006871755392,0.0998845470501425,0.10016097591175727,0.10198419167336507,0.11190953111789476,0.13415843863760799,0.17326555451721679,0.1828651994206462,0.18230776103062968,0.17622469844035285,0.16995364084543585,0.16373780759798198,0.15735396192744622,0.15089897414116932,0.14477085945461482,0.1389951538983457,0.13324703587825532,0.1278828887116347,0.12344951984892232,0.11959111112130269
13-01-2026 11:40,25811.5,0.10888325000000001,0.10870123600461021,0.10601824863256533,0.10339646209987513,0.10220936033608909,0.10103249752995508,0.09973756566183975,0.09905297446241111,0.0988697590050534,0.09891990112485465,0.0992902631472402,0.10067972124857524,0.10920958401243365,0.12963076299698775,0.17079640989187225,0.1819527865051761,0.182054637483911,0.17610238646760085,0.1697921491575129,0.16344119732567838,0.15691049021983833,0.1504109435054944,0.14446545051042783,0.13894634004470574,0.13332104700845043,0.12793410874942088,0.12335776568831526,0.11926461818571853
13-01-2026 11:45,25782.05,0.11072725000000003,0.1071632546031423,0.10395438719249983,0.10265310326980084,0.10239105378399224,0.1012518022112722,0.09980440317766417,0.09924250527573517,0.09929646830895911,0.09951115432950666,0.0999575223289921,0.10073897072123644,0.10750615214248242,0.1256793945613332,0.16885692171733277,0.18081418600334775,0.18097805166629546,0.17497230987215456,0.16860590759386385,0.16221969871746658,0.156009973978838,0.14984850904014543,0.1438713567589647,0.13826529638578489,0.1328584305621174,0.1276875162923035,0.1230394913259365,0.11882632073588253
13-01-2026 11:50,25785.0,0.11301150000000001,0.1064147245657893,0.10247347319324346,0.1017098468014556,0.10191736772548635,0.10115319376460453,0.09994813082720072,0.09939901986095087,0.09944609258171756,0.0997935688273508,0.10040950389693407,0.10120632543002209,0.10777512547216435,0.12566315209694215,0.16881264637322352,0.18010879299571622,0.17981173082280966,0.17370279399741284,0.1672877384242598,0.1609485107524656,0.15519668424369415,0.14948499917399904,0.14348084634161956,0.13767922308832162,0.13232335716416002,0.1273180952305441,0.12277530515678567,0.11873977732458868
13-01-2026 11:55,25762.65,0.11872175000000001,0.11014619188264185,0.10475428176921864,0.10302307539975415,0.10280883635696934,0.10221143603913113,0.1012727177615509,0.10066782576920477,0.1004663541507386,0.10058993516090721,0.10108119702948867,0.10192639541458187,0.10855963514239014,0.12630394738366096,0.16874641648525585,0.17975286160879705,0.1792193289849107,0.17286677703242564,0.16633506816281843,0.1600006306601388,0.15415009619042436,0.14834167353673453,0.1424325146620075,0.13675845601022962,0.1313949274052364,0.12625319260199852,0.12165695987401662,0.11787182073588261
13-01-2026 12:00,25747.9,0.11927034358376154,0.11238359532892968,0.10797034629805236,0.10617302610988817,0.10528754064111186,0.10416093310513733,0.1030494751768807,0.10238195538336611,0.10203172777221023,0.10192098846834696,0.10221989974265788,0.10303504196604622,0.10960292266220463,0.12696863476994952,0.1683814570398991,0.17937015479406643,0.17875149341616267,0.17220438638493082,0.16569758373053486,0.15937768872192676,0.15301655267142852,0.1467025511518803,0.14089873062456065,0.13559061840452283,0.13036190202668593,0.1250084613560526,0.12018152087626677,0.11650868207358825
13-01-2026 12:05,25735.35,0.11563818583761531,0.11081004214140178,0.1081580291768254,0.1072878290085004,0.10625142851617903,0.10448208006760507,0.10300229932823314,0.10237795813604096,0.10221544919888834,0.10225186042845119,0.1026339843749999,0.10356875682136135,0.11026959105692294,0.12760912215680076,0.16803778745726422,0.17884557440727064,0.17822796949396905,0.17171839267222863,0.16531884158899668,0.15904778802371117,0.1524461862372381,0.14590739240616502,0.140193859139728,0.13512703450275623,0.1300480107521717,0.12464196556357486,0.11975511062293882,0.11626399999999992
13-01-2026 12:10,25733.45,0.11494468450770753,0.11026387956921133,0.1080894974466658,0.10766459459861175,0.1065536931205356,0.1043102040056358,0.1024970600565053,0.10193475493330904,0.10200465934007039,0.10219883291784504,0.10266432812499991,0.10422536508861441,0.11260474404694519,0.1320771179788653,0.169861167394357,0.17886481632484613,0.17774284115753405,0.17118255502401888,0.1646330997712511,0.1585157302273088,0.15236060951226693,0.14613934024445788,0.14043568676754145,0.13527112095664295,0.13018697318889147,0.12489886754233223,0.12010491843416195,0.11653084879662635
13-01-2026 12:15,25722.55,0.11369593583761532,0.11022268675820696,0.10869516470728596,0.10816415066809967,0.10694504947640915,0.10489174589568931,0.10309295218612399,0.10240668195911755,0.10243274164792737,0.1025683593749999,0.1029611406249999,0.10500604465950601,0.11485312111913404,0.13620575220048808,0.17162715598690342,0.17889951049676706,0.1771615391919845,0.17042381908181103,0.16372408684992668,0.15789375976243122,0.15242221654906854,0.14658035033790945,0.14057273951866925,0.13496992503003846,0.12990647832285174,0.12503536005693508,0.12037089525012323,0.11616198796626372
13-01-2026 12:20,25724.7,0.11246734358376154,0.11119092918022563,0.11015731799925255,0.10894534912126802,0.1074055688580733,0.10575253257052757,0.10429682149876036,0.10347114865286713,0.10320511347049019,0.1031609431813823,0.10345708552557217,0.10498551400952108,0.1133100982919296,0.1324870559792693,0.16917516143987077,0.17767802078173522,0.17635627187218406,0.16966349327216745,0.16307665236354835,0.15741447917466667,0.1521398859594205,0.14635140695066498,0.14010792078933235,0.13425552403699517,0.12926261641683323,0.12469447183817145,0.12009541526090961,0.11543702833927474
13-01-2026 12:25,25714.0,0.113905,0.11325466392079322,0.11176181238663455,0.10964353039610593,0.10750357984888094,0.10575663825533535,0.10463527566243398,0.10408986801028232,0.1037972958317116,0.10358896841972673,0.10380675535431316,0.10490611735824487,0.11165029919761761,0.12838192630734307,0.16614095575864626,0.1755259420441412,0.174743901544311,0.16864388857090254,0.16250982109725018,0.15683607501154667,0.15141176434585885,0.1456712077185885,0.13959154092572446,0.133771806915646,0.12863807845152805,0.1239928912636729,0.1195569839968441,0.11518764398751508
13-01-2026 12:30,25723.0,0.116365,0.1134291562499999,0.1104920312499999,0.1078815034026784,0.10578082611071385,0.10420517333391753,0.10329133053582136,0.10304525921900522,0.1030165998711658,0.10290290582391143,0.10325588419620627,0.10470976436186294,0.11177085986329775,0.12856434259356975,0.16583753443573812,0.17452196209343981,0.17356274872618999,0.16783722677826388,0.1621042658878476,0.15655703157605694,0.15121688974314101,0.1456458779711171,0.13965580643784253,0.13377067711182883,0.12851187735238925,0.12395759972111998,0.12011816830878658,0.11676327664821642
13-01-2026 12:35,25717.45,0.11689224999999992,0.11209889715115007,0.10843605522092002,0.10597054290784991,0.10427174141047979,0.10303003111784372,0.10217647068493185,0.10184377793404252,0.10186643987912092,0.10200500411695843,0.10264955993817772,0.10482790095540052,0.11365499369469591,0.13282413276734323,0.16848881705507307,0.1760039382483334,0.17432746292964055,0.16799139970133173,0.16186862891657716,0.15640619200868552,0.15129676031932754,0.1456840288208631,0.13954508709575852,0.13377498724988707,0.1287968275329323,0.12455314161090383,0.12129276981837445,0.11894023477328824
13-01-2026 12:40,25710.25,0.11223050000000001,0.10841504468456291,0.10560837991629582,0.10385070962036663,0.10269908740201898,0.10185199322184758,0.10124285137298221,0.10099584673282602,0.10113422286312321,0.10160031820924481,0.10250764683972888,0.10510724342565508,0.11531882113026054,0.13663702609168207,0.17080511687468136,0.17739442285164958,0.17536609401633513,0.16883327886204091,0.16250074224929026,0.15688627047671855,0.1516014782998911,0.14578445386509703,0.1396321187971526,0.13417181247316073,0.1295262338662646,0.12534897762865801,0.12193695663425562,0.119381177715888
13-01-2026 12:45,25702.9,0.1064215,0.10458356450956874,0.10273374633468728,0.10151363657562607,0.10110122938341211,0.10089790404759985,0.10064414866713858,0.10062170598014428,0.1009955096007491,0.10174895579436297,0.10292264581891405,0.10532197712303315,0.11438753390162708,0.13392837257369647,0.16910193249665814,0.1767686487014258,0.1753076201107329,0.16919905069226474,0.16324326401982653,0.15761363281137475,0.152040534318735,0.1461314490733367,0.14017377306036172,0.1349090324079415,0.1302913701213438,0.12594143427941504,0.12198706688011988,0.11845773578965002
13-01-2026 12:50,25667.1,0.1082955,0.10593011358411972,0.103596063183687,0.1022079471607099,0.10206876749355819,0.10213702950507145,0.10186015624999989,0.10171993749999991,0.10202261922860541,0.10274372691442171,0.10451813596915294,0.10872823013662646,0.11890598864222025,0.13698268654706647,0.16901434855767272,0.17607457753111339,0.1742914498968613,0.1682853190006076,0.16261324950214304,0.1570805390707653,0.1513975551717328,0.14544673756889084,0.13961598789994467,0.13449113583130282,0.12999662802765516,0.1257917315954749,0.12189032010499454,0.11826815141542796
13-01-2026 12:55,25659.75,0.11254871048357823,0.10886909898662732,0.10594019749129684,0.1042321412942909,0.10367342680762262,0.10339999436117384,0.10291612499944466,0.1026053242186111,0.10275234439348518,0.10338590882394111,0.10574051157517961,0.11220683567944756,0.12495900592283103,0.1436571988445474,0.1711097660655045,0.17612353509212425,0.17347434878599552,0.16747445607944408,0.16185074670726127,0.1561918407414833,0.15037471290502571,0.14428508627581124,0.13830584292085055,0.13322329533367347,0.12904720518663265,0.1252349000109672,0.12168109053261378,0.11843376079743298
13-01-2026 13:00,25645.05,0.1118943548357823,0.11010879681899112,0.10821817558222986,0.10650593844186325,0.10516617173538849,0.104136941883198,0.10345076225154803,0.10315012491004039,0.10324937075978938,0.10387680379451597,0.10591132692537583,0.11140548724847424,0.12372253375032036,0.1435340207947483,0.17186691523725908,0.1763991369048642,0.17364568164267022,0.16768710029240944,0.16193491235477236,0.1560621669378648,0.15008849971618812,0.14380674970361268,0.13758175707295942,0.13239982959019592,0.12825640704051022,0.12436475740327535,0.12054676220636777,0.11693853377635162
13-01-2026 13:05,25639.05,0.11044753870440814,0.11043685482240416,0.10951354971738014,0.1081503901305293,0.10659343860220707,0.10501295816069928,0.10406799840252001,0.10382708660041584,0.10396609275143141,0.1045260327845056,0.1064641312490851,0.11234809115529376,0.12603705059876916,0.14775739314919512,0.17413716196919532,0.17746483363659785,0.17450614596460823,0.16861102824866106,0.16264525883731096,0.15632611474797267,0.1499449181879938,0.14373523455544002,0.13781250339748474,0.13263654120934254,0.1282020898079959,0.12387871860597599,0.11966024989965136,0.11584565337763515
13-01-2026 13:10,25669.25,0.1127811048357823,0.11105508947648102,0.10962211704985776,0.10860055566011391,0.10732672194400922,0.10561478761791676,0.10438216963841293,0.10409859669214896,0.1043743870232422,0.1049570359063458,0.10718493293109774,0.11419813542297871,0.12874827895971025,0.14979613144050452,0.17441025741981014,0.17784505996390315,0.17505990038711147,0.1693069314068158,0.1633224269795082,0.156700643916718,0.15004527369388326,0.1440656835626162,0.13848548058005045,0.13324087384337335,0.12856485474232476,0.12402111101050031,0.11973462183823698,0.11623625000000001
13-01-2026 13:15,25650.75,0.11764871048357824,0.11356725243696886,0.11114589896779889,0.10982625417907407,0.10832647634584264,0.10649929475004438,0.10508000187923208,0.10457181964346673,0.10479750942116563,0.10544846906625749,0.10714950910749428,0.11201211628455705,0.1239627051150872,0.14400920788398766,0.17260892470214567,0.17755049043314075,0.17517684441363338,0.169285871925676,0.1631452412388147,0.15660842296049235,0.15041501104253935,0.14476316622741947,0.13902952567541774,0.13340723604821117,0.12846769029375757,0.12388372653725264,0.11964938952419957,0.11617725
13-01-2026 13:20,25659.9,0.120639,0.11574787752289178,0.11234900848585702,0.11015119351908911,0.10825579458259418,0.10643891099055632,0.1050215486291458,0.1043214038376377,0.10434039903032401,0.10494624199762717,0.10618337678643222,0.10936988148093345,0.11990953221748392,0.14063252119232278,0.17247425041873393,0.17806661719741143,0.17574654625442165,0.16923852297384143,0.16231790154978787,0.15577503026524725,0.15028617216450205,0.14500086926557648,0.1391837336564975,0.13343621192543192,0.12834629981780074,0.12376923412092707,0.11959565582728843,0.11585024999999993
13-01-2026 13:25,25660.75,0.12012799999999992,0.11546587250825723,0.11153572651007593,0.10885918119110641,0.10715546862894201,0.10568313949507539,0.10435896431895522,0.1035810984082985,0.10347035323526631,0.10398522744070063,0.10521860372105206,0.10790726659261927,0.11697584233521327,0.1358939883429698,0.1704506616718493,0.17762035937328427,0.17565645769113505,0.16888992965702299,0.1619567534727484,0.15579080996217928,0.15055238709515464,0.14507295067688264,0.13911938259330087,0.13352514362989898,0.12854613269999757,0.12400363330860795,0.11979148319414985,0.115744
13-01-2026 13:30,25661.85,0.11710274999999999,0.11329420681005099,0.10990171085407856,0.10762856796457144,0.10643329496784254,0.10536960579026602,0.1041185738012968,0.10323171395470725,0.10302843505944634,0.10348268568394842,0.10463582864988052,0.10665061830945911,0.11407598816696587,0.1310752096380623,0.1682764687528667,0.1770816310124478,0.17563706646724775,0.16914652251813625,0.16272813226500332,0.1567515053655152,0.15127045633603883,0.14553570484442763,0.1394511612778894,0.13367945619179722,0.12854956205791687,0.12403905192364699,0.11987130070775888,0.11570350000000001
13-01-2026 13:35,25679.45,0.114258,0.11156927139198006,0.10905933722549137,0.10717367743177385,0.10603367865486826,0.10499667039066819,0.10372611968435676,0.1027671340469992,0.10253705626225082,0.10299449055590575,0.10411001329077078,0.10592673693401815,0.11309831938537637,0.13005554956228335,0.16807605793287791,0.17753874738150646,0.17645830259453135,0.16999710518267752,0.16326698134044207,0.15665897087740951,0.1507185382599226,0.14514415261777142,0.1393860899372441,0.13354490807054503,0.1282102716686393,0.12372152341724349,0.11966091526761977,0.11552376967181609
13-01-2026 13:40,25665.55,0.1140715,0.1116336418414328,0.10934254930281932,0.10739257059160798,0.105936415847742,0.10472607057790143,0.10355122934989067,0.10274242484644994,0.10255535918087665,0.10293255708341675,0.10395459880095415,0.10574291128371276,0.11287927552354884,0.12974160209419555,0.16766620418839098,0.17695174596082908,0.17561923444580324,0.16910209456546238,0.16255093618915234,0.15589067663974546,0.14963938870238375,0.14405203952353926,0.1386536274925355,0.133174197886223,0.1279969742189625,0.12346104719086001,0.119339809055804,0.11526194671816083
13-01-2026 13:45,25671.3,0.11549375,0.11204389149821017,0.109185395979599,0.1070453861232374,0.10544897983668666,0.10420831996848762,0.1032590325145492,0.10273575883879893,0.10265392730578571,0.10292282251976834,0.1037901106640254,0.10553471633817371,0.1126767425290516,0.1294825951162068,0.1673261277324136,0.1761165412332399,0.17421401064835557,0.16759414898124672,0.1615724504488506,0.155378009743582,0.14911335078764787,0.14343561103956493,0.1382115803348154,0.13304804620110722,0.12805926812684132,0.12347865531517102,0.11929025202563347,0.11529060409268953
13-01-2026 13:50,25672.15,0.11582175,0.11238786709057101,0.10929409122669283,0.10698835846203207,0.10541188865775011,0.10415691315140854,0.10316271846792763,0.10264858864475318,0.10261728014494972,0.10296987235929383,0.10390399882760666,0.10568256538381729,0.11283036487790507,0.12957220951162068,0.1671751073008969,0.17615515638300425,0.17430596707895318,0.1672419717773774,0.1606555556046636,0.15441708060721987,0.14845324543173669,0.14302035828423795,0.1379573814563488,0.13291722364873718,0.12796635459310537,0.12329216861769011,0.1189928746415666,0.11500469671816083
13-01-2026 13:55,25662.15,0.113042,0.1111629990752572,0.10868312095544752,0.10653790271318857,0.10522116761434769,0.1041291332011424,0.10308950397001125,0.10246512060894591,0.10242718593156053,0.10297503083941657,0.10414858494938849,0.10610499715046967,0.1134171912410285,0.130259038537717,0.16662688337999698,0.17504832782674176,0.17342918593592577,0.16667442867651078,0.16008351794110023,0.15411665698668597,0.14863277316837728,0.14323668754129756,0.1379157772746388,0.13285940646947272,0.12804224500055386,0.1233545951105376,0.11898571457199246,0.1150445196718161
13-01-2026 14:00,25659.5,0.11070494970460243,0.10932952668093927,0.10730231834310847,0.1054733479208505,0.10429283580436101,0.10331848778975869,0.10247527818279537,0.10200650008241165,0.10206938110457645,0.10275653607769267,0.10408833844168001,0.10665510369046244,0.11550759991028581,0.13432901037717002,0.1676991450322075,0.1738072882054515,0.17187390740376574,0.16602703650568404,0.16027525846939739,0.15475046987752522,0.14924556484262783,0.14344454504692092,0.13778539008903953,0.13277395251151522,0.12818415524532395,0.12370091692532945,0.11945450399725631,0.115505
13-01-2026 14:05,25647.55,0.11189099704602432,0.109303387671342,0.1071531311093143,0.10540399210414006,0.10390328512956755,0.1027215413957883,0.1019757291728254,0.1017009754922166,0.10194971596424894,0.10273333762634165,0.10404359661219734,0.1070331712409994,0.11722387482435136,0.13777203857235873,0.16929195842539224,0.17447066965901772,0.17230548575767915,0.16634776738221452,0.1603058424967263,0.15450653839304668,0.14883977290025557,0.1430002058564972,0.13728411113331696,0.13215966760394596,0.12759849400732948,0.1233219515632683,0.11920939498553643,0.11518850000000001
13-01-2026 14:10,25642.55,0.11370301966718849,0.11001332695330521,0.10755934589687133,0.10571381018180376,0.10396213173480853,0.10261284495425929,0.101785572603319,0.1014888810324584,0.10179755310245617,0.10260716586698379,0.1038594034701931,0.10638862322241041,0.1152319091436532,0.1338221468116957,0.16714284218111286,0.17436604582403586,0.172814900430979,0.16645633340648722,0.15980186022358442,0.1536065605097533,0.1480440813058489,0.14248714266932405,0.13666209682272434,0.13114104190551393,0.12640709387784793,0.12224881473998105,0.118241469918324,0.11419424999999994
13-01-2026 14:15,25631.25,0.1134367468894711,0.10983843207179321,0.10715978126187188,0.10519734681930641,0.10359977923358257,0.10241639861379136,0.10164457017753384,0.10129017911242774,0.10148390739887558,0.10226018290064584,0.10363492993453985,0.10583750524369534,0.11319570388295906,0.12955037161986316,0.16434160426773287,0.17285338638145759,0.17173257428448147,0.16558219465906993,0.15917533433882958,0.15295389163571715,0.14729208552411424,0.14183188434692276,0.13609504333129305,0.13034753589921905,0.12526666629568575,0.12109723019969032,0.11733834627174945,0.1134475
13-01-2026 14:20,25627.6,0.1112273494228066,0.10861226185737657,0.10610378174912634,0.10407455739668307,0.10268369544408353,0.10185322121321538,0.10138287835657465,0.10114985521242252,0.10135888501352963,0.10224884412460711,0.10383535883770943,0.10610258293448116,0.1132764788270604,0.1293372614345256,0.1640058978690512,0.1715452231541587,0.16965279957793541,0.1636288887801056,0.15804134291124175,0.1523124900559175,0.14646028999536187,0.14078083332598887,0.13533033738611056,0.12993605613548392,0.12483920446316077,0.1206261441334803,0.11706173897037722,0.11343213652396042
13-01-2026 14:25,25619.65,0.11261474984344672,0.11089919283197525,0.10859000995964613,0.10613801292430895,0.10429386086204834,0.10331219726437971,0.10282557925337239,0.10253007957609558,0.10266609232557264,0.10351575813565002,0.10504444593635537,0.10722867692102825,0.11434134812129142,0.13031804679467454,0.16428361997009533,0.17099204943365673,0.16837902821831935,0.1621121931156364,0.15687708180304466,0.15152736505259812,0.1454062395194087,0.13915056843547158,0.133804911267452,0.12917170197547684,0.12457266349221094,0.12030312660430142,0.11667627172541277,0.11333177858235466
13-01-2026 14:30,25622.55,0.11915517498434468,0.11682395497212834,0.11398786128976707,0.11085171929032811,0.10820375246296215,0.10653340197369192,0.10549213406428118,0.1047492695657274,0.10451139746800131,0.10502888466930523,0.10634075972916082,0.10883904259020769,0.1169546951367649,0.1340315815122206,0.1654219893319028,0.1716972253676582,0.16932032577046308,0.16281721370660193,0.1568271227268314,0.15107988956047017,0.14482341099140916,0.1383530961389912,0.1328815909516261,0.12837080604337076,0.12386883287657417,0.11947029723899642,0.11584311792201513,0.11291534085879379
13-01-2026 14:35,25644.0,0.1245765,0.11985421711899975,0.11611428381149382,0.11289788357439412,0.10997788996734242,0.10776760333827158,0.10622583772099893,0.10521270612708943,0.10479086487788038,0.10507127068790288,0.1062141571566511,0.10907741510484642,0.11838338450111806,0.13700156797543608,0.16670952267414452,0.1727149969548933,0.17069275402247414,0.16415100856677423,0.15757902174698696,0.1515016539060157,0.1453127374704062,0.13895761333515905,0.1333255175829198,0.1284312496456548,0.12365301584420088,0.11914677888961436,0.11537004486012861,0.11218632069790437
13-01-2026 14:40,25667.6,0.124683,0.11809743568790423,0.11391387439328078,0.11112994207075381,0.1084947178356022,0.10626657089702872,0.10473332365351337,0.10395527446381038,0.1037603993442144,0.10394498505301711,0.10475966633551984,0.10752576538629241,0.11741161618526602,0.1372224190466091,0.16793640809909693,0.17400434009170498,0.17194228355398108,0.16545548620706318,0.1590206853917005,0.1529286677366094,0.1466297555259056,0.14025035784821094,0.13459243033149976,0.12955921935496362,0.1246632679096422,0.12006100151163515,0.11588326332449259,0.11189417283935241
13-01-2026 14:45,25695.95,0.1229655,0.11632976610239164,0.11191681914727376,0.10910994302346566,0.10672178250023745,0.10469319719987429,0.10326138555720851,0.10258572432371452,0.10246986571449196,0.10255558455780489,0.10309066162815844,0.10569736652987989,0.1159167950392967,0.13661240552531423,0.16887732725213303,0.17524761405673728,0.17324287371021696,0.1668597277984174,0.1604785832418853,0.15411005316912135,0.14763189454661413,0.1414773384983025,0.13598219500722186,0.1308322127498908,0.12578934822858362,0.12103317274848363,0.11655512389366801,0.11211379767522758
13-01-2026 14:50,25698.45,0.11818825,0.1135876635711708,0.11011063579362476,0.10760122784601794,0.10556372147746565,0.10376171613946829,0.10213193592116294,0.10103643641044846,0.10069199101008627,0.10084622317355381,0.10153904327721047,0.10369672064388055,0.11243476411136683,0.1313038606563195,0.16635943136408032,0.17484360435732152,0.1738338301401426,0.1677200617063499,0.16128066539509084,0.15450127277839057,0.14770376684828812,0.14174370763791697,0.1365179714702783,0.13122933110967563,0.12588708032400306,0.12102672801084871,0.11656720821311486,0.11205790176425964
13-01-2026 14:55,25717.05,0.10080475000000001,0.1019046660889111,0.1018890147583666,0.10125633567773679,0.10077842753097889,0.10001755221136964,0.09856234649258142,0.09731902151346539,0.09713738349861493,0.09786113609219807,0.09913914505086559,0.10102644063435376,0.1084781170993052,0.1259745851471984,0.16399477936727258,0.174559865645393,0.17467139883196586,0.16897098134164587,0.16263858008201115,0.15574716678605052,0.1485685404696122,0.14220078838419292,0.13699569383137605,0.13197435768622937,0.1267574115048366,0.12197587631715434,0.1175662911585458,0.11292005504131658
13-01-2026 15:00,25754.0,0.09170575,0.09500583033007796,0.09599667796697253,0.09643652205731669,0.09711674944648861,0.09673453414604197,0.09546986791831837,0.09457905170952373,0.09462218061616379,0.09574202957295563,0.09761095308979911,0.10018442554110435,0.1091005981336268,0.12894255836476662,0.1664871666565085,0.17583406277182306,0.17551488142007562,0.16979871933962104,0.16346541633867642,0.15673368971172363,0.1495711424648858,0.14275099753028989,0.13727625821232986,0.1326495786848008,0.12794717838629777,0.12319609593232089,0.11835854658060443,0.11314667694660914
13-01-2026 15:05,25708.75,0.101534,0.10100126213506211,0.0992675851086487,0.09876025673497854,0.09881346511956927,0.09732221336415245,0.09566061608792917,0.09501082082534745,0.09494996085193709,0.09585890661470409,0.09779761889115614,0.10098033505438474,0.1114119711467604,0.13326699827918517,0.16916953692916817,0.17671602930494992,0.17532433299590233,0.169050391100787,0.16248411879867414,0.1560013962485039,0.14943061309477854,0.14299579986883856,0.13739747049814002,0.13252403625239406,0.12775695827041503,0.12284912741655275,0.11769267807320324,0.11224243446971541
13-01-2026 15:10,25746.05,0.1034475,0.10168526852636596,0.09930932121902478,0.09825936411483133,0.09793497766929825,0.09651732394146798,0.09503713732517687,0.09451626337111724,0.09455700266195577,0.09532160909329655,0.09696384679316936,0.10017518901465673,0.11103471913426488,0.1334259855417173,0.16931660073803614,0.17687866606328645,0.17539561185479066,0.16881323547343713,0.16203902460090147,0.1558469760466032,0.14994527090641174,0.14394361694466448,0.13814154240101872,0.1328729042868729,0.1279791330730532,0.12309856788366534,0.11805578671369679,0.11283090753354325
13-01-2026 15:15,25745.9,0.10063199999999993,0.09839976562222053,0.09671716407514672,0.09578599010560113,0.09532176558946377,0.09482138959631232,0.09421409924136427,0.09389142052379698,0.09399333807130181,0.09455195517940622,0.09583932023497581,0.09905910490229007,0.11016959860376642,0.13279177031227077,0.16887658538034678,0.17684595724909474,0.1759279730856012,0.169703515227117,0.16290134775598167,0.15669268590988597,0.1509668981942488,0.14489865995422221,0.13868478593653819,0.1331594651976268,0.12833339379771017,0.12362076856115009,0.11870207184764435,0.11352875000000001
13-01-2026 15:20,25730.9,0.103847,0.09992602557154573,0.09797435315543455,0.09676019242503346,0.09560619101091734,0.09512073240038592,0.09497721101491488,0.09485498045081828,0.09483366438013696,0.09499205862591988,0.09590419391046144,0.09861174435296441,0.10848692437207644,0.12947995764853987,0.16761799434336377,0.17678092936155015,0.17654056433316642,0.17082434266046131,0.1640897171494572,0.15736605054161806,0.15128852852333058,0.1453004172832356,0.13914179540581514,0.1333505006403128,0.12815799949353135,0.12330723483068984,0.11844233821540703,0.11333225
13-01-2026 15:25,25730.8,0.11501200000000002,0.10710467420376789,0.10266363574782882,0.10041846696930505,0.09869419904106025,0.0976013713250176,0.0970637072918784,0.09680322869321085,0.09660409831651831,0.09656674621566338,0.09740933140464064,0.10007822609919917,0.10995359385792511,0.1311153997764687,0.16980426643895144,0.17877330937576652,0.17823583444904512,0.17240518972577726,0.16547006513667042,0.15816045815505544,0.1517172036348069,0.14601608360268178,0.1402894175742608,0.13452193232144627,0.12900148491276014,0.1238234047465229,0.11884716039836102,0.11380525000000001
14-01-2026 09:15,25671.9,0.12951375,0.11746494936841671,0.10975378694571485,0.10582686217760912,0.10341863970588865,0.10162918167892573,0.10036765315709445,0.09958902822728913,0.0990816742630019,0.09904025702637691,0.10004260655731519,0.1032398862569102,0.11449600469165751,0.13749468505336374,0.17445338589543885,0.18200031871180064,0.18045223046120282,0.1740204662078243,0.16692872010958013,0.15967100968448342,0.153279232310097,0.1476775783622955,0.14202904529679927,0.1362397472394215,0.13057983221159075,0.12515367094182778,0.11992558240672194,0.11472125
14-01-2026 09:20,25705.8,0.13167275,0.1216291235734935,0.1143452613587948,0.10972186221469862,0.10657667187499992,0.10426953124999991,0.10256412757061123,0.10139675356179902,0.10070576134184019,0.10065327991159621,0.1015443312425684,0.1047215799207922,0.1164443942404534,0.14021639725150137,0.1768351617420756,0.18379374639841872,0.18166317603997795,0.17494983688794757,0.16826044278566982,0.16167428882949514,0.15536455746917527,0.14922657682935114,0.14301490442122466,0.13694633371206685,0.13122588235647786,0.12574372967486336,0.12035650695022991,0.114962
14-01-2026 09:25,25717.85,0.12528375,0.11779610055717017,0.11251640986620598,0.10894399511572313,0.10611114224433726,0.10383366056108423,0.1020783281249999,0.10087229620293522,0.10025180344431087,0.10031500174789013,0.10114173782080994,0.10468350510984051,0.11812902523810342,0.14453309597293768,0.1796068404724144,0.1849450673803446,0.18234845228359003,0.17589554093116472,0.16959910272862797,0.16335971218548195,0.15691227700306837,0.14997807738300536,0.14296286939756694,0.1367510090358482,0.13136439192932958,0.12610897305564697,0.1206968437499999,0.11520299999999999
14-01-2026 09:30,25746.8,0.11543300000000001,0.11066499952682002,0.10649511372848221,0.10364423797434892,0.102068332713881,0.10084221785383875,0.09957946860558964,0.09862901032039305,0.09825124111872319,0.09860206352950004,0.09966643711826696,0.10323418720987909,0.11660734768695727,0.1430796427884994,0.1792514743731244,0.1851989635267718,0.18307476892170454,0.1770433745520218,0.17091261032044278,0.16456464135209956,0.15794563165544703,0.1507219238052422,0.143425988473763,0.13725378341032435,0.13210852191362404,0.12699374153257956,0.12160489887327972,0.11611524999999992
14-01-2026 09:35,25737.05,0.109972,0.10734162971747707,0.10297797588803226,0.09955059173571272,0.09875736168254695,0.09860998127947251,0.09787621730589711,0.09720358757893141,0.09703047255855221,0.09747736515527779,0.09865193176614703,0.10129316559003515,0.11141938820493763,0.13336450196017785,0.17409394753248014,0.18360146966208118,0.18277212164997766,0.17683403841202916,0.17065915114090252,0.16420592308762233,0.15767750510859885,0.15084495044207855,0.14381528463860996,0.13743228689473605,0.13197038961094085,0.12678664044740837,0.12151144185779811,0.11626475
14-01-2026 09:40,25712.25,0.111997494811616,0.10869418675772168,0.1043683789332002,0.10077449866903387,0.09944490248150492,0.0990019072347614,0.09822468490061487,0.0976137482670766,0.09750724111752607,0.0979165287030277,0.09904021660974603,0.10106814322578492,0.10914538655750747,0.12806143400739722,0.17043053984218057,0.18185524835507502,0.18172803277457428,0.17545501016870615,0.168360420438466,0.160999778709708,0.15442012067286062,0.14846890046694314,0.14234459978113054,0.13620769963591953,0.1306551560305953,0.1254789926293811,0.12032349221903674,0.11529199999999999
14-01-2026 09:45,25691.85,0.11088594811615991,0.11048368301939095,0.10965757370841074,0.10752833080880872,0.10503281937860597,0.10311479861603874,0.10155353350168699,0.10046052423709093,0.0999894698507221,0.10011707728315944,0.10096177159631697,0.10262655597710875,0.11011885240857013,0.12818973912373685,0.16949156146622307,0.18101263412988733,0.18104864301046394,0.1745624866843498,0.1666559575978395,0.1583473480508591,0.15144367524345892,0.14599232630758224,0.14074660973096645,0.1352633355438144,0.12980142236170653,0.124432365955285,0.11908741060779812,0.11378374999999992
14-01-2026 09:50,25701.2,0.10745315660908791,0.10812697581503358,0.10980908123118054,0.10995895605767854,0.1078879173436221,0.10542047303152488,0.10345727118848842,0.1021392657807658,0.10138559234260096,0.10110548110426,0.10154292300938457,0.10295224824579954,0.1104398523328911,0.1287459383318987,0.17004559327590874,0.18150771501454138,0.18135141136392913,0.17487258159825594,0.1677107351598878,0.16036268343368526,0.15361334752039243,0.14757958709458258,0.14179517242993206,0.13606161106927575,0.13035151277620727,0.1247091031223473,0.11915071365919296,0.11356796442910184
14-01-2026 09:55,25759.55,0.1095109481161599,0.1053119231816862,0.103728063903537,0.10339267925128774,0.10250940888147794,0.1011546235102952,0.09992305089921776,0.09917856113464604,0.09876057356800926,0.09858284485265505,0.09914619378900293,0.10136113084841825,0.11102224250760735,0.13249803537541785,0.1733555223861578,0.18326075873951225,0.18212931101282567,0.17552875404561613,0.16925361976632236,0.1630467516429035,0.1565897554016848,0.15001920655740347,0.14355816177779912,0.13740382288381678,0.1315577067628037,0.12599856447312555,0.12082353306623526,0.1159528942910194
14-01-2026 10:00,25727.85,0.11709874481161592,0.11047922957054906,0.10491753860080283,0.10137250553997022,0.09972274487653167,0.0987493542299654,0.09780650196700721,0.09715900702458957,0.09693463248540474,0.09732198203091677,0.09860329635655458,0.101714836719173,0.11294642578636716,0.1364367441151815,0.1754537833018715,0.18361421010746376,0.18182567883370537,0.17520349359068382,0.16887467768366565,0.16256355839445358,0.1560308757951818,0.14937869242039378,0.14286107540991902,0.13670693282200128,0.1309090334174229,0.1255027645321083,0.12082083071746853,0.116918109723835
14-01-2026 10:05,25713.6,0.12034174460875346,0.11485671425399172,0.10917450455483602,0.10450030137114638,0.10166536994400693,0.09998801430395737,0.0987264635733158,0.09786510493251083,0.09764662928908392,0.09843686949034255,0.10019208967830133,0.10290677123645144,0.1121922602342046,0.13277024521056577,0.1726042388607387,0.18195699861147413,0.18071293676728564,0.17415408152180267,0.16766075819515536,0.16117655187072502,0.15440843233080517,0.14742304717899427,0.14086529407690787,0.13495417663831197,0.12931554854400842,0.12387896779200704,0.11900595028693049,0.11481989429101941
14-01-2026 10:10,25697.45,0.1158314460875347,0.111239110342181,0.10718984760116565,0.10392757604545516,0.10144819016956327,0.09968888490245209,0.09855630865239123,0.09792276150854551,0.09780293620064621,0.09848557187498083,0.10006438782608901,0.10225650675134658,0.11000592164638753,0.12830190849575193,0.16993239888607387,0.18073750907465064,0.17989410459233238,0.173247133104827,0.16681436599991728,0.160465875044706,0.153657271370847,0.1465764065056332,0.14018770531024066,0.134595974099852,0.12909115449485675,0.1234830747445643,0.11819475155931744,0.11345296442910194
14-01-2026 10:15,25696.35,0.10886215295756248,0.1056411977050098,0.10310623564238666,0.10114854289697735,0.09948896123512024,0.09817439161604798,0.09741480436231188,0.09717669033316587,0.09727213134797197,0.09787364343960397,0.09925367625866605,0.10141247069331003,0.1092941273195765,0.1277157927727456,0.1694811866980877,0.1804708967807166,0.17963082401247288,0.17282913593549054,0.16632246202376333,0.1601026185390907,0.15364113320365924,0.14692841281065205,0.14053651171195453,0.13470532621020923,0.12905541765349232,0.12328101114348614,0.1179158419243178,0.11345375
14-01-2026 10:20,25678.3,0.10677590084563351,0.10448167589363903,0.10267595231862421,0.10103893782814807,0.09945309176484217,0.09817511304769803,0.09744670973104043,0.09731490459053521,0.09763741186440175,0.0984256178183452,0.09979511189526508,0.10194156142088999,0.10991298729497807,0.12829821276623737,0.16903354645064605,0.18001209326444514,0.17942793561400425,0.17266820178749273,0.16583289364864665,0.15944150924509629,0.15327174220522005,0.14686667384879332,0.14028891212418984,0.13406822821081257,0.12827973330199402,0.12250940043965661,0.11723323795552798,0.1130887869133137
14-01-2026 10:25,25683.35,0.11034979218974159,0.10761336377748387,0.1055295534719968,0.10358046403902166,0.10154742918789988,0.09984616429865922,0.09873424304576908,0.09829822735060897,0.09854620623665648,0.09936688437960958,0.10069228753557877,0.10333328671793975,0.11282056673573819,0.13301891364130156,0.1704349499732212,0.17948880653798888,0.17873153978795095,0.17253154615774366,0.16574591468316133,0.15909157701615662,0.15284249499209218,0.14643116761476854,0.1396168524809292,0.1331166468082072,0.12739286913087175,0.12202436753216647,0.11714266672630114,0.11320736913313781
14-01-2026 10:30,25678.05,0.11196068564577866,0.1088318909305464,0.10637969664579353,0.10437391862925796,0.10233187765380085,0.10033494296066495,0.09886721949354169,0.09820255421747824,0.09826874703437745,0.0990015748062226,0.10047316490073774,0.10382798133088314,0.11497545621436588,0.1374457254480987,0.17260406848672563,0.1795130164393095,0.17834003210554758,0.17272158779196628,0.16631954456939516,0.15954820900401173,0.1529861665044644,0.14643544794903307,0.13953413216374175,0.13290065804404289,0.12730699208510465,0.12244048143286677,0.11796519655745301,0.11398591443964812
14-01-2026 10:35,25689.95,0.11096754758098812,0.10714070751431706,0.10445719882954722,0.10302288258594755,0.10159702037147876,0.09953201150802161,0.09780127625903007,0.09709782410008472,0.0971405516058719,0.09793878625090545,0.0997893081337067,0.10350214813494082,0.11473977996114948,0.13731704303790493,0.17285233817971804,0.17986213212005428,0.17863410682098907,0.17292301429701873,0.16662534085577915,0.15993022813487093,0.15324461863336153,0.14673088607455614,0.14018648906662212,0.13386474021734096,0.1282784308154809,0.12330565381444662,0.11857534719011803,0.11394111913313783
14-01-2026 10:40,25691.8,0.1130696727918294,0.10961126348183314,0.1065246382576276,0.10478811940266614,0.10339978488598012,0.10112991415823312,0.09901720512422395,0.0980197991620048,0.09785989488906921,0.09853668326632385,0.10035187369029563,0.10397733517026861,0.11484796578726461,0.13677217130927471,0.1721917451779189,0.1795042407473423,0.1781675257711323,0.17221232364821018,0.1659390286165544,0.1594704079501657,0.15292397170733227,0.1463890411729981,0.13992737419597376,0.13376045167710324,0.12805757936903664,0.12279471642267585,0.11772776042283731,0.11258028691331377
14-01-2026 10:45,25665.9,0.1179391258459126,0.11521806126773798,0.11169036494752278,0.10877328995401031,0.10655051101608036,0.10411351557359666,0.10190291652954597,0.10046863783584467,0.0998775110291425,0.100384855674153,0.1020749249096299,0.10502347808385204,0.11422287607513806,0.13388539302783853,0.17061410797107213,0.1787519211237449,0.1776376368825905,0.17173841069190593,0.16536488809667765,0.15876001838097362,0.15229903780539594,0.14573934960827595,0.13904618445870484,0.1326171063974509,0.12672731143240207,0.12145694820525078,0.11642447341233679,0.111182
14-01-2026 10:50,25695.5,0.12217087969321844,0.11820428762899855,0.11426654065110114,0.1107693644963846,0.10779809429088139,0.10526389797952963,0.10316995982361934,0.10151640526598252,0.1012080911497154,0.10385784876014548,0.1087742177358998,0.11316335233045369,0.12065858443932198,0.1367113566396576,0.171875199013774,0.17997400612966385,0.17871602254750837,0.1726446487981658,0.1659736493631434,0.15911949557426086,0.15267349977460726,0.1461484029856958,0.13936575992764422,0.13283373911134203,0.12686290957601465,0.12149828635173662,0.11640779457317581,0.111224
14-01-2026 10:55,25706.35,0.1244811994922281,0.1190291554897549,0.11475238851264831,0.1113137940113179,0.10817518514078171,0.1054689361877719,0.10328130307085201,0.10161378425073198,0.10188992486768528,0.10663058894096386,0.11449773844909006,0.12061484707131802,0.12778930415237663,0.14220011674886135,0.17468414011393102,0.18211064369120802,0.1802135127060321,0.17361044822041838,0.16690903414381714,0.16028894006260722,0.1538226719382159,0.14712477324578982,0.14030376960490898,0.13394000660971112,0.1280717508991942,0.12248970612116113,0.11716768493497526,0.11205250000000001
14-01-2026 11:00,25720.95,0.12088665315256975,0.11556269190599339,0.11163011308650547,0.10875448653526568,0.10610839790172855,0.1036747983062771,0.1017058259763567,0.10037711281545086,0.10046578601585036,0.10315292474624245,0.10767878453283788,0.11158903984798689,0.11892370226676642,0.1353246065271452,0.173026112563295,0.18233016640823352,0.18085962282011409,0.1741706386691514,0.16777767970032306,0.1614731442166764,0.15500683239755175,0.14826674196787068,0.14148538534009905,0.135094136214047,0.12919120778068702,0.1236750432532574,0.118426300204806,0.11328550000000001
14-01-2026 11:05,25733.0,0.11472024583631919,0.11093867466540361,0.10768129886460459,0.10501121738809542,0.10276594036265316,0.10088573597370241,0.09936547522284365,0.09837134965099326,0.09811320348545567,0.09856756915008613,0.09966652936376694,0.10139339105882786,0.10898928314546072,0.1275660794027145,0.17056807375632946,0.18152949423484144,0.18086396977468253,0.17461420341597722,0.16834974415475581,0.16185556934846554,0.15530236614525145,0.14872927919596726,0.1421736229893659,0.1357994112012016,0.12987226747176117,0.12457044913305813,0.1195437939567887,0.11437649999999999
14-01-2026 11:10,25729.2,0.11526289058988233,0.11210034127555066,0.1083119750208718,0.10476761996406647,0.10241007118619867,0.10080166959663833,0.09924921557259775,0.09792828225733702,0.09731474702538376,0.09753737598782676,0.09848877333853436,0.10010762464993886,0.10774245017197749,0.1265645653294823,0.17011594493693175,0.1813531871119186,0.18091727357075837,0.17459163508594852,0.16758897122079242,0.1601180663092682,0.15326463790167286,0.14717078695490415,0.14137390605312827,0.13567260233339656,0.13008186100798508,0.12477802559543785,0.11966505648121707,0.11446409588134296
14-01-2026 11:15,25736.25,0.11890655032771238,0.1152480839573067,0.11045357880699037,0.10630983907069941,0.10401686438267548,0.10233884612277923,0.10035231236056653,0.09843443447349645,0.09731337488727919,0.09736843935284974,0.09835896788054879,0.09999940195645388,0.10756904514487126,0.12620077829482382,0.169456960229357,0.181433830537395,0.18143868459422227,0.17490878354026462,0.16722048877526277,0.15905720565144227,0.15195219461262538,0.14602577168066821,0.1405361914384564,0.13522667284589202,0.12993699086312527,0.12474228553387928,0.11971549106182397,0.1146472088134304
14-01-2026 11:20,25743.15,0.12351123003277116,0.11863743102300092,0.11300051731698689,0.10899744563328262,0.10686834416274149,0.1046810978537278,0.10216787298674729,0.09992179476805635,0.09841194165480656,0.09797065388042334,0.09858190293915163,0.10014731657523662,0.1076984825014798,0.12609911343068292,0.16887180496516635,0.18142018299393237,0.1819807193540573,0.17573820597935297,0.1684541208292289,0.16092262876469407,0.15393898733583644,0.14737011493597973,0.14098346128594022,0.13502901506839124,0.1295325696431594,0.12443579965289378,0.1195565122481634,0.1145764758641748
14-01-2026 11:25,25735.0,0.12578425,0.12048865741455349,0.11457365438271094,0.11054267520159825,0.1082209355615168,0.1057418662386449,0.10324175746244699,0.1011877912347212,0.09962621855652538,0.09870943571333027,0.09883645234886088,0.1002581238484243,0.10792297453256239,0.12661402829482382,0.16999317577096582,0.1823840383644409,0.18259804797323403,0.17582230259500298,0.16839119023858892,0.16148876108250604,0.15526437137158758,0.148978636485109,0.14237555926668735,0.1359468110481193,0.13001016242172508,0.12443601969577169,0.11919025186481712,0.11428655305606347
14-01-2026 11:30,25773.9,0.11891525,0.1157160213099522,0.11100170728745479,0.1070005247762014,0.10444421655298006,0.10232036991541903,0.10064138191626107,0.09938031927314067,0.09825935921247364,0.09750191861767395,0.09772053819842254,0.09923290853109809,0.10730950590469242,0.12699279243650785,0.17163956002338532,0.1837677627467222,0.1834387527680491,0.17593003062201693,0.1678521397255445,0.16070521654393327,0.15483941878437862,0.14940612579861856,0.1435503067671718,0.13736340651802548,0.1313165630173026,0.1254207520543255,0.12014274543795342,0.11594953830767366
14-01-2026 11:35,25764.1,0.11328099999999999,0.11118926396618659,0.10748456912029009,0.10392370176484965,0.10134311832749353,0.09922651584542938,0.09784635708223458,0.0970247092471995,0.09627169378236089,0.09593588381830852,0.09656434609912196,0.09890571710113694,0.10909808275080041,0.13177620352111602,0.17426604893004774,0.18446427897616244,0.18369936929757075,0.17677790807255994,0.16922076977640924,0.16185303735514506,0.15528019891532105,0.14945998023836105,0.14367616169065012,0.13765955457839082,0.13179155591375044,0.12621093123548455,0.12130476461741978,0.11737419636739517
14-01-2026 11:40,25766.75,0.1137925,0.11281421950151786,0.11000741855846309,0.10668810159498529,0.10376274494974737,0.10105776766601031,0.09900864864012816,0.09767202933349924,0.09673673110946052,0.09642847954813374,0.09704666098186941,0.09988629604899532,0.11175845260115187,0.13669022493507338,0.17643425995279371,0.18468095997515416,0.18349099282982959,0.1771535350233445,0.17021284303157158,0.16306142800294238,0.1561671034308463,0.14969813759801842,0.14346715915858282,0.1373378267128133,0.13145422863548456,0.12593587681717963,0.12079507378464466,0.1159429166808001
14-01-2026 11:45,25761.25,0.11508567558705844,0.11556132823720425,0.11351337566860105,0.1099364184637908,0.1065269481818023,0.10365593700549187,0.10126426825562537,0.09936415740898258,0.09810010001516693,0.0976132023783641,0.09794323198945287,0.09988185433318328,0.10978363983338842,0.13223630518576196,0.1744223482614246,0.18440674359822778,0.1836717146672675,0.1771993886564923,0.1702403069917144,0.16325160033097313,0.15651166047115198,0.14993534621898058,0.14351319852226951,0.13725580554756997,0.13120023469244027,0.12548404086480913,0.12005473731474428,0.11470808678732787
14-01-2026 11:50,25775.3,0.1159437558705844,0.11437339454061018,0.11148412781162706,0.10787324538509108,0.10473053167429326,0.10234961487063694,0.1003329046182906,0.09855862211830622,0.09740129488371263,0.09702254594067347,0.09734427321260275,0.09855053763710565,0.10648778109317786,0.1264687122226099,0.1721289807537717,0.18449542203732808,0.18435326179776493,0.17760653421790934,0.17055243362731592,0.16356875985666253,0.15684113449050135,0.15035130207599415,0.14392918262557974,0.13750294315632583,0.13135779412101797,0.1257650447492162,0.12056740536975828,0.1154639862019769
14-01-2026 11:55,25774.6,0.11629266056705193,0.11198934146264437,0.10791676716141033,0.10439132169701168,0.10165168583294082,0.0996280907560401,0.09796151735104695,0.09656011298239231,0.09570606833817362,0.0955314439253741,0.09603169052129808,0.09739613022439152,0.1054941026292529,0.12570967464162927,0.17219825767623814,0.18514115961179978,0.18509575768120218,0.17817230597093636,0.17100210672582766,0.16387111325817738,0.15705199699398004,0.15074865753116184,0.1444891095024208,0.1380432444756229,0.13208132786155213,0.1270291972685846,0.12246081012644376,0.11788298875995742
14-01-2026 12:00,25786.0,0.11077500587058439,0.1072600022014691,0.10382099390911681,0.1008506956756348,0.09859024274844455,0.09690798605279996,0.09556867188726235,0.09455715775081312,0.0940030747813666,0.09398685818015401,0.09463190169377558,0.0968447174690594,0.1071968421021542,0.13044918963619725,0.174890337456269,0.18619502982679065,0.18559977339106376,0.17872382763880856,0.1715479009249123,0.1641449030056064,0.1570235867208732,0.15068339241069506,0.14457602277325834,0.1384476268104909,0.13290274108541758,0.12822788341180835,0.12405796007593797,0.11995501345136764
14-01-2026 12:05,25782.1,0.10179642558705845,0.10091726897014683,0.09907038376591158,0.09702770991688207,0.09545437737532315,0.09427287587950536,0.09344184914221365,0.09289498015073971,0.09256621072549312,0.09266659100116678,0.09351785640417401,0.09662525199225247,0.10916792434056263,0.13532053265762345,0.17729170668335087,0.18647466720568398,0.18517524558709897,0.17840714190370335,0.1713368680320167,0.1638570594845501,0.15649565738540763,0.1498448059836936,0.14359474639914446,0.1375801429947337,0.13201192043493906,0.1270705420556363,0.12269255893020452,0.11847870630951732
14-01-2026 12:10,25757.05,0.10667100000000002,0.10548289575102264,0.10299751347581802,0.10033297602520444,0.0982689062499999,0.09663487998272186,0.09550581680588767,0.09473488927133164,0.09409887930588774,0.09395429192710025,0.0947737522751732,0.09789693656897838,0.11018941977141769,0.13575681022586894,0.1765563095477675,0.18512778963395038,0.18367396666886154,0.17694217590375969,0.16993983954525188,0.16273444806487813,0.15558711437972078,0.14877603591239608,0.1422054463668155,0.13581558261779958,0.12977079730249652,0.12445874148636964,0.11983186052789284,0.11529097779118481
14-01-2026 12:15,25735.55,0.11558525000000001,0.11271513620307819,0.10911734737138996,0.10568934371775937,0.10281864122160966,0.1003178746908589,0.09838898432014591,0.0970165467927189,0.0960325936951459,0.09564700314982999,0.0962539013807724,0.09915620188459405,0.1108011228307946,0.13507401719899859,0.1748785813432909,0.18372548039606185,0.1826818199923297,0.17619658769714555,0.1693240452331727,0.16252391942144756,0.15580609172086374,0.14903073185449553,0.14223207881873162,0.13557860931674906,0.1293395868399311,0.12378346488919367,0.11867777224379591,0.11352021009425473
14-01-2026 12:20,25771.55,0.11115825,0.10800292607192531,0.10511739994681465,0.10271580936082317,0.10045238685172164,0.09822191492111632,0.09640573764532304,0.09516393641486297,0.09443741134220143,0.09428626522632104,0.09502263626166282,0.0975000409981086,0.10756040086203156,0.12955010130838254,0.1719235694737548,0.1830822518404893,0.18314021239408318,0.1770276538964871,0.17034426736690564,0.16361813757011995,0.15686128387216397,0.15001303648038078,0.14329361571046584,0.13687434609360816,0.13081693699232286,0.12511516207676898,0.11954780012088269,0.11388094600942548
14-01-2026 12:25,25768.3,0.10805475,0.10386899180476797,0.10097398734962908,0.09921044194538627,0.09760467043286952,0.09585583005540058,0.09435608959230096,0.09338997291973557,0.09292554531108504,0.09301302660318476,0.093977210360283,0.09597071047246111,0.10439301015577315,0.12449571383521053,0.17042851070244078,0.18332534947662243,0.18382542569695218,0.17765307655258605,0.17090722343431358,0.16400659100565623,0.15712623815664176,0.15030940024555464,0.1437703318822879,0.1375508951241029,0.13152893059124077,0.12573781642970386,0.12013286675908347,0.11450400000000002
14-01-2026 12:30,25761.1,0.11100125000000001,0.10618365778663726,0.10245255139479233,0.10006968191220533,0.09833229215884527,0.09657366751916467,0.0949396141048723,0.09385506332611987,0.09334092814868368,0.09340379781416523,0.09435586468829231,0.09618666113013095,0.10432490071660436,0.12432115138801653,0.17095852465825717,0.1836682461989682,0.1839305573277668,0.17760603839039568,0.17074637281674337,0.1638278730780119,0.15716419072833035,0.15054668725906614,0.1439477710365869,0.1375499731495901,0.13137380906177368,0.12549353390516058,0.11990426218677369,0.1143455
14-01-2026 12:35,25772.4,0.11061899999999993,0.10576811826062618,0.10143700638554393,0.09862247725456935,0.0970720606465984,0.09566909063438786,0.09423263033808774,0.09324062844777652,0.09281755334554864,0.09293959111180058,0.0938351966336847,0.09556772882749531,0.10376317376262119,0.12401449420314908,0.17106620361479438,0.18389158667219158,0.1841134223647944,0.17775132403796848,0.17101273316207963,0.16425332487840916,0.15766066495323827,0.15101304582100786,0.14427672866615862,0.13777229019595258,0.131661557117652,0.1258770934889781,0.120268416492652,0.11463799999999999
14-01-2026 12:40,25773.6,0.10995300000000001,0.1046602407320969,0.09943428109629371,0.09597726760594709,0.09441520354740643,0.09340835958272219,0.0925304955628959,0.09196686894733047,0.09177413902154244,0.09203719327762111,0.09298577107964547,0.09480751643215413,0.10333774230499539,0.12409771832022738,0.17122295687742642,0.18399156412869427,0.1840271880524701,0.17752703135779443,0.17086871862870787,0.16420447638056188,0.15755189050370788,0.1508307538759269,0.14410179687499988,0.13767034983971568,0.131708446233863,0.12606183341329455,0.12049557123386301,0.11486974999999999
14-01-2026 12:45,25759.5,0.109929,0.1057648646982096,0.10074403406062296,0.0967500771624443,0.09457260717614054,0.09333403887024783,0.09259655680490914,0.09218871426335842,0.0920211867510918,0.09230108538471554,0.0933291860377707,0.0958782479940468,0.10629601491233343,0.12940350149912544,0.1733196572971209,0.18386274282122786,0.1831223909225581,0.17659274421958723,0.169921945330791,0.16326443362118648,0.15665969533079097,0.15000393164519765,0.1433167968749999,0.1368661911489946,0.13081262483169998,0.12513097846185323,0.11970423764958509,0.11431650000000002
14-01-2026 12:50,25748.9,0.10848925,0.10556191150462271,0.10203815062884214,0.09891209889768961,0.09667835945307025,0.09505274169014949,0.0939443558360099,0.09326688555034308,0.09295005403235822,0.09316284406928219,0.09418386037831675,0.09738219720052954,0.10962228419625246,0.13501537915968348,0.17535857646884953,0.18351357304097207,0.1821152462640078,0.17569256161172958,0.16893278143291063,0.16220164871186582,0.15572842205791051,0.14923289741977575,0.14257571449619277,0.13606020174997968,0.1298554462511672,0.12400603605579127,0.11862567243382471,0.113568
14-01-2026 12:55,25745.55,0.10621825,0.103685318171228,0.10141289700028283,0.09946905079112561,0.09771570022447484,0.09611137952151116,0.09474724139689061,0.09377960419207576,0.09336719718264475,0.0936442355466037,0.09468665141231972,0.09785621655789463,0.11020512345612272,0.1358162036117013,0.17538827945606475,0.1830937754043525,0.18163436380406717,0.17528131312868192,0.16844221178477112,0.16163087065091788,0.155257879783578,0.14887686351110116,0.14214985553659457,0.1355722069529415,0.12948820767234362,0.12369720581468027,0.11823813020846453,0.1132055
14-01-2026 13:00,25748.1,0.10465524999999994,0.10291571981979517,0.10116455143908358,0.09946926731114727,0.09786542266885873,0.09631290606575232,0.09484257201984547,0.0937188046862857,0.09327506426081787,0.09368107627425148,0.0947976001596648,0.0978003944204282,0.1098651893413392,0.13524606758220895,0.17531107824028228,0.1831430471258656,0.18153217547706071,0.17514684775376482,0.1684974541423176,0.16172052215745858,0.1552033243997494,0.14872692769811757,0.14186455708935147,0.13505115680288052,0.1289637003544051,0.1235040810169142,0.11826098706900369,0.11306350000000001
14-01-2026 13:05,25745.45,0.10573065617022892,0.10330894160091145,0.1006924862507822,0.09847334317667739,0.09679974103352533,0.09537519962479567,0.09414778294080013,0.09317884458261007,0.09267386438366694,0.09294781512629288,0.09403894684339426,0.09655149991820827,0.10688212740702265,0.1297774884091761,0.1729499616201886,0.1826624837540917,0.18143077218640366,0.1750797363053415,0.1687631705267249,0.16207106519825346,0.15527419418079705,0.1484093832016739,0.14130569765800588,0.13440563083060253,0.12828986480472626,0.12303248941005694,0.11812964730151504,0.113033
14-01-2026 13:10,25759.75,0.10319751748142923,0.1011163754436844,0.09810658110007166,0.09536685324821749,0.0937072460990109,0.09283546750783984,0.09233477236013055,0.0918166795560455,0.09138353827485848,0.0915543081113685,0.09266657551507897,0.09483028199955934,0.10356259589037037,0.12405090429513813,0.1702381007306287,0.18190987339713527,0.18126265513421722,0.17496686383947815,0.16880914588184934,0.16223512593791947,0.15531786427805996,0.14798260444648775,0.1405960172215855,0.13401941590072264,0.12830211341187495,0.12311116049361595,0.1182001950596142,0.11318500000000002
14-01-2026 13:15,25750.25,0.09239594615845755,0.09529052905026908,0.09494250836314502,0.0928247741904233,0.09130702175729079,0.09078256999698846,0.09070970814040148,0.09058630096777322,0.09045853708922794,0.09079454003785777,0.09206692073682253,0.09450504759918452,0.10342425807459606,0.12384055866377384,0.16975905360220458,0.1815446929351612,0.18097042861043833,0.17459106065165653,0.1683007283196443,0.16165950724123707,0.15475264282209342,0.14758130207868694,0.1404342390482825,0.134024367478288,0.12839973910476862,0.12321462229733249,0.11825381411582608,0.11322900000000001
14-01-2026 13:20,25735.95,0.07972348797399874,0.08979079260183419,0.09362217801240649,0.09279557953378575,0.09142532691708159,0.09080285121593248,0.09063380343055695,0.09061430739410296,0.09069575020655121,0.09117145302852149,0.09313690571056321,0.09813929065472911,0.11021916336653544,0.13179351646282247,0.17168793372775937,0.1814675546269105,0.1802505666301374,0.173692760954152,0.16722471469118733,0.16054713420429353,0.1537837747209901,0.1470933301004584,0.14031498465811235,0.13376878699387318,0.12787801382842987,0.12260071030188952,0.11769756475595478,0.11282500000000001
14-01-2026 13:25,25715.5,0.07135534759271156,0.08673471711377652,0.09343228762207131,0.09343791219185792,0.09226224074735809,0.09159274657537775,0.09117617205119405,0.0909984649907395,0.0911585484967775,0.09179535080547876,0.09444723476581336,0.10238764141301161,0.11899017690423754,0.14369498172339348,0.17566637939681734,0.1817384800771748,0.17918704543396502,0.17224003687517359,0.16551921625534025,0.15919717540844813,0.1530215087536069,0.14666026091487638,0.13996759740679662,0.13341339008927142,0.12747780046112794,0.12211634035194906,0.11714205120497084,0.11228551151874841
14-01-2026 13:30,25717.15,0.06676556472930661,0.08235181381358775,0.08972706737450897,0.090770778340304,0.09053045837389863,0.09037166864336113,0.09004104599855814,0.08989888255466971,0.09033938100273131,0.09136143900068275,0.09374822540691088,0.10027811712066276,0.11608060503854165,0.14217518807179585,0.17553642447207604,0.18074193969861388,0.17771869201620513,0.17064314087995228,0.16403525117932913,0.15816991398252844,0.15253348896482227,0.1464442697756319,0.13995668607405504,0.1336787318196806,0.1279437500238556,0.1226696347962845,0.11773270151818879,0.11295911518748401
14-01-2026 13:35,25708.2,0.07275906948115878,0.08251715511975065,0.08750514451134045,0.08875352668557912,0.08912754150348358,0.08936798639739951,0.0893198327262263,0.0894252328179681,0.09014977886231068,0.09149922021888116,0.09356102759685758,0.09783108310263773,0.11062707563872162,0.13536227264019252,0.1724352031312151,0.17858849089488565,0.1758792236134143,0.16924891510797427,0.16326503498232653,0.15754968270560166,0.15171895386208473,0.1455522214278259,0.1392288802130308,0.13323891075645009,0.12777489151750565,0.12271259791020198,0.11798492077919849,0.11347770733747128
14-01-2026 13:40,25665.9,0.08990094921782213,0.09239860925461518,0.09321904686577734,0.09281452633304833,0.09231582004439834,0.09199914482244019,0.09176878738819305,0.09184229036454292,0.09253578862310771,0.09404529324190536,0.09635602414903757,0.10032010117802616,0.11191923875106127,0.13494751596015825,0.17085134565508983,0.17710418428496388,0.17451139916008054,0.16790097033284707,0.1619092141117136,0.15603136388974814,0.14979131518852176,0.1431532541786259,0.13652983760913254,0.1306673799951212,0.1256480775034155,0.1209385832030759,0.11629158469630853,0.11167286518748401
14-01-2026 13:45,25656.25,0.09709831072866479,0.09746377808760748,0.09710390204606431,0.09598011886546434,0.09474705804386946,0.09378530719863179,0.09321625124606281,0.09323251751771286,0.09396559493774771,0.09572731676040633,0.09850730125663848,0.10208832304541375,0.1114839650975614,0.13123459669505014,0.1682108072345503,0.17618358725339736,0.17419750769329848,0.16732003837099677,0.16098357042460715,0.1549693532356987,0.14859748172331186,0.14166545580589343,0.13477408826107307,0.12899299072028028,0.1243485868858098,0.11995232126770076,0.11535165568189049,0.1105547615187484
14-01-2026 13:50,25665.25,0.09217335728664801,0.09446840558468067,0.0956000949115769,0.09521794793870751,0.0941494925615767,0.0931043325865198,0.09250050111537987,0.09267034374999991,0.09356418340964381,0.09533727966562978,0.09813256885357531,0.10134622001267693,0.10923153852171193,0.1266749762711355,0.16562141552277834,0.17558821274630865,0.17462398886310543,0.16804752362114425,0.16160713406090357,0.15533430900370912,0.14888478733681537,0.14217531660731375,0.13563342682992216,0.12992871962868127,0.1250398794250342,0.1204399290372003,0.11582737060656341,0.111091
14-01-2026 13:55,25642.0,0.09047988700054098,0.0936476076316686,0.09508050068494345,0.09485416268099525,0.09402192879137376,0.09319974986848913,0.09278114737208627,0.09303554067688681,0.09388296628021005,0.0953655767884039,0.09770383587447432,0.10074829155570678,0.10872623900238415,0.12606315971316165,0.1644197447165978,0.17491807284977975,0.1746859216101121,0.1685895330237262,0.16196791494263466,0.155091745364386,0.14827056785676257,0.141897644900402,0.13603167392652876,0.13053688740620023,0.12532776958961528,0.12040569651367755,0.11570145467713501,0.11099525
14-01-2026 14:00,25653.3,0.09534704613239293,0.09672030838607987,0.09679905763044445,0.09589687812982978,0.09475485305123627,0.09386253941529785,0.09360988349461727,0.09395907910532977,0.09473717843288063,0.09606212782957319,0.09813837355658805,0.10099039108970187,0.1089731192375929,0.12633800345474044,0.164212996805967,0.17455945511188875,0.17439048996961493,0.16840609988333125,0.16160646951793017,0.1543149997806218,0.14732381604758094,0.1411930293303626,0.13551329889172528,0.1299291533171238,0.12470623556805811,0.11991514787799352,0.11526227242877801,0.11052875
14-01-2026 14:05,25642.2,0.10325935065100562,0.10211344075427609,0.10059403494880698,0.098784687492972,0.0967399088137692,0.09513627605668185,0.09477846957543667,0.09523958407733227,0.09594280826559852,0.09710111779586432,0.09901189316447703,0.10176403873065333,0.10990238318416713,0.12771764704374247,0.1658118395152871,0.1753773069242293,0.1745148875258079,0.16812544191537068,0.16123794909024158,0.15425888671149326,0.1477566754186049,0.14162008277385424,0.13531051191072513,0.12910189423249271,0.12375285208079333,0.11911707401872133,0.11450537390672462,0.10968925
14-01-2026 14:10,25650.55,0.10511143884574492,0.1029163665436446,0.10091389213405122,0.09908917843844559,0.09697572404759056,0.09521020815345108,0.09489643155140634,0.09550787223775846,0.0961654127565901,0.09711416284678462,0.09887593792555481,0.1021716206603899,0.11217748721991223,0.13268717109652933,0.16924750829040566,0.17700176119425903,0.17523196627867482,0.1684750872901233,0.16159600108779826,0.15504680810307186,0.14879802430865768,0.14234229541398635,0.1356314059588527,0.1293127372860759,0.12386552455895694,0.119046751144452,0.11434967731190458,0.10955047724416833
14-01-2026 14:15,25666.25,0.0999127938845745,0.09814222376439798,0.09669701751735064,0.09561846413850511,0.09442999204868763,0.09342073989458394,0.09340860277717664,0.09414709165025775,0.09494947806494955,0.0959899731367009,0.097857707130372,0.10182781252979523,0.11358490528659851,0.1364349211367784,0.1713630110091327,0.17786235374710618,0.1757345855243014,0.16907440027718726,0.16230707009021678,0.15570828650813284,0.14921383682753062,0.14263102584280243,0.1361760152858471,0.130285132280897,0.1249385317599162,0.11998877748605925,0.11547800586072417,0.11124677244168311
14-01-2026 14:20,25637.25,0.10044349999999999,0.09878731083639536,0.09731104071773669,0.09605830997841136,0.09498550773469086,0.09428496029474162,0.09419820986139042,0.09467721405860818,0.09552276860956854,0.09679344009598748,0.09886622817307701,0.10260415661158892,0.1129676828318254,0.13340828285830428,0.16888953440330215,0.1766540455516427,0.175083615610725,0.16859434755094374,0.16186933988656263,0.15510794058990157,0.1485048632120031,0.142141755587884,0.1360254473491646,0.13028336997905066,0.12488442167663774,0.11990088023229294,0.11563631767284925,0.11194100571560756
14-01-2026 14:25,25618.75,0.10739449999999992,0.10531269501775226,0.10307058090244227,0.10075654374854201,0.09884264974069157,0.09768296210348223,0.09718990101311953,0.09732556163881038,0.09808163551509158,0.09931421762148304,0.10178061861916818,0.10699392115337227,0.11805059806497578,0.13649859177283732,0.16821207602695273,0.1756312376975097,0.17412843587415716,0.1677377384674059,0.16086490279372953,0.15397527931008204,0.14741887298023987,0.1412097185235537,0.1352674701027457,0.12956633013935404,0.12410716021813495,0.11911291398083469,0.11485483883877501,0.11114142564746281
14-01-2026 14:30,25626.9,0.11344574999999998,0.11060333226118996,0.10739162757728934,0.10416166295057248,0.10164368959076464,0.10000613069436538,0.0990620420938581,0.09892768155125248,0.09955209584467715,0.10060497864012863,0.10337920981193212,0.11044997396067198,0.12373239057031026,0.1427087064356715,0.1703004359761611,0.17596241351249892,0.1738884540728059,0.1675511147944452,0.1605382957528662,0.15347181392026643,0.14696747001634416,0.1408468275164597,0.1349176144976089,0.1292135830180874,0.12377032399922808,0.11878891731099263,0.11442771086495046,0.11048695301457179
14-01-2026 14:35,25635.8,0.11721875000000001,0.11247882111630236,0.10815977120352041,0.10464781990627335,0.10217180429187392,0.10044643157169222,0.09920397447520238,0.09868512785417362,0.0990076661874337,0.09998565545046005,0.10233392731405436,0.10747386670632308,0.11841579138362174,0.1367770187226876,0.169433109439277,0.17666363133103977,0.17483223712571055,0.1682375631121648,0.16088148780221823,0.15334311765488845,0.14679392429523347,0.14098538462764743,0.13504189333667457,0.12904204888295473,0.12353492903986214,0.11857817629482452,0.11396124866159874,0.1095872530727249
14-01-2026 14:40,25660.55,0.11426582143802652,0.10911448318322944,0.1052198573649142,0.1025264071129624,0.1004930860715548,0.09892070932673175,0.09775537168343534,0.09716740335672779,0.0975161180145226,0.0987625069719001,0.10064536635425121,0.10325738817786909,0.11134937566328315,0.129263563003515,0.16846744171849523,0.1781734769571758,0.17697471349582405,0.17007837245771884,0.16242870113840172,0.15450218996500217,0.1476012025848635,0.14174587942212966,0.13579112491951345,0.12956183827227094,0.12394443976833253,0.11909187983144451,0.11453457930999368,0.11018566399003009
14-01-2026 14:45,25696.2,0.10595196438026531,0.10350465900382419,0.10150188258397001,0.09974673151793917,0.09790774117257375,0.0963418352815655,0.09542265515369949,0.09518908921183851,0.0959017753383434,0.09747955513186865,0.09933565962533258,0.1014049251188828,0.10912686346705323,0.12750366763502902,0.1689799375,0.17959578045868857,0.17870536187587094,0.17187202082241823,0.16466553896859526,0.15721749875750435,0.15003899387010639,0.1434973146233267,0.1373309745578327,0.13122272159430654,0.125498518742099,0.12049055663118187,0.11602370167787332,0.11184022514825737
14-01-2026 14:50,25697.1,0.10075528588447755,0.1009846253392431,0.09991719272945392,0.0979636483902728,0.09588473620319915,0.09419790177590211,0.09337472226966324,0.09340904175937585,0.09417335437170662,0.09562094847832056,0.09758183656394748,0.10004962457682057,0.10816555066738659,0.126808657150336,0.168888875,0.17974141624934012,0.1786036534398904,0.17151362030911704,0.16482038470997842,0.15833117125649648,0.15154743913540838,0.144619761768218,0.13806213949002996,0.13204337574801003,0.12640543136526294,0.12123503022017185,0.11657113310498941,0.1120902741018879
14-01-2026 14:55,25696.05,0.10028746438026531,0.10114071902801133,0.09998444197677307,0.0976675769043727,0.09548770000830203,0.09368389747204589,0.09266885757950545,0.09269546130980119,0.0934011037045674,0.09466303541236347,0.09672837364091336,0.09965763237544205,0.10810612274572134,0.1266680953706048,0.16820471495402312,0.17888761230484704,0.17744487239582607,0.17003746584192017,0.16338788942613738,0.1573984941489118,0.15120894970254892,0.1444848053087882,0.1377051966204267,0.13151647845575481,0.12598194337477694,0.12092225558892333,0.11614735751173777,0.11138229564532956
14-01-2026 15:00,25666.15,0.09676382143802655,0.09868689372743948,0.09855183356178558,0.09707335078546259,0.09543923952557433,0.0938770796501316,0.092917584035165,0.09302248057704544,0.09383477390493726,0.09517945567638712,0.09736314069680772,0.10033197986600909,0.10862932804906522,0.12694234465033602,0.1674942120402318,0.177829112831592,0.17687442644273868,0.1700856357164294,0.163331768229125,0.15686611230406372,0.15059286836001295,0.1442645337285068,0.13776655478786556,0.131456019971667,0.12580711040844442,0.12080963330494,0.11600028367740126,0.11105077543243573
14-01-2026 15:05,25690.25,0.09157749999999999,0.0945116064227952,0.0954750790131001,0.09503151704232748,0.09428211476991048,0.09351221621557051,0.09308927621124573,0.09335529869260858,0.09420276007136877,0.09567851427670197,0.09800610542702602,0.1009281284157158,0.1090196908871176,0.1271611407150336,0.16723686917241734,0.17736503216510097,0.17674567851757012,0.17047844543329174,0.1638413432374957,0.15699586317144337,0.1503272065739736,0.1441529070789003,0.13815554591850748,0.13206155721355678,0.1263200523560612,0.12131110001334991,0.11667064706555465,0.1119262531911265
14-01-2026 15:10,25672.65,0.09741099999999991,0.09794484723446784,0.09756070143787145,0.09659830215680723,0.09574881525667694,0.0951632269094736,0.09486478676196833,0.09496803033414562,0.095584793142208,0.09692604289432798,0.09906933821092109,0.10177878365086682,0.10972210138313951,0.12766362058402028,0.1672723370402319,0.1771556314546214,0.1761442781173265,0.1696196608581325,0.16312495220771406,0.15648753076362906,0.1497243703198797,0.14338273183201528,0.13748836069151146,0.13168495463748542,0.1261155008081287,0.12114594630763942,0.1167533223845129,0.11259025647882942
14-01-2026 15:15,25654.0,0.10872832951097333,0.10620847755484428,0.10384509279735314,0.10170226455437605,0.0999209472029173,0.0986313616578402,0.09784973380344374,0.09753723972732484,0.09777437056340535,0.09880648750646773,0.1007840799532377,0.1036572614394668,0.11178962285488363,0.1294280806203557,0.16771788400993434,0.17712579743932802,0.17578971447540653,0.1690499133078062,0.1624466568465785,0.15578971809037487,0.14893033163869687,0.1423834866872178,0.13635435514831643,0.13058980606717135,0.125173042205344,0.12032727637626098,0.11603561920553006,0.11208155661028076
14-01-2026 15:20,25659.6,0.11553879510973351,0.11084562999549205,0.10721920513672653,0.10449174097605236,0.10220651481736823,0.10039433435412584,0.09917226116131386,0.09848763700792168,0.09843203248135758,0.0993479106912086,0.10206550200161715,0.10763084286023722,0.11888284126874507,0.13752885581388746,0.17081769055911133,0.17833648531633728,0.17626840023427742,0.16949838120568153,0.1630418989747116,0.15648885825234546,0.1494865689257303,0.14272293269718656,0.13665291243337363,0.1309026141774012,0.1254471298600944,0.1206071235395152,0.11624522964072476,0.11202670596270693
14-01-2026 15:25,25670.6,0.12497563894882918,0.11755048456314744,0.11227370954043435,0.10863678197545192,0.10563151864346532,0.10318503125018877,0.10127598172077237,0.09974202581365252,0.09891278937441013,0.09950137223887837,0.10277935601391826,0.11052894125241462,0.1246520576615257,0.14493770188294125,0.1751473555064005,0.18120923104886272,0.17789291835150564,0.17031534564243245,0.16404009667952923,0.15832464151629227,0.1519606821867251,0.14533672164775227,0.13907261474778865,0.13309119505868874,0.12739174218218813,0.12220842747245861,0.11753514680210225,0.11316033471886244
16-01-2026 09:15,25709.45,0.13573712262282142,0.12647240010836222,0.11973365129782249,0.11465040402906243,0.11049592071693817,0.10730915250781284,0.1044589242190094,0.10177063280619843,0.1000013295298092,0.10000805171467357,0.10232212081095939,0.10752261438062202,0.11918070448166829,0.13963620718787853,0.17633714121028007,0.1843689196469578,0.1807902951316554,0.17202415549594777,0.1654929081498867,0.16041791721905255,0.1547910512838132,0.14838816035834765,0.1417850965563433,0.13544834167065362,0.1294818518493823,0.12375212350357208,0.1185524390023396,0.11413444948387752
16-01-2026 09:20,25731.8,0.1376323190345315,0.12729217478988017,0.12017495019769066,0.11465659676895422,0.11013497790707555,0.10704581267659333,0.10421898388809646,0.10146769434955327,0.09972711555255837,0.09945329259156636,0.10052884255022024,0.10336439873776027,0.11383493417029936,0.13625411038995539,0.17735030824045778,0.18605978659079325,0.18287062363385742,0.17421895853433228,0.16732638245423526,0.16159640143815013,0.15546285931876438,0.14861302706389562,0.1416790672976913,0.13550896534182819,0.12988075577993877,0.12407434696323888,0.11855407415166748,0.11390574016132782
16-01-2026 09:25,25713.95,0.13261532751308783,0.12249954413830645,0.11596614149870296,0.11119045470088101,0.10702078222642987,0.10417537727886352,0.10198263594018346,0.09994248531078763,0.09853353726692396,0.0981054759807741,0.09871578539457851,0.10156380021000655,0.11328201191860185,0.1377687234621554,0.1774630009496356,0.18523102908351544,0.1825160300747273,0.17459118314613456,0.16716034792781326,0.16027955355947138,0.15359831991570752,0.146686953076819,0.13977651353491086,0.13377693016877162,0.1284228602252988,0.12293205154815022,0.11761164129615512,0.11279418286062698
16-01-2026 09:30,25717.25,0.1263344577513088,0.11922429662082959,0.11354244941075241,0.10905951588466894,0.10524554877417135,0.10229468486876066,0.10018675551762533,0.09851016538138394,0.09723791460837412,0.09682384285002132,0.0976099734651231,0.10020231194426821,0.11039386137423482,0.1325072042517945,0.1735598974305889,0.1828711287564563,0.18086522912511888,0.17298079565571514,0.16527283671492715,0.1582193070433608,0.15181917999596303,0.14551842312170038,0.1390190371440591,0.13277386091839494,0.12697382590128573,0.12160443521616096,0.116715340799447,0.11205362114518569
16-01-2026 09:35,25703.5,0.1282315,0.12308110725690169,0.11710062896441081,0.1115928644720757,0.1073563141332309,0.10393423453980784,0.1010967313147495,0.09892370779150653,0.09754707684056044,0.09720887301768634,0.09812723458086668,0.1008113493065097,0.11089504631324341,0.13275218061919977,0.1734234293599958,0.18227725006552772,0.1798514709030007,0.17162138298060045,0.16408383462037074,0.15769795728924266,0.15165928143757362,0.1453089756177301,0.13869913669616998,0.13209659471469154,0.1258701291809593,0.12044001210310903,0.11560258686947579,0.11079810529147688
16-01-2026 09:40,25700.0,0.13688674999999995,0.13074764421150456,0.12383455890812073,0.1174595111044228,0.11248185879229242,0.10830286511758175,0.10453356193827822,0.1015671649344357,0.09977151224954062,0.09906723115242597,0.09942576424831316,0.1020634234703973,0.11341859896222439,0.13738394021149072,0.17609439709389244,0.18320901259867464,0.18043406095989317,0.1724008314823124,0.164873312106968,0.15850170940628594,0.15219062790616505,0.14520128980085226,0.13807893653838058,0.13107131244858686,0.12439774246211963,0.11869857178105504,0.11372420915162167,0.10868485252520466
16-01-2026 09:45,25718.5,0.1377485,0.13091327206527908,0.12390921468653071,0.11756001164225821,0.11251418791996111,0.10841742002450058,0.10487915537130604,0.10220160489275962,0.10044216844093984,0.09929656557939329,0.09910904786578288,0.10107030474821808,0.111154979486128,0.13352508422919807,0.17469440526728644,0.18372580909098007,0.18217708203548147,0.17482651559573426,0.1674202999153208,0.16067170205582626,0.1537590342049347,0.14621327358331251,0.1387629447755383,0.1313669075144795,0.12402538340544257,0.11785013463875528,0.11293749707157312,0.10818823073122648
16-01-2026 09:50,25745.0,0.13157750000000001,0.12528385660055308,0.11886897920903405,0.11293490606006841,0.10827214039150707,0.10477444804954303,0.10194574085986913,0.0999895516061766,0.09865827353460763,0.09742018318019989,0.09780530585992567,0.10217978893874827,0.11434179993718255,0.13612130898888972,0.17553451020449506,0.1851264167250131,0.18391299306386158,0.17680384393152318,0.16961373133862964,0.16293708259040868,0.15587565320037064,0.14810742503851348,0.1405882178214819,0.13316921930316547,0.12540756160063118,0.11852929994641292,0.11343832384140638,0.10923249999999998
16-01-2026 09:55,25750.1,0.13185500000000003,0.12509893220972013,0.11853064408800275,0.11298403082335975,0.10862302439945677,0.10489076237209737,0.10154462998641914,0.0991433940246487,0.0977195319401754,0.09664766001095004,0.09856300164627049,0.10836292556075824,0.1269909993431808,0.15099793215874174,0.1810313617254566,0.18722891456044974,0.18468953035973706,0.17765733483107435,0.17074445928069962,0.16408221909791207,0.15687197819633317,0.14903499467842066,0.14155135738930474,0.1342844356795401,0.1265692927039639,0.1193253169640006,0.11381752216840264,0.10961448493544827
16-01-2026 10:00,25740.5,0.14022199999999999,0.1314515871839611,0.12367101407682811,0.11772780559423836,0.11293693251912645,0.1084291713108608,0.10426865258546145,0.10102637491996597,0.09907265203496736,0.09811073968423865,0.1009938627435503,0.11357830636240637,0.13537744995385675,0.16023912267692267,0.18459287078436115,0.18820302695784202,0.18459366758107137,0.17791289655609027,0.17154634005813635,0.1647033739131621,0.15712396783518504,0.1493207491305552,0.1418388426135857,0.13453042743745655,0.12719398222539993,0.12034279141585913,0.11457581573424436,0.10964759935448351
16-01-2026 10:05,25754.15,0.14634025,0.1358199466707371,0.12765460575623602,0.1214971133729909,0.11600195605072586,0.11099241196098796,0.10675001210686248,0.10337774992483376,0.10108857881711442,0.09990517503448076,0.10208122041547676,0.11210915368479575,0.1307298976676161,0.15421724074478044,0.18314371557721262,0.18834435770114288,0.1853299135948993,0.17892456883228616,0.17277772038621053,0.1657388817509252,0.1579521204230557,0.15028224352187278,0.14283492928177868,0.1353674784701174,0.1281974360002185,0.12173583763614637,0.11591802474246501,0.1104182288380703
16-01-2026 10:10,25768.1,0.153574,0.14108695048361272,0.13288661369130084,0.12705521992164945,0.12119319624359232,0.11569323212121708,0.11109480484046287,0.1074377833520244,0.10476159493997336,0.10303243360138281,0.10332859261088742,0.10767406584071473,0.1195610058748979,0.14045871376933022,0.17970289106820456,0.18956188480012093,0.18849013704695933,0.18205291635663168,0.17536135683690854,0.16779395996232424,0.1596810242012403,0.15203954530092315,0.14484261013341138,0.1374591469625731,0.13024136786812573,0.12375459520507234,0.11768293450678549,0.11157209935448349
16-01-2026 10:15,25809.45,0.1614849999999999,0.14802490180460348,0.13924178523904251,0.1330680070069415,0.12689127311116324,0.12101073289730456,0.11593241654935077,0.11177358206983293,0.10855215749158598,0.10622866092974026,0.10518606834705811,0.10591246988672615,0.11364565169787733,0.13310096454147916,0.1792503888844331,0.1924966739156811,0.19273894183020107,0.18603906930451908,0.1786749103513704,0.1705816048831131,0.1622242084667727,0.15466050673855386,0.14784338790975055,0.14077748396497308,0.1336194474662109,0.12704649922137834,0.12066001782902126,0.11394473493544827
16-01-2026 10:20,25841.8,0.16193924999999998,0.149303936438688,0.13966534746457332,0.132546547149801,0.12634496034017462,0.12071546921792502,0.1157930642397503,0.1115593490112875,0.10808674522248705,0.10561115921909622,0.10439849923673714,0.10454083379203655,0.11184949367765447,0.13187051574568737,0.1811594347877678,0.19532526312382073,0.19561188551022315,0.1884700367699651,0.18080506007112837,0.1730773491739019,0.16543587084132716,0.15802205137414058,0.1509944212754302,0.1439637104651321,0.13693790039790044,0.13037336357798895,0.12388304011324723,0.11696974999999998
16-01-2026 10:25,25852.75,0.15785325476960366,0.1460881380991273,0.13609781747261887,0.12860036299703864,0.122614634544759,0.11731193272798643,0.11267744033502736,0.10861793371452555,0.10526622148591597,0.10300195338699256,0.10192488053401541,0.10198046167944778,0.10953756992863492,0.13068186487028796,0.1825649472842408,0.1968525380998844,0.1968419972351371,0.18932862904361686,0.18161897372800784,0.17445555435511936,0.16761238941638126,0.1603893618566351,0.1530357968219789,0.14586473379723827,0.13890527485186754,0.13231588451867776,0.12579289715279482,0.11893702520312185
16-01-2026 10:30,25857.6,0.1488720476960365,0.1406253924245531,0.13257858623172164,0.1253533278300555,0.11919619878215958,0.11418696785572212,0.11009859020374459,0.10648735775766031,0.10345677211638009,0.10133151217967722,0.10021607466619942,0.10015564332976479,0.10786775007522983,0.1297281921476002,0.18306979001909257,0.19750262667847335,0.19746135303075094,0.19002512099000238,0.18259710968131873,0.17558030375955797,0.16871194547570612,0.16157648180560466,0.15428849266049688,0.14696573821778014,0.13976546655134903,0.1330886817122171,0.12694830454873632,0.1209425020312184
16-01-2026 10:35,25863.75,0.13532421875175027,0.1316469684107863,0.1263454871971206,0.11996945694683935,0.11423982740843,0.110114860110515,0.10694712028139236,0.10396374394191557,0.10139635292264267,0.09962715333483371,0.09870464850899813,0.09865468386028146,0.10641804440226384,0.12856811879273022,0.18268658343914346,0.19768218085696976,0.1979690532909753,0.190773793386032,0.1836678916811431,0.17687675570054118,0.1699693487551896,0.16264792111050233,0.15515777689007643,0.1476689721930142,0.14029578418784722,0.13354232486625908,0.12782233340857466,0.12276170365619311
16-01-2026 10:40,25871.4,0.12765562668488142,0.12522750676742017,0.12119947315619012,0.1160667297496613,0.11129581624805694,0.10760493069332712,0.10458815577203522,0.10180579687499992,0.09953441880508475,0.09814838245116178,0.09756356230657287,0.0976504258163682,0.10540127764036952,0.12747820859251274,0.18175215276284143,0.19737789594478194,0.1980653780087452,0.19103203752843353,0.18397190774226047,0.1771613012469214,0.1701751205811564,0.16266361506191365,0.1549919758810824,0.14760482864441393,0.14043235337916185,0.13364933905257967,0.1277130824125919,0.12233650203121832
16-01-2026 10:45,25855.55,0.13258939694952437,0.1289069584154627,0.1242245312881354,0.11887004061820519,0.11372534065681056,0.10927161264603764,0.1055294798261811,0.10240041597847965,0.09996454079742514,0.0984348095157675,0.09788371211655354,0.09827959464516814,0.1062835475490781,0.1282614972612386,0.18153774956261745,0.19681620130073765,0.1973532032922796,0.19002780264172014,0.18241790290394347,0.17524823173996762,0.16839936415539666,0.1612439882880623,0.1539312187549217,0.1469711593862278,0.14012817852601447,0.13332747054044208,0.12693728151480532,0.12076477520312184
16-01-2026 10:50,25847.05,0.14112557898884484,0.1343109760477746,0.12731413334893826,0.12066265154104214,0.11483715206262009,0.1098482377472362,0.1056873066292239,0.10243375706127743,0.10001100850773234,0.09841871593611129,0.09791883133906418,0.09925636153829587,0.10937316968693728,0.13373354027007886,0.18340737697639287,0.19653934562203676,0.19646200849810497,0.18885190362784537,0.18067741314909097,0.17341629975691095,0.16700852933694155,0.16030039114852523,0.1532748214536479,0.1464844413419936,0.13965980039584489,0.13275759845091253,0.12619762841982024,0.11983425
16-01-2026 10:55,25842.9,0.14543613289888446,0.1352906124989498,0.1263451275159705,0.11911828567771156,0.11335103381745584,0.10849261857002516,0.10439514475107167,0.10125123564424955,0.09896776510952485,0.0974711353996626,0.09703966349654623,0.09905796802534873,0.11108789221677501,0.13795290857058345,0.1848001430180364,0.1962794417635215,0.19602121996061192,0.18899251812116535,0.18128108461789988,0.17399467139387725,0.16719319451717274,0.16029317035224086,0.15326904364570434,0.14621059882470014,0.13880246506420474,0.13146716926125884,0.1250815659685229,0.11944379156710518
16-01-2026 11:00,25831.1,0.149619,0.1377673338295536,0.12817467269740893,0.1207127290080719,0.11461192857152283,0.10959882817470906,0.10547113652422488,0.10210822876479546,0.09943155872988793,0.09764831982492854,0.09711729246080567,0.0984960498685863,0.10880094040162916,0.13353675038817187,0.18293164906338183,0.19577812504658923,0.19588291176627254,0.18910376601110485,0.18162105504844892,0.17392143016540942,0.16663776668692168,0.15981670281213992,0.15300804403389956,0.14583771830274708,0.1381125883477905,0.1305869149026477,0.12455468605668318,0.11991741567105162
16-01-2026 11:05,25828.0,0.14899300000000001,0.1372872212668004,0.1282135446171886,0.12117085053264381,0.11513601182940637,0.110197531684528,0.10621748368376961,0.10281993022068321,0.09994199174050536,0.09799010234389685,0.09740110122813676,0.09810890128860168,0.10642998352706734,0.12856762859955015,0.18074821521734036,0.19494430675199076,0.1951965870885759,0.18827547607731107,0.1807507335792159,0.17298761801355478,0.1658793080189707,0.1593119208671204,0.15259686720234167,0.14559481132854582,0.13839422831682627,0.13143022150396427,0.1255381644689225,0.12075149820789297
16-01-2026 11:10,25825.7,0.1404,0.12977055220114447,0.12204523238591557,0.11647096044022882,0.11162577929256759,0.10748090377846434,0.10404381444341142,0.10109743672718742,0.098672146206592,0.09706201456026216,0.09659721059279258,0.09729713574698932,0.105510622617158,0.12744239185847406,0.17960728682696983,0.1935118672784354,0.19364491131964384,0.1870014424005814,0.18013494534055155,0.17302213552239556,0.16598425513865223,0.15892792831174749,0.15189199550974017,0.14516704351975393,0.13865720931038888,0.1322584568647081,0.1261998511231875,0.1205046656710516
16-01-2026 11:15,25823.0,0.13572425,0.1253843437499999,0.11840734374999991,0.11369187499999991,0.10941796508277384,0.10557138266303087,0.10233632896557582,0.09966119115428694,0.09761736876829667,0.09637401358365544,0.09609667874396012,0.09683883679069911,0.10501629721481398,0.12677766858474052,0.1782257177675202,0.19171257923529306,0.1916496461318445,0.1851966011321046,0.17894626601267882,0.1724037099726137,0.16533500818498315,0.15786571338135974,0.15064849641128847,0.1440875059120048,0.13778535249921697,0.13151058038569247,0.12544422169254713,0.11952354156710507
16-01-2026 11:20,25813.0,0.1379269999999999,0.1273825624999999,0.12020292623764639,0.1151985799505859,0.11059530005793701,0.10648953755130161,0.1030861961974085,0.10030924709805294,0.09822652209486213,0.09700129671499377,0.0967172975779414,0.09745798255634801,0.10568083933106624,0.1273942948173745,0.1778881681975084,0.1909053427523803,0.19044599069670565,0.18372508696701326,0.17747691887059147,0.17113198475876504,0.16425366909382336,0.1569522979443575,0.1497988339718801,0.14302846902733551,0.13640455380934854,0.13000619439705452,0.12410331268687366,0.11855299999999992
16-01-2026 11:25,25811.55,0.14275949999999998,0.12923992769784973,0.12051493154573559,0.11520922872941332,0.11071161088442245,0.1067357723903681,0.10343088074739955,0.10070847417650697,0.0986174100171436,0.0973168319565059,0.09694831320554387,0.09842633322397824,0.10898883685271236,0.1338773947331563,0.1815463255546911,0.19247453428015468,0.19125698154302687,0.18404507044540064,0.1770656202794841,0.17040359111273073,0.1637180239240168,0.15673219078756556,0.14968489960698425,0.1427408473869249,0.13595198836650338,0.12952995419754249,0.12361641725458554,0.11810700000000002
16-01-2026 11:30,25823.8,0.1425945,0.12660008944526913,0.1169803950874294,0.11203185614671014,0.10822780085779311,0.10486028861048416,0.10199209567884397,0.09961088948509879,0.09776682617867272,0.09657553972670176,0.09627557408864539,0.09856365663279437,0.11134790658719301,0.1391761114256224,0.18440364350052232,0.19365200221915338,0.19206706057465583,0.18478662670693155,0.17729518394577637,0.1700926062999493,0.16317577071779116,0.15626474033192278,0.14943669687827169,0.14271302156022786,0.13615381196013826,0.12994201903737618,0.12398875307692196,0.11813425000000001
16-01-2026 11:35,25810.0,0.1362945,0.12358391472704815,0.11532552146624692,0.11045172440913577,0.1067623598014443,0.10372679681352098,0.1011365280014649,0.0989561508720569,0.09728610654036972,0.09620815237847247,0.09596590530133153,0.09764492128705488,0.10838960275160195,0.1333056636484157,0.18084395682420792,0.1923482235810519,0.19167707106877474,0.18460893936332032,0.17715517740749231,0.16948466377292432,0.16187299337606428,0.15485461106003467,0.14850029717672442,0.142197254504116,0.13584172801510924,0.1297789902931726,0.12386558554426287,0.11784600000000002
16-01-2026 11:40,25806.75,0.13623174999999998,0.12619723102050767,0.11832808414740408,0.11251533403620166,0.10804606911732109,0.10459847881217174,0.10181608248764641,0.09954728719470242,0.09782830846055562,0.09671044002019723,0.09641171624428313,0.09727878421728971,0.1056356084891662,0.1272516163648415,0.17733883429669176,0.1911840380920115,0.19130851048927086,0.18420133434228209,0.17660586516038337,0.16860578860827943,0.16071687160357295,0.15380672693415903,0.14773713769318664,0.14161221234228893,0.13525645065215403,0.1290016307916229,0.12296856896988001,0.11711950000000002
16-01-2026 11:45,25794.7,0.14028875000000002,0.13003264280259574,0.12125845905147503,0.1145295006534701,0.10969303447130306,0.10606866349503118,0.10305128124999989,0.10057310399705689,0.09868789011880508,0.09745584862965079,0.09710458889669138,0.09785814114436589,0.10589508350557716,0.12702131249999998,0.17687188614270938,0.19071595621479007,0.1908874203937984,0.1837719611563698,0.17609339412200598,0.16829695901671554,0.1608914647479462,0.15405944956229345,0.14757606301181725,0.14114444354320388,0.13466164442749476,0.12819565963186888,0.12203295081508343,0.11633818587998032
16-01-2026 11:50,25794.65,0.13632097399647136,0.1274888690710228,0.11933960121317523,0.11285521365709927,0.10851969348790139,0.10541080759195055,0.1026206718749999,0.10022895258720561,0.09844455511571172,0.09741205396579007,0.09727538832515667,0.0980891035297615,0.10608110414188887,0.12716124999999992,0.17660729659040597,0.18995459548838553,0.19002660147610947,0.1832192105701439,0.17597638814702046,0.16860019672059723,0.16135589021058708,0.15425610096226644,0.14740668760300504,0.1407430523371762,0.13421773164165035,0.12806169962462233,0.1224014381997369,0.11710460879980321
16-01-2026 11:55,25797.25,0.1285380111914261,0.12488655479214611,0.11968916183581098,0.11402895545697085,0.10953516395129739,0.10611312412049471,0.10317669134269156,0.10073639638903738,0.0989595728195589,0.09805397218064223,0.09804775761120403,0.0988126977824693,0.10659768189664359,0.12739757667910523,0.17606617983621037,0.18863489586433368,0.18847778683052405,0.18205947533558256,0.17539319673896966,0.1682576741556853,0.16079558417152645,0.15349750854528493,0.14669744686663994,0.13993971903513067,0.13328542672816684,0.12751101724974429,0.12254966393310285,0.11777959583964577
16-01-2026 12:00,25774.5,0.1315097442036109,0.13257042492271226,0.1298075088509552,0.12406974357071826,0.11811643434570776,0.11305232396857753,0.10883885745729129,0.10544392564199187,0.10289160450523571,0.10129733076688872,0.10075379177574051,0.1011984756728611,0.10854833489330364,0.1284955167910532,0.17547187479990017,0.1875895555942917,0.18734500419824837,0.18085590109660493,0.17410554182255752,0.1670416861151393,0.15967612261309289,0.1524665512487781,0.1457341471293305,0.13891167262735757,0.13205430464371598,0.1260036426534223,0.12078650586905604,0.11584444471884738
16-01-2026 12:05,25790.15,0.14170537204554148,0.1411280920083386,0.13793382587085484,0.1318528061232521,0.12490031467410961,0.11876668223855125,0.11365923350942483,0.10941907466637485,0.10604525308945796,0.10367369490842884,0.10257957634542017,0.10278461539607876,0.10987719089699513,0.12931081772389594,0.1759277757830822,0.1885316625950599,0.18829013385430363,0.18125489459483768,0.17402500786578184,0.16693381465778,0.15971331214555679,0.15250637510540177,0.14572428243248356,0.13901563331977643,0.13220931936796695,0.1258133505897105,0.12019698621974707,0.11524079507042215
16-01-2026 12:10,25810.95,0.14556193626359795,0.14029885190549193,0.135088991620792,0.12884891141925467,0.12217848867625038,0.11674965603091342,0.11246409183341591,0.10857702908642554,0.10515890598177338,0.10260600332966241,0.10139492469526562,0.1016389046040366,0.10898104234062507,0.1289859542910533,0.17723025710468734,0.1901736217938672,0.18971856418046867,0.18241978886318255,0.17510926532296403,0.16794859251924713,0.16069820576007213,0.15335952998735736,0.14630206310753693,0.13940450307699817,0.13257093843830584,0.1263619808532622,0.12120388467205648,0.11686154654279532
16-01-2026 12:15,25821.3,0.14209652122671265,0.13306868305001365,0.12538815661369634,0.1187616600972608,0.11296038664191113,0.10926533190764331,0.1072381660663898,0.10496108760232645,0.10231013671003358,0.10012412792869371,0.09908194255094205,0.0995108440103012,0.10728979673154775,0.1280775176596553,0.17767412500321336,0.1906107515642922,0.19007943614037376,0.18288069767239393,0.175599169440756,0.16822371326298657,0.16079152684214715,0.1533775553436827,0.14628859867956798,0.13938299450702923,0.13263092746212413,0.1266984081317406,0.12175273920485644,0.1172873019306464
16-01-2026 12:20,25815.75,0.1261535,0.11694091936435058,0.1095795603785338,0.10464787401554088,0.10102994980865253,0.09933906267989652,0.09947040630241183,0.0990824970518025,0.09773484352975237,0.09654433747552094,0.09635125435389671,0.09757625704877151,0.10594827866277709,0.12690167198574792,0.1763793127082827,0.1898898162804992,0.1898048597262402,0.18270598133570948,0.1752988375661967,0.16772781828257968,0.1600198322328556,0.15251802078912405,0.14564445436857637,0.13915654606296116,0.13312793740107115,0.12782371494771277,0.12282572696927874,0.1178172633210899
16-01-2026 12:25,25811.0,0.11399075000000002,0.10823656634873582,0.10372557195838215,0.10085964820041055,0.09868382371056031,0.09735653102834997,0.09707637702465563,0.09666227559962796,0.09578173544472078,0.09517428088528042,0.0956380862299156,0.09755187538870479,0.10616834101845996,0.12652151999701602,0.1743321325202019,0.18793842266767308,0.18799009102311498,0.18085157409117775,0.17342441783960028,0.16592486920714583,0.15822257480030869,0.1507403080073006,0.14382912505118772,0.13737647404069633,0.13183863731819645,0.12715191399850623,0.12241495805064545,0.11745146932368236
16-01-2026 12:30,25738.6,0.1260204502912419,0.12066928955658927,0.11615673442874373,0.11224595578641927,0.10858640307964923,0.1056602571409912,0.10376651050456866,0.10215842650880483,0.10024158019176137,0.09873976416566362,0.09862392079046921,0.09993853007482209,0.10774543376485501,0.12708513210230962,0.17260883517464898,0.18542489999849843,0.18524238392848327,0.1780875008707962,0.17064828450153774,0.16328873257112825,0.15596544239296004,0.14883893498591275,0.1419804397533069,0.13537512116293784,0.1295385088695916,0.12455773089712793,0.11970835788367927,0.11465917740204572
16-01-2026 12:35,25771.0,0.13218700291241892,0.12618048546715702,0.12111204114057686,0.1164129902850245,0.11189136757866579,0.10862851278408375,0.10717235251457875,0.10581279874378002,0.10300578845709799,0.1003849804422212,0.09970973849439851,0.10052407166044333,0.10781809196421299,0.12689857864653661,0.17186460897127895,0.18448869097827533,0.1843470031198512,0.17726898132902083,0.1698328032308576,0.16258351806578183,0.15558997606507327,0.1487899188061441,0.1420976521611463,0.13550768225085483,0.1294167390078344,0.124083109663812,0.11901496394683266,0.11374019274020458
16-01-2026 12:40,25768.5,0.1278773552423541,0.12258050821588269,0.11758985572128636,0.1127992281119322,0.1085106747052666,0.10583550283587304,0.10520051463809303,0.10432332680014814,0.1014195229310326,0.09880043119493914,0.09852573618701026,0.09976287269781943,0.1073928554310086,0.12688377453477992,0.17268515011668226,0.18494184718362233,0.18435652004805575,0.177210591508621,0.17002707818340596,0.16298111184365036,0.15611647500616646,0.14939194021163626,0.1427172496730887,0.13614237742882665,0.13006485384774835,0.1247340419674333,0.11968909642935828,0.11446175
16-01-2026 12:45,25759.4,0.13502475291241892,0.12715297060031538,0.12039642562902352,0.11467999767659703,0.10989758786526593,0.10669411336998132,0.10507479661927335,0.10321016837325606,0.10033358195907724,0.09854300992513067,0.09896023816882753,0.10056579271700747,0.1083931691328343,0.12798549910474621,0.17377313073616968,0.18504694646044834,0.18377848171389322,0.17653881150917042,0.16950395873243093,0.16250302262088911,0.1556936504972593,0.14902391603774312,0.14228765140264454,0.135601260055518,0.12942931321419396,0.12400947494699395,0.1189153295658253,0.11370524999999992
16-01-2026 12:50,25750.05,0.1405412002912418,0.12965515331103272,0.12173206283738802,0.11601288633265053,0.11114223592971542,0.10743239997452896,0.1047713968472046,0.1020916208738129,0.0996041201557172,0.0986340085936383,0.09932769248705842,0.10097085162160925,0.10890368958347552,0.1285752728458574,0.17387351991136482,0.18488274900349153,0.18367375217335297,0.17649594954433823,0.16931336991460672,0.16216335009260047,0.1553286708950669,0.14859196751080017,0.1416294667103145,0.1347898172631596,0.12861776956516238,0.12316225510167289,0.11805549823112521,0.11295225
16-01-2026 12:55,25759.95,0.13250649999999997,0.1230617801912191,0.11617595278953115,0.111405875611637,0.10745289677290178,0.10434798832171538,0.1020195678747942,0.09993282135612559,0.09836318079067667,0.09788022049848455,0.09853969297643517,0.10019546076906824,0.10828090585729302,0.1280788148984605,0.17317493339229106,0.18455966081852057,0.18374032353346506,0.1767105508336072,0.16953415626346938,0.1623901554150781,0.15544933799725938,0.14842838840602038,0.1410091561570981,0.1339159018623619,0.1280085446711626,0.12297354490579873,0.1181563559023002,0.11331024999999999
16-01-2026 13:00,25740.05,0.12619635715808727,0.11899312547542513,0.11341148900630142,0.10935028108777348,0.1059800450178012,0.10319109663330003,0.10107953750874699,0.0995286662761487,0.09853383990218616,0.09821546601043399,0.0988190499978558,0.10047846958620812,0.10849782550710914,0.1279967543172289,0.17239360785410782,0.18381274671359393,0.18290717769151726,0.175742137624934,0.16864537681728595,0.16164612082897883,0.15464429942472585,0.14747917980245512,0.13994272323792717,0.132807979281208,0.12705658400688188,0.12222049891691247,0.11749311392601729,0.11277824999999994
16-01-2026 13:05,25723.25,0.1296030715808733,0.12204088245996726,0.11632632323525575,0.11205904048261224,0.10829475082676399,0.1050148663990437,0.1024967220442567,0.10080407295134303,0.09978941407489256,0.09942349737894547,0.09997577767632414,0.1015953537363892,0.10948053172781783,0.1286339394871025,0.17208304514617,0.18295004865148404,0.18157346566947682,0.17412188848159552,0.16701323650073618,0.16010470365643392,0.15310282481281387,0.1460170429134852,0.13890523620793058,0.13222535678237252,0.12639895485092736,0.12108719453419363,0.11600408252165618,0.11121599999999998
16-01-2026 13:10,25717.95,0.13029467884557203,0.12322469423268341,0.11745783497272103,0.112884834942243,0.10886563536577364,0.10532112790734265,0.10260249217188482,0.10091022043699671,0.10005196059544592,0.09982694941894574,0.10037581651272957,0.10192666099696049,0.10971088946698959,0.12863043362626606,0.17154124225253214,0.18215745767847635,0.18057418899040772,0.17301142226241095,0.16588394238043755,0.1589901136221048,0.15192615679973603,0.14465320390070882,0.13756432098055482,0.13128409634441604,0.12576763857926895,0.12045897295206376,0.115251250590867,0.11024810954910332
16-01-2026 13:15,25715.5,0.12803290185050817,0.12167915564570152,0.11626770381214822,0.11203715253406756,0.10834677893531293,0.1047658903159059,0.10189540595929164,0.10035678202693478,0.09992978013663212,0.10003801896386556,0.1006265360812803,0.10228146825792776,0.11026180448498564,0.1290578468409113,0.17092758285234727,0.1813327836672381,0.1796846703858374,0.1720579852651495,0.16476231214154366,0.15777963394134464,0.15081112998684673,0.14347491945737087,0.13607898102248858,0.12980352843976128,0.12479272127567313,0.12002564194288798,0.11505645160206165,0.11004134549103381
16-01-2026 13:20,25705.4,0.12888855605109573,0.12225813899141041,0.11691790221659776,0.11299489197071355,0.10966608435329347,0.10609794346416504,0.10296264762668794,0.10140207164639582,0.10109731059983543,0.10119590847119397,0.10226761119385,0.10609637823155593,0.1166967999303786,0.1362031633399727,0.1724982183851917,0.18060561300188344,0.17831310397598932,0.17069952470433566,0.16299892797626042,0.15566081952254582,0.1490361548919947,0.14246565736845063,0.13548999768343623,0.12910687267775114,0.12390450567413788,0.11914096251667575,0.11432953122684449,0.10956347188386086
16-01-2026 13:25,25670.15,0.13044990682002597,0.12424290013568318,0.11899578902542521,0.1147102619262258,0.11117585963536894,0.10769911658541675,0.10456332633548664,0.10287006164523872,0.10223788705414108,0.10199903208303178,0.10360266264765938,0.10960578706420519,0.12259696377746665,0.14270194264319222,0.1740942570795169,0.17989729950494598,0.1768071161946487,0.1692050083356241,0.1614086093292963,0.15395771266831734,0.147555641631947,0.14172195730548062,0.13559624178452775,0.1293443706196705,0.12339814513828795,0.11786456244629052,0.11305240740601137,0.1089730954910338
16-01-2026 13:30,25701.15,0.13365238999589055,0.12621333165519377,0.11964960559322577,0.11437303184387518,0.11057973705079274,0.10750937920913921,0.10478087380835341,0.10291806463155735,0.10177416306004944,0.10128925617660822,0.10261393172232694,0.10706317764706053,0.1179972705151415,0.13746953595705932,0.17253207573590051,0.17936873428586095,0.17641032699776898,0.16875843567782117,0.1612884795833176,0.15402098267213796,0.14737593182366,0.1415166815549428,0.13588854249103585,0.12994559675472575,0.12361601304720063,0.11754183486877973,0.11278273812712031,0.10932435954910338
16-01-2026 13:35,25687.3,0.13746684983287905,0.12792811456072029,0.11937492115596145,0.11316623278018592,0.10954591251558603,0.10701829755442227,0.10469765574335033,0.10282104149268045,0.1014327967660185,0.10090877893507762,0.10184568371347769,0.10480729005531286,0.11490578822713732,0.13593219995168276,0.17300549471966428,0.17983363244877582,0.17700772779555365,0.16953359598288897,0.16226310376905304,0.15496364080522462,0.14790164246268225,0.14165470943345643,0.13593465795594878,0.1301436137081585,0.12423900428646409,0.11864064613011281,0.1138756659012852,0.1098275
16-01-2026 13:40,25701.3,0.13628434987062196,0.1271535281160988,0.11855900419858163,0.11224433511412829,0.10852686224996907,0.10593045016760949,0.1038016544248872,0.10224283267168843,0.10111195949294242,0.10076901747977626,0.10167937178435082,0.10482495755262412,0.11624044024762434,0.1395846795767097,0.17504665495327953,0.18046646924541387,0.17738512314590138,0.17010532670494038,0.16298028993441158,0.1559128041247517,0.14892660778083,0.14236091356654243,0.13617814798678782,0.1302673556621806,0.12482066029759555,0.11979576596691575,0.11493903382446222,0.1100775
16-01-2026 13:45,25699.7,0.1258665575966456,0.11975821460929592,0.11393779698823092,0.10928296441136129,0.10586799435701691,0.10325908419419845,0.10151682107773238,0.1005089777776269,0.09979706340458978,0.09962385101734092,0.1005614168609847,0.10328002550655482,0.11333607915184084,0.13489308785768656,0.17322465670733397,0.18050863449747553,0.17793870998276692,0.17047995102004818,0.16336685643150944,0.15666178482669235,0.15004969317401556,0.14345710142815193,0.13700748652031916,0.13097269625859845,0.1256164187277791,0.12072354734254497,0.11588492824386261,0.11094099999999991
16-01-2026 13:50,25712.85,0.11416595575966457,0.11108362043811708,0.10823871310757331,0.1055466016419487,0.10288517507020069,0.1007252863750927,0.09959646734686706,0.09914398682512847,0.09873152171796758,0.09865915426170531,0.09971622181872374,0.10207390637926064,0.1105415479194607,0.1298005146219531,0.1709642014422143,0.18045297455859047,0.17854787929691837,0.17072955983491286,0.1632148242314023,0.15659115493294565,0.15041102293943165,0.14406931344976404,0.13763405991896033,0.13163007011711378,0.12637854637751397,0.12160211718490062,0.1169080788674346,0.11216901408636111
16-01-2026 13:55,25689.85,0.11680725,0.1129841061476281,0.10934528396551266,0.10604775551110937,0.10311323956329148,0.10089318347055319,0.09974052935254045,0.0992193562693198,0.09882375010717535,0.098933101805962,0.10017720536079608,0.10255967701974353,0.1107855312499999,0.1295608749999999,0.17040896018361942,0.18002365309812948,0.17819691897791967,0.1701896876963036,0.16236770911259912,0.15570501236704157,0.14965183412085936,0.14341289204891694,0.13718734881208297,0.13143336292911798,0.12637813265134804,0.12193916648425598,0.11771811064594241,0.1133981408636119
16-01-2026 14:00,25681.95,0.12302575,0.1168646800999255,0.11125595477470221,0.10682007358585344,0.10362950330907773,0.10142479630544723,0.10002941455616823,0.0992013274725418,0.09885872509358483,0.09925357852984174,0.10069483958018124,0.10333813763781417,0.11186619379169957,0.13064548936121317,0.17067665015182654,0.18000421903005343,0.1779532898910434,0.1700067617160645,0.16246891611749859,0.15576468543045155,0.1492597874183591,0.1427387132489526,0.13665382109607663,0.13111285299674955,0.12616519043774735,0.12198614912255155,0.11818653561002077,0.11421901864448024
16-01-2026 14:05,25682.85,0.1222925,0.11560599485345671,0.10996368253882703,0.10577981685687055,0.1030059207188618,0.10117054833729557,0.09981192509210887,0.09893265010500213,0.09871852484776142,0.09925996587086672,0.10132458577997587,0.10638358550614108,0.1179650316669965,0.1379662686121327,0.17357629628452795,0.18135909925471508,0.17868280556409852,0.17081863507379463,0.16352663965803158,0.15671736058452854,0.14978931335765727,0.14298399050970304,0.13683690568578416,0.13124719514402639,0.1260554330817611,0.12144643384416427,0.1173488276674797,0.11339704176340001
16-01-2026 14:10,25684.7,0.12414225000000001,0.11712486379899228,0.11146450207096914,0.10731276091895373,0.10453426616014397,0.10260731078069157,0.1010035579509079,0.09988314335113672,0.0994600966583347,0.09982017262376892,0.10236426707457949,0.1095799997081403,0.12377596414788972,0.14468712100183895,0.17602453412608235,0.18243490053703432,0.17945927648212812,0.17164746220784333,0.16405570537036793,0.1568794970049741,0.14980047334556687,0.1428768455013865,0.1365875334725476,0.13092049297753378,0.12546016596984225,0.1202983720592168,0.11578046705367726,0.11176385164140792
16-01-2026 14:15,25676.95,0.1283925,0.12028617391069835,0.11404263314279367,0.1096198247141906,0.10647909861421118,0.10409853579636827,0.10210848250259398,0.10066689147762659,0.0999637495983529,0.1001866675631974,0.1022143815696821,0.10735027363671903,0.1189879414473507,0.13903394522692125,0.17428547804716285,0.18210113573005116,0.17969775489210107,0.17181446109930748,0.1638789633897516,0.1565486985627341,0.1496810178856782,0.14285187538908656,0.13633644846003096,0.13040499701475344,0.12476681551976651,0.11949753774328456,0.11490028132393541,0.11073568330770506
16-01-2026 14:20,25689.4,0.12533375000000002,0.11789470261387211,0.11253699795548872,0.10894224693323315,0.10590176358048874,0.10320296823887211,0.10111415078836039,0.09968422815344179,0.09898602973016274,0.09930368776155885,0.10086130852985208,0.1042689227939213,0.11487189577434186,0.136532614914023,0.17452856158802413,0.18232927777655894,0.1800198520242147,0.1722215987210778,0.1643815028045284,0.15724464254868806,0.15060665670497142,0.14394308680390255,0.13733793120906623,0.13103516593994202,0.12507233608214297,0.11974783031448152,0.11522294776252258,0.11106943246404657
16-01-2026 14:25,25707.1,0.11895850000000001,0.11429485351828969,0.11063393071499478,0.10780707998400339,0.1049291965942037,0.10215086224995018,0.10012747332968638,0.09885707295230384,0.09826993475194623,0.09862053976493346,0.10006608147568455,0.1037859029305727,0.11599012571248364,0.1401837365447072,0.17638787285665827,0.18280726470935935,0.18031582936895477,0.17289733774707988,0.16527361217602535,0.15809779213539635,0.15135605986620318,0.1447470792306921,0.13821446960293934,0.1318184329495026,0.12566789332930273,0.12019547412010943,0.11560378178549095,0.11141737431973338
16-01-2026 14:30,25688.2,0.11580274999999998,0.1147489059029933,0.1119353994053298,0.10830621166060621,0.10501164519562818,0.1023017474624352,0.10038223063763808,0.09924758829694597,0.09887156787677699,0.09937750133394695,0.10064986484753119,0.10402295849681438,0.11610781051739827,0.14033843090196377,0.17609857382990496,0.18270970167198386,0.18034157227495612,0.1729779029357589,0.1653242463306124,0.15799992611054328,0.15114710740194306,0.14455735889386484,0.13797911885446856,0.1312815998526739,0.1247844560558272,0.11925263132711447,0.11482251200705182,0.11083279647179067
16-01-2026 14:35,25708.0,0.11476449999999991,0.11486804561554576,0.1119683157983612,0.10766681733413405,0.10415460026512091,0.10153019979339376,0.09970185659344005,0.09879268341042294,0.09876144509049853,0.09953803490362123,0.10078578355574781,0.10434754589739814,0.11765136281820975,0.14380578791860657,0.17814216314046305,0.18345260476310504,0.18041497778187196,0.17276823125927565,0.16508630483852957,0.15793088784362366,0.15113516889995127,0.1444382236527115,0.1377062013368756,0.13071888158989825,0.12388954959563978,0.11831987640380308,0.11417191209935068,0.11059487305363626
16-01-2026 14:40,25706.4,0.11793924999999998,0.11493713234424731,0.11086283050170842,0.10672897184909193,0.10344557622563075,0.1007459824528037,0.09875190073888598,0.0978181251805411,0.09774314241688126,0.09840166363045404,0.09988045804553669,0.10394546440812545,0.11748199523542455,0.14361379531026947,0.17798550420234469,0.182230272958443,0.17870104665946038,0.17131283767878666,0.16426167563957653,0.15768109056537352,0.15111886641864777,0.1443378595339528,0.13764478506969674,0.1311407720864994,0.12482482580553854,0.11918600232633032,0.11457832027327042,0.11062578495963792
16-01-2026 14:45,25707.8,0.1202963726971593,0.11537321113266195,0.11068536237665219,0.10685061934172269,0.10381053357087512,0.10109774346333751,0.09898355748071354,0.0978379927768174,0.09744237049435764,0.09784272892605111,0.09951200158301071,0.10300327693913885,0.11349861381976868,0.13511341106271454,0.17299977386943557,0.17908102896439632,0.17588167968213622,0.16859311691889012,0.16224767388019778,0.15650175223690826,0.15052926326282798,0.14403020689490212,0.13749698852943076,0.13143327016466308,0.12577386189791767,0.12031935967435534,0.11541753593289406,0.111261849596379
16-01-2026 14:50,25692.95,0.1211672269715929,0.11574402813752402,0.11117291270861862,0.1074397949686563,0.1041202310219145,0.10132869055677719,0.09942693329257216,0.09834928704282869,0.09786660942174419,0.0981425830853142,0.09955738246710061,0.10210323009935203,0.11056474180768694,0.12971188667611125,0.17054039755990671,0.1789227276236561,0.17596677651271236,0.16770188158092436,0.16081145137284567,0.15530866167361282,0.14984696435608225,0.14369698810480785,0.13726035030961625,0.1311754638433481,0.12560555995356845,0.1204136237777125,0.11581120921155122,0.1118796292734822
16-01-2026 14:55,25700.95,0.12092620854886722,0.11421642645674532,0.10980793117400481,0.10649347505415777,0.10304249471474797,0.10028768019629157,0.09873174004374158,0.09789577778998486,0.09750938476718936,0.09777598436533755,0.09896480623816929,0.10114728502083213,0.1094269139644583,0.12868500130033736,0.17093527640535805,0.18041367334295336,0.17780669211288797,0.16929350368355395,0.1618445488362873,0.15575688308648827,0.14997873716381863,0.1437946155151273,0.13741965645039667,0.13115449525694847,0.12523084114036462,0.12007206874087897,0.11573059498886927,0.111698599596379
16-01-2026 15:00,25706.3,0.1175204769715929,0.11088531676132395,0.10690084362574587,0.10432448843365556,0.10160478149321872,0.09926968303001808,0.09783579468029631,0.09703345467499151,0.09668168522180032,0.0969915105680621,0.09823385178959312,0.10047332306806211,0.10885491279826548,0.1282906875,0.17092955561969136,0.18045653686559643,0.17797436592499852,0.1698697909923838,0.16275698348654966,0.15653235626590997,0.15039053237672803,0.14398032199721497,0.13755928605656448,0.13120898141539117,0.1251393806215614,0.12004892795194866,0.11584607550221657,0.11168455710983081
16-01-2026 15:05,25694.05,0.11515612269715929,0.11006802163295264,0.10635736272017574,0.10379324099956491,0.10154577921298928,0.0994941014159837,0.0979699826717417,0.09705932578348318,0.09665349401930677,0.09694057895373542,0.09822864506282694,0.10053892757719807,0.1089249326522507,0.12827150163283368,0.170320810813853,0.17976696393849181,0.17729941880170594,0.16917202975002407,0.16214108051322457,0.15608665891125137,0.1499591356285584,0.14338900059265988,0.1367830370003102,0.13056290523471406,0.12500490096514125,0.12028796110982723,0.11613218410336708,0.11200572150192979
16-01-2026 15:10,25691.6,0.11749424999999993,0.11242181299858466,0.10813680778100876,0.10495814970316125,0.10258313725901483,0.10055560238607375,0.09891921858857894,0.09782603571147011,0.09716514069059132,0.09726908334517033,0.09873616744864687,0.10153024836540447,0.11019096845654552,0.12928234027841323,0.17001221651387258,0.1794874246906596,0.17736486373515634,0.16926457078731516,0.16170866722475197,0.15502408065911308,0.1486070784264368,0.14218223572736435,0.13565205861453447,0.1294161869520349,0.12428235816630058,0.12001455439431216,0.11591059960535734,0.11186189870347366
16-01-2026 15:15,25691.75,0.12277249999999999,0.11623048501683514,0.11078129995963915,0.10680246208715681,0.10408348102651291,0.10196895425886279,0.1001337634432426,0.09865569307900336,0.09749700476690278,0.09732989415505078,0.09980853889533013,0.10600550946730247,0.11845288012554582,0.13875591651923566,0.17285051145292205,0.17983370858006487,0.17717398133202888,0.1692904087333402,0.1613954904043143,0.1540360371882577,0.14727614487363697,0.14115717900154318,0.1350892739461507,0.12898024558512122,0.12382443019840102,0.11949961079478899,0.11516539812283014,0.1107802215019298
16-01-2026 15:20,25695.9,0.12482725,0.11745813383099374,0.1114119303278026,0.10711318102005352,0.10428993903766336,0.10218855564003666,0.1002878730519205,0.09864325419686883,0.09743771173751975,0.09741130964449239,0.10143722615144668,0.11324516466114606,0.13273823622165848,0.1561188397919801,0.17930538166861207,0.18172162311287815,0.17758078781900688,0.1699007516981162,0.1620927257268926,0.15462201041044854,0.14776337619803692,0.1415968099939993,0.13570852650758292,0.12987714291724745,0.12453883666768441,0.11970247447753893,0.11489136615244462,0.10992852215019297
16-01-2026 15:25,25697.65,0.12659749999999992,0.11817873221989458,0.1113195721582848,0.10748922691898363,0.10607529286532318,0.10492841153309435,0.1031599898341087,0.10173212249513389,0.10156678433529664,0.1025859980739893,0.10684679677144931,0.11896712019626611,0.13921291845957776,0.16293720356353056,0.18454782662974642,0.18653946450870118,0.18204865214508353,0.17411420409023237,0.1661082458747778,0.1584401356910889,0.15127063747990946,0.14450081897365868,0.13804092041460175,0.13197633510540896,0.12634733387176217,0.12106513823884582,0.11597630692627299,0.11087625000000001
19-01-2026 09:15,25549.65,0.12100149999999991,0.11438456943749926,0.10882479953033326,0.10700010613460786,0.1085930226901462,0.10959084589571633,0.10815805685400386,0.10711138181792573,0.10886914240403227,0.11175010385349793,0.11505043956125684,0.12200734210769115,0.13598082140532927,0.15656642427235878,0.18663602396656204,0.19226498013262525,0.1888920309039864,0.18073505208021912,0.17248329933562057,0.16453475631846498,0.1567929213955268,0.14906216483123458,0.14171029115629763,0.13526193497538913,0.12957404502152964,0.12428552358582831,0.11932159510935597,0.11453125000000001
19-01-2026 09:20,25596.45,0.10579725,0.10421991286611337,0.10307637859029822,0.10406667528990528,0.10740758559883984,0.10966433472258308,0.1086473122722984,0.10813216093048009,0.11156786050243994,0.116006359964348,0.11886101386107087,0.12281751926605794,0.13318685942580974,0.15195810196375623,0.187534424833643,0.19534186202128984,0.19271863019132124,0.18460245394375555,0.17635845812544287,0.16828766224151215,0.16011338391076024,0.1517968788692235,0.14420422963587234,0.13790281865380657,0.13244019457267436,0.12738828155446838,0.12270276014231091,0.118205
19-01-2026 09:25,25570.45,0.10915325,0.10696236982536356,0.10608346760969106,0.10713501940525831,0.10920797422787487,0.10997940532271673,0.10872958369507771,0.10876194416955798,0.11245113139400957,0.11697822102355117,0.12007312059053776,0.12431748431204238,0.13530123360290425,0.15510273041326095,0.1891903103728274,0.1957481044719976,0.1925409894132131,0.18399364881255562,0.17529498750442893,0.1671663433624995,0.1592774771635916,0.15131529560704965,0.14396135293164714,0.13752979491628256,0.13174916477516527,0.1265933720768793,0.12190634754146418,0.11730200000000002
19-01-2026 09:30,25544.4,0.12033874999999992,0.11480282021822069,0.11201472283664872,0.1122855537317798,0.11254273135820556,0.1109198739771387,0.10920509724945233,0.10976950619219657,0.112885348058951,0.11697792626445733,0.1207726743634526,0.12556477115577386,0.13716570490470292,0.15858441165594328,0.191254511795647,0.1963486973536401,0.1924766254764142,0.183456776389072,0.17426980875827328,0.1660319331844811,0.15834269498902467,0.15065893915280376,0.1433468026293,0.13639149390448835,0.12999749463275773,0.12472907490913071,0.12008007507035168,0.115268
19-01-2026 09:35,25579.4,0.11732725,0.1128830113401308,0.11107109292300107,0.11148403910549061,0.11085141048521177,0.10855477800630953,0.10730594867783208,0.10834010581861256,0.11119331383691453,0.11554087053535725,0.12013852259517863,0.12492734826515314,0.13644326023846015,0.1589548598720838,0.1925045008323176,0.19736380469482617,0.1932417558707027,0.18431070474226693,0.17549211084781816,0.16690465038071545,0.1581051324387359,0.1499101049750034,0.14298559612884004,0.13639247436192756,0.1300843056490032,0.12493237664563091,0.12037838806084862,0.11552275000000001
19-01-2026 09:40,25551.95,0.11638625000000001,0.11291986470391555,0.11096676210729657,0.11012878328801975,0.1088260423107912,0.1072518735522043,0.10692242873245804,0.10812803699620305,0.11080477332959648,0.11520587160561721,0.11993466989023113,0.12466543141189607,0.13617430868718505,0.1589342155348351,0.1918856255792398,0.19589619711001532,0.1916370767512954,0.18340695686036684,0.17538933215964644,0.16671287458257492,0.157254502239116,0.1488543438069696,0.14223603462193132,0.136128698285214,0.13017988274001768,0.12494569862907168,0.12011589164412079,0.11513525000000001
19-01-2026 09:45,25560.95,0.11360975000000001,0.11111124796755012,0.10927452432251776,0.10803356518144151,0.10699213607469735,0.1063560714959163,0.10663282858746581,0.10791779117521498,0.1104243312516114,0.1144244170797632,0.11892175342104663,0.12350043301478938,0.13398211484607742,0.15486500616335933,0.18877898370384824,0.19358766786009804,0.19026435917044632,0.1830230007615333,0.17553006387982228,0.16723563174145628,0.15843580961566575,0.15012653973980053,0.14265277851044122,0.13586312829892472,0.12996741067461592,0.12488255793141124,0.12004295007259955,0.11511225000000001
19-01-2026 09:50,25558.35,0.10496749999999994,0.10455899256744225,0.10435800945989113,0.10426157798892627,0.10417763020887282,0.10430829404213443,0.10500208611691884,0.1065278175999735,0.10911287316494292,0.1128789726059162,0.11735079341410629,0.12210837918684868,0.131846454649503,0.1509636554711782,0.18711333865778026,0.1940524493440151,0.19162269298855825,0.18437435414991427,0.1766534533419207,0.16847011773188028,0.16012334825165048,0.1517419391478929,0.1434244573714244,0.1359528319720361,0.1301382708494594,0.1254761051305948,0.12097433033709484,0.11632975000000001
19-01-2026 09:55,25558.2,0.10412842765377026,0.10365779214850956,0.10356287693486788,0.10370400948803714,0.10392791736342967,0.10432424954265979,0.10517169078114971,0.1068420239590156,0.10948983273137208,0.11308153953447378,0.11752403868406322,0.1227243460272723,0.13273631734218008,0.15144023609971333,0.18761199582173907,0.1951606433441223,0.19257498586400962,0.18467880481694837,0.17641440084373333,0.1678761300773644,0.15937899527590801,0.15113520621433882,0.14313518652812168,0.13596946759238146,0.13022443388833438,0.12536863516992908,0.12078592297217014,0.11641275
19-01-2026 10:00,25520.6,0.10991077653770252,0.1090310106059078,0.10805559436939423,0.10722297886948007,0.10688204782301618,0.10699777641832146,0.10762632708312497,0.10920660248003153,0.11189241880102792,0.11544266285931055,0.11967095970025833,0.1246492386165817,0.13439348000925266,0.15257125610336286,0.18750104742338228,0.19455002612247368,0.19160863762409902,0.18348265176216194,0.17501215076778853,0.1661404776007679,0.15731123803480754,0.14917496761104773,0.14179982198845298,0.13513329627258475,0.12924089298960217,0.12391794005138401,0.11909988883102306,0.1148153017342063
19-01-2026 10:05,25510.95,0.1141711977678646,0.1135506614642026,0.11200677124195631,0.11022950658689099,0.10922057836306348,0.10892129145960293,0.10923449574671021,0.11067429750335811,0.11346620880892944,0.11715285414498514,0.1212426255889183,0.12591186278246552,0.13539650950673587,0.15328283816444882,0.18704055046561918,0.1937490157729041,0.19061118232670415,0.18225187924381792,0.1736213256502641,0.1647796269079685,0.15597393168468493,0.14790426645428723,0.14077853070057844,0.13426507929786188,0.1283067240390899,0.12299104417781404,0.11820117151675848,0.11371169166145703
19-01-2026 10:10,25528.25,0.11605802653770252,0.11405285695127133,0.11172531153213809,0.10971567047064092,0.1086251793899052,0.10824378912208901,0.10852696778295713,0.10998231525640458,0.1127972136500029,0.1165459584422574,0.12077465371696891,0.1260334468251987,0.1369384906759141,0.15665494315583678,0.18862805537155058,0.1942463379515195,0.19065886436367255,0.18193688962165006,0.17303055665850953,0.16435410309485277,0.15594038752032757,0.14814162538370054,0.14095869641520847,0.1342987165187429,0.12851717685678934,0.1236155981035752,0.11911604820343302,0.11467892440965362
19-01-2026 10:15,25530.4,0.11475067765377026,0.1123249497054758,0.10982191038183889,0.10789308255886905,0.10704722874973924,0.10694013089542301,0.10744801319014588,0.10904044696272405,0.1118526547426802,0.1156179300442674,0.12013578100344455,0.12627031044414005,0.13882286971241034,0.160563746018679,0.1909789863153455,0.19504043400466683,0.19087694087775064,0.18218475500157733,0.17348958304745826,0.16509806654208822,0.15689282678599617,0.14908449652041578,0.14163678060840643,0.1347854313066231,0.12916229136063667,0.12454147043249454,0.12021630706883848,0.11590640509115538
19-01-2026 10:20,25543.9,0.10783000000000001,0.10805905186186943,0.10727104869477821,0.10602550417833774,0.1054683785560094,0.10567806706091121,0.10649426080008101,0.10834634434321061,0.11137300160529151,0.1152400765200224,0.12034361301023437,0.1282487390734205,0.14222118043668866,0.1634011486311056,0.19175730721116194,0.1953795168127374,0.1910989341262368,0.18275428172381156,0.1745875884268363,0.1665296349987086,0.15832115537204958,0.15025488768816597,0.14271045237582433,0.1360648506012927,0.1305472486178425,0.12580677002489926,0.12130597852179517,0.1168055449281465
19-01-2026 10:25,25526.15,0.10434418215854105,0.10573525445160285,0.10604028269864905,0.10542571826943258,0.10495596857881853,0.10517123439771824,0.10615039483000803,0.10823138944649467,0.11151274316896587,0.1155257668992278,0.12102677352676006,0.13024964202906492,0.14504349718051238,0.16489434381649845,0.1908172648974913,0.19488220402138495,0.19109162662506868,0.1831131929758255,0.1750220133049458,0.1669023100345135,0.1585477792024374,0.15002720784694723,0.14209587820932656,0.13565514284741553,0.13061838295181097,0.12622600786755644,0.12191130466512419,0.11746117431939394
19-01-2026 10:30,25515.7,0.11015032158541042,0.1087782964587637,0.10771210474273521,0.10688721584848947,0.106313040270661,0.10627105870190796,0.10710337440865997,0.1091167008703554,0.11230925632911054,0.11632251159827244,0.1214535404600438,0.1287367073424844,0.14068101079659628,0.15863861154031864,0.187145139063169,0.19309919503602826,0.1904257138694689,0.1827975303174616,0.1745913082037499,0.16628363186626324,0.15779689603965746,0.14887571373268882,0.14030304648935046,0.13358539771059835,0.12892042841482193,0.12512244204202747,0.12128702985376029,0.11730925
19-01-2026 10:35,25513.9,0.1179455288537389,0.11324432616262953,0.11023632916313607,0.10895671562337247,0.10827988259233734,0.10792915851414589,0.10856073124516183,0.11046510690471914,0.1134052545518875,0.11717641685850574,0.12177033702595289,0.12697419592178827,0.13599277549761218,0.15225352403557982,0.18374982421363079,0.19105364002369268,0.18916923804330843,0.18196882968188388,0.1739642679823299,0.1656772499999999,0.1573029665498097,0.1487598861431978,0.1404731658606545,0.13356841261068686,0.12851505164212523,0.12441857195214494,0.12048895487790764,0.11674725000000001
19-01-2026 10:40,25500.4,0.12003994493101433,0.11503156991039543,0.11169138679819819,0.11034738674268428,0.1096134407286208,0.1089655641262707,0.10937454844149336,0.11119199733897017,0.1140250305538195,0.11767405171897033,0.12198168258768574,0.12664676173743064,0.1352871263740055,0.1516228237216711,0.18359464595098446,0.19043452098381655,0.18834887868908318,0.18145771475259254,0.17386251862517046,0.1656908281249999,0.15740600290498089,0.14930826949960618,0.1416432832378535,0.13497350682785567,0.1295972943258506,0.12497708679509466,0.1206215328044237,0.11651132512743997
19-01-2026 10:45,25525.55,0.11774991561457936,0.11458096490626271,0.11212228332606601,0.11080557345357295,0.10992094841620101,0.109124126778818,0.1092896624842415,0.11088951592515461,0.11368430356068653,0.11746782726906962,0.12174967733128741,0.12609110406523666,0.13481501731742596,0.15210591070077545,0.18594949149367826,0.1923268830599223,0.18940857097121944,0.18199343144908478,0.1743623282118141,0.16621424842085444,0.157876867254348,0.14978358671074538,0.14231075243637395,0.13587002884851204,0.13047483334318924,0.1256934252929174,0.12129739298019773,0.11722175127439971
19-01-2026 10:50,25515.9,0.12073922022086896,0.11735539471066153,0.11433620731602963,0.11235606731377282,0.11107384198970252,0.1100976183145486,0.11010053415398537,0.11150505592078769,0.11401288943989762,0.1174449179823549,0.12150806238544415,0.1258660496975102,0.13497550603952915,0.15309828200011086,0.1880353369733962,0.19423611011523148,0.19044706803930037,0.18192566645805835,0.17389490718487277,0.16592600247119807,0.15758755149996054,0.149366808033083,0.14203072102793063,0.13571593962447523,0.13010705762587668,0.1250453645498391,0.12064855398521972,0.11682785229391948
19-01-2026 10:55,25526.35,0.1252472334560383,0.12006142629107151,0.11575264193458325,0.1133961757998723,0.1120581505829792,0.11082948289892784,0.11064499393283118,0.11197463387939947,0.11418321414841445,0.11703807853760517,0.12073016015346734,0.12572550977709515,0.13671079639083275,0.15722936083682865,0.19045000865782982,0.1952310621349837,0.19078001328378372,0.18184324012025047,0.17365289742848652,0.16578717659936773,0.1573816049470133,0.14911421471386613,0.1419630297102335,0.13572514508458855,0.1298895558946051,0.12446666121013099,0.1196479727286729,0.11530925127439971
19-01-2026 11:00,25550.1,0.12075287334560385,0.11552717343696217,0.1117988169022755,0.11040061554211253,0.10968311631994206,0.10851460190108146,0.10818374736464621,0.10953625914032791,0.11203899427546829,0.11516090819923425,0.11890520001165347,0.12445403001004383,0.13707097513830566,0.15973719030974248,0.19153853641635618,0.19572205702211964,0.1918564018915945,0.1836081956907975,0.17536022588370725,0.16718562884230698,0.15868779058728305,0.15057651762458155,0.1436442838360574,0.13751063439790512,0.13162155387654612,0.1259527358266496,0.12081648505552078,0.11629832512743998
19-01-2026 11:05,25561.85,0.11304575000000001,0.1093674627518153,0.10714379113715991,0.10662485509062611,0.10629896889312132,0.10541160595965118,0.10518917291995329,0.1066749622432954,0.10964956326919693,0.11333048533214972,0.11732009011875527,0.1224818067215732,0.13380531741202004,0.154624527746422,0.18846583233447156,0.19501649035611998,0.1925598190612783,0.18479908853834662,0.1764065078008876,0.16804776522228815,0.15969806940171852,0.1518053665324583,0.1450495168672254,0.1390929800477125,0.133297340404035,0.12760057572414943,0.12252935483715313,0.1183661871484444
19-01-2026 11:10,25540.3,0.11011950000000001,0.1080640137334319,0.10657108201984913,0.10577921643353703,0.10513624864634208,0.10447573487437728,0.10461123461102606,0.10624662641751748,0.10923598881318863,0.1130087540138278,0.11725020218802466,0.12216888648032659,0.13213315398507525,0.1509788400050483,0.18673379771528587,0.1946048630875022,0.19233617250659185,0.18438423957768077,0.1757219962255913,0.16666511259886957,0.1577096339632978,0.14984133123006546,0.1435182887440343,0.13806456702466782,0.1326790252255508,0.1273568680160833,0.12264733407659299,0.1186491214844438
19-01-2026 11:15,25533.8,0.113292,0.11045960428713372,0.10798783800498005,0.10643195790473182,0.1056388309197707,0.10534015224014229,0.10587873580043505,0.10757738534453637,0.1104095074933481,0.11423888766531001,0.11878423309910513,0.12416631660727706,0.13492395284789396,0.15470541894070447,0.1882574481826241,0.1946468739739231,0.19160725011888685,0.18323432151869812,0.17414031822623005,0.1644970596190952,0.15497724216839584,0.14705291979105922,0.14117830214668062,0.13621530221631636,0.1310491043216574,0.12592785698337766,0.12159878451801945,0.11786111867199883
19-01-2026 11:20,25513.75,0.1194345,0.11439306328434205,0.1103676560166029,0.10826708665444641,0.10752370312874211,0.10734050004000073,0.10789822164879893,0.10948243685844468,0.11219438413756397,0.11607364476763599,0.12070651755844132,0.1263872582711093,0.13801836605618079,0.15888319674917387,0.18967992872436337,0.19455389333485573,0.19091739936616214,0.1822274215445652,0.1730797352327458,0.164202096102676,0.15560112982911767,0.14779834577665635,0.1414406765685031,0.13586599233720154,0.13006103791289306,0.12454267141558367,0.12018389155789874,0.1165168714844438
19-01-2026 11:25,25514.95,0.12109575,0.11677138608393706,0.11314453836658057,0.11096836755903536,0.10982072825637719,0.10913932070524889,0.10924112139430531,0.11052883938706953,0.1131354543200846,0.11703604191701328,0.12179113381974054,0.12777511141085682,0.13988268055644895,0.16120908928063288,0.19103966789599802,0.19497629976814293,0.1908672777577323,0.1823369913197447,0.17382717281018845,0.16575503864464808,0.15772287373492777,0.14972301871141439,0.14250507315864136,0.1360868991659757,0.1296494856336075,0.12365109901732432,0.11909630335357464,0.11549918714844437
19-01-2026 11:30,25517.75,0.12178625,0.11886537086155266,0.11585224800712261,0.11328752074675044,0.11136557119195829,0.11003806732274876,0.10966279918503197,0.11068606141420807,0.11374168983793961,0.11973401357313551,0.1276410150634783,0.135661305005654,0.14769440837040382,0.16751538404001323,0.19345453727602213,0.19560015569721456,0.19084850298678246,0.18259589549223162,0.17459227555229015,0.16668127759830587,0.15838728161227122,0.14994770860712975,0.14232864354775304,0.1358267220617052,0.1295007892575332,0.123414462333686,0.1186426592854845,0.11497184876076821
19-01-2026 11:35,25523.55,0.1252765,0.12149477555743944,0.11774323299013989,0.11447726014312373,0.11195329403253833,0.11022156968051157,0.10961163910804307,0.11050727563503487,0.11396585062442031,0.12188761932988038,0.1327129206709169,0.14199821702972076,0.15223108183245224,0.16839975430924484,0.19281786973882706,0.19538446838101245,0.19071207891929567,0.18228381132646798,0.1741870209754788,0.16616418109380435,0.1576667303813968,0.14933423589766537,0.14208006315344174,0.1358774928451456,0.12993896607206673,0.12417860148759403,0.11923494571342241,0.115033237607683
19-01-2026 11:40,25536.55,0.12396987681544923,0.12030704664830541,0.11669228617382074,0.1135058207510108,0.11100306814245842,0.10930400826318858,0.10874044260577717,0.10963122493020772,0.1125013874996779,0.1182932464136677,0.12609075105822387,0.13312338005692775,0.14231077197024433,0.15843004775238378,0.18917866478659956,0.19504480785966238,0.19125977822526066,0.18243187118885693,0.17400352377619843,0.16576423378404215,0.1573084394779362,0.14951724453865511,0.14284123876119828,0.1367620377084742,0.13088744676819292,0.1253470430444585,0.12039507093782863,0.1159010276938294
19-01-2026 11:45,25537.25,0.11801626815449222,0.11633036698091348,0.11408887733162415,0.11157389142297895,0.10940583746268481,0.10799252555249654,0.10765958278339166,0.108672430247404,0.11102429206901655,0.11460043297749115,0.11917583081282626,0.12426156310862382,0.13376796195069945,0.1518672297204212,0.18769110677862277,0.19530303014843842,0.19229697318134534,0.18374358463602417,0.17521373411497493,0.16682054262345158,0.15856352137277008,0.15079290216845906,0.14379042482080692,0.13749415670720355,0.13160379726077534,0.12605703177868566,0.12096841722788108,0.11618523760768301
19-01-2026 11:50,25541.5,0.11291928267808604,0.11231486512815939,0.11098094541569614,0.1090646497488772,0.1073178421247192,0.10635170249735951,0.1064911381144383,0.10784925211543037,0.11033349421557948,0.11389737273641173,0.11836644069525296,0.12332507715467984,0.13290126247742645,0.15133810306274303,0.1874999990945118,0.19527701071322037,0.19273758911083846,0.18464561663617463,0.17610945433847755,0.16752072369740043,0.1589710261667651,0.15053429755223396,0.14310812931737854,0.13717729354229985,0.13188155689028233,0.12659598155933238,0.1214478075967667,0.11644759876076831
19-01-2026 11:55,25540.75,0.11018439839313397,0.1091930918376947,0.10784144098941359,0.1062803683368303,0.10505130621746057,0.10464572294312591,0.10534625150672458,0.10717725502993934,0.11004529885770879,0.11392925343174945,0.11855177695035854,0.1241335900636536,0.13538159609115794,0.15578505331154005,0.18910642709560285,0.19541557661268524,0.19231488232589158,0.18353792043013567,0.1740295984698273,0.1651009493195704,0.15680596112276843,0.14880706085740497,0.14196708301159286,0.1366755037176799,0.13191945510768946,0.1269506001299902,0.1219599712397866,0.11718975000000001
19-01-2026 12:00,25527.0,0.11041042920186672,0.10884493560451797,0.1072016444334977,0.10571496207750306,0.10474172992450187,0.10455502793422305,0.10536692658006291,0.10740661642934787,0.11076713590631637,0.11501464192009117,0.12005286357741315,0.12801631305622505,0.14322250792404762,0.16635741710876717,0.19314104131816429,0.19610198520553807,0.19169297716315092,0.1823166804764844,0.17205980977585675,0.16285634705257787,0.15517874861381536,0.14849236632153892,0.14255203944139044,0.13714051225078414,0.13198454232963974,0.1268644916671783,0.12188793260661596,0.11725474999999992
19-01-2026 12:05,25522.1,0.11494359429555151,0.11230895161270418,0.1098950576463645,0.10796025759573236,0.10667692296094365,0.10617289751731712,0.10664516216987467,0.10848844048424827,0.11189962530799902,0.11618160691073083,0.12160460298525293,0.13104793977592408,0.14732126396606715,0.16940350570455523,0.19349882286692693,0.19587866183192063,0.19159936937664618,0.18322168087180446,0.1740591183781302,0.16497558884061486,0.156745488530991,0.1498256906248898,0.14374961020803903,0.13776827841217565,0.13192061237013225,0.12641743735049604,0.12125197123978661,0.11633725
19-01-2026 12:10,25521.0,0.1236785523864175,0.11832731584886316,0.1141307332882178,0.11119584704983017,0.10916508529295099,0.10801135922416293,0.10797907425619938,0.10937884833855316,0.11224094270225773,0.11603834431688734,0.12091684945387257,0.12821900459985175,0.1408453517195911,0.1600585349198343,0.1896571289874249,0.1948336757335415,0.19171055609677046,0.18413399402237357,0.17603894723464053,0.16747695167098176,0.15897566300934132,0.1512443338891503,0.14427305817235575,0.137675458160563,0.13142280335948012,0.12564269924292704,0.12025322314066691,0.11500854021116891
19-01-2026 12:15,25533.2,0.12689813023864174,0.11970305743125878,0.1142690140637264,0.11077927197813445,0.1085440969917362,0.10727268238954452,0.1071637737240276,0.10845389080587822,0.11109539986870026,0.11477860801935973,0.11919935275382612,0.12433963390735643,0.1342688846231933,0.15268760235102702,0.18729238592021571,0.1945920991566589,0.19208081801339738,0.1843893158268987,0.17633254677634827,0.1679544754824477,0.15966420552791485,0.15192898302350422,0.14469298004775605,0.13786102088307287,0.13150785937499992,0.1256791813819805,0.12030683829188331,0.11516415211168901
19-01-2026 12:20,25542.4,0.12097525,0.11510356347489695,0.11037548001386763,0.10727575658747952,0.1054493396112254,0.10461247831709204,0.10496928748927953,0.1066556749765026,0.10958024030860661,0.1135762581094267,0.11818407435377978,0.12355528214312031,0.1345791622629644,0.15493946057355892,0.18865259063159812,0.19546105864013483,0.19287665995422057,0.18519032302781008,0.17706313508490945,0.1685216992708121,0.160018740263742,0.15224890007571157,0.14512772405580823,0.13841028074469894,0.13216909062481708,0.12646634523683367,0.12127556829947589,0.1164094738010402
19-01-2026 12:25,25526.05,0.11665475,0.11255939278574645,0.10899618073540716,0.10638855746906543,0.10469522376182232,0.10397931787122817,0.1045786442058188,0.10649214933270468,0.1094926178797814,0.1134479246441259,0.11808650415368882,0.12456916923282767,0.13849271765372428,0.16248231738615676,0.19233788787617448,0.1963088718129058,0.19285692070863067,0.18519225179657153,0.17700179626374646,0.16849842017290156,0.1599889038100262,0.1520239927796791,0.1448106053690707,0.138198040426484,0.13202887143053266,0.1262429127803747,0.12100939280456476,0.11636265211168902
19-01-2026 12:30,25524.6,0.11573299999999992,0.11246114745682259,0.10942276767771611,0.10701156784102624,0.10539290386624489,0.1047328072159425,0.10531933997600802,0.10718738168053678,0.11013523515009205,0.11397355340191251,0.11856133734165303,0.12525282678935618,0.13954859515132423,0.163890883219246,0.1931749282463998,0.19611295975287285,0.19188413750937183,0.18376795240700014,0.17555567668113062,0.16737339090156203,0.15915264582485888,0.15128085412370565,0.14407906975588874,0.13753047694952786,0.13142414244531947,0.1254722790571082,0.12015949778096212,0.1160095402111689
19-01-2026 12:35,25520.4,0.1169335,0.11368521881023906,0.11062166030500128,0.10812276870719494,0.10638990089088537,0.10560528480517048,0.10611169106947321,0.10801614674365179,0.11103260365481767,0.11485662503103759,0.11943899619558732,0.12536013363982187,0.13700766518208338,0.15748883630703145,0.18981961455925903,0.19510102383554087,0.191158153732351,0.1825827399765263,0.17454388376299992,0.1667480554652497,0.1586726104581803,0.15082203777174524,0.1435247138528743,0.13685673545289417,0.1308214826556705,0.12499754029541982,0.11975099700866963,0.11568849999999992
19-01-2026 12:40,25513.2,0.11903575000000001,0.11527762555085963,0.11200960459136866,0.10939742604350684,0.1074097985003058,0.10633456806351364,0.10678093635423623,0.10898373781219098,0.11232487278515535,0.11602990469920642,0.12026961837556632,0.12567074050793153,0.1358314183870485,0.1538432609937814,0.18767641417842532,0.1947102715811445,0.1915309384721786,0.18321590417786512,0.1752499267627895,0.16729638489916485,0.15894369404823505,0.15076250577832612,0.14324881551486074,0.13651292303964604,0.1304964611984276,0.12489900468134249,0.11971249834231416,0.1150452499999999
19-01-2026 12:45,25525.45,0.12076575,0.11669949968534574,0.11309821849827656,0.11021729213635924,0.10810996491829938,0.106955840943593,0.1072598799943128,0.10945071560351671,0.11291689423756453,0.11648360970999111,0.12032168989925662,0.12582900733231472,0.1370536670401891,0.15656787193330643,0.18917246974198879,0.19531298099025524,0.19209136653127298,0.18397106198653077,0.17576008107733362,0.1674255859085016,0.15888680001557828,0.15062108991776077,0.14311680672178195,0.13642640156488273,0.13040251386736773,0.1249015331263096,0.11973901056792641,0.11469563278960979
19-01-2026 12:50,25519.95,0.12269075,0.11845599502786383,0.11447645912445056,0.11122313667410812,0.1089952150650092,0.10776632145498352,0.10768889065547191,0.10924494901879107,0.11219594670754983,0.11563257933677985,0.11951137714489501,0.1252443570676047,0.13762072611173265,0.15927642087670413,0.19082088579918124,0.1956615726586074,0.19208518429485208,0.18382707701085788,0.1749718266441102,0.16592662460551608,0.1574296210689946,0.14985607897124822,0.14282026237895876,0.13619206848919452,0.13026274714860997,0.12493567993690854,0.11985399796103662,0.1148275778960979
19-01-2026 12:55,25545.2,0.11859699999999998,0.1155964659036393,0.1124768256195065,0.10974810980612806,0.10787784241413906,0.10689063297952334,0.10688973259388125,0.10822883879701045,0.11080680711499417,0.11418719262667384,0.11826774014001301,0.1241132424383812,0.1370377678405509,0.16011595213388732,0.19199549851664147,0.19603314767456947,0.19251700086520918,0.1847507225511499,0.1757194694560973,0.16583930674539607,0.15705996412308842,0.15005070792722902,0.143412407026128,0.13679275734974233,0.1310590667117015,0.12603505842937188,0.12110014722791114,0.11618289260776325
19-01-2026 13:00,25548.85,0.11217199999999994,0.11061289487655074,0.1087057486151118,0.10683090539488477,0.10542286294586692,0.10478615184116341,0.10525946967408323,0.10692520136859322,0.10958011798510184,0.11311677039388202,0.11741279465379102,0.1233417000001099,0.13658658278307853,0.16053605625418144,0.19347692283597812,0.19739607445818752,0.19407579628711483,0.18696046918388373,0.17866703758127356,0.16903880965465617,0.15978610953663522,0.15195726548978764,0.14478029112474386,0.13809424876442733,0.132452128981844,0.12746571348370622,0.12269764756648761,0.1181826018439673
19-01-2026 13:05,25553.0,0.10915249999999999,0.10769476277863932,0.10616984124450658,0.10471848071619475,0.10353959378249604,0.10308283858898853,0.10381014852153883,0.10571820967521997,0.1086870511518435,0.11276482897017377,0.11755384859421165,0.12298751851619033,0.1343020896810928,0.15573940981763532,0.191493631192663,0.1981279156171256,0.19573502381859673,0.18858499993604788,0.18050400165634573,0.17096521323010522,0.16091076258328127,0.15200271626359296,0.14472202727776134,0.13864563062377214,0.1331973965158563,0.12801636922359386,0.12332072221091536,0.11919592589577463
19-01-2026 13:10,25544.5,0.10999887107362519,0.10838130293964222,0.10669732920530545,0.10506366274979645,0.10374055606466885,0.10313002390532545,0.10367718705455262,0.10558227333010611,0.1088061762706524,0.11328074704371206,0.1183916345984448,0.12326921402807436,0.1325354832130161,0.15111821777801773,0.1887480965787048,0.19764393308327863,0.19593858114752083,0.1885037733346463,0.1800988472019543,0.1701392191317068,0.15953750573643186,0.15052266766113334,0.14377351934974714,0.13816317169835457,0.13265682349179753,0.12721795757200738,0.12225423392373817,0.11773152394786932
19-01-2026 13:15,25530.5,0.1141827107362518,0.11221370997379569,0.11000960192264043,0.10755515062385601,0.10546125260257813,0.10434945163667625,0.10457083460115406,0.10634656662002784,0.1094793734090873,0.11363420301450933,0.11840360250427781,0.12332597635635557,0.132970509149078,0.15198929800124897,0.18987710050102577,0.19811388630158167,0.19574242444433185,0.18790869382077938,0.17945555667554972,0.16982116425574892,0.15983717750329207,0.15124096659167557,0.1441488239987766,0.13740724487229408,0.1307501907142442,0.12487181356802167,0.1200480104553529,0.11581050239478693
19-01-2026 13:20,25540.05,0.11586717932525317,0.11352324159713631,0.11116670384630586,0.10825417597956967,0.10561814588497938,0.104410754126845,0.1047697720623868,0.10657394213525012,0.10955448996433387,0.11340627115523,0.11790463951442405,0.123469653049639,0.13534552141088255,0.15744801941626607,0.1934910085182446,0.199306325634783,0.19589076016700468,0.18789883581478511,0.17950909708163443,0.17029520659249908,0.16099542057890315,0.15269278834168298,0.1450796079607494,0.1372599802861132,0.1296035104872823,0.12330593021570391,0.11885353949753928,0.11565949852928273
19-01-2026 13:25,25531.0,0.11780171073625179,0.11464291890101141,0.11180982711220144,0.10873120530784296,0.10604179009306791,0.10483228825912315,0.1052178843959995,0.10699320804041851,0.10992609071617461,0.11380676925175154,0.11834412531130768,0.12485970883129333,0.13963548358213995,0.16565624914114757,0.19736417764234993,0.19997625159256802,0.19565022824558448,0.18776238411328983,0.17930741656583363,0.17021427074439718,0.16125117710712694,0.15302333860992828,0.14529327392751892,0.1376918375369084,0.13042975454689976,0.12410176578452399,0.11933002092788722,0.11601373529282721
19-01-2026 13:30,25535.2,0.1191843710736251,0.11575997027729297,0.11243949743652332,0.10930558841033178,0.10682227099476228,0.10549963588144574,0.10558731659811395,0.10715990741294489,0.11004722871146003,0.11393476986751024,0.11846752579703188,0.12499969588159235,0.13970555695260697,0.16548947342130663,0.19731031663678317,0.20019553280196273,0.19589881603921355,0.18789211067196207,0.17930636857746413,0.17019971237576897,0.16140410947160955,0.15331148765872496,0.1456661919942469,0.1384262441239736,0.13173554282997596,0.12569291723396905,0.12060709740358744,0.11647347352708898
19-01-2026 13:35,25552.1,0.1136335,0.11303296262886565,0.11087706626249326,0.10802913482412826,0.10590733029326657,0.10495928530962854,0.10523815644895332,0.10662924022936304,0.1090857344865071,0.11268199025547397,0.11715952756281856,0.12284332720328763,0.13493135442355628,0.15724011312196437,0.19386333972385286,0.20017446623273982,0.19688554566642125,0.18880975823988816,0.1803786702463191,0.1713393768149479,0.16240160063725745,0.15426644894969097,0.14663828991773695,0.13925311485303224,0.13254530118967367,0.12683379690076635,0.12183619395402585,0.11710081025074648
19-01-2026 13:40,25558.15,0.11584675,0.11598439792597118,0.11333601023335481,0.10954037247918941,0.10714958094914159,0.10637024791309653,0.10661965139348893,0.10755617273282603,0.10929924421739728,0.11234892972236549,0.1165684917811468,0.12204003269165187,0.13387156757712834,0.15599426721424373,0.19321967570561963,0.19989043465963174,0.19669910533187543,0.1886206936094019,0.18034338048319046,0.1715815659610764,0.16274303780724172,0.15441258977107308,0.14646110240926077,0.13874500923729466,0.13187516143912364,0.12633892266095503,0.12181013607506595,0.11773026619071125
19-01-2026 13:45,25544.95,0.128048,0.1238539505128641,0.11833403258038132,0.11328838020735425,0.11057758744823386,0.1093647496276683,0.108631616333312,0.10871739706950051,0.11016844444676634,0.11316987687303075,0.11721526357033589,0.12264153042078997,0.1351798527305389,0.15858774818803378,0.19381029353602344,0.1991920900912745,0.195699350193755,0.18757541435071814,0.17919456317866747,0.1707370675096188,0.16231354385736493,0.15397010190534471,0.1458365410435076,0.13815415598369896,0.13127334088105222,0.1255462432620929,0.1213671366242747,0.11859403006490589
19-01-2026 13:50,25583.5,0.12724,0.12154641418843322,0.11614724777329517,0.11234128090152615,0.11063903232072816,0.10948525034496609,0.10796652093654277,0.1073210570739207,0.10871319820439192,0.1120666807866868,0.11624512993070515,0.12080823657521135,0.1317046279721182,0.1537694363002317,0.19230769470858275,0.19967095763686682,0.1969629771453094,0.1888554600220021,0.18049688851886814,0.17218657611907368,0.16359649333327697,0.1548759502209436,0.14687792554590767,0.13976648578429596,0.1331307010079923,0.12708884967425807,0.12236213978078157,0.11901282505943916
19-01-2026 13:55,25602.3,0.11933400000000001,0.11567016124210452,0.1125413706070828,0.11044920435090107,0.1093403967220684,0.10809962711728793,0.10636808228157223,0.10555356876673269,0.10678672791668525,0.10997348170136123,0.11403619138623672,0.11810765775084167,0.1279765702607894,0.1492150605404523,0.19213996009199424,0.2017272667069609,0.19958841239521413,0.19147003600229529,0.18334033260348065,0.17493223469238584,0.16563484276452276,0.15619066738868212,0.14812708702144214,0.14139870149693945,0.13496725714132096,0.1286807483631722,0.12298468619197593,0.11784925578027845
19-01-2026 14:00,25605.6,0.11965018038466865,0.11536420133945295,0.11221457803483258,0.10999074745108353,0.10810619846225147,0.106226598789951,0.10464269128190508,0.10428821523471565,0.10558963812856478,0.10830816922270964,0.11197700306449222,0.11682567898320415,0.1289043941924929,0.15289616910429205,0.19501213669825923,0.2037590559704455,0.20122466502933722,0.19296011611654784,0.18481804555429415,0.176385530805919,0.1669633886967119,0.15740674067628163,0.14921278629977944,0.14231601685846235,0.13570253125183251,0.12909510721562387,0.12287457224262278,0.11713166033041832
19-01-2026 14:05,25625.95,0.1209638038466866,0.11357962302164276,0.10870664710385616,0.10599139211244282,0.10404373498897398,0.1024516825100305,0.10156913863949181,0.10194304564674729,0.10372850617686154,0.1065324941894002,0.11004628042478576,0.11555853350226407,0.12970517680078913,0.15635366635736542,0.19724768583798333,0.20511060330946138,0.2023927331794027,0.19404287897763298,0.18555256803465756,0.1766537716372438,0.1669965332308826,0.15784387964558028,0.150228682625891,0.14342658093630964,0.1366385176041738,0.1299635190940577,0.1240381791496996,0.1191013784189491
19-01-2026 14:10,25615.15,0.12329199692403596,0.1145921399751494,0.10874826091737516,0.10554710831911486,0.10351757682917613,0.10208668570515095,0.1013950769709879,0.10188307604599986,0.10380181057740158,0.10668309426366276,0.11011514525803398,0.11505884165002919,0.127678643314131,0.1522274138006884,0.19530837348131122,0.2046458570888502,0.20219493697136912,0.19368740763993628,0.18518110905054694,0.17599179636148093,0.1659673096274365,0.15693073538970748,0.14954875286743768,0.14269168046512604,0.13600629138910833,0.12988088772910553,0.12484393009721602,0.12104686983853513
19-01-2026 14:15,25589.9,0.12511330384668662,0.11878696145418087,0.113674290257928,0.10992855127759125,0.10715914373303932,0.10519106964111968,0.10412048753964571,0.1042513126338104,0.10565835298584494,0.10797144775867433,0.11113919870275195,0.1155678298450028,0.12650170818920745,0.14858844578838107,0.1930762992387272,0.20348652046431281,0.2010033061181788,0.19211348120282393,0.18384180569247982,0.17542049364713572,0.16595018486924618,0.15671642725557416,0.14865577523010323,0.14130511272754046,0.13465327252040035,0.12889837261144663,0.12417061034373313,0.12047280459752703
19-01-2026 14:20,25610.85,0.11772018038466865,0.11433289576925067,0.11097698002404169,0.10800913140917881,0.10567348117382452,0.10405806565165504,0.10338875605678156,0.10387489878741986,0.10522664669512108,0.10716401709714227,0.11016957844417667,0.11527306558874065,0.1281258564357657,0.1528653164407806,0.19552531649182553,0.20400080767456105,0.20089444106140183,0.19208891199308065,0.18389129817013475,0.175837712450978,0.16694656279294623,0.15785011178504696,0.14960681163619405,0.14218387163585494,0.13543393036748816,0.1294291772855438,0.12423902992902663,0.11977095409392789
19-01-2026 14:25,25607.6,0.11263074999999992,0.10910848437499991,0.1061938124999999,0.10401769903652193,0.10236201187420552,0.10121566059326405,0.10097918480320608,0.10189834193076475,0.10353713387931873,0.10566810354247447,0.10889551909412487,0.11477032419023898,0.12955444632320878,0.15691923698468885,0.19771717967220584,0.20434533684727224,0.20080506653010474,0.1923990010524558,0.1842152525314844,0.1758949471602,0.16727920810451105,0.15864684514638602,0.15031469534186873,0.14258454109480964,0.13576610920323506,0.1297754251008455,0.1244720483168814,0.11979361039121342
19-01-2026 14:30,25603.8,0.11734677568622756,0.11259011900733533,0.10873672035538913,0.10588770953417881,0.10368793527629083,0.10201558518651999,0.10127135349132096,0.10183677712704839,0.10344094844422277,0.10589390623396011,0.10958835947027731,0.11517383662149432,0.1280365172162485,0.1524104054959606,0.19460528127515941,0.2031104112862269,0.2003684099662421,0.1919948576624179,0.18350634217462078,0.17496642371077736,0.16671893264536627,0.15850840964623053,0.14990374385651847,0.14166952378626504,0.13476264950670575,0.1288334782012427,0.12343587362579424,0.11867050247449343
19-01-2026 14:35,25599.55,0.1194667568622757,0.11515564319835331,0.11121403167889218,0.10792095376591779,0.10527616945610133,0.10319430129504134,0.10202977825380245,0.10226634076003449,0.1037788988307937,0.10636876816753955,0.11029253717856402,0.11535734614175822,0.12608076375652075,0.14734777667727594,0.19166726481722146,0.20218061273994992,0.2002924964820338,0.1920337436506771,0.1833551530872395,0.17463257947525831,0.16652895571815984,0.1585720614791031,0.1501399912058895,0.14204115118326766,0.13511897847921617,0.12894474385918414,0.12316150045875325,0.11792892524744936
19-01-2026 14:40,25614.95,0.11512896235209627,0.11180418900703602,0.10872976327200595,0.1060923150820511,0.10391787564393809,0.102208867380241,0.1012828027112769,0.10156452149707897,0.10302212228739693,0.10551154446721332,0.10922184763437702,0.11401658546594631,0.12474326259405633,0.1464765837515764,0.191950502949579,0.20235594410344304,0.20040788152848205,0.19241204757678373,0.18410956761667377,0.17543681193890803,0.1670862237110305,0.15897109316244437,0.15069401620900638,0.1428811320751321,0.13612048595587128,0.13006313699009894,0.12431895863215059,0.11881704473869935
19-01-2026 14:45,25620.55,0.1108612568622757,0.1086542381517832,0.10653831693063422,0.10453946703433836,0.10274957376236699,0.10135390750292518,0.10064684627966647,0.10095553297387039,0.10232585422310846,0.10467074227958963,0.10811974068706676,0.11269193635150938,0.12366041456107134,0.14621168033182083,0.1927062851625243,0.2030749261688485,0.20096307387746032,0.19289301279446924,0.18489744288682833,0.17648041658823982,0.1677696444511531,0.15923246903825977,0.15109862288613488,0.1435709803424952,0.13684489221318794,0.130865128007813,0.12538051405243575,0.12011044738699342
19-01-2026 14:50,25623.15,0.10797277568622757,0.10622966229163412,0.10477234467759379,0.10340474895932326,0.1019593597890042,0.10068793237687357,0.10008871699464932,0.10059737392373146,0.10212038467282045,0.10437016883785206,0.10760538867550701,0.11208283582322552,0.12313231215770945,0.1459048445666321,0.19322016542987602,0.20428780624504395,0.2024131194706214,0.19413656348152833,0.1859547141429853,0.1775229434078482,0.16867380823179426,0.16005706361334254,0.15219417749474354,0.1448810676864493,0.13796200235130635,0.13161993015906626,0.12598944819549565,0.1208758052965882
19-01-2026 14:55,25624.2,0.09942475,0.09881916228673784,0.09891316507919433,0.09910517614417533,0.09868495914662971,0.09791527644464905,0.0977470137711941,0.09894697492458814,0.10103963091510276,0.10334772992348361,0.10654969273224008,0.11118689499811461,0.12239643411881172,0.14533051823881243,0.1935849696816715,0.20567338108997824,0.2043243301457849,0.19596362279216487,0.18726552239887168,0.1784160123979952,0.16974572167632937,0.16156810588542056,0.15383066522590516,0.1464013701281911,0.13928635339107948,0.13255862770630605,0.12652040431315512,0.12124319738699343
19-01-2026 15:00,25629.95,0.08924649999999999,0.0915655120342988,0.09365022937852696,0.0949424881240945,0.095210886013136,0.0949277780021367,0.09521716097344958,0.09698039733869925,0.09951758607644332,0.1020502893444702,0.10560226717129306,0.11075905880398587,0.12229126533870582,0.14529063725537888,0.19343894275461138,0.2055263253034568,0.20427700470168295,0.19592901693999223,0.18703509864418638,0.17814104792527746,0.16984722701831897,0.1620067778277617,0.15424755527536688,0.14675689189917016,0.1396737413523068,0.13289914907677336,0.12678133033329356,0.12154279473869933
19-01-2026 15:05,25604.15,0.09010275000000001,0.09309409861455416,0.09489990328680561,0.09537570718089092,0.09511901944878004,0.09474106514530908,0.09503463957512528,0.09669078168624083,0.09923821931342497,0.10207830577161123,0.105956469280591,0.11136765454292392,0.12306349853879703,0.14590767379640746,0.19262047543175131,0.20382076557432258,0.20211183739030758,0.19367207672574732,0.18501594673506513,0.17654527118811758,0.16848310123160665,0.16064427967405825,0.15290418333038283,0.14551080041414308,0.1386659260026414,0.13236823097377556,0.1265854650885338,0.12118900000000002
19-01-2026 15:10,25595.95,0.09164236393041542,0.09548268871014859,0.09693370067270284,0.09636398179233349,0.09543642339433281,0.09493404392989495,0.09517780727482099,0.0966104922302084,0.09920674532318807,0.10264381050564376,0.10699368661718392,0.11247798214202324,0.12423127087204604,0.1470647055127975,0.1925067391004459,0.20313473146383498,0.2009551349957938,0.19211820529319024,0.18325781863862423,0.17442213688828326,0.1656775113757576,0.1576454597720132,0.15048977235858296,0.14387698964476667,0.13776458436807804,0.1321756819014974,0.12672746854943293,0.1210735
19-01-2026 15:15,25590.9,0.08715713930415422,0.09357291501429485,0.09610255222659245,0.09553798403836036,0.09459492255270993,0.0942985302516414,0.09473362726241161,0.09623366461995995,0.09902005762072527,0.10300043102095503,0.10849078980900038,0.11649865731026092,0.13103827299418755,0.15469900125938257,0.19471142390312174,0.20344828870597081,0.2006303030045415,0.1916454572464909,0.182418791276176,0.17281227244766564,0.16307556802482462,0.15471908750000724,0.14821514348982492,0.14261064263805054,0.1372850684283229,0.13205774609416393,0.1267162767518114,0.12116450000000001
19-01-2026 15:20,25561.25,0.0887074761992164,0.09419355601764112,0.0963791273364879,0.09596804547900045,0.0952196750676753,0.09501348696207018,0.09547232857056703,0.09692960988807735,0.09968282668368407,0.10378729890443855,0.11028832359430595,0.12105070211609603,0.1382348970031252,0.16203111958139377,0.19605247307258722,0.20269618583956828,0.19935283591433015,0.19061968214844804,0.18143327684362984,0.17195218718819363,0.16277384402746126,0.15481675125893524,0.14810852467109678,0.14212546505396706,0.13660149855123999,0.13128253792911915,0.12595087455018106,0.12057925000000001
19-01-2026 15:25,25558.3,0.09569046435636491,0.09824919056340396,0.09881602025525671,0.09797607575311322,0.09726854848649663,0.09714619549937915,0.09755876093089315,0.0988591010372621,0.10155304832927979,0.10599877162623955,0.1126881042161475,0.1217546341214342,0.13588925178563863,0.15765714389430371,0.1936164795506074,0.2001577801880888,0.1969796947241554,0.18899360592679307,0.18055954501001686,0.17172681801525544,0.1635702728438463,0.15630618724962278,0.1492819854138639,0.14265475851879048,0.1367949716329619,0.1313518528971289,0.1259767812499999,0.12063925000000002
20-01-2026 09:15,25559.3,0.09920222740995058,0.1004082183627477,0.10050018927017573,0.0993854433210751,0.09851821047073753,0.09871219638516932,0.09954972181913645,0.10106718433775759,0.10394355259602579,0.10884030545564669,0.11548904622884248,0.12276259118248116,0.13489952547101192,0.15666190448669168,0.19330507594751384,0.1983296025912143,0.19486471384822235,0.18790054041074322,0.18082348748815325,0.17279458402404546,0.16476077691242774,0.15731147260821987,0.15015801610317103,0.14360848832694978,0.13791735423858223,0.13255233326948512,0.12719649485829432,0.12190025
20-01-2026 09:20,25552.55,0.10011152414421699,0.10100078659045009,0.10151932295215695,0.1004796580070692,0.09920609677648287,0.09945045448325782,0.10077131736163286,0.10274988254282276,0.10589038680629335,0.11071193282297262,0.11703882710642578,0.12463463619703916,0.13815995770215975,0.16149369452681334,0.19506640556225252,0.19846012642075317,0.1944463599687185,0.1874777869580151,0.1806350994973941,0.17299043651154877,0.16498714214361473,0.1572722429433789,0.14997952236528628,0.14343896064796594,0.1378164777582282,0.13256344980513646,0.12740497494515504,0.12247599999999992
20-01-2026 09:25,25506.85,0.106364717464338,0.10629302225727283,0.1059149381753516,0.10436746986712954,0.1027621707577918,0.1025471235693894,0.10355804322481321,0.10566125903294876,0.10907174186403878,0.11371565344551669,0.11945990220190829,0.1264636521141362,0.13892722038906527,0.1603344704384898,0.19356602470908116,0.19785809687103534,0.1940185477591036,0.18640283770784252,0.17877492465956948,0.1707609831249029,0.16270047292002884,0.15509657698383938,0.14796222190725702,0.14136045206521436,0.1355273567047718,0.13020652357385268,0.1252158273214096,0.12064624999999998
20-01-2026 09:30,25488.8,0.11460293717842693,0.11198066373209986,0.10978113299692449,0.10792355518013858,0.10679464328220688,0.10661600031762006,0.10719178144237938,0.10899025372219967,0.11248317009642514,0.11730072720420684,0.12291182505297747,0.1291075594239117,0.13978736358167115,0.1587424589060274,0.19240314915739884,0.19747284224418046,0.19363547943163809,0.18550555240495806,0.17736214435638037,0.16891789888915656,0.1604574298754646,0.15272386406264155,0.14582933408249932,0.13940313365469792,0.13351026447293643,0.12824118718181537,0.12345168441357823,0.1189909999999999
20-01-2026 09:35,25481.8,0.11864030995848548,0.11433132792853519,0.11129512278295091,0.10955023236818875,0.10888213629975001,0.10900285542269057,0.10958479103443657,0.11124732542766005,0.11481560392292892,0.11993223197075584,0.12560903907057358,0.1315329657805831,0.14177629471356656,0.1600816823702635,0.1932980967503987,0.19857475871291252,0.19438712039599249,0.18569630821674452,0.177348163402807,0.16890793051395522,0.16023816608986172,0.15216032705109664,0.1451673780819649,0.13887289651305312,0.13308413229812488,0.12790366017651683,0.12324937485494941,0.11891099999999992
20-01-2026 09:40,25461.45,0.1201945363378312,0.11667770397924998,0.11380732618136757,0.11176412036451334,0.11063754563229969,0.1103719847253733,0.1109631815034463,0.11294850885057083,0.11684070333538472,0.12221881057519465,0.1280112899114938,0.13384159949723548,0.14380426463016147,0.16161532826647437,0.19437231935477858,0.1998423308227012,0.1954594450003166,0.18640034071635908,0.17794233448131513,0.16964155204683876,0.16109313288722493,0.1528713563412178,0.14544751490544663,0.13869279285628583,0.13266485639105635,0.12749880754409854,0.1229372761105848,0.11864886418720738
20-01-2026 09:45,25463.25,0.11783203360664221,0.11508786148710468,0.11271474138887089,0.11093745598824502,0.10987803807075243,0.10959768247260893,0.11043099076524072,0.11285776963842589,0.11697666864623339,0.12246231708505534,0.12856261119085696,0.13465160441251042,0.14465700989684424,0.1625699948702635,0.1956786344338126,0.20100769742502939,0.19644646807739077,0.1872484857595746,0.1787176311715522,0.17042022598163,0.16199785087996804,0.1538650263199522,0.14619928825879033,0.13892189192278087,0.13265617927559842,0.1278633377679541,0.12376296871917566,0.11956839187207402
20-01-2026 09:50,25462.3,0.11539919272507551,0.11243791834413766,0.11037463984757709,0.10918374343140322,0.10856130538183002,0.10855733108211907,0.10963425669200935,0.11224726205894425,0.11629864695163547,0.12145773506378049,0.1274187133974311,0.1338072643673809,0.1443139613145574,0.16274383073702633,0.19582322214037032,0.20073828354063145,0.19604482726530803,0.18691051151607457,0.1784603489402351,0.17022604817255874,0.16187129822160545,0.15380364064363322,0.14620452260272865,0.1390563359066926,0.13303195316306252,0.12858431198325046,0.12481760899343489,0.1208375553697333
20-01-2026 09:55,25459.95,0.1186998292319629,0.11548026688145373,0.11309184188809002,0.11143948362177208,0.11036955023179423,0.11002491575389294,0.11078861523740632,0.11316261827312049,0.11697234967917133,0.12165776620467555,0.1270966783029105,0.13335373502225423,0.14411830864642003,0.16286874165367107,0.19498188356893387,0.19931556170084969,0.1948498278910717,0.18618286653398458,0.17779861202397326,0.16942487956849328,0.1608622478410554,0.15230448456133291,0.1443190291883898,0.137596634211339,0.13228937585906725,0.12793684528513213,0.12396786497009761,0.12003339187207401
20-01-2026 10:00,25467.2,0.122786157815654,0.11934151838495072,0.11641565179459903,0.11401155806342146,0.11232768211338412,0.11154976503104605,0.11190100117733152,0.11397533333257863,0.11769094522178115,0.12225734782909739,0.12731464641446988,0.13359571463997605,0.14565190720385499,0.1664966537006997,0.19654888643486085,0.19935951945595487,0.19470326555091474,0.18632894884573334,0.1778265653414037,0.16917491086660089,0.16032918048889977,0.15122987533539933,0.14274380774884127,0.13616806023462202,0.13126700498150734,0.12685654088426904,0.12258304523627596,0.11851621301152371
20-01-2026 10:05,25465.6,0.12067613228968092,0.1177612786803417,0.115152390938172,0.11294448191023411,0.11134242236323084,0.11055844762098445,0.11091826112217797,0.11297338468569351,0.11669959465297464,0.12132203619756202,0.12631111709054804,0.1334123507569197,0.14832676759210367,0.17312478390596894,0.20033553379233623,0.2008632518978198,0.1953017671047292,0.18672838025200075,0.17809381340947403,0.1693922994783233,0.16066032596605542,0.1519571876863329,0.1438823973347771,0.13716628807442272,0.13159447812063138,0.12663877215149116,0.12218344510629364,0.11800123824316301
20-01-2026 10:10,25484.8,0.1175901382289681,0.11525075443053409,0.11309337503131711,0.11125472139900028,0.109845132028104,0.10907548122445297,0.10949808185062389,0.11162587423353684,0.11523344494969648,0.11973916512918427,0.12494541888489805,0.1324835624778738,0.14775317987477984,0.17279412298851207,0.20045229757729272,0.2011325184185555,0.19550393839671598,0.18689411111974483,0.1783722556296459,0.1697914431357097,0.16127986072160544,0.1531122656436332,0.14558176785847762,0.13874692135425065,0.13246158507369785,0.12697065423193885,0.12237606913738294,0.11809077883769349
20-01-2026 10:15,25468.6,0.11801800000000001,0.1153948281249999,0.11302884374999991,0.1110720133297694,0.10961860526714748,0.10876861589589526,0.10909309835508597,0.11123235441374654,0.11475505362064582,0.11902984995898472,0.1242395522111732,0.13101891693617557,0.1434863539968793,0.1646614758717224,0.19631888709159656,0.19986424677870956,0.19505752547775712,0.18643690386759745,0.17815424185964485,0.16980690010709812,0.1613789687499999,0.1532319708227684,0.14568725829107398,0.13881870933914545,0.13256431156395646,0.12708022977915145,0.12237736151504722,0.11799748824316308
20-01-2026 10:20,25485.6,0.11425775,0.11237618673060534,0.11057384067242165,0.10899844843038005,0.10794720538730262,0.10758424012265408,0.10819395987999832,0.11029491513596267,0.11371311566686962,0.11795116099202209,0.123109430560016,0.12923823821423172,0.13994988169428127,0.158853862945606,0.1933860588715362,0.19934406917115366,0.19533422625109886,0.18661915834294057,0.17832902018711716,0.17006357821801882,0.16164015964168513,0.15336573298132086,0.145585743034884,0.13865775080579348,0.13270086842405845,0.12750027155551202,0.1228886645823654,0.11868584882431632
20-01-2026 10:25,25487.25,0.10994912930804261,0.10941435864123723,0.1085646025104704,0.10751648179238674,0.1068041860045052,0.10688797272460249,0.10778075749594804,0.10960199328194986,0.1126743131998482,0.11696825009580956,0.1222379183287417,0.1282643585151931,0.13880931962143195,0.1576045889069107,0.19242911892048692,0.19876485558587076,0.19541616500012557,0.1872153846677365,0.17879626756618347,0.17020844725888376,0.16175761601642882,0.1534181426998515,0.14540809979583086,0.13850347157588702,0.13284618798237544,0.1278747523562155,0.1233897690220195,0.11935849999999999
20-01-2026 10:30,25478.75,0.11170079308042612,0.11177730575272693,0.11093823059112193,0.10974221339195697,0.10885584533339959,0.10862986528447208,0.10917512099380461,0.11058916798076943,0.11327721967852558,0.11730275137163311,0.12234005770479428,0.128143479872541,0.13863813668982541,0.15767025078161703,0.19240768709299297,0.19798941002226245,0.19467893709902842,0.18685332751286873,0.1782181073978525,0.16922782781377013,0.16087399724113624,0.15270278847224455,0.1446563645459783,0.13776731683182084,0.13214030681127825,0.12712761427513702,0.122534298762233,0.11827100000000002
20-01-2026 10:35,25473.7,0.11279157754476699,0.11321478946434678,0.11215874337677256,0.11068135619695522,0.10964641741963088,0.10919560993539858,0.1096172922871758,0.11110096338665522,0.11372815037719551,0.11737874691434226,0.12200519227413592,0.12757884829248803,0.13809231659350552,0.1574772595442333,0.19337809510861104,0.19885299613015872,0.19504745293123443,0.18673713443076334,0.17775505604528974,0.1685520404915377,0.16033456990959696,0.1525116117751098,0.14465333470369582,0.1376187567199066,0.13169368462746964,0.1265010927098775,0.12178695006761171,0.11730225
20-01-2026 10:40,25492.55,0.11107154308042612,0.11109836174220697,0.11001118286277028,0.10850754584041883,0.10745844193290181,0.10726340295331445,0.10814819036254028,0.11009365283864156,0.11295910872781909,0.11664206222372221,0.12129607196672172,0.1269308362640221,0.13753111082151262,0.15709600962916487,0.1941765282782773,0.20010955512323217,0.19603649846638396,0.18729246900901483,0.17825554299966453,0.1690870258774099,0.1607715385231114,0.15297648885540757,0.1453016688998045,0.13828168992264206,0.1321996670644034,0.12692910584599262,0.12226846753888482,0.11788900000000002
20-01-2026 10:45,25480.45,0.10960537930804261,0.1094758041123377,0.10838120809883384,0.10684359734322005,0.10580494331498988,0.10575268835164274,0.10686157469390631,0.10907063722239754,0.11223790360321818,0.11638449650648666,0.12148956524602644,0.12726147704965052,0.13772269631216946,0.1569863282623971,0.193886799368979,0.2005190657768211,0.19659135478439616,0.18760391943999932,0.17875485498098165,0.16992746376617102,0.16132105253073664,0.15302885742040115,0.1452667041599088,0.13841477233510957,0.13246380661806414,0.12725968667573942,0.12268780714627354,0.1184445
20-01-2026 10:50,25478.05,0.1083345,0.10870790297997977,0.10769085266755365,0.10622220002721852,0.10540329593207301,0.10544806759767782,0.10659857439444506,0.10892608285982143,0.11226431582718231,0.11668085133038669,0.1220692740102179,0.1279940827488043,0.138386342018242,0.1572845947615416,0.193467461429272,0.20060519042041952,0.1968084164542611,0.1874905475134372,0.1786099786333769,0.1699492169696727,0.16071962824956268,0.1514195365983948,0.1434218114895269,0.137121816897343,0.1318501717439384,0.1270909931031653,0.1226981389266929,0.11849750000000002
20-01-2026 10:55,25465.4,0.1084245,0.1083818376374138,0.10728466357245971,0.1060505106305435,0.10549514949935623,0.10569091578688321,0.10694940222629376,0.10938094695664723,0.11273499572312073,0.11702255864505832,0.12236117293239114,0.12853137366374298,0.13913155671859637,0.15785889904237654,0.19335755936232715,0.20019414521711204,0.19639397569558736,0.18715325642001962,0.17812682565171564,0.1690406184093412,0.15913007132621199,0.14931521562539019,0.14146505475941182,0.1357629050432671,0.13107388932298497,0.12669063442404124,0.12246159275194307,0.11831925
20-01-2026 11:00,25459.55,0.10957477454853054,0.10864183523305931,0.10728602917001495,0.1060905101922716,0.10556787108628321,0.10583958036030486,0.10715102271516329,0.1096136887934441,0.11304054596215499,0.11739170580694543,0.12284421624522686,0.12917871293835642,0.13969009562353377,0.1579576216518786,0.19264414203137795,0.1992263572824122,0.19560979650097385,0.18685397506694756,0.17783032275802088,0.16804562015689462,0.1579128023592114,0.1489838574597344,0.14197600477853295,0.13623228204467022,0.13108200512237733,0.1263442431708236,0.12197672230513175,0.11784150000000002
20-01-2026 11:05,25453.55,0.11126424548530611,0.10946152942113276,0.10768963473835072,0.10628507955140933,0.10561217012466546,0.10588029548932486,0.10722858186757284,0.10973432381033524,0.1133046057017961,0.11788105862683042,0.12355373758073655,0.1299622443014917,0.1403014341058336,0.15823259084591237,0.19219655281458692,0.19861017789295723,0.1950545325543836,0.18644519250728014,0.17737524579248096,0.16730838292856332,0.1572066083090509,0.14893574564402987,0.1425105031287306,0.13665005420084061,0.13094866066215838,0.12577360061161535,0.12127825326891362,0.1171785
20-01-2026 11:10,25452.35,0.11460594187355115,0.11149996492619224,0.10904454263893205,0.10728640145499266,0.10628509474669648,0.10635098293815863,0.10764421363144606,0.11018364191634941,0.11385088794973106,0.11849730870999114,0.12411659237352214,0.13045656732706193,0.14083800782997988,0.15882997800871612,0.19208120601743223,0.1980466759697824,0.1942824320687785,0.1854591435896488,0.17622509411264042,0.1665192415505409,0.15698680755007538,0.14869484620957318,0.14183027595339315,0.13570103988037763,0.12991410219598512,0.12469206086549711,0.12023738920578303,0.1163
20-01-2026 11:15,25445.65,0.11724858877440553,0.1134746309832422,0.1106394302921548,0.10862584566960867,0.10732735054034723,0.10712278898514375,0.1082370157403837,0.11068568291405365,0.11437360234312477,0.11911961278204708,0.12468375065064467,0.1307991493779747,0.14106768270529862,0.15908083569796178,0.19182879639592362,0.1974277345121186,0.1934706196457256,0.18449777967043363,0.1751560331915912,0.1657665168931854,0.15681105294275924,0.1485648919271973,0.14119251638958982,0.134704133367495,0.12892818481651758,0.12375845772851124,0.11925250768415374,0.11530374999999998
20-01-2026 11:20,25449.95,0.11662911229179616,0.11430662283643558,0.11222742418961161,0.11026505440027534,0.1086590461369853,0.10806897879450501,0.10889490856111732,0.11118352867695197,0.1148458682394997,0.11965531501175833,0.12514220181107022,0.13100698866494553,0.1411613333183239,0.15932579501490918,0.19214786420017696,0.19716860066201522,0.19284656051738364,0.18384802358480568,0.17461971707852839,0.16533351539441274,0.15646610457615215,0.1482369454760726,0.14080676195811026,0.134194938863547,0.12825217657840174,0.12295364118912205,0.11830485421319964,0.11409749999999991
20-01-2026 11:25,25447.1,0.11414222772650612,0.11366498029816573,0.11259788696153941,0.11085751836435835,0.10914910773273404,0.10841298822033264,0.1091404310539768,0.11139985707752212,0.11501115013728873,0.11958145634396597,0.12477550660518905,0.13063579502206407,0.14111724907245998,0.15976075828227979,0.1925555664960434,0.19705533866708805,0.192540788812161,0.18353907374080766,0.17436604833450897,0.16534656527974928,0.15686494053180727,0.14880712064144658,0.1412501315853161,0.13434595114936074,0.1280590553828594,0.12255014648769103,0.11785759502133919,0.11355725
20-01-2026 11:30,25458.7,0.11281497023188476,0.11212852385199172,0.11086006365152072,0.10915229154555615,0.10776449606771989,0.1074004916752596,0.1083857422254037,0.11076446492075569,0.11426258063087755,0.11859389592503747,0.12384373214932162,0.13045384851301234,0.14236912487022935,0.1626497673264404,0.19388511449831758,0.19775156750819292,0.1932832000117543,0.1842931406079914,0.17505773102851233,0.1662967842219122,0.15808331487848024,0.1499959817045305,0.14216819275048947,0.13499393618424305,0.1286074630121352,0.1231335480668902,0.11853563411540456,0.11434673525064538
20-01-2026 11:35,25466.4,0.11493089181181651,0.11232456477981347,0.10995580817425481,0.10794251763095473,0.10659316961452736,0.10634136947258266,0.10745980688733049,0.10988552443124276,0.11326888287436918,0.11760609533171187,0.1231821314839465,0.13048900936893348,0.143500991197983,0.16495906323971185,0.1947767796746076,0.19794423615562529,0.1932278446788796,0.18449805928455737,0.17579264166330527,0.16722901181487068,0.15873211123893385,0.15024949228263,0.1420034110017817,0.13455001189382573,0.12834062183004372,0.12326540573193913,0.11894694223773741,0.1150261025064537
20-01-2026 11:40,25461.5,0.11865940485227171,0.11434739475247264,0.11101135100883197,0.10856731751544668,0.10694194405513303,0.1066164968281956,0.10781392924104281,0.11016204091829111,0.11330626186813192,0.11747152600937757,0.12294476946890268,0.1298286511829748,0.14177500372365962,0.16182591914180935,0.193034641127249,0.1968327258595989,0.1922055266021287,0.18381650450054463,0.17569760016012873,0.1671853299221699,0.15825257261350953,0.14936175806274923,0.14087938898841695,0.13334132751908262,0.12728688692998663,0.12244647265798393,0.11825342439489722,0.11445723451161667
20-01-2026 11:45,25463.2,0.119425,0.11492467520023272,0.11127756810961209,0.10863310110734718,0.10698704545537743,0.1067826073845472,0.10814358055203713,0.11046609178180013,0.11342833732984084,0.11744949853341705,0.1228634607305851,0.12931738693047154,0.14009852072384918,0.15875520890431624,0.19185135820800195,0.1968338067131335,0.19276129864609892,0.1842747088608448,0.17579233055750934,0.1670741752819696,0.1579262661020674,0.14866925032872544,0.14017738839312066,0.13303911723920614,0.12713286462355602,0.12202078816352331,0.1174486829668681,0.1132341025064537
20-01-2026 11:50,25474.5,0.11553350000000001,0.11172332588507146,0.10855224495410937,0.10634149609649769,0.10512454654748772,0.10525693093843055,0.10681718968899682,0.10918909386708123,0.11224830727338096,0.11657483218214876,0.12238025352745768,0.12904448426077103,0.13959839555602058,0.15761543669535977,0.19011129390252374,0.19581465385949967,0.19257283125927516,0.1845546854538797,0.1761713529792924,0.16763107021881465,0.15871287674093462,0.14939226507135275,0.1407522005621868,0.1337492411450848,0.12793236947199818,0.12263465482675759,0.11781516160111408,0.11331798525064538
20-01-2026 11:55,25481.0,0.10808075,0.10563507753091071,0.10379061570207655,0.10261778761017108,0.10224437139701423,0.10328708600007827,0.10552372264481633,0.1080178879348869,0.11107663290182171,0.11565509112626787,0.1217297278643503,0.1286069131309839,0.1392070844250119,0.1567832568507574,0.18793408050247173,0.19425034634079866,0.19183229030948173,0.18465272128221707,0.17679676461982802,0.16832512446722347,0.15944593491846293,0.1503673407685627,0.14183812128341622,0.1348349850648121,0.12913188238325,0.12401535879264039,0.11937383368172659,0.11506075
20-01-2026 12:00,25467.5,0.10108600000000001,0.10058047962809108,0.10025913350463653,0.10006810087373283,0.10046661003977132,0.10231712098337405,0.105144202831347,0.107864394924155,0.11109399287912339,0.11590937927348102,0.12211668170873217,0.12913141318809832,0.1401126447636822,0.15827285221980017,0.19010342855711604,0.19645113209807688,0.19357982906986296,0.1856700030765438,0.17715864010765217,0.16817808853765387,0.15905145543660365,0.1500476445788329,0.1416791826171701,0.13482367673345946,0.12938601439865122,0.12462679706413973,0.1203364607808188,0.11636475
20-01-2026 12:05,25450.2,0.10121650000000001,0.10121282392867395,0.10110954058051082,0.10096187080367387,0.10133261790754802,0.10293487321982099,0.10550058456298768,0.10843732893633329,0.11222369290483945,0.11742069426830237,0.12375442771696621,0.1308371171178651,0.14205056484041814,0.16073708002234696,0.1932753294707152,0.19870606432980947,0.19463958173041748,0.18550307847644218,0.1762195528153562,0.1669708700480567,0.157375514329472,0.1476940104622729,0.1392318701456228,0.13278457126417978,0.1278012052745622,0.12351447444912075,0.11965721567473546,0.11601080555337301
20-01-2026 12:10,25433.1,0.10644356879973374,0.10548966123780441,0.10453745515102433,0.10375257004200959,0.1035658746236864,0.10442552306707525,0.10640913099902921,0.10943486411409403,0.11360756732711662,0.1189467634844409,0.1252890427946629,0.1324565149286517,0.14369081496713926,0.16219359147529827,0.19410029266609627,0.1986203215964403,0.1939464012256046,0.18444778471319656,0.1749042468499347,0.16546787244549305,0.15541899008487842,0.14524446140926156,0.13702208138576963,0.1311895265999157,0.12654111416067926,0.12246516408199705,0.1188758537284515,0.1155468055337309
20-01-2026 12:15,25439.15,0.10858043799733752,0.10704570647678091,0.10562075515834875,0.10459842812510661,0.10444015163261255,0.10538178134236362,0.10731562269863663,0.11019350270989764,0.11416037235987722,0.11930158302274727,0.12559445551245402,0.13286673312157316,0.14414312281558322,0.162484200654467,0.193427643293819,0.19689398053083174,0.1921168948670349,0.18334620666419715,0.17436048373934562,0.16508690276679852,0.1555825962746822,0.1463743446663953,0.13869537800928725,0.1326407023710106,0.12739145374229455,0.12281397879325029,0.1190585610902724,0.1158508801604098
20-01-2026 12:20,25436.4,0.11109098839520767,0.1088035051519689,0.1067962118784309,0.10543631309355175,0.10520835101731124,0.10628401276854264,0.10831220108031663,0.11106213695412173,0.11475641510054338,0.11965972802218419,0.12581160011393208,0.1329608899286517,0.14406554487028525,0.16218176108788218,0.19194157622313515,0.19471332694684562,0.19012552296432428,0.18226480311741614,0.17414500402966845,0.16538032147339382,0.15655765190395293,0.1481901709511089,0.14060223969634908,0.13383774228685474,0.1278462926321411,0.1229157426108143,0.11911864114147251,0.11591472311999164
20-01-2026 12:25,25423.6,0.11414348824076842,0.11155191333009884,0.10897588375392217,0.10694988773383118,0.10604802281198825,0.10650384468183202,0.10832296027759078,0.11142454858350223,0.11557653583737056,0.12061991606817696,0.12669553434566466,0.13372575303515857,0.14449981644383497,0.16189906819682306,0.1906648888281261,0.1946617098651641,0.19078859935719067,0.1827670815044885,0.17425048116872302,0.16537835678421353,0.15660950402866902,0.14827832651580253,0.14056137938882532,0.13357542641208486,0.1275714187802141,0.12303546447463695,0.11979859075341007,0.11695730504105763
20-01-2026 12:30,25431.55,0.11146257123404196,0.11056647764299135,0.1086055621760945,0.10654437856398721,0.10562368951412443,0.10600595388749258,0.10775835386369208,0.11112998501083389,0.11584782224632421,0.12152470518356176,0.12804282462950567,0.13506448609370494,0.14537027397280117,0.1619921634992939,0.190193942767313,0.19537080723539835,0.19200197829756166,0.18346926987054613,0.17421698099997948,0.1651677884248391,0.15657267639951586,0.1483689061758302,0.14071268957449637,0.13381349358468458,0.12792927721460687,0.12348743037438265,0.1202519432342624,0.11733088260468254
20-01-2026 12:35,25423.05,0.10789290438175476,0.10855324206449253,0.10760661468357602,0.10598477883745237,0.10539144658703581,0.10609423326835851,0.10791253986197898,0.1111917498290481,0.11611783506087425,0.1224175316101063,0.1293662247943244,0.1362341688439841,0.14617371575888266,0.16255259723009088,0.1907986604023607,0.1955912650676376,0.19178955825865998,0.18294057728779536,0.17347543429622925,0.16444486068173084,0.15611666209602887,0.14795054168921934,0.1401228758986417,0.13337448283765982,0.12775078768989911,0.12300154027385898,0.11901407691086763,0.11544088425247075
20-01-2026 12:40,25423.5,0.1097185024343082,0.10940830084707628,0.10831379915277657,0.10680526339459075,0.10604468894775411,0.10656997414189158,0.108363217131751,0.111635302583004,0.11654926943854921,0.12269916961930295,0.12931877354419502,0.13608738792832598,0.14627325145744688,0.1629346261313479,0.19129894885691373,0.19550800571137603,0.19125366531461982,0.18230812094624665,0.17259177506853918,0.16311276946080588,0.15482827880177802,0.14692228234911545,0.13911699512771464,0.1325323488068691,0.1272037475159163,0.12241047579419533,0.11820733869877796,0.11465059718519154
20-01-2026 12:45,25416.4,0.11374955024343082,0.11165202746018991,0.10964133590842202,0.10791760897291292,0.10693807834222761,0.10712720338747586,0.10877586988073895,0.11204414208058423,0.11672175285547717,0.12235520462042479,0.12857924242250005,0.1353023156902831,0.14572009792036572,0.16279790037698344,0.19165936325396699,0.19584232242626193,0.19142852460181933,0.1821838639221986,0.17213576940239583,0.16245065925422014,0.1542786996467498,0.14686271613981078,0.1395085228861676,0.13286043055796798,0.12713644704062743,0.1220904743874468,0.117942806747116,0.11465276687257069
20-01-2026 12:50,25426.5,0.11461749999999994,0.11199854027933549,0.10961836498072465,0.10786860227622064,0.10699015099205353,0.10714327522090344,0.10871285734066258,0.11189632058419172,0.11633811227838092,0.12171842616574162,0.1278717636615818,0.1345178485150286,0.14495468172101467,0.16249687185784206,0.1925538449628479,0.19683659514949456,0.19223650476252221,0.18270010562364866,0.1728361419420068,0.1636335636242395,0.15545783690675766,0.14781328361000154,0.14045894423627625,0.13357247477602074,0.12725142260687544,0.12172747283637232,0.11729260797188974,0.11366749750511805
20-01-2026 12:55,25428.95,0.11315899999999998,0.11069095229504164,0.10845572512630991,0.10688806933480706,0.10627403792209715,0.10681788702685972,0.10866731746572453,0.1116879499277853,0.11571882099088218,0.12083966446987593,0.1270408358810524,0.13405474148145094,0.14501118831924625,0.16304451643458207,0.19320817105559462,0.19726079126045834,0.19270231432856144,0.1834144896292961,0.17395484826072447,0.16508343144842683,0.15674105145225944,0.14863672993091703,0.14101482390367798,0.13399147717445395,0.12745503369781566,0.12171694162497619,0.1171385676673313,0.11335800725204168
20-01-2026 13:00,25428.55,0.11154824999999992,0.1089951422898765,0.10705136455782131,0.1058534717046621,0.10550869023263953,0.10643835741622065,0.10863102547171279,0.11159976836077454,0.11536483477948177,0.12035040657554742,0.12668227780806698,0.13454627608938413,0.14717328840759678,0.16697054857156376,0.19505621366226142,0.19775767326043875,0.19291130455122762,0.18373306013447083,0.1742836326291021,0.1655004303051567,0.15725799561252454,0.14915665415413595,0.14148218297658757,0.13438687905117502,0.12776966484255775,0.12198588563802412,0.11749373989261305,0.11395103636641793
20-01-2026 13:05,25423.7,0.11011731588351045,0.10763189744954016,0.10602005323529459,0.10516778136514923,0.10493743246219875,0.10578450468149637,0.1079161562503872,0.11110078116179896,0.11522605352719151,0.12038701657004523,0.12676616555471693,0.13513644651536064,0.14903361608451274,0.17035966382859172,0.19699406981155074,0.19836732150736988,0.19291576944930883,0.1837644459005937,0.17441828175562413,0.16546360148630246,0.1570605370206684,0.14904401981331433,0.1413902659238079,0.1342218505982899,0.12766606348536078,0.1219391136658445,0.11744769376236,0.11402690909245439
20-01-2026 13:10,25424.7,0.10890265883510472,0.10792147265977371,0.10686233929585241,0.10588433927776472,0.10542209579776038,0.10597082869137207,0.10786081231025049,0.11119659008614077,0.11572213222833132,0.12110716407371275,0.12743708012591057,0.13524799726247716,0.1478380675747632,0.16753351530279953,0.19558515454012854,0.19775383306920513,0.1925414704389387,0.18373476543348455,0.17468786598791564,0.16539400731053938,0.15651499815181016,0.14835564958719905,0.14066485579770405,0.133537630778437,0.12713595838764094,0.12140345806986129,0.116817926501715,0.11350851590924535
20-01-2026 13:15,25413.05,0.10784268590318855,0.1083235719608566,0.10776217893081504,0.10665019632562361,0.10611074249434962,0.10662971808481445,0.10833148111606386,0.11155377792381749,0.11638406340132298,0.12220731835582643,0.1283421035442715,0.13484239814292626,0.14546620746383762,0.16342929697227254,0.19357559557174814,0.19729616515246506,0.19270326010607752,0.1838157238342365,0.17465988164036966,0.16554749929041707,0.15676316154265518,0.1482937123774963,0.1404262510423807,0.13354149394806253,0.12727114420991148,0.12136052127179868,0.1166669868721121,0.1134987499999999
20-01-2026 13:20,25432.95,0.10786065883510472,0.10778737206316422,0.10702779117719399,0.10603853816654037,0.105753760387401,0.10643797238419965,0.1080618778542875,0.11115693701016828,0.11612776782015866,0.12214611614777239,0.1279920674108742,0.13373391028933138,0.14372330641300377,0.16150188547311004,0.1928155963072732,0.19757815027111292,0.19320083728450232,0.18387135592352555,0.17455404742361808,0.1658861072960483,0.15747039596622964,0.1489073160765239,0.14093769842313905,0.13419651003406416,0.12807866632101922,0.12219319915833066,0.11745698531926385,0.114267
20-01-2026 13:25,25422.0,0.10786606588351048,0.10700436845631633,0.10599470724271931,0.10515112363418902,0.10502162540615392,0.10584790590772465,0.10773316604511476,0.1110177926357338,0.11572755374294234,0.12121446209409935,0.12695061927597573,0.13305564952089946,0.143272810467867,0.16094136458163014,0.19239588925713985,0.19753274457294817,0.1931009598973637,0.18370325740078922,0.17461328306348547,0.16605975249982569,0.15761854593207755,0.14920636422442562,0.14133442763774434,0.1344651437983306,0.12837273064533952,0.12279463042502997,0.11824121969311271,0.11490728313955118
20-01-2026 13:30,25415.05,0.10667825,0.10586740624999992,0.1050432656249999,0.10446850298841881,0.10460798938658247,0.10584495891214117,0.10828405323964346,0.11188313575975789,0.116404222837324,0.12156111311608125,0.12744857199095985,0.13411349680894546,0.14469027850736743,0.16234369600613086,0.19318926701226175,0.19786614238200878,0.19326253068065244,0.18398707233270006,0.17498330630716064,0.1662701060783105,0.15773895655350872,0.14953729182359152,0.14186357914036096,0.13495883588709887,0.1288620288067238,0.12356110221207067,0.11924820199568403,0.1157523313955118
20-01-2026 13:35,25392.3,0.10920750000000001,0.1079017187499999,0.1067199999999999,0.1059658437499999,0.10610472312812559,0.10755087688750271,0.1102248692207131,0.1138279049453389,0.11829789021487991,0.12362385618283613,0.129802686701959,0.13671507812499992,0.14729474652808555,0.1645419236123426,0.19394003472468532,0.19812745753901925,0.19353635863359547,0.18435306260766637,0.17511756791745997,0.16611321368639165,0.1575045621915643,0.14937090188409163,0.1418359500604034,0.13509560098822526,0.12911542772264545,0.12388280822232237,0.11948932023278665,0.11566584651192131
20-01-2026 13:40,25365.4,0.11412770703029103,0.11198085374336973,0.11000899741240901,0.1086208698570105,0.10829455983217016,0.1093955569716705,0.11188607967917938,0.11547997635727494,0.12005837066234938,0.12558005375515482,0.1319501782798139,0.13897017687391,0.14939223619851327,0.16603231979405375,0.19392507708810755,0.19747275564554617,0.19267050446652711,0.18362012150485635,0.17441950341421775,0.1651599222244842,0.156275510598565,0.14808853853029166,0.14071985402571374,0.13423956973365905,0.12840783333194192,0.12310098144764482,0.11844169282400432,0.11423633139551181
20-01-2026 13:45,25372.15,0.11433101587168767,0.11266927290828134,0.11073693665405182,0.1092266266162927,0.10877528460635773,0.10965302629456128,0.11209022038175087,0.11606750430787525,0.12110847001623107,0.1267005094937122,0.13288264297117994,0.13979939373910072,0.15021241767972962,0.1668151707189187,0.1944163414378375,0.19617464127482512,0.18990103069691927,0.18073538289070387,0.17245652161037273,0.16393217258339648,0.15531556090857468,0.14730301974311982,0.14020941485733074,0.13396828121374382,0.12819131196557504,0.12279427563969436,0.1179843934504222,0.11360453313955118
20-01-2026 13:50,25364.1,0.11223148782513043,0.11191752422353973,0.11056476969748011,0.10928471913805876,0.1089939645956933,0.10983690909894289,0.11225863407633394,0.1164878087604233,0.12183068265070998,0.1273978884055732,0.13331332051771816,0.14006069717902989,0.15049130739297295,0.1672158545718919,0.19490520914378368,0.19566166816217112,0.18833066991883093,0.178774599227847,0.17103804583414864,0.16335048262277987,0.15526030628740545,0.14748275267635588,0.14052633077162954,0.13425978261331886,0.1283558968918881,0.12289677525363865,0.11806426414991542,0.11365523534790462
20-01-2026 13:55,25368.4,0.11146752353905742,0.11163418835051744,0.1105035298507718,0.10926298152646824,0.10901156819798866,0.10990909887809723,0.11228449898430107,0.11633833752413411,0.12161763869876807,0.1273427898492678,0.13337677192214792,0.14011717740408322,0.15057230208805505,0.16738299240693755,0.19520926093576188,0.19730453672434506,0.1907380475394454,0.18074701856558334,0.17222883721397422,0.16425527937627876,0.15609290648561447,0.1482238970287332,0.14114849421871484,0.13486883308153388,0.12927279261099203,0.12431806085793058,0.11992695494115838,0.11586691371929832
20-01-2026 14:00,25369.7,0.11179393414591858,0.1112765257288042,0.10994581399285608,0.1086577394575665,0.10842443626891485,0.10953938741084635,0.11208249629388274,0.11613560424920424,0.12156805849340274,0.12765554597027867,0.13392303963874844,0.1408023253635946,0.15136437083201665,0.1680528615693756,0.1955454843576195,0.19882342962840258,0.19306417455898334,0.18291716584605403,0.17386819186091212,0.16570245145004805,0.15743608070559234,0.14929569258206743,0.1419667816389472,0.13574676614590747,0.1305590324511136,0.12614898709345088,0.12230116380258232,0.11877508866480681
20-01-2026 14:05,25359.55,0.11381045820492526,0.11209219752022878,0.11022240282158642,0.10881740344866415,0.10865794293297953,0.1099757365289287,0.11268732784114789,0.11697235916238063,0.1229526711433461,0.12969609864659096,0.1362290830109984,0.1430078760731334,0.1532898947647633,0.1694292965259044,0.19575495758684303,0.19874279364910796,0.19329557758034077,0.1836989394757894,0.1748034125380838,0.1665088034421958,0.15804585197282006,0.14968347238920837,0.14231061488036809,0.1359743501630622,0.13021301453695708,0.12514308795687396,0.12105985510045156,0.11764743780358937
20-01-2026 14:10,25355.15,0.116132519656426,0.11335704401804758,0.11095343132307642,0.10938221582517683,0.10920893600496107,0.11056556112880549,0.1133198263392124,0.11777138001632768,0.12404127989546894,0.13111083505376475,0.1378747680194973,0.14478257854455068,0.1554668395288685,0.17235989182119232,0.1967586909096658,0.1982893115044369,0.1926082684551699,0.1835136089429466,0.17490793904013724,0.16647029888738812,0.15755392752377806,0.14885558698874254,0.14170661919488137,0.13559971308660584,0.12934789659243062,0.12352497029789794,0.11909678905827313,0.1156480877504287
20-01-2026 14:15,25366.45,0.11783767500721883,0.11440416528386356,0.11171735927591815,0.11008839631745035,0.1097847393224554,0.11095107214079798,0.11359949356127037,0.11788902501892173,0.12353454974272343,0.12981150774004702,0.1364559128480987,0.14437717477025475,0.15719203078249244,0.1767212724407888,0.19853475801973594,0.19826517606774507,0.1920323152802359,0.1830273110704847,0.1745757731977873,0.16617204633420962,0.1570815340151508,0.14822951155726558,0.14114932550524115,0.13528189869149107,0.1292441366918933,0.12351581077328468,0.11901009091084114,0.11530106024025241
20-01-2026 14:20,25356.3,0.1197319432945812,0.11584050171395288,0.11280404733178978,0.11108522237720994,0.1106879104350191,0.11164012481499545,0.11410286739600066,0.11795333503078609,0.12267694443156153,0.12804711846139905,0.1343994876234161,0.14279194110844173,0.1565781950260806,0.1771610340275077,0.19913370285747728,0.19878088050911802,0.19249329744550775,0.18343295906899856,0.17487693770521603,0.16638930569420135,0.15749356451935312,0.14884690172407317,0.1414597802015412,0.13518415409971501,0.12920041811821406,0.12361754125816028,0.11884096959946358,0.11453899999999995
20-01-2026 14:25,25378.65,0.11825991932945812,0.11464656249372643,0.11175951462476948,0.11016488492616522,0.10987273032816394,0.1109253328591451,0.11350882173597689,0.1173093216109038,0.1217435798365149,0.12675546760215947,0.13324230077232732,0.14263892303953196,0.1570211822441514,0.17670293981245053,0.19934380197469306,0.1996764771087257,0.19345414294205962,0.1844075182015523,0.17593675249240695,0.1674445696055027,0.1586632398326447,0.15004323941862713,0.1423249939116067,0.1357658187475875,0.12984092411118986,0.12432955341677908,0.11938782042011613,0.11479149999999999
20-01-2026 14:30,25385.8,0.11311369996551572,0.110653280281434,0.10867565131169063,0.1075910169431704,0.1075929194194202,0.1089154515779647,0.11174435924415645,0.11586425669719215,0.12058499333136871,0.12558672075877222,0.13239115745964466,0.1429943957583339,0.1582114365330165,0.17733164046864835,0.19996089901211858,0.20078311829544612,0.1949004692316847,0.186158669465622,0.17776161124655104,0.1691628869270582,0.160352634633043,0.15169227290717227,0.14389200519467787,0.13734171874285017,0.13155153776155978,0.12624422708567778,0.12148071302141941,0.11699525000000001
20-01-2026 14:35,25374.45,0.11039849965515731,0.10852971832916855,0.10694482288188314,0.10611022295061726,0.10642898999708553,0.10801261908606903,0.11092317403482461,0.11520148311295614,0.1202376298743842,0.12551062956339165,0.1320740713449147,0.14102523133432246,0.1539765780573175,0.1720734484377942,0.1986068985073236,0.20161181264360112,0.19683219241731253,0.18822298342194185,0.17956129180599992,0.17079085275520572,0.16203406985186358,0.15349446690745472,0.1457227462997371,0.13903583816167495,0.1331264548581939,0.12787643375422011,0.12323482718855501,0.11883775000000002
20-01-2026 14:40,25356.7,0.11155609937928322,0.10936742154061921,0.10726719688787502,0.10611249735418278,0.10666417066760127,0.1086143450197379,0.11164634326109407,0.11599548381205632,0.12125265703886812,0.12675199961193148,0.13279899336039752,0.13971756577060473,0.15034866515871442,0.1675875348046949,0.19745880102256338,0.20214571304989148,0.19796058580265155,0.1891573184419832,0.18022822409834077,0.171338131215276,0.16255633069410985,0.15406266031116397,0.1463306409881655,0.13959491141366154,0.13358183614858635,0.12819306757866905,0.12343825306613791,0.11902539227317296
20-01-2026 14:45,25345.55,0.11092874965515731,0.10893132649904355,0.10675204993801685,0.10550388667968177,0.10627364219022435,0.10859746237259343,0.11195715221112151,0.11656141693884726,0.12196522554968356,0.12747032552023052,0.13330261708012195,0.13987746435103146,0.15043023131045957,0.1680187992417149,0.19847361873975428,0.20232504059359027,0.19742761726457794,0.18838740860133346,0.1795307125338153,0.1707150538611812,0.16195862827314522,0.15346268531482077,0.14575499927437321,0.13905554506658516,0.13300416684559313,0.1275675088884802,0.12301591081182676,0.11911492273172952
20-01-2026 14:50,25348.5,0.10505994996551574,0.1043949625000286,0.1034756402661355,0.10313726094356025,0.10433882885053897,0.10696718678123683,0.11078648668794061,0.11578782578667246,0.12131076276026051,0.12686867539240557,0.13289088208954583,0.13968375370114156,0.15050491918742387,0.16855393458414578,0.1987102749115858,0.2005688399817309,0.1948006337925857,0.18628902914950488,0.17832363421264985,0.1699692945841751,0.16137468461380888,0.15302059533026668,0.14544700414619738,0.13875567536120964,0.13267730276086567,0.12742312035203163,0.12341545695573002,0.1203435609171132
20-01-2026 14:55,25335.5,0.10064281070469878,0.10101316309432684,0.10134898290379961,0.10204760688837498,0.10372084930723802,0.1066232234477605,0.11078252482392165,0.11618779047989343,0.12230170440680355,0.12847175992693424,0.1347881404263834,0.14162891371316433,0.15231242791189767,0.1698902965997438,0.197753768850281,0.19811599991521525,0.1920371109145886,0.18409238458643978,0.1766632277825757,0.16842481059510045,0.15983852862154285,0.1517363862314881,0.1444765054950128,0.1379799488581146,0.1321597680294287,0.12728204778899851,0.123577547051651,0.12068367273172952
20-01-2026 15:00,25288.25,0.10128560704698793,0.1013300898026077,0.10181412202366916,0.10295219060918184,0.10501414442296764,0.10823413091854996,0.11258287633383007,0.11819242202128348,0.12510044509072923,0.1323534322371122,0.13896235240925298,0.14539786209631747,0.15549235044572576,0.1720982338795389,0.19763099492768338,0.19814241758939982,0.19222802855132937,0.18364854526775923,0.1750468297447866,0.16611955463442918,0.15765369067295038,0.15006042032665784,0.14324271946435113,0.13711140187422416,0.1316773736713721,0.1271091732083188,0.12353571748985992,0.12066842764879077
20-01-2026 15:05,25289.95,0.1014980926845783,0.10147034233060391,0.10215409747472855,0.10380813542275996,0.10648061941254845,0.11018988759704573,0.1148301037117804,0.12055080323016257,0.12766698190871975,0.1353245169525749,0.14209102674942276,0.14832683648042874,0.15812308145377033,0.1743211715997438,0.19898660901231746,0.19976554338497987,0.19385033413699454,0.18446310886990028,0.17467578788610907,0.1652730979820105,0.15723901224413186,0.15030936010297372,0.14401282149532033,0.1383568425806816,0.1333751383018823,0.12917976893011265,0.12595172477284103,0.12348040987932668
20-01-2026 15:10,25245.35,0.10196685704698791,0.10270238106522173,0.10391298719670734,0.10604843762564338,0.10929289703063765,0.11350834158250536,0.11859637914483279,0.12456241708486725,0.13124689599506342,0.13818012713635683,0.14481946928170317,0.1513565125498323,0.16130647017607083,0.1775121795542072,0.20252237561889766,0.20272334792868782,0.19585533451550433,0.1855524196855273,0.17545884680158463,0.16635050489687173,0.15853235320394746,0.15160404111841913,0.14554114210736366,0.14021505692436398,0.13553922866446194,0.13183579728726263,0.12912675209535873,0.12698444799260628
20-01-2026 15:15,25238.75,0.108446920244041,0.10874016094897158,0.10940867505189866,0.11107872407997975,0.11410761695546777,0.11823365416657645,0.1232963509499944,0.12917084006841234,0.1352815451248477,0.14147208036239545,0.14797876615880765,0.15478703206198574,0.16476046395795452,0.18068168928153167,0.20591449245942095,0.20588942804979143,0.19820168853051096,0.1868259475745932,0.17633941293464678,0.16753423868973272,0.15954462558258298,0.15190749697457603,0.14544398122816804,0.13984619996095188,0.13479113871434345,0.13086605959423067,0.1279897632610717,0.12552578959002023
20-01-2026 15:20,25191.85,0.12148960711465501,0.12002044341664811,0.1188350498590928,0.11877734604695198,0.12039389142672179,0.12345004752371895,0.12772147194473604,0.13287746434853429,0.1383527309009741,0.14427547127477117,0.15079965856043845,0.15755063395776414,0.16707135700158632,0.18200515148822474,0.20568580536429382,0.2060957548119452,0.1987661464118739,0.18728248190840002,0.17649502933670866,0.16751112675479207,0.15930907541621941,0.15119512868790633,0.143905499994118,0.13739549911181276,0.1314297884416915,0.12636111283626253,0.1221745667744436,0.11843410277878193
20-01-2026 15:25,25185.2,0.13717658892048326,0.13384170787309266,0.13049425933170963,0.12834210465242363,0.12810716708430908,0.12963106461190177,0.13282971513048142,0.13712814409669882,0.14191991061645517,0.14763192550164658,0.15414977581961284,0.1606312561400111,0.16954456156079334,0.1835596750479892,0.2054624077548156,0.2059794292768114,0.19920349648157704,0.18846922393713494,0.17796730971917735,0.1685548382903626,0.15997181514871536,0.15159629637706812,0.14342506825784093,0.13571175550651832,0.12857673978166906,0.12202193984326946,0.11599506553530367,0.11030671723216968
21-01-2026 09:15,25171.75,0.14642780637560285,0.14143021815829485,0.13671249036307637,0.1335887504708724,0.1324846076492502,0.13311834650746845,0.13556442770221425,0.13937401808552008,0.1440027322345813,0.149719041015437,0.15626620260364504,0.1628293607082669,0.1719387312968877,0.18632912203626664,0.20858637002776254,0.20904052038889764,0.2026192735835789,0.19250543512798757,0.18191108781958695,0.17157274924399885,0.1624347280125471,0.15407047910958735,0.14562595477896156,0.13719856870827274,0.12915789062499988,0.1215030556207327,0.11407927122439654,0.10673088993172435
21-01-2026 09:20,25204.0,0.1390887267516645,0.13433166179536732,0.1301349289102971,0.12779591766502776,0.12747801048332824,0.12870979649337427,0.13144906901927336,0.13539389378544525,0.14036366672066283,0.14648305536088646,0.1534057655744251,0.16059635413295006,0.17085348867979644,0.18711925683623587,0.21308223708858792,0.21435193441812564,0.20833657474924827,0.19836737708127394,0.18698527841301493,0.1753182334990489,0.1660140423384256,0.15856171465140106,0.15077995350171786,0.14244818749999988,0.1343318593749999,0.12659914145110168,0.11885977058161014,0.11080576321762725
21-01-2026 09:25,25249.5,0.12816348929128482,0.12388110484629303,0.12061792192555107,0.11937348651298946,0.11993059552367129,0.1219378982827969,0.1254575848962114,0.13000585010769303,0.1354517653579198,0.142048362604982,0.14943546828329274,0.15710707260552847,0.16810954376896323,0.1856496024703246,0.21482174020741748,0.2175945164387983,0.21239037634897273,0.20284871939688337,0.19151765784521183,0.1794895336866529,0.16996795777774948,0.16266952729656442,0.15506080268331493,0.1467502187499999,0.1386970937499999,0.13116433798005167,0.12353346538031004,0.11531940768082692
21-01-2026 09:30,25231.8,0.12967910485103296,0.12228364406630446,0.11783286986207865,0.11666091241599422,0.11724444246786897,0.1190798745605824,0.1227422293794173,0.12789375381429818,0.1340508159954021,0.1413158788224905,0.14918079744474602,0.15690813861106098,0.1677434328482549,0.1851568019032577,0.2140958084573793,0.21763222369944132,0.2131441066570821,0.203924608096465,0.19329827445704328,0.18228070423619655,0.17249403636864621,0.16387427443446173,0.15532279406156144,0.14662370312499998,0.1383379218749999,0.1307029053290002,0.12335283822400131,0.11587873526400368
21-01-2026 09:35,25229.95,0.13429081017172592,0.12375576121684642,0.11765884505401894,0.11624989486687412,0.11710506450358772,0.11901246039310921,0.12258017436359424,0.12793574524088622,0.13456317534572348,0.14239988559699096,0.15087012472428957,0.15886609299480445,0.16950493328343325,0.18654800256142412,0.21479054695196476,0.21766269287564843,0.21250313932790751,0.2026160902169821,0.19213847512091706,0.18196704652170145,0.1722038287112975,0.1626998316199884,0.15351198179122003,0.14464445312499993,0.1362810781249999,0.128728538149718,0.12229388514830815,0.11683461039548865
21-01-2026 09:40,25195.85,0.13460367446673527,0.12484893479430752,0.11900457857573868,0.1174431520349549,0.11836075443112834,0.12066161081276917,0.12450426161431034,0.12997181223565052,0.1365363505412068,0.1440351027825901,0.152483290909076,0.16091448347294335,0.1714383943825753,0.18739558596080702,0.21425677464336154,0.2164166151035365,0.21019784176070863,0.1996760302456885,0.189356165379558,0.17924301144101287,0.1692060104620489,0.15963313209151395,0.15057025501446808,0.14178033669165266,0.133403386769799,0.12589483830823284,0.11996788212436045,0.11562565794379694
21-01-2026 09:45,25195.8,0.13034287237786985,0.12349427434940136,0.11920890749351776,0.11789997761472414,0.11881760536591542,0.12150598118897595,0.1258389195212991,0.13162555699138184,0.13822365230990022,0.14525333772179524,0.15311668373742918,0.1614732257849381,0.17198502532356605,0.18726481561391675,0.21198633935410455,0.2137265685013535,0.20711241865435817,0.19657174944164962,0.18666895043938533,0.17672750068101,0.1666034320303928,0.15714280573206338,0.14823633399877956,0.1395045487659942,0.1312086951596913,0.12372510538163839,0.1173886601862744,0.11205872663544271
21-01-2026 09:50,25185.15,0.12285930320758823,0.11867172862965218,0.11611033961355284,0.11569035531962134,0.11718814641695698,0.12040758633154378,0.12532056345887196,0.13194935592821125,0.13954400113856535,0.146896225116482,0.15400867671546264,0.16186291881592257,0.1732922749950026,0.190186619845768,0.21236170281002678,0.21216941330226624,0.20464042680143768,0.1938836786304826,0.1842281589560252,0.17490318665570956,0.16535709081272956,0.15626988419135018,0.14752568714512085,0.1387895351944238,0.13070009095003204,0.12374771999161303,0.11755936793603958,0.11158514766354427
21-01-2026 09:55,25177.9,0.11949546437633503,0.11588899788424094,0.11423496378385166,0.11478641003841111,0.11690296473994966,0.12034477947378544,0.1254414915153943,0.1326595572663017,0.14111394919581807,0.14882599058872875,0.15547938217119517,0.16329436457080657,0.17618765066505387,0.19524350507299543,0.21407346582304565,0.21112683954358968,0.2024018942273646,0.19145937198079516,0.1819734180926538,0.1730794573765758,0.16397627788319297,0.1552485288781878,0.14678938139554792,0.13817287458194313,0.13027990052497815,0.12386506484832581,0.11818907579628753,0.11238574999999992
21-01-2026 10:00,25151.55,0.1217536697062693,0.11703694408990029,0.11526284536539473,0.11662595832652006,0.1196158595907526,0.12318604393126366,0.12749179046450923,0.13332159748005926,0.14056441764077157,0.14804421796433231,0.15527940436502852,0.16364091534358696,0.17648521979595044,0.194940487654734,0.21292921257736697,0.20968996304579976,0.20129994126347664,0.19093620407933717,0.18146606137502863,0.1722434336872753,0.16296769682747925,0.15410822246431005,0.14567321270008615,0.13742873331132846,0.12988272946626683,0.1234843098742377,0.1176929382288759,0.11184849999999993
21-01-2026 10:05,25168.3,0.12425075547128475,0.11946397560311214,0.11743278863273152,0.11880143330827668,0.12222708515224126,0.12605785610505793,0.12980025106805157,0.13419744768926137,0.14008259896844494,0.14729867513940914,0.15507970829015347,0.1633203022086257,0.17440517338551254,0.1901298922023085,0.2095039773511542,0.20780391208867774,0.2004220514515141,0.19059556277988227,0.18100043642140118,0.17127455165174588,0.16169392918611164,0.1526940565905351,0.14429427371352288,0.13638834554309123,0.12908453312917212,0.12247884528992108,0.1164131794504337,0.11058799999999999
21-01-2026 10:10,25142.55,0.12463991970626932,0.12090563433060803,0.11890149047728035,0.11942194283294974,0.12207272252615514,0.1258971831908627,0.13020840577640713,0.13513486165588717,0.14131790192634844,0.14866986176319938,0.15637685575879956,0.1640605428221211,0.17385090927968497,0.18781463105937013,0.207355596779685,0.20604902613013057,0.19877666693082696,0.1889022361722612,0.1792624160814796,0.16948581709739088,0.15970397768444744,0.15053125773933917,0.14235454531380742,0.13486490256123743,0.12772407286271054,0.12098969915654526,0.11475794425818159,0.10887675000000001
21-01-2026 10:15,25145.8,0.12044604197062693,0.11804339262701935,0.116794390959016,0.11739231724363064,0.1199794502257333,0.12406687597746312,0.12899009487523877,0.13475509687631415,0.14166631065584376,0.149363365106451,0.1571635532243008,0.1648291441085753,0.17446155075849995,0.18813637499999994,0.2073699374999999,0.2060635115367583,0.19882726411806084,0.18892703011006373,0.17935859482503871,0.16989065176930254,0.1602585512774433,0.15099876019174902,0.14301034467468504,0.13598614961022748,0.12923259232817685,0.12280711255797308,0.11693087116621637,0.11146875
21-01-2026 10:20,25143.35,0.11600845831288042,0.11480431701346028,0.11460337485407564,0.11609558343928268,0.11953416944517237,0.12420592531201743,0.12931698330706587,0.13523868345980924,0.14241171129860952,0.1504272749990443,0.1586052145039483,0.16650601900579795,0.17606551124336356,0.18941046619935376,0.2078744999999999,0.20678060465984055,0.19985283529811732,0.19009486548438742,0.18049012284789362,0.17117940492033615,0.16213305006154322,0.15345443448293206,0.14554726075497812,0.13840983544481314,0.13184872130574019,0.12593684160017693,0.12070621263661939,0.11593125000000001
21-01-2026 10:25,25100.4,0.11809783312880423,0.11712060560847543,0.11712022949504992,0.11873066636349644,0.12215314360608912,0.12685240423462538,0.13220434165978812,0.13826497572919147,0.14526208461996848,0.15327550205122317,0.16193586628775566,0.17026417581503822,0.17942321586163232,0.1914529119935383,0.20770175000000002,0.20605782378886148,0.19894457926452896,0.188993246277826,0.1790699288883453,0.16968307421380355,0.16102076215602643,0.15265396497042982,0.144287556085652,0.13643180502938104,0.12981559359681755,0.12432322315803172,0.11938925594681848,0.11473059056099798
21-01-2026 10:30,25093.35,0.12036808121017906,0.11938278242033387,0.11945189662747491,0.12103884156460601,0.12419520441115256,0.1289164730378204,0.134837502163395,0.14115342815501294,0.14769249710771618,0.1552696466579025,0.16408803734220578,0.17283673939353697,0.18181853577766477,0.19280751658836903,0.20719756250000002,0.204844109375,0.19736833526092948,0.187156248009839,0.17710776490645377,0.1678292378710156,0.1592397003587713,0.1507518364539629,0.14204550857016043,0.1338731315523711,0.1273789579996404,0.12240139457137737,0.11829288028059504,0.11486440560997982
21-01-2026 10:35,25094.5,0.11997889891211833,0.1188808276462176,0.11935908055948184,0.12143075991773522,0.12484845563544053,0.12994547531322312,0.13631617503467092,0.14275418382985655,0.14914429881694308,0.15655189361845995,0.16525362023891627,0.17401857872533957,0.18307463796769127,0.1940124635026469,0.20760299690468897,0.20500787422617225,0.197501315575893,0.18729113737518438,0.1774413008493143,0.16867951616327487,0.16056580538238638,0.1525313985161751,0.14454710812692453,0.13705746330733798,0.13091281443408495,0.12646751517376853,0.12367905653923769,0.12225213009796372
21-01-2026 10:40,25076.8,0.1221601767228458,0.12103638524908766,0.12185115936427228,0.12434393904014812,0.1281363117701818,0.13340746761232208,0.13965707430563526,0.1461560012356815,0.15294453355880255,0.1606203612538014,0.16936659644970742,0.17838125707898467,0.18760085265699922,0.197934442822101,0.20883753154688964,0.2055173767447251,0.19785156945277804,0.18767528208708556,0.1779619020019827,0.16965120206572332,0.1621291708106945,0.15479704424089877,0.14788641001313804,0.14144178424091236,0.1356537021673657,0.13114424866162336,0.1281936305864057,0.1263336556099798
21-01-2026 10:45,25011.65,0.1250418157833141,0.12548688794231877,0.12723362664378152,0.1300819624626024,0.1342331762964314,0.13974121962030864,0.14589254297925972,0.15237707072471,0.1592187911684079,0.16668256391034061,0.17519690067233765,0.18453697388019433,0.19400752326468138,0.20339741748057055,0.21065764186016703,0.20613375226477595,0.19788415591833164,0.18757685053130949,0.17739045447173882,0.16809131022044907,0.16026937802847765,0.1539587141866292,0.1486724245942901,0.14361915902160635,0.13841507729839755,0.13366617707913503,0.13001867838664793,0.12721462001776146
21-01-2026 10:50,25009.05,0.12871133157833142,0.12972200042416937,0.13225122648063636,0.1355997643180457,0.13992294628469512,0.14553617594319126,0.15173941969956542,0.15814842962479822,0.16466513167346036,0.17163863302340282,0.17961071184014094,0.18841510487126945,0.1974915051533762,0.20658301016099537,0.21317663230454703,0.20815110013283258,0.19950908768446118,0.18892531243693955,0.17781236949405227,0.16707413102548924,0.158926168154439,0.15354335737309324,0.14918448747236562,0.14467697159011497,0.13992600644864267,0.1360362254537047,0.1340338401188409,0.13340118371907128
21-01-2026 10:55,24957.3,0.1348126792658545,0.13399485450805784,0.13594773156331647,0.1395025985926166,0.14370483167462458,0.14889137066615096,0.15486082524239278,0.1611999836642863,0.16770299445231335,0.17463652465443893,0.18219004429526386,0.19001056876997086,0.19827930087357265,0.20744479182572514,0.2149494282684723,0.20941292736094114,0.2006592923436639,0.19033317958459983,0.1792625209501038,0.16859641615837603,0.16062599939907035,0.15444785980734566,0.1484275582146738,0.14268735800543136,0.13756011295752477,0.13420285302186655,0.13383116028273476,0.13556367173610911
21-01-2026 11:00,24996.3,0.13685836818129615,0.13609289188259785,0.13758036886367023,0.1407939376314662,0.14483234857786764,0.1497543650753043,0.15552125655646376,0.1618166163407827,0.1684643162427507,0.1755068498190724,0.1827777758552279,0.18999276346482705,0.1978673298360274,0.20717214903166167,0.2151823507576574,0.20856858350797475,0.19925922542161817,0.18948614946393136,0.17963593484776122,0.16987388607933285,0.16170328562781044,0.15415225203072364,0.14651653165536113,0.13973678359749328,0.13388527429186614,0.12931311308092053,0.1272607890856383,0.12748779929349494
21-01-2026 11:05,24985.75,0.13717273201289326,0.13767166039347928,0.1390017260653856,0.14141424487476564,0.14487306349594062,0.14944407791406933,0.15505756950129274,0.1613121611046968,0.16793075597867693,0.1748359877260333,0.18175734118415166,0.18860283843067158,0.1963499903163534,0.20576493750000002,0.21416976007576566,0.20746672525403453,0.19793111460494248,0.1882603746404588,0.1791687822509932,0.16983946524008134,0.16104306636192955,0.15276234616854356,0.14465788481316902,0.1370301541757474,0.13000643327696199,0.12369894773721188,0.11869854043005507,0.11510756209248829
21-01-2026 11:10,25017.2,0.1401099020680672,0.13975460622387179,0.14002872823787468,0.14139736743101827,0.14393752422854178,0.14777589490399415,0.15296279926164932,0.15898580486207223,0.16540083824145949,0.1720435652386368,0.17866150794132463,0.1853887289222341,0.19341448077828763,0.20345933112295622,0.21319136254767043,0.20802029134449337,0.19932437385437465,0.18941967084794303,0.17979201481112914,0.17016151936994986,0.16099323506404417,0.15231905506520688,0.1437002170278472,0.13509204106997222,0.1270167348060746,0.11983982737248261,0.11344246037280331,0.10756430036501669
21-01-2026 11:15,25046.1,0.1396446844933669,0.13797009757557216,0.13732259855144824,0.1382130855731495,0.14057919756729328,0.1443639931664947,0.14944294200744299,0.15542636558526599,0.1618843564430214,0.16833655559657024,0.17495955717572362,0.1827433461629609,0.19244990153287692,0.203863186229562,0.2139223754767047,0.20972973106120368,0.20185936199711307,0.19202262824815686,0.18190140306951708,0.17200796035862287,0.16288487848143457,0.15418527544632155,0.14547698609910809,0.13694479323005931,0.12906202286214272,0.1220344797396104,0.1157052930754126,0.10981379018444401
21-01-2026 11:20,25060.3,0.13441532552275126,0.13285578281665628,0.13244675887583618,0.13370154771388354,0.13660388060489764,0.14097888636525427,0.14646783259418064,0.15282474290214348,0.1596681134124611,0.16621172116914862,0.1730400935423758,0.18195205837910708,0.1932998598760403,0.20598568444693513,0.21589540875855975,0.21186473514815746,0.20439671337014179,0.19498483520386956,0.18518817182472863,0.17552747421674722,0.16641933155917235,0.157603976543904,0.14903366609283594,0.1410527004514418,0.13387208761526104,0.12748073695276924,0.12168749217432256,0.11621416121358003
21-01-2026 11:25,25041.3,0.13116675000000003,0.13001063647097588,0.12999876720646386,0.13163210522097588,0.13488371446261752,0.1395225026294945,0.1451711848149692,0.15160783985012488,0.15854025958262047,0.1653850040311148,0.17244685541366064,0.18098783840569488,0.19211393081402195,0.2056818035667977,0.21682096991975874,0.21235503297964314,0.20494941493304028,0.19624508444293828,0.18730747600763517,0.1780355116204953,0.16883415609237612,0.15990194599659258,0.15143586756806673,0.1436719887671727,0.1367495482052245,0.13071397775582988,0.12521111156069548,0.119767141121358
21-01-2026 11:30,25041.05,0.13147854176716195,0.13031357890555986,0.1302914099747589,0.1318944442424369,0.13507492638706764,0.13960181668476976,0.14511292593844716,0.151403392691662,0.15833331400586206,0.16549268656493388,0.17271908515545803,0.18056413945902014,0.19086783000707122,0.20459149232998042,0.21630428413792674,0.2110923978990819,0.20365500005157972,0.19557901454434,0.1872762632048408,0.17823013519103748,0.1690122121950855,0.16011223577373576,0.15177840398095732,0.14420989933543568,0.13740266847513538,0.1312651516351587,0.12559170421733068,0.1200561475542011
21-01-2026 11:35,25049.35,0.13189378854922296,0.13095341504037356,0.1309645173484488,0.13243221058004156,0.13546161872963144,0.13981516187784473,0.1450642072743887,0.15113755156456707,0.15809514680914566,0.1654856310929098,0.1728740209610891,0.18040343125222372,0.1898203734441064,0.20252367983723568,0.2157155443914569,0.21181374019435667,0.2046447095604715,0.19601095022008735,0.18715103511380038,0.177964326842243,0.16878950824057193,0.15980393372250676,0.1513844600665933,0.1439225135456645,0.13725381547530854,0.13115687166017825,0.12570413107091427,0.12075630182502904
21-01-2026 11:40,25042.9,0.1324632105849511,0.1317051744776977,0.13169173454907104,0.13299296912546896,0.13587989347132412,0.1400504453306762,0.1449981661977,0.15072620248980298,0.1573901741690387,0.16467120381590783,0.1721074862319556,0.17950751293758724,0.1884421619921332,0.20052641173372357,0.21568391228190464,0.2133440913568479,0.20615517323056617,0.19654821358055702,0.18695188641101643,0.17754060446077988,0.16836576009618695,0.1593444222474804,0.15082941335375485,0.1432146129587296,0.13637767161709569,0.13027449400229274,0.12521703182140556,0.12110916880579457
21-01-2026 11:45,25045.15,0.13328884346848463,0.13213480064140828,0.1318555292278701,0.13298432558635312,0.1356824704426882,0.1396775162237598,0.14455591185750652,0.15021288850517306,0.1566799234131858,0.1637808035541605,0.17116645652571294,0.17860077661583706,0.18768017373752707,0.20002518749999992,0.21591370293814127,0.2131677703508176,0.20528417663454399,0.19548353317398912,0.1861749510803318,0.17692463964055638,0.16784234338324355,0.1589381794979218,0.15044708323333258,0.1427436597216115,0.13568689453620386,0.12924777017000247,0.12381994058499812,0.11933409863632409
21-01-2026 11:50,25057.75,0.13312050054319816,0.13151607310132515,0.13103540945287495,0.13214574793713377,0.13478939343882498,0.13872082797126944,0.14365615174403004,0.14939721235325223,0.15586013236079296,0.16291937293394815,0.1702797812499999,0.1776948906249999,0.18683621874999992,0.19940706249999998,0.21590281249999993,0.2123279585826438,0.20377248634990988,0.19420310423061882,0.18558387167368068,0.17667517081331377,0.1676274976845824,0.15848993963462293,0.14971813111860288,0.1420447794802241,0.1350058303830916,0.12832946445302165,0.1225184588427399,0.1174049103843747
21-01-2026 11:55,25064.55,0.13419612087760363,0.1321540056614005,0.13129384310325354,0.13203220500693463,0.13432957029489095,0.13805965871897186,0.1429182774577937,0.1485459072868957,0.15479534975827677,0.16164445894086787,0.16887095377707803,0.17618301085138532,0.18531124861317844,0.1980547023513287,0.2151693422026574,0.21199141459714674,0.2033572806693794,0.19341539725670934,0.18478075445675435,0.1761463579107912,0.16700530437252523,0.15727160681406072,0.14788985918802416,0.14003007843850845,0.13299536232914733,0.12615404659050544,0.12002273842970912,0.11443932628301735
21-01-2026 12:00,25081.9,0.13549625,0.1328726866753656,0.13158533550621607,0.13182328777120836,0.13340785765498467,0.13653467428410745,0.14108202461366162,0.1464832787133618,0.15251335356237136,0.15928639715358084,0.16646749089578092,0.17359180164283486,0.18265378989770856,0.19565863104513373,0.2135756320424973,0.21205470894409179,0.2038603702176691,0.1931446785486176,0.18413088368433292,0.17583233976929322,0.1668605374958823,0.15720586562301225,0.14780375440206917,0.13956675031005214,0.1321967448350143,0.12507079997477474,0.11829845105140502,0.1118495
21-01-2026 12:05,25117.2,0.13502575,0.13195093634312258,0.13045790152869222,0.1305743502800402,0.1317816254553762,0.13439494354622403,0.1386268438158223,0.1438928910905651,0.14985567121049448,0.15667201107600223,0.1638754492374057,0.1710912047397456,0.1808369839955301,0.1951049153387162,0.21304215519973155,0.21208849378562716,0.20414950271042548,0.19330015337009607,0.18429876924930078,0.17615657246071978,0.16731375245097907,0.15810895957918752,0.14917363364062863,0.1407993919079428,0.1330455054121892,0.12567782524591456,0.1186128895014427,0.11185075000000001
21-01-2026 12:10,25113.35,0.1373225,0.1332194898444467,0.13079997348954797,0.13051365082552163,0.13179408678483134,0.1343531463363657,0.1382227891117158,0.14311423844017124,0.1487476504026501,0.15516718668064577,0.16206408653876142,0.1694336736124798,0.1799505438022172,0.19534712354985218,0.21311378123984268,0.21181244159583867,0.20404243675872144,0.1934942704575504,0.1843341832609633,0.17572441521968798,0.1665989836992789,0.15740264468734438,0.14854367458999035,0.1400616733615167,0.13200210321868266,0.12430459137731449,0.11697226484376277,0.11000950000000001
21-01-2026 12:15,25129.25,0.13914125000000002,0.13380674069375353,0.13030913904799774,0.12980618237491973,0.13164444649349868,0.13445474180699865,0.13780031972362283,0.14202233989637386,0.14727543429667606,0.15339798480791902,0.16009822270688298,0.1672331295985135,0.1772772998361625,0.19236398370467864,0.21284094568030745,0.21286346494814268,0.2060933286974962,0.1960260872353494,0.18641806122080617,0.17696615584138548,0.1673556547832924,0.15791817807483682,0.14890852544089267,0.14036102690843788,0.1322150469232164,0.1243555326518238,0.116762839312298,0.10941150000000001
21-01-2026 12:20,25163.0,0.1333955,0.12848551692862506,0.1254249804456358,0.12556253223596142,0.1282703768264456,0.13164336994040352,0.13486804952545872,0.13881640100499937,0.14413594726332998,0.1504944359095704,0.15743204969864882,0.16490241299057826,0.17596502270989997,0.19316637200416434,0.2168067139470683,0.21703591576569115,0.21052498690423166,0.2009531714037323,0.19155002575510097,0.18176100212327498,0.1713349277119877,0.160946358873369,0.15182117628392738,0.1442154253343799,0.13723890230811195,0.13019137132202743,0.12311249600271579,0.116174
21-01-2026 12:25,25166.9,0.12992749999999992,0.1255063985632273,0.12320445406050114,0.12360761668955293,0.12614870078377585,0.12952582703667986,0.13289055886494675,0.13698095887875264,0.1424469551119709,0.1489003094199512,0.1558725407337731,0.16381230686260406,0.17656543293579188,0.19657506492839394,0.22147259790075896,0.2207127895831365,0.2134673771052954,0.2037940558099477,0.19485453474069692,0.18546859024214296,0.17469321949831035,0.16350384597206427,0.15423100481106933,0.1473853749768839,0.14135074381526935,0.13488177827232026,0.12810607235822702,0.12146475000000001
21-01-2026 12:30,25153.65,0.1376749051764909,0.1319244617151343,0.12871763727545726,0.12790999603958578,0.12877615661945044,0.13094788117720477,0.13400429835697858,0.13803326788640807,0.14314898015331806,0.14910073055493764,0.15565631368266342,0.16302189531182693,0.1746442195105753,0.19320015966772558,0.21996948750449674,0.2204009365862064,0.21325040622564953,0.2032485963440562,0.1943866794036335,0.18551936524937546,0.17558467560973487,0.16515839057526444,0.15579222130263137,0.14788850425664885,0.14060848135238435,0.1332292530296561,0.12574404395701483,0.11837625
21-01-2026 12:35,25191.3,0.1437395517649097,0.137290983258026,0.13295966781977292,0.13072090911499518,0.1301470733059088,0.13131004332222065,0.134050955804657,0.13788473207726742,0.14240024185554212,0.14763166684535978,0.15369217979533037,0.16035079028926413,0.17068492085668446,0.1879081095313157,0.21805285803984684,0.2206224029686833,0.21443796668388954,0.204751072962064,0.1959185564838839,0.18694357525675864,0.17736741038742565,0.1676162205296045,0.15808485229938607,0.1489833630061281,0.1407579751622668,0.13324226028841776,0.1257302265869219,0.1180435
21-01-2026 12:40,25225.6,0.14385880438194998,0.13722099583363445,0.13260818087746523,0.12991524431072074,0.12879627066850466,0.12952802924402504,0.13203481163560296,0.135626947117953,0.13975352896423976,0.1446150439423064,0.15032509127869273,0.1564783293180719,0.16676392097313786,0.18506599093955123,0.21926398756163817,0.22431220186587572,0.21950818658513543,0.21013803902868602,0.20098880250942708,0.19144914878872543,0.1815158320079245,0.17180227811725346,0.16229056142620596,0.15301587372584236,0.1449578917327179,0.13802512148057816,0.13099606723145943,0.12355375000000002
21-01-2026 12:45,25260.15,0.14461791381603512,0.13825062649181138,0.13357136493379382,0.13054017578559085,0.1290461775352069,0.12934915799305116,0.13127238462779722,0.134327351347472,0.1382147246662291,0.14300020026617546,0.14847067800918584,0.15424316154709167,0.16469414718386657,0.1841307557140347,0.22114950716344228,0.22823779228458155,0.22434724864631927,0.21487493227665028,0.2054527951575154,0.1958498158380565,0.1860868237871071,0.176721515488599,0.1675946833982011,0.15853999234769017,0.15017386172650987,0.14251036783643228,0.13490592971192192,0.12718100000000002
21-01-2026 12:50,25266.0,0.1431853568685167,0.1385763467760124,0.13422226233190143,0.13097546534727136,0.12969646745911906,0.13014538396684458,0.13163292549788297,0.13399962072625732,0.13740288904708284,0.14191951584548887,0.14725260012156188,0.15368818457404518,0.16638672793010054,0.18915558900852422,0.22582094218824061,0.23196017229226987,0.22768762155786415,0.21815334072830178,0.20886591053340192,0.19963109701960652,0.19025105425958894,0.1810213630473628,0.1719729107288548,0.16306701356383993,0.15440210569141347,0.14597078800199106,0.1377687554711922,0.129778
21-01-2026 12:55,25281.8,0.1396191120511254,0.13568988726614012,0.13169999795100193,0.12888807086680681,0.12822135766646522,0.1290730625619287,0.13059749301035029,0.13278595928359507,0.1360094100437409,0.14048050880833485,0.14598936029109638,0.15336088193595593,0.16832353918949017,0.19423723219917932,0.23035739179312442,0.23498942184854724,0.2302405370534176,0.22079528620646888,0.21151056524203066,0.20229208898470788,0.19289687523242904,0.18331268280912733,0.1739237885026221,0.1651655651657098,0.1568121639376254,0.1485023559334791,0.14037068749999992,0.13251475
21-01-2026 13:00,25281.3,0.13454451120511246,0.13044591965057695,0.12696484669861927,0.12499692624851438,0.12470478929911663,0.12551581995891073,0.12727596149551895,0.13016791022858384,0.13420416658285086,0.13941555017247112,0.1457995124278905,0.15344213510056606,0.1668636101385707,0.18995015010215222,0.22771564574169695,0.23430855597014982,0.2305469339062821,0.22146460524652922,0.21239807907699965,0.20328289476924982,0.19382018236667548,0.18401185452196483,0.17449636004610372,0.16596169854827775,0.1580139482127258,0.15003100005526254,0.1421614843749999,0.1345687499999999
21-01-2026 13:05,25288.85,0.1324672499999999,0.1280042097613963,0.12484368294584558,0.1233994938247014,0.1231517727844226,0.12367189857923958,0.12548112615440765,0.1289994296758676,0.1337875678315119,0.1396618291755935,0.14684964587779664,0.154560997701654,0.16585709238400492,0.1850534310436584,0.22285334121359685,0.23115962598873369,0.22827559972419598,0.21948441630842244,0.21067632643528392,0.20177004074721297,0.19244379045013588,0.1829855950375986,0.17381895405973993,0.1652227995407098,0.1570811951876254,0.14909455905847913,0.14128732812499997,0.13372374999999992
21-01-2026 13:10,25221.5,0.13602725000000002,0.13119977017836504,0.12782973963250086,0.12573584201317833,0.12470629389637741,0.1249522493580782,0.12681798346235068,0.13045829674390294,0.135365787365354,0.14126584703414502,0.1481992711612026,0.15546230127178476,0.16643955798664548,0.18540511530585707,0.22198439264183115,0.22929290751335552,0.225936801074878,0.216979517073436,0.2078224551783303,0.19842398252225324,0.18896427635959,0.1799762656299642,0.17130535970594316,0.16264500959110698,0.15419726381833643,0.14606694698059985,0.1381884641749379,0.13052175
21-01-2026 13:15,25225.05,0.13517229681164805,0.13184483739811936,0.1290733950341003,0.1263274872652437,0.12458604279347257,0.12500843959512198,0.12734589535407526,0.1311749391822817,0.1361852816642463,0.14218642817655933,0.14882743952001573,0.155532582819405,0.16635244291615642,0.18558387712234553,0.2215518002704775,0.22861317920225727,0.22539865627422412,0.21659372445069283,0.20716517040644833,0.19733236728806622,0.18766462452044766,0.17864748564603733,0.17003995686042345,0.161544345231791,0.15334456344259859,0.1456464039206517,0.13834511845078892,0.13120275
21-01-2026 13:20,25225.7,0.1318419954312409,0.12951828359775733,0.12728179847321017,0.12480431815008905,0.12336793547912853,0.1242717892619475,0.1271490122066097,0.1312724663433572,0.1364363890901608,0.14272128914029436,0.14961996587860077,0.15630809788705527,0.16682350911647037,0.18554531812138159,0.22070233819326243,0.22799751643821475,0.22512294746518888,0.21636642688026525,0.20683174983612304,0.1972620643922032,0.18789322029532,0.17866208236902176,0.16974874682111046,0.16132375958095235,0.15347259873591945,0.1464236492018562,0.13989752841297412,0.13328224999999994
21-01-2026 13:25,25205.25,0.13251286575726728,0.12844886408030662,0.12507582116377264,0.12288166891989732,0.12243585475103395,0.12415149194160854,0.12757715075205206,0.13183437631314598,0.13699938022814967,0.1436668024406969,0.15113352417580428,0.15798883965901117,0.1682745316284941,0.1868186008332752,0.22225032080571672,0.22838928185049823,0.22443167902608763,0.21517415102106635,0.20559747668765868,0.19605629260699192,0.18689177219682432,0.17816727996092094,0.16974875278632345,0.16156279002060941,0.15386461017685413,0.14702438617930183,0.14071143209963877,0.13423100000000002
21-01-2026 13:30,25215.7,0.1363974597821644,0.13031550157723218,0.12561575208984926,0.12331306225984016,0.12343006292436735,0.12559945018018354,0.1290948707714639,0.13307997101159325,0.13805276972796204,0.1449206116528059,0.15269846903372414,0.15953753729727893,0.1695214711475753,0.18777341491515318,0.22296472299422315,0.22772534005185371,0.22277780725166108,0.21358116468336089,0.20441875609518692,0.19462535255371705,0.18516213496658057,0.17684026940469122,0.1689713388235105,0.16109532739227533,0.15355876282947023,0.14648658213123517,0.1397317498245196,0.133057
21-01-2026 13:35,25182.35,0.13960081995925008,0.13376626507782807,0.12935090536485952,0.12712301108246882,0.12699797971433247,0.12865428127215067,0.13156321833109721,0.13519606835079626,0.13993055296913834,0.14631564530800975,0.15351472705357916,0.16015712755538494,0.1701131437824668,0.1879358212851377,0.22133951757027542,0.22570449010333574,0.22074709786960328,0.21166231691835363,0.20261814063088973,0.1930030897492407,0.18344823228163043,0.17444763186744858,0.16590332225259746,0.15809004796611648,0.15083564715151054,0.1434551202311614,0.1360322707822276,0.12883075
21-01-2026 13:40,25193.1,0.1364710273147602,0.13206617870598097,0.12869480128171892,0.12709971757594887,0.12726155990567106,0.12891199694699407,0.1317958344605142,0.1355695059180465,0.14031949090335433,0.1462819382525439,0.15291324730055159,0.15949263753306528,0.16989574616756478,0.18815194932507645,0.221175773650153,0.2259247818174692,0.22120601731985814,0.21184270749239262,0.20245463632794167,0.1930039159443741,0.1835560740593585,0.17402374817375998,0.16494255988736925,0.15710687916718866,0.14998448787081145,0.14271568968932064,0.13547822518629257,0.1285115601489022
21-01-2026 13:45,25192.95,0.13086075000000003,0.12739332632637224,0.12485732326576544,0.12407765726887632,0.12495975703554693,0.12710814473147156,0.13040711722599874,0.13466511383644936,0.13981472480319274,0.14582402201745712,0.15229090145976862,0.1589692135275697,0.169817651690875,0.18860150743250756,0.22209076486501525,0.22712227458013834,0.2224795822670731,0.21293734924099592,0.2033133640404504,0.1937748212055195,0.1844775462471742,0.1753639760273961,0.16663348742476872,0.15866015378113643,0.15131371531400287,0.14436679154721915,0.13791440778671707,0.1318903514890218
21-01-2026 13:50,25179.95,0.1270544703915723,0.12457570140149857,0.12303208852865255,0.1229944865198368,0.12434536821463954,0.1267619204881285,0.13017446208971326,0.13468832611460715,0.14028164408833166,0.14652766562362785,0.15302231169586372,0.15985459356705442,0.17080352973036064,0.1893341688925013,0.2220968377850026,0.22692499701750132,0.22220307391755337,0.2124695102113635,0.20231859238949568,0.192320713832908,0.18335400760734852,0.17525862613047394,0.1673079790391248,0.15947298911053626,0.15210197821269747,0.14538051618976397,0.13944035957214984,0.13415008268023934
21-01-2026 13:55,25164.25,0.12537545391572322,0.12431279821816368,0.12371531902428427,0.12408127342418113,0.12563052712824418,0.1281932276487387,0.13160665920485545,0.1360906276506218,0.1417293844120172,0.14805475099752116,0.1547017364156134,0.161762092596059,0.17261905619987622,0.1903892068622593,0.22067273056864994,0.22480441772966916,0.21992945792553362,0.21002610483269363,0.19934271316695118,0.18896205524714427,0.18021350862624586,0.17267602823298245,0.16522070762276278,0.1577860298777285,0.15063217460736095,0.1438120011120957,0.1378252952250844,0.1329183514890218
21-01-2026 14:00,25141.15,0.12493086522203649,0.1247885149262825,0.12451878260751688,0.1247011601482486,0.12604553232370047,0.12862885938868768,0.132223244701282,0.13692766067943343,0.14277726737217208,0.1492238501794915,0.1558931679233557,0.1635419724377781,0.17566063227521367,0.1943571106433375,0.22014391568430475,0.22209507294206407,0.2165431638050359,0.20678991840866862,0.1965843320859597,0.18661925205162377,0.17740199377367633,0.16905502611190107,0.16158870138509468,0.15468631750493544,0.14765627774793771,0.14025970293861234,0.13401259184247077,0.13011656014890222
21-01-2026 14:05,25151.55,0.12531193565307042,0.12403377905486082,0.12312560597616713,0.12304074702798233,0.12428733989193767,0.12695048125148223,0.1308218244290062,0.1359837104809098,0.14232845870782948,0.149006983570911,0.15602855250088818,0.16565275102534446,0.1808805968937512,0.20156942385398718,0.2216575604655083,0.22005434946364133,0.21297611894128782,0.20360255150747947,0.19452790428602756,0.18482646138875503,0.17450324589715016,0.1654157127658322,0.15856652710627256,0.1524850145988222,0.14549391312819704,0.13747505393423487,0.13119216131228661,0.12885375
21-01-2026 14:10,25141.05,0.12941485568228608,0.12548651763044308,0.12314404299151512,0.12300077117255985,0.12452750457214128,0.12710977754910935,0.13080983067725607,0.13593658619220636,0.14215220844147206,0.14859957262523413,0.15597037929999505,0.16683933779020582,0.18273601872056847,0.2023142097245477,0.21987720047281586,0.21697751241320862,0.20907868908019667,0.1998446971114764,0.19129711432105478,0.1815298795816125,0.1709025641590397,0.16203892949989868,0.1555751965070493,0.14947721900996394,0.14225939153018527,0.13412559351978728,0.12767726793559186,0.12488474999999999
21-01-2026 14:15,25139.05,0.13101341337223502,0.12555840961700623,0.122487125046827,0.12270854570715864,0.12474225108947612,0.12719084110678402,0.1304910268805336,0.13531039815764306,0.14129731723507774,0.14763531940793467,0.154603505558904,0.16404586920469247,0.17834638182187407,0.1975510242477262,0.2175705700391134,0.215613513599261,0.208247407122868,0.19901334401232057,0.19004619952796165,0.18042043853886325,0.1709096589921337,0.1626017995986043,0.1553198947766357,0.14825737930094074,0.14102720089081075,0.133786487778299,0.1275628318251177,0.12301583452235988
21-01-2026 14:20,25178.3,0.12332456593639524,0.11941187880642451,0.11771427536537701,0.11886581528515738,0.12147371308638605,0.1243525271146682,0.12797326695583952,0.13301246063956434,0.13927363923396682,0.14599051546004438,0.15279691505051232,0.16145556144880363,0.17626101136332106,0.19828905138074887,0.2194978473480327,0.21722410251511198,0.21028542632377856,0.201372583481013,0.19215505807364047,0.18274809480315718,0.1742322487908262,0.16640158547825104,0.15868508289476166,0.15134767002423727,0.14462901785916407,0.13858618915876783,0.13342951984805826,0.12900309522359954
21-01-2026 14:25,25144.75,0.11652518301393257,0.11681688801719467,0.11761113503180665,0.11920690453019137,0.12157762181019098,0.12465804400074051,0.12866081540143512,0.13377823934248254,0.13989424729118022,0.14665242324925937,0.15379383906738625,0.16252279053375687,0.17676023431681756,0.19789996332072335,0.21854422641696758,0.21660649498690462,0.21003597469795882,0.20119477582989467,0.19200188109587832,0.18266937203598854,0.17381706114139178,0.1655064171219786,0.15788498142877225,0.15114109536427905,0.14476430163072918,0.13857038305558442,0.13324480170556274,0.12884310464788706
21-01-2026 14:30,25130.1,0.11695841492597359,0.1205973366762979,0.12280023122093602,0.12399572539629744,0.12560170951059163,0.12841519748060665,0.13226719147344243,0.136868032422561,0.14238611388694444,0.14882561894251686,0.15585130059327149,0.16360418035783714,0.17492096105868837,0.19191647435348957,0.21405257106930364,0.21410844084457004,0.2078815683254983,0.1982662289781556,0.18862780780493144,0.17932813810799744,0.17004595932962885,0.16083979906578533,0.152673499118985,0.14607674313564556,0.14003415361520843,0.13338143507321296,0.12662815458882082,0.12044486191593114
21-01-2026 14:35,25146.5,0.11877663745383511,0.12189854930830815,0.12348502619109052,0.12423297930160089,0.12581751167652644,0.12900985067255996,0.13309404490615306,0.13738925354895176,0.1426108923444007,0.14906478850779736,0.15590485900289003,0.16280670610560496,0.17265401701464897,0.18803402170992892,0.21201103486922035,0.21309726028867557,0.20679220579920451,0.19653292225060548,0.18664663258487402,0.17767475561401205,0.16852504047904257,0.15880225056970876,0.150005967123987,0.1434168126857488,0.1382746212792945,0.13254942805099107,0.1257027688917001,0.11854067532223085
21-01-2026 14:40,25152.35,0.1207366600086261,0.12106407453331945,0.12114677914584168,0.1216953249618156,0.12359656505039673,0.1271511339153898,0.13156173136164423,0.1360448380311342,0.14133765694621475,0.14793711937723739,0.1549140537015514,0.16178808520645116,0.17163346674403918,0.18718249999999995,0.21150983809166002,0.21254484343388105,0.20627783949827988,0.19631412741743917,0.18681351506504745,0.178001659828691,0.1686531648955294,0.1588029132770607,0.15048335941024363,0.14453392041520408,0.1398499266509754,0.13484863066493746,0.12890352845705996,0.12242464874263152
21-01-2026 14:45,25149.7,0.12269883289585766,0.12137685458496608,0.12054432381962747,0.12090053731820546,0.1227250484196426,0.1259759772763051,0.13023371793907795,0.1349742972041256,0.1404534236155584,0.14698830279173908,0.15413432687383682,0.16140019419630816,0.17135624585405052,0.18666575,0.2102851934165997,0.2112398710534501,0.20536094854549614,0.19604063297698274,0.186874228898561,0.17795087047080926,0.1687453334499911,0.15970973930464202,0.15220876144975426,0.14617643117198537,0.14063893015653664,0.13521560109192926,0.12988526697802796,0.12458617562793717
21-01-2026 14:50,25153.5,0.12241675256343788,0.12129596870249756,0.12041619630019827,0.12059107770471657,0.12227078501144704,0.12528529774542385,0.12924317043517186,0.1339712797810808,0.13965524714897126,0.14627243021935205,0.1535367459854939,0.16107144389822342,0.17111516831051166,0.1862434544858062,0.2095207786876696,0.2105198768932108,0.20479128943540437,0.1954513926350678,0.18611931423440015,0.17731908299508542,0.16886669885751499,0.16071494485184004,0.15328403269651847,0.14649418571536638,0.1400895581484671,0.13426714621635366,0.1291714275178795,0.12448968423825293
21-01-2026 14:55,25147.1,0.12157478259453482,0.12128086698821162,0.12091085385661857,0.12105363622594839,0.12247639294395932,0.12522112754585496,0.12883336384910227,0.1333826255121996,0.13917491536471524,0.14586614261704867,0.1530370569135021,0.16061329246600048,0.1709174657482805,0.18628023235806182,0.2097117487945009,0.2107123027552648,0.20463106387908053,0.19472779832066345,0.1850837755376249,0.17637114752602356,0.1681184597650737,0.15994678105755233,0.15221584253818368,0.14508513143791404,0.13848659625354348,0.1325105063780161,0.1271215035241627,0.12200149222597735
21-01-2026 15:00,25160.2,0.12051281456694464,0.12052836733155753,0.12058626264083278,0.12086505298280319,0.12205853557800049,0.12455728158082092,0.12806236361945153,0.13255812983545062,0.1382960358655874,0.14504350625499585,0.15234848683457441,0.16007992757454148,0.17070086366518972,0.18651105766387627,0.2101454074815646,0.21114090042456804,0.20487651081280436,0.1948318278397384,0.18501388871433272,0.17593349993113003,0.1674077841091908,0.1591821203136557,0.1514646161613975,0.1443823295190501,0.13786052393205034,0.13187390128810347,0.1262034855912807,0.12052692225977352
21-01-2026 15:05,25171.7,0.11762295529198355,0.11723399822236497,0.11728671457244287,0.11803471610856767,0.11996126727369608,0.12317415875166844,0.12707564569068472,0.13152361449572633,0.13710688501670912,0.14407352316105076,0.15179161662384866,0.1599722211430144,0.17169295777228252,0.189357751551711,0.21254612747472582,0.2128312806545714,0.20637659668099279,0.19638099632671696,0.18628121754331897,0.1767028619085705,0.16797097577211575,0.1598922276286823,0.15260652607567154,0.146132083095566,0.1401133027996654,0.13450541169405855,0.12924251750647148,0.1240336100675924
21-01-2026 15:10,25159.7,0.11458828854091646,0.11443819064135079,0.11491276196003168,0.11639579765374099,0.11916867697601496,0.12296595172369518,0.12708090655715265,0.13148009118443618,0.13699043678435732,0.14411136894067342,0.15210095310024505,0.16070927366523954,0.17342299099074024,0.1925372014994994,0.2147167602423239,0.21407596648423224,0.20715895266123052,0.19676864979637906,0.186398590828161,0.17697478399314867,0.16837663226948013,0.1602256454844516,0.15309809853227335,0.14700833184749837,0.14132225445325766,0.13606749225886572,0.13137278392288387,0.12695968152971662
21-01-2026 15:15,25148.5,0.11294523729403291,0.11371124390463658,0.11495400122279244,0.11684957695628734,0.11939379514315128,0.12244881019780317,0.12618332212225444,0.13091221212799695,0.13686860228821143,0.1442537277397753,0.1524695377808331,0.16095896508642815,0.17268709598403348,0.19017149580526319,0.21274296282005273,0.2127686821358201,0.20599579369213739,0.19545050335935646,0.1852694867950864,0.17646356765233193,0.16838519557504986,0.16034899829823307,0.15291765144163658,0.14636552068878947,0.14042487856921265,0.13512221428624907,0.1305382796669062,0.12642862956461107
21-01-2026 15:20,25154.25,0.11391485405224049,0.11439847381217563,0.11524523771365017,0.11663919606851209,0.11859137335182404,0.12103706001697942,0.12451905929844503,0.12953897652181112,0.1358803958788875,0.14334623662676454,0.151539972620016,0.1597871616740979,0.17056249329043607,0.18663061449570245,0.21049775736235754,0.21129201125375816,0.20486481832160808,0.19477372540106938,0.1850275467040401,0.17615720855229214,0.1679646914995889,0.15989505358513706,0.15206040420970096,0.14508968409837705,0.138913113139529,0.13320485532658446,0.12857590484316161,0.12526873343987047
21-01-2026 15:25,25150.7,0.11399459618340005,0.11370082842016804,0.11354743680685249,0.11405764659659233,0.11562057558646671,0.11816738464337917,0.12182059314934107,0.12684119615048914,0.13309476500747927,0.14035700132740414,0.14839302782554917,0.15673009383466355,0.16811114765741417,0.185601895942101,0.213159192282271,0.2149430068340955,0.2087535900614919,0.19873078772871028,0.18880625252406885,0.179103196093496,0.1699481670619216,0.16112069718550434,0.15258575290658236,0.1450656962712243,0.13838041515475585,0.13205992062073585,0.12729656401014272,0.12467259809371155
22-01-2026 09:15,25332.45,0.11059591141988728,0.11099057724403893,0.1107126482764556,0.11062734595943308,0.11176133140677928,0.1142453371965733,0.11795076528253412,0.12290249999999998,0.12904469841547578,0.1362398945147957,0.1443550939044248,0.15296568002925826,0.1653693841711576,0.1852588168764472,0.21825163773358414,0.22157286329639225,0.21607997436893717,0.2061795068445425,0.1957425433188672,0.18498361905802344,0.17460982232294442,0.16479475308790936,0.15565855648398672,0.1472352749105148,0.13946613852473969,0.13267592666426326,0.12740093010171089,0.12347636906149348
22-01-2026 09:20,25329.3,0.11371903038843423,0.11519571115852442,0.11443564785039984,0.11283522063857243,0.11282815677639382,0.11481532955524255,0.11813379882886131,0.12262028420216464,0.1283836627557552,0.13538934932082197,0.14341665925521388,0.15185161752290938,0.16448103286805113,0.18563278796461968,0.22186578309448088,0.2257666902705207,0.22065927923053177,0.21096768369894134,0.20020580691710807,0.18866034097886547,0.17735436129996082,0.16678875384422304,0.15724300568017363,0.14799697262965703,0.13901697066129315,0.13146996735382188,0.1251431900143415,0.11900096744636961
22-01-2026 09:25,25334.05,0.12390507326803735,0.12394488766620165,0.12125911416885973,0.11772272802282241,0.11659463901825454,0.11823116067668261,0.12131637565038415,0.12542010764664732,0.13073208866634445,0.13729181064421436,0.14491420433319804,0.15283924829422438,0.16574365403116978,0.1890860186004252,0.23326535368154022,0.24060436957582976,0.23626833440099979,0.22596215281922,0.21485491919108585,0.203073476069026,0.19101467612002232,0.17884708006438763,0.16719783025895307,0.1558428880833143,0.14475030951996617,0.1353942503144912,0.12775285250397622,0.12031007937432103
22-01-2026 09:30,25400.35,0.1287117721594408,0.12524255912865737,0.12095590856448603,0.11738927677941244,0.11652676733464677,0.11844719772453301,0.12205531779368994,0.12677850223626758,0.13244902120185081,0.13894929019538035,0.146388321232027,0.15417256068100962,0.1683313569802225,0.1958806874999999,0.25358546289806894,0.26724104405279875,0.2651311406711224,0.2548677065134716,0.24389548555264168,0.232161959976426,0.2194743968217704,0.20557573416205172,0.19135715850520912,0.17739853383087734,0.16384267421192278,0.15218696709653248,0.14270410172292108,0.13372447653382621
22-01-2026 09:35,25415.7,0.12829680363812646,0.12299030980823314,0.11847512939353123,0.11570596660023559,0.11537251792921009,0.11748308412469916,0.12157298456925081,0.1271855048696697,0.1336959254897457,0.14060825846981495,0.1479350336605896,0.15532974775733996,0.17008747133336102,0.2001249374999999,0.2647687610960644,0.2815176247044589,0.2808785861584341,0.2711806911698713,0.260472789166971,0.24868107286169533,0.2358952628048856,0.22213472250588903,0.20805557394531937,0.19399843586642546,0.18002607705271734,0.16706955181526573,0.1553773011716423,0.144018959185459
22-01-2026 09:40,25405.7,0.133332,0.12707200917524977,0.12190082365249641,0.11865006223248704,0.11773715299566621,0.11917701658273144,0.12278368546416943,0.12819115537445286,0.13461079002833545,0.14144337358479994,0.14849433983747357,0.15551524323066962,0.17021893232329416,0.20041218691223317,0.2631186405372646,0.2784133591591672,0.27709862973401556,0.26707432346009496,0.25610548932388066,0.2442458379045003,0.23165878175263294,0.2186807996059848,0.20584064034094657,0.1929769337976573,0.1798612800999284,0.1669186060281247,0.1544550530830827,0.1422674709185459
22-01-2026 09:45,25400.1,0.13470726986343515,0.12847951942676883,0.12328084054335692,0.12019098742776228,0.11944365529755471,0.12085131693365452,0.12422284219576049,0.12870172455650153,0.13366716891180042,0.1396295473177398,0.14677226564642498,0.1551039850572688,0.17225140749530884,0.2047848691223325,0.2600581204953655,0.2704229483547114,0.26715907808824846,0.2568981632185355,0.24631813666187274,0.23527292493703192,0.22341420734717277,0.2110332567237751,0.19874775265750785,0.18630002161196593,0.17318113463857607,0.16011199834895604,0.14858774218211887,0.13874075
22-01-2026 09:50,25430.85,0.12203619863435221,0.1205794860806805,0.11802121324757801,0.11629561521869711,0.11692516638273792,0.11948856916910303,0.12334779256235523,0.1274074779762569,0.13140783345408305,0.13682237618206977,0.14416818382173419,0.1538343577323881,0.17329409029229087,0.20775389828810667,0.25551659777376956,0.26149879468882364,0.2565533434717831,0.24636650319333686,0.23650322988768194,0.22630710497149317,0.21510911754118378,0.2031947683049217,0.19104404421386173,0.17859698406643426,0.16558477831878382,0.15304706786285927,0.1432313989848873,0.13631492839946027
22-01-2026 09:55,25385.65,0.11190260754183405,0.11533407951122684,0.11514586581773184,0.11333084562165022,0.11357840622757302,0.11606936878871328,0.11963246852234818,0.12392099026152159,0.12905240835188098,0.1351955661706061,0.1420675026976815,0.15104894600603463,0.16986436561816962,0.2028282927778304,0.24711347620181112,0.25207282399740394,0.24656394890351077,0.23595730065419626,0.225667199453028,0.21535852647962583,0.20439559158435647,0.19269482554988862,0.18057786574206244,0.1685154118667173,0.15699311912142128,0.1466045010364449,0.13811990269200516,0.1313032839946026
22-01-2026 10:00,25404.05,0.11214719863435221,0.11477279562198421,0.11466421816354573,0.11221070171232154,0.11113459894739858,0.11274636254001891,0.11569369599623089,0.12012671929851881,0.12670138008348647,0.13394731859855272,0.14028527348621497,0.14822524817472515,0.16611594968355492,0.19763221644781387,0.2410179746859202,0.24627981660369883,0.2407984417410928,0.22978068559588763,0.2189006858209583,0.20840622135795228,0.19757855159135196,0.1860634288254256,0.1744320851771451,0.16324675346342898,0.15295224184596254,0.14372624461421868,0.1355186177199446,0.12810721119028468
22-01-2026 10:05,25387.2,0.11908226986343522,0.1176895079162097,0.1154289958759312,0.11240791108211091,0.11127645452512283,0.11295882221867379,0.11584601019614973,0.12003137482710438,0.12654156040299822,0.1340482755742383,0.1406856933565649,0.1479363684406495,0.16323855027504575,0.19096738224522514,0.23600788234869285,0.24332528699234396,0.23857254321501942,0.22749964992028684,0.2164756286470784,0.2059154973256925,0.1951382057165773,0.18383387522052688,0.17266236429370324,0.16193642266804462,0.15170642261414438,0.14210882246398676,0.13352356880071112,0.1261112839946026
22-01-2026 10:10,25366.75,0.12123474999999999,0.11913547891259745,0.1149952881082555,0.11118288653645055,0.11074666270326461,0.11308993442822675,0.11645867853623057,0.12088685374986408,0.12700054596817545,0.13430580209269194,0.1416338144593715,0.1486983069172421,0.1614339911602462,0.18536420881522295,0.23131720507906606,0.2402182386981571,0.23642882339945523,0.22589212775737444,0.21496136125640591,0.20408281865785827,0.1933321402912409,0.18267474211058202,0.1720898469246791,0.161622877381994,0.15145186483331846,0.14165634372774968,0.1329005420955494,0.1256348358179904
22-01-2026 10:15,25384.2,0.11710124999999992,0.11579705841345891,0.11090110313810675,0.10689587516836581,0.10757044401283342,0.11116518185242838,0.11560879044547194,0.12074740000542047,0.12687343050818506,0.13394862658041493,0.14151326536178063,0.14897286942619234,0.16149023336648546,0.18453541146705213,0.2282779873096505,0.2361760502649218,0.23257039910610056,0.22298574594916376,0.21261041301916858,0.20147497686166863,0.19053444090427907,0.18039643850716292,0.17045707583761788,0.16040531406428066,0.15074961660965555,0.14194451308419287,0.1347436412928858,0.1292891098321956
22-01-2026 10:20,25330.55,0.11599625,0.112654312485377,0.10761889176170278,0.10474589607093378,0.10652339419484207,0.11109297358009013,0.11652094526109263,0.12225605853375411,0.1283029289149537,0.13509302597768644,0.14285352078700378,0.15079042572718976,0.16293682070340854,0.1842588201490635,0.2236292788418873,0.2294730083673753,0.22522213877619254,0.2158662746869261,0.20590842401202886,0.19539670932467645,0.18499706796081392,0.17500800248761852,0.16517659206525276,0.15551847325432938,0.1467270529455066,0.13959519283150143,0.13433309049997857,0.13021819000248516
22-01-2026 10:25,25335.0,0.11744768187318444,0.11335376054216324,0.1097056117378909,0.10823747714411291,0.10963403385436823,0.1130577631080166,0.11809993481500142,0.12428581279719819,0.13062404685982631,0.1374823394079593,0.14566043935632353,0.15406182209924577,0.1656286135581319,0.184879625,0.21930262890476399,0.22325223454433804,0.21817811513288937,0.20834446475910473,0.19814894756365584,0.18826138705696135,0.17876103744189367,0.16909906523575025,0.15936424526359444,0.1500859062499999,0.1418274859089716,0.13497362941430166,0.1292090442153498,0.12375347245464495
22-01-2026 10:30,25273.25,0.1246720687318443,0.11997416802062327,0.11593780779660232,0.11357514836072466,0.11346117695736345,0.11529614857238965,0.11930420213068871,0.1254967083579131,0.13246947786510177,0.13974292546439426,0.1478880337460597,0.15630383342846282,0.16790549017118434,0.18659537499999998,0.2184767257649341,0.22181515274920285,0.2161449882772685,0.20567192928508726,0.19498773974109013,0.18483832213467535,0.17532022450873935,0.16582481741856042,0.15627909711005367,0.14719679911503572,0.1389701998188542,0.1315339739191273,0.12438417478420336,0.11707583013993822
22-01-2026 10:35,25312.45,0.12702527371731984,0.12173660790126753,0.11701168380499248,0.11395422883735787,0.1136556488109694,0.11597773490127584,0.12032415345647424,0.1262932473745918,0.13312300543735392,0.140416569473119,0.14834037337920766,0.15675438502968508,0.16881317397151313,0.18784946682303488,0.2190889059979492,0.22240522586911415,0.21642516671711076,0.20558162216377615,0.1946514457231592,0.18421678138035355,0.1744878464499699,0.16502891497727498,0.15568026797553722,0.14688942865035812,0.13905720407922856,0.13208433484788948,0.12495720673369466,0.11683065490133165
22-01-2026 10:40,25290.35,0.12086131873184432,0.11744937167735395,0.11483705631859005,0.11347448709184961,0.1141327017729508,0.11727157215745176,0.12215061191874489,0.12780725569545326,0.1340228978084317,0.1410111591830989,0.14932879765863136,0.15967409808134425,0.1740600695551442,0.1937222932303498,0.22038724346942268,0.22211585368752343,0.21577189050613424,0.2050873002191508,0.19415860943902696,0.183633851991097,0.17384679069213738,0.16444198308401503,0.15527868943224854,0.14676931483622474,0.13945219490186217,0.13345837781185957,0.1270808296027397,0.1186618162524652
22-01-2026 10:45,25288.95,0.11688268187318443,0.11452798651910995,0.11388480472455254,0.11438462758047988,0.11578370216077342,0.11893356467797994,0.12378422860521247,0.12953379365195586,0.13576138016285125,0.14266753063228485,0.15147209895823074,0.16366518021071408,0.1799936867910682,0.19984040281462973,0.22163495663485336,0.2215819164229899,0.2149522176533566,0.2046965334399234,0.19395274093946388,0.18307474630823667,0.17265408143116703,0.16312229150771107,0.15445063818226812,0.14644796718543637,0.1394740214360696,0.133991067346484,0.12810784174837106,0.11969725662524651
22-01-2026 10:50,25270.45,0.1120045,0.11016721538599242,0.1105475169332609,0.11234150385869884,0.1147580161746313,0.11854474266846186,0.12412049068471868,0.1306854742058591,0.13726308808898585,0.14417304019474358,0.152637236250616,0.16321355620558597,0.17736274810960853,0.19622879323034984,0.22088776330212664,0.22141885856766802,0.21489054573806263,0.2047972743657184,0.19443965303230779,0.18371089120168047,0.17305824775400183,0.16338960727532859,0.1551873448758794,0.14807988098573285,0.14172504705094144,0.13638116835052463,0.13093157778028758,0.12374724999999992
22-01-2026 10:55,25267.3,0.10812175,0.10777429113570049,0.10879566825654172,0.11108875186431295,0.11428857724135599,0.1187671400266302,0.12487065249710914,0.1318113259501975,0.13858430332134208,0.14566803281531393,0.15380098001320927,0.16246606664831986,0.17410385422208152,0.191809279323035,0.21980049472010518,0.22123148366445616,0.21471982189238017,0.20451226901931202,0.19456910363107643,0.18476767063692537,0.17500468279862003,0.16552552426012962,0.15720876417728954,0.1504154890558366,0.14436966111025468,0.1387112147428513,0.13345712939042284,0.128086
22-01-2026 11:00,25234.85,0.1138875,0.11341376462569165,0.11382342531050839,0.1154918594649246,0.11826713111956928,0.12223578002546642,0.12769544560296633,0.1341558800504794,0.14090809733141674,0.14823074075437043,0.15634163901769044,0.16451188088329763,0.17529049637702293,0.1919036601687145,0.21849222959229403,0.21992168668210046,0.2134743034462679,0.20324436553246145,0.1933046024083776,0.1836797806413881,0.17422502156942982,0.165031254659144,0.1567454772422965,0.14972798728685047,0.1432865094337828,0.13694088776097482,0.1312251155155717,0.12627339084091752
22-01-2026 11:05,25223.35,0.12012250000000002,0.11864981142361028,0.11833294899042934,0.11951619991199422,0.12186844365768956,0.12545220604768184,0.13046177827807062,0.13648287790623226,0.14323979487118746,0.15070786207940026,0.1584222497051562,0.16605574979593013,0.17646878769944616,0.19239138628338867,0.21695518977506878,0.21853558814251692,0.2124134368978633,0.20217988244772828,0.19181218719215376,0.18183078573070585,0.17237862169436663,0.1632328775633127,0.15477749890900727,0.14763138891242797,0.14132155290713513,0.135229207697517,0.1298014727504982,0.12526415840917499
22-01-2026 11:10,25234.6,0.11971350000000001,0.118320839136727,0.11796546399847606,0.11903900673711844,0.12160062679262428,0.1258291046973941,0.13119623545171777,0.13716731507220525,0.14437067023284408,0.1523400653049318,0.15991132652206236,0.16824214928853326,0.1802035236585574,0.19657897899929444,0.21746984242060635,0.21819187221814307,0.21210000620986383,0.20193685988276014,0.191052218178369,0.18085689062753754,0.17204211397671848,0.16333166227554513,0.1545868872387236,0.1472925004454342,0.14144049439570078,0.136173814932335,0.13163788879451532,0.12790078513651493
22-01-2026 11:15,25230.3,0.1223645,0.12043354139623902,0.11938760112123586,0.11960086808393335,0.12170948516627599,0.1262155021457709,0.13192791803732437,0.1379070853179192,0.14512675988010687,0.15314619521584,0.1609068071747298,0.17041398444038536,0.1839913780474296,0.20092447539053632,0.2182030540797319,0.21720654397617076,0.21075320246308507,0.200860347411165,0.18998319311388256,0.17966468720650347,0.17093561662294468,0.16252484847319174,0.15394574159530383,0.14642006361137605,0.14014381724403524,0.1345046023839945,0.12949038622879178,0.125025158409175
22-01-2026 11:20,25224.65,0.12468350000000002,0.12215138848872753,0.12055995811931011,0.12015231190860277,0.1217632273936795,0.12630580882558684,0.13241492126361692,0.1382117647857235,0.14414440467013992,0.15093504898072732,0.15840222421286693,0.16749209645793522,0.18044731400913055,0.19760801584126855,0.2155992274531292,0.21471026703963275,0.20891914012744056,0.20009268374541456,0.19023673687660814,0.18008106818166694,0.1701798607164208,0.16057780590412182,0.15207803258947988,0.14510778929221432,0.1388074858057074,0.13262306555785897,0.12688936067096507,0.12168889084091751
22-01-2026 11:25,25274.25,0.1215135,0.1195313669846387,0.1185169489796382,0.11873257919716507,0.1207734532246807,0.12548065657353283,0.1317009465570524,0.13724292819623257,0.1422429153909973,0.1482355400305023,0.1554712445350478,0.16390382208877102,0.17603280248849745,0.19343392707446172,0.21365129509912514,0.2138854316928233,0.20890547445993615,0.20078578556841833,0.19160348113760628,0.18156020021906125,0.17081780624193244,0.16026069980317478,0.15181871526525795,0.14555737139536842,0.13972289047104255,0.133755066691916,0.1283128431984031,0.12353750000000001
22-01-2026 11:30,25237.65,0.12010008261250078,0.11857527895107572,0.11809122539135888,0.11889601057343084,0.1210946987418303,0.1251857448670089,0.13074052151854473,0.13637965159637497,0.14194813522133173,0.14839183944249612,0.1558740374580982,0.16414120132113252,0.1757178749489719,0.1927754472101213,0.21569630834316764,0.21645489655116246,0.21055747294784277,0.20086440158333912,0.1908188118408147,0.18106088630858186,0.17134810002243803,0.16169105984494964,0.15326941277251682,0.14637506079252804,0.14014843497658983,0.13431197196563566,0.12916459994484022,0.12461549999999999
22-01-2026 11:35,25252.75,0.11884507612500861,0.11737636864537652,0.11727706827680642,0.11860988434099012,0.12097726065262275,0.12466726267932668,0.1298773538260124,0.13595191341835308,0.14238027672782813,0.14946740245956042,0.1573933166931103,0.16571435757661107,0.17678119725125527,0.19327613322507495,0.21802397705505594,0.21885009820243564,0.2118501032967839,0.20036004805567148,0.18936884742729512,0.18028750240544453,0.1720602330439489,0.16341685316801277,0.1548465287215139,0.1472452280762007,0.14089832323204246,0.13550972046156806,0.13076715859015825,0.12645849999999995
22-01-2026 11:40,25230.6,0.11972592687985989,0.11795281430133536,0.11780969044054307,0.11937064321549838,0.12207205333710211,0.12588021020165904,0.13095196969539236,0.13706650008389407,0.1438608320185828,0.15137663671328055,0.15965629905686868,0.16836604587470186,0.1798580420097029,0.19659063504062868,0.2189062370464948,0.21838893523184932,0.21098709606077404,0.19955205433433945,0.18863730202014353,0.17965350843435998,0.17153276138111517,0.16301030857166607,0.1544449975724797,0.14682693023750704,0.14078638488431847,0.13596251121394343,0.13161046206575386,0.12734875
22-01-2026 11:45,25200.8,0.12348297467345191,0.12154543561218313,0.1210344663556458,0.12229324015453852,0.1250428084253788,0.1288397578694519,0.133448923605134,0.13910567854917133,0.14596269591047195,0.15394148599990456,0.16250801420969088,0.1711581768003693,0.18262229678544817,0.1993543180731316,0.2189043391836907,0.21703506400701883,0.2095456232748169,0.1989936567865993,0.1886274075551887,0.17904337791649533,0.16991660728038488,0.16108772640116256,0.15285191066757856,0.1453668093770416,0.13904660501145222,0.13407378337007647,0.12969183128397171,0.12513675000000002
22-01-2026 11:50,25218.4,0.1230084999996988,0.12166826562488699,0.12145750746208683,0.12287614703159072,0.12588757600530565,0.1298904829474297,0.13445713244477683,0.1400152330279803,0.14699558203014132,0.15534001806808895,0.1641291446139811,0.1722918210020007,0.18256186019884707,0.19791142938505854,0.21801859476105498,0.2165523574860298,0.2092683382797167,0.1992972774693882,0.18950986397924233,0.17975135490538113,0.17007714347991038,0.1610809913110979,0.15318482336545827,0.145945590391372,0.13935097788534545,0.13392559893082062,0.12955989767581572,0.125733
22-01-2026 11:55,25201.6,0.12498164854844329,0.1234662588306662,0.12309255985937008,0.12432752713831646,0.1270226809273412,0.13080824507804933,0.1355727818658366,0.14153271104190382,0.14870576009341194,0.15676639635104292,0.165099191903547,0.17310167050939101,0.1828991284458824,0.19688845069836208,0.216619144600251,0.21551321552290637,0.20830825251744944,0.1984213550380689,0.18871584191357,0.1790231773959935,0.16965243631919893,0.16091085861762902,0.1529391921289787,0.1456061728403928,0.13883918813816326,0.13284319159354277,0.12810202495635634,0.1247025
22-01-2026 12:00,25184.35,0.13084468985484432,0.1281202509779568,0.1267746092287399,0.1272753241209616,0.1292064468799912,0.1322935293079361,0.13684787598106748,0.14303461645006227,0.1502929150622687,0.15786722752488905,0.16564724643531054,0.17373983300405937,0.18370633364916836,0.19720729819973865,0.21578656386208273,0.2147425601683327,0.20757476127619745,0.19737857471033515,0.18706572029524807,0.17705292306091147,0.1679583096577699,0.15945392743393577,0.15116617180476513,0.14336769575433078,0.13622459327385572,0.1297575529370122,0.12429837010833304,0.119869
22-01-2026 12:05,25218.75,0.13164350000000002,0.1284682040739017,0.12683237996429012,0.12715424823896782,0.12891541793063419,0.13183000540710263,0.13617652389100637,0.14213680010480464,0.1491749778290363,0.15651795515926883,0.16418582543325885,0.1722848931367172,0.18239480053347107,0.19637850600286605,0.21615206615275676,0.21529051330089305,0.20807163292306652,0.1976553103739325,0.1870944420424253,0.17692662056080713,0.16777390309886997,0.1591696551747153,0.15068132476999824,0.14264840931749947,0.13532701800388322,0.128756009515533,0.12299835564441625,0.11785425000000001
22-01-2026 12:10,25226.35,0.12932174999999999,0.12644795483302307,0.12505989883454569,0.12543664922474515,0.12719648161532066,0.1303171817393537,0.1348162516755004,0.14051183872936063,0.1471795039849509,0.1544072107389591,0.1622280922411201,0.17116713934563263,0.18279879788296452,0.19817632918258646,0.2171841086623568,0.21564133792330076,0.20810861142453768,0.19777418945555886,0.18754117851030352,0.17757342469534731,0.1682345930838488,0.1593285741388881,0.15066728733647192,0.14252543589009464,0.13514933644472574,0.1286251777064325,0.1229829626090696,0.11797075
22-01-2026 12:15,25221.55,0.124461,0.1224454082383054,0.12161912745616459,0.12226008166769961,0.12420465296052444,0.1276818058043504,0.1329173814896928,0.1392818718209066,0.1458337396285199,0.15249101024280645,0.16019271244081554,0.17043533548451256,0.18483148514660167,0.20313153107908524,0.22005450748853306,0.21732525308632472,0.20944865906397014,0.19912449602040988,0.18898688481151674,0.17916366511373685,0.16980861320986457,0.16079742190781598,0.15189403095311463,0.14314837002751693,0.13525584645102676,0.12909273995709428,0.12445371617242718,0.12034824999999993
22-01-2026 12:20,25272.95,0.120421,0.11857398705142785,0.11817607119479079,0.11928896848757727,0.12155644393532924,0.1253055818027627,0.13108155852646677,0.13806350160655104,0.14455489912509537,0.15064274823719523,0.15786810094394652,0.16777357324888675,0.18273512181795318,0.20311756827730257,0.2218905393169196,0.21923228383787027,0.2114563342623556,0.20110841997632187,0.19086394236635812,0.18096457886315415,0.17153919144149313,0.16248600024495669,0.15335266609858403,0.14393510126914755,0.13559328229275014,0.13001163405079086,0.12648459747447247,0.1232289025171008
22-01-2026 12:25,25240.05,0.12488250000000001,0.12131859683426786,0.11993333059241428,0.12063892463614098,0.1228719642930558,0.1265908523993228,0.1315866743936406,0.13735422266263989,0.14339145514874888,0.1498603538985245,0.15730277039067186,0.16616808316537376,0.17892185865234425,0.19719559569179884,0.21906175730072455,0.2181170851920178,0.210930067207765,0.20055201982635462,0.1900513579746197,0.1794697464964222,0.16934981745493047,0.1603040207691028,0.15166383105578654,0.14275283825916385,0.13482771239009184,0.12917386070734815,0.12513269450097497,0.12151227517100802
22-01-2026 12:30,25251.1,0.12619800000000003,0.12247985414403768,0.12059549269023011,0.12085238718852484,0.1231423794775006,0.12699581073169308,0.13135622276772882,0.1361403076329722,0.14214153560005444,0.14939212351386846,0.15740751203551187,0.16596177829679692,0.17709068744285408,0.19283463379460253,0.21608190964698482,0.21693099593637852,0.21036312485175407,0.1999227445197416,0.1891045375910159,0.17768125513646083,0.1668455011261025,0.15820336466467377,0.15077379927052914,0.14311583964428418,0.13584292210741114,0.1297289000908567,0.12479939291680578,0.12077024530781448
22-01-2026 12:35,25259.05,0.12062631700280689,0.11861569804045627,0.11765315189419837,0.11826923017180101,0.12066050495244342,0.12449457131137526,0.12910798091429945,0.1346472376871211,0.14166514871103575,0.14970179108377238,0.15792078056081377,0.166105676618629,0.1766273978620158,0.19185938348577738,0.2154941706332792,0.21687325737867927,0.21038188078561215,0.19984854111216777,0.1891942658031567,0.17813316010303354,0.1676230187294171,0.1591271765322313,0.15184513786436704,0.14457348072364223,0.13761597200038322,0.13146829247312636,0.12633927642727144,0.12207902517100802
22-01-2026 12:40,25236.55,0.11754167002806881,0.1164087668855257,0.11604983875175422,0.11703427528575706,0.11965099364818138,0.12360618219956519,0.1286864290548695,0.1356318922567153,0.14440206965488486,0.15327600468500271,0.16113896545932857,0.16825462641600672,0.177740386581025,0.19247109253898118,0.21606064529776772,0.21682450223542032,0.2097593115177608,0.19890769077595805,0.18852968194561173,0.17845460032823368,0.1687352570906292,0.15983214345055047,0.15155898333686044,0.14376094893059904,0.13672520569391006,0.13065117788316102,0.12557935073580456,0.1211746525171008
22-01-2026 12:45,25253.05,0.11398370605052394,0.11351215539394643,0.11370001287815765,0.11516958825339102,0.11834432561897644,0.12289342344529951,0.1286774853761594,0.13670876915452163,0.14663872300479627,0.15621964046953377,0.16418952353297772,0.17062604075165594,0.17903076416630956,0.19301799835297734,0.2167908582797768,0.2171824889796308,0.20973557731345152,0.19823775765813192,0.18727880892066626,0.17757512152994687,0.16870418447956334,0.15993221508487873,0.15123433927671578,0.14307207633371355,0.13575983034168954,0.1296639184438806,0.12504599948338174,0.12132610437420056
22-01-2026 12:50,25254.0,0.11155792002806883,0.1115156262605257,0.11221365125175421,0.11413398585191259,0.11748119034121281,0.12216775290167313,0.1282370968810968,0.1359631734377281,0.14497390588398973,0.1544153490916233,0.16331795206550442,0.17074578418593467,0.17964517080359146,0.19366380474561912,0.21634800000000004,0.21624968115737936,0.20863038158862168,0.196777900467669,0.18524945107019392,0.175503765170912,0.1671705636550688,0.15897639136722141,0.1507557876387099,0.14294024662544896,0.13576720699170436,0.12983285271890901,0.12570159249293816,0.12277754374200571
22-01-2026 12:55,25215.15,0.11498731700280687,0.11447029827240413,0.11483622346128111,0.11657174841819153,0.1197231330447598,0.12411102723337515,0.12966149764261384,0.13639442968178042,0.14420673152454183,0.15287655890024518,0.1618222591509229,0.17038980710177107,0.1806746574161107,0.1950724445367316,0.21507193196628865,0.2135852140445226,0.20558174132567922,0.19438075331768784,0.18355159249022665,0.17361973801037608,0.16465343884383102,0.1563340722568661,0.14850567111649587,0.1411585965896475,0.13438681472464353,0.12865201862534498,0.12445218142854576,0.12141762873561034
22-01-2026 13:00,25215.7,0.11787450000000002,0.11723219618939185,0.11716556535511441,0.11853225804393627,0.12165697402627704,0.12598368886740638,0.13112071177513676,0.13742533439075338,0.14498992127386423,0.1532419217090396,0.16177958178493612,0.1706317681432921,0.18154115587716635,0.196051815527655,0.21409363888480856,0.21168869040648244,0.20336834076476473,0.19269960248265877,0.18265467681823291,0.17269910597297342,0.16306677654423143,0.15437417947627968,0.1465629665642789,0.13934587769194476,0.13275273018840472,0.12702752156804673,0.12249798364915962,0.11897179374200571
22-01-2026 13:05,25210.35,0.11598534382257122,0.11666606782654977,0.11702171670466713,0.11832259338845313,0.12135751428305347,0.12567823678994638,0.13104438985880207,0.13774750544037426,0.14552250394625038,0.15367812047119303,0.16212269080437697,0.1712841648196494,0.18300283235622392,0.19847606136027332,0.21493165511241524,0.21203996512733245,0.20347730160372,0.1923402680042438,0.1819972132458832,0.17229705952668983,0.16293322287800419,0.1542260324339104,0.14633854505664587,0.13916336975888796,0.13269394431468415,0.12702333140966224,0.12243006880929885,0.1188166043742005
22-01-2026 13:10,25206.6,0.11295167867040702,0.11611854196296828,0.11763795827797141,0.11893880188047667,0.12148863678904559,0.12547447083394825,0.131052874036804,0.1382596678659298,0.1463377577026409,0.15446281462223282,0.1628023888959123,0.1721967152822903,0.18460891095245557,0.2009269018206328,0.2161291367232093,0.2126130882503544,0.20387495017307034,0.19221444388967737,0.18121548682718308,0.17166303211010892,0.16267468783062344,0.15370331595841152,0.14539711410223777,0.13819172457424198,0.13177542715590837,0.12598662136681918,0.12112974696490841,0.11710925
22-01-2026 13:15,25186.75,0.11087809325323077,0.116232192822949,0.11886373638912671,0.12018606436300737,0.12238692923522172,0.1261305017690083,0.13156881027690054,0.13866537147655977,0.1468660174457744,0.15525975809567333,0.16356140166889263,0.17246560070637562,0.18398896029541084,0.19919247542158292,0.21469089734278657,0.2114627169761935,0.20313778436832497,0.19180380887709536,0.1807492789128305,0.17101540449734162,0.1618613036902031,0.15250220673648127,0.14381805665442018,0.1363673839294391,0.12940436063848068,0.1230222396200639,0.11797783456190297,0.11384254801210045
22-01-2026 13:20,25195.0,0.11136726623022013,0.1157800950933911,0.11816626363601508,0.11965038138970603,0.12208154799531178,0.12606050113464562,0.1315524020699554,0.13859730189604524,0.14714654813167788,0.1561298758490565,0.1645556559045619,0.17290044918757339,0.18329274247658717,0.19710745574628585,0.21329392050990756,0.21066321686582729,0.2029099832687932,0.19232135075871523,0.1817083580007523,0.17173117507578933,0.16230001339313938,0.15311957786012184,0.1446463914305055,0.1367999197590091,0.12880669564848132,0.12196112227754675,0.11801406699477206,0.1158860573914811
22-01-2026 13:25,25194.95,0.11988024826952004,0.12008914563999684,0.12018920699597291,0.1210059536351298,0.12327734174233773,0.12715753809912847,0.13251754889520326,0.13942677629876918,0.14792708507327834,0.15695341316919614,0.16552976983916437,0.17397327205785743,0.18403493347260397,0.19705233212329223,0.21272420416789106,0.2098878595289489,0.2020052849102741,0.19180911454274588,0.18176080641567624,0.1718266288393691,0.16224414552142263,0.15318859398044649,0.14475249949879068,0.1365682187400988,0.12818615585172446,0.12147294695876353,0.11900121548211931,0.11984713692257574
22-01-2026 13:30,25171.75,0.12524374044469488,0.12444960541909628,0.12324057954801648,0.12310406105266955,0.12494616038215914,0.12839594764306533,0.13331497214272126,0.14024063793888097,0.14874040037138342,0.15704771034230092,0.1649248313439501,0.17346168287637892,0.18367433895175628,0.1960774899326736,0.21037390607135403,0.20785122875764184,0.20039475035110832,0.19071423733515988,0.18095704706029553,0.17077170445788148,0.16079482753536417,0.15153476291596799,0.14282330871029508,0.13484823940737564,0.1277103620600215,0.12199689625715879,0.11967274412162962,0.1208926088186312
22-01-2026 13:35,25225.85,0.12000576596545194,0.12147139609663365,0.12091859649779829,0.12088977975853706,0.1231496677282043,0.12692232225645125,0.13208414086830245,0.13967910022535862,0.14870525256150507,0.15645325219442396,0.16339703598598118,0.17172560204289025,0.18221569903300003,0.1947698493041102,0.20908600036072264,0.20738095863842418,0.20054438443147518,0.1906817210619279,0.18007417837270673,0.16926583563007014,0.15947879817693722,0.1508982974088539,0.14265364110392958,0.1353218191511776,0.1295763518479881,0.1247652825290764,0.12144283464289132,0.12023069900731495
22-01-2026 13:40,25195.9,0.12126336818219291,0.12121316035112054,0.12008963865520192,0.12014692906888186,0.12264747564972903,0.12683844825079787,0.13243926838178288,0.1399448621877424,0.14854249223009627,0.15626118932740493,0.1633819362435913,0.17153607552816852,0.18196538128677944,0.19514793310306824,0.2105954713464155,0.20835793201095337,0.20065080204939867,0.18961893488297585,0.17801587090086418,0.1670059603888196,0.1577890901129803,0.15007792301068848,0.14251919061313367,0.13519854813408544,0.12890271273925075,0.12334691006891879,0.11864525374707759,0.11509060819328068
22-01-2026 13:45,25188.3,0.12696412265487003,0.12460129427550876,0.12274189951699487,0.12252979469934017,0.12445531779111915,0.128312343368465,0.1337214924764329,0.14038927904333048,0.14802787844744714,0.15590151849704129,0.16369301187172658,0.17189435755511653,0.1821371872705405,0.1955419115655333,0.21149783119996668,0.20903148598712495,0.2009008423983838,0.1896916413085785,0.17836886032710036,0.16751813109734007,0.1578194771436104,0.14936348686662096,0.14133645156136032,0.1333922213171247,0.1259619724378074,0.119221558263543,0.11326680605980019,0.10804587829044653
22-01-2026 13:50,25206.65,0.12481191315264249,0.12304065713738815,0.12200539867243428,0.12203129172817404,0.12344606557050394,0.12684383635634572,0.13235128088199796,0.13918441479629234,0.1464600084839292,0.1539983264074565,0.16207895222554242,0.1708197035995328,0.18144153376734024,0.19509922788083583,0.21185525611137468,0.21033842162215538,0.20276827712971426,0.1919666035290024,0.18116944196550278,0.1704664506459582,0.159783612299375,0.1497051031243189,0.1407862720637156,0.13273423235143855,0.12525147999746356,0.11847091641508628,0.11234850786067208,0.10657898782904465
22-01-2026 13:55,25236.1,0.11826054382620453,0.11723621312729823,0.11735533904130362,0.11831095446827744,0.11988728197139692,0.12319819679022767,0.12915418030969059,0.13673783977246107,0.1441989004817091,0.15150028523942344,0.15972218654223613,0.16913146998775697,0.1806433376659597,0.1951780452094531,0.21219346597006433,0.2110539447376092,0.20384960781675532,0.19316920168857565,0.18231105181865614,0.17160374971356798,0.16066106511891112,0.1500295232599001,0.1410258905205361,0.13343926407509954,0.1264680723700053,0.12025334161457082,0.11485444013229815,0.10988650000000001
22-01-2026 14:00,25232.35,0.11185938436784931,0.11146921662284175,0.11240285974822228,0.1143621169286668,0.11677822604021966,0.12046650143655525,0.12641515569740405,0.13403555549968596,0.14203062330034877,0.15020567901642948,0.1590224325752357,0.1686696428686809,0.1804121986381893,0.19516894528231754,0.21108369619000045,0.2096396791848788,0.2024530176724554,0.19159731470337366,0.1804147724301533,0.17008366567933333,0.1603094668684788,0.15071216948379723,0.1420565200813027,0.1345819140694997,0.12789682921141793,0.1220297749374018,0.11710195702412117,0.11286569938279185
22-01-2026 14:05,25228.35,0.10715296651231643,0.1077541589260474,0.10916347612805449,0.1115943980981009,0.11490757761906611,0.1194639596261419,0.12579622746046448,0.1334924206632751,0.14176264836856095,0.15056349532376878,0.15988004837662015,0.1694823498914945,0.1807563881649665,0.19491111096620778,0.21028117504160404,0.2081952877198993,0.20055971097516875,0.18930600538653036,0.1780647675150586,0.16857833325821642,0.1601965652302075,0.15161330996818595,0.14323885475228135,0.13579153594471735,0.12935005120849039,0.12385547726960872,0.11927653032739471,0.11533808356614267
22-01-2026 14:10,25212.7,0.10891292584017573,0.10918050030635892,0.11019538031937169,0.11238847733782174,0.11590959957591307,0.12098557812898132,0.12778459211093274,0.13565771727834533,0.14379817541954196,0.15237542081959404,0.16154547409962836,0.17105108376958833,0.1821416944014088,0.19595461791269966,0.20998625040869576,0.20705205405987873,0.19920354989292374,0.18823380312339627,0.17741505465253915,0.16810964724028143,0.15958450565070398,0.1508695527506717,0.14254099049233224,0.13527575167641578,0.1291700494108936,0.12427164154551615,0.1204077531546971,0.11699423627249562
22-01-2026 14:15,25178.75,0.11620419258401757,0.1149648809911584,0.1147932095697289,0.1162194263901277,0.11973953270724819,0.1252331026090448,0.13175133265359448,0.138795233969097,0.14667428370996602,0.15538706391501472,0.16418499319228186,0.17306939639859614,0.1835965948937864,0.1964011063482602,0.2066310632263021,0.20300834295661524,0.19566509990977302,0.18600956678988906,0.17610757035090058,0.16638345403092825,0.15685215057156307,0.14768875491176103,0.13927964225884157,0.13185529870037485,0.12547152764557307,0.12048443966608016,0.11692315497199568,0.1139251091159549
22-01-2026 14:20,25194.65,0.12325400000000002,0.12029867453987333,0.11867173157238538,0.11906758744104048,0.12231820037753563,0.12793084941751676,0.13395059970259993,0.1400746384471602,0.14765810033622825,0.1565212154569932,0.16498896676330735,0.1733047908837622,0.1836483010990297,0.19638555921785175,0.20461289023402982,0.20034806929299426,0.19302174214211154,0.1836480422522883,0.17374150013980813,0.1637071835906949,0.15386178248122037,0.1443803212573552,0.13553873591541946,0.1277154084614822,0.12078603051446107,0.11483266525955296,0.11010913471508249,0.10600484676503427
22-01-2026 14:25,25206.4,0.13150675,0.1260517611875208,0.12233703294545666,0.12117584027044645,0.12284085116361236,0.1267730863277517,0.1318997064038024,0.1379166177928179,0.1451532462655917,0.1533621330409458,0.1616204902157263,0.17043993701855759,0.1823536700041961,0.19792872936378492,0.20919462799427116,0.2047885733846555,0.19647287157827542,0.18536124163814022,0.1738004577541645,0.1632279625556698,0.1535920156743352,0.1437477785828565,0.13401210177977924,0.12557877335572462,0.11823863272675494,0.11131352715824608,0.10482663308935265,0.09866033973822426
22-01-2026 14:30,25236.6,0.13639381423276384,0.12919762115298838,0.12395838447367881,0.1215523213070337,0.12171590200622938,0.12393897307417423,0.12817632433252416,0.13413457588118288,0.14103797031685478,0.14856511410861759,0.15661381521463189,0.1656648226090176,0.17838639519767902,0.19598403997923988,0.21292073764088512,0.20989934171287447,0.20140219617813038,0.18964197031342028,0.17764428304229743,0.16663267741991947,0.1566796737946141,0.14664913944319005,0.13656273531973692,0.12739364771932812,0.119282099130548,0.11176486626918589,0.10450887390474736,0.09733575
22-01-2026 14:35,25267.55,0.13247189232763829,0.12546861719748312,0.12034044219975898,0.1178481212209243,0.11779591435094337,0.1198644888247265,0.1240092236792023,0.12997622898529712,0.13708468721041872,0.14470171064302784,0.15246895294733848,0.1610473104884238,0.17372508281389903,0.19222315949288235,0.21350656134169377,0.2121756723272492,0.2043190213578775,0.19318998101748475,0.18208701108617784,0.17124221888999858,0.16082155962227218,0.15067310053919153,0.14076517378352002,0.13135207974357235,0.12282025579582874,0.11527194219918739,0.10821797080260653,0.10119825000000002
22-01-2026 14:40,25289.0,0.12669865618974885,0.12041689903534893,0.11589968011683047,0.11372588685248829,0.11382093128730898,0.11608015635134117,0.12035142069655629,0.12648902643860122,0.13410087664778347,0.14210271737055333,0.1496352298662516,0.15783658483002214,0.17076778639616597,0.19026260194027356,0.2135420322626925,0.2131326822278967,0.20566890549998346,0.19465012500456685,0.18374150219037982,0.17295014451484916,0.16228377688543122,0.15201964923214015,0.1423510285849012,0.13330951330577911,0.1251054547586885,0.1178105010891257,0.11100364870978141,0.10427375000000001
22-01-2026 14:45,25289.65,0.12239314232763822,0.11742136672763558,0.11398488945989577,0.11228031974201713,0.11220608767571154,0.1140545696688057,0.11801262391136132,0.12404090084708436,0.13177033792789,0.1400712026157158,0.14785177625065146,0.15580912716027798,0.16803492717253216,0.18693759029204426,0.21213897272427534,0.21253409710751783,0.20524141180108918,0.19402802753495324,0.18271649075475688,0.17115641556431085,0.15979991058985862,0.14969189884903866,0.14085830580967615,0.13258836915044678,0.12482143761383568,0.1177363124107802,0.11112603024831266,0.10469625
22-01-2026 14:50,25294.65,0.11938431423276383,0.11561210293664662,0.11313021925941762,0.1118089191357579,0.11147494366299637,0.11276890533386143,0.11630811223486927,0.12214258596532844,0.1298101347825083,0.13829949197674776,0.1464977375862344,0.15480537581094791,0.16733581758831476,0.1866848132548056,0.211846790489717,0.21187422439105374,0.20435578996282844,0.19282687529895193,0.18085915069510738,0.16847455108481713,0.15673202000382522,0.14703154183644432,0.13898064550340394,0.1313092453579198,0.12387849602168322,0.11707357601263561,0.11080602868598491,0.10474524999999993
22-01-2026 14:55,25290.85,0.11858550000000001,0.11437490098420305,0.11157603594247481,0.11038552319965925,0.11047136337799046,0.11197373586478396,0.11546674731419808,0.12125558070767231,0.12889585424524203,0.13730385990424387,0.14559955579555872,0.1546430857385066,0.16836166662950067,0.18866172710945547,0.21189674334961733,0.2109474861515058,0.20307610672115234,0.19124327073219188,0.17879867308594807,0.16659566939032136,0.15568458751761166,0.14617522980752456,0.1376593293886742,0.1298985329981173,0.12265381427854628,0.11605845762321124,0.11025983841841762,0.10481299999999999
22-01-2026 15:00,25269.5,0.12163650000000001,0.11446701673693788,0.11052363628244015,0.10977830111088692,0.11058380798250919,0.1124346334186771,0.11596499554884433,0.1216290857645771,0.12900001807476408,0.13708796465328418,0.14535146696663953,0.15436594472846446,0.16719607317183083,0.1857780196521639,0.20958633491150438,0.2094493115026851,0.20178461094240832,0.18981446793798645,0.1773682686579268,0.16562840442094934,0.15519952918340454,0.14532157756169387,0.13602048189757707,0.12796715796350308,0.12067320243592461,0.11397071714098712,0.10825069983710842,0.10304279369666748
22-01-2026 15:05,25256.3,0.12790925,0.11762746752760664,0.11220959908397282,0.11108145298101875,0.11153447116894696,0.11302429775009168,0.11627495340107191,0.1216277157348235,0.1287123533962006,0.13653883914448292,0.14441165792333854,0.15251665831795483,0.16386245004617972,0.18096476794898433,0.20686258743592434,0.20816074848051597,0.2009789114786705,0.18912644822863398,0.17716491008563423,0.1659327893130317,0.15539518822421064,0.14511091091305764,0.13552572998696105,0.127150252064573,0.11958794574135638,0.11257565392687874,0.10612312367873353,0.0998646869666748
22-01-2026 15:10,25297.3,0.13035567034268913,0.12076645675705044,0.11449268441781839,0.11169917022520232,0.11100445225735717,0.1120581052437377,0.11508459329017462,0.12007794349727972,0.12691258480818254,0.13483906146409314,0.1427141437966977,0.15030787303746662,0.16104910532944883,0.1779381713950843,0.20509354984866773,0.20739322614317113,0.20060809563421855,0.18880170295540344,0.1771924080646823,0.16657158704681368,0.1562532930099265,0.14580059393444683,0.13595457500997557,0.1272112515935753,0.11941449218276601,0.11224097220822832,0.10521616237902451,0.09799428654001473
22-01-2026 15:15,25297.45,0.12949844497463606,0.12251069271622728,0.11642016871995627,0.11231043621643431,0.11060798692039991,0.11127975097732569,0.11412251576525892,0.1187088486171173,0.12495646469980935,0.13277783971435256,0.14130061897763896,0.1496938553126782,0.16079429982394308,0.17762714272352276,0.20511864546779635,0.2080281341749189,0.20146258063808847,0.1894798441064283,0.17762543918480597,0.16684471200578643,0.15635796337634056,0.14565446597437162,0.13537290570443294,0.1259639858488646,0.11767391615613598,0.11055649714983072,0.10384904598183034,0.09686748891476077
22-01-2026 15:20,25308.25,0.12446698164585193,0.12092089607749862,0.11669626566592971,0.1128646254160283,0.11076724593425545,0.11102500327988946,0.11393097500692387,0.11896902331810787,0.12503378676092652,0.13191631456042877,0.14028433377282687,0.15009615476994553,0.1628156031000184,0.18030094362191867,0.20751956552621093,0.2100119349956266,0.2030760156911144,0.19085385945976968,0.17865617258533253,0.16731873300336741,0.15646487956059382,0.14572090080568292,0.13530240649378505,0.125350866827882,0.11651063920556771,0.10959704719769679,0.1041971233164038,0.099376813177527
22-01-2026 15:25,25314.1,0.1188148012862968,0.1175955075330257,0.11538516877527519,0.11288290148430283,0.11147560383513024,0.11213119587053247,0.11596582938559485,0.12302416976097591,0.13072164254178956,0.13721288328518222,0.14443477934605498,0.15460677434518333,0.1691987125038595,0.18878691416247723,0.2148137021722693,0.21539199631910647,0.20650456832844055,0.19263317432615068,0.17995608013483136,0.16936428910039766,0.1595966797387301,0.14957177713096692,0.1395453474417988,0.1300012269607548,0.12145268146440791,0.11478514142137461,0.11046832266337524,0.10790218506554711
23-01-2026 09:15,25292.15,0.12697233582013656,0.12299172150476355,0.11900846286714169,0.11597156417949071,0.1149114418866005,0.11601112109667201,0.12011951339658945,0.1281672369160649,0.13767167336378805,0.14526909448415934,0.1522443623302746,0.16203857041017933,0.17743467637112897,0.1989671252376992,0.22459461080403634,0.22378782848137244,0.21328289934328476,0.19783146753354874,0.18475013250722713,0.17496508025594532,0.1660102458854839,0.15618227695020354,0.14603192593927794,0.13659438542917596,0.1282719559573823,0.12134050346026459,0.11608010569370103,0.11212421847952429
23-01-2026 09:20,25265.75,0.1378110968983453,0.13003596317716842,0.12304414437625603,0.11824817730385587,0.11648987113343119,0.1171752012677349,0.12032601110166266,0.12706781840086223,0.13649914312602876,0.1456516048246588,0.15398254918368798,0.16375624685039142,0.1784176776942677,0.19940822977240802,0.22802823771333147,0.22946811842435863,0.22087804381897969,0.20693431965355177,0.19403572819597514,0.18276084018312233,0.17181047451983994,0.16053856138427214,0.14946793820583718,0.13933938342800853,0.1304756662689146,0.12279158735614534,0.11601178135052514,0.10973279193473386
23-01-2026 09:25,25330.85,0.1311055535060055,0.12348470073987748,0.11718383541962742,0.11316281842575318,0.11167576957550213,0.11238025880012548,0.11535956026061013,0.1214446314387977,0.1306991038020668,0.14107993841481675,0.15087629208197686,0.16080742928237313,0.17469717398405762,0.19524342333117395,0.2277440942973578,0.23163704974416505,0.22562938721376435,0.21407473414940997,0.20155632962477732,0.18792027378852308,0.1739121558399346,0.16119493035104204,0.15034860666391392,0.1409362314064273,0.13264269306504142,0.125209270225967,0.1184514838659873,0.11215808197596623
23-01-2026 09:30,25330.3,0.1207678963108099,0.1145026694065453,0.10995688885314157,0.10749637408744855,0.10687959829559053,0.1081730550344913,0.11183416409923934,0.11845855772690088,0.12791260512684652,0.13864763686814816,0.1492390838590899,0.15961400403268028,0.1736100449551235,0.1948786508477696,0.22831052097880555,0.23142114240945535,0.22585643049877888,0.2154465641656717,0.20326958732534753,0.18857867269489387,0.17318672484092515,0.1602871871601008,0.15046730324121377,0.14232740403156915,0.1350752912670746,0.1283482359336099,0.12204591811999291,0.11612323998664792
23-01-2026 09:35,25299.45,0.11891905350600551,0.11372435922232714,0.10999674733691757,0.10766237217043415,0.10671366423653797,0.10788607222757175,0.1119335628673941,0.11921005301326532,0.12885779362050603,0.13923925886113364,0.14969689037903833,0.16029102604972306,0.1745497483448833,0.19613743813085854,0.22917900278745387,0.23143306431608573,0.22526133181563174,0.21454682526973293,0.2025150632548585,0.18874588489941022,0.1746397536727971,0.16230831137143992,0.15207731020336815,0.14315309766450646,0.13525574884200522,0.12820376595265492,0.12174787108628658,0.1156259489986648
23-01-2026 09:40,25299.95,0.12124186494400058,0.11652672316826657,0.11296288001041722,0.11020879946443077,0.10855678819629203,0.10931268599996488,0.11340899362572018,0.12103250660603568,0.13087805866289642,0.14102449862356187,0.15115402835545363,0.16169728655160653,0.17594752953936096,0.197206061949206,0.22991832052219796,0.23230241071493704,0.22529928991745826,0.21337528322790403,0.20107122297518307,0.18850664813197504,0.17604282758532597,0.16412925309135531,0.15295231311893587,0.14276528854001777,0.13400291176769769,0.12655822282645351,0.11980427711787363,0.11325700000000001
23-01-2026 09:45,25269.0,0.12571931739912484,0.11888001189625261,0.11343601622992713,0.11003966124719303,0.10917109328894828,0.11091836323821665,0.11500734547789783,0.12177933213654679,0.13104890729933263,0.14137852060668055,0.15193633763056344,0.1626684916095134,0.1767378505022765,0.1974587756520572,0.22914232171895912,0.23126964593203697,0.22391671145937267,0.21133470656032433,0.19853159453788435,0.18611672276853103,0.17416804462835417,0.16258104783123853,0.15118215934320267,0.14060451956169792,0.131975596836932,0.12490863778190187,0.11816574550912876,0.11134550000000001
23-01-2026 09:50,25300.7,0.12577288733244757,0.11723072150246688,0.11044754022182413,0.10702458785980906,0.1075267937747631,0.11067702158282706,0.11497500310216774,0.12102616831622812,0.12975189456926597,0.14024669689167318,0.1512855510212683,0.16223016816877983,0.17615427657022592,0.19660332838407052,0.22802174559405805,0.23039002170639888,0.22324402204171223,0.21035900576505998,0.1970784685333461,0.18464587349051909,0.1729800887421095,0.1616786840774026,0.15033723486785366,0.13968988975235194,0.1312936093330277,0.12466239794138055,0.11829372846243451,0.11181625
23-01-2026 09:55,25284.3,0.12149058230624524,0.11390444979650843,0.10811095278947351,0.10528589455240614,0.10570264035178142,0.10876147214549847,0.11410625220999752,0.1218298783114868,0.13107793072216037,0.1408857041524207,0.1513320564061468,0.16207339949129312,0.1757529014442703,0.1958561179944897,0.2278849391966355,0.2309379855105887,0.22386143469885597,0.2107639278424737,0.1974752643494808,0.18520675497917555,0.17349186169376377,0.1618121777784839,0.15020727684040322,0.13952132657572008,0.13099548528357763,0.12419618928687905,0.11781486368117172,0.111441
23-01-2026 10:00,25294.9,0.11516472424464723,0.10954660021468018,0.10540698628864037,0.10335208475730595,0.10345643960962314,0.10623173872968968,0.11279940151074752,0.12253859561086247,0.1326639040850933,0.14212553106692932,0.1520088089633727,0.16231726707002414,0.1756993743340346,0.1956178383952681,0.22796675155578788,0.2313157488683798,0.22407893425380251,0.21111310431058714,0.19841941809178537,0.1863910179113857,0.17431783242584475,0.16200637853116534,0.15000195819942963,0.1393043563943152,0.13073534298253492,0.12375775909995596,0.1172588784150035,0.11085574999999992
23-01-2026 10:05,25293.15,0.10939322146512473,0.10490499722213076,0.10201724205473749,0.10090477542908184,0.10144859225316022,0.1043713594270643,0.11078220699495184,0.1202466161953862,0.13070929296976252,0.14122053273150195,0.1519353934390766,0.1624346373720419,0.17576419154372688,0.19555178449420452,0.22729864643771633,0.230479054252076,0.22310549003267655,0.2104779884564761,0.19837058536280316,0.18638780541312525,0.17395469862264368,0.16146599197957615,0.14960459133979045,0.13915229292424375,0.13062919841847362,0.12366995788466985,0.11743348636903399,0.1113935
23-01-2026 10:10,25285.05,0.10626324999999999,0.1022899861358762,0.10019330765870095,0.09989553175890868,0.10117566617080928,0.10462124768803954,0.11100352620501786,0.12011885454041742,0.1304079509559252,0.14098548740126648,0.15200136973214662,0.16314696159463207,0.17704652888671146,0.1968149174068045,0.22730525497025805,0.22975637632044235,0.22227782862153272,0.2099773788018389,0.1979187217555366,0.1856138430560254,0.17302550561915758,0.16075141705284804,0.14918528479046986,0.1389399236816756,0.1305776544749076,0.12377962005073632,0.11777955890822031,0.1120485
23-01-2026 10:15,25283.3,0.1058135,0.10239578292823961,0.10040060165896317,0.10026033059123486,0.10232761285103811,0.10671589343000555,0.11351942438133521,0.1226902511480438,0.1328275027533274,0.142842997467445,0.15329189053845,0.16488224664587986,0.18024911431436824,0.20149538091951705,0.22943873756233063,0.2300209016349437,0.2220055824032363,0.20969441630298014,0.1973639688401111,0.18488659410353622,0.17241513088322502,0.16026287795890495,0.14865506746809526,0.1383968739577364,0.1301949133570421,0.12349722645849347,0.11749504899656868,0.11186231742790877
23-01-2026 10:20,25261.25,0.113183,0.10830339772257791,0.10465932446677723,0.10331603615997235,0.10486378890093206,0.10884356944353595,0.11481583101559308,0.1232518607483278,0.13357918020973963,0.14412440071494204,0.1545117911130449,0.16599335887969888,0.18202077467407574,0.20438578289190346,0.2302253997212586,0.22951915139703094,0.22104215359564647,0.2085660383085398,0.1960101107840855,0.18329587409629677,0.17053969054473672,0.15813709413154212,0.14648848126395117,0.13626992698639806,0.12775861224400403,0.12045813949405904,0.11406614140496282,0.10839436620338702
23-01-2026 10:25,25266.4,0.12025150000000001,0.1136241532245527,0.10833994698571667,0.10556472213376673,0.10554711429912342,0.1079475901932768,0.11293781842707701,0.12106908924579665,0.13151791570164076,0.14238092910016328,0.15298829662328006,0.1640036587760325,0.1788343925235192,0.2000818702245225,0.22858627453411867,0.2293226126667972,0.22094679500944517,0.20820881666566032,0.19578373756985265,0.18289254511086261,0.16951136122167865,0.15665948129188637,0.14501253794240992,0.1349533210269169,0.12617625687355744,0.11822064165197659,0.11137927117484366,0.10559785340389319
23-01-2026 10:30,25303.15,0.11629925,0.11055090909013549,0.10593483629970007,0.10330264632010212,0.10280155051742555,0.10456292471363737,0.1093464730213917,0.11747928947127541,0.12777195420326698,0.13869573808492291,0.14973118742006403,0.16069486350006854,0.17484451956441244,0.19577240453336756,0.22887014223031196,0.23020683276227477,0.2208793531870814,0.20776776597059565,0.19654958477642193,0.18482791121467426,0.17159642404839623,0.15849126811323125,0.14692496450031,0.1370253232824492,0.12804920269106876,0.11979146696451672,0.11279998595826754,0.10685733350188369
23-01-2026 10:35,25313.0,0.11004900000000001,0.10513288097881532,0.101740070029402,0.10012104029510058,0.10015344490923851,0.1023086104899448,0.10734208113343441,0.11534911679823476,0.1254388783080637,0.13656557823515605,0.14806510052463961,0.1593981570824261,0.17402231364006532,0.19583857067593607,0.23044041683433092,0.23062220277934742,0.22032630682141005,0.20735946002405575,0.19719762430330048,0.1866126576808828,0.1739693158101963,0.16086875483575372,0.14928386968664287,0.13927027413137694,0.12996565360355328,0.12160999893621084,0.11471264804373389,0.10869496369492318
23-01-2026 10:40,25297.7,0.10676275,0.10197154826652928,0.09914232911233205,0.0981362143628909,0.09862505559057795,0.10141641785217687,0.10722849051161266,0.11562530671405412,0.1257248381531831,0.13707655423679926,0.1489076613032619,0.16065768637220423,0.17645862422851682,0.2000411074928202,0.2322902165005462,0.2316930908851453,0.22190862355493524,0.20928212577269273,0.19848778687403978,0.18742144843512937,0.174969313604333,0.1620552173523533,0.1502090432911255,0.13981712631280085,0.13047836512134994,0.12235312697209164,0.11556993559057771,0.10951498421260761
23-01-2026 10:45,25297.35,0.10467775,0.1004594311194539,0.09778295370926929,0.09689974548522035,0.09773094217197878,0.10095424719610768,0.1072997547943812,0.11619008020909062,0.12676766677193818,0.13913273845242918,0.15195903050386708,0.16382548283300774,0.17965850541703796,0.2037793311004483,0.23321427528835353,0.23243303487948208,0.22351042816790212,0.21106629337896177,0.19934610186675533,0.1875452095934888,0.17506941201446236,0.16238669340556766,0.1504379888795675,0.13978487938028356,0.13046532982721565,0.12242377929503362,0.11553529607589676,0.1093543783237661
23-01-2026 10:50,25284.35,0.106559,0.1020751048934265,0.09884180226575985,0.09757867327848209,0.09838922655761184,0.10153843944852778,0.10762583162285314,0.11648298796974127,0.12761140112888397,0.14100215124524723,0.1546351437124718,0.16590990619284568,0.17942312345186112,0.20049087086118728,0.23026912447272566,0.23120420873176206,0.22350395878023505,0.21136486412387828,0.1991898305537372,0.18686865958304058,0.17410663871412985,0.1611926954815196,0.14903825982100224,0.1382979826735912,0.12888046524518754,0.12060279432749348,0.11343404524707151,0.10698495039234188
23-01-2026 10:55,25278.2,0.10725875,0.103024540476103,0.0998465595135882,0.09831708534242045,0.09891267423736384,0.10220013513193811,0.1083939949405406,0.11723415382170993,0.1284707590817668,0.1414773539511355,0.15417113804567553,0.16478425111302974,0.17750203742171802,0.19705817204754464,0.22802098685696082,0.2305638171082541,0.22351698404066994,0.21131923301561847,0.1987956002616273,0.18609404284807804,0.17304127402528857,0.15983195202388067,0.14750393584832105,0.13682154070880492,0.12744778415191704,0.11910769683858768,0.11189793686395108,0.10541238566467802
23-01-2026 11:00,25279.7,0.10574150000000002,0.10230646180018568,0.09969314432293369,0.09837238811395893,0.09909839826758039,0.10269423305232359,0.10916196178291929,0.11807469014307526,0.1292146091511254,0.14156154766540446,0.15328061346641414,0.16422189297802142,0.17890482807164085,0.200690010346266,0.23010939614495088,0.23107038315240805,0.22306182742735198,0.21036756228785,0.1976750588003791,0.18510850354712205,0.17231266733191852,0.15938152542993367,0.1472275772074006,0.13651713372711383,0.1271200450149539,0.11887551093369934,0.11175472509243212,0.10533452840989795
23-01-2026 11:05,25270.35,0.10675625000000001,0.10308365753041684,0.10015934044060262,0.0987979259874625,0.09963332953610826,0.10302501298209235,0.10919604412916276,0.11806871729021667,0.12910331102214315,0.1412860667019341,0.1533429084226464,0.16524534507705693,0.18121505791640682,0.20431139194999376,0.232020490671765,0.23038067914369473,0.22083212741631308,0.20794096138917603,0.19584346836508454,0.18392749217041704,0.1715644921330237,0.1589210103554933,0.1468009342683015,0.13580061166002935,0.12613710717515178,0.1178228035568842,0.11060246084011612,0.1039673768943877
23-01-2026 11:10,25281.6,0.10479500000000001,0.10209966075690785,0.09940838322180104,0.09795326633152908,0.09886608917766967,0.10232335379728302,0.1084811189699452,0.1174604750956571,0.12842759010303229,0.14044344609255224,0.15303163665562716,0.16533230130441737,0.18012374326974026,0.2010743516586009,0.2303164570793004,0.22888210335968384,0.2189101162682221,0.20601432992144036,0.19459984794219032,0.18330550024073436,0.17128449047617123,0.15883725492087616,0.146647066321523,0.13512143133593404,0.12490895724319614,0.11669348464517232,0.1100237561143146,0.10382967529036939
23-01-2026 11:15,25277.8,0.10244731180963029,0.1006612702003459,0.09848068716158989,0.09716712164904522,0.09825868523142409,0.10207526566658924,0.10856424531577825,0.11783702446313456,0.12892925595967425,0.14073597622450856,0.15325208270230264,0.1653611808019148,0.1788421000389928,0.19761567532889332,0.22799746656268582,0.22839467628164883,0.21916233593987483,0.20591739444271798,0.19392032723136693,0.18233685781252038,0.1703762240242216,0.1582992523337627,0.14631470194018423,0.1343550699354271,0.12363089898677249,0.1157420722282723,0.1101428339877941,0.1051608760093061
23-01-2026 11:20,25261.05,0.10432311809630279,0.10142398399627081,0.09883522418804232,0.09756999315419156,0.09871928784184854,0.102733621923563,0.1095962569210846,0.11906774512924109,0.13009533624440542,0.14161894460974372,0.15371937342992112,0.16571101616645262,0.17916656298120323,0.19732692456248319,0.22594302104755842,0.2275136464328532,0.2194526125390356,0.20649822776716983,0.19394604424529419,0.1816161088599793,0.16920345889033117,0.1571471784217114,0.14532043071070663,0.13347017000355693,0.1227713329830303,0.11468438530002381,0.10892111242368555,0.10412037681675107
23-01-2026 11:25,25270.95,0.10184886257334505,0.09899400444967324,0.09691244442080142,0.09629196250764156,0.09787945838663159,0.10248408432076571,0.11002536273166927,0.11965497824735442,0.13051813826368194,0.14190247996802371,0.15369971942788863,0.1656141967162318,0.17934370308534942,0.1974145647561061,0.2246056753856053,0.22681389936028973,0.21976046204939517,0.20756744576117636,0.19507097329322298,0.18248544713506376,0.16987228610331126,0.1575166507931464,0.14544645071917256,0.1339239950931063,0.12363487319197096,0.11514745009861412,0.10857203022995913,0.10324812600930612
23-01-2026 11:30,25274.7,0.09584536809630281,0.09418304694070395,0.09344467108250068,0.0940207439687826,0.09645412676452066,0.10174385372375434,0.11002697711731996,0.12047370928970012,0.13188907377565384,0.14322105526235768,0.15453609323176903,0.1660806407737672,0.1799966110566043,0.19872146073895178,0.22592333188265196,0.2273741362533777,0.21985443409122613,0.20749914660447785,0.19495191498388928,0.18254734921544044,0.17027371647248168,0.1580456177799336,0.14609945725346976,0.1351774227886403,0.12570882481541118,0.11764740531164544,0.11118674357069086,0.10605756260093062
23-01-2026 11:35,25252.0,0.09524131180963029,0.09386662406409288,0.09352432483156818,0.09464759286092124,0.0976360925674927,0.10323927003369147,0.11188665432932322,0.12311793574076131,0.13521396259480273,0.14661984943364093,0.15765924369266215,0.16912201208084315,0.1834986966653251,0.20301986506823572,0.22729979170569095,0.22608344018502954,0.21742692314289064,0.20484943891405982,0.19209429403667339,0.17964614418001018,0.16775126278667338,0.15616554228105192,0.14501409383753452,0.1350510089883274,0.12664837456732964,0.11945680780830749,0.11329621506156501,0.10802675
23-01-2026 11:40,25221.8,0.0979075,0.0970228933865371,0.09673740594830556,0.09792242328535235,0.1012555393317651,0.10717373929962493,0.1159302424816482,0.12714042271431944,0.13942288421352628,0.15127111264125595,0.16249087572369617,0.17406938920908602,0.18857079222009623,0.2075182922168458,0.22670403253168311,0.22313933099672878,0.21386510108009843,0.201427358233484,0.1885891804085772,0.17610214611197103,0.16452909947525787,0.15356816341380988,0.14319813271799908,0.13402559303206657,0.1263681654679228,0.11982523139136549,0.1138716979548463,0.10828075000000001
23-01-2026 11:45,25210.75,0.10133425000000001,0.10075001477109838,0.10039680086280184,0.1015822693402263,0.10526568570910022,0.11146727663118518,0.12003427149587743,0.13074688631109865,0.14283372548952022,0.15482393574599543,0.1659171637085001,0.17700564600738383,0.19041442197674138,0.20726574662601593,0.22443755320265946,0.2206320182838368,0.21085593500205824,0.1980719426354964,0.18554858671232421,0.173555947559537,0.16210008987913002,0.15124347821035325,0.14130111132690581,0.13255857059443163,0.12512440981577752,0.11886873821536402,0.11331828787719576,0.10801408962310577
23-01-2026 11:50,25193.45,0.10607815351433943,0.10430019692441093,0.10325926943635462,0.10426640873830284,0.10810877253052119,0.1143590730462842,0.12245444022367628,0.13240500010254583,0.14386965975192378,0.15564617493563004,0.1667078247875351,0.17749277946834438,0.19050893345206124,0.20714628017825532,0.22370238435233702,0.21945571755851026,0.2090882214731231,0.19591452552231314,0.1835237519337274,0.17170692654402955,0.16000736844867605,0.14879971478894635,0.1386341463032085,0.1295368269185646,0.12167912478997064,0.11531325239046405,0.10984595444268419,0.10449164623105762
23-01-2026 11:55,25208.4,0.10661628514339422,0.1048437691385525,0.1038581975801997,0.10477980369007556,0.10855368347623547,0.11510853597658778,0.1235044290201542,0.13302777998529444,0.1435713909558465,0.15490609376833128,0.16617307435029569,0.17737234202027424,0.1911053426111322,0.2088286969532924,0.2248278823310384,0.2196457596012449,0.2090855812937597,0.19613942899701584,0.18352232793953702,0.171163385683329,0.15923843240028587,0.14789024517299662,0.13721399161724823,0.12734573630805732,0.11891236763010891,0.11237336089809248,0.1067877793489885,0.10109736321590376
23-01-2026 12:00,25209.75,0.10257551325810965,0.10276373636417666,0.10281095989528802,0.10383615068030545,0.10743721294406541,0.11434535809743343,0.12356858824579389,0.133406054971618,0.14351080903454005,0.15429668570697336,0.16552261370276955,0.17719130298385233,0.1909499422407635,0.20778242396648827,0.22412561305718284,0.21929574933484122,0.20912919180934003,0.19662292968672795,0.18398692590314603,0.17132079098479655,0.15934234106842005,0.1479242168209562,0.1371092092076966,0.12745413165387964,0.11936642366808607,0.11292652119273268,0.10744191996138987,0.10208864623105762
23-01-2026 12:05,25207.8,0.10144728514339421,0.10197150637947604,0.1022780569294468,0.1034954961691269,0.10717413235868817,0.1138910737964684,0.12294466369348953,0.1331697891720141,0.14398972597630963,0.15517458615538018,0.16644280240100914,0.17807222005925702,0.19161017531430224,0.20789924983789243,0.2227303402511178,0.21725431878158746,0.20741718765989722,0.19567524688362942,0.1836004293697433,0.17121047292880212,0.15914017630616925,0.1474430385276718,0.13672950852919388,0.12781137621075164,0.12041607660254768,0.11403841040769537,0.10865540045568177,0.10406583962310577
23-01-2026 12:10,25190.3,0.10738421012446794,0.10550068195484728,0.10439881256363652,0.10517148433838992,0.1087130320792844,0.11492820314498788,0.12325770973947302,0.13346857685344932,0.145115791292088,0.15708860398561894,0.16838545419017523,0.1793886144668914,0.19250619440440148,0.2090218293604016,0.2222593992189081,0.21557212152305802,0.20569699861674579,0.19442617671237994,0.18270495460772793,0.17047117196174455,0.1582734707279147,0.1464253462605938,0.13562400400996436,0.12646615227262198,0.11863787829664114,0.11163368658724272,0.10565363105862846,0.10077075
23-01-2026 12:15,25193.1,0.11307331610128511,0.10925063382647587,0.1065993726780988,0.10621963317616677,0.1090013794188181,0.11495471501187166,0.12327102733983088,0.13347549944849588,0.14532157327825823,0.15743332674568147,0.16838359377095846,0.17864914403983262,0.1908861395048888,0.20670633300026947,0.22237483289939342,0.21720037453158372,0.2072612575889492,0.19486428362508718,0.18236435303423681,0.17008272413212133,0.15799302705607607,0.14610256373679165,0.13506273629887353,0.12532699134702163,0.11678795194346933,0.1092083228169076,0.10258401828309927,0.0967785
23-01-2026 12:20,25216.55,0.11173451898231318,0.10829150511747973,0.1057564740185639,0.10510675118768188,0.10752393510355321,0.11351967628724212,0.1221858041726886,0.1325064040106875,0.144201153543578,0.15605159389678458,0.1667737553109905,0.1770154118339402,0.18913441121832025,0.204546931029741,0.22265194354492726,0.21935905966503488,0.20943135624233417,0.19582941074734522,0.18245854107726353,0.17002998167900507,0.1578654830089087,0.1457644561985199,0.13486435606043254,0.12550898150161202,0.11715754269961391,0.10970223460720334,0.10320809712865164,0.09734525
23-01-2026 12:25,25202.7,0.10944606610128513,0.10641035210596866,0.1045461056025879,0.10458315251500519,0.10721745065253496,0.1130626328795475,0.1218532934926799,0.13257194991704152,0.14441047699245174,0.1562045593911828,0.16689104291180468,0.1771551777689958,0.189258869378874,0.2043623323165955,0.22188204004988,0.2187992519439146,0.20849632800541223,0.194492419711325,0.1813424054291487,0.16911422845261706,0.15650537365889583,0.14395757930606817,0.13332089622271898,0.12453677676360464,0.11643037347947843,0.10899812403027606,0.10255916197214007,0.09677414410586802
23-01-2026 12:30,25205.2,0.11051805661012852,0.1064603672328944,0.10446010988397153,0.10491588652058531,0.10767910325261919,0.11326986105092399,0.1220195803233128,0.13312536887150195,0.14545438393209553,0.15751782599359213,0.1679383030841603,0.1775271657969162,0.18910699801635816,0.2039552053735896,0.2210747720897841,0.21783119181526633,0.20684945289444848,0.19250115256769315,0.18006740630729212,0.16841185564755168,0.15563359239498178,0.14302188775517605,0.13237574118649062,0.12324014617604337,0.11471431744210589,0.10696064353568224,0.10025999791834826,0.09430119105868011
23-01-2026 12:35,25205.5,0.11251225000000001,0.10693510266036184,0.10448924907656522,0.10503338731971415,0.10770585993824369,0.11301838309129202,0.12139691701345298,0.13218289072679498,0.14430825101942474,0.15624120169730954,0.16671338894899487,0.17644039759040978,0.18819197530091722,0.20346705262356726,0.22129216945934718,0.21794715175412957,0.2071278945627599,0.19320652096433627,0.1809142428684543,0.1687557965960094,0.15537451167499075,0.14250358701241275,0.1316456358467899,0.12225220137908169,0.11355690908399838,0.1055988766841231,0.09864165742462347,0.09248284390562425
23-01-2026 12:40,25211.7,0.109831,0.10432483459708028,0.10220676827357787,0.10309098502182838,0.10589809457551286,0.1112531232237299,0.11970717375407157,0.13027688295723777,0.1415060623336236,0.15268047914871966,0.16359190126342008,0.17432892005983164,0.1866209910712,0.20201421208325257,0.2197455791220371,0.2172155981764096,0.2081277721559286,0.1956646706705497,0.18329253612099272,0.17037390141588177,0.15631438095400932,0.14250850902175669,0.13106992837287357,0.12212234455764098,0.11411658135154652,0.10639290444765351,0.09935988840474026,0.0930016910586801
23-01-2026 12:45,25238.75,0.10636775000000001,0.1011800798077763,0.0995989518934054,0.10100965297645034,0.10411182191910215,0.10968058821312346,0.11849884921333848,0.12922420578907373,0.13991962848921355,0.1504991973883628,0.1616206700319531,0.173045325023683,0.1856049854910372,0.20059317124029655,0.2175313895941895,0.21611666127538073,0.2085471814292963,0.19708943073340654,0.1847240659623455,0.17169908569536915,0.1578858145366543,0.14403994236309864,0.1321622304190657,0.12303362234440675,0.11515840509130974,0.10748525447456575,0.10033538313577872,0.093745894105868
23-01-2026 12:50,25208.05,0.10554750000000002,0.10068001267464564,0.0996518323716381,0.10140429182957796,0.10466206879803515,0.11042300718965037,0.11913911139938234,0.12951444556165168,0.14013294402619533,0.15084106357460939,0.16213356613338029,0.1739524607891598,0.1868673548359844,0.2018591310231386,0.21890546499747826,0.21723191952825974,0.2091488986360895,0.1970349026371767,0.1842040643608938,0.1712504598702789,0.15812763389959855,0.14514947720025317,0.13340205824786067,0.12349575593434714,0.11485580549803825,0.10687589952576167,0.09958182041190973,0.09282649999999999
23-01-2026 12:55,25226.8,0.1027846643254312,0.1000145175958751,0.0997971304684025,0.10162203423794984,0.10533860844738692,0.11183975317892525,0.12075525848280678,0.13091148337193978,0.14160993233439984,0.15256210313190205,0.16388189327823283,0.17566529519181187,0.1886708539458409,0.20389489294930432,0.2212233048429369,0.21860104299942046,0.20949972867885858,0.1965126647906219,0.18329000353722807,0.17059975654324255,0.15802871077601682,0.1455120633473903,0.1339092816604824,0.12366451908615335,0.11463976048573025,0.10666326247457641,0.0996131789754965,0.09314849999999998
23-01-2026 13:00,25191.8,0.10343939325431181,0.1009887334995707,0.10033478050314643,0.10192395274929572,0.10606660270796515,0.11308116330298484,0.12250794455832117,0.13329083736961428,0.14431039036069077,0.15510858781247017,0.16608323889253646,0.17743071941025407,0.18998092700528843,0.20479676721988332,0.22074757272117768,0.21740925023663202,0.20821308839240982,0.19560870593704696,0.18272286669138854,0.1700527095585368,0.1573540177701404,0.14474177304554786,0.13305645724685433,0.12271245216876939,0.11361079145380286,0.10563803826890256,0.09867614718358877,0.09236205171440191
23-01-2026 13:05,25191.25,0.10488770785776126,0.10171135489296194,0.10056030983814782,0.1021497258730141,0.10649347196019737,0.11379184584737131,0.12387907864138312,0.1353906756641946,0.14655666706573645,0.15699459061013105,0.16758337203457507,0.17864881564982588,0.19090112802472686,0.20528788697477768,0.21877344491909617,0.2138308612199799,0.20469252353468978,0.19349199333417313,0.18183946191641415,0.16940746515196312,0.1564520763154174,0.14365535355837097,0.1317876954834841,0.12130527606796712,0.1122928768544479,0.10456240793631791,0.09804003154997121,0.0924957671440199
23-01-2026 13:10,25194.95,0.1010831432543118,0.0995277426262845,0.09953708584761911,0.10205926610949036,0.10718494071213024,0.11512679182799546,0.12597120354394253,0.1381047711141504,0.1492160905933535,0.15908082889630235,0.16920464662638177,0.18011892511045433,0.19222933109310802,0.20623601538853792,0.21743989804286873,0.2108457752011489,0.20144981742357163,0.19097088057990927,0.18007696719214178,0.1681855111019312,0.1556245355123508,0.1431141790994632,0.1314314520855641,0.12122363906939801,0.11281386741121599,0.10595606660965447,0.1005310403970209,0.09635243085923591
23-01-2026 13:15,25171.1,0.09771666432543111,0.09848852133576727,0.10019730007956222,0.10404402654780157,0.11026966666059151,0.11871491169905862,0.12964998489292678,0.14187013864147233,0.15298475257420974,0.16287437304182215,0.17308762774684014,0.18394575110454314,0.19565484329962096,0.20869678335954228,0.2175997570507367,0.21101260520382326,0.20124993057225035,0.18968583973833786,0.17781021404190422,0.1658367351223114,0.1538261562349936,0.14200164553396794,0.1309299461991726,0.12135237188183423,0.11382169766545891,0.1079764779062411,0.10315281652358152,0.09896401714401991
23-01-2026 13:20,25141.7,0.09819575,0.1002353879955875,0.10304837552872954,0.10742834756533774,0.11390444496482738,0.12241476255976176,0.1327664524362938,0.14423123490527662,0.15549012269423215,0.16638660688551807,0.1773882426163992,0.18836857386317757,0.19969769291568468,0.2117992724526438,0.21842130176963384,0.2114671626192429,0.20094382900098368,0.18832166281323734,0.17579580801005185,0.16366525034435195,0.15172453676497172,0.14021578612390415,0.1296035727193734,0.120528307011687,0.11360062364824486,0.1082948491008126,0.1036397901156928,0.09929230171440193
23-01-2026 13:25,25138.55,0.10050125,0.10326039733731439,0.10678541530314979,0.11129944831200451,0.11763221367628561,0.12615079313314825,0.1362477735970351,0.147392773388709,0.15892744258539374,0.17035903250223033,0.18164176446804395,0.1927227124460169,0.2036975223807872,0.2146991828037582,0.21907753019418102,0.21096492823930815,0.1997393235993065,0.1869991575995592,0.1748001604541293,0.1629884878365494,0.1511996729934527,0.13988875453871902,0.12947811296401024,0.12058580250149037,0.1140014853716377,0.10912754893680426,0.10531163102833146,0.10271274999999999
23-01-2026 13:30,25095.3,0.103041,0.10620217499063143,0.11025734160988093,0.11549288561470089,0.12247251340365527,0.1312464486119707,0.14137818719111656,0.15269949611256797,0.16446961296010493,0.17593091508602432,0.1871138544111675,0.1980360705913198,0.20834273954256874,0.21788208237221932,0.21929518435248316,0.2100111426296482,0.1986690947506154,0.18631367410545613,0.17433192033424183,0.1627681483654656,0.15149763633004878,0.14072866159087827,0.13058993608394054,0.1219317102037505,0.11593235258375559,0.11184762309828425,0.10893967908077062,0.10761425000000001
23-01-2026 13:35,25072.05,0.104113,0.10729113520326904,0.11165906392601194,0.11790920221949529,0.12624845046058647,0.13582562566870646,0.14581752054891328,0.15654492787142732,0.16797261932789362,0.17954992285436683,0.19100391762506655,0.20184096141430527,0.2114377038525441,0.21981785858748987,0.21880183953709176,0.20840033558816168,0.19726168903874275,0.18559433278971788,0.17380270801868317,0.16227718711763145,0.15120207855767742,0.14059848161293503,0.1310208506165038,0.12349336821520206,0.11830151849661473,0.11459334394083341,0.11191083865835023,0.11028650000000001
23-01-2026 13:40,25076.35,0.10512425000000002,0.1082284940727724,0.11268824158836772,0.11928952030451256,0.1283207317398321,0.13862793535058376,0.14861407574961621,0.15864334530825905,0.16961013298520744,0.18123424033328883,0.19298695847192565,0.20409605650230203,0.21340811360259235,0.22084711224190604,0.2178866821764794,0.20652115169147323,0.195656191097853,0.18467294797346498,0.17300141907369376,0.16132267064761488,0.15000047150810117,0.13899422054174,0.12969427595537633,0.12321325440960668,0.11846048307165757,0.11461245953979171,0.1118783969611384,0.10981522434681688
23-01-2026 13:45,25053.0,0.10868949999999991,0.111357658334008,0.11548861777540582,0.1216158845294095,0.12989570510190582,0.1397021294964924,0.14982572462684282,0.16025210865194603,0.1715122105270343,0.18318826727820237,0.19488837862692449,0.20632101601428776,0.2158372034434113,0.22253318687885143,0.21727132979968378,0.2047905497323777,0.19346837159258792,0.18250370247039127,0.17077282504080696,0.15883435788845873,0.1472582683261204,0.13615271297943973,0.12680374868163863,0.12003159579590682,0.1147380647820226,0.11029765402055555,0.1068027865663487,0.10366374346816881
23-01-2026 13:50,25055.05,0.11135024999999991,0.11382512000737971,0.11771473034653157,0.12349164087580616,0.1313415987464674,0.14085333104929235,0.15086127869845684,0.16111067521500183,0.1720977183864158,0.18353943565597344,0.19510854801213068,0.20677342846044566,0.2166492007838603,0.22318248888925882,0.2176822909729016,0.20530258867223852,0.19322074488302432,0.1813902327165975,0.16936126194572496,0.1573901286155848,0.1459703084519376,0.13533463256041972,0.12611167695126071,0.11863411298976348,0.11247271889346931,0.10737346438766465,0.1031938012865233,0.09942353824270392
23-01-2026 13:55,25054.0,0.112422,0.11534156445810986,0.11908064479167306,0.12432658787204884,0.13199559494124913,0.14175596172735264,0.1516019933013535,0.16096392325542028,0.17105653212030883,0.18209804799720325,0.19351736253400761,0.2050031825668151,0.21485990120314089,0.22171215875962103,0.21787673152642126,0.20669611213496225,0.19442463354749118,0.18130999955847904,0.16835833689705304,0.15658638576107295,0.14595057391420577,0.13595425089248622,0.12688529884668973,0.11909910405068862,0.11255296133295337,0.10717668705180383,0.10279043868598337,0.09894699346816879
23-01-2026 14:00,25054.2,0.11306624999999992,0.11607876075245506,0.1193951115712428,0.12379518727585898,0.13053223454707724,0.13975951092694525,0.14975459792334728,0.1594488987348532,0.1695598825141065,0.1805151980979135,0.19194967305324767,0.20327367629600346,0.2129386866098073,0.22007980564355759,0.21757262999914087,0.20712327969130095,0.19484105307484526,0.18063188405641006,0.16663187780083336,0.1550340493461248,0.14512159176777892,0.13542408957529356,0.12623971330399975,0.11812765012335061,0.11129626112576121,0.10583398498051677,0.10126119015101646,0.0969339743468169
23-01-2026 14:05,25065.1,0.11257524999999999,0.11488620483955302,0.11789644998323046,0.12221734716761792,0.1285812763249181,0.13728295877990154,0.14740074996885416,0.1578304932203316,0.1684321019787472,0.1794654190762443,0.19107310912078995,0.20274000472693102,0.2126493717247117,0.2199535533129684,0.21770523353035168,0.20737099276445362,0.19532000968135643,0.1813670457677366,0.16747384818181502,0.15567535983090303,0.14529961542749542,0.13515982581290784,0.12565488771272826,0.11724386335091344,0.11024007480738579,0.10482206059997602,0.10023841161780657,0.09565450000000002
23-01-2026 14:10,25058.25,0.10952124999999993,0.11227707288550856,0.11588695627642241,0.12055270988785932,0.12693544620364441,0.13555654462759562,0.14566729733171593,0.15627376738413076,0.16705815668978263,0.1780219480979135,0.18949480286826612,0.20154037745676023,0.21229245872765048,0.22032665510909677,0.218516693361211,0.20839798394277095,0.19673811390643806,0.1837367788313693,0.17063529702727412,0.15848856084730217,0.14721833323627498,0.1365833810187907,0.12703747287526318,0.11892881337605304,0.11231979131173599,0.10707381711667886,0.10280764942604548,0.09907575
23-01-2026 14:15,25090.65,0.10552331840728232,0.10977246775725447,0.11445663779993913,0.11938627670031762,0.1256451108175468,0.1342071563116941,0.1442799295040488,0.15483707171590022,0.16560463907875814,0.17652978241357636,0.1879167495841153,0.20011948869967133,0.21140267167414994,0.22007133273705315,0.21953895101873638,0.20984827178764853,0.19800217812298374,0.18503666283535067,0.17242580184908113,0.16042123160280725,0.14896910782430553,0.13836561569877182,0.12908462881329386,0.1213787476903963,0.11525062967904144,0.11047554518863312,0.10695676099903476,0.10450074999999992
23-01-2026 14:20,25059.65,0.10670518407282321,0.11076142455709001,0.11526169302358073,0.1201874035682623,0.1264891699980223,0.13492079293964418,0.1447886803949206,0.15515970558695572,0.16597962176555783,0.17764543853785103,0.18993594575497444,0.20194492917898502,0.21208979937410022,0.21969532647523507,0.21908210107438808,0.20917873557876127,0.19673298045658716,0.18314231966701214,0.17029121033275774,0.15807569123771978,0.14631239764447687,0.13576873286974608,0.12677989356966823,0.11905903486574468,0.11270773001414401,0.10775471412544639,0.10375734242823739,0.10026175
23-01-2026 14:25,25049.75,0.11024673133108186,0.11281009433249967,0.11617017430660138,0.12083249663743376,0.1273694293507488,0.1358079551324851,0.14540870464169472,0.15551017020703695,0.16630149709908632,0.17854519955092524,0.19155620307144905,0.20315501475758022,0.212069614405039,0.2188595903854215,0.2180960876938538,0.2079056018003246,0.19540482870263376,0.1815831276222603,0.1680368594751195,0.15490788480964446,0.14231438948780362,0.13119560718490844,0.12193860981822291,0.11407689218352189,0.10731543487370299,0.101427174406669,0.09589362994810874,0.09031375
23-01-2026 14:30,25077.85,0.11007259352074716,0.11165931797881834,0.11444495908281671,0.11919710613541476,0.12636991675769316,0.13573458071148542,0.14606640168253102,0.15605524303367066,0.1657228217380865,0.1763686028657838,0.1882844771758717,0.19975657314788126,0.20930085444051455,0.21726663390730072,0.217939647347891,0.20808957117279087,0.19623555507513324,0.18296191317015376,0.16931920871942585,0.155789710686065,0.1427309835481874,0.1307852221705325,0.12077655976122395,0.11281504277373469,0.10618426382536553,0.10016812206318415,0.09437654837834042,0.08857248074988533
23-01-2026 14:35,25087.05,0.10754766288652173,0.10911274021245326,0.11211719609748136,0.11737205130969815,0.12538061391755279,0.13589959725531794,0.1470799637228098,0.15683527506039424,0.16524798140759187,0.17427289993043688,0.18516872944206517,0.19687019081842932,0.2074094565515225,0.21647029354226932,0.21795337965564704,0.20837466323347054,0.19722733116495975,0.18460968227960578,0.17079563412629484,0.15679292817316037,0.143965154060198,0.13265382455023647,0.12289343608845651,0.11487860371653888,0.10847067942496208,0.10312023598243036,0.09795939953442506,0.09237207394965494
23-01-2026 14:40,25094.55,0.10496103985728242,0.10749067590739665,0.11135479276605827,0.11727147372682946,0.12564605123628353,0.13578680065353074,0.1460899609452211,0.15566533056284898,0.16478202541490133,0.1744374390666626,0.18536819653607903,0.19691042020946797,0.20759905266840706,0.21702324813234614,0.21832660342489463,0.20871049944694825,0.19772315469580015,0.185279346449823,0.1711318808836755,0.1565375755018286,0.14412107355877285,0.1341895148454481,0.12516954233611824,0.11706782337665758,0.1109196915389504,0.10621897990237184,0.10099462627522668,0.09420356800595316
23-01-2026 14:45,25081.45,0.10505555888655628,0.10823230596499815,0.11266703529718163,0.11875738860814283,0.12660115546496584,0.1355165822044822,0.1449203766762144,0.1549741293945559,0.16539112279864795,0.175992161074799,0.18694919926369727,0.19789519862273844,0.2080937301035691,0.21725571333371793,0.2176864623878045,0.20794333980277013,0.19672431884685992,0.18428747644941015,0.17070160819830538,0.15661086082905962,0.1441475816520491,0.13397376637466998,0.12471227953197354,0.11649007342096182,0.1104679570793246,0.10566969558679186,0.09973249155374699,0.09184635361328441
23-01-2026 14:50,25059.3,0.10736913035967037,0.10954761100086324,0.11329507510028144,0.11882133208046111,0.12600483589227793,0.13466604898751455,0.14460628650490973,0.15522654190114313,0.16571649322340873,0.17642486961164833,0.18752491163766108,0.19819008707752958,0.20787639908923675,0.21656734470171785,0.21564690147128335,0.20546350670052632,0.19451301140533217,0.18269862070187493,0.16986228408059395,0.15634162763115592,0.14355472818120057,0.13251712140966115,0.12287402768358151,0.11463533517166997,0.10822939894714642,0.10280726931241826,0.09697754507637339,0.09033489525790263
23-01-2026 14:55,25096.0,0.1074329942409502,0.10886672675958707,0.11201883452356484,0.11724581836069883,0.1244479305863655,0.13362036854842135,0.14439030775982978,0.1553945429589182,0.16578420024640944,0.17662815508175692,0.18807254319902175,0.1988141663364088,0.20843725182209422,0.21719990345196832,0.21463379922245826,0.2033050236366235,0.1930174950090046,0.18242845740944327,0.17008786215910732,0.1567511390426338,0.14412090826076235,0.1330743971468109,0.1234686102236251,0.11534645302009357,0.10893410035468082,0.10380810690769143,0.09930966884412429,0.09500726645080172
23-01-2026 15:00,25071.15,0.1052903344026711,0.1076659280905522,0.11143031377859025,0.1171100750048188,0.1248164410069378,0.13448234760513578,0.14555698589476818,0.1568692250580953,0.16803679054925838,0.17993356522788853,0.19192070999109354,0.2025159991977752,0.21173257735001422,0.2200041800475744,0.21463837135835498,0.20185092043299102,0.19184904066551173,0.1822985012969956,0.17069595207359306,0.15813217997672827,0.14628479373717335,0.13554522751062098,0.1258977471943811,0.11776009620742028,0.1118168107828511,0.10808806375519972,0.1054586902138021,0.10283425
23-01-2026 15:05,25059.0,0.10492351646080197,0.10790049661082836,0.11232174337922222,0.11853739130250361,0.12655901035959272,0.13638374305148435,0.14747454540797367,0.15907215527139112,0.17162584400957812,0.18554535555826734,0.19814000287614875,0.2074435470795616,0.21524619031885275,0.22285802202377542,0.21672928750601417,0.2023016579160996,0.1911702974545938,0.1819458034044646,0.17134092276634272,0.1591759374866828,0.14732521197515602,0.13667338807344614,0.12708836763828169,0.11874762644435055,0.11311601110369365,0.11105189669192822,0.10970546320153628,0.10621375000000001
23-01-2026 15:10,25045.6,0.1065615,0.10917528903360343,0.11348349123093171,0.11986764485533555,0.128163968472887,0.13796053420681964,0.14854106993819025,0.1598315952277988,0.17291794260202384,0.18747631107275792,0.1998658670317571,0.20851364785467055,0.21592670378529152,0.2233918557517624,0.218502488966837,0.20388547317460093,0.191854694184848,0.18275506277163622,0.1726356016599593,0.15935157204876302,0.14592009156393435,0.1346844189768716,0.12500789093947706,0.11654338154283858,0.1113728153662066,0.1108509713976895,0.10963149492853722,0.10253825
23-01-2026 15:15,25061.1,0.10837775,0.1097405060145642,0.11235458922714142,0.1191094455744164,0.1309222302702874,0.14267089475532266,0.1501476511733198,0.15774579306167436,0.16975019618261408,0.18294627395357096,0.1943631939394202,0.2051607525800759,0.213864793685148,0.2178417456134419,0.20398515258280503,0.19392628288175848,0.18793277240501347,0.18232615436437702,0.17227566992478432,0.15816564158452995,0.14435150849661554,0.13305111918732573,0.12227264002711417,0.11129455982462476,0.10461669053292567,0.10511998422267277,0.10507631244427637,0.0974175
23-01-2026 15:20,25040.65,0.11443674999999992,0.11522040989406857,0.11685894861313703,0.12575783964890827,0.14508334881706936,0.16193601361790882,0.16530814394252769,0.16699861825223514,0.17769101043045302,0.1905882899560673,0.20208021335413617,0.21508691316531767,0.22432671158837017,0.22430593295804316,0.2022641466263139,0.1959064084387509,0.19474876795350654,0.19066590201042577,0.17936376860351513,0.16630216536545445,0.15782411339554067,0.15239775932885596,0.1405252683945289,0.12138799908680378,0.10812208353290495,0.10704463316093184,0.10829528363181087,0.104187
23-01-2026 15:25,25049.65,0.1582829999999999,0.16629195908738767,0.1753089648945055,0.19107919424374165,0.21767311517010587,0.2427712279785278,0.25444568749076024,0.2640835505265842,0.281683589465474,0.3004140486336278,0.31780984703195897,0.3335069177040632,0.34099421222619286,0.3406309967865959,0.343610559409385,0.33634825070041624,0.32376187406610557,0.3052495236822959,0.28346754598084173,0.2643901017639804,0.2549552626948084,0.2510326681389949,0.23806322905141306,0.21623133641263964,0.2027425538080596,0.20340147396501998,0.20954954648769172,0.21576411905730716
27-01-2026 09:15,25113.05,0.25706425,0.27987307343756024,0.30599818538861423,0.33345143217768514,0.3620456285360987,0.3911646133010944,0.4194568035786781,0.4508371836823719,0.48548444188896583,0.5179995826206472,0.548973251945268,0.5715749043048381,0.5730715488247808,0.560208727662343,0.5814723944150277,0.5694131215782957,0.5396456347132861,0.5000938217340111,0.4612579399321535,0.4276937141221455,0.40226472674082875,0.38270179875993143,0.36520878092780107,0.35334057170570987,0.3540076471036993,0.36530306733624557,0.3847707832488343,0.4135029949681508
27-01-2026 09:20,24981.3,0.3526397500000001,0.38029141040120673,0.4162154276816226,0.4512278259343694,0.4784120773298689,0.5059090905811683,0.5425522128762921,0.58730031942942,0.6336131434714626,0.6778416610665313,0.7209784710303736,0.7518397556309959,0.7485284722809984,0.7138365882349161,0.6946918322906446,0.6659261330353714,0.6264962274701681,0.579597338117542,0.5321012400198462,0.4888467258312377,0.44968220464544395,0.41446309504132106,0.39044158207577206,0.38377853004692214,0.39107042879809134,0.4043994560561661,0.4282581977235722,0.4700824369823182
27-01-2026 09:25,24940.7,0.40505725,0.4202051169129719,0.4462964465249772,0.4781163900139478,0.5079988846864366,0.5407140223855894,0.5826359407682832,0.6306316953863429,0.6795555219805147,0.7281734387448232,0.7755748070315918,0.8128124991654548,0.8172781754343876,0.7826987047507734,0.7087136391350397,0.6560193994906902,0.6101381765208286,0.5642728554865757,0.5144558744768508,0.4648075742841017,0.41840752884349175,0.3785206745699664,0.3506338163100713,0.3363837108670464,0.33028670984881425,0.32679073892577193,0.33030692526556504,0.3457076696844917
27-01-2026 09:30,24944.4,0.43145425000000004,0.4298501164546292,0.4384082458505915,0.4605464551938068,0.4931743179947749,0.5326734774173137,0.5766015798838536,0.6231603813512971,0.6728291240951826,0.7247349039892352,0.7737694576166666,0.8150256029384074,0.8339984138492268,0.8206359997526709,0.7312819308787766,0.6677680147979241,0.6176451013404279,0.570698775617542,0.5187233980486703,0.46390248096166614,0.41174501188806856,0.36912090203401937,0.33772476373641586,0.31319363116481624,0.29085663465809053,0.26804084650216803,0.24078263000220634,0.20711966300809592
27-01-2026 09:35,25018.3,0.44400275,0.4274496770032433,0.42093753009569485,0.4318709241518987,0.4603094808821504,0.49857903024002664,0.5396807232025758,0.5834108654395491,0.632714549823405,0.6865862523346199,0.7376294462559411,0.7806914022383771,0.8090293304287492,0.8168697746234259,0.7552537196413032,0.6991636377963593,0.6502599825098235,0.6026026811921799,0.5516253616241785,0.49795161372580654,0.44481201787156477,0.3982761876221379,0.3608036178225005,0.3288910101944986,0.29866786746039453,0.26590241042500906,0.22157368326914803,0.1627190543950789
27-01-2026 09:40,25090.85,0.42855000000000004,0.4048152938669348,0.3915184589151394,0.39641131553689013,0.4195311673515268,0.45399456800936194,0.49422414819782373,0.5387551051739848,0.5881274212040696,0.6428347568604998,0.6970221912034813,0.7421729201172809,0.7748507423459439,0.7967380544923137,0.7756193293314523,0.7318120134699821,0.6864318009111628,0.6402306387076454,0.5926983787918678,0.542308066402703,0.4903318298659045,0.4415198992814871,0.3999132634391628,0.36485393621756906,0.3328637398431202,0.29891704356522275,0.25728866013835083,0.20780575
27-01-2026 09:45,25142.05,0.38526925,0.366048828125,0.3565089056620509,0.3636389833412867,0.3869162204946379,0.4210610680567024,0.4628143725516093,0.5096066134119864,0.5598426989592367,0.6157394785148126,0.6735736347420442,0.721599894657818,0.7559074445617059,0.7828556083651874,0.7850635917303749,0.7508573950497328,0.7087798367812991,0.663233245527861,0.6173310275790433,0.5691249480434865,0.5186341010743064,0.47013534118277567,0.4284092855532162,0.39361104956538595,0.36325072813540993,0.33398209198410833,0.30308195119993897,0.2709957499999999
27-01-2026 09:50,25142.45,0.34779475,0.3355308660492489,0.3320989760312523,0.34394658196094513,0.371565707452599,0.410065679435008,0.45509746599212897,0.5041602923448191,0.5552730395130872,0.6095038660305917,0.665482608079779,0.7143295489331974,0.7509758191676738,0.7801170079387694,0.7874641142328968,0.7576551622028538,0.7168162062803165,0.6693182115758683,0.6217997458610881,0.5743943924193026,0.5258040383480517,0.4786199068269615,0.4370497953248999,0.4026048065903612,0.37541087001981804,0.3529045453779858,0.3311295493562344,0.30932649999999995
27-01-2026 09:55,25130.4,0.32905574999999987,0.3208224261174895,0.32182587292124354,0.3383133048667696,0.3709399988430582,0.41417367246958137,0.46189751233223986,0.5122312196955607,0.5644784109207915,0.616769066160795,0.667839776970005,0.7164069319718386,0.7584031105839997,0.7921756802358836,0.7960400967339392,0.7628708083405524,0.7197254174914582,0.6711334988667506,0.6228970696205702,0.5743785463931887,0.5250222278242535,0.4775762509861421,0.4354337311052097,0.4015130229578488,0.37711603218342366,0.35829132842172323,0.3403422840614753,0.32284375
27-01-2026 10:00,25139.8,0.3206815,0.31409501343656754,0.3177699760085957,0.3375637439439483,0.3726814785346045,0.4177825230069547,0.4670767245378319,0.5178260875061691,0.57030965130886,0.6223815603434663,0.6721928547483729,0.7226627299442016,0.7688801969537099,0.8033669296263569,0.7998531567350713,0.764181933137724,0.720221850648851,0.6726878154832333,0.6255677047528816,0.5763796875123841,0.5252827278385581,0.4766213920902623,0.4344799695937537,0.40172461524905567,0.37834977213273774,0.3596432922562856,0.34114354618338627,0.3222615
27-01-2026 10:05,25125.85,0.3379540000000001,0.3268378747433534,0.3275565587584212,0.345386996714187,0.37833234124002346,0.42176374706473,0.47105502954320144,0.5221870246919181,0.5739738158102372,0.6255151730909342,0.6760604397543675,0.7272393292881952,0.7723822539669356,0.8038191671117765,0.7952641165317752,0.7606671916171527,0.7174141746846777,0.6687555115635452,0.6201418136870477,0.57071219574107,0.519643866127108,0.4706033782715262,0.4281518597457085,0.3948623320008106,0.3697617953160614,0.3482010197918937,0.32507117128945995,0.29884425000000003
27-01-2026 10:10,25088.75,0.384913,0.36128413663951775,0.35168466147797534,0.36141283125477874,0.38832818268997904,0.4282094666708939,0.47574246387328156,0.5253648097961627,0.5752090647554768,0.6255985359402978,0.6757969830950481,0.7247825076636824,0.7681861875284535,0.8028127671762824,0.8026909239215807,0.7673640285886909,0.7224348272400406,0.6707606048798839,0.6185564651543816,0.5672439284102283,0.515838609235657,0.46577239327002085,0.42103964448643094,0.3840924830015922,0.35350628662863864,0.32469373425341513,0.29235703428815996,0.255071
27-01-2026 10:15,25129.65,0.39478050000000003,0.3676920167630014,0.3536968991213314,0.35831219117204616,0.382024565462888,0.42238582404073527,0.4709980324596778,0.5193029647489779,0.5669764782409674,0.6162697549477054,0.6660347091826305,0.7140688315402733,0.7591314933175167,0.8018960798348789,0.8198351974531541,0.7871273222127262,0.7433982622307914,0.6923016627338213,0.6390749656283712,0.5851803814697921,0.5301556904378607,0.47610712791871906,0.4290837376920743,0.39044545805486497,0.3566506698102452,0.32422303320675,0.28930373041333163,0.2503615
27-01-2026 10:20,25170.2,0.3381905,0.32580301084427293,0.32273965155617573,0.33407730735351115,0.3626805136270349,0.40749226741090616,0.4598226470833966,0.5111727711588341,0.560681107668694,0.6107576573526642,0.662569450010531,0.7131870772290381,0.759609616473305,0.8041939060132957,0.8327255042994358,0.8050231879544265,0.764475346620738,0.7154457740573396,0.6630279706973565,0.6078202996844887,0.5492275611950107,0.49128579667047495,0.4438452264741818,0.40841091264813584,0.3783791605665088,0.3509048663521981,0.3250289713127339,0.2987535
27-01-2026 10:25,25164.05,0.29691367112267847,0.29625329873989587,0.30396116893598374,0.32525451396328764,0.3609941010266248,0.40821488748668766,0.46196226115527095,0.5171330410377277,0.5701633745058151,0.6224352771897975,0.677259166396528,0.7301326443056494,0.7749532476940443,0.814560143323932,0.8383953912774643,0.8090858863439256,0.76648027648838,0.7160964017172265,0.6636510669927345,0.6092765920475646,0.5529259808630945,0.497296548163358,0.45072284519596256,0.41720652879364256,0.39043457376268936,0.3660675214560835,0.3453034432445265,0.32703174999999995
27-01-2026 10:30,25123.35,0.31154730022393295,0.30579183650843655,0.3125970648121374,0.3379049242484427,0.37883730239779045,0.42772629672422796,0.47973553662139046,0.5331207973763754,0.5862249473404294,0.6400572187696838,0.6948759406135834,0.7455682728932481,0.7881959269286839,0.8250315935132957,0.8374137016277465,0.8025256789115317,0.7563661606323948,0.7034274137912779,0.6477107459410896,0.5911716268227313,0.5387758373244071,0.491143284102851,0.44884102105748636,0.4160483870625029,0.38952889538873964,0.3632024781794432,0.3386870850447747,0.31739025
27-01-2026 10:35,25122.35,0.3286384701796936,0.31520855055439595,0.32046062440732526,0.34940382286860855,0.39653443414180917,0.4499483599568934,0.5005850127674223,0.5507249152127779,0.6051032533098515,0.6615436232862116,0.7136916683792531,0.7594159002129725,0.7996346135405096,0.8343816066157488,0.833396125,0.7932775031887405,0.7456219564774331,0.6917327572941492,0.6320397665939378,0.5705218484061658,0.5183721186884629,0.47770618112655605,0.4431308234058841,0.416003906790927,0.39573269877632095,0.37673743874069926,0.3596141362995318,0.34622650000000005
27-01-2026 10:40,25095.65,0.32773011532112406,0.32002342134100026,0.33210544020461524,0.3666830358064023,0.41726663747153575,0.4731652750820683,0.5252851156362517,0.577077100861063,0.6353056022042014,0.6949254711043811,0.7457833918723491,0.7884639148375472,0.8250835272224991,0.8523302851441913,0.8274389218782844,0.7767448443677298,0.7255248570294217,0.672622938486108,0.6149288587603421,0.5541123555185555,0.5002174785584722,0.4587473771498021,0.4270141451500272,0.40534481636623976,0.3937337266707325,0.3862900895924866,0.38012376648636936,0.376374
27-01-2026 10:45,25027.6,0.3277513325508934,0.33674202336132303,0.35989435950250204,0.39802518060982023,0.4471693945728385,0.5017132173325484,0.5551184131605201,0.6083219877189022,0.6660659400305784,0.7254521883528298,0.7782355136538406,0.8235870330054382,0.85887941962881,0.8779445680373499,0.823712097012351,0.7561332063158863,0.7001579069583906,0.6507727955069345,0.5979675191452284,0.5408830674686845,0.48596049942451935,0.43896087144368606,0.40322833467865904,0.3817113321402582,0.371905946413421,0.36436619026012507,0.3580772410645549,0.35912950000000005
27-01-2026 10:50,25020.95,0.32961745455476227,0.3548590776990469,0.3869094453062977,0.42678524120105804,0.4751042038124324,0.5283673300909755,0.5805819321785284,0.6324706937805645,0.6877671919981677,0.7453118860262868,0.8003406435829297,0.8511944351628838,0.8884803730697698,0.9023386927892504,0.8243436944291876,0.7451147702233673,0.6875033230698187,0.6407565203804224,0.5886447631779399,0.5313303829678009,0.4754948449560853,0.42629204601518433,0.38896190553823007,0.3679503465993217,0.3577401328665263,0.34716322354555385,0.3449128618418178,0.36432825
27-01-2026 10:55,24997.0,0.34493804081166507,0.3726330161120917,0.404969332393582,0.44421685177290543,0.49203206610527805,0.5445381338547923,0.5967611854466754,0.6497414931444966,0.7055103082539769,0.7627342038715517,0.8192645537626699,0.8741333414146976,0.9118405376679669,0.9181124676410333,0.8221706315760169,0.7442564237803638,0.6878112712458416,0.6380837159386151,0.581107664600445,0.5210383965281926,0.4647886654108263,0.4163308477553279,0.3790538071199851,0.3566134486484106,0.34393150202777795,0.33089854724770085,0.3256503905166474,0.33978175
27-01-2026 11:00,24984.95,0.36671173698454956,0.38440023858454864,0.41127577229081214,0.44944935163036287,0.4980491190998801,0.5522126164312806,0.6062702910602689,0.6605341387632313,0.7169846705169706,0.7747134100401603,0.8322413083551558,0.8876586225558443,0.9227719880167731,0.9225557362396389,0.821341043792263,0.7501158304391805,0.6922785563817271,0.6346514790041821,0.5736379432214808,0.515986762004472,0.4623009887914589,0.41280544021065557,0.37149747862971105,0.3431019318460078,0.3246923094319974,0.3080172129570489,0.29113101434703187,0.27643575
27-01-2026 11:05,25008.55,0.3664512693549312,0.3807600666095352,0.4072443200484036,0.4473722716129875,0.4982324556500799,0.5549432011927915,0.6104311052356637,0.6638783071100053,0.7195154864197062,0.7775813302306447,0.8352888044281436,0.8888870138993783,0.9210484012739024,0.9196332383479928,0.8323939158717664,0.7663283025080598,0.704283126777955,0.6388939826350285,0.5765333943372789,0.5226154604321163,0.47041171056752573,0.41882361109125044,0.3741290536011695,0.3412616552476456,0.31871537185592586,0.3020304093912429,0.2862288157312785,0.2672933411039496
27-01-2026 11:10,25017.35,0.35738467693549314,0.3746021204650227,0.4027185635736836,0.4435034052479508,0.49364312915732284,0.5500831085217354,0.6069858110271166,0.6610759486917285,0.7165957193655568,0.7753306159256927,0.8339160521384804,0.8876468069483063,0.9199079903924687,0.9203598151753031,0.8489170915982901,0.7855423158112328,0.7233659290555551,0.6568804578185679,0.5914271802519249,0.5326745216376653,0.477349597633998,0.42498985194139816,0.3795234232153348,0.3444980507844715,0.32027176861729795,0.30552899856444415,0.2962615127997548,0.28652516103949544
27-01-2026 11:15,25024.0,0.34923400000000004,0.3692590230357721,0.3959439909345317,0.43409186217759127,0.48281504360493904,0.5384210917563134,0.5958337448966738,0.6520954615682706,0.7104097213955607,0.7710797509012817,0.8299268572009013,0.8845561985731889,0.9208178430874953,0.9275928141667394,0.8616855737596437,0.7978503121191216,0.7379012981521111,0.6752874077834199,0.6091362821522648,0.5456928308244681,0.48766052025626916,0.4342131107151612,0.38696111011963047,0.35040910361974076,0.3263012698419037,0.31302028628715073,0.30577818124532613,0.29881663987109175
27-01-2026 11:20,25044.9,0.34272400000000003,0.364210531549028,0.38944344144191734,0.4258478053638402,0.4743114739649223,0.5291867866154794,0.5856400330084702,0.6428912844131053,0.7037345817799103,0.7662207152858184,0.8250079988567326,0.8781011079481813,0.9131066198225463,0.9204904123837249,0.8634598543918311,0.8027303169006275,0.744649064405692,0.6851768037186845,0.6230771548238919,0.5621723585397245,0.5041022760998013,0.44813606535987405,0.39762622663696306,0.3590008196505026,0.3339897659564218,0.3177697582688348,0.30303626418810753,0.2860137551707721
27-01-2026 11:25,25036.65,0.339756647645057,0.3572135944833763,0.38205234289991435,0.4200885454639537,0.46900356427348655,0.522794270265388,0.5788233891278362,0.6360641927735962,0.6956322274148717,0.7582394500363947,0.8192751576775421,0.8716157631867444,0.9031486163852241,0.909410083304693,0.8661940882401561,0.8113611706121768,0.755071485160794,0.696091068723727,0.6363757833838557,0.5785217262309458,0.520963619698242,0.4629449252562021,0.4097094375,0.3682208530050338,0.3401395732555763,0.31835051499801204,0.2923977459786095,0.25940603241671634
27-01-2026 11:30,25078.55,0.3474969764505705,0.35251615133061187,0.3721174702977532,0.4094348597184264,0.45761975559164514,0.5107646026606116,0.5676096968043727,0.6255244332387679,0.6836529372965536,0.7454397639990007,0.8078290950102026,0.8621592372506622,0.8993192522431961,0.9171376522168353,0.8838374183890485,0.8298393542673149,0.7738378592568917,0.7148721247079338,0.6550719694141807,0.5965946505897579,0.5376883462411894,0.4783317187499999,0.423683359375,0.37927975443113154,0.3465060333495264,0.320502273109476,0.2920424968606441,0.25673619436298034
27-01-2026 11:35,25074.65,0.3977506576110269,0.3801764184791351,0.38323755281397315,0.40904099997813637,0.4491708202797044,0.4982800138528667,0.5537291154976008,0.6117158583970558,0.6700953289297593,0.729784386459362,0.7896862359358697,0.8456050744470153,0.8900067940453775,0.9195777300213761,0.8979686048196266,0.8457739804702638,0.7909117851893227,0.7334096112018581,0.6734482531211631,0.6117614030580936,0.5498561837126751,0.48957843758533987,0.4339489920825792,0.3860037393631389,0.34658471540646507,0.3136818038167456,0.2811789902737527,0.24407119131276686
27-01-2026 11:40,25088.45,0.41068222645057045,0.38902500679396396,0.3853100217948382,0.4025703932716538,0.43592687166983857,0.48150076755884275,0.5350065030389656,0.5927958784612014,0.6526448465058529,0.7113574628017745,0.7679136973450267,0.8224347760534878,0.8695298788804506,0.906362688643972,0.9079030236013121,0.8644755441417491,0.8121489840035764,0.7529117718356788,0.6866806371045251,0.6165377208318302,0.5524662284394738,0.49747824422178166,0.4479652692993253,0.40298902538802717,0.36402714184853957,0.3303955252515989,0.2970862036742361,0.26014459413127666
27-01-2026 11:45,25159.6,0.3467311240129527,0.3454625504816926,0.3546763105910626,0.37841289665126737,0.41659918106693666,0.4661144185465918,0.5212064994972399,0.5794618652501512,0.640644774182757,0.700532292854187,0.7562820495751355,0.809394316861194,0.8585423020175849,0.9024270431396337,0.9201847162226489,0.8811158492297043,0.8292800223565758,0.7672470719993039,0.6945224608728775,0.6170487597115072,0.551622110820399,0.5024565167240698,0.46131706284376084,0.4244605497327336,0.39433495629429716,0.3710433944527554,0.3502000062394376,0.32855749999999995
27-01-2026 11:50,25103.25,0.33240276367895705,0.33862889822337666,0.353672911309123,0.38122195403481834,0.4225869911246568,0.47501758795927984,0.53160658107236,0.5892103398926272,0.6484305035250991,0.7081197770444104,0.7662937137105947,0.8221202644731238,0.8733642541369331,0.9186588785543024,0.9233512013414991,0.8737763200154285,0.8197387903566257,0.7612634638134763,0.6930699864184343,0.617844847573668,0.5501321848513638,0.49727113591624045,0.45476139431132795,0.41873629374020443,0.3912329320862573,0.37168264885063496,0.3542390987938649,0.3353244131374827
27-01-2026 11:55,25084.4,0.3710923246221227,0.3703550546954778,0.38033043255502025,0.40393150753234364,0.44141206536007077,0.4912730523311118,0.5469979314583405,0.6031944835894505,0.6604520322864263,0.7201435416446854,0.7807195021491444,0.84079370489807,0.895833898839069,0.941326351239753,0.9271133681131289,0.865731003423069,0.8082387534233361,0.75070160787636,0.685080085493907,0.613913815723711,0.5469644286945744,0.49075655256406703,0.4445689595164498,0.40486434066034477,0.3727128750945949,0.34719000039329256,0.32050452786541683,0.2884109987539508
27-01-2026 12:00,25100.25,0.38184701367895707,0.3770229828804249,0.38428948431231574,0.4069728539782376,0.4438394915073705,0.4931740299268491,0.5493874467143008,0.6058008140727776,0.6623490088167723,0.7212801636369026,0.7814500241704381,0.8437004766719369,0.9041604978875828,0.9553356186697088,0.9428206548378508,0.8821791474704554,0.8218062183176162,0.7582380736671428,0.689235293136338,0.6210443580913017,0.558020171021647,0.5010243157684926,0.45168845749610775,0.40971615374652853,0.3756655666254649,0.3470831817934646,0.31465180605703175,0.27397536026592806
27-01-2026 12:05,25122.5,0.3716242263678957,0.3663139346189423,0.3733705125048304,0.39784047085335716,0.43877771904237656,0.49171602503575274,0.5495455459963625,0.6063110556626644,0.6616897502787757,0.7189541906649057,0.7791168841755787,0.8423286605091355,0.9045655019300612,0.9596064332451002,0.9573630336331644,0.9017222786593905,0.8417465443171036,0.7782348931123357,0.7115933091357372,0.6443563705693702,0.5795103214695091,0.5194012037686384,0.4667825240105828,0.42304892906530267,0.38904786726656315,0.360773027317736,0.3283908502635542,0.2878649941990585
27-01-2026 12:10,25117.85,0.356079,0.3542709763419037,0.3650145491498064,0.39395818177857567,0.4402144565932506,0.4966889551417579,0.554850651985309,0.6119483625364948,0.6688226738325801,0.7269230671591458,0.787491265224059,0.8499120085510293,0.9095802149985552,0.9624652771935697,0.9655212728852377,0.9117343510199648,0.8532758812443548,0.7938328707621003,0.7312542281083158,0.6624294219465083,0.5922083106899724,0.528555520218908,0.4759731681296904,0.4339574062710908,0.4007577975153928,0.3731843712441125,0.34532039408108745,0.3139445869287225
27-01-2026 12:15,25117.6,0.347327,0.3466137386958774,0.36225610565296207,0.39738158181388716,0.44715709107424445,0.5043521194717279,0.5630731974868362,0.622057462013616,0.6808852121991904,0.739618301190556,0.7995622759960247,0.860373181720325,0.9182346352075913,0.9701362441923845,0.9753635228963011,0.92133192748413,0.861976503866407,0.8019255471728431,0.7399627267626405,0.6727346914659963,0.6021990315358903,0.5353723739151715,0.4808094794040917,0.4390003350068356,0.4054721139908674,0.37773008040622835,0.35143006509533686,0.322331617379124
27-01-2026 12:20,25109.2,0.34250325,0.344185567950905,0.36413185665685965,0.4017253132651412,0.45100688374347175,0.5083666925599075,0.5697409652515191,0.630414640091478,0.6877953308530295,0.7452849028609009,0.8059370010480942,0.8681264903796825,0.9274377528636434,0.9806891260899783,0.9869411250000001,0.9331501687358168,0.871779126480406,0.808984254817428,0.7479869059416946,0.6858059275192174,0.6198161808529042,0.5525699667615062,0.49163054322287875,0.4420078410155167,0.40443024935848576,0.37583391580275166,0.3479021785656979,0.31468875
27-01-2026 12:25,25134.2,0.32683825,0.3386469421649551,0.3641603605719739,0.40226626180248504,0.4513607056352423,0.5115538832894593,0.5773878979583029,0.6399767326726724,0.6963126411063951,0.7532568661167023,0.8153251296175084,0.8798687309233326,0.9405718751228677,0.9932091250000001,0.998757125,0.945822679119611,0.8833364239296329,0.8190780757051819,0.7589308172067374,0.6983882264617374,0.6337546155111449,0.5669183817996111,0.5023645105825103,0.44752771347308856,0.4079988327597431,0.37947272417760197,0.35261534191040794,0.3228469292372841
27-01-2026 12:30,25098.2,0.32607890201214595,0.3407262361520438,0.36741835934561884,0.4076231756922244,0.460485054296063,0.5248175829432523,0.5932724878266751,0.6568226316533129,0.7153265192046984,0.7748745496082121,0.8374595611150936,0.9015698917672057,0.9608439957990564,1.009752625,1.010609625,0.9563812901338608,0.8924205984227951,0.8269486719708491,0.7650912443501645,0.7007360306441156,0.6328094980434138,0.5667692377787441,0.5051505891758317,0.45158395359588765,0.41064024853257425,0.3794756421873546,0.35073516508110125,0.3203185530700597
27-01-2026 12:35,25099.65,0.338039632279529,0.3512181947031031,0.37769937094278555,0.420520834323121,0.47674355953088365,0.5435004818911608,0.6144261785723028,0.6808896349852253,0.7420676775888972,0.8024867504683486,0.8637519231858686,0.9254468003415026,0.9811993204798483,1.025366,1.0207546875,0.9646066565538317,0.8989907195126599,0.831327968762323,0.7666243177284033,0.6990901504094729,0.6288848211717954,0.5631503947673466,0.5031241017898664,0.4499267316680451,0.40848081746005666,0.3772526722919223,0.3487734152389649,0.3185223332433038
27-01-2026 12:40,25084.95,0.35026935779932183,0.36132948064397485,0.388415712037841,0.43412987595559804,0.4931199475058622,0.5608983930070857,0.6336406824527069,0.7037532428895096,0.7656879108896772,0.824127974681607,0.8845043384647387,0.9446434315112593,0.997005752019739,1.0379854122953502,1.0297208936476752,0.9722425742621018,0.9072925994609319,0.8391516705918977,0.7715599133614185,0.7021790632389315,0.6310042795429232,0.5625297190669822,0.4995437509995669,0.4462044598722098,0.4080407372382465,0.38193842102183667,0.3605514887839122,0.3406456096117458
27-01-2026 12:45,25083.9,0.3687425389667099,0.375587520250808,0.40204284065635976,0.45003292224199715,0.5118513162678646,0.5802713620316111,0.6505744543396951,0.7179026754930692,0.7796494134224383,0.8413293434365627,0.9048337202722214,0.9640271520460191,1.0136405664695958,1.053033247953503,1.039989804762775,0.9781710331981055,0.9125555911457263,0.8449232623358129,0.7756597395002377,0.7045447792141464,0.6321407998150222,0.5605612131778006,0.4950066780136405,0.4415180323273066,0.4035014049778322,0.37948213199840497,0.36486992855091155,0.35461878309909345
27-01-2026 12:50,25065.25,0.3709907735928406,0.3842550248197737,0.4172519246307667,0.4697695343847246,0.5311425419992761,0.5964434623005136,0.6628785235777532,0.725634672448724,0.7874090817766847,0.8553445191512073,0.9238823662235256,0.9831059095616805,1.0316349886630984,1.071509171316305,1.051841581018387,0.9809643950344012,0.9130358253864099,0.8480151226428532,0.7805017477390401,0.7090578927768698,0.6353340016323938,0.5614393256205775,0.4934450195502013,0.4370106431537178,0.39427832402754837,0.36668051135087826,0.35125857107898373,0.34008425509853263
27-01-2026 12:55,25094.45,0.34976411215806946,0.3764408800689299,0.42066130132990787,0.479126628264254,0.5396695438635889,0.6017376481329776,0.6667209054431041,0.7300551663132195,0.7941354833551464,0.8641798383424669,0.9339930228629101,0.9957346279605961,1.0480060271246037,1.0915326854535028,1.0686034485834932,0.9923450753805549,0.922711440342872,0.8594667132964371,0.7943362774016864,0.7232240253741617,0.6475041199948455,0.5716403286997596,0.5027040897710969,0.44464505969252294,0.39841207800090034,0.36440832352684477,0.33882242107133725,0.3151697468896186
27-01-2026 13:00,25087.35,0.34426875,0.37546801649463973,0.420315853626986,0.4766307376201535,0.5375939037640625,0.6025865157267022,0.6703031648598561,0.7378946222863988,0.8054891293890465,0.8733039931667854,0.9402117313471605,1.0052083184974017,1.062879593200296,1.1088034122953503,1.0863340935911092,1.0131837671063706,0.9422444281841208,0.8746141346488071,0.8068786074053259,0.73481889982067,0.6565851821698169,0.5780745642132156,0.5089681041614234,0.4513558219200775,0.4035699884532674,0.3642125207198018,0.32825635160869254,0.2911198746889619
27-01-2026 13:05,25077.3,0.365911669208848,0.3915754931120105,0.4290104613895943,0.47955903302124386,0.5407017364412134,0.6091600144396143,0.6794092263389162,0.7489713495334211,0.8179776556829859,0.8855836509553167,0.9528479506028812,1.0204047231499154,1.0793808623363736,1.12287425,1.098736136535783,1.028820796927238,0.9580457735687593,0.8859734063545356,0.8132092942916064,0.7388816561504318,0.6571661461286699,0.5726933702689188,0.5008835283292314,0.4449128832481225,0.39821511100428614,0.3562785768163059,0.31374283774802125,0.26730425
27-01-2026 13:10,25078.6,0.38792019208847983,0.40763570349772,0.43975280295234,0.48743291585728477,0.5484185376246139,0.6177473932702939,0.6885932456238613,0.757963675591018,0.8272981131657815,0.8985938859497241,0.972008624554897,1.0427785759234758,1.0993513891573172,1.137336875,1.1144157670832,1.0454591515246432,0.9735569129326648,0.8986211178900931,0.8227570477601154,0.7459748985739957,0.6616088792599609,0.5741113905002081,0.501023165194942,0.44640048036127294,0.4002554092105372,0.35491510844730273,0.3076727253823481,0.25849325
27-01-2026 13:15,25088.55,0.4086590457592637,0.42338582965972393,0.45089184660995396,0.4959807537021207,0.5576115460584832,0.6291710476009814,0.7017293194865103,0.7714686247816617,0.8397262734280273,0.9109181919152995,0.986937775483171,1.0603402335372565,1.1170632949783612,1.153425265480761,1.1324195389198424,1.0639144339829771,0.9908757226733667,0.9146830937953261,0.8373452740068354,0.7591995117973696,0.677056108683977,0.59335275262285,0.5190415990040904,0.45836155175338844,0.4051060320406429,0.3536851750364374,0.30448060306229957,0.25820112495929476
27-01-2026 13:20,25085.9,0.4314906920884798,0.44068265336131685,0.4631644386852353,0.5057536418942791,0.5688151258778528,0.642964212220715,0.7165841531850174,0.7870580910093157,0.8557461140454491,0.925120118487754,0.9981003286555667,1.0715162586083504,1.1317969142324698,1.1713449673076108,1.1461912471152218,1.0802950994436658,1.0103907169592647,0.935986582149413,0.8582735010472768,0.7800873712861521,0.7004494714233,0.6177961563880673,0.5381463030625016,0.4678235236276783,0.406035955328006,0.3520628886503747,0.3095368886576507,0.27729709596134944
27-01-2026 13:25,25098.05,0.425785419208848,0.4393634699597063,0.4650896824450646,0.5092474362677176,0.5729477329487955,0.647310741587474,0.7212482830435538,0.7940936051232591,0.8675987123630428,0.941549507963398,1.017153850733782,1.0912215895190083,1.1508399864539491,1.1898233956657216,1.166699707783021,1.106644976627169,1.039154958814225,0.9640089786976428,0.8845355431025246,0.8047064010563005,0.7254115172623183,0.643622781939912,0.5612285664807558,0.4854744688349523,0.4203157269252177,0.3705703843355091,0.34779438232686516,0.3518672129513231
27-01-2026 13:30,25112.65,0.37203850000000005,0.4108161301810662,0.4545801045569137,0.5097667344651433,0.5781269961162352,0.6528254490978301,0.728645499380516,0.806740395343873,0.887251449505457,0.970984739214303,1.0567348510340842,1.1322672388594788,1.1845338940534065,1.216373324927831,1.194370564371441,1.1340132286624554,1.064684176553687,0.9862756081313082,0.9012755770364981,0.8157035877323433,0.7372620902480949,0.662108740567575,0.5853332330779943,0.5140272849101807,0.45663152782086025,0.421374739558258,0.4221909776218744,0.4580932342241788
27-01-2026 13:35,25095.5,0.3357470000000001,0.3983040509322334,0.46142894290691805,0.5327810112322451,0.6110398070938696,0.6879255935228592,0.7644084022411771,0.8446159055985814,0.9278075373270637,1.0159537936532845,1.1064178995587937,1.18225385612383,1.2289638051546985,1.2514639442932194,1.210408667411397,1.141951396872462,1.0715983454493598,0.9946231693592045,0.9070138429109564,0.8159749821711225,0.734302011741218,0.66017269285176,0.5876845455852352,0.5232809909806031,0.47619811283713287,0.4525040750815515,0.4558699442122678,0.48037533864331194
27-01-2026 13:40,25049.05,0.36552900000000005,0.42641099770693613,0.496142018579206,0.5839091841941328,0.6794530118139179,0.7634890801356641,0.8354727438309832,0.9050253770996524,0.9764492738906005,1.0544481497736558,1.1395413510533492,1.217515098269001,1.2659524314264334,1.2804778335808389,1.2124831631437731,1.1372504427510657,1.0671784066527994,0.9943088314205751,0.9119661141516938,0.8228637567003976,0.7344931409808189,0.6503246717012088,0.5705739691770444,0.500732588532424,0.44858729579415496,0.4149754149777223,0.3923586246690604,0.37303559636840167
27-01-2026 13:45,25044.1,0.39576500000000003,0.4496713352732306,0.5189145469329665,0.6154831339612178,0.7249409546499235,0.8176186142106583,0.8879853848067709,0.948976345348653,1.0100863103530215,1.080726582122336,1.1637180578233273,1.2447499961249362,1.2967757795944652,1.310335583901992,1.2297760928011159,1.1498977291190966,1.078861427222793,1.0072044099991762,0.9279085498739702,0.8405847853211813,0.7474001603804484,0.6542291196265165,0.5648989343154561,0.48438721242408733,0.4209186487406111,0.3735986139044549,0.33155819585684565,0.28840950000000004
27-01-2026 13:50,25054.3,0.38748625,0.44761032084855024,0.5197023345924354,0.6111137788206095,0.7138168182943154,0.8083621598912768,0.8875474923675486,0.9579124509604281,1.0274826235244034,1.105050502405112,1.1907150892824285,1.2719829936969818,1.3282521229863162,1.351119711232654,1.2745707054444455,1.1862844569690743,1.1089451634497467,1.0343852995458371,0.9503612131970658,0.8562216369855675,0.7601016517556294,0.6665932573015521,0.5752315481519844,0.4905933651277441,0.4219152594727648,0.3691808022891624,0.32263255135290375,0.2768562530947335
27-01-2026 13:55,25040.65,0.36810525000000005,0.4411050974895961,0.521769716029003,0.6107887714928508,0.7060959029551406,0.8007035011638627,0.8876533727300023,0.9690718391471451,1.0500367654012175,1.1329235031139078,1.2171784806266175,1.2990877413472377,1.3619204480574316,1.393037785129427,1.3183687244564748,1.224263229060523,1.1383996590342578,1.0565196252617939,0.9645345802780965,0.8619949349368855,0.763102201926495,0.671059574630856,0.5823274512139703,0.500816429932582,0.43257510667682475,0.37510013153851823,0.3167470190605392,0.25228153094733463
27-01-2026 14:00,25042.35,0.36134249999999996,0.4467088788764272,0.5372823304098091,0.6327693590588965,0.7326346276557811,0.8305707040924268,0.9192444897369858,1.004480433835068,1.0925964927258724,1.1787130097604195,1.2604292210585268,1.3424287313937182,1.4089490253949424,1.4408511250834306,1.35406757295096,1.2556075882504731,1.165235365992869,1.0775495635840322,0.980692240330729,0.8755086062380057,0.7725577214933091,0.6751543080032916,0.5844585701270084,0.5035291484140668,0.4340764576736632,0.3715603805990238,0.30016079009893104,0.21260230570520228
27-01-2026 14:05,25010.6,0.3733012499999999,0.4659401915453842,0.564700137766091,0.6668387697926562,0.7692912573753643,0.867537668364225,0.9580300082368858,1.0492721853982427,1.14602082942827,1.2372548652844135,1.3174158019557867,1.395316537705912,1.4590935132173728,1.488572433353864,1.3856815895723182,1.2753524924733384,1.1827829699007744,1.0967949903185366,1.001282349909133,0.8982059103380633,0.7933396630072783,0.6870889268126192,0.5858390921808875,0.49720070587047843,0.42211395557348674,0.35600476129446174,0.2836940448847499,0.1955130309473346
27-01-2026 14:10,25041.35,0.37833825,0.47311458959112807,0.5777821623191962,0.6866998039177056,0.7898007216689269,0.8857209047164808,0.9796644338522928,1.0789451578818567,1.1818066923094641,1.2757986315934597,1.357352213435599,1.4346685113505004,1.4956490052785592,1.5227617207921589,1.4165763998912235,1.299128651781374,1.2054421930652326,1.121020892872124,1.024960201228963,0.9202872258446262,0.8144528177488184,0.7055769958548018,0.5982408475944913,0.5027150583751456,0.4222768369737546,0.35565744594245685,0.2943694956552738,0.2284447530947334
27-01-2026 14:15,25034.25,0.38047250000000005,0.47568677967062645,0.5823631442656254,0.6948852468535647,0.8002444261240383,0.897793997765932,0.9961624272197361,1.101410269859153,1.208384738902341,1.3037038501673697,1.3878067460897872,1.4698260404555785,1.5309185298688013,1.5521714439447882,1.4505681630063518,1.3373815397827922,1.2410064093474624,1.1495440138980788,1.0483521535195346,0.9403369206402603,0.8330952010477795,0.7272545691997941,0.6220243620082267,0.522083161457302,0.4355721349403141,0.36838801773320695,0.3153465665600703,0.2652365
27-01-2026 14:20,25028.4,0.398188,0.4942769584323615,0.6007913161927705,0.7128444823685318,0.8201660590785091,0.9215976444764757,1.023266216758347,1.1321948071674741,1.243160316792438,1.340198971467957,1.4257895753449565,1.5124172269650544,1.5752423069555013,1.589229922383229,1.4709167826514782,1.3607918095857034,1.2647164696831907,1.1663139672366893,1.0595263108306339,0.9547848076746136,0.8527448348121979,0.7483081267307128,0.6391264323858071,0.5272560244209775,0.4267180149357532,0.35249294372221124,0.29569741475013084,0.23820830933187104
27-01-2026 14:25,25022.0,0.41247049999999996,0.5121301078996079,0.6206223017197642,0.7353378119658942,0.8491541946965797,0.9582879482863818,1.0643883331619761,1.173566124802159,1.2844436631093328,1.386921900316639,1.4809185416678194,1.5748574757782152,1.6436177670657817,1.6589072967205198,1.511810853267483,1.3926432746133517,1.2958541130751629,1.195530529020038,1.0840989505141896,0.9815785297941804,0.8827465055496004,0.7718764124117492,0.650981202460063,0.5265479265233591,0.41201478528202773,0.32508245367601,0.2541147826641296,0.17574134331871044
27-01-2026 14:30,25040.85,0.4382275,0.5319636529774608,0.6370120494098432,0.7531156729108298,0.872296163344103,0.9877857613788504,1.099347862357066,1.211406506390095,1.3267647426179654,1.441615503612687,1.5483408337998725,1.6468516216425684,1.718630480642812,1.7413661106673457,1.5980338002348062,1.464825496880839,1.3583297745154606,1.2568727915013111,1.1461682190654556,1.0398613772782688,0.9329313870957685,0.8112702045725835,0.6822189554543627,0.5543749802738378,0.43201526009022795,0.3275154800565887,0.2372638251350632,0.1433078179736788
27-01-2026 14:35,25042.95,0.4484687500000001,0.5314199644342509,0.6297565560263761,0.7429749086888573,0.8615371978144887,0.9785245717776391,1.093249323893426,1.2093696161296068,1.3334824169218258,1.4640081520623034,1.5834586123955101,1.6834287632529286,1.7560588949084153,1.7907759777960133,1.6863190774732904,1.5487714903809737,1.4340232386163032,1.33443191382787,1.2292757986695297,1.1165589037243457,0.9983160028937015,0.8723852872295259,0.7419052960141201,0.6065695558307691,0.4697282807867661,0.3488821962033899,0.250762483327775,0.16178309331871044
27-01-2026 14:40,25097.55,0.4017792220355943,0.4899403994808557,0.5940141366409866,0.7101952068425079,0.831469973585627,0.9553034066128775,1.0770541420765098,1.1948547834272647,1.3188712688137174,1.4543008198117084,1.583404129773598,1.6933959741742985,1.7780073160706715,1.8312911392343327,1.7701161332771171,1.6332881510791994,1.5135325501038717,1.4168150389765397,1.3171087703214324,1.198806855336838,1.0716213989856822,0.9425230380205564,0.8073533541256954,0.660955869508917,0.5154067550483442,0.39067704283934807,0.29036870139935284,0.20314705933187108
27-01-2026 14:45,25108.1,0.38170497035594264,0.46707682259344363,0.5753420896958216,0.6985769531772199,0.8265779199263873,0.9606291057410445,1.0950074177808264,1.2187002593664658,1.3373930314257647,1.4645773493026244,1.596011399854807,1.7190929371082895,1.8175644181558026,1.8837865934772329,1.8549065310024837,1.7252786431500264,1.6040625879510186,1.5065617655089814,1.4080483826921042,1.2865688218018871,1.1529832952942218,1.0151264790963987,0.8682564130315669,0.7125853007430036,0.5642573419940777,0.4345584621786508,0.31800075451764204,0.20717800000000003
27-01-2026 14:50,25122.3,0.38849649664069663,0.46355336255976465,0.5742694553555726,0.7081601678670514,0.8443810262563348,0.9871279964044949,1.133328683784463,1.2637530245039552,1.3801284638039177,1.5021620531755706,1.6344705951796246,1.7635227466986763,1.8663151138048109,1.9357408138287846,1.9394084855571583,1.836950853244185,1.7263946097474634,1.6286816999396025,1.526229185881225,1.3964871419477674,1.2520537812946186,1.1035345738698394,0.9460501445588485,0.777249230162001,0.6149330930813053,0.47251217490677105,0.33752667114328927,0.19904502550346115
27-01-2026 14:55,25143.55,0.3376017203559426,0.44464078882470515,0.5804680857643798,0.7304359503518133,0.8762039835279328,1.0269134041496362,1.1807907576732146,1.3186976422113912,1.4413670836872836,1.5651475523581622,1.6996088039958213,1.8352451620468146,1.9445530015790633,2.0202921407213865,2.0543138335277344,1.9700067055821726,1.8632442601659904,1.7586364989330852,1.6462885678900407,1.503349923415034,1.3431660291896144,1.1817113974073299,1.015621105623681,0.8383887725586561,0.6654358385465802,0.5117438579195512,0.3673267470127764,0.22242300503461124
27-01-2026 15:00,25118.0,0.2580532220355943,0.4251343449910441,0.5947703943135263,0.7594497996841776,0.9161395534617942,1.0718590628545572,1.23012587344847,1.3854304955149876,1.528306598147798,1.6603062507212394,1.8019578487982715,1.9505231966898398,2.0737617499511405,2.168987650969628,2.228550592297492,2.11469671359107,1.9731436840785346,1.8415350243258886,1.7194561797162762,1.5717116696965625,1.3987610297094386,1.222882741709423,1.0515626664012006,0.8774370522376591,0.7023902087738315,0.5327765299847668,0.36965883431043856,0.21337370906230027
27-01-2026 15:05,25134.65,0.20500100000000002,0.41577602522771995,0.6116744948475407,0.7898190306593079,0.9568427099336895,1.1201710177558197,1.2911904688222469,1.4716219869406704,1.6401300491493567,1.7877124171065666,1.939514754532529,2.096874083816519,2.23454410282496,2.358430209522919,2.434208639074565,2.2830433706640507,2.1084220687668234,1.9569939830353578,1.829122655980324,1.6754108245757036,1.4877023552904987,1.29595323935608,1.1150107971518464,0.9350307530647401,0.748421588272147,0.5565903525147472,0.3634929516350907,0.1717652550346113
27-01-2026 15:10,25154.95,0.16922025000000002,0.41351430992978055,0.634844828110761,0.8287320165423607,1.011314230813935,1.2003925353045872,1.4070137799942355,1.6206510428359222,1.8104202049647975,1.9692680231609168,2.1242114845078612,2.284955189388256,2.4420939804255037,2.60092871875,2.683446067156374,2.54533003036931,2.380782206083852,2.2192098077172546,2.0611575892365526,1.8739673435097266,1.6613195428697218,1.4495368857214772,1.2449997672065625,1.0416795597452466,0.8332590002007748,0.6153469285795689,0.3953396170303704,0.18126677550346112
27-01-2026 15:15,25174.85,0.11634224999999991,0.4006977071629713,0.6576918455256928,0.8838215712701095,1.10208219549446,1.3354052226110515,1.5891657919703395,1.8442938150502262,2.0675608870800093,2.2510551836531474,2.418297915169065,2.5891169095638253,2.7719434839800505,2.9680774375,3.061830578125,2.982851971122387,2.843377096470043,2.650697030898332,2.4328007069405237,2.195343256111544,1.9496205136619722,1.7094516609266304,1.473093086451087,1.2353781764108216,0.9869389103936204,0.7285705232814828,0.48223748144930373,0.255888875
27-01-2026 15:20,25198.1,0.05808124999999991,0.3826170759094948,0.6937984959503596,0.9874855742236965,1.2741286996972363,1.568981263787645,1.8740380126106801,2.175325896357434,2.451957276585533,2.698357819334328,2.919795824949179,3.11991225,3.3210536562499997,3.5391864687500005,3.6861748471800304,3.7374239483795995,3.6449782229693617,3.4080705300295615,3.1181989975273887,2.8216336250000005,2.523791484375,2.2287184687500003,1.9348819375000001,1.625132437354805,1.2799722011283428,0.9423426497153208,0.6647997267148333,0.4226475
27-01-2026 15:25,25242.4,0.03726,0.3799825,0.746764375,1.13535125,1.527581875,1.91250125,2.2893725,2.6480328125000003,2.977739375,3.305093125,3.6215034375,3.8694253125,4.0780828125,4.3090975,4.6198225,4.903210625,4.8906178125,4.594960625000001,4.2113275,3.828729375,3.44502,3.0598118750000003,2.67259625,2.2469428125,1.7460956250000002,1.2782515625,0.956905625,0.714555
