datetime,underlying_price,NIFTY27JAN2625200CE,NIFTY27JAN2625300CE,NIFTY27JAN2625400CE,NIFTY27JAN2625500CE,NIFTY27JAN2625600CE,NIFTY27JAN2625700CE,NIFTY27JAN2625800CE,NIFTY27JAN2625900CE,NIFTY27JAN2626000CE,NIFTY27JAN2626100CE,NIFTY27JAN2626200CE,NIFTY27JAN2626300CE,NIFTY27JAN2626400CE,NIFTY27JAN2626500CE,NIFTY27JAN2623800PE,NIFTY27JAN2623900PE,NIFTY27JAN2624000PE,NIFTY27JAN2624100PE,NIFTY27JAN2624200PE,NIFTY27JAN2624300PE,NIFTY27JAN2624400PE,NIFTY27JAN2624500PE,NIFTY27JAN2624600PE,NIFTY27JAN2624700PE,NIFTY27JAN2624800PE,NIFTY27JAN2624900PE,NIFTY27JAN2625000PE,NIFTY27JAN2625100PE
07-01-2026 09:15,26111.65,0.12662,0.1226489375,0.11801578125000001,0.11382881249999999,0.10992003125,0.10406637499999999,0.09815109375,0.09623640624999999,0.09563740625,0.09387659375,0.09203325,0.09044593749999999,0.08941784375,0.110845,0.15428,0.1728071249999999,0.168092,0.16246071874999998,0.15727078125,0.152335375,0.14684684374999998,0.14130359374999998,0.13604346874999998,0.13105990625,0.126266375,0.12138596874999999,0.11638646874999999,0.11149999999999999
07-01-2026 09:20,26141.4,0.09768249999999988,0.10190683040820533,0.10691696316525746,0.10969014182895631,0.10790449450051474,0.10274778652892431,0.0969822973139453,0.09474834969504206,0.09483518012644529,0.09370541934142422,0.09191299218749988,0.09038686526191277,0.0923723303280303,0.1171640669060608,0.1583598459530304,0.17409322226913876,0.16929709049008934,0.16403380952373003,0.15844110457956825,0.15304469145752342,0.14775107070416388,0.14252463607605742,0.13751210464908287,0.13232784848913098,0.127344992548631,0.12242222801307526,0.11744349769812941,0.1135668131770475
07-01-2026 09:25,26139.35,0.094465,0.0972580615136089,0.10261991568440733,0.10609502638957846,0.10413132928150733,0.10029788698107356,0.09622061473588439,0.09350829925962167,0.0931314936421344,0.09218229323107346,0.0904329318068456,0.08903071257147364,0.0941648627001655,0.1227170533597696,0.16189182985666037,0.17519802210487304,0.1705501246018942,0.16500576549566984,0.15859651523107157,0.15269169734249194,0.14771840454336943,0.14275481610995094,0.13767973591829144,0.13263438908831549,0.1278236486180655,0.12294014984955504,0.11807994969524237,0.11423612635409508
07-01-2026 09:30,26128.95,0.10332249999999998,0.10502595431050407,0.1100930185678523,0.1121084286500668,0.10855292968749991,0.105042027545017,0.1003257504763612,0.09562396519274854,0.0944944296936748,0.09335752700702368,0.09154554283100468,0.09002686431226893,0.09185846879123988,0.1173587810013567,0.1595077718610997,0.17572458924284984,0.17111111340806928,0.16520030744058065,0.1583831927758833,0.15227254694330702,0.14727883027788344,0.14226995852674157,0.13703799875352338,0.13217649234751178,0.12755030937700013,0.12270675729908168,0.11780911414969776,0.1134298357061377
07-01-2026 09:35,26131.9,0.0971575,0.1015044374999999,0.10819093063696815,0.1106300056449598,0.10827536736223732,0.10541219794977849,0.10051881939230017,0.09522560855834077,0.09316589235836585,0.09214633282667241,0.09112749927721894,0.08968204219343083,0.08832670494939422,0.1110601695476479,0.1568700629643397,0.17635861654207088,0.17153753952683967,0.1654702244323904,0.15888141506439368,0.15300804690061504,0.14780494006839398,0.14237988802785984,0.1369421225070468,0.1321891253200237,0.12765536875400027,0.12281160076327571,0.11794970790110976,0.1136547442482336
07-01-2026 09:40,26145.15,0.0867334311603517,0.09367084798483999,0.09877681730881249,0.1017256441024198,0.10202388316197467,0.09996973014006716,0.09674064365041567,0.09283235193961123,0.09038112693060632,0.08973307182033465,0.08924917398546195,0.08753408084636498,0.08607308481972616,0.1095861357324795,0.15661427500687,0.17656477126356823,0.17154249375686997,0.16537540500008585,0.1589479609375,0.1533864453125,0.14818712968950004,0.14257539859751178,0.13711423312852342,0.13227015641001177,0.12760790846792275,0.12263881140165762,0.11769526669534636,0.1134779209091967
07-01-2026 09:45,26113.1,0.09823414255882579,0.10433490775948988,0.10552103732946863,0.10658564998050085,0.10555256140120883,0.10187711084944247,0.09830810701605562,0.0949611559771912,0.09302487141625555,0.09191286663694023,0.09051992447339291,0.08840146743490498,0.08680254844182236,0.1097239960790694,0.1557535221346541,0.175324440754827,0.17052188138834148,0.1644289375,0.1580574296875,0.1526030845956975,0.1471526582808009,0.14134112393270695,0.1361706426558009,0.13140467563424302,0.12637123907798792,0.12106215644779594,0.1160879080508233,0.1117411991900532
07-01-2026 09:50,26110.0,0.11809549163659648,0.11865841926368546,0.11796465340596145,0.11701589077380758,0.1129716662514841,0.10678730095003476,0.10154557579906022,0.09865584158871984,0.09735598738310548,0.09541733595887683,0.09311841172282556,0.09098750032604609,0.08946221342062423,0.11105520996070019,0.1552420442693082,0.17428556900965408,0.16968491902668306,0.163696490135145,0.15723578893661158,0.15157601679432803,0.14602780862321357,0.14020308743263615,0.1351413883152679,0.13046547559916363,0.12531727596742642,0.11980991133049193,0.1148708800889124,0.1106099999999999
07-01-2026 09:55,26108.9,0.1184122802381223,0.11707921812576172,0.12037655306142607,0.12042222354099232,0.11551510976105356,0.1089380240806582,0.1032083387807855,0.10099676958345924,0.09995626900594837,0.09763388095774334,0.09487309995769098,0.09256510313127454,0.09407653198919019,0.1185059510560137,0.1593906353556058,0.1750127406075889,0.1699364204508416,0.16401705839529018,0.1576225231857233,0.15164727980156362,0.14629321486126265,0.14069628714622084,0.13516060159429497,0.13036514274966773,0.1257165462083095,0.12021064482458738,0.11474555440633047,0.1107024999999999
07-01-2026 10:00,26140.3,0.0999180489020728,0.10238519660217786,0.11228382895956365,0.11590702697144577,0.11309757854219678,0.1093687361843845,0.10505559068960113,0.10234667515907729,0.10052504086283627,0.09803997879223479,0.0949681614092573,0.09241886381950896,0.0971021323369482,0.1252065778838067,0.1637529764419033,0.17631792783052366,0.17082892187499987,0.16502226357264502,0.1590495936241116,0.153061746040433,0.14752584010108835,0.14182902647536108,0.1360410151159902,0.13131895186381654,0.12695303787167822,0.12147349102742455,0.11572978833008822,0.11151499999999989
07-01-2026 10:05,26142.95,0.0918760978041457,0.0960625509691564,0.10455785637689002,0.10829574205025527,0.10896237370534834,0.10951312965526884,0.10652694849344733,0.102221602007678,0.09978732472996557,0.09785577398185782,0.09502995748414646,0.0924570432605438,0.09418618123732121,0.11904659954428029,0.1602723206917212,0.1761361933305197,0.17135275533748867,0.16565100213129558,0.15964134672805405,0.1539940588654704,0.14852787592743166,0.14294838251656938,0.13747965136866216,0.13264364032906942,0.12802947139372986,0.12278820398181858,0.11725608615416275,0.1122374999999999
07-01-2026 10:10,26159.15,0.1042280489020728,0.10288136929195744,0.10312575962685602,0.10215273272397164,0.10367148592444198,0.10661810833539828,0.10339162791183687,0.09777164161034813,0.09605676245640907,0.09563388604555847,0.0936388004722117,0.09121801639805319,0.09301340242426072,0.11799758573229849,0.1591774052212234,0.17558613069023885,0.17191244837838926,0.16650953092529,0.16024886533110808,0.15484821148094077,0.14967288819038665,0.14428786718749997,0.1389805546875,0.1339161484375,0.12913634375,0.12411855468749988,0.1186923906249999,0.11325249999999988
07-01-2026 10:15,26183.8,0.1204525,0.1104639821749026,0.10623611220342517,0.10135748243653747,0.10058226060675472,0.10256529445072081,0.09831280929029543,0.09292123864801564,0.09193490979048129,0.09208967826130916,0.09044448872256831,0.08819043594940186,0.09331777125459242,0.1227105521574662,0.1625810630301381,0.1762506242210503,0.1723441611818141,0.16709906844155598,0.1607261161538078,0.15534661885617812,0.15036762755848795,0.14497315622629914,0.1397949606752773,0.1347987365201597,0.1298514140625,0.1248167265624999,0.1195254843749999,0.11421999999999999
07-01-2026 10:20,26169.15,0.13463,0.1178627689607995,0.110399432946619,0.10469538723049615,0.1027559944577673,0.10194245183118164,0.0969068010552486,0.09285312500393769,0.09183871090530961,0.09115612439451934,0.08917900334061507,0.08710708531330627,0.08930186688915631,0.1160790895275445,0.1601344902796842,0.17633013138529222,0.17100711049859263,0.16565612533896823,0.15968730049842877,0.15452622928502172,0.14973870286408922,0.1443823358900984,0.1393441322880547,0.13445767616531942,0.1294394140624999,0.12432297656249988,0.11904774999999998,0.11379
07-01-2026 10:25,26152.25,0.1429375,0.12447195643843303,0.11280775172477604,0.10655266891359706,0.1049452340982873,0.10268468079386385,0.09792812931111855,0.09470574859633782,0.09315925647769481,0.09166370440993513,0.08927986994662601,0.08727872528429312,0.08666625395862855,0.1100324999999999,0.1568025,0.17571411735459982,0.16966818274107442,0.16416127139287076,0.15881675553300062,0.15384582909284003,0.14891241661401228,0.14349269528879915,0.1382050700502773,0.13320526777015973,0.1283239609374999,0.1231672554660223,0.11794529977633546,0.11319924912716278
07-01-2026 10:30,26130.45,0.1418924999999999,0.12925601317458682,0.11709497344617222,0.10905010732684203,0.10656724475450417,0.10428253694435137,0.10043792574736193,0.0972154070619271,0.09484080118493173,0.09266386695488771,0.08990966990651654,0.08778036075680705,0.08754969195378354,0.11059775522433268,0.15634738544866536,0.17568175320220955,0.1703031798784373,0.16420266039299466,0.1582438934214112,0.15324399781482653,0.1481561932495356,0.1424571709386205,0.1370704566065799,0.13209032426226974,0.12723199733494403,0.12189842272757596,0.1166646498889011,0.11278349825432558
07-01-2026 10:35,26133.05,0.1350220476528852,0.1283500220118487,0.11855758242959344,0.1108403646253954,0.10737677259508752,0.10470180542807704,0.10164352829526759,0.09863377008278337,0.09570079867112669,0.09295988299057567,0.0903595665937881,0.08828759701254338,0.08799754200357036,0.1108911354486654,0.1560500857061615,0.17559121813360593,0.17094249346069693,0.16473670751075167,0.15827301573376665,0.15315603960018082,0.14793124173441802,0.142029771564741,0.13678818665065998,0.13194559741164036,0.12680635876296495,0.12111882531881796,0.11587861422395561,0.1122898210572431
07-01-2026 10:40,26144.05,0.1270790953057706,0.12307503332579267,0.116447309490754,0.11107262188402742,0.10723110633779527,0.10367848842293534,0.10077586339780502,0.09808450777699575,0.09507332608505867,0.09219394305937544,0.09004003091341341,0.08828068336855065,0.08762022772954692,0.11057989161635429,0.15617676506632666,0.17540286953057588,0.17057421499411332,0.16507768569069356,0.1592019835367293,0.1538070297088804,0.14839732069810013,0.1427096084386205,0.13738059723157997,0.13231760484897157,0.1269214286460975,0.12125749623205977,0.11645888194516811,0.11287805604013439
07-01-2026 10:45,26141.15,0.1315120476528853,0.12305197086797007,0.11771548806520582,0.11352325182790929,0.10749659360592152,0.1027192032921973,0.10049884233123871,0.09882630981617904,0.09639033052913003,0.09350930845440371,0.09128189157764154,0.08951790026947411,0.08836252278287421,0.1108080227840432,0.15637874786381029,0.17531844834124963,0.17020290341515568,0.16495081400070494,0.15932386242578286,0.1538898927171829,0.14859044592458978,0.1431327890625,0.13769750781249998,0.13241005044960086,0.1271764500305767,0.12189385196285782,0.11707031876739626,0.11294939629002779
07-01-2026 10:50,26146.85,0.13737,0.12157883836701668,0.11737758156239055,0.11486938464287282,0.10646046414999898,0.1008471389747906,0.0999220588447477,0.09946528415045189,0.0978956359378445,0.09521429367198798,0.09274749775861252,0.09072529264202149,0.08925714906174265,0.11136776139202148,0.1567006161099594,0.17573641575353188,0.17087020261626673,0.16536425253069034,0.15923540905894254,0.15373925039123335,0.14878230666120096,0.14355451827108767,0.13814103906249997,0.13285476598974824,0.1275507010548695,0.12215636048080467,0.11706028480098772,0.1121944121799737
07-01-2026 10:55,26168.55,0.132235,0.11559649162158811,0.11474503009540477,0.11570433067870525,0.10863861218279268,0.10344383664108642,0.10185945795801767,0.10018808898923189,0.09831388988189645,0.09581403124999999,0.0932843593749999,0.0911811152655679,0.09235073687044039,0.1173203174908807,0.16016890430042,0.17681384867415284,0.1720081395728065,0.16621311650651707,0.15971510006569775,0.15402979508988923,0.14927230957936993,0.14427867716717543,0.1388875859375,0.13359189135449673,0.128004683359739,0.12229538088548461,0.11723908179723899,0.1122124999999999
07-01-2026 11:00,26160.15,0.1289073321815839,0.10909778874482491,0.11215462527659625,0.11737855685546947,0.11315620392602879,0.1086072614357941,0.10530381738436993,0.10197886731210318,0.09911992757527519,0.09630099114680479,0.0937313393016556,0.09159015124083751,0.09538077802318946,0.1231668849817616,0.16355594249088076,0.177680941468636,0.17266259931147418,0.16666833369714745,0.16012081698682673,0.15441364546981304,0.1497157835482957,0.14461004237622055,0.13904271573388582,0.13368196465664153,0.1282478690386214,0.12296316520011977,0.1179073437080867,0.112645
07-01-2026 11:05,26182.1,0.1267565456029457,0.10304570255471313,0.107654688409182,0.11407019793453384,0.1103968878325711,0.10577824740274033,0.10221109750026877,0.09939801173418192,0.09655014487868108,0.09380358058655322,0.09147931481066301,0.0894091301866784,0.09077702070490964,0.11659156749088079,0.1607460962454404,0.177992068390568,0.17296805746823704,0.1671569400377055,0.16064878072384103,0.15446435070232886,0.14956125903726933,0.1446080802636174,0.1390817260841673,0.13349254396708737,0.1280380429510857,0.12340072114805578,0.11855179329169444,0.11306
07-01-2026 11:10,26166.7,0.1338535946611396,0.11164766350057174,0.11121958509049432,0.1118724549373058,0.105859059508964,0.10112711199298056,0.09876664909742754,0.09689030409445333,0.09418626046098819,0.09163691012485044,0.08945894279010529,0.08740719581049675,0.08655768559130657,0.11019749999999999,0.15739187499999996,0.1772647229620153,0.1721152294124803,0.1667179919076324,0.16072783779241498,0.15430968251420638,0.14888296986366445,0.1441735960243363,0.13901954538509992,0.1330969988448189,0.12735787274921764,0.12285802493530311,0.11810920372966002,0.1126125
07-01-2026 11:15,26148.15,0.1424868812397778,0.1261173811350917,0.1200363860580665,0.11343859443593163,0.10544891807411014,0.10123338282168415,0.09934931581165045,0.0978878627710319,0.0955018981682503,0.0924943554878447,0.08992969669357004,0.08790471719646847,0.08715664040391428,0.11024728763791879,0.15644332527583757,0.1760514835619495,0.17099068558353553,0.165496642722103,0.1597358519751289,0.15400694760142408,0.14862749369503309,0.1436209383033517,0.13840643170324116,0.13252221452059765,0.12673660593960967,0.1218071167329978,0.1169785561815292,0.11165249999999999
07-01-2026 11:20,26148.9,0.13942999999999997,0.13213893891878986,0.12556514159481424,0.11478789597263157,0.10622064995947643,0.1020554141917319,0.09884706444487845,0.09775233333014154,0.09668264309453073,0.09333955825153091,0.0902372040458109,0.08842779397207584,0.08747151864884416,0.1097225551143013,0.1552219852286027,0.17534719995131667,0.1709632670526109,0.16501992905816007,0.15884179556113703,0.15346380702172868,0.14832447827141768,0.143176764988084,0.1378364773028941,0.1321206211227515,0.12633638850591797,0.12102277711005181,0.11621502863126545,0.1110825
07-01-2026 11:25,26140.4,0.136465,0.13333504732771087,0.1294059967474004,0.11890622152652164,0.10906868050712264,0.1044197736891323,0.10119578839939194,0.0997497993017108,0.09870066208650946,0.09531924229949244,0.09194733217795135,0.0900073489368905,0.08867447591017787,0.1103144973148461,0.1552246196296924,0.1752154738773461,0.17103649656703637,0.16519380555553367,0.15869131101080386,0.15255537730545532,0.1473529786290792,0.14268619152344467,0.1375034904444404,0.13175865997890823,0.1260894698994606,0.12094239031630839,0.11597753059741434,0.11067999999999999
07-01-2026 11:30,26144.45,0.1356375,0.12881889972662325,0.12775499349127298,0.12133920986204992,0.11144080038286351,0.1062516589788442,0.10381037390963514,0.10157325500772654,0.09927899900264663,0.0961269950038711,0.0931229185479715,0.09107789651257892,0.08947010887946079,0.1112067298384636,0.1563597096769273,0.17584213608846358,0.1712657481854808,0.16574316282742277,0.15914214293529372,0.15247881605051372,0.14740590884630864,0.14296361933263727,0.1377369889854667,0.1321192866064604,0.12651085806023415,0.12120663361389925,0.11615495481546097,0.1109125
07-01-2026 11:35,26160.05,0.1358753518063865,0.1249260198378864,0.12395678234939486,0.12013478124999989,0.1124735078125,0.10618460337807219,0.10199476243328359,0.0990720993604226,0.09640444212078358,0.09378607755940616,0.0914550516942176,0.08972997533826736,0.08820032513171759,0.110548125,0.1567418749999999,0.1762906415766066,0.17141188371536054,0.16605761752156797,0.15987910058508512,0.15373180227703678,0.1484111234288102,0.14325508269966028,0.13801076571626156,0.13275021279448368,0.12706769639293128,0.1214126300635394,0.1164185323304313,0.1113275
07-01-2026 11:40,26147.1,0.141043203612773,0.12830363922321344,0.12377410490189543,0.11884793487464493,0.11344453623759827,0.10769334080762591,0.10208643721193021,0.0983388862208452,0.09565693111656709,0.09331250634681157,0.09107550896772942,0.08925296153753472,0.08777747999891972,0.110284587149651,0.156485625,0.1757211445550789,0.17053043784003083,0.1653974336175789,0.1597757107913134,0.154008748804144,0.14828889651902769,0.14259603761726736,0.1374880215190277,0.1324786933909749,0.12702483063629966,0.12136535553099435,0.11600016156291283,0.1109725
07-01-2026 11:45,26136.15,0.14996035180638648,0.1328818829952675,0.12261394088060608,0.11562933514803708,0.11152785906246586,0.10708230292057923,0.10187085027377882,0.09820217413416972,0.09567867649578349,0.09344394712807229,0.09113483517694954,0.08915711884347151,0.0878057548330439,0.1103168141559715,0.156228125,0.1750671789690298,0.16955394018258396,0.16454396021902978,0.15915447059648777,0.15337987830832203,0.14778498626461914,0.1421253599983034,0.1367319569723929,0.13177841871674173,0.12673049897852326,0.1210861044359493,0.11540950954539443,0.11061999999999998
07-01-2026 11:50,26138.65,0.1524726988696347,0.13385750162470594,0.12041675459299317,0.11272477928906076,0.10904570520734819,0.10432502036806977,0.09927389176990142,0.09627916462062214,0.09402547928773279,0.0917750347257832,0.08968559072439436,0.08801380179471925,0.08709450640527924,0.1099236168629899,0.1558534705225589,0.1746528917363033,0.16922005660407646,0.16420093239828137,0.15878258425724062,0.1530284375,0.1475839744477105,0.1419161120668395,0.13616102523825807,0.13124390894183952,0.12645217563754446,0.12100292331172459,0.1155484071164472,0.1106275
07-01-2026 11:55,26126.7,0.1531153977392695,0.13574281808476013,0.12083231843748635,0.1123908252587741,0.1085567835422183,0.10414767545724278,0.09964832745164381,0.09670108929500291,0.0941992320129656,0.09165584288906661,0.08958658301224855,0.0879422755412228,0.0871064051497073,0.109973733802764,0.1555563160451178,0.17439755440279975,0.1693721098187218,0.16409734793963054,0.1581552462943736,0.152221993635492,0.14676896716827514,0.1412637679476187,0.1358073749085653,0.13087249659719388,0.12597137003635525,0.12078721093749989,0.11557754687499999,0.11041999999999999
07-01-2026 12:00,26121.55,0.1616676988696347,0.13963631868091778,0.123166826444676,0.11418685236446875,0.10975005808676364,0.10593095202787915,0.10173980211541876,0.09815466274693652,0.09549506262088372,0.09313747783723506,0.09089274582261049,0.0888830198649238,0.08772582745762095,0.11024437390362168,0.1554915955225589,0.17442127615705394,0.16949967948205266,0.1635262092198907,0.15663841847115798,0.15070184140912107,0.14576098484701025,0.14060490941900625,0.1355105527038725,0.1305668342525484,0.12552370312499997,0.1204257499999999,0.1152387265625,0.11
07-01-2026 12:05,26110.95,0.1671199181729526,0.14255823138593607,0.12657097686530236,0.11800185088200466,0.112473471113813,0.10816426670562418,0.10370595049728205,0.09944922503511734,0.09687577604130176,0.09484207372290361,0.09235232834502854,0.09006177794183488,0.09149994486877339,0.1164841021657405,0.1584068180983903,0.17410298390175127,0.16884080120157988,0.1625815859011146,0.1554821675740901,0.14994694409926615,0.1455778814232607,0.14062301122041582,0.1354201591644362,0.13035457337627418,0.125353375,0.1202242265625,0.1149349374999999,0.1095899999999999
07-01-2026 12:10,26110.45,0.1672123363459053,0.14454115736493892,0.1290213881578234,0.12011132686106546,0.11387453621251944,0.10933259850916993,0.10506365798531539,0.10088742892380873,0.09813871614565083,0.09573183373645175,0.09309004014785113,0.09085770811846491,0.09504276384145377,0.122628208404994,0.1613111361967807,0.17371225686600264,0.16815509271217857,0.16241471544185013,0.15599237992298823,0.1503315739809351,0.14566329983901743,0.14073535758130654,0.13544337499999998,0.13026567968749989,0.12523966924660354,0.12019236736727329,0.11534795373875822,0.1106748444760891
07-01-2026 12:15,26107.4,0.1638799181729527,0.14509663139803267,0.1300836581503378,0.12019125543538675,0.11395837986467794,0.10986710992449089,0.10567534361858683,0.10147114531581884,0.0981412112030092,0.09523571771188066,0.09287365651550919,0.09091083991704862,0.0922897555983903,0.11694676119678069,0.1584543180983904,0.17361302939755077,0.16801648641804628,0.16262925846521706,0.1565682966497048,0.15036768405512493,0.14519202477432627,0.14042734772592508,0.13532012405071275,0.13017061718749998,0.12511968224320705,0.12025015129265053,0.11616751055453445,0.1127854875454195
07-01-2026 12:20,26103.3,0.1532175,0.1424086816880279,0.1299250430898394,0.11966366829438874,0.11357954065144545,0.10998176542326449,0.10576996081700922,0.10126568906913772,0.0976487505310183,0.09472677733077045,0.0926665874667487,0.09084178068908016,0.0894311181857303,0.111276875,0.155659375,0.17359662224159877,0.1680019640834077,0.16264714266979688,0.15675629811441366,0.15040325316153172,0.1448056710946404,0.13986634440283266,0.13456781912914176,0.12957319383528285,0.1250300463172666,0.12026773808334972,0.11598726145529427,0.11257644166257139
07-01-2026 12:25,26106.55,0.1446098475435774,0.13718914850538397,0.12790515396927346,0.11901112116885249,0.11301581249999999,0.109211421875,0.1050096171875,0.10083402812831876,0.09766160964050909,0.0949921417991301,0.092635380370473,0.09051986203874755,0.0892498363109204,0.11106774647651949,0.1552786179530389,0.17324785734277903,0.16751424663259787,0.16220452963491255,0.15686171360298243,0.1509351352737295,0.14494262196570415,0.13897365527538208,0.1333157471826354,0.12901029793265628,0.12513440302628148,0.12040441363284121,0.11547600932701796,0.1109007985932411
07-01-2026 12:30,26108.85,0.1412446950871548,0.13102526019034733,0.12416670047972468,0.11836374368815251,0.11297551624026667,0.1088534140625,0.1049194453125,0.1012466406249999,0.09834250781249991,0.09573689759693442,0.0927987921297611,0.09016108293528524,0.09191148754972439,0.1165231370941394,0.15762699547662817,0.17294094881359098,0.16701163074428804,0.1616835464032262,0.15685690754540638,0.15152368713187347,0.14545261940305687,0.1388891520424757,0.13349743161819688,0.129555787796964,0.1253926982780736,0.12047034999761691,0.11547192911536347,0.1107699672794673
07-01-2026 12:35,26106.25,0.1345448475435774,0.12365413750922731,0.11809809950552866,0.11432837957693578,0.11011355516419295,0.1065257061283528,0.10298223362115959,0.09958820086948314,0.096936609375,0.09456017181015679,0.091715549500052,0.08914317124405406,0.09379624359710899,0.1216342847587204,0.1605425120941395,0.17362812614874326,0.16796105755964397,0.16236480445161305,0.15715819294720515,0.1518250595573488,0.14605374676351388,0.14009488887219942,0.13491651232649038,0.13034844932459047,0.12556343794745525,0.12051193912433608,0.11581364882056676,0.1119305197875778
07-01-2026 12:40,26103.5,0.12872,0.12167281094434278,0.11629663592847743,0.11145480359269276,0.1073835994500921,0.10357693965719572,0.09936985260828705,0.09632393695195639,0.09433778003000612,0.09228725483096281,0.09007180995094616,0.08800945851299655,0.08969475023234512,0.1148221464653187,0.1570991333915038,0.17332688423451328,0.16801606732289273,0.1624323253294047,0.1569404518205238,0.15143674218749992,0.1459717109375,0.14054514062499998,0.13527916406249998,0.13024015347000334,0.12501896577975904,0.11964591554951451,0.11516701957395427,0.1118186377367536
07-01-2026 12:45,26084.3,0.1319725,0.1272388593749999,0.1210439453124999,0.11428662274448324,0.10955250461867184,0.1050475968668328,0.10008523872809509,0.09709392754546313,0.09512780224751224,0.09285859453907558,0.09072094132388914,0.08870703675142316,0.08736487305808655,0.1092265046484366,0.1536499976419071,0.17214841510476292,0.16680241589578546,0.16147065847130937,0.15625458721305752,0.15066584982329329,0.14502143406506693,0.1397318912903694,0.1344248759380893,0.12918951498801373,0.12388324892559748,0.11827890248922539,0.11383297721877007,0.1107368508719911
07-01-2026 12:50,26084.8,0.1341802982176058,0.1292510986553022,0.1234862834611545,0.1172523111488028,0.11241592065500612,0.1079586133379899,0.10327509630346765,0.09983963677548989,0.09717948315500612,0.09454054845315113,0.09214265910101306,0.09000039288662191,0.08864093073503214,0.1099992761778512,0.1534836158747247,0.17180014336536245,0.16684897759256845,0.161511399633736,0.15618754552704364,0.15047457464658678,0.14453710250513402,0.1392473372682388,0.13385543937617864,0.1284253508160172,0.12359253801191784,0.11852099758162835,0.11401126591932556,0.1109158490845441
07-01-2026 12:55,26089.25,0.13292059643521167,0.12654896323113451,0.12235566201716522,0.11853656840816632,0.11396244780979384,0.10903612165850761,0.1043374570724276,0.1007370825960076,0.09783419780979383,0.09497943047657548,0.0924759146885456,0.09038963248644015,0.08899583872238641,0.10999517270726569,0.15319785910754238,0.1717492331717042,0.16713606623281746,0.16195954140440483,0.15661374578708034,0.1508244654831856,0.14485147370712037,0.13929355248906009,0.1338177860729649,0.1286705426493053,0.12405863209547063,0.1191875192834479,0.11447368875500502,0.11077290123904439
07-01-2026 13:00,26099.15,0.1326493195130207,0.12394203496658406,0.12037104735456428,0.1181916242581961,0.11402308672053482,0.1087091105045152,0.1037382735198552,0.1002886176340007,0.09744787222842809,0.09441188427120988,0.0919737109838403,0.09003432744198549,0.0885852940481704,0.10997664885363279,0.1539203951425081,0.17230672531722094,0.16726360162034448,0.16226788212192492,0.15704917911764085,0.1511777391322845,0.14523118084660683,0.1395399983987,0.13388920506273858,0.1288323602234345,0.12422480331426987,0.11928880355693686,0.11430817049819854,0.1096558177978482
07-01-2026 13:05,26103.3,0.1305955425908296,0.12121198853327328,0.11818529192691796,0.116517974996904,0.11208264084665438,0.10694978925675595,0.1025697633697953,0.09925254612821742,0.09623316044984245,0.09316873301566812,0.09095330455991596,0.08916223882528401,0.08775509019815576,0.1097587323788129,0.1545116811774738,0.17304041624625324,0.16791457530843984,0.16265472631046063,0.1571976812585034,0.15136095163452978,0.14542200475446257,0.1399617938233987,0.13426295649644773,0.12872944749993592,0.12421450767253042,0.11957179665007048,0.1144331640625,0.1092425
07-01-2026 13:10,26105.85,0.13166402129541477,0.12086240111726262,0.11705182849339946,0.11538807599879862,0.11053876402095023,0.10490960591790847,0.10115171133139762,0.09855048701783402,0.09566985471756187,0.09274414915520657,0.09059087089460358,0.08861983124053978,0.08716261746308224,0.10941279286105418,0.1545317780887369,0.17352305860025546,0.16848605152623697,0.16279153003860922,0.15706347246186592,0.151166125074275,0.14519360578095897,0.1398908832992117,0.13437641058940375,0.1289183378510134,0.12444048518845674,0.11974495592118518,0.11450685156249989,0.10925999999999998
07-01-2026 13:15,26097.2,0.1346925,0.12319731477718278,0.11735371286790383,0.11423122545415494,0.10956793208510744,0.10370874810357199,0.09984887877069216,0.09789476820698081,0.09541327482533968,0.09267896387801579,0.09059224942621667,0.0885495289139261,0.08702511983809295,0.1092556385856694,0.154395625,0.1732777757839441,0.16803807904828968,0.16246185390894408,0.15686870686573223,0.15102622159679638,0.14502446287240345,0.13933344634318207,0.13406623998840025,0.12879328121554107,0.1233227961147462,0.11822933639206154,0.11364227057079007,0.10922999999999998
07-01-2026 13:20,26097.45,0.13559,0.12755798961494158,0.12124939812786867,0.11464313245342761,0.10884217000007049,0.10373709103391177,0.0996486377991622,0.09714812821687101,0.09471642957648597,0.09224358065956173,0.09306001235614318,0.09679461103171633,0.09816746295234552,0.1173306912254134,0.1563842119645031,0.17216179952994448,0.16690110528362123,0.1615537327812368,0.15602677650971197,0.15055969464516633,0.1447600249160208,0.1385429038532926,0.13309032079332092,0.12761515299717976,0.12140752994639066,0.11631986767996205,0.11268680586102131,0.1096183196368429
07-01-2026 13:25,26076.35,0.137215,0.13399456575016028,0.128192012653346,0.11836303846949815,0.11026700746583928,0.10503068586665243,0.10100604396856976,0.09812388378060177,0.09552867693433267,0.09310299122982109,0.09654317499051326,0.10578792859247034,0.11275990009259815,0.1316317465502424,0.1615829965821422,0.17141295197028797,0.16601261108415602,0.1606000816272083,0.15501932844157262,0.1495782282560231,0.1439194953572534,0.13766497555857546,0.13165496093521384,0.1265792924678068,0.1214759835248164,0.11647524164584223,0.1125958864793508,0.10944413927368589
07-01-2026 13:30,26070.0,0.13916268900747,0.13736999739350142,0.1321430730604858,0.12191163016525437,0.11295405399417865,0.10719415298330486,0.10300435356213958,0.09994544724870356,0.09711762730616535,0.09443938653752683,0.09487364255455863,0.09842606971310301,0.10529482111655501,0.1295899037345291,0.1618518603700629,0.1710921052326126,0.16557684173116197,0.16008941424465176,0.1542218705746091,0.14865264233034978,0.14331674011822165,0.1375937005060387,0.131738169865568,0.12695919085963264,0.12223777952258488,0.11694781867640508,0.1125210056134913,0.1086821823868647
07-01-2026 13:35,26074.55,0.1389853780149401,0.13614668034902203,0.13188640503593357,0.12293751117685645,0.11460140941571247,0.1092574760067144,0.10454360216844294,0.10068880690565046,0.09760067186336227,0.09476115736764586,0.09233351836652949,0.09030784059087081,0.0915810570281359,0.11582352030627188,0.1563828288517116,0.1710604003169185,0.16585779016539218,0.16011396420942195,0.153488038223216,0.14803825107469576,0.14351461758700326,0.13831734867549106,0.13274282781859398,0.12763638145917813,0.12252172012313102,0.11706366453253417,0.11221331129141303,0.1084852255000435
07-01-2026 13:40,26074.2,0.137383290612718,0.1346596713644821,0.13078618616628673,0.12313895267089889,0.1156766252247145,0.11045452559262402,0.10550081171224629,0.10132010406259746,0.0981352554830592,0.09520463504779192,0.0926873179830591,0.09062442624041324,0.0891078124999999,0.1104337499999999,0.1536108357929638,0.17110316631610356,0.1661349015702463,0.16040366869362593,0.15372857008710403,0.14823216835830857,0.14369991741682006,0.13845078260938334,0.1327087759278984,0.1275209490457713,0.12268409931139813,0.1172937266871812,0.11189280046688956,0.1078638627500217
07-01-2026 13:45,26072.8,0.134786203210496,0.13353475938010248,0.12926591744998595,0.12203810637475505,0.11531195084980951,0.10992570420256197,0.1049782066373731,0.10113137625004878,0.0981377449290296,0.09521396986764595,0.0926770339915295,0.09063484593270661,0.08916660892512539,0.1101062140100314,0.1526556538613698,0.17034882183737526,0.16574744296450866,0.16019442974760195,0.1542680562833553,0.14893859184046185,0.14368969944703996,0.13817050773805975,0.13246969248079682,0.1274170621540427,0.12278793229405723,0.11761020887054359,0.11221983891234825,0.10738
07-01-2026 13:50,26083.4,0.13282310160524796,0.13203454275259996,0.1282848701879955,0.12071374756652518,0.1137423224670912,0.1084261538698411,0.10342961014293627,0.1000596382448411,0.09749977457962301,0.0946449765625,0.09217881752924652,0.09006806640223,0.08855144215871771,0.1092209553597931,0.1515161846417117,0.16979536933972048,0.16556174200494253,0.16006865871990095,0.1547131561691174,0.14941796734959903,0.14366657797462157,0.1383084390825922,0.1329826561744524,0.1278376677957713,0.12303055717557203,0.11797915694791547,0.11296132285407019,0.10833522333295689
07-01-2026 13:55,26079.6,0.1315125,0.1298086577304967,0.1265797458081387,0.1199295560948363,0.11310432791548698,0.10833627551479245,0.10398686321241453,0.10078605310554034,0.09818933187625345,0.09515949644959702,0.0925809797645305,0.0902940426041942,0.08860208706927504,0.1091325726295186,0.1513966620517915,0.1698541788903788,0.1658677086995956,0.1606656629549605,0.1552272115666533,0.14959890436440487,0.14372822822356754,0.1385124956986418,0.13338405736810802,0.1281377734374999,0.1231532656249999,0.11804002483333097,0.11318002852064035,0.1090479466659138
07-01-2026 14:00,26088.65,0.126915,0.1251403379920975,0.12169057753976988,0.11690339373246625,0.11136187896710492,0.10769060956326063,0.10451608880175084,0.10085333521041784,0.0978318594242569,0.09493864802591775,0.0923264201774559,0.09008585827409964,0.08854479493674097,0.10914776021978388,0.1515157221555472,0.1698641503831117,0.16600891178345195,0.1610236036392439,0.1552034742357243,0.14961067133975858,0.14407249970279043,0.1388055179650221,0.133667392509719,0.12847595312499988,0.12345378124999999,0.11829100069791537,0.11320851035407008,0.1084452233329569
07-01-2026 14:05,26096.3,0.1204949999999999,0.11984376129289942,0.1173865478821337,0.11448460576919872,0.10997207563124094,0.10629655493650861,0.10284110666300296,0.09864820338585747,0.09556308139914252,0.09294403950468125,0.09059355688258677,0.0886876416136059,0.08746859117333552,0.1086978225324872,0.15204654841249518,0.17037998194150236,0.1659993601123886,0.1610437824643124,0.15522160482786548,0.1496442454183753,0.14431536493201325,0.13924727150990204,0.13410680805630343,0.12878941700294755,0.1238514866549734,0.11880693440349967,0.1135212656249999,0.10818499999999989
07-01-2026 14:10,26100.95,0.1175137502264225,0.11743546099552073,0.11551460372696172,0.11342148560033288,0.10973786531065746,0.10530340697095,0.10080178144416524,0.09684608189544233,0.09404027828986225,0.09125761939139924,0.0890594803971254,0.08759860518202331,0.08657135453473057,0.1082239121849207,0.1523911246694432,0.171008766255764,0.16637331442480185,0.16138730260827877,0.15572990425072003,0.1500749156779376,0.14469023324725658,0.13965792798520052,0.13434087619811189,0.12884375588089522,0.1240544576849469,0.11916786880699923,0.11387066406249989,0.10862
07-01-2026 14:15,26097.3,0.119895000452845,0.11891204951444118,0.11544679446888777,0.11215701406965342,0.10844179619052453,0.10397357794590961,0.09974175648641162,0.09630053782441703,0.09371807411329533,0.0910719902449179,0.08880688059732637,0.08733403429745192,0.08638202021485068,0.10800785560799009,0.1521664238657811,0.1712430442698794,0.1669306289365892,0.16174255889948888,0.15614464341202486,0.1505606102898882,0.1448326200660586,0.13935311020584049,0.13410868484603208,0.12892891791783578,0.1240919241549734,0.11908395002849956,0.11379898437499988,0.108675
07-01-2026 14:20,26090.7,0.1238237502264225,0.12147908036925974,0.11624539515415876,0.11226098387066866,0.10834145538604704,0.10376537166685487,0.10010303607265346,0.09684027463796216,0.09437567955141865,0.09213652828164014,0.0896823265400297,0.08772563499730432,0.08669295986450569,0.1082005490310595,0.15191167629995417,0.1710679176132839,0.16705435072572333,0.16191266347797284,0.156429421875,0.15074570495477646,0.1446792401321172,0.13888617972968165,0.1337050526321173,0.12876817370477647,0.12383547656249999,0.11869442968749991,0.113410515625,0.1082625
07-01-2026 14:25,26090.45,0.1234275,0.1212172654187182,0.11593339553722481,0.11244396817171134,0.10899907719315037,0.10395679118198384,0.099680344739811,0.09647766381260937,0.09437275578793909,0.09227248980448104,0.0898358348205524,0.08784818236434108,0.08672922497074653,0.1083630870155297,0.1521748305067298,0.17115070699247864,0.1670849060008644,0.16218188945594578,0.15682775781249989,0.15095164153988824,0.1450556981910586,0.13954941017734082,0.13403983255081406,0.12856394500782722,0.12338934602886713,0.11844018034601311,0.11345083523683269,0.108563100983716
07-01-2026 14:30,26098.65,0.12208,0.12092876874731812,0.11708439766521592,0.113837066133366,0.1099060604994704,0.10453843094578778,0.09986044526513439,0.09663172188976067,0.0944062763314695,0.09203867341765634,0.0898496091703135,0.09084030249896376,0.09497605168103124,0.1167809155081631,0.1554543024212719,0.17131841286544233,0.166584193496077,0.16185779593267505,0.15691791810257535,0.15099891413807592,0.1451820498589973,0.14004677615152708,0.13436728686479196,0.1283292110948831,0.12303420381417943,0.11822950073668873,0.11341610719930786,0.10922370196743199
07-01-2026 14:35,26088.15,0.12286999999999998,0.1223862394661226,0.12039206986678602,0.1172516023376862,0.11193167981140219,0.1067305078125,0.10274675781249991,0.099264328125,0.09636916412372964,0.09347071582380848,0.09109415007522634,0.09477225694198278,0.10421256143026404,0.125569706748941,0.1581650748321028,0.1710864415637752,0.16594304139111715,0.16117901648590666,0.15664557988312658,0.15081636022837666,0.14488473253049472,0.1398803569905543,0.1342683659628175,0.12828305084844907,0.1232392445417575,0.11817080854356671,0.11304991762536197,0.10938949561686459
07-01-2026 14:40,26097.55,0.12228999999999998,0.12168571513686678,0.12070645321562452,0.1166406682618668,0.11070781274780447,0.1065341953125,0.1026623359375,0.0988425,0.09599694543495921,0.09307662698424429,0.09057030487533621,0.09163858599032695,0.09589908506184482,0.1168444676602967,0.154792703487704,0.17126872714079358,0.1667150957282474,0.1615579198240474,0.15654729545447707,0.15098385053416374,0.14522483914865766,0.13988723133038372,0.13449448674849948,0.12901976708155335,0.12380881133209788,0.11836482596990885,0.11339555261328378,0.1098077892662973
07-01-2026 14:45,26107.25,0.1246074999999999,0.1236587833496834,0.12134244973285882,0.11486433647841279,0.10870496481876776,0.1054546468787293,0.10133560984379661,0.0973676328124999,0.09477596881122954,0.0921354814608722,0.08986427285099083,0.09079359607895697,0.09481309678651285,0.11597233330175159,0.1544892124108703,0.17148222417522263,0.16752802610970385,0.1624430377550412,0.15680612523237591,0.15128387068550145,0.14566810982932069,0.13987585567021316,0.134569741893937,0.12945321416191624,0.1238570863718647,0.11815209564578637,0.11347284218410897,0.1093563946331486
07-01-2026 14:50,26098.4,0.1296725,0.1284663046875,0.12425095406259323,0.1169134734449587,0.11037460907723101,0.10672791289535481,0.10304557884428253,0.09925998003758636,0.09632574196918929,0.09350261540622948,0.09119857938258227,0.09443933494534429,0.10329933518566285,0.12481488807756108,0.1581713677698565,0.1720173235313383,0.16783853763640974,0.16291671954723896,0.157222461746018,0.15134138674009015,0.14579970754400412,0.14009681882293487,0.134321088429377,0.12914022461452707,0.12384324134953159,0.11824994782374801,0.11334121932927109,0.10856499999999998
07-01-2026 14:55,26113.35,0.1293399999999999,0.1263300390624999,0.1214094692187965,0.11549352363843458,0.10932294922128946,0.10489060068795904,0.10181689113458639,0.09863078478885273,0.09560361356935354,0.09288724907893359,0.09072640078213864,0.09149270653727215,0.09523635006676207,0.1171013538836665,0.1564233351790812,0.17291211489320235,0.16844422268161988,0.16341542619898736,0.1578245185001359,0.15179973162190363,0.1463221490086875,0.1408602429131565,0.1348589037148169,0.12953684124599898,0.12462413282358019,0.11937332641572464,0.11431381434667544,0.10964365463850248
07-01-2026 15:00,26123.1,0.12204749999999989,0.1187752722319429,0.11525489019714992,0.1111342601263536,0.10577369071746603,0.10146196426727111,0.0986367551856061,0.09574063382999376,0.09303793856304549,0.0908369609917263,0.08901101620176051,0.08748910299336272,0.08640937364200478,0.10854664572168808,0.1538246539621145,0.17336636740193856,0.16917475184529632,0.16416283957698113,0.15824185264221644,0.15237654978955914,0.14691703384842425,0.14149528901717284,0.1360082505530418,0.13062389841117575,0.12550421733276038,0.12032874159149054,0.11530686518973246,0.110972309277005
07-01-2026 15:05,26133.7,0.1109899999999999,0.11307310696388598,0.11255486633179994,0.1097530852860913,0.10518431066816007,0.10117226240843741,0.09795710312559987,0.09486460688127499,0.09242115273228754,0.09035394105906969,0.08854558170390539,0.08711527530310952,0.0888695164560677,0.11374996065744859,0.1564786895998022,0.17363582100171898,0.16954711321940294,0.16457452524622138,0.15848083341156408,0.15237923072670237,0.1464718983640002,0.14115963312676028,0.1364707908849377,0.13129386263870443,0.1260232499999999,0.12085826142074522,0.11565999900111623,0.11073115463850239
07-01-2026 15:10,26142.1,0.10385,0.1109709909819429,0.11070079489744722,0.107189851380727,0.10337491431159132,0.0995722900862839,0.09601474508689153,0.09308704342754749,0.09117871076940631,0.0894688012400475,0.08778935320340699,0.08642369013200714,0.09092974031150419,0.11877122490318529,0.15919960023749,0.17398998949076172,0.16971013631737958,0.16470949801047247,0.15905511302686381,0.1528216114624526,0.14642756213803862,0.14128550575923668,0.13686056458922538,0.13173986963599088,0.12640594086720489,0.12114509118847518,0.1160887480033202,0.1111895522384984
07-01-2026 15:15,26147.8,0.10746,0.1124866796874999,0.1093715672130946,0.10352024423506799,0.09953531498144669,0.09631712438938078,0.09286297174562469,0.09006489250643454,0.08891099828253009,0.08796271234445828,0.08645030958664149,0.08511552546773957,0.08719717112044434,0.11305541227908669,0.1569982376187449,0.17471036443667948,0.1702347099424033,0.16473232627234377,0.15909411219152192,0.15346815588177642,0.14772850093539847,0.14255173550557104,0.13738577943117097,0.13187167507971248,0.12638772548441,0.12102741675195046,0.11634907413164042,0.11211160447699689
07-01-2026 15:20,26138.3,0.11469,0.11625293814580612,0.1116774173022946,0.10469497806116626,0.0994135489989707,0.09610484010321596,0.0929203778278575,0.09011626862247328,0.08918845877089619,0.08828831938138029,0.08652865354241279,0.08806614120583267,0.09355738390041658,0.1171092645419294,0.1579879957392125,0.17543409714183744,0.1708616065500649,0.16517111814524604,0.15918861917546634,0.1535220663274674,0.1483432059422795,0.14307065236686783,0.137116853411927,0.13118535525720837,0.125918989591632,0.12094890761784302,0.1160915605033202,0.1112195522384984
07-01-2026 15:25,26139.7,0.11686499999999998,0.11494514524663765,0.11067273699238338,0.10650308894868189,0.10150447832899469,0.09782449863342531,0.09519274047003011,0.09243154722564294,0.09099130550670209,0.08949325614377378,0.08747209866346431,0.09193873269353939,0.10338384062947198,0.1268360290838588,0.16158411647842497,0.17609207668686339,0.17125504190814678,0.16561921525551299,0.15945332836198559,0.1532356015240895,0.1480098880163386,0.14266559600972104,0.13644287869885402,0.13044545261773674,0.125414847448854,0.12062595424173012,0.1156715799680448,0.11078284255822389
08-01-2026 09:15,26101.75,0.1142624999999999,0.10705232679073032,0.10152659514200639,0.10139520980741362,0.09962421572699731,0.09699448862468658,0.09498703659341767,0.09225845472417882,0.09043965891574074,0.08875313695159476,0.08692802599073163,0.09161154087951935,0.10321983044311603,0.1268123913073957,0.1619268638915861,0.17660516463817752,0.17116985844370514,0.16492896690024603,0.15893355865363948,0.15290366881448741,0.1475431588451773,0.1422064614813387,0.13620324804585335,0.13013282631468245,0.12446107234625009,0.11953043143647195,0.11523112446897525,0.11124568511644789
08-01-2026 09:20,26109.7,0.11022249999999989,0.1038187754236198,0.096410982152561,0.09463741452300076,0.0942301796875,0.09263162439526075,0.09075340131183544,0.08880834066664926,0.08753896789449686,0.08604960893758776,0.08465592913344422,0.08996659837525194,0.10184956243225382,0.1258646959569028,0.16149507508031638,0.17623462146746907,0.17051090257591817,0.16355733192130148,0.1579149669568073,0.15258004782926066,0.14689609001417694,0.14161651783848547,0.1360626877053527,0.12988634063662807,0.12372477380614627,0.11889384399022498,0.1148614855963159,0.1104853425582239
08-01-2026 09:25,26087.55,0.115025,0.10908182792006839,0.1012888216511495,0.09620259991907687,0.0937953203124999,0.09173648016638038,0.08946465378091767,0.08788029142707453,0.08696423288457975,0.08516935169170453,0.08359452215427068,0.08660678679020356,0.09287975647160963,0.1168193866174068,0.158207920703512,0.1752251043640105,0.16929278727898525,0.16212845559306602,0.1566876799763152,0.15175324676626947,0.1458335133706764,0.1405565171568416,0.13461505273184063,0.1277978182166152,0.12220722733347157,0.11792926334749512,0.11376473809288241,0.10931749999999998
08-01-2026 09:30,26063.1,0.1290899999999999,0.11385105814026295,0.10714918479880103,0.104461914151772,0.10056285384324422,0.0979453437499999,0.0955627968749999,0.09292245531699049,0.09094107491372888,0.08768479833029502,0.08532592928626476,0.08595625254174004,0.08912879626820741,0.11459094444385369,0.1576703727049127,0.17406565659923234,0.16816844297253863,0.161459972119063,0.1562037149885656,0.15091195517552453,0.1446210407428265,0.13940235248756971,0.132998691559721,0.12541594423410224,0.1201567746107969,0.11626173065025984,0.11220425805749372,0.10831499999999998
08-01-2026 09:35,26053.95,0.1283935136532564,0.10817278946897801,0.10694734288985082,0.10875164526124281,0.10442971136530965,0.10204977933598447,0.0997512927413212,0.09624134105106018,0.093293031890908,0.08921649668705961,0.08673127142890474,0.0876098215736179,0.09338461669990633,0.1204458359848475,0.1596132098169771,0.17358869798577417,0.1684100184872831,0.1622425901373534,0.15696238920577496,0.15119665048109154,0.14464036498997654,0.13945161444211449,0.1337504349777123,0.12666526426693114,0.12051368758027933,0.11584006832320366,0.11185333610220498,0.1080349999999999
08-01-2026 09:40,26092.65,0.1152395273065129,0.09988047266793018,0.10370575777757358,0.10595607453546073,0.10127421184578324,0.09920730907047551,0.09684079705066038,0.09379964474017136,0.09153827605891036,0.0887091803896894,0.08679040999604481,0.08688914485333872,0.09258724160937772,0.1202600942671768,0.1598384070214896,0.1743449359975257,0.16981262169910852,0.16387602211601165,0.15802107168512142,0.1521118745615579,0.14590165561566254,0.1403981440217968,0.13497560656910462,0.12859605858517034,0.12182054788457952,0.11653460912114759,0.11268175789691613,0.108945
08-01-2026 09:45,26077.7,0.1169410136532564,0.10711049951131216,0.10828785504446574,0.10642422043445109,0.1013654227489768,0.0994721802788219,0.09701807981647075,0.09431203290762462,0.09257718613726142,0.09063143152007144,0.08876820321908423,0.08746148154843565,0.09253705153698605,0.12112203721489749,0.16097307030942218,0.17484732477103404,0.17030610011520259,0.16453400073707108,0.1581102819681452,0.1520344261064546,0.14617813908025615,0.1404621942527044,0.13479221290431428,0.12919555322070078,0.12355768322576619,0.11836827824584312,0.11399527973429635,0.1099453292861981
08-01-2026 09:50,26070.8,0.1231974999999999,0.11780396195094398,0.11471895472750689,0.10961129854589245,0.10480907526812167,0.10269213662765528,0.09978911505296867,0.09657391618939125,0.0944141208616256,0.09244340469177477,0.09052334865647677,0.08842643368469927,0.08983000755791587,0.1156221254782372,0.1586004641755661,0.17501580267719447,0.1703256082067083,0.16452521903667208,0.1579649420597871,0.15189722602543929,0.1462014518891599,0.140505303609684,0.13480196013242038,0.12987660130841677,0.12524479431966423,0.12016854551894722,0.11561491680525211,0.11188740134976459
08-01-2026 09:55,26089.4,0.12268,0.11796192660577545,0.11297874264921015,0.10649787871905184,0.10154575684286249,0.09926558184355476,0.09644600097099737,0.09321068152741332,0.09103179162254711,0.08948128817195383,0.08819715579088921,0.08659887888819146,0.08535243535897702,0.1086755985635524,0.1556275,0.17551996874999998,0.17087805546670343,0.16507799202377318,0.15853005362656947,0.1527036205181567,0.14729697865787905,0.1412576894883355,0.13506757617079748,0.13025213130645197,0.12578579360732375,0.12085803326333641,0.11660283828423945,0.1129813148409349
08-01-2026 10:00,26081.9,0.1271575,0.11833220386636219,0.1099468524017515,0.10183028926143342,0.09660137989544688,0.09436424006999944,0.0919577881736322,0.08931711731349817,0.08760977207101167,0.08636803926492757,0.08546766912475481,0.08460202380954783,0.0870335517780146,0.1140629932350903,0.1586274341175452,0.1755536788639692,0.1707277386708516,0.1652896874181365,0.15902023343206978,0.1530526874181365,0.1476055892409315,0.14157332685638457,0.13522876431239203,0.1300201176014737,0.12523527770822113,0.12039235764349757,0.11578116916085791,0.11098174277736829
08-01-2026 10:05,26068.05,0.13396980868824926,0.1234653499325363,0.1114798000723924,0.10325925356595872,0.0989736330271647,0.0956358424690149,0.09242353300246704,0.09035076062772472,0.08911373761905025,0.08756315149956653,0.08623045770406965,0.08509881109018859,0.09048347944215247,0.1206637303935914,0.1618961182350904,0.1752333862682874,0.16987168947791098,0.16431638437512422,0.158366634790411,0.1523662551028488,0.14675668557513047,0.14122997882293908,0.13532553028768196,0.12948642750061728,0.1240346526518116,0.11936369628661359,0.11501807402734993,0.1102847152351069
08-01-2026 10:10,26050.3,0.1327421173764986,0.12721516393081395,0.11483247540409187,0.10605056493840395,0.10206824849975756,0.09818485725908221,0.09412398098619508,0.0919104045116598,0.09081103638058458,0.0890942148633246,0.08746279374481432,0.08588804723020968,0.09097247198104295,0.12089311418896279,0.1617491256710707,0.17498673365158607,0.16939351176832199,0.16338126093774863,0.1575337383308221,0.15177140864319769,0.14612346874999987,0.14074346875,0.13505111642728235,0.1292509704325891,0.12378351324652151,0.11910201195989456,0.11527447114650247,0.1117167494893341
08-01-2026 10:15,26055.25,0.1259713854833542,0.12432813628010946,0.11472209944358179,0.10581886901692299,0.10132793781230888,0.0980108639024651,0.09411953257793959,0.0914505752967827,0.09024924271197582,0.08881140624999999,0.08728453390645517,0.08580193449275132,0.09100407626446727,0.1205376037305153,0.16092150810705097,0.1744783520791869,0.16937458791541088,0.16347975937512432,0.15754534572791098,0.1517045207278488,0.14597701562499987,0.14050279687499997,0.13481255468749997,0.1292256796875,0.12398905886795397,0.1190327308528048,0.1147127327950843,0.11096435327334739
08-01-2026 10:20,26034.9,0.1235980135766176,0.11983446185967925,0.11367313611449203,0.107054297431662,0.10234817724001191,0.09927076507506397,0.09601548103880962,0.0933006173846982,0.09171631717301343,0.09015597306610999,0.08848890280446936,0.08696555095405327,0.09188712848406137,0.1204789110194074,0.1597738771419081,0.1728808562569379,0.16830362572486146,0.16321108279101038,0.15736718987728185,0.1512494708631046,0.14541949167338167,0.1400577208631047,0.13450701576386467,0.1287738605585718,0.12336119331956463,0.118566926239943,0.11424497680617539,0.1100493785768016
08-01-2026 10:25,26034.15,0.1268487967679205,0.12051772718312159,0.11500778869652997,0.109514202149614,0.10481147740398578,0.10160375335737026,0.09868629536361252,0.09584093847693362,0.09362801593249385,0.09189722370504538,0.09022291942219993,0.09123727808307158,0.1010426355179613,0.1288403373042256,0.16177735123389847,0.17146256455594583,0.16698004150574317,0.1627025679379216,0.15711286376047845,0.1505140445100754,0.14415170409608602,0.13905798716445852,0.13417571957345706,0.1285022714087321,0.12284271476412936,0.1182882207985166,0.11442723386505181,0.1104016191153627
08-01-2026 10:30,26034.2,0.1260523599864078,0.12081956781468794,0.11492398563452264,0.109186616699807,0.10466773529827827,0.10135653016276587,0.09831164117360616,0.0952583359567858,0.0928955247235903,0.09143350359854971,0.0901202144912472,0.09395360042313029,0.10920406792184062,0.1372064274427919,0.1649806268023489,0.17208999770821476,0.1673217832761573,0.1627928379323003,0.15694195917455728,0.15034219019019146,0.14391693783620624,0.13878296017710295,0.13426546998032005,0.12896707832924875,0.12345262300706462,0.11856280961800825,0.1140636559950259,0.1093395595576813
08-01-2026 10:35,26040.5,0.1222149999999999,0.11992985273914918,0.1139204378819423,0.10729149841058604,0.10340403263701306,0.10067672661280364,0.09712044615558976,0.09380799167398349,0.09176728334413033,0.09036511719833781,0.08912346942062363,0.0904414804234109,0.10064423049314117,0.1292685953628509,0.1631604422565326,0.17294470358407849,0.16757861870978052,0.16252313176577637,0.15641376634488968,0.15032011588719266,0.14483991581672803,0.13961559385373723,0.13448911773322766,0.1291762143540884,0.12385829022039205,0.1185549363813642,0.11338776772655224,0.108375
08-01-2026 10:40,26027.15,0.1225555136833686,0.12147654987139986,0.11524819961808594,0.1077865696712342,0.10422073703740208,0.10170469616017563,0.09738281509328113,0.09375460446882389,0.09189617892424388,0.09034097184065827,0.08894576865261881,0.09036336478971768,0.09803939171708545,0.12392322720297339,0.16024653294688126,0.1724956939387515,0.167122682089515,0.16204044225902,0.15596165806374648,0.14998128050609386,0.14491151684871026,0.13984955776847616,0.134363109375,0.1288731015624999,0.1236231351282841,0.11823253682522838,0.11298219951560458,0.10831499999999998
08-01-2026 10:45,26033.1,0.1213960273667372,0.12088338170953208,0.11454898001226085,0.10721619008618138,0.10352190498940873,0.10086075027686141,0.09692426975373745,0.09378808815719744,0.09211957208707608,0.09058132480513958,0.08917278495491951,0.09345197966017614,0.10672779134149485,0.13231627164902857,0.1622485329360741,0.1717740457116358,0.16720420833724464,0.16220035060464738,0.15604243987735175,0.15020127986462664,0.14488432652692174,0.13970371247798807,0.13427803124999987,0.1288455703124999,0.12370040740789204,0.1184937566938641,0.11333051772655223,0.10834
08-01-2026 10:50,26029.85,0.12095801368336859,0.1205524682092073,0.11210994859841295,0.10447413428533753,0.10111867205093722,0.0989280810468443,0.09603160911416535,0.09352031517340187,0.09216389543994355,0.09073901253140973,0.08928030981445563,0.09078798529170244,0.10127554513355311,0.1293969331094611,0.16198428533060327,0.1715144898096912,0.16701426740169256,0.16216361372118668,0.15630839875053293,0.15065813151500468,0.14520635945643756,0.13980995034471727,0.13406766577784138,0.12821476518951833,0.12312848824984031,0.11846951302826486,0.11384100355550196,0.1091521269952915
08-01-2026 10:55,26018.95,0.125475,0.12176064114217139,0.1119165037226757,0.1048139224441372,0.10150387805090354,0.0993947103067729,0.09674690204070273,0.09406781383670093,0.09272939778236525,0.0912390425071842,0.08957648377830711,0.08825790257095885,0.09256984039906513,0.11934185612683809,0.1575927148842427,0.17061914151912166,0.16604299005134573,0.1615463327658008,0.15611307120590018,0.15015927850054164,0.14477812864736056,0.13951571398759113,0.13340119029531666,0.12725987885084505,0.1224537898539639,0.11839977335031038,0.11459314558824059,0.11112552932678768
08-01-2026 11:00,26016.4,0.129355,0.12199419536985238,0.113242240087166,0.1078239714064398,0.10407746763391443,0.1009399088490873,0.09800037347788561,0.0951549850067624,0.09338928113164498,0.09159592292156896,0.08971920473385266,0.08852272162754717,0.09252205174911067,0.118058280173977,0.15613335315956559,0.1702731322435707,0.16601196414447392,0.16122191063430705,0.15557606073309022,0.14928724971176735,0.14396833503884482,0.1390884495242739,0.13346058706590597,0.1278681989411435,0.12308626214641138,0.11891594754883465,0.11522078356773155,0.111849677667701
08-01-2026 11:05,26011.95,0.1321753526334061,0.12455482858152397,0.11550549039098978,0.10973788332927341,0.10565532492167057,0.10161473429563823,0.09842804110512807,0.0956236031682762,0.09346579907446828,0.09161709470010358,0.08977205775985675,0.08858833745578777,0.09039834018873864,0.1141018202428648,0.1554654743915355,0.17208306118654051,0.16695091415954086,0.16103471785785994,0.15509450535111274,0.14902699535923375,0.14359054649208533,0.1387951732568904,0.13361353062889017,0.12844792017014095,0.12372000123759565,0.11922134491222125,0.11481723834274928,0.11032377533620469
08-01-2026 11:10,26009.35,0.1342816216033688,0.12575918308297004,0.11529104452267304,0.1083377999547262,0.10413031676344965,0.10039996859127669,0.0974426250576589,0.09491102475376499,0.09301255586202903,0.09141072021520315,0.08984605215193833,0.08866776538053806,0.08803268081869757,0.1101890146718272,0.1550281568745017,0.17364978804069167,0.1674491666625424,0.16071961596424014,0.155052557692873,0.1498172211233087,0.14446649513503704,0.13920803966773732,0.13369104485212205,0.12883919161489288,0.12446127402038629,0.11967000653889923,0.11484280381303165,0.10988749999999999
08-01-2026 11:15,26005.55,0.1368696853065192,0.12563950529729545,0.11345819555702111,0.10570298476303217,0.1016059834395412,0.09857446196529007,0.0960517002411949,0.09407119937022378,0.09272667855901581,0.09133925274647464,0.09005941672310286,0.09187081022021684,0.09685050706771837,0.1192153512409746,0.1584137847161402,0.17449023921886012,0.1685366898794046,0.16172871048117196,0.15623422253436264,0.15149493109509177,0.14640502339859804,0.1409801561875432,0.13550627208416258,0.13066438880432224,0.1257625028303539,0.12052023776701094,0.11571012494805061,0.1109049999999999
08-01-2026 11:20,25984.4,0.1389009163365565,0.12981896204485666,0.11628818602493948,0.10706923466455896,0.10271984731601677,0.09974573658930337,0.0973432272880966,0.09535556993094485,0.09395237323971756,0.09245035136490459,0.09111101256179482,0.09584609933396711,0.10654173908245239,0.1283897052564535,0.1609320673887476,0.17443122458492896,0.16963263036229476,0.1638391653870764,0.15788435959337108,0.1520184040307967,0.14695283184028282,0.14213232309485607,0.1369197572244785,0.13157951658060993,0.1262384580579242,0.12106141334076442,0.1161321366927753,0.11117249999999998
08-01-2026 11:25,25968.0,0.13780936409444078,0.13421682569393759,0.12140444105747958,0.11196958048669328,0.10735014761501874,0.10360915611263788,0.10078636497483544,0.09829443436685024,0.0963997036249604,0.09450370509462605,0.09276943744496689,0.09449935957400302,0.09949879225509983,0.1204149502388371,0.1573708526501711,0.1735869776926676,0.1693155629641928,0.16376004015582377,0.15774772268645473,0.15141551487991997,0.1462239012508569,0.1416661079413233,0.1362948503864571,0.13074959400171307,0.1257322442927977,0.12083365822944123,0.11578230468749999,0.110665
08-01-2026 11:30,25968.05,0.1358544114708524,0.13258295057021885,0.1225664275861122,0.11534082241591266,0.11088475473318046,0.10643416938597249,0.10293340109907426,0.09998110349025555,0.09776581354362895,0.09579630431089471,0.09393580124981431,0.09252959476859396,0.09426411212343516,0.1174387777609633,0.1571453044983601,0.17365658521096922,0.16882252659929206,0.16216200863198502,0.15677501549131045,0.15139714276805974,0.14560115152144973,0.14057135500856677,0.13528684143087885,0.12994509421704906,0.1250994659158295,0.12015243817348471,0.11516147219641999,0.11011999999999998
08-01-2026 11:35,25971.65,0.1338607306583822,0.1251523095555811,0.11888240029092248,0.11487785478697271,0.11062058921885408,0.10622165668490603,0.10251873778287864,0.09954911193394396,0.09735566981987076,0.09548240534238775,0.09374569734880198,0.09227067401513472,0.09649321331574087,0.1226287620338147,0.16029177202049616,0.17429516049816413,0.16884454531139204,0.16154012535784024,0.15645141816816208,0.1513237901776027,0.14479916520795752,0.1396541555167648,0.13483671221571508,0.1296179062640853,0.12460115751238739,0.11942020627617976,0.11452807061636619,0.10960249999999988
08-01-2026 11:40,25983.85,0.1308506832819707,0.11965897701034718,0.1142217048569016,0.11149361383452511,0.10772208546786177,0.10338079778855229,0.09985362617080101,0.09749466063206454,0.09569163409793024,0.09395363829532447,0.0923781761039357,0.09107551418473071,0.09292857557342955,0.11705751926163309,0.1581421624996998,0.17476674513211604,0.1691325509509325,0.16164481407744102,0.1562113061897208,0.1513687089039314,0.14535798595973637,0.1401843575456198,0.13525964056222928,0.13001556150459312,0.1248254594977328,0.1195289760010671,0.11466599808097219,0.10973
08-01-2026 11:45,25973.8,0.1284275,0.12044175006682284,0.11437908630391336,0.11079717877053047,0.10670000431697604,0.10138867791265593,0.09791863031363628,0.09657066398047837,0.09526412701883788,0.09360255784064896,0.09208425064537139,0.09085997389152282,0.09279724440246236,0.11692806630858509,0.1580040802753085,0.17458241382154052,0.16950449431826914,0.16272931309066335,0.15672457115236257,0.1516968042069124,0.14635554536013531,0.14089661360815828,0.13548551255291447,0.1302146399567002,0.12511216528602598,0.11999213659615143,0.11504480591102599,0.1099425
08-01-2026 11:50,25958.25,0.127815,0.12020295298765112,0.11488507910340467,0.1108804476277202,0.10585315508907006,0.10015357222702988,0.09696804932098678,0.0963568375128329,0.09546984275026692,0.09386316954532448,0.09237241829143569,0.09117581617914804,0.09564259817992482,0.1222605076171704,0.1604350355506171,0.17421551482670333,0.16971840654924064,0.16378454965289738,0.15739044923634746,0.1517509246528974,0.1464537234722236,0.14096062103666315,0.13522398762056187,0.12973162379279746,0.12495514387056199,0.12022297448618981,0.11543202973618519,0.11073810384852759
08-01-2026 11:55,25958.05,0.124855,0.11622686165226262,0.11117264361363899,0.10746509876817713,0.10308331348894638,0.09881406952948595,0.0960884559050612,0.09512890357465797,0.09436228604854988,0.09309453500461577,0.09188352693176229,0.09086317990571746,0.09291719320922465,0.11742869130858519,0.1585472052753085,0.1745955581946017,0.17001540738466983,0.1639262989429178,0.15713734119351275,0.1515588215716221,0.14646538395500447,0.14116303131365432,0.13537446044147908,0.12968919221222297,0.12541574863719576,0.12100201880470578,0.11628857741324299,0.1125962076970552
08-01-2026 12:00,25936.15,0.1277575,0.11898603708195107,0.1138680843507679,0.1103113715557206,0.10628754831310465,0.10230053946577526,0.09892025678626461,0.09720163290012132,0.0965303668198585,0.09542570838162838,0.09417634445050299,0.09298605060435838,0.0923053650436122,0.1139663719582722,0.15702249999999987,0.17490835850783948,0.16999753753867428,0.1636441236131414,0.15629478685338175,0.15044527981075465,0.14544267193753818,0.14027312230830202,0.1349668576148081,0.12971334564500445,0.1255194927352363,0.12086960136909025,0.11589977394046119,0.1123631038485276
08-01-2026 12:05,25896.7,0.1357175,0.12680874633657313,0.1221395826450821,0.11823720368593472,0.11331315764312269,0.1083685993508087,0.1039585239020269,0.10174216285213264,0.1009716189739594,0.09959010081190943,0.09791635810571911,0.09627685277083743,0.09524053991693758,0.1160777439165444,0.15776562499999996,0.1746873686747652,0.16939518063288242,0.1633443265049512,0.15603712939571773,0.14944008860575267,0.14411743785547682,0.13915848376056797,0.134280650467905,0.12943605513702974,0.12487533066613328,0.1198883177063226,0.11489248146093421,0.11052
08-01-2026 12:10,25920.3,0.1332778837195052,0.12705748366195224,0.12244218037714308,0.11808492639581575,0.11332009704389771,0.10875203302695112,0.10489737976236979,0.10253987000808328,0.1010850321432296,0.09941394305989683,0.0977084780869783,0.09618120789577218,0.0953134439925876,0.11629637195827218,0.15833625,0.1754045179131234,0.16973955313791164,0.16390129703598688,0.15762540050118773,0.1508499667766061,0.14494108266867076,0.1403218390235904,0.13540338526519327,0.13021066853645072,0.12550291144753067,0.12061352628074823,0.1156085911350307,0.1106149999999999
08-01-2026 12:15,25935.5,0.1294857674390105,0.12477322360611459,0.11924987823686138,0.11454770349844495,0.11047055109895913,0.10638724863970425,0.10313569176760912,0.1009774814818612,0.09921953952662899,0.09753032022418395,0.09601634449721738,0.09476147823356694,0.0942059382472174,0.11605687499999999,0.1595349999999999,0.17743267633330928,0.17170266096455047,0.1656358158113503,0.15990422159172377,0.1535767790746157,0.14760280165952527,0.1428430200253925,0.1375124247620183,0.1317890156235791,0.1268837248018812,0.12226521093607899,0.11739124697263839,0.11236749999999998
08-01-2026 12:20,25923.15,0.1306003837195052,0.1253712758655573,0.11947893521218068,0.11494097055593161,0.1108644057824129,0.10647221319415408,0.10307382681905314,0.1009962155175016,0.09929700930217165,0.09757612431648864,0.09602330930059891,0.09468955021713393,0.0941574389944349,0.116686875,0.1610881249999999,0.17918565167968825,0.17349440781256198,0.16743502007824743,0.1616254103552643,0.15558858947087228,0.14967420643446358,0.1443450706036841,0.13862030898797917,0.13267915594551963,0.12739808172266984,0.12278519452574982,0.11823425106418406,0.1134325
08-01-2026 12:25,25934.95,0.1279525,0.12387195312499989,0.11882858593749998,0.11425041330791808,0.10990853384758288,0.10581277728139855,0.10264090116627397,0.10067670959713816,0.09916130488106717,0.09729832157057657,0.09561198269764105,0.09428398604606696,0.09371850855971739,0.116540625,0.16151374999999987,0.17981854431015326,0.17426324606773053,0.16798877174526222,0.16171294994090718,0.15600881978751016,0.1503146134446177,0.14481658573683298,0.1391147450366415,0.1333480540828018,0.1280853484146956,0.12314642431923421,0.11859452000264704,0.1141837843110024
08-01-2026 12:30,25935.9,0.128125,0.12469808120287601,0.11899230366778697,0.11319156278923226,0.10912403771240417,0.1054513250769013,0.10200779008504883,0.10035276223551268,0.0990297497267854,0.09664998155409443,0.09486199513468657,0.09393595984656107,0.09352356471737985,0.11615812499999999,0.16115249999999987,0.17986170184257658,0.174558659292058,0.1678717216716783,0.16082971056740675,0.15544962574191581,0.15056117790799578,0.14506633348079137,0.13918885029764397,0.13351694469976333,0.1284406125400305,0.12342879446277757,0.1187014940568059,0.1144850686220049
08-01-2026 12:35,25914.7,0.13461759913205767,0.129456922183342,0.12195730295786174,0.11557135306904699,0.11207647779640587,0.10820196866583269,0.10415081901906274,0.10216297483851514,0.10024392850265022,0.09746695161009629,0.09573959237174075,0.09499672438062215,0.09461272318475972,0.116720625,0.16097,0.1794671182599471,0.17384284955123983,0.1672040886251932,0.1609839479693617,0.15578462920791097,0.15048279529594152,0.1445506024574399,0.1383561839505674,0.1324553307670446,0.12730400108224832,0.12239687110482897,0.1174824889007456,0.1130737843110024
08-01-2026 12:40,25920.75,0.1370101982641154,0.12988310582954635,0.12235552900531944,0.11662381493374811,0.11301412520402399,0.10935519226959842,0.10578893514916737,0.10310648585949247,0.10061735304501179,0.09835474751168241,0.0966872599126589,0.09546139677951045,0.09493945813104317,0.116935625,0.160641875,0.17875160370739435,0.1729975934665562,0.1666551279558236,0.1615586258357447,0.15639088855497751,0.15001843417023472,0.14373898911072178,0.1375297441673858,0.1317569526680217,0.12684035596012652,0.1217947026678456,0.11658298209612503,0.11224249999999998
08-01-2026 12:45,25921.8,0.1345550991320577,0.12759556679557107,0.1203251402308391,0.11532412099143402,0.11163561232331218,0.1084192034777987,0.10571179582951411,0.1029596701729159,0.10055129921050508,0.09868343213246779,0.0968327217196082,0.0950963277518649,0.0945831058394709,0.1166380980321284,0.159981476358265,0.17821229393907972,0.17320487627301723,0.16725847413416173,0.16199808208231053,0.15657648524504342,0.15007420138651856,0.1436406192613735,0.13729730248313926,0.13188728519621976,0.12723157312666655,0.12190262291651487,0.11660448467430164,0.11237749999999999
08-01-2026 12:50,25913.2,0.1325725,0.1285335831964906,0.12067117600073163,0.11565039918094486,0.11212249020169963,0.1085978232366271,0.10593918152797172,0.10337820516137233,0.10116955190913482,0.09926974665738511,0.09730986299891575,0.09543694643909731,0.09486439081295182,0.1167036960642569,0.15971420271653008,0.17816439042076498,0.17371485458897318,0.1674446315706411,0.1607952970929862,0.15505063498084334,0.14951824052751686,0.1436466880244601,0.1374202855581397,0.1319068729495427,0.12693672747133014,0.12159574040871024,0.11655487797688296,0.1118374999999999
08-01-2026 12:55,25910.65,0.1331575,0.1311193837830702,0.12305819728482614,0.11731570853155539,0.11318979599236129,0.108998833531165,0.10610450763561752,0.1039889388136111,0.10217286596319394,0.10024081257089895,0.09831938573540484,0.09654850891689744,0.09573552213714426,0.1173668480321284,0.160398351358265,0.1785889647416325,0.1739958834568941,0.16711756061950314,0.15907993935599976,0.15310775241763014,0.1479895874034577,0.14202285242275392,0.1361690352747011,0.13117089509313073,0.12651199371115837,0.12175609096804332,0.11730452429822717,0.11275457291362959
08-01-2026 13:00,25905.65,0.1319975,0.1310690800661405,0.12440218547437758,0.11819816082341726,0.11301814385852196,0.10858654481963534,0.10567711644903867,0.10400182758990177,0.10246955479662691,0.10049286814393112,0.09878984639976292,0.09714143263643245,0.0960664792341262,0.11747999464835439,0.1606256142967088,0.1788310805858544,0.17414173217642975,0.1677242343395831,0.16052880701191713,0.1547224943278395,0.14848262411455082,0.14082638567486483,0.13456119203367448,0.1304648123030695,0.1265593588598705,0.12221537323423441,0.11820270993412413,0.11430414582725928
08-01-2026 13:05,25924.95,0.1298625,0.12816397077154978,0.12306244149256104,0.1173283321854191,0.11166610257688103,0.10717155563230056,0.10435137792618875,0.10279031142638333,0.10104790068918326,0.09902442580827261,0.09774773152363635,0.09631410893655802,0.0951608557006593,0.1167293642967088,0.1604343535934177,0.17904439113015916,0.1741496766279025,0.16822584966337717,0.16237552521113988,0.15674408474613327,0.15020796134589318,0.14252026383827449,0.13564571584809074,0.13100663172182472,0.1267369250675313,0.1218569422992135,0.11734905889233227,0.11292957291362958
08-01-2026 13:10,25922.25,0.1333774999999999,0.12696702553945907,0.1212769240732444,0.1162159357828676,0.11077817250335854,0.10626247139141039,0.10349708775683254,0.10186571493073664,0.09989880417965107,0.09782343211104469,0.09660756943099004,0.09532361450280917,0.09432397963268989,0.1165187446483543,0.1610268642967088,0.17949082956525508,0.17413016047266122,0.16828740478521184,0.1623985218565237,0.15647648015853532,0.1506178604793508,0.14417605371811149,0.1373422895316561,0.13172373359665612,0.12670319138182526,0.12118867493876377,0.11599130376798032,0.1112275
08-01-2026 13:15,25921.8,0.13785,0.1267000046612335,0.12020049752584724,0.11552815419219062,0.11045897620558114,0.1064129034385608,0.10362611709135215,0.10146336290416827,0.09941029878601172,0.09742677092791266,0.09588631588661428,0.09465953807152022,0.09396652617661996,0.1163624601203613,0.1609780452407228,0.17931166837203644,0.1741084767441518,0.16869166255818005,0.16255339145012104,0.1562231336737014,0.15051687458741023,0.14449715156178086,0.1379060724114935,0.13203467374047212,0.12692064831807756,0.12131938523168664,0.11575827047102884,0.1113299999999999
08-01-2026 13:20,25914.55,0.1404575,0.12491206759791916,0.11840880223129675,0.11433276275763923,0.10910680453415827,0.10538937061939503,0.1029131341930541,0.10072530266632994,0.09881395468689048,0.0968788442287287,0.09511058379214915,0.09400486269690754,0.09359889008717655,0.11595367024072278,0.1603523404814456,0.17881854088967228,0.1741118788862468,0.169083335126349,0.16308441340978455,0.15666976233059823,0.1506936851094642,0.14444375053491396,0.13780978673899996,0.13223012109105967,0.12727238161516796,0.12168925841937231,0.11637782607740932,0.11197249999999999
08-01-2026 13:25,25911.75,0.1453799999999999,0.1261465931150766,0.11896138167116824,0.1144814674888445,0.10797417913483787,0.10418934523582422,0.10272006360957509,0.10122428824195537,0.09930422062912772,0.09723055791191058,0.09561446903557227,0.09450417322027206,0.09665903080056887,0.12177524381807259,0.1632844370895784,0.17890175268669675,0.17415292381812328,0.16886354665885359,0.16249989179041144,0.15584350949672104,0.14993968197824353,0.1437316374675885,0.13700253789346156,0.13172802343211948,0.12684161440251746,0.12132747780075852,0.11650897368730201,0.11186749999999998
08-01-2026 13:30,25888.65,0.1459375,0.12755146662741124,0.12095908454284651,0.11632556904735196,0.1091704245246902,0.10546591791594996,0.10453508758893776,0.10299011421534718,0.10055866982236918,0.0983415959286915,0.09698935109044601,0.09581323011318722,0.1003531586977112,0.1280018173954225,0.1663690336977112,0.17878130042122128,0.17354668749999988,0.16781690235625774,0.16125408305050531,0.15444922221697857,0.14847603887958585,0.1420198582540141,0.13449769014173157,0.12873078773226446,0.12435941008459789,0.11985472778677117,0.11545045050099112,0.11058
08-01-2026 13:35,25907.5,0.13730499999999998,0.1233192716809657,0.11950216385373248,0.11647161468875471,0.11049930887413623,0.10699591526142728,0.10536194216836284,0.10314642464544461,0.10056018012010129,0.09845936022988984,0.09693020553781055,0.09564408100737111,0.09767716626385858,0.1227627836977112,0.16365701684885559,0.17820231829621355,0.17274618903573807,0.1670494462033993,0.16111019931099085,0.15492400185034222,0.14851023910204786,0.14111104623791143,0.13262950785162367,0.1259968207400002,0.1215687443726926,0.11815100324657832,0.11464547583702427,0.10994499999999999
08-01-2026 13:40,25901.95,0.1298325,0.1192741917994314,0.11805735753000779,0.11605521819905078,0.11060866490998422,0.10728538381494898,0.10521263998423179,0.10272692613169446,0.10030831292965627,0.09832577194332573,0.09650353564007481,0.0950544447912015,0.09458729101750588,0.1170581249999999,0.1606125,0.17776279710870593,0.1724629874464764,0.1669098103630409,0.16119133119647638,0.15532204710870595,0.14886832533525948,0.14153807574699995,0.1336417275687567,0.12703426252090774,0.12187864101702636,0.11802925465656924,0.11466876350481271,0.1105155702208899
08-01-2026 13:45,25914.15,0.1265825,0.12007923346510245,0.11931609460225853,0.11632596713570009,0.1109533994792902,0.10793766953832847,0.10576750253167529,0.10326277632829405,0.10088389865232808,0.09882793284666286,0.09700340063253736,0.09537505052060076,0.09455601660250289,0.11663,0.16002,0.17743537902310288,0.1724056265357381,0.16700790127527043,0.16110039216073818,0.15499240246060297,0.148524290394015,0.14135987730383867,0.13399529027806553,0.1283212604483792,0.12369707689370825,0.11901621616986695,0.11471869104967104,0.1107711404417799
08-01-2026 13:50,25911.55,0.1244867314388128,0.1230093047494692,0.12025065679767036,0.11566599461727856,0.11122633525058265,0.10805514305730772,0.10540052768200255,0.1029906249516494,0.10073210937499999,0.09864370312499988,0.09684724999999988,0.09513714062499999,0.0940844374999999,0.1160025,0.159595,0.1773811015625,0.17243449099208483,0.1669073028042965,0.1609297017494232,0.15493083405429647,0.14836057950923945,0.14100095504492868,0.13376537951600093,0.12864490288840347,0.12445738570843572,0.11925807599713217,0.11411997767227987,0.1098830702208899
08-01-2026 13:55,25926.6,0.1191659628776256,0.1212291255537584,0.11783755795683525,0.11341051609247642,0.10979453379572221,0.10622464571154953,0.10307088550766035,0.10047405230887735,0.09845309154261855,0.09671607879620778,0.09522666012187002,0.09382841135166815,0.09294711263091338,0.1147799362779703,0.15854331441328207,0.17709617925871965,0.17257725898248594,0.16683920331930985,0.16089910662384638,0.1551976446710931,0.14859238835573274,0.1414354706625278,0.1346676207694301,0.1293834316000278,0.1247640881429408,0.11930229171024398,0.11386206935635385,0.10943499999999999
08-01-2026 14:00,25936.35,0.1120217314388127,0.11633672413026692,0.1142623823613902,0.11025332857570512,0.10685362822517393,0.10387629576865709,0.10073827871186238,0.09778541717465355,0.09601064093096479,0.09467231542499399,0.09356218711266297,0.09257311952422478,0.09478010544972029,0.1195579687067125,0.1603637200226831,0.17641817709432941,0.1724960568594501,0.1671807628272392,0.16133249862442317,0.15543226728519532,0.1486426349263389,0.14178918590740425,0.1355616193354905,0.13012122334379,0.12516543572303757,0.1199087630426219,0.11467309717817692,0.10991
08-01-2026 14:05,25930.35,0.1128218881048281,0.11660008796519238,0.11502754168243974,0.11096352713245412,0.10711815062392671,0.10405005761141195,0.10126959951866689,0.09876456242493041,0.09693011660907382,0.09526916789886473,0.09388455010971555,0.09274116905594489,0.09777459956920044,0.125698628579514,0.16367999680551987,0.17642750391249964,0.17218311323978203,0.16706350191373506,0.161083171875,0.1547494289617976,0.1480286294438106,0.141549721276526,0.13569803692256882,0.13009916007495692,0.12477497990535541,0.1197305685999234,0.11474810798012652,0.109855
08-01-2026 14:10,25918.0,0.1190815992675641,0.11964755424568049,0.11795620950785618,0.11525232889024703,0.1111395879902962,0.10679449363162792,0.10376862741781771,0.1014102023519974,0.09908276635008077,0.09685982728492609,0.09511704149123966,0.09364491941116798,0.09560135717912857,0.12019468882483658,0.1609048226700477,0.17667580150135437,0.17209745125998946,0.16617769223960008,0.15940990962197388,0.15315180106528217,0.1474297134581418,0.14151178021654348,0.13544262967942175,0.12941406733221741,0.12384016261777138,0.118741908639698,0.11368522073127364,0.109025
08-01-2026 14:15,25928.1,0.1259175342206439,0.12140369373091803,0.118701787561459,0.11619084836281886,0.11166702850734572,0.10684605166765603,0.10340642947302749,0.10078401731714044,0.0983417341962064,0.09612683109219514,0.0944233205830904,0.09302355381958742,0.09218636295861318,0.11353714242465739,0.1571035879478576,0.1762647002239288,0.17171854284101298,0.16513931621368186,0.15800901455644778,0.15223332071265122,0.1470210306707272,0.1411474635903007,0.13503249223951244,0.12912005834454374,0.12364733951538924,0.1182989858401384,0.11299025425545481,0.10832499999999999
08-01-2026 14:20,25935.4,0.1319519545779899,0.12400575867310984,0.1198172575362986,0.11433696890659836,0.10846360525074751,0.10382038086938172,0.10045884948900251,0.09838318838855661,0.09641853425757792,0.09445466725850304,0.09276406788302569,0.0914647789308356,0.09080700588102074,0.1127326318271206,0.1569033564739287,0.1758826704244643,0.17108739251425645,0.1649559745130909,0.15886763618447386,0.15335244417215219,0.14724935356891028,0.14055972380773357,0.134382919386698,0.12889107294178484,0.12362087469199073,0.1184376371841686,0.11336584737616752,0.1085875
08-01-2026 14:25,25922.75,0.135030763040164,0.129068125216542,0.12499614100549618,0.11748801700325498,0.11064770519278651,0.10583629807591599,0.10218933176611485,0.10015296756245565,0.09810360716079218,0.09559821358472867,0.09336755075124124,0.0945528867523023,0.09895743574869105,0.1210652975786429,0.1599569633893123,0.1758490870423663,0.17084898437499987,0.16521134375,0.159719828125,0.1540104453519941,0.1474008784693589,0.14031942946401618,0.1338309560149074,0.1283015869975261,0.12307267709462225,0.1182811552820969,0.11354087657293212,0.1084199999999999
08-01-2026 14:30,25906.05,0.133136631520082,0.1306924571395209,0.128548886908998,0.1221756854648277,0.1154885916836598,0.11051187875484057,0.10616470965782387,0.10308954284544662,0.10056626139339807,0.09758946977442948,0.0948236642181706,0.0983595891088173,0.10772779573259651,0.1294401810042299,0.1626270517786247,0.17586949439723268,0.17083224945091907,0.16495596388602668,0.1590547023077153,0.15327594231474603,0.14693677780963257,0.1401866119433815,0.13385571201177465,0.12801564358068965,0.12256167841593953,0.11779063067808235,0.11307776668565701,0.1079879341875033
08-01-2026 14:35,25930.65,0.12695,0.12379993510670545,0.12264579663982711,0.11840974371729768,0.11318341703225933,0.10906537840501859,0.10480742968749998,0.1014322563895372,0.09907091191080233,0.09655703978085625,0.09395396868211295,0.09474143048530627,0.09904858418203327,0.1209307155021149,0.1598694633893123,0.1761236807923664,0.17105547544277117,0.1646786604216944,0.15830099495784652,0.15288760666730408,0.14710190799969752,0.14053016289600964,0.13411023420990514,0.12811957224369908,0.1226486771683665,0.1177089944731536,0.11300166346518155,0.1085808683750066
08-01-2026 14:40,25928.05,0.1242375,0.11745932964054379,0.11566766968957853,0.1131966898488063,0.10925361485397087,0.10551796175983019,0.1019956636019521,0.09934709947807424,0.09721326920595551,0.09497943398406113,0.09272875162937494,0.09105658578475805,0.09041418513146991,0.1127068749999999,0.1574656249999999,0.1761885719801121,0.1706509913731941,0.16427452460292077,0.15805306445870473,0.15271118699780858,0.14717148866158963,0.14062007420802064,0.13375115536786597,0.12786763906792753,0.12289407412060586,0.11768355259610178,0.11253083815613421,0.10830043418750329
08-01-2026 14:45,25926.4,0.12418249999999999,0.11745650219100726,0.11487601524575052,0.11224943651923831,0.10766858805508557,0.10314068255655352,0.10017626555716375,0.09822413582736839,0.09621174534504487,0.09418034982258065,0.09236193316709587,0.09082470590775696,0.09007370409605069,0.11251999999999988,0.1573893749999999,0.1757384906266737,0.1697233344127044,0.16374416681999543,0.15813205510545206,0.152416032523381,0.14675810921385266,0.14069197830812075,0.13386757563598659,0.12780055089590397,0.12295286076495147,0.11775360410529685,0.11245317360330422,0.1081893682858228
08-01-2026 14:50,25932.65,0.1246225,0.12006253713720544,0.11560485641957392,0.11093749711124831,0.10585666373979598,0.10144458720369084,0.09864692312097102,0.09683299842981985,0.09505994581562219,0.0933127721233067,0.0917444507002376,0.09017494761335416,0.08938893628706426,0.1119643749999999,0.15672124999999998,0.17518627312551094,0.1697553492223159,0.1640830899003725,0.15832095544009944,0.15224406849748023,0.1465946120295348,0.14094253803840312,0.13446918104271469,0.12834602552811153,0.12318183835237727,0.11810017879095162,0.11318045980100905,0.1088462365716457
08-01-2026 14:55,25918.9,0.1274998237394967,0.12167904837578238,0.11425237613753031,0.10827541296930938,0.10447069151546327,0.10111983608096224,0.09799152126847682,0.09575359451248144,0.09404703150156105,0.09244846164555234,0.091031575076477,0.08980248143657109,0.08932578566803019,0.1118358036551031,0.155848757646062,0.17357605332633957,0.16884275757212774,0.1640572865521235,0.15822025383458235,0.15202662799874003,0.1461832513272674,0.14034122784862207,0.13411199218749997,0.12823395002268997,0.1228170018152082,0.11758974697995339,0.11302047113591182,0.1086933863734773
08-01-2026 15:00,25894.05,0.1299121474789935,0.12226278466649201,0.11384454257791102,0.1078553515540813,0.10482128914308268,0.1018738992830265,0.09835980379909645,0.09542904826708178,0.09309074336191518,0.09146418122434276,0.0907550059635968,0.09044886498834416,0.09026446000373713,0.1121166073102062,0.154735015292124,0.1713062180072803,0.16658270476234863,0.16232468799648672,0.15682961209820245,0.15070324098836288,0.1445599048582668,0.1386582488008629,0.13269935020307053,0.12673951269295727,0.12092611739374655,0.1157936042702126,0.11186952592438704,0.1080405361753089
08-01-2026 15:05,25867.85,0.1310173237394967,0.12389103295824594,0.1171079587889555,0.1115529791682327,0.10743248617940734,0.10385461982486116,0.10053883327290677,0.0973446814312679,0.09412704979815324,0.09213431347593146,0.09178738005112246,0.0918070954990682,0.09431812123424038,0.1181702934232626,0.1570228775301418,0.17078092230520603,0.16565693009833374,0.1604981223601563,0.154730957725635,0.1488651235356239,0.14283529537758466,0.1368396542394067,0.130898326367123,0.1250252616430251,0.11931777221780818,0.11449898098432487,0.11079609528437345,0.10719019603344408
08-01-2026 15:10,25878.85,0.13049,0.12317831307099794,0.1171624753673423,0.11223704075007278,0.1078748929580744,0.10411982531269393,0.10122271962189369,0.0985642632605626,0.09587770990054428,0.09397136063084428,0.09294882620257243,0.09219937564406532,0.09717002412596329,0.12367335453631899,0.1597888647681595,0.1711677516031318,0.1658056163718189,0.16000401766132588,0.15383268717210846,0.148222211606159,0.1426469230553688,0.1363989683262245,0.1301002613027764,0.12456124607978596,0.1195365761609204,0.11490700559565621,0.1109275361800791,0.10757780454942338
08-01-2026 15:15,25875.3,0.129905,0.12173843864199595,0.11473653516586763,0.10924539066495366,0.10522691371945335,0.1023518789449782,0.09990932447654882,0.09765683179155239,0.09618622515382651,0.09495189190623064,0.09306259049276731,0.09408086322499733,0.10147236862175586,0.1254843021140759,0.1593058527533535,0.17104000634770442,0.16602219813666663,0.1606488716221856,0.15454024602883348,0.14857208604503383,0.14273009923941699,0.13646616669714123,0.13037783873872869,0.12477031832427252,0.11972743815845575,0.11520820830237981,0.11105203644000164,0.1079070752614777
08-01-2026 15:20,25877.45,0.129605,0.12111646150849802,0.11348801922970815,0.10705289608195714,0.1025524729457471,0.10001273927822832,0.09775332958659042,0.09586305836938472,0.09554880475093382,0.09508412223732293,0.09271113827901861,0.09584593237539277,0.10583528077928549,0.1272824250222767,0.15894281639943517,0.1713281394584696,0.1662609483905401,0.1606540373917299,0.15470525679226804,0.14893090616240656,0.14300522183118844,0.1364424997290353,0.13034002892297042,0.12494521972736454,0.12005509028352096,0.11549460666067805,0.1110639541415075,0.1076023189901931
08-01-2026 15:25,25872.2,0.1322725,0.12118510447495298,0.11201537702130848,0.1064028576801434,0.1038567903762866,0.10064911035566998,0.09673451096174313,0.0956383521272719,0.09624687225656328,0.09568162128184746,0.09297685923553181,0.0930459027075425,0.09797983746843676,0.1194447880068042,0.1565091841910493,0.1721874614972738,0.16687742614755874,0.160256064533892,0.15429242089956063,0.14928280869293353,0.1440155465221712,0.13747161160621713,0.13087919550274957,0.12570165689734272,0.12130265640463049,0.11649246575152387,0.11172680840412087,0.1079812406646981
09-01-2026 09:15,25899.85,0.13676,0.12114086251805437,0.10841851987062913,0.10323773924605428,0.10338515946246936,0.10037943663068598,0.09559723807594633,0.09499448511661561,0.09527203444092253,0.09394855195996887,0.0916097157699738,0.0893781638945727,0.08942530071182693,0.11138342533044389,0.1542437256608878,0.17303192369550305,0.16765009163141495,0.16048327233128262,0.15475730210721375,0.15012484878904248,0.14494568647429174,0.13907626426317,0.132880927284991,0.1271543297897545,0.12222532363044879,0.11726580738347649,0.11236605471755882,0.1087593703323491
09-01-2026 09:20,25916.2,0.1361875,0.11945973624254944,0.10545035858644906,0.10003364200438095,0.09956463176745116,0.097244505800112,0.09402980820711078,0.09282576564771772,0.09152512099193504,0.0896746733882497,0.0887493117250104,0.08791393864567722,0.0879878906663482,0.11043875,0.154124375,0.17289128246416113,0.16712290947799302,0.15977506225804458,0.15451125881293723,0.15032827177377173,0.14510137312749344,0.1393986813890278,0.13359358743133237,0.1276358287425635,0.1222656334431865,0.11740510193493531,0.1126255027493116,0.109285
09-01-2026 09:25,25858.55,0.130175,0.1189132078791764,0.10872127224869839,0.10460283898189096,0.10275616617561309,0.09995656249999989,0.0971742890624999,0.09481659230070058,0.0918614699935459,0.08925102101069074,0.08927878194298532,0.08944069669335397,0.08921310051142797,0.1110168309551534,0.15371874999999996,0.17159661644039081,0.1658984010913182,0.15916146616936394,0.15376572317973344,0.14899587070337417,0.1434089689847152,0.1371296352137127,0.13141682058209805,0.12649403504271203,0.12171649433884592,0.1168940804251209,0.11214598809155035,0.1083949999999999
09-01-2026 09:30,25855.3,0.12481999999999999,0.12056827535315658,0.11520739776993849,0.11103323206981026,0.10746207134942755,0.103967296875,0.1008519776114747,0.09808522118670845,0.09490077025411486,0.09219974659078536,0.09192278540007273,0.09178607807960346,0.09134577716536298,0.1122761619103068,0.15343625,0.1705066371180402,0.1652740553807144,0.15931514234248573,0.1534548410641823,0.14764341584842405,0.1415419381243295,0.13492128605242534,0.12945058835067857,0.12516891531651037,0.12064264131830897,0.11606603019406979,0.11155206600333861,0.10717249999999989
09-01-2026 09:35,25832.05,0.1296425,0.13046782528731796,0.12560391792360504,0.11763579859176036,0.11171014813694048,0.10851495011765694,0.10563898651104404,0.10239008619701392,0.0997268175497783,0.09766354443839927,0.09629177639333841,0.094951634397703,0.09408295592144206,0.1140268309551534,0.1533862499999999,0.1695496171875,0.1644707812499999,0.15864442634606854,0.15281660768548389,0.14703369014644194,0.14094287531216468,0.13452105708871265,0.1287784184334389,0.12361045689997992,0.11858151288244882,0.11418913700979959,0.10986972817746614,0.1052375
09-01-2026 09:40,25822.35,0.13343249999999987,0.14102721547777924,0.13623655178038335,0.12523821299856008,0.11801050342373025,0.11503657806520486,0.11176962807000078,0.1074039774191595,0.10473158231287713,0.10278595418331958,0.10044388312758869,0.098237099213064,0.09690727926750703,0.1158968749999999,0.1537237499999999,0.1688500659375829,0.1636019126486012,0.15803895099252824,0.15209466382086514,0.14576854238723974,0.13978781374596094,0.13406333282832641,0.1279718111772483,0.12206287162582714,0.11686866264801846,0.11208437052624043,0.10763762375285131,0.1031425
09-01-2026 09:45,25853.6,0.13303999999999996,0.14042636308676615,0.1371797303911154,0.12787276950430668,0.12061376675726529,0.11653421621282306,0.11229384402110096,0.10745300743673539,0.10418523879119528,0.10187448982130042,0.09970226479976267,0.0976398547576357,0.09628458852219723,0.11559982725807448,0.1541524999999999,0.1692812620378582,0.16374395706259304,0.15839709269045318,0.15226076653412102,0.14505578509718167,0.1389627186537694,0.1338072766766386,0.12750171225403203,0.1216314830925388,0.11687420232333125,0.11189170346573517,0.1076552981152472,0.10361249999999998
09-01-2026 09:50,25857.2,0.1380650377746987,0.13583481725051977,0.13154177025730462,0.12513296700295384,0.11883573823927912,0.11403538151315956,0.10960990088150209,0.10515152524848209,0.10137651431043815,0.09880643850013904,0.09717970147452537,0.09544556107777151,0.09424848811431623,0.11434329010988159,0.1543191461874649,0.17040835248170005,0.1649742684993042,0.15918871521582148,0.1534068462931467,0.1469605367826439,0.14059547263215588,0.13481997674329776,0.1283125556629375,0.12230542030835044,0.11720881051550885,0.11246082466376328,0.1088844531626891,0.1053875
09-01-2026 09:55,25884.0,0.1358575755493973,0.12831702975287057,0.12377766243007217,0.11953923780752654,0.11392747518425739,0.10916021235584522,0.10549637915583265,0.1019591447304866,0.09882726038982348,0.09658379601400642,0.09495947452551327,0.09328268276983259,0.09230242159954054,0.11313959844553949,0.1545145423749299,0.1716984084035218,0.1663894353618869,0.159997745091778,0.1542452698583962,0.14871729836016268,0.1427409594211999,0.13678469941229007,0.13057698166783935,0.12421675226029372,0.11817600588626445,0.11352449468421763,0.11027704695589123,0.107191753930855
09-01-2026 10:00,25894.2,0.1328875377746986,0.12348069164568828,0.1204136464514142,0.11721310194790605,0.11042980838151636,0.10579965829817872,0.10314554999712186,0.10017322875199675,0.0975037767222476,0.09537000219050161,0.09380112047224759,0.09226971312699683,0.09143980325742156,0.11282988559373239,0.1550391461874649,0.1724802200129612,0.16687874429572744,0.16021901502276287,0.1541790134945108,0.14853664862570304,0.1429186515187595,0.13736135168315383,0.1316219974538251,0.12565213042372983,0.11988047446048447,0.1151562116452759,0.11130744953496438,0.10777600786170999
09-01-2026 10:05,25862.35,0.138825,0.1274370441079608,0.12355205050611703,0.11834272640983845,0.11020834335241333,0.1062059967724749,0.10389314686924382,0.10072790315490295,0.0977362914547434,0.09532128255833618,0.09412641590828655,0.09308717332397348,0.09223513544824558,0.1133011958890203,0.1552756249999999,0.17254202267836438,0.16685150958165287,0.1603132184488814,0.15427231470107886,0.14825921756990057,0.14206809715106689,0.13641166824527085,0.13100698692688603,0.12552723700035026,0.12031630178916564,0.11558756394232032,0.11115521638648512,0.106806753930855
09-01-2026 10:10,25871.6,0.1395,0.12796636718749987,0.1218025627930362,0.11556314063039588,0.1091108353622195,0.10526003125539589,0.10207712529303609,0.09892895554010296,0.09633989966768847,0.09428449450901874,0.09327194333651562,0.09268885539216813,0.09201249079776587,0.1129286417780406,0.15509875,0.1725298281249999,0.16693262499999997,0.16066509375,0.15478529559514678,0.14853956891253423,0.1419835018457654,0.13640172094779743,0.1310772112535531,0.1255953724064251,0.12048160401958281,0.11568922900714258,0.11127860889380935,0.1071264284798347
09-01-2026 10:15,25866.2,0.1370242556446167,0.12820183269643295,0.12169439045321778,0.11619804635624081,0.11113497211843225,0.10620741435791888,0.10182364951386186,0.0985293349474629,0.09617828010638418,0.0943447939069981,0.09300289252090879,0.0921838720094186,0.09168674712579497,0.11286619588902018,0.1547981816311096,0.17162141279422566,0.1662035908467333,0.16059592665567296,0.15484472851254572,0.1486301988058762,0.1422912582666054,0.1365935034933762,0.13093862436007345,0.12537809374999997,0.12030610156249999,0.11543030580299886,0.11107565397091523,0.1073078569596694
09-01-2026 10:20,25855.2,0.1422035112892334,0.135603282580366,0.12938018381838282,0.12273589598075184,0.11596928401201075,0.11032905385910802,0.10577814725217087,0.10194938864492584,0.09906231063698687,0.09661584145900405,0.09455460971075874,0.09332009500806164,0.09538632576070848,0.119086081488778,0.15765721650660827,0.1710443753165063,0.16571409653898478,0.16042873626529194,0.15437683202180016,0.14825337514144588,0.14214539140801796,0.1361664687499999,0.13025817187499988,0.1246052578125,0.11951274012261767,0.11449815177341358,0.10975118248643294,0.1056339284798347
09-01-2026 10:25,25858.65,0.1477017556446167,0.13789515300893293,0.130198817773269,0.121565669460337,0.11340846524902233,0.10876809214951506,0.10530289714641305,0.10170406932246291,0.09886179429258957,0.09622226996966549,0.09393823260415196,0.09279498661327522,0.09756579765636757,0.12417778797755609,0.1611730131198877,0.17288125443783536,0.16730281897526952,0.1611406629861135,0.1542767822650815,0.14805577235809025,0.142358502557434,0.1365391969850487,0.1306107499999999,0.12498822922799929,0.11976681067267915,0.1144858095177174,0.10965831486689454,0.10552
09-01-2026 10:30,25876.25,0.1435725,0.1306486328124999,0.12215944911218983,0.11433114772518699,0.10758671753849441,0.10363448366268699,0.10058271473718983,0.09776105468749999,0.09551491667754478,0.09351598379773558,0.09173396664680714,0.09055844949529428,0.09293854214166497,0.117792956488778,0.158795853244389,0.17412788566555473,0.16847051640801808,0.16189311191437974,0.15462787805156486,0.1480578477649967,0.14280287230522726,0.13737677583543384,0.13140713751356997,0.12564883454160297,0.12011965155907396,0.1150212172552967,0.11077053668193301,0.10666249999999998
09-01-2026 10:35,25856.25,0.13743,0.12625068422412955,0.11837048793037329,0.11274904491248715,0.1081995582428732,0.10404603578662958,0.10042608774226473,0.09753876626830976,0.0952436454976502,0.09358030329735884,0.09210730432164776,0.09330370317719071,0.09828469172677491,0.1204978671774758,0.1581280242841364,0.1729134014425684,0.16721433478862066,0.16118158216723824,0.15455894803368098,0.14796030089650597,0.14250974007022452,0.13709473128915492,0.1309769599643155,0.12488330231419201,0.1194725992734914,0.11479553230230893,0.11048737778493503,0.1061975
09-01-2026 10:40,25848.5,0.1353184967848257,0.12706833853745297,0.11882659588940078,0.11313358250700928,0.10972678034448019,0.1060473593213895,0.10221306610952959,0.09886829034911944,0.09621432224530044,0.09448862875806922,0.09313035827392625,0.09701652535143926,0.10705356277168045,0.1287669843549518,0.1601810485682728,0.1717068028851369,0.16596317738974126,0.16041307789336992,0.1545040878011114,0.14799379494347908,0.14185416187299335,0.1362681410450286,0.13021677847270618,0.12410408822807223,0.11908473527600491,0.11422940752680617,0.10927831270448364,0.1052475
09-01-2026 10:45,25856.0,0.1314344935696515,0.12454042909001704,0.11563332173768186,0.10934452246405697,0.10654124562223324,0.10352023173539318,0.10003210619209883,0.09712157618469883,0.09481782432811686,0.09309599560811684,0.0918436734101564,0.09626490341096514,0.10685117054216665,0.1288953214062826,0.16038587233131857,0.17188509460481335,0.16610704909603458,0.16034488338053435,0.1545710660029411,0.14818935143980577,0.14178907685466013,0.13620091757658406,0.13038298491924602,0.1245796412274838,0.1196111429026421,0.11451730624827033,0.10948650995327366,0.10544
09-01-2026 10:50,25857.85,0.1260209967848257,0.12218988415169363,0.11370226846615428,0.10709481299453485,0.1038073597450191,0.10056163802813639,0.097499654087168,0.09529097139527815,0.09354596703593328,0.09190778287705263,0.09064773143244086,0.09546171546732335,0.10678390938317645,0.1289303382151537,0.15993905560944507,0.1716167770195302,0.16599139492429724,0.1598025394830352,0.1539682700121132,0.14803483784363566,0.14200865952108005,0.13629203404887788,0.1302691461189922,0.12455326632193753,0.11958990596312759,0.11475771487218396,0.11021541525551591,0.105855
09-01-2026 10:55,25829.65,0.1260320283464746,0.12646048851378405,0.11749097508858272,0.1094000906212197,0.10489240293015939,0.10084658832228824,0.0979248788776655,0.09587491744216417,0.09418646458864847,0.09267873285265495,0.09139898744026573,0.0932365121034949,0.09900242041108734,0.1203295637438874,0.1556351920773437,0.17001874798982564,0.16501860786385247,0.15887171505401756,0.15259122211991397,0.14664424349915517,0.141031640625,0.13534956953210509,0.1291506953809139,0.12335344618741616,0.11818240559182022,0.11313085764417964,0.10897423917562432,0.1051325
09-01-2026 11:00,25812.95,0.1310740566929491,0.12990530642315978,0.12010629031998246,0.11131177174028535,0.10632464638393907,0.10204892631439041,0.09929476219850182,0.09730042552927319,0.09539451682886378,0.09384529084135579,0.09256951730847159,0.0915022888717314,0.09149219455544083,0.11212730475754029,0.1520614845150807,0.1685974983425835,0.16369272871805446,0.1579868654600431,0.15154104094218335,0.1449347067896235,0.13922205801888157,0.13389399155567616,0.1280926426581397,0.1225195074715195,0.11706058971760554,0.11150779379791328,0.10748476616572863,0.10461546264543939
09-01-2026 11:05,25810.2,0.130736597630098,0.12491202253197103,0.11682265031175215,0.10989098830030908,0.10536741973557556,0.10162395342285901,0.09913538162127966,0.09706619572407957,0.09496021812215508,0.09341221093749999,0.09229042187499989,0.09140940624999999,0.09138549218749999,0.11217499999999998,0.1521071098580396,0.1679901947647146,0.1628462128002101,0.1577451869808118,0.15182393344686665,0.1449888667042472,0.1388193660377632,0.1334810183054101,0.12781985084089828,0.12232377277728058,0.11727981572832961,0.11227328346580628,0.10835731277435766,0.1056371436071909
09-01-2026 11:10,25819.45,0.126056638567247,0.11889217359959915,0.11294241595538794,0.10805671364942161,0.10372569367483216,0.10007521193949008,0.09776023395331157,0.09559761756072037,0.09347113816544636,0.09212265624999999,0.091286062902879,0.09064271191782769,0.0907745324048973,0.1120775322303277,0.15240734471607917,0.1681370275242997,0.1630874612079451,0.15777486986894187,0.15190062672551763,0.14598604907707138,0.1399299551256726,0.1338907956227832,0.12773827464964493,0.12220269941081305,0.11770943202207582,0.11334507788756967,0.10933681325250369,0.10590539927806349
09-01-2026 11:15,25805.3,0.1254142638026548,0.11911539819977339,0.11355603947684,0.10890920348628787,0.10420921470629334,0.10021426514630682,0.09790383532263382,0.09585282024991928,0.09387023705147313,0.0925465859374999,0.09169889924325808,0.0910705410231555,0.09123630699729463,0.1122194394606554,0.1523308598580395,0.1685212841571283,0.1634614352121008,0.157344890635621,0.1511892731291687,0.14588274707489549,0.14012696608858202,0.13364326973783053,0.1273204266473263,0.12204507893290728,0.11752861257755354,0.11299350697090137,0.10863479656855494,0.104336218316312
09-01-2026 11:20,25797.5,0.1277543890380626,0.12190875688303932,0.1161312096995535,0.11089558517698735,0.10600640219200459,0.10231415848788661,0.09983966277837594,0.09753882259728039,0.09554424218749989,0.09403609374999988,0.09296444571537898,0.09220379004282771,0.09229082927989729,0.1125300322303277,0.1520806249999999,0.16881753906249997,0.1636557056457806,0.1572010063499477,0.15114271078333433,0.14550878759994768,0.1395198127696236,0.133027319907442,0.12678677712969805,0.12169693709494199,0.11707759931134301,0.1123299778322411,0.10792279943127173,0.10373040631715799
09-01-2026 11:25,25799.65,0.1296896945190313,0.12261227567056998,0.11654698719567748,0.11104757902398192,0.10631786483734817,0.10281764279086429,0.0999395928043886,0.0974337656249999,0.09542832043701245,0.09398743183600439,0.09308494936048378,0.0922885880860044,0.09232518762451254,0.11266374999999998,0.152263125,0.1685908475502835,0.1628679622646916,0.15672921748525104,0.15138006187222833,0.14577086124025326,0.1392431609562059,0.13214166119050103,0.12599035610818807,0.1215143881007382,0.11686915012206718,0.11167301006015562,0.10756459367667609,0.104508312634316
09-01-2026 11:30,25809.4,0.1269364215413158,0.12020162215482208,0.11451567371677236,0.10930300675493487,0.10475076099637767,0.10043718164356139,0.09719687486070278,0.09546921276416184,0.09396177137627089,0.0927973636720089,0.09220844559596757,0.09150969960950879,0.09163369556152512,0.11238187499999999,0.1521631249999999,0.16786386846845386,0.16153455958531873,0.1556579286590996,0.1510704541128922,0.14588070053589342,0.13907027523628201,0.13146939297810983,0.12554732176285155,0.12172524523608427,0.11707991763050454,0.1115418678735879,0.10750557030953706,0.104672906317158
09-01-2026 11:35,25776.0,0.1225053430826317,0.11746770600233142,0.11279780442678332,0.10830917679296238,0.10375334204606483,0.09880872544087409,0.0956995176350782,0.0949357766786531,0.09397881468624508,0.0927755041028546,0.09214468373548378,0.0915998068360044,0.09188608606201254,0.11254437499999999,0.1519599999999999,0.1678112255360569,0.1619348261265625,0.15572762673744597,0.15054149604659925,0.14524002047602674,0.13900070789247812,0.13184714741354492,0.12544123086555103,0.12133436363768796,0.11734072688774656,0.11239948158625891,0.10806279073110796,0.1044924999999999
09-01-2026 11:40,25764.3,0.1228414215413158,0.1171804391438981,0.1125516692865196,0.10837950335598909,0.10407642699311982,0.09976067638646413,0.09692524710314265,0.09586623173242476,0.09472009410322159,0.09345714884883564,0.09279013429114462,0.09235371715054513,0.09516272184530548,0.118124682548183,0.1546173412740915,0.16802825732131274,0.16281933036843538,0.15677379837609742,0.15070542411843538,0.14461422805538668,0.1386990071492711,0.13221858927172314,0.12555371130004314,0.12094106008703473,0.11733573868308549,0.11291136219367101,0.1083877168339505,0.104545
09-01-2026 11:45,25759.6,0.1230610893713648,0.11720342455912026,0.11231522387102229,0.10814709777180563,0.10460922694632593,0.10148265292910896,0.09887477195784747,0.09678489280657675,0.09499067452678032,0.09394648921815957,0.09343705884255234,0.09305551564236943,0.10070121661793487,0.1284361297010138,0.1596630648505069,0.16791089768563133,0.16281916406249988,0.15728985937499998,0.15125078906249986,0.14459018749999997,0.1383792823247016,0.1325070907348953,0.12656447237920687,0.12161829879880097,0.11740830821982279,0.112900292135214,0.10843938135909004,0.104605
09-01-2026 11:50,25748.85,0.1218521787427296,0.11713805424783497,0.11242399930987107,0.10834748477124659,0.105349127087589,0.10272782473361033,0.10012541826995747,0.09762363967695732,0.0956191787115318,0.09459665921599227,0.0940317989515258,0.09362856690775474,0.10125047683980828,0.1287594617574785,0.1597522308787392,0.16807341069848422,0.16309597443324345,0.15698952668104516,0.15002346436490752,0.1434421707255955,0.13781008297108033,0.13242635014111995,0.12714636243790928,0.12221461279192547,0.1174033092975657,0.11259771820644145,0.10831960523786714,0.104635
09-01-2026 11:55,25747.75,0.1252060893713648,0.11971189261407422,0.11484036328880849,0.110428048797096,0.10667858189987116,0.1036365753242918,0.10074455159349416,0.0984247512764747,0.09675429372880708,0.09546541029600027,0.09455097169468878,0.09398932307270749,0.09687043083054267,0.11929363210809459,0.1548996173092177,0.16828287853222595,0.16368390189778018,0.15699577211209037,0.14887754045523677,0.14215917010991494,0.13687518574626537,0.13166466956596393,0.12668973600953615,0.12178262356002398,0.11663967440874329,0.11177492705517011,0.10778777543268599,0.103995
09-01-2026 12:00,25743.15,0.1277425,0.12160780834589974,0.116853427623064,0.11231231407857112,0.10755188051567029,0.10397496437014914,0.10101470730770012,0.0987935351163526,0.09727472216782534,0.09583515435589163,0.09475007999453369,0.09412794304328825,0.09714618867522176,0.11954331370859278,0.1548366343646372,0.1681776542487794,0.1638659976833297,0.15787629230604516,0.1504272971907506,0.14336367179304324,0.13738661144859024,0.13172015606512547,0.12615461042985848,0.12098924485082918,0.11602756593194627,0.11147824520703005,0.10747885035772943,0.103185
09-01-2026 12:05,25753.7,0.123075,0.1187656641387742,0.1148015958858365,0.1109064916377864,0.10619011991293935,0.10246092064065587,0.09978380334325744,0.09758467582414403,0.09608445388049412,0.0948685119039631,0.09407157823707578,0.0937642173998304,0.09930070994207268,0.12444539990684489,0.1576101887085929,0.16838526067471812,0.1639563965115941,0.15815594975536143,0.1509218646771996,0.1442269024236713,0.13871876471220698,0.13278645657811072,0.12646740789524596,0.1212997655017885,0.11679817799935532,0.1123488432886728,0.10814238378329591,0.103735
09-01-2026 12:10,25746.8,0.12087249999999998,0.11559884041059194,0.1113727543104679,0.10845160969156471,0.10458710742519176,0.1009042139627122,0.09824130851860623,0.09621790048407704,0.09509729652038364,0.09655961740933357,0.10067573011138736,0.10299032288861922,0.10607304175848094,0.1263202279114703,0.15748340887464257,0.1685154608646436,0.1632196214283851,0.1557917079785776,0.14809193365205117,0.14260524475015726,0.13842740557250174,0.1332479963109719,0.12719883509951424,0.1219268907940578,0.11736979355680072,0.112857421875,0.10858250781249999,0.1042625
09-01-2026 12:15,25744.0,0.1228924999999999,0.11508160079387565,0.10967072362377063,0.10682609850591557,0.10374775797821834,0.10039780468947104,0.09766165875510459,0.09583434676260504,0.09497197098841742,0.09890586745821332,0.10773843221918436,0.1124732029791664,0.1131466424646675,0.1282600484195426,0.15701786404758628,0.16816652909624483,0.16170669648668123,0.15340325472929955,0.14665652945158983,0.14189051039297204,0.13759863346039913,0.13265549959020917,0.1266730974991145,0.12088925505093236,0.11631074077816031,0.11206520131651386,0.10778199080787194,0.10381
09-01-2026 12:20,25738.7,0.11847749999999999,0.11266345619042926,0.1080097745099548,0.10441016071836384,0.10142873699967865,0.09887328791595276,0.09663411784561673,0.09496625169947989,0.0939659809935231,0.09561704475063326,0.09997134451990956,0.10253277160386635,0.10349539886140115,0.12126252420977128,0.1546798695237931,0.16762948801171554,0.1614727027317395,0.1544482646430625,0.14827167279367828,0.14279059300464828,0.1374717220916255,0.1318944893428431,0.12548191536288125,0.11963876580431113,0.1155428029333757,0.11142434928247873,0.10699014244263531,0.10387499999999998
09-01-2026 12:25,25737.5,0.1130575,0.1093849609374999,0.10614217968749998,0.1024500781249999,0.0994534296875,0.09746604687499988,0.09562537499999998,0.0940660546874999,0.09303664062499989,0.0924401640624999,0.0923075841334986,0.09273118380488869,0.09399547511688407,0.1141931676082003,0.1516403738566231,0.16667410152904027,0.1620168288395744,0.1559853482357294,0.1493233609027834,0.1431212988018259,0.13724270596669708,0.13146096974691276,0.12528467204930083,0.12009484222082806,0.11616591348249444,0.11167312017335865,0.10718451428687882,0.1042424999999999
09-01-2026 12:30,25724.25,0.11334,0.1091155703124999,0.1057661953124999,0.1025764932053554,0.0999043470534333,0.09796165300865575,0.0960511517409333,0.0944763369553553,0.09355103124999989,0.09301287499999991,0.09295599238979037,0.0935753599332374,0.09505035694760174,0.1148885150398606,0.1515869977132462,0.16676590219751572,0.1623692267544543,0.15621375700513895,0.14977446314220283,0.1434628611921734,0.13748414450309532,0.13211796024531988,0.12628500785732683,0.12115908245906784,0.11691443125126776,0.11243432186157766,0.10843406335019333,0.1048574999999999
09-01-2026 12:35,25712.65,0.1148025,0.11027587499999998,0.1064607890624999,0.10340758797321083,0.10105838241908406,0.09911426161970954,0.09709374431222774,0.09559287045366067,0.09471111980636639,0.09413581860719408,0.0942378279357339,0.09507112814236054,0.09668727291955116,0.11659877725512029,0.1535153738566231,0.1685984461433938,0.1629615286056989,0.15615969001119964,0.15042290578143822,0.14448280852470996,0.13866767845330535,0.13348108570281367,0.12751046258520352,0.1220823871557344,0.1177566845852531,0.11356024406292486,0.1098431136334314,0.1059475
09-01-2026 12:40,25689.45,0.1143325,0.11062054198837291,0.10676875517321541,0.10380407901220812,0.10165812904314808,0.0996649383189914,0.09785519066612774,0.09673493925666996,0.09584453411957533,0.09510535180369939,0.0953428299535138,0.09641940532971721,0.09816327888913666,0.1180739703236135,0.15480427224930887,0.16944792637212053,0.16292265786366028,0.15522359081277787,0.14987704102953087,0.14507108824664264,0.13946837892499458,0.1338959790786298,0.1279708167259108,0.12275791741411575,0.1184799640362644,0.11426898111575197,0.11031692134775416,0.1063652462435146
09-01-2026 12:45,25685.25,0.11607999999999989,0.11167290718738405,0.10754261900054228,0.10453164577666038,0.10250066064314214,0.10056573054051289,0.09894649754680535,0.0979529274737794,0.09697785958772738,0.09612127794988495,0.09626523378427988,0.09744785210492746,0.09928543529335468,0.1187386700061063,0.1546705975102165,0.16892179125239828,0.1621648864035172,0.15397133303241384,0.14859808561872465,0.14426653391906952,0.13857708247102798,0.13279038281249989,0.12713809375,0.12212739062499998,0.11779989843749998,0.11357267341402186,0.10950669651230112,0.10546799248702919
09-01-2026 12:50,25678.5,0.1215425,0.11464500090964945,0.11007156465292163,0.10667902771621338,0.10432658396746947,0.10226798210038843,0.10024007299303278,0.09880429783019067,0.09770532260469428,0.09689973585494824,0.09686805886549371,0.0977640461407906,0.09938593374829986,0.11865009351175218,0.15470462827250636,0.1691484264954902,0.1622541790304815,0.15424484792725113,0.14875958165672648,0.14363108785346113,0.1372186973397592,0.13122270732932173,0.12591362776387588,0.1208911484912902,0.11629192847165039,0.11225267103996689,0.10835890194703125,0.1042302462435146
09-01-2026 12:55,25695.15,0.12110961090546689,0.11481692663016418,0.11082189337708344,0.10771185462891125,0.10502995652164117,0.10248371107549265,0.10013717837704526,0.09851207013489903,0.09739940147977383,0.09669370985156849,0.09666647467484217,0.0973251835411042,0.09873070655770635,0.118319859570335,0.1552301780115987,0.17013985556721198,0.16342459031737983,0.1556388303590528,0.149750958016126,0.14420323353392833,0.13760822493778233,0.13134239903364373,0.1262024664652519,0.12115175935981179,0.1161670658718102,0.11219310708096777,0.1085608163102707,0.10449999999999998
09-01-2026 13:00,25694.0,0.11867422181093389,0.11456187871405173,0.11105526168149397,0.10796929580656056,0.10508816426317324,0.10231820507458166,0.10001854928047833,0.09836246545356875,0.0971348665562531,0.09646927852809849,0.09660612487578751,0.09965394759297361,0.10562641394996473,0.1254125823875695,0.1576960725182944,0.17020268976449304,0.16399003994074077,0.156454807031831,0.1496983169194222,0.14367450572070795,0.13791213294966911,0.13239650203850356,0.12659129906746533,0.12062135573584673,0.11561019226668631,0.11187941473056916,0.10863583850217819,0.10509999999999999
09-01-2026 13:05,25687.3,0.12050515286017369,0.11696332042041949,0.11318764113611372,0.10923276829905498,0.10588955286835672,0.10320571340011997,0.10087872231399286,0.09895716937917724,0.09755943273298757,0.0968995445871863,0.09708250140647598,0.10248324024952316,0.11303426255255096,0.1327088342195044,0.1597033950365888,0.16902931608105382,0.16269046886518412,0.1560781977782638,0.14943550195817662,0.14255464311084995,0.13730903878856945,0.13274483271724574,0.12622686604467875,0.11927923048241901,0.11443859611704384,0.11113764242505872,0.1081182318995671,0.10489749999999999
09-01-2026 13:10,25691.5,0.1210560839094135,0.11731225493724147,0.1136309634478783,0.1095970201540218,0.10596786692156918,0.10298040867880237,0.1005868338952291,0.09897406930412452,0.09789314373700843,0.09720166620431041,0.0972061658471982,0.10020538261883741,0.10615122506704822,0.1257721285344429,0.1574166975182944,0.1685847599914204,0.16168858239867692,0.15556413854806622,0.14984795474876098,0.14309492260776435,0.1376130975898071,0.1329141359464518,0.12676085659595815,0.12060517311509378,0.11591469133620314,0.11198637448487622,0.10825455150072079,0.1047575
09-01-2026 13:15,25696.8,0.1204654819804127,0.11592072631588926,0.11213004857929477,0.1087040948881991,0.10529736253738317,0.10189930910060674,0.09949135709581404,0.09840700142415279,0.0976831081895764,0.0969662346344557,0.09688622413033518,0.09748982578832138,0.09876873238901251,0.11845298113797229,0.15500375,0.16897542522179834,0.16244966606253758,0.15595030168710056,0.1505406612793607,0.14439080983988492,0.13827028192414265,0.13299556976539284,0.1273694096472375,0.1220909375,0.11747174083412032,0.1126099073546267,0.10800587345689239,0.10466
09-01-2026 13:20,25704.7,0.12072238005141189,0.11529989984482994,0.11118470491985734,0.10793680313174492,0.1049619524350586,0.10197149938517773,0.09963035927186721,0.09831288319075981,0.0973862386768321,0.09659565569876188,0.09647174563157634,0.09711014010009794,0.09843900074994012,0.1181718749999999,0.154579375,0.16878772103953157,0.1630685112875282,0.15663411174599318,0.151115759079897,0.14530369584574024,0.13877394421804834,0.1328485987911496,0.1272917751911444,0.12220647172920343,0.11757929703618285,0.11266465896922394,0.10817879248501039,0.1053717438704442
09-01-2026 13:25,25701.95,0.1200549400257059,0.11379467267398999,0.10962148442530122,0.10664358971497971,0.1040491911942446,0.10171727659575276,0.0997065131995647,0.09819234408936856,0.0970735743561447,0.09622660662215465,0.09605409429502917,0.09693955881030719,0.09857928235608138,0.1182786038912497,0.154678125,0.16897684997890364,0.16352315456229227,0.15729578425165383,0.151337606664909,0.14537775372279105,0.1391561944001679,0.13311955401316528,0.1275691641725513,0.12265523638377153,0.11786610125442036,0.11315224143918176,0.10938726962678307,0.1066059877408884
09-01-2026 13:30,25705.5,0.1203825,0.11200214771768978,0.107402117493076,0.1056373986638402,0.10369032210263954,0.10142692520017248,0.099363750388799,0.09772891714739627,0.0967080493356832,0.09596354452981987,0.09600838601942803,0.09714970982467136,0.09889694270586802,0.11844470778249938,0.1548311463805589,0.16929851519941427,0.1636715623303869,0.1572315770160451,0.15108844054602588,0.14493042311263435,0.13904929785537848,0.13340732297940772,0.1277014739059831,0.12266851433578353,0.11777063441232319,0.1131362205406389,0.10982513127945671,0.1069324601311724
09-01-2026 13:35,25704.05,0.1201274999999999,0.11092375097666927,0.10665324132590592,0.10595605151835531,0.10405767108132527,0.10136627258012873,0.0989660217217534,0.09711975515168696,0.09623023619465848,0.09563160090629054,0.09592315014654561,0.09707580135094906,0.10107913748826355,0.12315858099734049,0.15697478131416326,0.1688716474432417,0.1631286715357739,0.15663091002746093,0.15099620447170167,0.145180932209709,0.13872711011095548,0.13265213156351954,0.12709364717812155,0.12202863594739939,0.11715255878050565,0.11299716324938099,0.10989808124399807,0.10711078583109998
09-01-2026 13:40,25707.75,0.1133688779148788,0.10933163926706102,0.1070595615949744,0.10563645974742612,0.10280686804223163,0.09994055605962898,0.09790178485025033,0.09623605115481534,0.09522735777547199,0.09489346866275283,0.09540146888096694,0.09648326648396918,0.10293541460609079,0.1277199542121816,0.1590544256101777,0.1683358789995337,0.16265267771496078,0.15626098939468464,0.15062263895745368,0.14476359004332606,0.1381365614162732,0.13203165819622673,0.12693267831263413,0.12194730015151689,0.11700061450322936,0.11326574755608865,0.11008304067921751,0.10671692288001558
09-01-2026 13:45,25683.75,0.1093427558297576,0.10993837532924663,0.1086215617737877,0.10581897113967771,0.10257360954734215,0.10008784042858897,0.09842112744269287,0.09667216300559503,0.09542286694953771,0.0953722639503524,0.0958694674780681,0.09675479753818231,0.1008296813334725,0.1226635245402684,0.15556868766845658,0.16716110358867722,0.16187370479957489,0.15558015009678464,0.14961185367082241,0.1434438953763462,0.13751621013989654,0.1319031017776905,0.12612869849824418,0.12120896679556814,0.11704780985036774,0.11328650435316948,0.10954089731870295,0.1053418533096437
09-01-2026 13:50,25682.0,0.11666387791487878,0.11389518035472343,0.1103692796129018,0.10710346863140052,0.10455701524448362,0.10248104207794323,0.10064544338934256,0.09872687507772157,0.09754472064922481,0.09733857696723613,0.09739595035316692,0.09796819212095637,0.09946133154154238,0.1180476213142733,0.1521787418602386,0.16583835754086068,0.16099087819225966,0.15510529394710437,0.1493017500794576,0.1433163401947787,0.13751897430748128,0.131440661591221,0.1246904135475351,0.11983369175797029,0.11649764655148549,0.112714771201065,0.1086117499999999,0.10420249999999999
09-01-2026 13:55,25665.25,0.12294,0.11628003640950303,0.11088682529788053,0.10782541681968742,0.10587955038409289,0.10384695482559683,0.10180279853124077,0.10004255922201284,0.09894386957158892,0.09822663208998732,0.09801761111986773,0.09860617869810515,0.10002085036680311,0.1187002253260136,0.1529502198683553,0.16619211023160188,0.16113934092146964,0.15498780555002437,0.14816957619978427,0.14210594867507553,0.13691876220034277,0.131434460066349,0.12531588820088582,0.1202954435352351,0.11639207718199274,0.11235379966303254,0.1082167187499999,0.1038225
09-01-2026 14:00,25689.05,0.1195127638665715,0.11528149818526123,0.11063103593988373,0.10767809541272658,0.10538777892036727,0.10297606566291785,0.10099337469265354,0.09948088586496039,0.0984075333272364,0.09744372814889458,0.09729312818243516,0.0981336826959179,0.09965402410568795,0.11881552644591789,0.15411499999999986,0.16781909341680945,0.16228053223937966,0.15497814781110772,0.14658153659762121,0.13987227020537493,0.13575926876014233,0.13194701752258886,0.12680315327094147,0.12165310156249999,0.1171858515625,0.1128930781249999,0.10874226562499989,0.10438
09-01-2026 14:05,25678.55,0.11718802773314309,0.1144895480041097,0.11005244897876354,0.1070710677633881,0.10467217149740984,0.10193735383825077,0.09990260531507672,0.09857265777623019,0.09761770416361819,0.09684287570763933,0.09929523830887878,0.10497391275268797,0.1087739363017565,0.1256035509577962,0.15665737012550987,0.1685726771002636,0.16269223060545762,0.1553429176921046,0.14742765633118335,0.1402520072160117,0.13585680084653007,0.13223392432656664,0.12697010648563584,0.12178391543335856,0.1175023864733777,0.11335114360044837,0.1091909374999999,0.10486
09-01-2026 14:10,25674.05,0.1176502638665715,0.11339615331973742,0.10874856103823798,0.10575272883244555,0.10362257322710837,0.10118115478939575,0.0990795703124999,0.097783359375,0.0969574062499999,0.09644458576638408,0.1015291753283964,0.11202216925537596,0.11807662260351298,0.1324883519155924,0.1589672402510199,0.16865398845873508,0.162751570822789,0.15604065246992296,0.14908633285465808,0.14214987351620081,0.1371063417189501,0.13254706621926446,0.12681776957294708,0.1216072839917172,0.11748370263425549,0.11347763876339684,0.1093353984374999,0.1050275
09-01-2026 14:15,25669.0,0.11447891964328359,0.11142653519431961,0.10778186886848991,0.10492240290893731,0.10284308494807211,0.10074082632520834,0.0987107850258469,0.09732831780886021,0.09654351158834679,0.09607323931710887,0.09877507985169819,0.10459163150268797,0.1084474597392564,0.1253141759577962,0.1567292451255099,0.16886968151157655,0.1629409867381218,0.156248482888379,0.14933981296587678,0.142507445244888,0.13738494492078698,0.1326282361126474,0.1270250018790658,0.12193816543335854,0.1176045997993205,0.11332914717587407,0.10912110154802274,0.1050675
09-01-2026 14:20,25668.65,0.1122503392865673,0.11066656342883013,0.10748811188480557,0.10474668297540368,0.10268026400780703,0.10043842503670122,0.09838641939784354,0.09702579186772044,0.0962474919266938,0.09576395536783357,0.0960412421874999,0.09711182812499998,0.09875649218749989,0.11807187499999988,0.15427437499999988,0.16882699257745384,0.1622197005841604,0.15444978193793155,0.14759645968669255,0.14142161684347687,0.1368685954213996,0.13261446233226643,0.12727599643637608,0.12225222656249989,0.11779577040188563,0.11331256864453491,0.10910502682811081,0.1055321779787913
09-01-2026 14:25,25671.35,0.1165564196432836,0.11333493087532596,0.109213203420104,0.10601257151147978,0.10359632140303973,0.10101078200910012,0.09871650370483008,0.09721128208724833,0.09645540657503078,0.09606592947566922,0.0962991702285155,0.0972864969435057,0.0989691077285155,0.118309375,0.1543131249999999,0.16845728073295302,0.16115776905605772,0.15254597947499,0.14600225218020949,0.1412031241621089,0.13711528079799185,0.13254623025327736,0.127060091968188,0.1220162656249999,0.1176132914509428,0.11323532187529294,0.10916706932465332,0.1056368559575827
09-01-2026 14:30,25652.65,0.12225,0.11738850259957251,0.11263630155652095,0.10888187590319509,0.10579131275936007,0.10298875411671318,0.10046196239360938,0.098523885849038,0.09762215604108347,0.09721580202100488,0.09732659045703108,0.09820982201201141,0.0998525592070311,0.119009375,0.1543368749999999,0.1676915662735755,0.16095249021742772,0.15318004165659407,0.14627945659513486,0.14139239077386892,0.13714026604624585,0.13180534987163586,0.12599853738770347,0.12117932895817259,0.1169423297955709,0.11260492086868364,0.10850528466956523,0.10453467797879129
09-01-2026 14:35,25659.1,0.12162593835096779,0.11797624826493544,0.11382010503153088,0.10962403512222921,0.10599637161902181,0.1034551568202104,0.10124532513646982,0.0992255062183321,0.09809621000118433,0.09754112900223162,0.0977184020896272,0.09868479634535116,0.1002881088497947,0.11904605588083439,0.1536885452480192,0.16720628948207822,0.16186573985176464,0.15504012694861868,0.14741331342506758,0.14151944092582097,0.13699459682571996,0.1314824535645795,0.12551144977540707,0.12088049385384529,0.1168172142786418,0.11249736718749997,0.1083579999999999,0.1041624999999999
09-01-2026 14:40,25650.4,0.1190018767019356,0.11664071413902959,0.11301854163298948,0.1086627230496322,0.10487911866221669,0.10271031938865972,0.10089326383363928,0.0990493057531026,0.09791166463835356,0.09729095598345827,0.09752769809722332,0.09852008317869089,0.10010246318005829,0.1187289867616689,0.1533277154960384,0.1674139514980192,0.16274601840840625,0.15649145415484808,0.14928532634271838,0.14279533620868926,0.13709147064798616,0.13111980859942163,0.12553761750985348,0.12115691060976198,0.11701184754185695,0.11267567187499988,0.10858410937499989,0.104475
09-01-2026 14:45,25668.25,0.11881843835096778,0.11561932410825275,0.11185265879638648,0.10789876260757669,0.10442318048823096,0.10223047430945491,0.10040926293382266,0.0986814806055956,0.09760275222785252,0.09704946513835101,0.09724887230887864,0.0981211269154192,0.0996727675245127,0.11868668088083438,0.1535936501178469,0.16741299536691928,0.1627030606213778,0.15695297787337284,0.150449640625,0.14390726920991137,0.1372506972854816,0.13073853082176376,0.1255190274317999,0.12143038205317856,0.11721096518007208,0.11282512499999989,0.1087399687499999,0.10470499999999999
09-01-2026 14:50,25663.45,0.11890249999999998,0.11482266292165859,0.11080710914973413,0.1072790545021806,0.10431194842422141,0.10187486841223808,0.09981816535589992,0.09822836200876182,0.09714809000325024,0.09660589393847113,0.09679393714553398,0.09763250658964752,0.0992165328064671,0.118560625,0.1532819207544566,0.1662033137907936,0.16164642002810906,0.1566993724351724,0.15054584097641552,0.14415173226120567,0.13789213770524075,0.13182196853588182,0.12636870951495663,0.12164053463862859,0.11712129774725125,0.11289843736203929,0.10896740283030665,0.10493499999999999
09-01-2026 14:55,25674.9,0.11975249999999998,0.1147735246200519,0.11029825931259987,0.10695668332199794,0.10406839195896023,0.10121350998573829,0.09912291685715229,0.0980024612129946,0.09713254199338485,0.09646449440582644,0.09655492169776694,0.09743252093411303,0.1012652947338755,0.1228815722862839,0.155169625542572,0.16524358784986054,0.1605088155821252,0.15627665189723294,0.15039908948005493,0.1438585567083249,0.13808697689345562,0.13262724150804317,0.12695923534811346,0.12152843722407869,0.11666545843943044,0.1126167419115787,0.10885108691061338,0.1048325
09-01-2026 15:00,25668.55,0.1218775,0.1157565258026039,0.11098239892277012,0.10770812638712318,0.10440112874653429,0.10112622390392192,0.0991280479432593,0.0982669290879049,0.09751449137215365,0.09679586495772717,0.09683741406249999,0.09775259740240365,0.10598036250479159,0.1319518343845833,0.1601582532070928,0.1663268671103045,0.16097555866987862,0.1557204901345262,0.14903660655500325,0.14251704125177775,0.13745244375236998,0.1323671841291153,0.12672423876780672,0.12136278892453928,0.11654509868137476,0.11242623627643258,0.10893312971004325,0.1055674341187157
09-01-2026 15:05,25679.0,0.12199106988525729,0.11633175190314905,0.11223206325785724,0.10898284865877983,0.10552307455379208,0.1023603047820656,0.10012925486561894,0.09875343757099674,0.09773958257177351,0.09699963589555528,0.09701435452653422,0.09788837543874476,0.10612218653594133,0.1318431702899813,0.1602182252144907,0.16722215653483616,0.16176407007688295,0.15536656036169572,0.14803538677204153,0.1419270920660809,0.1372852301565202,0.13206836968086755,0.126287967729239,0.12122722594676659,0.116697405006244,0.11267025980037321,0.10990471001239338,0.1078822792357519
09-01-2026 15:10,25688.85,0.1199521557024096,0.11511170864874234,0.11153624321105926,0.10827012889664779,0.1051091364068169,0.10249302665473897,0.10016334215171058,0.09845137473505312,0.09738003045281031,0.09667522194334838,0.09669000189549545,0.09753934172743568,0.10147341450507565,0.1226777515713487,0.15544184342467426,0.1670998072041918,0.1619350765657814,0.1555741494565567,0.14844775946370548,0.14261856307422724,0.13768550377050384,0.13196813774570496,0.1259611286939674,0.12102198598700617,0.11693289418469195,0.11320085827618853,0.11062860495779894,0.1087747561153565
09-01-2026 15:15,25690.6,0.1194491182616321,0.11432728457459358,0.11031038416568237,0.10672481576727996,0.10379653189824413,0.10158002462029295,0.09941929983968083,0.09788157133332663,0.09699672817980905,0.09636997734067322,0.09647123161171318,0.09739441766305937,0.09922352191929647,0.11820350046066999,0.15315887592133998,0.1674906546211866,0.1628596736506751,0.15639021618989096,0.14919621922701806,0.14351389547819857,0.138472754488649,0.1327398986252589,0.12645869615425312,0.12096008726637006,0.11722321346382579,0.11377751281453133,0.1104697588853897,0.1073564887564699
09-01-2026 15:20,25695.2,0.1236335489570649,0.11822721971350138,0.11313114393494977,0.10856609915771291,0.10575614936121759,0.10368419209446535,0.10134602308586906,0.0994891078347617,0.098133901514184,0.09729988591615814,0.0973881960215315,0.09825813660457407,0.09999020080202498,0.11871106416200658,0.1533202533240133,0.16796806965728175,0.16349338290201856,0.15700678429694545,0.1506748456819515,0.14520766369778768,0.13974345702099333,0.1340578923554382,0.1275853597759462,0.12159008910878799,0.1176501459965037,0.11399462043002365,0.10999357261077326,0.105875655516299
09-01-2026 15:25,25688.2,0.1277645452931262,0.12139701157021965,0.11572143162961429,0.11100957913858558,0.10849730459020264,0.10662116698541634,0.10425096738596074,0.10217756688137773,0.10059918303213355,0.09978003593407353,0.09988620556671265,0.10076541785285612,0.10254756133851244,0.12203928208100329,0.1577879391620066,0.17174005779978724,0.16565825478480217,0.1594508025427502,0.1545238255175257,0.14916251785487683,0.14314344069798476,0.1372776431319707,0.13111221346880744,0.12546544061554935,0.12054344527288319,0.11581730730261261,0.11186795293187343,0.1077440777581495
12-01-2026 09:15,25657.45,0.1270437588566084,0.11989741652265866,0.11502966492055218,0.11163883731233964,0.10926742489705427,0.10727634776180855,0.10527295670227826,0.10422880136097981,0.10379839331837193,0.10349681038895528,0.10387374219741241,0.10510742796200592,0.10731457812499999,0.128023125,0.165401875,0.17874159745174226,0.17128917958155582,0.16505038566399777,0.1598810412146736,0.15417667435271068,0.1481648443127874,0.1421602255504675,0.13627814605762872,0.13105425783027658,0.125580208458534,0.12054889670194993,0.11756199994122964,0.11448989074983379
12-01-2026 09:20,25594.15,0.128580431371593,0.12270919647647065,0.1182474881293283,0.1152218956283738,0.11263473060977125,0.1096659523144993,0.10713299265920745,0.10720099014524698,0.10791728978504697,0.1080199534119193,0.10885450074990421,0.11036109615497948,0.11284455894479689,0.133048125,0.168860625,0.1818276162907335,0.17519841066529931,0.16856241589127807,0.1619537924811158,0.15572011210054448,0.14987663074009008,0.14392088679877685,0.137919822531454,0.13258918050210303,0.1277181573289933,0.12356237933027042,0.12089413523841618,0.1183072814996677
12-01-2026 09:25,25548.3,0.1333271204198354,0.12959939492008277,0.12515809417867102,0.12139559012623169,0.11824733635748291,0.1139107275302486,0.11012692471866123,0.11051617431102238,0.11161475304535515,0.1117616165120246,0.11281458570859404,0.11433573585501909,0.11685792257709389,0.13585187499999998,0.1686524333492454,0.18033267392266583,0.17460437312244137,0.16840276311879387,0.16150670967443279,0.15477968022272548,0.14865366207548392,0.1429917833600004,0.1370180470131635,0.13135803681994349,0.12684367287027548,0.12277427774233804,0.11900385580353423,0.11540489074983379
12-01-2026 09:30,25559.65,0.136675338248619,0.13341085230120858,0.12913556438045304,0.12499135440823013,0.12103030761595104,0.11578592211678387,0.11162529968831408,0.11204811720804089,0.11314448027846798,0.11315725760450376,0.11402978568231148,0.11558546941322986,0.12020154148452486,0.1407078281209255,0.1699635831254585,0.1784999205074345,0.17294627328434958,0.16756272416662452,0.16116839423935275,0.15424673662635022,0.14739277843304815,0.14113704986692177,0.13538451875094992,0.13032221367173405,0.12596793273726595,0.12135719376066997,0.11669193179251605,0.1125475
12-01-2026 09:35,25575.3,0.1378975761791132,0.13296981705234917,0.12824047831345178,0.12411043097427726,0.11999693946464976,0.11517657679504048,0.11176764955821926,0.11174750194267238,0.11232051456127262,0.11231967644547164,0.11311062985054138,0.11479978890894067,0.12153441820445586,0.1441037812418511,0.171498945912322,0.17845901729742564,0.17300258786982334,0.16729530390529845,0.16090216196342635,0.15446712026659087,0.14749724529955666,0.13995898871835694,0.1335712357659539,0.12945344069068315,0.12606985028905326,0.12161405644730551,0.11686807452253212,0.1130025
12-01-2026 09:40,25569.55,0.1384673141096075,0.13304463336598973,0.12845668130895063,0.12449682890954333,0.12066286414397237,0.11692212902766158,0.11408228766908583,0.1128250818039972,0.11233449595299845,0.11218103851923296,0.11294066104723365,0.11662482986740658,0.12519219719309224,0.1457777363706143,0.17167572757121677,0.17926685436502862,0.17390055919430616,0.1679026353102413,0.1614258671875,0.15525250390644382,0.14892458899672437,0.14161424828957897,0.13448814519530225,0.1297761438516364,0.1263484904213949,0.12202780876532755,0.11736102652095899,0.1133775
12-01-2026 09:45,25560.8,0.1395486570548037,0.13514417777490279,0.1312758810570872,0.12712733440460927,0.12296386052771377,0.11950142989134267,0.11685126272832831,0.11494743338022471,0.11346749768674838,0.11278254200192288,0.11336479625508322,0.1188317458258725,0.12907006211922864,0.1477123164993775,0.1722367831610742,0.18025250831668904,0.1749362198406786,0.16901438819722722,0.1624080234375,0.1559853046875,0.14997566604977697,0.14372664947983474,0.13716292518024967,0.13145352396975865,0.1265948552633169,0.12154897946274376,0.1166146601438926,0.1128925
12-01-2026 09:50,25588.7,0.1355025,0.1316800603389649,0.12863661018508077,0.12390985777181829,0.11928371393719606,0.11623074243884629,0.1146216625608905,0.11364461948957809,0.11175071546327119,0.11070713449914599,0.11146614212493676,0.11516628958875419,0.12176533493969889,0.1406577803042339,0.17024452444337218,0.1814008313355202,0.17627122270775236,0.17016441078793146,0.1635175781249999,0.1571194375,0.15116932031249997,0.14531695312499998,0.13937691615690367,0.1336386284897966,0.1282670990720248,0.12265529646019724,0.11765180251893313,0.11517395080978078
12-01-2026 09:55,25588.5,0.1299566801358527,0.12806609684326825,0.12584404581900022,0.12099020423185936,0.1161327931776876,0.11313705769472389,0.1123460831150221,0.11216832383818855,0.11029785343728567,0.10913819289483992,0.11005440278535536,0.11230900617087385,0.11550544140785324,0.1341394941090904,0.1675232204348115,0.1811245242799057,0.17614619590896746,0.16985002343749997,0.16330226562499991,0.15707892187499997,0.15121434375,0.1453503046874999,0.1393689129417124,0.1337940743995002,0.1286427409727726,0.12319805148033093,0.118536611774173,0.11629290161956168
12-01-2026 10:00,25564.15,0.1308183602717054,0.13005855859977355,0.12720563363070594,0.12287047482839555,0.1182770502936947,0.11457653732577971,0.1131613232106862,0.11244331960354181,0.11090823873175139,0.10993681436243359,0.11064292791205914,0.1128436763767939,0.11592470945670272,0.1345859970545452,0.1674373091740386,0.18022031054805276,0.17511221487986658,0.1689343298467941,0.1621114778493964,0.15552382129162057,0.14980510339219927,0.14352959747653507,0.13645114317537474,0.13085879698828212,0.1265168487774814,0.12183285349375338,0.11735864503484034,0.1139290253617961
12-01-2026 10:05,25588.7,0.1332091801358527,0.12960239928481215,0.12532799735919814,0.12157271019708597,0.11794211967695796,0.11460634056794883,0.11248828828699982,0.11105150218720662,0.1100421577584885,0.10977959637252936,0.11078281736180855,0.11280979035497378,0.11542538939915842,0.1345472439921314,0.1679607729132658,0.17998561561248055,0.1743038681583402,0.1685914052454314,0.1620579558554548,0.1553043078412384,0.14977628490939854,0.14316546057807025,0.13509040690061208,0.1294941370449348,0.12581204697572484,0.12164800749855893,0.11744141351127789,0.11353264910403038
12-01-2026 10:10,25566.95,0.1368025,0.13046016406249988,0.12531788265504723,0.12154248740377879,0.11822687355996332,0.11521786240377879,0.11273817171754713,0.11096232031249999,0.1100700612561834,0.11008691531010607,0.11137801901914628,0.11530585896238885,0.12137366651272617,0.1402149819286541,0.1697629356351565,0.1797062054345401,0.17335097295127397,0.16764100063798046,0.16195561878772016,0.15569407488273607,0.14977451190189237,0.14329001365817892,0.13626203483323973,0.13058574038838852,0.12579044591078434,0.12138496166212817,0.11797371682385717,0.1148478567841732
12-01-2026 10:15,25557.55,0.1413262285966552,0.13370229139039289,0.12805805844813814,0.1240954780768893,0.12048644849873165,0.11705129838938931,0.1141696327337736,0.1121550078125,0.11103985688736692,0.11076769902207428,0.11166766822504312,0.11719618466227713,0.1293473149100731,0.15042932703400197,0.1736668959335913,0.180067170758745,0.174144383214346,0.16769006299980688,0.16135895563201538,0.15537913354370322,0.14926073485467312,0.14289513705078763,0.1368945516500575,0.13070096411133514,0.12440837258899362,0.12008112066704295,0.11766661024919813,0.115168064464316
12-01-2026 10:20,25583.3,0.141627375440641,0.13360363995666422,0.127787983985752,0.1236029062499999,0.11981263144612131,0.11613981629334333,0.11286737983990303,0.11076958729730339,0.10989137671114763,0.10989580076982283,0.11074116887261343,0.11418453601783078,0.1250267763629492,0.1488796552572838,0.174268211345045,0.18101116272375908,0.1756951469376502,0.16876651718250493,0.16127157902941275,0.15493272457593282,0.1493676952652359,0.14358682941886483,0.13758586395375355,0.13090863435057698,0.12407737437324591,0.11954697211497403,0.11692696343731071,0.11383028223215799
12-01-2026 10:25,25574.15,0.1388528388656567,0.13192350089682447,0.12629666512145518,0.1216539296874999,0.1177243952445263,0.11414890826937368,0.11077269477811286,0.10869457527729381,0.10819135109178625,0.10883276441623128,0.1100776516348461,0.11155297071065398,0.11634495811878615,0.13819316216652128,0.1703103066034109,0.18147477698314018,0.17611467023545485,0.16938663670861875,0.16192608850776488,0.15500284570095182,0.14923769690031927,0.14377114330319157,0.13806457783008863,0.13197996824744015,0.12571169526578366,0.12060607093230907,0.11683724573425877,0.1129525
12-01-2026 10:30,25584.2,0.1354084657960115,0.12890534811855436,0.12365614590955736,0.11951836637142335,0.11582097344854236,0.11250576052802318,0.10991268095926646,0.10823763096327428,0.10758856050617997,0.10823228113203652,0.1095811175765343,0.1110878556687881,0.11372516637053488,0.1335522505061103,0.1683470670134334,0.18177588506921669,0.17624424338758393,0.16972294478657748,0.1627899258912056,0.15599931450382382,0.14951285844375523,0.14327749644499033,0.13766250903104388,0.13238373385695287,0.1269823630630132,0.12189630242334679,0.11750779543191608,0.11337249999999999
12-01-2026 10:35,25564.75,0.1345842737743405,0.12713046716816528,0.1220090075770967,0.11867964721665206,0.11513122429711893,0.111805902467415,0.10987787506880642,0.10859118997138063,0.10771488424435792,0.1079669404284472,0.10911420781737444,0.11107718124873729,0.11423386110589728,0.1340027095702901,0.1685849999999999,0.18180096874999999,0.17621800781249988,0.16974753906249992,0.16298295312499989,0.1564946794182199,0.15008144184478883,0.14359326280429013,0.13750226394678758,0.1321521878937606,0.1270671450591437,0.12220911516099382,0.11795904927099318,0.1140360496094166
12-01-2026 10:40,25572.4,0.13610999999999998,0.12837225462700164,0.1233598878937692,0.11993103125653397,0.11623270980860913,0.11293535621153834,0.1107478208868637,0.10904501755470986,0.10795548809973801,0.10819836605566287,0.10932959375562241,0.11143345748103593,0.11482537864057706,0.1344027056423995,0.168541875,0.1815646640625,0.1759791015625,0.16949597656249987,0.16269307087023674,0.15608134149394828,0.14981949169102002,0.1437575566692187,0.1375757409585833,0.13187994173777032,0.12669389966855374,0.12182819455659476,0.11773434749302789,0.1141920992188333
12-01-2026 10:45,25556.8,0.1333025,0.12730901347892756,0.12300003406522114,0.11992451370537945,0.11659168692031943,0.11326313915206368,0.11066826511258844,0.10859209738322609,0.10739877257089389,0.10795121526224685,0.10933334062383519,0.11101642646219688,0.11405701999381208,0.133975275571503,0.1683026566347915,0.18124529372871329,0.1757991410097915,0.16944816602043478,0.1627025870529736,0.15601108923789658,0.14959989499484577,0.1437056283003966,0.13776458705297373,0.13198740332769074,0.12635414308682402,0.12098216003034513,0.11683957120083535,0.1134335496094166
12-01-2026 10:50,25579.85,0.1275075,0.12330687461079463,0.11975584548229364,0.11744647425327008,0.11476717774655922,0.11146409785850954,0.10886354783283525,0.10714462681661299,0.10630809889558543,0.10696194066095657,0.10847237481678126,0.11008125278013393,0.11293677081450047,0.1332322310237038,0.168032813269583,0.1809265729741648,0.17555517333701603,0.16962494170427814,0.16280038204403205,0.15571820136564216,0.1495092832123307,0.14398471033842575,0.13817813701489684,0.13250949148555763,0.12641502191316978,0.12049696310483059,0.1169000773315338,0.1142676286766059
12-01-2026 10:55,25554.9,0.1269137330121594,0.12324091387580786,0.119807717912897,0.11689694564146505,0.11391467236848703,0.11114321933770145,0.10897577614630632,0.1075204215171328,0.10688306848940383,0.10730309352975315,0.10876831563744414,0.11073043431300887,0.1136012307075654,0.1332626362721406,0.16756088008425726,0.1802473427770285,0.1744821922532385,0.16874967976235752,0.1620240796410607,0.15455860492745196,0.1483744392799484,0.1429919873960919,0.13745267680055032,0.13165508978216994,0.1249752827448785,0.11922189910398129,0.11649608221106604,0.1148852573532119
12-01-2026 11:00,25550.75,0.1288237607747662,0.1257796159863399,0.12202065402763933,0.11764170482817032,0.11400828356033452,0.11204392430554318,0.11056751983955394,0.10916980168001497,0.10841727132693654,0.1085770130348094,0.10993800117834802,0.11206497809270917,0.11485940038531421,0.1336498294731696,0.1668614468989316,0.17934905999037212,0.17332238842610218,0.16724846888872247,0.16108402158974294,0.15428700180877852,0.14772912141517322,0.1416270191545221,0.13598987526627462,0.12985707401269705,0.1230987845411118,0.11801684778111148,0.115231408204192,0.11312512867660589
12-01-2026 11:05,25538.1,0.1278282816265654,0.1255947693383221,0.12169846892269662,0.11689986421215495,0.11345243869842117,0.11188038573712605,0.11069045707195799,0.10938398342073113,0.10861232680216691,0.10871325977418536,0.10991272665345801,0.11195890532027677,0.11487159349899356,0.1337875492247329,0.1668038484494658,0.1792752117777515,0.17330146182909573,0.1667641242678104,0.16074386175101768,0.15423849810821838,0.14718062950373575,0.14101918434391478,0.13552410402400483,0.12971607224378512,0.1240643370247404,0.11936419298048713,0.11556456003335905,0.1121025
12-01-2026 11:10,25544.8,0.12596521297747,0.12341311760354862,0.11983045253191066,0.11618914388024044,0.11331311811243767,0.11131810612550604,0.10985815594820267,0.10859705431325668,0.10792554081070234,0.108140427317013,0.1093589339547438,0.11144378906249999,0.11457709374999998,0.133776875,0.16680812499999986,0.17916885594395623,0.1733967723915074,0.16692038758260222,0.16060001517807282,0.15361715020393968,0.14627473893220633,0.14059008064874348,0.13570234154058683,0.1305301659915153,0.12558261072415408,0.12083141652077066,0.11649159374999998,0.1126224999999999
12-01-2026 11:15,25528.8,0.1268944591135113,0.12273791248608924,0.11907272459965232,0.11640189806547332,0.11384232450952707,0.11145487473272442,0.1098330105415187,0.10869324968621563,0.1081556608132908,0.1085406316272565,0.10993526751256856,0.1122513162532365,0.11558590643607967,0.13421466781573646,0.166086875,0.177924,0.1722741875,0.16599528906249988,0.1596812034245327,0.15307019791124166,0.14643107259110305,0.14064458597023635,0.13534464314684289,0.13001292428874947,0.12491265614049746,0.12031627377762528,0.11621832851987657,0.11253249999999998
12-01-2026 11:20,25512.25,0.12926,0.1239376700856463,0.11968228845821394,0.11705405060550692,0.11467410401943981,0.11229874337394057,0.11059354372516561,0.10949086113080791,0.10910953110529299,0.1096868984375,0.1111674213828933,0.1135904293814731,0.11707260128595214,0.13476615873489436,0.1649842712068426,0.1763759168534212,0.17086579658306011,0.1641771194367216,0.1574545311208368,0.15154245250391055,0.14605656104586034,0.14027420756102454,0.13428252154513,0.12849677760962006,0.12340094241137184,0.11916487515844282,0.11526828985225303,0.111535
12-01-2026 11:25,25509.25,0.12792,0.1231818828330406,0.11911921000150527,0.1166103984580406,0.11446598095728801,0.112311796875,0.1106950781249999,0.1096865937499999,0.10950460156249989,0.11028681249999998,0.11186592553519659,0.11422144125323648,0.11768347545116521,0.1350814390225791,0.1641575457794726,0.1747449717450835,0.1696245242318841,0.16323928593132636,0.15624887665749618,0.1505641315703211,0.14561842677922082,0.14005300887204913,0.13403637003063046,0.12838232763636434,0.12361432265125136,0.11939456960900963,0.11544175039487646,0.111775
12-01-2026 11:30,25496.15,0.1258725,0.12156589548571119,0.11837255849528498,0.11607171255154836,0.11382318149767379,0.11190781582967538,0.1105313727276062,0.10976725190607528,0.10980702726991967,0.1107071953124999,0.11238261718749999,0.1147226640625,0.11819051497629277,0.1357505731034213,0.1642616529384173,0.17380600542990313,0.16875090214138572,0.16328511738382467,0.1569206478021477,0.15103754770731037,0.14560929844810813,0.14010964770817197,0.134372949177705,0.12902995872055836,0.1244442849298399,0.12007059693296718,0.1161387606052231,0.1127475
12-01-2026 11:35,25487.1,0.1271515367836182,0.12229661333812397,0.1193246187344447,0.11699042278653017,0.11448925703805966,0.1125286707218508,0.11109531576771244,0.1103881678746505,0.11053253891483937,0.1114312656249999,0.11308062499999999,0.11543454687499999,0.1189640390625,0.1364225,0.16489150336578728,0.17461491147574093,0.16926091010685976,0.16338962444186525,0.1567255623030863,0.15000249003239285,0.14426234336035543,0.1393528961744202,0.1339660044528914,0.12862677764487776,0.12399457036606096,0.11945304065535484,0.11542893821315062,0.1124575
12-01-2026 11:40,25485.45,0.1299605735672365,0.1251449035311752,0.12174103323529241,0.11916952435547624,0.11656549570652978,0.11427987051717539,0.1125980758526061,0.1117117050310752,0.11168536320741959,0.1124388671874999,0.11395215624999999,0.1162409453124999,0.11971421874999989,0.136838125,0.165111875,0.1751593515624999,0.16964550905179784,0.163278162023954,0.15601820410053008,0.14861275695458623,0.1430703260764674,0.13857046409489807,0.13318566113879848,0.12780879897868888,0.12313301227123302,0.11841942957138446,0.11412621961063174,0.11132
12-01-2026 11:45,25476.55,0.13187403678361817,0.1272159786372421,0.12347345106286362,0.12066059622766384,0.11792665572088955,0.11541714810352223,0.113690854313733,0.11267030945105863,0.1122987231903123,0.11280688521414783,0.11421443749999999,0.1164306249999999,0.11980731249999989,0.1368806249999999,0.16511312499999997,0.17502549999999992,0.16937071874999987,0.16303033222130872,0.15622199875043208,0.14940561993809315,0.1436694232433598,0.13836615198166213,0.1324371060436811,0.12690044935531836,0.12238828170258097,0.11802902872234142,0.1138321591902042,0.1104999999999999
12-01-2026 11:50,25491.7,0.1312075,0.126477640625,0.12269636144746715,0.11981363657975566,0.11697317715687292,0.11445302357247963,0.11297211288278085,0.11202569633966791,0.11144057479803145,0.11191776770847006,0.11341649947772091,0.11566562547791256,0.1208825304205136,0.1401744514660273,0.16717128823301358,0.17521850592333615,0.16922167208283662,0.1630107085704235,0.15677299752900517,0.150577140625,0.1446467656249999,0.13875503001557354,0.1324832449958919,0.126775712811517,0.1223207871288243,0.11823856728775091,0.11457376369494934,0.1115684865834812
12-01-2026 11:55,25495.85,0.1298699999999999,0.12525507812499997,0.12153439556748352,0.11865470415094204,0.11573619965107705,0.11317895973109322,0.11173839424792467,0.11080399462988272,0.11035669582368818,0.11104733823369731,0.11263195208044184,0.11492636814332524,0.12200374052852729,0.1434170279320546,0.1690419514660273,0.17526615320186104,0.1688922385182613,0.1627380403231462,0.1568451706605987,0.15077126635518862,0.1448440078124999,0.13903367516403672,0.1330298412479459,0.1274845085966816,0.12245633836950759,0.11790116561077635,0.11501107327667623,0.11343169962971589
12-01-2026 12:00,25499.2,0.1297875,0.12525528112500486,0.12153517750038988,0.11861930259564611,0.11566441501302176,0.11300335671189468,0.11119900230357681,0.11032277861915124,0.11030065391155747,0.11091611565717735,0.11227077348032843,0.11451087547791267,0.1197441788580136,0.1393763264660273,0.16709566323301359,0.17525604548602328,0.16862371611819976,0.1622152664748316,0.15643505604639796,0.1504633061478772,0.1445050625,0.13869789062499988,0.13287976562499998,0.1274792908651711,0.12188885515118911,0.11681200494550155,0.11422985058786728,0.1128179395089883
12-01-2026 12:05,25507.65,0.1341825,0.12985486693750972,0.1259135659382798,0.12249995268904008,0.11904208050933292,0.11546458483096081,0.11266552696767176,0.11190709109267633,0.11204879956859125,0.11207165043890377,0.11295872769271502,0.1148915781249999,0.11802275746103473,0.1355680968827858,0.1651174437655717,0.1752811738175941,0.16886385691229444,0.16233073882572777,0.15599731147804372,0.1498071573564976,0.1438409522507976,0.13785100055268726,0.13160197080017835,0.1256997182994322,0.12018942461273889,0.1152550562450185,0.11201906621796952,0.1092147264627535
12-01-2026 12:10,25526.3,0.1411125,0.13663372643750488,0.1320601696878899,0.12784190212577004,0.12372417718738166,0.1192151110855251,0.11566952307913778,0.1146221572292473,0.11407223088671416,0.11359103474452342,0.11426919224778703,0.1155013689097427,0.11791877236547257,0.1353168187655717,0.1652698875311434,0.17607673968038148,0.17017000287885173,0.1633599372924279,0.156285860751762,0.14988752419011808,0.1438979670015952,0.13769911048037464,0.1309435353503567,0.12441877733940197,0.11929739753099519,0.11486148371961848,0.11078456528548392,0.1069129048046388
12-01-2026 12:15,25577.45,0.1455525,0.1381368200923478,0.13313098096527687,0.12887421788795006,0.12499600438606101,0.12122767400594074,0.11804415345549729,0.11630328813825332,0.11477741417644577,0.11409736188434388,0.11464078545324465,0.11523370172532489,0.1169874897337486,0.13494088891362518,0.1662949437655717,0.1777703937577858,0.17210960033683234,0.16551177381380897,0.15861311349030224,0.1519675670186672,0.14557305886945504,0.139443410099117,0.13289242036518,0.12649572110795948,0.1215030163440383,0.11704986840920428,0.11277509117282099,0.10915520787455589
12-01-2026 12:20,25614.85,0.1475802641704466,0.13608695006587265,0.13122422838108644,0.1277103420259002,0.12432427150766849,0.12145727060205615,0.1185382594693315,0.11624777768630461,0.11449221222523442,0.11368827844041342,0.11398730353026981,0.11463924050607702,0.11609635926203765,0.1346393340616787,0.167715,0.17990684375000002,0.1743961406249999,0.16835304687499997,0.16195295635355883,0.15509800047221628,0.14836379917481476,0.14242005346785933,0.13622597834314834,0.12998280411320107,0.12480859907835094,0.12027245786391373,0.11618221049278873,0.1128217013351953
12-01-2026 12:25,25653.4,0.1485705283408932,0.13670660196026327,0.13113724012376998,0.12730140521503167,0.1235193768479432,0.12019160965766407,0.11768098749293109,0.11586781683584904,0.1143405703124999,0.11350777312148287,0.11368876743152398,0.11459299457970386,0.11764891128922719,0.13803797939182919,0.1705391546291532,0.18200316811199224,0.1767114348829054,0.17077594531249998,0.1644654703642795,0.15780031664235808,0.15139526286865734,0.14547794860892974,0.1392965687554519,0.1329071205894266,0.1272301055379143,0.12277437829406691,0.11885252486698382,0.1147543982652782
12-01-2026 12:30,25668.1,0.1468252641704466,0.1372095715923001,0.13108300802788822,0.12638724184166308,0.1221826775007179,0.11847922558945112,0.11662688557840187,0.11595923888736379,0.11497438143375197,0.1138478327213836,0.11380397042498858,0.11485135711256886,0.11944777945181106,0.1415728747219798,0.1729826842583064,0.1833745471614845,0.17839954164081095,0.1725966405052461,0.1659864122946894,0.15929400451638653,0.15354498980342937,0.1475573568294529,0.14103106743489885,0.13512528036957852,0.12925908072318665,0.12422477060274177,0.12042584518904968,0.11587855711098588
12-01-2026 12:35,25690.5,0.14470749999999996,0.13441921493160772,0.1296280565506639,0.12564839896686678,0.1223624659355633,0.11967956223610317,0.11732600885093541,0.11654208016369515,0.11598559713767598,0.11415443074470154,0.11349577033708347,0.11486646099406854,0.11781634451643312,0.1382139373609898,0.1718810296291532,0.18424437904949223,0.1792129348829055,0.17333936730933877,0.16594338285323298,0.15833422543289227,0.1531070902543884,0.14770203875661603,0.14114768416564422,0.13602906639899912,0.1306671456171788,0.12509578433108795,0.12105307427031473,0.1163496142219719
12-01-2026 12:40,25684.35,0.14455,0.13257713194849557,0.1289910376403721,0.12583644830210935,0.12373358143884258,0.12271656595720655,0.11973849784771869,0.11741718825131922,0.1163847631720832,0.11428240816315262,0.11294753969938456,0.11440052486895655,0.11635446024772411,0.13513621098227638,0.17092249999999998,0.1854516328125,0.18006448437499997,0.17382457841315033,0.16592962863929184,0.15758341566502784,0.15230379990584555,0.1476259207084365,0.14177743513877064,0.1363963946145146,0.13106353597831646,0.12603524620604728,0.12165704531439633,0.1168235571109859
12-01-2026 12:45,25727.5,0.1408674999999999,0.13120296335378928,0.1279936812488536,0.12505445693842934,0.1227739756462811,0.12196586077700344,0.11927756627911067,0.11631617831848555,0.11496166592785535,0.11340912904726919,0.11227017721269629,0.11339946391959341,0.11554627970521102,0.1349749219645528,0.17197,0.1873064296875,0.18188179687499997,0.17558553879426875,0.16815054696014237,0.16047613047450723,0.15461400346881282,0.14923173843531035,0.1437051351783923,0.13792112309189142,0.13237967818582172,0.1279809093498049,0.12359340667038558,0.11908749999999999
12-01-2026 12:50,25724.55,0.1400874999999999,0.1329320030049997,0.1288867101247644,0.1254082935558951,0.12213401624296091,0.11980062668743437,0.11738818439733867,0.11525689071290407,0.11391264479338416,0.11291008139845063,0.11248457641065163,0.1129813137933333,0.11440098828763409,0.1344374609822764,0.17234375,0.18779567968749997,0.18242898437499996,0.17627003093521118,0.1695223498168941,0.16280627002722262,0.1560916288811978,0.14903746358482178,0.14319713279403934,0.13832072315131316,0.13367635134859332,0.12916393737835252,0.12446214052937277,0.12023499999999998
12-01-2026 12:55,25715.5,0.140225,0.1352727035141387,0.1302003424262108,0.12564087778337318,0.12233816845436242,0.11942810531755219,0.11697496491346135,0.11521380471502703,0.11355684341841607,0.11273349957182485,0.11273128953093214,0.11290037460667694,0.11622753489966409,0.1386579645476141,0.174034607273807,0.1868463154034225,0.18142224289250533,0.17510653296293519,0.16846431451585953,0.16223093414028092,0.155033796854923,0.14676701812471712,0.14074231878562116,0.13702943234595316,0.13331301384935326,0.12852014401236078,0.12341296298751427,0.11929749999999999
12-01-2026 13:00,25692.65,0.13855499999999987,0.1352780773685498,0.1306426992068772,0.12583269828814597,0.12315879827808124,0.12082524691065523,0.11803408620050464,0.11575262307860514,0.11391266934747743,0.11302939869657572,0.11292116329952631,0.11322456090755559,0.11899215212420432,0.14347405833039298,0.17575557089868707,0.18576934085021443,0.1804443817906087,0.1739830911797529,0.16707041007165738,0.16126850965334427,0.15455506817264425,0.14651180069825384,0.14070576571722862,0.1369063891916537,0.13262153488030148,0.1275726176135568,0.12274358943578315,0.118475
12-01-2026 13:05,25702.65,0.1418625,0.13638341916688657,0.1317315629294907,0.12728230640426552,0.1243664856451385,0.12183831007447038,0.11880012648752523,0.11631042808463535,0.11454293820024913,0.1134628805237754,0.1130011839571172,0.11340305528064373,0.11714009858642534,0.13912940379055627,0.17309419497595308,0.18495389955266114,0.17991383177870138,0.1738092865957,0.16700667347073592,0.1612716123382138,0.15511717379303663,0.1481130626065349,0.14201790354794872,0.13675661877751102,0.1317794115262348,0.127074588739337,0.12275120760443414,0.11822
12-01-2026 13:10,25710.85,0.1399525,0.13359650827541877,0.1290620869790376,0.12541104575301615,0.12185104114258238,0.11876523756188245,0.1161433945539016,0.11389178404404184,0.1124223222153329,0.1116363564163008,0.1113650968725169,0.11212027942158592,0.11366622142251354,0.1331388649222818,0.1698203207873492,0.18469927038650727,0.18001173718957464,0.1743635643163823,0.16805867947743813,0.1620713165388619,0.1558909800539557,0.1494162763255865,0.14255465561269007,0.13573800633859076,0.13108924492853247,0.12774685706329975,0.12383052182837583,0.1192372977460601
12-01-2026 13:15,25725.15,0.1307428660656686,0.12907103938352807,0.1260054365424979,0.12251260463868441,0.11878384288498449,0.11570268511954393,0.1135162422328033,0.1115307555880837,0.11038581747159622,0.10980489204452062,0.10961816013965892,0.11088150256682176,0.11481123644618398,0.1362557520401104,0.17096377786440928,0.18432862348617418,0.17985880281030578,0.1740348953551936,0.1675423350646336,0.16165852414249912,0.15590740238213857,0.14973024708223848,0.142962213718977,0.1361031786413485,0.13156868388565177,0.12848723779726734,0.12459200334393064,0.1200145954921202
12-01-2026 13:20,25697.4,0.1260157321313371,0.1277108676542221,0.12539450749577502,0.12157863469959498,0.11822810387544622,0.11566769063959745,0.11373713685219605,0.11197644137427434,0.11083110304820495,0.10958307509651231,0.1088556496434033,0.11281539518420224,0.12443183541002142,0.148529124427039,0.1757729906833093,0.1840800950462259,0.1792811133186814,0.1730739107028452,0.166009597650894,0.16015080169192505,0.15495926132733473,0.14879455507572442,0.14277587835690067,0.13738377685895686,0.13258381985408316,0.12844844344274564,0.12418782773563905,0.11950229774606008
12-01-2026 13:25,25704.15,0.1348928660656685,0.13039038071401723,0.1264270758930641,0.12127834955488982,0.1170915666346853,0.11588364866998946,0.11540238868317908,0.11395617106773581,0.1125750894179532,0.1110014934746664,0.11005574172285099,0.1161364404880612,0.130395223896694,0.1524142816191519,0.1763996023914225,0.18384410545551239,0.17882214700277954,0.17294047561352094,0.1661468025456919,0.1598383804780403,0.1540434873400756,0.14747863086610435,0.14186125983464265,0.13717412013337102,0.13216145947889146,0.1278452593586044,0.12388748904518171,0.1199565265598672
12-01-2026 13:30,25707.95,0.1437475,0.13428676580913956,0.1285900144244852,0.1212797431288327,0.11599069983509494,0.1159721287922523,0.11669932592459714,0.11555047059084043,0.11379489195867158,0.1124108609910008,0.11172645453418682,0.11466684408187199,0.12107996421320327,0.1406966043177189,0.17205802200917347,0.1841465476888539,0.17918000624585428,0.1735920114767809,0.16737390239723643,0.16099789800055755,0.15477174893464202,0.14847202558873102,0.14243933852235163,0.1366075248022499,0.13135520435784337,0.12723418973665648,0.12359189087076106,0.12058305311973448
12-01-2026 13:35,25747.0,0.1357889211660121,0.13168851048627617,0.12588013320075037,0.11924394002772463,0.11556494105819184,0.11490868570085624,0.11443041593033454,0.11316129437031903,0.11143447141570954,0.11018260078260246,0.10986195004883137,0.11031177761709621,0.11165615382713974,0.1320137499999999,0.1696682943694456,0.18424431052377932,0.17913393432895355,0.17405803007699022,0.16856915040200945,0.16269041314981084,0.15677178861067437,0.15089688554207922,0.14436655340826443,0.13752729702185423,0.13197635923711387,0.1277808523857535,0.12401005379137431,0.1203290265598672
12-01-2026 13:40,25745.1,0.1316303423320243,0.1296956660250378,0.12370008597859497,0.1189072900394483,0.1164038571321509,0.11406820948926484,0.11185747857812212,0.11013335583789752,0.10872150089593863,0.10769636342382402,0.10758432197266277,0.10829338335919264,0.10979721927947084,0.1305423050153063,0.1684813501639986,0.18294045162949188,0.17824762699009314,0.17399981204641163,0.16902660717840923,0.16338544562583754,0.15757190879325156,0.15145983231272586,0.14482865433110767,0.13828497857118752,0.13262687335406642,0.12835251495832828,0.12470536954023431,0.1206651139318828
12-01-2026 13:45,25739.05,0.13703986107470048,0.13129344339282756,0.12613431230201375,0.12243309774062452,0.11912639996674955,0.11564689062499989,0.11261611718749999,0.11046737769591551,0.10905698056509307,0.10809475792715426,0.10783188889703522,0.10840802216840201,0.10986893970472614,0.1303652350306127,0.16832198283844207,0.18365408940973965,0.17948352103183418,0.17457257232276202,0.16873290503109978,0.16296038889109343,0.15727019856873037,0.15086120379526471,0.14412664299995337,0.13828985187772203,0.13313764490264374,0.12849724178973146,0.12443900113966032,0.1205402278637657
12-01-2026 13:50,25735.6,0.1376618798173767,0.12993250112829288,0.12664722378492213,0.12399847567146786,0.12027231124837703,0.1166198281249999,0.1133573906249999,0.11107693974897435,0.10964757392236553,0.10861830537807844,0.10820493646275475,0.10877105703521787,0.11031468594219217,0.1310025192550464,0.1699471429081779,0.18580458086182108,0.1806606927159433,0.17483508200060655,0.16879505198940212,0.16316293849523023,0.1575833895077059,0.15123950748605464,0.14445291922005069,0.13855456714617417,0.13355275059168165,0.12859345427562496,0.12396068173218566,0.1194351139318828
12-01-2026 13:55,25743.25,0.1355259399086884,0.12771287998143038,0.12489062443940291,0.12234764901991528,0.11866531271352262,0.11538379379025589,0.1123950798028114,0.11030721481537469,0.10899285371311962,0.10803879809897297,0.10786851792969065,0.1087732473977006,0.11038382742793261,0.1312135982892888,0.1708521254744321,0.18636028296391408,0.18001084663870728,0.1745707454634438,0.16959661925958136,0.1634427961381,0.15667982866911556,0.150452926189953,0.1444668071842867,0.13882621860885286,0.1337958170092264,0.1286118205321539,0.12371906967175111,0.11917749999999988
12-01-2026 14:00,25734.9,0.134475,0.127674454147068,0.12422836103138368,0.1218473301808628,0.11859842830410153,0.1150207254276774,0.11183179685189716,0.10986700276828568,0.10865827190848433,0.10780952668369351,0.10789530305521094,0.11145932810998584,0.11785096630448225,0.1387629868631046,0.1735788247076298,0.18660427255698245,0.1804605109176144,0.1752973706180297,0.1701252949929597,0.1628402094320381,0.15477121876943817,0.14847143432873755,0.1434102605566689,0.13859340947564247,0.13377306242020198,0.12844262473633752,0.12326530499527745,0.1189925
12-01-2026 14:05,25732.75,0.1355955913805915,0.12929936568540168,0.12458942144854453,0.12211853240007593,0.11920343301873905,0.115147365148928,0.11154273710785986,0.10946826852384506,0.10834523085605276,0.10760248595125298,0.10757330594856679,0.1134912057885662,0.1249393172399243,0.1462303221946564,0.1762098989408276,0.18721991673461966,0.18155846024224978,0.17578920628290565,0.16994246301297514,0.16303438839991932,0.15575546362040238,0.14921523600411649,0.14328998279564842,0.1381271621461596,0.13315975437999766,0.1282561320815202,0.1233712034726389,0.11845749999999998
12-01-2026 14:10,25739.35,0.1372111827611831,0.1307351756612353,0.1247154271782055,0.12080467211928908,0.11750813488252478,0.1140447611770205,0.11095881919859066,0.10876752594813249,0.10759275176554099,0.10694446216475978,0.1068166939757124,0.11013461459472226,0.1168651135188507,0.1384281307584541,0.1735571369704137,0.18734937304521962,0.18139031502765257,0.17461657856782214,0.16900752025246307,0.16359833197660723,0.1575599825605401,0.1509003692772205,0.14408191947699062,0.1383219506514589,0.1329920720757908,0.12825802392376653,0.1238290744923919,0.11854
12-01-2026 14:15,25729.15,0.13880262540899097,0.134486905925395,0.1289587551016915,0.12391777211248847,0.11946342723732972,0.11563227945352308,0.11299150594464505,0.1109228320864397,0.10938550471900634,0.10834043851816219,0.10790042746558735,0.10859329597558992,0.11260848560768769,0.1362487841892284,0.17341943640593738,0.18689493722846554,0.18071191488230448,0.17372005170021768,0.16816306493353064,0.16253867230879654,0.15574709706550355,0.1494197010029776,0.14376062903825373,0.13837013084931477,0.13281232342036167,0.12745502969609762,0.12274608035506179,0.117895
12-01-2026 14:20,25736.35,0.139184068056799,0.1373065502520547,0.1330220517751775,0.1278395283556878,0.12237224073003865,0.1174628559498453,0.11470959884484047,0.11285375566936069,0.11108830355046863,0.1095902919799311,0.10879776357277007,0.10940680985900775,0.11814528101604554,0.1465701022541249,0.1783270600579568,0.1864707622967523,0.18099672467566813,0.17485572420432482,0.1686535927665003,0.16184361436716946,0.15370802877383052,0.14708578156545246,0.1427546990413092,0.1383444194126419,0.13307462055749308,0.12746466927109684,0.12222965454263791,0.11746499999999999
12-01-2026 14:25,25762.75,0.1367008065342099,0.1320109019868912,0.1274266900204194,0.12302604763226364,0.11876413870610099,0.11497864308517447,0.11202124808110098,0.10995494606976375,0.10853514476764523,0.10758257536133972,0.10735533457752053,0.10788489006677034,0.11662258659351593,0.145841711072625,0.17802933848339828,0.18608230748344834,0.1815236126106846,0.17584732678099227,0.16895741011156074,0.1628994891811812,0.15579856217339763,0.14860201518540497,0.14376313172539817,0.13949836017009562,0.13449969272614276,0.1292247582910171,0.12401857525549614,0.11892999999999998
12-01-2026 14:30,25753.1,0.1386675450116209,0.13041514434672782,0.12482536732816131,0.12082069190883962,0.11772429020717809,0.11507934445008697,0.11141274360881066,0.1081405798946917,0.10664919334187173,0.10658399655646772,0.10731307961844401,0.11008380823552862,0.1181737955018126,0.1423909091654605,0.174850506613637,0.18554401728809194,0.18108380030632115,0.1753937557816231,0.1684806250510438,0.16308461196613505,0.15736084043858972,0.1506082693958418,0.14474001659234684,0.13955682965954433,0.13438838912131265,0.129245658632026,0.1245020625136321,0.1202507622483204
12-01-2026 14:35,25716.7,0.1445062725058104,0.13761082847425166,0.13109340137317413,0.12590047073918303,0.12200199838854503,0.11855299376969371,0.11430982268516084,0.11018410239487388,0.10812362507523866,0.10802900017032957,0.10883852271748795,0.11399189770528291,0.1239804167516961,0.1449379431848592,0.1747415559792188,0.18569011248912393,0.18049105096803048,0.1746031396900601,0.16817013263418443,0.16212372898989488,0.15622669458732447,0.15002841368070208,0.14406453313132178,0.13851609250398525,0.133156875,0.12790953208366493,0.12362180273552477,0.1208952667727797
12-01-2026 14:40,25749.0,0.1416225,0.1378023008856359,0.13064898007371376,0.12462741236430294,0.12073187010009727,0.11711798136020078,0.11358481806542664,0.11059479900346354,0.10891395641209112,0.10825681054994066,0.10822331115153237,0.11091574714122551,0.11917012775703135,0.1431289770348841,0.175737138332172,0.18674083334892777,0.1809994255649808,0.1750363542760838,0.16898279409757064,0.16262081235686685,0.15657941197775574,0.15039324829726508,0.14437026350757248,0.1390801901182801,0.13384586128246778,0.12839786211314666,0.12382984177065313,0.1211032468005981
12-01-2026 14:45,25763.85,0.1371625,0.13407830552485844,0.12733712375999492,0.12130183253088776,0.11753622524127438,0.11469197253279852,0.11205797943473747,0.10991396258795395,0.10866507611113019,0.10766596906047039,0.10700310272301308,0.10720746382613998,0.11367890871681594,0.1408785463040979,0.1765524982704223,0.18744635518731784,0.1816992845799888,0.1762585626308417,0.17044843119300462,0.16388544776147992,0.15766831610633775,0.15145249197131436,0.14516688245286796,0.13965797173411532,0.13442754867630854,0.12895814657571944,0.12401975767686721,0.1206779843343175
12-01-2026 14:50,25774.05,0.14034,0.1356651710963602,0.12956367813522243,0.12348375523291977,0.11877387832208092,0.11588298422836446,0.11329322142881951,0.11077448899807309,0.10913450342570628,0.10783856256302489,0.10705213609034603,0.10724919953465978,0.11096964827696547,0.1354272965675524,0.1741362491352112,0.18785566647319063,0.18214131962621358,0.17672497839839382,0.17062814923519004,0.16370551948949633,0.15725236736706885,0.15122405063187164,0.14507773753224967,0.13903941015213148,0.13343537785885132,0.1282997161620598,0.12398173273338314,0.12089924609222769
12-01-2026 14:55,25796.15,0.1411,0.1361291171874999,0.13040615267734776,0.1246284016878217,0.11974092770844785,0.1163055188753216,0.11349080900892757,0.11095016916046228,0.10906505400250671,0.10764723743500135,0.10688216128770314,0.10698946294717102,0.10792510859950454,0.1294509209268176,0.1707104608279273,0.18767398425591164,0.182563852614561,0.17684787657442758,0.17003158575168076,0.16292730565334645,0.1568321582949004,0.15095180870002486,0.14452562588582132,0.1380260043155092,0.13257325775227616,0.12801231385435485,0.12407809651880576,0.12071576600991929
12-01-2026 15:00,25785.15,0.1361824999999999,0.13200741406249997,0.12694908593749998,0.12196466406249999,0.117793921875,0.11443515091109903,0.11173815977164021,0.10952952616911249,0.107747745702308,0.10652565065627867,0.10597196485133945,0.10602048976216008,0.10690156403919655,0.1282405992667065,0.1692836580762573,0.18695555842632358,0.1827712142406403,0.17677626534887217,0.16923067906897332,0.16247454456298266,0.15734904758259569,0.15174468563191168,0.14481859375380932,0.13796632687539911,0.13268988512271354,0.12833141162482653,0.12409728697370889,0.1196882619758702
12-01-2026 15:05,25789.75,0.1325129089747972,0.1277807844872918,0.1228645302338671,0.11845613677817719,0.11489737970721256,0.11205720125341559,0.10971024604175092,0.10781904382039828,0.10625318731455843,0.10528223445414554,0.10513074882880635,0.10531889249725977,0.10611475857854438,0.1277730263093534,0.16951468366873237,0.18731913668345163,0.18297437609002531,0.17673550404307403,0.16905319091782164,0.1628222368408989,0.15776257343936836,0.15169673852402246,0.14523020499036415,0.1392564933818269,0.13377966184943751,0.12876933216816366,0.1242350538369993,0.11942499999999999
12-01-2026 15:10,25785.05,0.1349743428754008,0.12855928391021304,0.12210781110596085,0.11741457137132866,0.11427251874796589,0.11164251362833712,0.10929763966101412,0.10738306106438528,0.1058121968850775,0.10484099015910175,0.10484873248411597,0.10517803458664697,0.1059372185842534,0.1282477169315977,0.1706527581837487,0.18762471206681186,0.18280384865846494,0.17747195707244137,0.17076511728572843,0.1644938015110291,0.15803794720251943,0.15073698851344344,0.1448942213531034,0.14006618470517923,0.13453140195752744,0.1289801984433584,0.12421331873318779,0.1193449999999999
12-01-2026 15:15,25782.95,0.1399613997403216,0.1321187576980102,0.12464958452223074,0.11951543067073878,0.11625077337429397,0.11337608182832365,0.11065912713654516,0.10838774136786788,0.1065743716654013,0.10528383253578157,0.10489085339743791,0.10509374828936366,0.10596385887662724,0.1288764556106982,0.1716456685266924,0.18826422018676353,0.18315992571425063,0.17784311336227093,0.17190361837415982,0.16566569860932226,0.15824121193561133,0.15109287565519292,0.14582012205293796,0.140823113893839,0.13493385306214245,0.1289372538159608,0.12368966163389024,0.1189275
12-01-2026 15:20,25786.05,0.1387289067536302,0.13038119477297563,0.12379683035563846,0.11970308998116791,0.11606110328002125,0.11254491951410965,0.1100023778821473,0.10797573070008924,0.1061635513133978,0.10473814982847092,0.10408078961108297,0.10414326255949075,0.10514519434512759,0.12856,0.1726900217633462,0.19073369973614698,0.1850360960867773,0.17796856484602327,0.17175567817287363,0.16593893058800224,0.15881472492352322,0.15237479869878018,0.14716916686333564,0.14177483940981575,0.1358521240918531,0.12952531575137852,0.1236375867736764,0.11891249999999999
12-01-2026 15:25,25801.35,0.125763940913912,0.11907433979844713,0.11503945231104286,0.11417171030450647,0.11141758549807511,0.10750537804540865,0.10600902810771094,0.10490262149830261,0.10325326325128423,0.10212458526812009,0.1015142878858913,0.10154702667176538,0.10279439014131381,0.126949375,0.173328125,0.19300579279713645,0.1868342218744036,0.17943537577309907,0.1729545310953578,0.16715717134910354,0.16097677052450973,0.1544617422990374,0.14798441873751092,0.14212861951191172,0.13690472763763015,0.13120204131928662,0.12533418365865415,0.120065
13-01-2026 09:15,25853.0,0.11582249999999998,0.11122957750519366,0.1094149478299918,0.11011257153588448,0.10825071728170842,0.10478910317539736,0.10375031319398,0.10293848058383727,0.10137968612667075,0.10051880195776938,0.09995000491069958,0.10002188453403998,0.10147335258385051,0.1262100817080496,0.17383516341609917,0.19385413080031028,0.18739959452937383,0.18067552315692129,0.17457843698901418,0.1686101388456204,0.16242588862223536,0.15547306089315005,0.14836749278225866,0.1422541958693532,0.1373689543692861,0.13238040902126574,0.12694148294331944,0.12132
13-01-2026 09:20,25825.4,0.10913,0.10928171475451065,0.1069212069317345,0.10612455327747941,0.1045602936210813,0.10224448573949488,0.10155223328091625,0.10105760541062392,0.10030585087583532,0.0998394517601347,0.09972073292409969,0.10020442273576999,0.10177590840023588,0.1264870470188795,0.1737390940377591,0.19391571609625988,0.1880294332893412,0.1809683444172016,0.17466433255791247,0.1688026508281029,0.16228128781534185,0.15518829447310997,0.14871810864690665,0.14316116137430604,0.1380934899495983,0.133449369828647,0.12864370496391614,0.12314999999999998
13-01-2026 09:25,25818.35,0.09345999999999999,0.10347520777417189,0.1007099515345096,0.09877961034419785,0.09781913826705599,0.09641682541961594,0.09712951899826464,0.09774567393475468,0.09805627307557703,0.0983863598325183,0.09903462031420933,0.10010838659230399,0.10201452813913632,0.1267057239136103,0.1729376978272206,0.1928235754761103,0.18814253940897807,0.18124853036714247,0.17433106713889046,0.16838135271206933,0.16213218792858614,0.15556558508495794,0.14959620136707555,0.14437773753625227,0.13927379407535323,0.1349058956424153,0.13070154703537393,0.1255475
13-01-2026 09:30,25766.85,0.09523,0.10627530272384295,0.1031152747716765,0.10027351803385064,0.0991097338338823,0.09759182615481735,0.09859781327688145,0.09952855724707625,0.09981221298193549,0.10029928216503668,0.10110245937841866,0.102314601309608,0.10437377266296734,0.1284768836027803,0.17287126720556067,0.1910447910136624,0.1861920406271808,0.1802420280632033,0.17365330526364375,0.1673681620636696,0.16105312448405806,0.15468432597263396,0.14878111140865258,0.1434346447730673,0.13833620556345574,0.1335224019933917,0.1289076519388125,0.12437999999999988
13-01-2026 09:35,25737.7,0.1114102377773448,0.11478249838931535,0.11127410368275505,0.10791646857141653,0.10601609001603632,0.10447110024611961,0.10444923166468195,0.10462589737738835,0.10448536454963983,0.10448957858251831,0.10491980781420931,0.1058896756548039,0.10772409721521628,0.130701875,0.17338874999999987,0.190359986696764,0.184490605366734,0.17851285388426408,0.17224378557589695,0.16582959227374316,0.1595749131494609,0.1531808370639353,0.1469735928369609,0.14135638914874327,0.1361934727155928,0.1308213875599245,0.12559266166057065,0.12144999999999999
13-01-2026 09:40,25732.1,0.1146579755546897,0.11387177149129234,0.11181293410464337,0.1085176304298581,0.10615136994415213,0.10574144680150015,0.10591045603497184,0.10558630442759563,0.1049391857688871,0.10464152054349542,0.105058875,0.1060384999999999,0.1078567697650183,0.1304415812014646,0.1725825374029292,0.1899539104873466,0.18459678338588525,0.17827688397338198,0.1716703185691985,0.165281525321643,0.15901204916894918,0.15255377425711208,0.1463231507314491,0.14072582219664312,0.1356385410452964,0.1304939554987122,0.12545735817403528,0.1210199999999999
13-01-2026 09:45,25766.4,0.1131252377773448,0.11046661938841511,0.10907497556888406,0.10566490972750489,0.10314833212374876,0.10341958289952884,0.10417575800460044,0.10398752603755759,0.10298576443871149,0.10256912978415487,0.10312314264813059,0.10426682665193301,0.1063298931156672,0.1292894124029291,0.1716176060168642,0.18943456779466564,0.1849132660535423,0.17869352382763756,0.1719075390625,0.1655500641097059,0.15871285138287947,0.15165928940781964,0.1458786365247219,0.14092457574647282,0.13597621100967286,0.13132457699682148,0.12725423162704405,0.12334401512291299
13-01-2026 09:50,25750.85,0.11213749999999999,0.10969402328688968,0.1082533331394039,0.106196370110622,0.10474624519908546,0.10408060716997942,0.10380964623005284,0.10376682161252875,0.1033203939381058,0.10312139325032367,0.10362681654626128,0.10474549705386606,0.1068911722487796,0.1300659562014646,0.17233572482494086,0.18958304872704154,0.18405374498215232,0.17686503646244592,0.17011800922907402,0.16446180554608694,0.15816031898559227,0.15123442769080078,0.14532279508755735,0.14038073889493938,0.13568638062680674,0.1314912340426426,0.12813082262908812,0.1249780302458259
13-01-2026 09:55,25731.0,0.1164375,0.1144324374999999,0.1126281731237183,0.11166016239746449,0.11079058010999238,0.10878582645996449,0.10708210281121831,0.106573546875,0.10635798437499991,0.1062378609351422,0.1065445076238772,0.10748169256177577,0.1117752079933405,0.1365851194889266,0.1752769659554691,0.18934016493525008,0.18272138128664336,0.1742971008983967,0.16726252777519773,0.16229292419354593,0.15729059404623555,0.1512950685615911,0.14476737727674552,0.13891089089953262,0.13423602666209486,0.1300245495948206,0.12600204412704405,0.12196401512291298
13-01-2026 10:00,25714.65,0.1284975,0.12461298437499989,0.12121666468685914,0.11873769838623219,0.11637524708624619,0.11369097963623219,0.11152510218685914,0.11025780468749999,0.1095163046874999,0.10903424760095615,0.1089447190811259,0.10965438562780175,0.11608790535988679,0.1423618693484694,0.1773413694889265,0.1882230316142007,0.18188509332904124,0.17456857672349113,0.16768104249134191,0.1621071318919394,0.15687670332246625,0.1509108513339979,0.14427409084945553,0.13789996928898438,0.13254014971759473,0.1279801984710609,0.12344470255449451,0.11854499999999998
13-01-2026 10:05,25746.85,0.1256925,0.12200912499999989,0.11845937499999999,0.1154543281249999,0.11299593718926426,0.1111090610786422,0.10955230246625593,0.10833657670364219,0.10769289031426427,0.10738297536297807,0.107367702610012,0.10815073602607522,0.11233594280914408,0.1367990052301591,0.1751813097444632,0.18851814935391464,0.18198111562379382,0.17533693393289265,0.16934923612761074,0.16385104726405367,0.1578893352124845,0.15139962831514775,0.1450051072719837,0.1387267943123019,0.13307008646973473,0.1286016685297176,0.12447717248768427,0.12008988489246929
13-01-2026 10:10,25759.95,0.1111075,0.10981058593749989,0.10783083593749998,0.1060630390624999,0.10502820786934698,0.1044466842352592,0.10377967929432443,0.1032775514227592,0.10329102818184699,0.10354037499999999,0.10402360631713269,0.10504377880811619,0.10704766529446708,0.1303666303706162,0.173304375,0.19028950520376192,0.183592498524902,0.1761415878799944,0.1701513862991164,0.16509950666434076,0.15883994287965741,0.15200722425810645,0.14597010714620814,0.14004630608079263,0.13453214231781271,0.1302223684091002,0.1266344441043686,0.12329601906515229
13-01-2026 10:15,25754.7,0.109785,0.10897934670412816,0.1068206951756704,0.10471855333824684,0.10363157449248656,0.10302325142441045,0.1024226402614664,0.10219722402376766,0.10237845573340112,0.1026434296874999,0.1032316328124999,0.10433601973564703,0.10911776635176298,0.13553440770352607,0.1759054265216373,0.19041170558721235,0.18459950301854033,0.17774890515659084,0.17123956395325576,0.16546261257169842,0.15896601607803945,0.15210819638326945,0.1462176323819432,0.14042720291292501,0.1346118834169565,0.13005732210479312,0.12653775908866244,0.1232223834528966
13-01-2026 10:20,25761.35,0.12253999999999998,0.11927911528325641,0.11510429660134079,0.11137652918972016,0.10865962206709913,0.10662038904737918,0.10556712856309323,0.10506507779455311,0.10469079442831841,0.1044822734375,0.1046560624999999,0.10553330509629397,0.1128982827035261,0.1417538154070523,0.17844471243159757,0.18954447976608588,0.18426526413810687,0.1781166323867679,0.17142855311460237,0.1652836892238036,0.15889269009890816,0.15215913361726283,0.1459042882722616,0.13996222953653892,0.13423921990381943,0.1293075043828681,0.12519929221933188,0.1215283509459633
13-01-2026 10:25,25770.15,0.13375499999999999,0.125621789555991,0.1192154792522565,0.11528762242346952,0.11203718962530501,0.10902936900587193,0.10767865188306971,0.10711694057037888,0.10649985383207695,0.1058033916613598,0.10522201438741452,0.10575399095420981,0.11031600179387492,0.1360812719732649,0.1758017969766243,0.1902936632226203,0.18534175654873516,0.17908926558727659,0.17202525789720208,0.16547296005912984,0.15885518024073672,0.15188215116452947,0.14498789710288656,0.13917694655372656,0.13411653525300252,0.12891766701429835,0.12458759070850345,0.12127420333149928
13-01-2026 10:30,25804.6,0.1322525,0.12019065914122563,0.11308013846567229,0.11071212063076602,0.1089040588706097,0.10659976405030565,0.10534794164873819,0.10512192101185945,0.10502672696465111,0.10434382555042843,0.1034506320972915,0.10396210391834279,0.10599078208734841,0.1289979997894499,0.172547279074633,0.19145552697137525,0.18702110261658159,0.1807395075221618,0.17357048648237686,0.16637689195566926,0.15964166378080838,0.1526567791662341,0.14523244998086077,0.1397732243212905,0.13517100306549953,0.12970795908620644,0.12518744282159502,0.1215696016657496
13-01-2026 10:35,25783.95,0.12304499999999999,0.1116925209768628,0.1066714012640861,0.10628716155876983,0.10558316406249989,0.10405511676151945,0.10302353503296262,0.10281708454551586,0.10293736899557145,0.10264469267093809,0.10246616255271732,0.10329325192593089,0.10514744780623914,0.1283185317696836,0.17195475246024228,0.1906251259743991,0.18625853605466475,0.18051880889897745,0.17371253618067162,0.1663020686833556,0.15945772266071212,0.15305000800371826,0.14655081182625213,0.14107497581003248,0.1359884922271645,0.1306416497030678,0.12580381034936017,0.12145999999999998
13-01-2026 10:40,25772.4,0.11656583032770099,0.10890958777147332,0.10559526429644676,0.10634252207132519,0.10622565355180477,0.1048861470713252,0.10394286840177176,0.10342649436413284,0.10314619117549718,0.10287455346103055,0.10335626761321834,0.10447831915858503,0.10595671768138054,0.1291448962499724,0.17221442467920417,0.18926017429813188,0.1844926465942127,0.1794108058580585,0.17281620232420017,0.16526700435809946,0.15792241751227457,0.15189454696959273,0.14662625802628154,0.1408263855711937,0.13488214321836614,0.1297807192380662,0.12519542992010685,0.1206725
13-01-2026 10:45,25763.45,0.11669416065540208,0.11212174189174293,0.10852285962290888,0.10815473415712851,0.10759858636078953,0.1057634931417677,0.10452010807365072,0.10397589582823927,0.1031943457107653,0.10250656228179553,0.1029244805828779,0.10396635618243394,0.10552736339537791,0.1289831249999999,0.1723825123312161,0.18942715550746309,0.1843808600308805,0.17895079536995118,0.1721856673817738,0.16502012808009295,0.1581179298775683,0.15194186420703082,0.14619730270954095,0.140281906116797,0.13395857078685033,0.12796634626177697,0.1235714636177823,0.120065
13-01-2026 10:50,25794.3,0.1186582863342142,0.11683456857073483,0.11336551996899744,0.11084964185043329,0.10887689207831665,0.10634245684356008,0.10442265011693512,0.10366186734413055,0.10257505079653059,0.10162397270526903,0.1018201960165107,0.1025909000708654,0.10430211123370935,0.1280663063208655,0.1719405721042853,0.18962916115596345,0.18443864241678531,0.17840146725346953,0.17135119492094647,0.16434902658063152,0.15823510961725504,0.15233624366557158,0.14607791799766756,0.14013514377688807,0.13381337883975436,0.12717217215725138,0.1226185016527919,0.119835
13-01-2026 10:55,25765.7,0.11695741201302629,0.11795225473963417,0.11440016669255582,0.11114091452803183,0.10952079878591754,0.10798746488255132,0.10605123309960583,0.10423144433372013,0.10297171665519562,0.10224086135263447,0.1023225138366175,0.1030090522419076,0.1046508268105802,0.1280817319294077,0.1712770406568076,0.1886490615471951,0.18348641841773033,0.17719253377386024,0.16980686513018398,0.16288611778508125,0.15723362043293285,0.15173427639364329,0.14554864068283513,0.13954317575298217,0.13373611182188036,0.1277137784481376,0.12265513538006272,0.11904749999999999
13-01-2026 11:00,25784.9,0.1182799560065131,0.11697705122666889,0.11273716392502034,0.11021152665165188,0.10953474747691476,0.10897352447902223,0.10728527847866406,0.10484200423216108,0.10354190440725636,0.1030451171874999,0.10306404899870263,0.10380261520871889,0.10540576523253242,0.1284507948962189,0.1710903313136153,0.18807576489859257,0.18272929835914176,0.17612499074268015,0.16903173983370948,0.1628799226324702,0.1571715292016005,0.15134402491557158,0.14512434913225705,0.1391000063921577,0.13365293949304247,0.1280888009031433,0.12297990394116234,0.1196464091232777
13-01-2026 11:05,25771.65,0.123505,0.11699130468749991,0.11352749218749988,0.11190544032575003,0.11029362516622492,0.10879701068941927,0.10702955675958796,0.1052849537102432,0.1041357335227753,0.10343089353567567,0.10334760909640799,0.1040681339626473,0.10565933879497841,0.1285624777126473,0.17117599217201096,0.18813600096062627,0.1825379570427958,0.17605908246638347,0.16965414052315303,0.16361780135722273,0.15730144807342272,0.1510939765625,0.14486215899000746,0.13905222808674042,0.13404104983350443,0.12928721708306637,0.12543507386883826,0.123430905975177
13-01-2026 11:10,25787.85,0.12109291429093319,0.11408183301441815,0.11225048432452736,0.11134127244412326,0.10913045939339568,0.10704206979300644,0.10542628423962612,0.10438768687016692,0.10340712822650287,0.10256709957135123,0.10253674802312417,0.10334189653744119,0.10493349234113387,0.1279373418499412,0.1708691530304066,0.18808189872675538,0.1828039348665877,0.17686621478933764,0.170466922461181,0.16400724778794257,0.15738242401173178,0.15087234699348281,0.1446972845254783,0.13937061329324796,0.13492898414369325,0.13089153092155859,0.1278411394063792,0.1261167445501753
13-01-2026 11:15,25787.55,0.1189458285818665,0.11295611134133625,0.11077614052405493,0.10937166988824659,0.10732837499999999,0.10539714353567557,0.10374071722905359,0.1027622991419546,0.10203375608245309,0.10137632398207708,0.10142454958371153,0.10221152580516923,0.10372938288931682,0.1270571084249706,0.1706902015152033,0.1882920776800265,0.18300942026520328,0.17702319001893993,0.170403703125,0.16382054009248068,0.15718226989846362,0.1505263267994656,0.1444585353692921,0.13920771732802373,0.13427948474497775,0.1295123899954657,0.12579990301101032,0.1230789076679305
13-01-2026 11:20,25784.1,0.1236854142909332,0.11778559082691807,0.11322300029847934,0.11019408161027486,0.1078938598218994,0.1058525357286515,0.10396959326722634,0.10274611197235349,0.1020629795129328,0.10149663935640842,0.10141709541391446,0.10203419167123079,0.1035687124034714,0.126942847846684,0.1707324999999999,0.1882310202381633,0.18236866809537258,0.17621279367566328,0.16974540494047702,0.16315880084200257,0.1565263720477058,0.14993419709890657,0.14391797706129014,0.13831052423248652,0.1326352748827257,0.1273754865144783,0.12304083030470718,0.11888415996965448
13-01-2026 11:25,25786.2,0.1266375,0.12202477668872172,0.11629699517065017,0.11241410858785233,0.10995302609331437,0.10761927709229588,0.10528697918060279,0.10364973115691392,0.10286821725906097,0.10229159099085147,0.10208728520513052,0.10259047495186543,0.10411809668194293,0.127286945693368,0.1708606249999999,0.1880780248513267,0.1818117190032453,0.1756525639138267,0.16932255988095407,0.16279906940402433,0.15619947419694807,0.14952263771084748,0.14345480141161676,0.13762956788563796,0.1318868576921031,0.12693594185966223,0.12254860252645192,0.1181143611213026
13-01-2026 11:30,25793.55,0.12351499999999999,0.12095059947676631,0.11609118003175878,0.11216875563568515,0.1098321992834305,0.10744408762363707,0.10480527809562051,0.10311161036757135,0.10245738590825197,0.10201724333282539,0.10196210327182363,0.10249269129601749,0.10628310826073575,0.13172251223193618,0.1726629954890619,0.1879900313993648,0.18218816801575594,0.17573084978515904,0.16939664610130023,0.16314456955245996,0.156808752723474,0.15028219385542374,0.14393559211205834,0.1380327698046518,0.13233615716768057,0.1271272731671795,0.12284181917210572,0.11906372224260528
13-01-2026 11:35,25814.5,0.1125475,0.11416782781235393,0.11024466219921787,0.10641239444967214,0.10484955218465507,0.10320932282249269,0.10138067140583783,0.10023813825282138,0.09979422663655498,0.09963511888672272,0.09995771019191632,0.10073776252036838,0.10704116678081384,0.135044334073324,0.17366037658376318,0.18753406668772246,0.18269140615705173,0.17622722159399137,0.1699775135716464,0.16392602552041244,0.1575163171238488,0.1509485741711639,0.1447302389988488,0.1391959489443357,0.13330691873550837,0.12752983359988315,0.12343971596034214,0.1196968611213027
13-01-2026 11:40,25811.5,0.1081825,0.1099303034764307,0.10532379240084118,0.10238431254007477,0.1021048745094167,0.1007746395413801,0.09924809056000715,0.0987517664913893,0.0986899715592181,0.09861418123956286,0.0990315520897289,0.0997945890013887,0.10377218845122864,0.1295072015575517,0.1707095370130001,0.1870724147356705,0.18248451346115782,0.17625616548449563,0.1698636786608232,0.1636548175832315,0.15699339206019758,0.15017916396732783,0.14431231393519758,0.13918063412224566,0.13337663364895827,0.1275902017077076,0.12334096271388811,0.1192725
13-01-2026 11:45,25782.05,0.11082499999999999,0.10742745047925577,0.10305603988402444,0.10245386226902153,0.10311472275091478,0.10142579470776039,0.09940773204782669,0.09917703689526039,0.09942392516506905,0.09945331455755842,0.10000433703879577,0.10059478813973584,0.1019473885926591,0.12520568343614,0.1686274262309585,0.1863769914816484,0.18107183251525255,0.1751128341110955,0.16861141717524433,0.16211494320537362,0.1560371829679535,0.1497725205410902,0.1436765671238488,0.13822514810005188,0.1328428649268064,0.1275177347347723,0.12290101305773601,0.1187693207358825
13-01-2026 11:50,25785.0,0.11249,0.10500107433052545,0.10096117336375804,0.10129651743712757,0.10226435039820142,0.10113681115352416,0.09948544414891339,0.0991422254788801,0.09931080326097556,0.09960375673815358,0.10041468075252909,0.10110922649335811,0.10239522779356594,0.1256412765666602,0.1688402703126596,0.1856351840761681,0.17959528873582234,0.17384596924698897,0.16729297102183385,0.16055125543980794,0.1552861105470546,0.14978420938965067,0.14344362528630797,0.13757750727963647,0.13230477102585317,0.12731514429491567,0.12269425731721939,0.11883614147176519
13-01-2026 11:55,25762.65,0.11937,0.10934405554428202,0.10349611653283493,0.10243855113248614,0.10287927065562748,0.10220643155821048,0.101053793276305,0.10052149582226487,0.10033078341609905,0.1003919306818388,0.10096346648875405,0.1017562007823267,0.10329494422858596,0.126295625,0.168776875,0.1852642861786691,0.17914900875755907,0.17299365491069155,0.16627187801793483,0.15969409446383628,0.15424283759255097,0.14848435374745253,0.14239815991587162,0.1367119040510638,0.13137281895720346,0.12620588489769932,0.12135657348177172,0.11793932073588259
13-01-2026 12:00,25747.9,0.1197675,0.11209438911610793,0.1075960780794261,0.10629642093109308,0.10565410544820239,0.10436702041108169,0.10310780307401798,0.10255896065062244,0.10218777151674865,0.10191465323034513,0.1022062812499999,0.1029547734374999,0.10463914934087427,0.1270331972699495,0.1684088945398991,0.18486771289494947,0.17885857902837435,0.17215937914979804,0.16555839448384518,0.15938998406506855,0.1530239865542811,0.14636627325666193,0.14068424565197254,0.13549378374718749,0.13035998561317466,0.12488462960517846,0.11951259548614473,0.1163675
13-01-2026 12:05,25735.35,0.1151934358376153,0.10990826181051389,0.10759752519598884,0.10757993475009504,0.10662287448709071,0.10437863897601068,0.10275122476681736,0.10235167602195017,0.10224674914208232,0.10217543208392256,0.10258176562499989,0.1033841640624999,0.10511732211924862,0.1271251445398991,0.1677665390797983,0.1841872070398991,0.17838390805674872,0.17163053124999988,0.16525658593749998,0.15929237704843732,0.1524438904374853,0.14540754936047676,0.13996221265294267,0.13504414037709064,0.13016476364350935,0.12458954776403841,0.11898196045415957,0.11620749999999988
13-01-2026 12:10,25733.45,0.1150668716752306,0.10930703111433183,0.10739658356929818,0.10806293339146932,0.10702243096981132,0.10397663749706526,0.1019053136030429,0.1017287247372596,0.10196237497718448,0.10204994531249999,0.10252661718749989,0.10346551122318072,0.10768135969533217,0.1320568679788653,0.169836667394357,0.1835390913056303,0.17799364126462017,0.17121773464100537,0.16441342544596707,0.1586185332158491,0.15245156201704518,0.14585130751591527,0.1403437562694147,0.1353014311936915,0.13037480673205634,0.12490176670616054,0.11951148020695723,0.1166125
13-01-2026 12:15,25722.55,0.1137184358376153,0.10923667529798983,0.10838898330266444,0.10845169549279297,0.10720909058155667,0.10483176902156104,0.10257117044183234,0.10217303171307328,0.10248663783859156,0.102454234375,0.10280342968749989,0.10378714744636144,0.11046663945891579,0.1371910914178316,0.1721517957089157,0.1830586884920025,0.1774678768737774,0.1704616263683001,0.16327464235571992,0.15778809246097047,0.15265784459959938,0.1467160991434021,0.1405377064296549,0.13480737750101482,0.1299459256941427,0.12509201338708845,0.1202274450577426,0.1162009879662637
13-01-2026 12:20,25724.7,0.11214499999999998,0.11087122043145489,0.1102692176163464,0.10900135581986808,0.10739345361114773,0.10589901657179325,0.10417419190934413,0.10333382640895566,0.10322548688804573,0.10307189062499998,0.1033165156249999,0.10421214403568071,0.10850815725413848,0.1324719226833626,0.16922052680335156,0.18234009528890965,0.176769651778366,0.16968963709230708,0.16265411952723008,0.15734515334802163,0.15241392729824998,0.14659848132489556,0.1400003234175384,0.13388148347385131,0.1291948723315482,0.1248013194226834,0.12017121727021009,0.1153994759325275
13-01-2026 12:25,25714.0,0.11379499999999998,0.11392128906249989,0.11228695312499999,0.10995391654085926,0.10763074514374908,0.10575083689327956,0.10469831811954688,0.10424344991718326,0.10399802236355228,0.1036219083763239,0.10368123807528604,0.1047304110840667,0.10684052639351799,0.1279040869079604,0.1658356042629792,0.1802376237897662,0.17479767245819777,0.1687240352245214,0.16225682093737745,0.15674751180350704,0.15144561237964588,0.14570796395835645,0.13944977791326046,0.13346107391859743,0.12851509159529928,0.12385415833144799,0.11943278416630074,0.1149734879662637
13-01-2026 12:30,25723.0,0.116545,0.1136327031249999,0.11040198437499998,0.10771920205130989,0.10562035941729869,0.10396254815911986,0.10302128891528109,0.10298526678216478,0.1031960615134458,0.10280865086776278,0.10288802941844921,0.10449086120415607,0.10708769837475803,0.1281146451263847,0.1655041966792773,0.17887260487740986,0.1731661983736785,0.16786700652746925,0.16201474791021028,0.1565019615190359,0.15121103830977303,0.1458433192763238,0.13967931775579173,0.13356028737084238,0.12836108543851907,0.12364907936658939,0.11994277849263815,0.1166890602125137
13-01-2026 12:35,25717.45,0.1174949999999999,0.1119216953124999,0.10820356249999999,0.10581962499999989,0.1041607343749999,0.10300846685428457,0.10199547600607119,0.10167362308273781,0.10189004031123469,0.10181804535655375,0.10228921961104014,0.10406997128479926,0.1091228317126761,0.1328221780166594,0.1685061666601837,0.1803827612537282,0.17435161129456242,0.16790774176583678,0.16149601827784,0.15619082064351328,0.1514720187283721,0.1459397368154295,0.1393468214495106,0.13348481792941133,0.1286489511143893,0.12424691864506118,0.1210462498105724,0.119146796815791
13-01-2026 12:40,25710.25,0.11241749999999999,0.10808141964805734,0.10539278658420119,0.10383044440261502,0.1026622734374999,0.10182425686464222,0.10113263510888669,0.1008550057907068,0.10103616416407653,0.10142817902144896,0.10233644051257429,0.10384101226223137,0.11104854769198291,0.1375492584137722,0.1713346405899839,0.18157447429199336,0.17567613399799412,0.16882016792107887,0.16222630026345847,0.15667929956635612,0.15181214795655495,0.1459510506486814,0.13922029337914002,0.13388844405335198,0.1295140332563222,0.12515517960827927,0.121678600643013,0.1195389129940407
13-01-2026 12:45,25702.9,0.10547,0.10411786938872031,0.10207348371113688,0.10086691401191283,0.10079295962804687,0.10067938108950049,0.10032646093749989,0.1003335156249999,0.10076981819297084,0.10154376793766819,0.10272893855189467,0.1041473281913555,0.10898403692546274,0.1331540155899839,0.1688678773667588,0.18108697846743965,0.17552517652028438,0.16928517870473403,0.1633304858896992,0.15773542882772154,0.15228825820642736,0.14636930668521836,0.14000897283723826,0.1348846645720162,0.13044643444365336,0.1259028221784512,0.12187666082513307,0.1183536763907635
13-01-2026 12:50,25667.1,0.1080375,0.1059485222925696,0.10319518866645135,0.10157436416760014,0.10208727757580882,0.10236783394315367,0.1017991171874999,0.10164445312499999,0.10199304502393028,0.1026887894144217,0.10387842615604953,0.10793915349849381,0.1153273968959595,0.1365023426033211,0.16874166544252686,0.1802526918821069,0.174239216705218,0.168122916811884,0.1626024400753968,0.1571611390531935,0.15153499926582803,0.1455175802536691,0.13944220983063835,0.13443997326579962,0.13005357299677592,0.12572701354026938,0.12181464519919841,0.1182090337763516
13-01-2026 12:55,25659.75,0.113185,0.1087765290737077,0.10566506472379676,0.10377097484742172,0.10368551220497707,0.10364618086780576,0.10287605468749988,0.1025262968749999,0.10267844372988968,0.1032592171411752,0.10450015655829775,0.11145641603178912,0.1240193767602008,0.144654109054112,0.1713422846697533,0.17982970183284133,0.1731025964876618,0.1672567523871289,0.16183774640676846,0.156074346979777,0.15039264439799696,0.1442376596076925,0.13792677186466165,0.13289355908325134,0.12901614405641396,0.12521066156112032,0.12167683727339694,0.11865556755270329
13-01-2026 13:00,25645.05,0.1119696048357823,0.1102655896359702,0.10828381413689292,0.10645077364842499,0.10510355362666349,0.10399963815943837,0.10333823436944839,0.1030482089843055,0.10306942108369484,0.10369145232058759,0.10501921982003894,0.10983406618154273,0.1201859449587273,0.1428367734092566,0.1716177178544913,0.17994572796352803,0.1732802077403103,0.1676052351286837,0.16195738509338492,0.15595059121878677,0.15024355563086644,0.14388748341790455,0.13706986677474872,0.13193477520763058,0.12822962281735664,0.12430987625143243,0.12043919207419841,0.1168840337763516
13-01-2026 13:05,25639.05,0.1100017096715646,0.11098206310333837,0.10965359644328246,0.10837739351331731,0.10681154231469144,0.10475332708527757,0.10394856080494676,0.1038536983328949,0.10390930098508548,0.10439619442678379,0.10560460806024297,0.11034987363665673,0.12290783517789794,0.14799191161931807,0.1743851248669074,0.180558545115828,0.17440108563314846,0.1686813105026993,0.16278514936695487,0.15631324176028524,0.14982851366576425,0.14371689558940817,0.13753421258145113,0.13232579491948462,0.12824427950744532,0.12380012863485122,0.11935974296662143,0.1156575
13-01-2026 13:10,25669.25,0.1124921048357823,0.11081732842666914,0.10915106377872946,0.10858541788621781,0.10754848836199721,0.10535542413646728,0.10400162749816771,0.1039557888388692,0.10433407674895881,0.10480377335042029,0.105866838410102,0.11279449889997396,0.12779948853684928,0.1508018651281494,0.1746729029022027,0.1808769588423028,0.17500755783185684,0.16943795540490825,0.16368342432199137,0.1568394575951596,0.14962792858313703,0.1439646658738321,0.13853506947441985,0.13298779801223345,0.12871204283792165,0.12410749108383579,0.11935136513672004,0.1163125
13-01-2026 13:15,25650.75,0.1178725,0.11286539549479174,0.11090477347167266,0.11010980460862607,0.10858867846254476,0.10650631072024667,0.1048753926319392,0.10448432126757284,0.10483600030281133,0.10548236810499106,0.10652933103375488,0.11063806305626035,0.12063364180865133,0.1435544817605318,0.1723342261135723,0.18102089867816695,0.1749380659447451,0.16933281404282957,0.1634737948039033,0.156579092062652,0.15021469284262035,0.14497335028987454,0.1391304867888298,0.13306075910639292,0.12845549392879987,0.12391909966908296,0.11924797355055416,0.116205
13-01-2026 13:20,25659.9,0.12101499999999998,0.11542405661458367,0.11231469538040884,0.11035051543232557,0.10836949727073084,0.10642024520025876,0.10489124228010123,0.1042070947410898,0.1042467242990884,0.10487523292835645,0.10601761046028313,0.10788599911807278,0.1154709171262739,0.14085435962747267,0.1727425352106757,0.18191242191807863,0.17584753866767006,0.1695388272628735,0.16219805109604823,0.15515639895153166,0.1502341303306978,0.1453319607026615,0.13916032799750297,0.13320081915511853,0.1281861477769517,0.12366614020373756,0.119393721994934,0.11581999999999988
13-01-2026 13:25,25660.75,0.1203974999999999,0.11554341403867326,0.11124636622049687,0.10850827048116995,0.10714119231807029,0.10560887221235477,0.10411073134901243,0.10337020577629683,0.1032672966351503,0.10375968593450177,0.10493018483646101,0.1071389838379875,0.11274037420938017,0.1359358531429146,0.17046799638836108,0.18195760710301748,0.17569182731055205,0.16902615554312495,0.16152703833508988,0.15523458188266515,0.15072550869106513,0.14522827435372007,0.13882787879008937,0.13337755146879118,0.1285018884933735,0.1239222015267206,0.11978594873947843,0.11573749999999998
13-01-2026 13:30,25661.85,0.117085,0.11321086521276293,0.10947079765922266,0.10714410171701431,0.10647664340636076,0.10553107453072566,0.10400228962839086,0.10308192360847127,0.10291168749999989,0.1033299843749999,0.10444706507448046,0.1063789090834443,0.1094269973016835,0.1305986986589087,0.1680201104009285,0.18191570921642203,0.1753808254517173,0.16909396969530233,0.1626524392189185,0.15664506593939007,0.15163492204955314,0.14579245772835395,0.1393232544941099,0.13356989850124598,0.12842323186305402,0.12397970677097489,0.11995778910807468,0.11572
13-01-2026 13:35,25679.45,0.11394999999999998,0.11134784120250842,0.1087796946381815,0.10680396527088729,0.10600477285148789,0.10515684783605908,0.1035737668199252,0.10247949679264715,0.10233655395931399,0.10276681357759325,0.1039200684776952,0.10567379050440859,0.10845880192458049,0.1300266539664389,0.1681358079328779,0.18269408744984858,0.17668252207408008,0.17036248160142983,0.1634486830746847,0.15642019784995165,0.1506772688115273,0.1453438509841644,0.13953365476822432,0.13345920468993813,0.12787195190160125,0.12361698385444998,0.11977182040364938,0.1155375
13-01-2026 13:40,25665.55,0.113895,0.11159124045866708,0.10940222755229939,0.10730380239648427,0.10593526668292944,0.1048329721489028,0.10346986858048621,0.10253925705444128,0.10246909385530306,0.1027579324697691,0.10378298959994776,0.10557826850881728,0.10836388831540517,0.1297435652324137,0.1676540054648273,0.18205308905868078,0.17563375102153855,0.16917690095639212,0.1626916402833522,0.15569584990565064,0.1493010100883277,0.14397062437805114,0.13869991096222462,0.1330598046919513,0.12775166345080063,0.12331387144821924,0.11933324576710339,0.1152176967181608
13-01-2026 13:45,25671.3,0.115605,0.11180814575395324,0.10893472015911679,0.1068877635265279,0.10528629817879685,0.10409035666268097,0.10313269179951462,0.1025968429131142,0.10267235892928206,0.10275250208004574,0.10351350540428836,0.10528939206690868,0.10814441681395248,0.1294408451162068,0.1672941902324136,0.18119454120624107,0.17371955740806144,0.16714185796247025,0.16177378594448322,0.15556517009737986,0.14888627620663414,0.1433032528239351,0.13824728365967054,0.13299439760432535,0.127989453125,0.12339019654198839,0.11930042894305731,0.1153403934363217
13-01-2026 13:50,25672.15,0.1162025,0.1125089132279604,0.109103213158257,0.10683744772114448,0.10539167595790364,0.10410322675402592,0.10301164949007051,0.1025151499739854,0.10260175620041295,0.10282591318150659,0.10366361834836246,0.10543651562499999,0.1083536484374999,0.129555625,0.1672537499999999,0.1814907347637671,0.17446338273182296,0.16708265622887453,0.16054067819009898,0.15435480323923534,0.14812742699938292,0.14282153673481832,0.13801810171519108,0.13286772853767467,0.12788022753997255,0.12316161787504926,0.11886400074722121,0.1149651967181608
13-01-2026 13:55,25662.15,0.1129925,0.11166858586170715,0.1086107368417555,0.10627996334843848,0.1053734845642756,0.10426643330736172,0.10302263033689232,0.10235108832606957,0.10231176780012166,0.10285786492648559,0.10402968805767471,0.105878703125,0.10884104687499989,0.12983625,0.1664268827765564,0.17987148950497853,0.17363012621276444,0.16672277259372303,0.15970994294446494,0.1538484095562484,0.1486016864533186,0.1432529817034356,0.13784275368127444,0.13277221132750383,0.1280505913517722,0.1232372188956101,0.118739174113885,0.11498499999999999
13-01-2026 14:00,25659.5,0.1102775,0.10956564715127262,0.1069639219746741,0.1050857066411837,0.1042720454604985,0.10325830468875574,0.10236124471556761,0.10186305344971422,0.10187439313300176,0.10256400096062027,0.10393700652554891,0.10593959417146649,0.1111461545977859,0.13434476037717,0.1676000215875188,0.17738726902656066,0.17143975400667041,0.16599658006269963,0.16017186805328928,0.15486506620571203,0.1495604678205855,0.14349951668043437,0.13755375763473476,0.1327452569156127,0.12831566414612672,0.1237032656978051,0.1194399034631924,0.11559999999999998
13-01-2026 14:05,25647.55,0.11183699704602429,0.10904766810739792,0.10700070253674347,0.10533917467314763,0.1037759002606391,0.10252735523911513,0.1018462921107861,0.10156484074036094,0.101819326493098,0.10264467316847367,0.10390269562399969,0.10588414506081545,0.11334909044557179,0.1386957707543402,0.16976439484536826,0.1779463820381856,0.1722991101310951,0.16649357745701748,0.16021886978558095,0.1545583894311019,0.14898489343904267,0.1429574476306611,0.13709647152441062,0.13206006025465647,0.12763507599780458,0.1233398568637622,0.11927930468749989,0.11526499999999999
13-01-2026 14:10,25642.55,0.1139364940920487,0.1094648743375706,0.10765093783509197,0.10587387256918039,0.10383821934049024,0.10250582983367387,0.1016646202282842,0.10130753671596215,0.1016969276799328,0.10259351125257746,0.103682524318311,0.10557367841867524,0.11097457396570426,0.1338094593116957,0.16720440390345717,0.17864005926362908,0.17320585029252325,0.16670260805967974,0.1596116647906402,0.15330603856975844,0.14807725811723715,0.14267345038440468,0.13656247091973756,0.13082598236707593,0.12628062360601403,0.12225444247245933,0.11825569260540533,0.1141649999999999
13-01-2026 14:15,25631.25,0.11370124688947109,0.10962060431616848,0.10713799782330675,0.10526823011324149,0.10357470720117483,0.10240136160575349,0.10160447823386327,0.10115224019863597,0.10134069368189351,0.10211157336081883,0.1034009422139262,0.10550905615327016,0.10882719029833664,0.1290500228690513,0.1640287957381025,0.1774025522083933,0.1719415074498136,0.16583361629118473,0.15920965869720666,0.1527055458472839,0.14722953778733952,0.14204373564673525,0.1361453454160654,0.1300959942330202,0.12488575367246696,0.1209006424543301,0.11738531451268822,0.1133575
13-01-2026 14:20,25627.6,0.1108209996868935,0.10826416241976639,0.10548698298598032,0.1035519670817028,0.10225516472963196,0.10152777623070999,0.10118123504388926,0.1008582062853083,0.10100973671401006,0.1019133791350174,0.10358532136479336,0.1058147398112163,0.10908880675385291,0.1292940739345256,0.16398127286905118,0.17609419094427736,0.16925586983448934,0.163474421899788,0.15818491134367932,0.15236202530082513,0.1464232162988061,0.14077490379511753,0.13547856428786334,0.12999662738661175,0.1244831761254593,0.12037256463383104,0.11724215277166034,0.11344999999999998
13-01-2026 14:25,25619.65,0.1120042498434467,0.11076458902238312,0.10823943669107286,0.1056618415749667,0.10372053694313124,0.10298550786822029,0.10269983501008297,0.10229843712835579,0.10240979876158077,0.1033041588346472,0.1049446129462587,0.10694871612454489,0.11003950133436921,0.1299699999999999,0.1641799999999999,0.1755550522514776,0.1676233428912641,0.16148249796904987,0.15684999628799728,0.1517919337747396,0.14549635066440886,0.13863808578937434,0.13350023124903598,0.12934335573006975,0.1245409684523911,0.1201322833597254,0.11672853933859108,0.113363865239604
13-01-2026 14:30,25622.55,0.1192925,0.11742513203182829,0.11450891213823369,0.11105350768665309,0.10809317579523942,0.10664836002982479,0.10572246376145147,0.1048080690113011,0.10452088891762933,0.10498206596898509,0.10636116419980625,0.10836564618810536,0.11316286039408933,0.1341263940122206,0.1654149268319028,0.17578768180323162,0.16929785782260584,0.1625965838031672,0.1566162551749299,0.15119521080358816,0.14492832667123004,0.13776531501791747,0.13238517155530652,0.12843312460998768,0.12385545916906668,0.11913109531001562,0.11558570113922577,0.1129568639067146
13-01-2026 14:35,25644.0,0.1252075,0.11996361494353952,0.11658475796857751,0.11335428061236479,0.11006305676748211,0.1079643347551013,0.10636862933954619,0.1052385033135101,0.10479520922110627,0.10492716060332308,0.1061708404533538,0.10825232625166584,0.11477081320380943,0.1373346630244414,0.16672047866380568,0.17626712194432767,0.17108959085539802,0.16417953491412648,0.15719981817414982,0.15145830274482996,0.14541429392507169,0.13858247671505727,0.13301822344582215,0.12839290867223616,0.12344965609891174,0.11875413089784695,0.11507876788852812,0.11213463209461709
13-01-2026 14:40,25667.6,0.1248125,0.11691221660409416,0.11361534729140835,0.11129445186862279,0.1082991842690423,0.10613158124958069,0.10448084271437136,0.10378242862765671,0.10377193808317851,0.10377884216290842,0.1045432933322294,0.10632166052812572,0.11330557927534887,0.13721198154660907,0.1679164705990969,0.17771833808175377,0.17219021730269896,0.1653649471445632,0.1588099989308249,0.15309913734800984,0.14682136415207797,0.13991241167005405,0.13439596543524163,0.12962183371372216,0.1245319149734145,0.11992501612953109,0.11585712262125404,0.11182928631539199
13-01-2026 14:45,25695.95,0.1231225,0.11540424150488292,0.11142971416271112,0.10900480444964718,0.10644885546947842,0.1044497945310403,0.1029559697192875,0.10240315200228307,0.10255834225303799,0.10248860965999386,0.10277519152360513,0.10430548699208572,0.1118204703468883,0.1371936750687767,0.1693118375343883,0.17930678859417984,0.1734919687499999,0.1668526484375,0.16055881788430276,0.15431839020101298,0.14767984407998075,0.14136831405396483,0.1360238826005898,0.13097224996192247,0.1258429418617073,0.12108763513544697,0.11668486782525873,0.1121728057757709
13-01-2026 14:50,25698.45,0.1198625,0.1142934765624999,0.1107147265624999,0.10816771432395542,0.10594805997894048,0.10414437232565403,0.10231096670422472,0.10107240867765661,0.10087052433318217,0.10090924365818088,0.1014001092619017,0.10300988991022694,0.108135853415539,0.1313626731563195,0.1663621016471271,0.17922062680482564,0.17403126158986515,0.16763187955633305,0.16131631331472873,0.15449165312033514,0.1472145162251847,0.1414914809392237,0.13666077687165332,0.13121453623242418,0.12559007660190655,0.1207457538713564,0.11652067939076045,0.1119262442307164
13-01-2026 14:55,25717.05,0.09985999999999999,0.10182866406249991,0.10187685937499988,0.10093323247587127,0.1006678402572106,0.10037973384404653,0.09844086526664331,0.09680851155700076,0.09684401197381876,0.09764238949476091,0.09896570956071211,0.10062105466676129,0.10329861407357596,0.1249435462438622,0.16338566292939796,0.17926520348779743,0.17498681253676251,0.16909876907728527,0.16280854797654912,0.1560028037644062,0.14823917036258144,0.14174452830745785,0.13708084546976743,0.1321722909309562,0.12647027994940302,0.12174199608508676,0.1177940747311842,0.11299625802109418
13-01-2026 15:00,25754.0,0.089305,0.09467407495161188,0.0946580302559961,0.0952463746775982,0.09689250110424152,0.09656685948444776,0.09483554615201238,0.09396332639818865,0.09398799384393247,0.09517462016536672,0.09754021259193404,0.09933714164201708,0.10401811369853493,0.1288348083647666,0.1665003885904149,0.18035906841164873,0.1758916474755508,0.17019180392768987,0.16369348308993076,0.15717941749029068,0.14975000413714318,0.14225008124927788,0.13703186294491657,0.13295017298122305,0.12809870933662068,0.12338735540947125,0.11875856900368337,0.1133042420136956
13-01-2026 15:05,25708.75,0.1027575,0.10289338668889109,0.09865069470498679,0.09898914438877257,0.10019468015212443,0.09732571402314377,0.09533172916648817,0.09531226795845579,0.09476933316222735,0.09552425137795593,0.09812380962326069,0.10008616822175617,0.10688491608417502,0.133803570485671,0.1694828949123676,0.18091019459355123,0.17544192248406112,0.16909179091487114,0.16227189277602228,0.15599769568961233,0.14939299047457072,0.1425714942049341,0.1371113160432872,0.1324898809562807,0.12771115581774853,0.12281617835606165,0.11765283118936315,0.1120365753354323
13-01-2026 15:10,25746.05,0.103975,0.10293002508544626,0.09874404082948499,0.09819059788560487,0.09893271138489364,0.09647836795752526,0.0946294493614011,0.09458047714039262,0.09438191825895993,0.0950236037489081,0.09703141099043067,0.09898383409874638,0.10615767616995332,0.1334066105417173,0.1693318214023259,0.18106128285050727,0.17564586519473063,0.16875837270029398,0.16155895309319612,0.15570588308618583,0.14995658112661533,0.14390258965226188,0.13802808724759985,0.1327664652379687,0.12800482207134964,0.12306993035333935,0.1180933657262139,0.1128275
13-01-2026 15:15,25745.9,0.0999174999999999,0.0976460176735457,0.09606665170490411,0.09520296525140612,0.09497752019550496,0.09471513986886043,0.09392488062560256,0.09355685733778991,0.0937885727111598,0.09418951236974267,0.09550964239643091,0.09770950935061896,0.10546788842369899,0.13320340059776356,0.16902854124938657,0.18084748970733455,0.1763533371324303,0.1699437311343597,0.1625227956927995,0.156572174735717,0.15127839063966525,0.1451036550535309,0.1383926903912652,0.13295353608820676,0.12847489022470926,0.1237719205768209,0.11894214422480075,0.11365249999999999
13-01-2026 15:20,25730.9,0.10300499999999999,0.09834389771325716,0.09778405846131945,0.09668326685063608,0.09486371957679948,0.09492228913268186,0.09491348769746003,0.09466519946209721,0.09483556646287813,0.09466950179848155,0.09538955556632685,0.09767369433946739,0.1032434548346046,0.1288838877988818,0.16720570240604876,0.18092248867674274,0.17662881751817755,0.17119101607075313,0.16401058017856146,0.15706434660563307,0.151318013247468,0.14542180586688294,0.1388949785161512,0.13305814642215513,0.1279538990801197,0.12317859375811657,0.11849156678172193,0.11324
13-01-2026 15:25,25730.8,0.11451249999999999,0.10518531459366566,0.10205152652600502,0.10030997618754588,0.09820170144003504,0.09733142616425819,0.09682874598360192,0.09667269750037209,0.09661274160648962,0.09616806102982851,0.0969201070336081,0.09916042422234972,0.10457289126827805,0.1305250734965805,0.16950578293586058,0.18314843511730497,0.17822003525007019,0.17282912600969053,0.16565118342993979,0.157688991036551,0.15133209955419313,0.14602261336918987,0.14022289060111803,0.13438523872214686,0.12883003805942367,0.1236139893036943,0.11884220795681076,0.11374999999999999
14-01-2026 09:15,25671.9,0.131015,0.11646283303657413,0.1090253461531906,0.10574780725660228,0.1034784140625,0.1016876093749999,0.10031061847280565,0.09967064902738758,0.09913339150062418,0.09877162163824342,0.09991729127013656,0.10220830493414264,0.10990720630908049,0.1380695219931611,0.17479069849658047,0.18642711035313228,0.1806731922540101,0.17430110540144322,0.16712275060790288,0.15922836337083726,0.15292461798815005,0.14785300620873146,0.14214160205660076,0.1363211073663809,0.13066457571128767,0.12516134984465455,0.12004538200229979,0.1148125
14-01-2026 09:20,25705.8,0.132505,0.12157524494788488,0.1144485504212948,0.10988224623573484,0.1067526171874999,0.1044847265624999,0.1027018515625,0.10156156997646758,0.10080242624241549,0.1005948453443956,0.1015196684299154,0.10348277295204124,0.1113969489833839,0.13986560109176777,0.1767024880458839,0.1882011292918454,0.1817929112335891,0.17484599495979863,0.168289056219569,0.16162147101003124,0.15534732790600717,0.14942757933404863,0.14309913176746758,0.13695341170696282,0.1312380798002027,0.12572842082172117,0.12038946874999999,0.1149625
14-01-2026 09:25,25717.85,0.1256725,0.11716914123419563,0.112735707814399,0.10940206021486748,0.106349109375,0.10401571874999989,0.10214594531249989,0.10094701562499989,0.10026370671287838,0.1002760839052778,0.10109887938479875,0.10269235533868744,0.11335397560367765,0.1451696417877103,0.1799410145571041,0.18874114699549796,0.18228259551909184,0.17579114515546815,0.16955074956591049,0.1634370899527258,0.15714613050353446,0.15005856836284262,0.14257778086588663,0.13636224330797014,0.13132446832421568,0.1260677179733766,0.12062896874999998,0.1151075
14-01-2026 09:30,25746.8,0.1149525,0.11004590089763994,0.10582773728807299,0.10311312849559649,0.1019984302558735,0.10081319746804215,0.09934681249999999,0.0984139531249999,0.09795301498825684,0.09832862874805559,0.09954174968892335,0.10116836104978263,0.11183092038055761,0.1441082243359264,0.1798378002214274,0.18919735461014683,0.1830578743690221,0.1772840276355557,0.17117490364113647,0.16467534572790038,0.1583110640578978,0.15090316332302148,0.14293519733116516,0.13695264993255188,0.13235456443532326,0.12719032191908936,0.12174998437499988,0.11620749999999988
14-01-2026 09:35,25737.05,0.10903749999999998,0.10806157089738538,0.10201559366583911,0.09781264709940742,0.09845778245588824,0.09867850222631688,0.0975560163277646,0.09692352507893139,0.09671813769042752,0.0971147323427778,0.09836078309845044,0.1002627630233824,0.1058711814244617,0.1327609914098726,0.1738713274027208,0.18864764429850792,0.18272710863864175,0.17706076435095977,0.17101435816326677,0.16450315036598967,0.1581651416110056,0.1512964668967262,0.14382101068863873,0.13727687906472205,0.1321028105194815,0.12697791329102343,0.12158357885354386,0.11638499999999999
14-01-2026 09:40,25712.25,0.1124675,0.10920334412913046,0.10364243589913005,0.09904120783531245,0.09877410780885579,0.09885106829850737,0.09769175140552923,0.0972114329703629,0.09718127601759827,0.0975100468749999,0.09863796748182584,0.10065164073356739,0.10375855232149306,0.1274488639868712,0.1701310558816077,0.18729878613015918,0.181721542352699,0.17569048915287083,0.16843581649424222,0.16061452411007757,0.15421140062277636,0.14867096960004342,0.14246084551192728,0.1358929123225881,0.1304896595302715,0.12554701923467876,0.12021327489458784,0.11535999999999999
14-01-2026 09:45,25691.85,0.11119744811615989,0.11083900800524879,0.11107152757715899,0.10797826251852338,0.10499369083604079,0.10334310729023254,0.1015145007027646,0.1004163375789314,0.09996661847754913,0.1000511796874999,0.10092628695934378,0.102556987997502,0.10535422370158679,0.1282624367691301,0.1693856239662231,0.18620641020595233,0.18114043918279873,0.17493961306456385,0.16660026514884232,0.15713784712218623,0.15030975763741733,0.1455654233027545,0.1405363054234324,0.13503970645528943,0.1296162285361499,0.12430784946108939,0.11892011010354386,0.1136549999999999
14-01-2026 09:50,25701.2,0.1068123962323199,0.10732292049743716,0.11158460365341644,0.11194722455042497,0.10879813835219983,0.106147515625,0.10395390809789483,0.1025665618940952,0.10183866696740061,0.1013441634565952,0.10171318514158248,0.10298681974500398,0.10543347596016364,0.1283490330974564,0.1696995670508383,0.18678065306977198,0.18154072113153122,0.17497496940504262,0.1678008402133455,0.1600600437246991,0.15331346115918018,0.14749562507718295,0.14166169450371327,0.13601909856302474,0.13025230597667023,0.1245202578125,0.1190005937499999,0.1132374999999999
14-01-2026 09:55,25759.55,0.1088349481161599,0.1029752120237403,0.10250808479410309,0.10313060782480216,0.1022392127911811,0.10087257101926475,0.09951565994578977,0.09894595885257922,0.09872583439839994,0.09815761864911053,0.09862025205623234,0.10028516979764995,0.10558158621582048,0.1324046817702056,0.1734737723861578,0.18864539746406755,0.18238318243650797,0.17536000962342313,0.169506622210071,0.16359151077213235,0.15705622389350868,0.1504042153385765,0.1437353458887872,0.13757477494714587,0.13174175080012054,0.12610431920090942,0.12095638541207365,0.1161246442910194
14-01-2026 10:00,25727.85,0.1176174999999999,0.11042317656362567,0.1039301604257989,0.10004802819052262,0.0990617134003108,0.09842529047602944,0.09728705653539484,0.09674548202287266,0.09653468065539982,0.09669819913893288,0.09822248495378695,0.1003066826165799,0.10803474751909474,0.1373938664950774,0.17606547772147726,0.1884658214776615,0.18193129453535054,0.17509823492247473,0.1690150174859408,0.16269584175446222,0.1561369706576962,0.149515674393956,0.1428882853900187,0.13675200972677498,0.13094935162355972,0.12545631013868747,0.12072505020170672,0.11729428858203889
14-01-2026 10:05,25713.6,0.1212125,0.11616664824576667,0.10970673308394503,0.10435556429019684,0.10171804124104175,0.10020076513360496,0.09877504500455425,0.09784796787688863,0.09746583848520211,0.09825193053191505,0.10046672922842868,0.1025794724279835,0.10729085951912679,0.1328118274209903,0.1725402388607387,0.18688232423137013,0.18071396648738947,0.17411513343023158,0.1675901161241513,0.16114293197075105,0.15446033318912442,0.14711984946230416,0.14046210873971138,0.13477696539687153,0.12907949661803983,0.12360241267464672,0.11858547541719225,0.11470214429101938
14-01-2026 10:10,25697.45,0.1160999460875347,0.11122978706264594,0.10719621011776949,0.10404502291641418,0.10147028132333398,0.09967195937648606,0.09855799154648141,0.09793522678159326,0.0976899385046463,0.09828878018854548,0.10004477661857619,0.10221624139431895,0.10487612723642395,0.1278139662426577,0.169655,0.1861907490916681,0.1798657897790688,0.17310797477909085,0.16669670985200213,0.16060299898112923,0.15378323271621286,0.14610615605846297,0.13978642668831315,0.13464355786341792,0.1291238221103946,0.12341776977391629,0.11793573046667165,0.1132875
14-01-2026 10:15,25696.35,0.1083023921750694,0.10484307294398751,0.10254903990611801,0.10077272646240969,0.09921179073034495,0.09783856774139142,0.09710768489837453,0.09706374608267673,0.0970482560380181,0.09749577314359612,0.09889653003244082,0.10107187134526739,0.1042550185631532,0.1276955275952674,0.16954375,0.1860784060920666,0.1797383859563364,0.17263940411841033,0.1662132892051972,0.16027735017965716,0.1538131183658384,0.14686272573942294,0.14044585919049374,0.1347506825550634,0.1292607431403127,0.12331223471334787,0.11756712111437034,0.11352749999999999
14-01-2026 10:20,25678.3,0.1061024460875347,0.10373230379306378,0.1023674970377998,0.10069249852174747,0.09913147157538749,0.09783896349818555,0.09709867673802182,0.0971519559129612,0.0974459538563866,0.0982422914336563,0.0996015268626522,0.10161087474549477,0.10482126554190226,0.1277797407226591,0.1688068669808771,0.1854660508754269,0.17976813798533778,0.17266286558435084,0.1655967589721244,0.15933445750354433,0.1533834426857629,0.14701224606443863,0.14023158345571968,0.13390183259848398,0.1284073341751859,0.12245375596377574,0.11661645670619741,0.11302999999999988
14-01-2026 10:25,25683.35,0.1106370475809881,0.10748789834044471,0.10588445851131456,0.10387338158224496,0.10157386684896445,0.09986637195643999,0.09871148525657444,0.09825347914176512,0.09853312382409748,0.09946432534871646,0.10066074122530429,0.10259668194624266,0.1082692134415621,0.1330486742858334,0.1703367786594438,0.18398383924563952,0.17890211931794495,0.17272543702383086,0.1655817825702699,0.15877864468353176,0.15285806529819979,0.14658223810376828,0.13945749056385082,0.13271471337136725,0.12730967556427475,0.12191788975299626,0.11657489155224524,0.1131203691331378
14-01-2026 10:30,25678.05,0.11229909516197628,0.10898929157275634,0.10667020894825441,0.10471841789390357,0.10254487026089862,0.10036059101761612,0.09882234801128413,0.09817154179142386,0.09824457838688427,0.09891532836071933,0.10034031302153938,0.10263720716355354,0.11050879141630465,0.1380200014036893,0.17284840347578456,0.1831842844790319,0.1782700089618927,0.1730426140018028,0.16644495480888674,0.15943769479530354,0.1529191495190026,0.14661298716464358,0.13942031203713778,0.13230483633175064,0.12700877583058995,0.12238412434531859,0.11774700137281804,0.11408073826627568
14-01-2026 10:35,25689.95,0.1105770475809881,0.10623315552124685,0.10349017799447598,0.10268234660498331,0.10166333398596511,0.09905116201313366,0.09717136754963579,0.09673895946057276,0.09678666406249989,0.09737864372103056,0.0994415211199458,0.10235874095202319,0.10974511075904132,0.137248568965639,0.172916678401536,0.18380284599700217,0.1788548933990729,0.17321707529452526,0.1668463581050766,0.16005795093278027,0.1531576581392474,0.14689019357204283,0.14030105491005257,0.1337273908221253,0.12828371216710294,0.1234443929422978,0.11872981837651213,0.11409286913313779
14-01-2026 10:40,25691.8,0.11276,0.10938785815956184,0.10544806974510418,0.10441355946808005,0.10384678525098194,0.10080394941091883,0.09840830825291917,0.09770444457403628,0.09757124218749988,0.09804941147672787,0.10010819938822989,0.10304109728338287,0.11030149832590586,0.137161877250248,0.1723415511091079,0.18357203903964053,0.178375654241438,0.17219481058258704,0.16597859749551966,0.1595507511031574,0.15293493850512913,0.1464533884279028,0.13990015796423444,0.13380118110298547,0.12809965794466746,0.12282332470005031,0.11785852310171938,0.1125875
14-01-2026 10:45,25665.9,0.11803968033730579,0.11632790148857483,0.11153712286998545,0.10878212120319754,0.10710350635102757,0.10421268179067329,0.10190531307604211,0.10048960806277189,0.09978272088203455,0.09989743734830839,0.1012473472396713,0.10351226410666521,0.10860486389600922,0.133178126125124,0.1702683645047898,0.18295703706880545,0.17739505474524947,0.1717696677821311,0.1653131238542737,0.15847777050240386,0.15226852159373058,0.14569421434381033,0.13876724162249024,0.1323548645901069,0.12631614774644087,0.12120623772173669,0.11641702719027171,0.11101
14-01-2026 10:50,25695.5,0.1223138157606796,0.11844539342874394,0.11426989668057747,0.11076301720256979,0.10772186815097642,0.10518097393804389,0.10323354872294929,0.1014284114380439,0.10035027752079399,0.10300447258496659,0.10924855949485943,0.11358257176878289,0.11614503565719972,0.1362670440271452,0.171652612563295,0.18439006949684708,0.17853681416486675,0.17299663366568638,0.16604521176531206,0.1587005484891181,0.15271384123600007,0.1462376866332275,0.1391826227964581,0.1326531067756692,0.12651793459031244,0.12134219307856388,0.11642451819173452,0.11115249999999999
14-01-2026 10:55,25706.35,0.1251585905094417,0.11899329057441711,0.11501215547042809,0.1116944095688727,0.10828929270086421,0.10556567837527189,0.1033822977989746,0.10156353218926839,0.10062702564020484,0.1059650986903518,0.11720283276455846,0.12375662534385984,0.12602440965701855,0.1437990880542904,0.17526272512658997,0.18667330040829094,0.18033850473186325,0.1736844306651533,0.16692891276542357,0.16013760967629787,0.15396138355782998,0.14720369490926405,0.14003968262176003,0.1338407738804597,0.12806164365747225,0.12241267491711919,0.11702116440703142,0.11200999999999998
14-01-2026 11:00,25720.95,0.1212294550860679,0.11516889835138863,0.11145348998565795,0.1089944557554813,0.10621941406249999,0.1036931874999999,0.10167002361334695,0.10025201313388378,0.09981739820514181,0.10254755054657086,0.10818607258837257,0.1120115419472416,0.11443071703528271,0.1353414190271452,0.173086987563295,0.18759260247293225,0.18093952673579997,0.17397762975689998,0.16780844388934502,0.16158097555097775,0.15517984510505514,0.14837190527941188,0.14136623640963042,0.1350283151527641,0.12915538805630375,0.1236289922335938,0.11841278198976614,0.1132925
14-01-2026 11:05,25733.0,0.11387230032771238,0.11003218886764385,0.1069434280655521,0.10453927088596274,0.10228746874999999,0.1004775078124999,0.098972312851694,0.09795524607577795,0.09784242828767209,0.09803300786195293,0.09857927548750749,0.10007472931303543,0.10268558210330901,0.126715625,0.17030249999999988,0.18710269171056307,0.18066988955697588,0.17470419554999875,0.16863315876099846,0.16209707611867893,0.15565013305426878,0.1489744243443568,0.1423224712866062,0.13580572039251404,0.12966678462474118,0.12458099943420439,0.1197892633718338,0.114505
14-01-2026 11:10,25729.2,0.1149946006554248,0.1122837713986,0.1081853500456569,0.10415426910054346,0.10202988524366659,0.10074591026831488,0.0990935144974494,0.09764485264613217,0.09704544153954073,0.09732941541275741,0.09832046303357757,0.09994324094087073,0.10250880938034498,0.1265943749999999,0.17017375,0.18693707978672836,0.1806844842810905,0.17483800499157715,0.16780555044086748,0.15970959593242423,0.15299872491708907,0.14709095455733545,0.14133773286805504,0.13573582975830573,0.13000676135029252,0.12472361299835219,0.11973103012341689,0.1144324999999999
14-01-2026 11:15,25736.25,0.1187998003277124,0.11593128275898376,0.11017832259136907,0.10538483788371943,0.103850576832561,0.10242011444526426,0.10026739247654405,0.0981297689935148,0.09680353494660536,0.0970768046089803,0.09821667685448725,0.09979955468749989,0.10235683629118518,0.1261750282948238,0.1694669493693175,0.18710605464380914,0.18157492414725576,0.17519108432178737,0.1673300008980668,0.15813643855402823,0.15116333078150415,0.1457464355172174,0.14025537317461506,0.13530376112561196,0.12996655253113526,0.12467701435380896,0.11979768909962925,0.1146759588134304
14-01-2026 11:20,25743.15,0.1236724999999999,0.11952673688253457,0.11215636414257198,0.10843820262496336,0.10737380093824989,0.10478745121058378,0.102170077925781,0.09974407625380528,0.09804517304620619,0.0977143360672268,0.0983161574133361,0.0999457306377366,0.10263632966456104,0.1260131815896477,0.1686602573390299,0.18680915539144297,0.1823243889602015,0.176102121480303,0.16878071861796332,0.16085959893354404,0.1539643080913167,0.1474145780442997,0.14064485756743772,0.13484360119567854,0.1292930347910327,0.12431344228325339,0.11972427724875401,0.1146319176268609
14-01-2026 11:25,25735.0,0.1269325,0.12212163800132969,0.11404051587107854,0.1107408357805677,0.10926148516831571,0.1061487362827441,0.1036135186551055,0.10141458428160689,0.0998395228096953,0.0987146081574386,0.09858984273789702,0.10021014096297329,0.10295120514306622,0.1267106532948238,0.169969041570107,0.18789003925623093,0.18298663937927712,0.17603650568279355,0.1681859045424807,0.16146002907405838,0.15559310781643435,0.1492887523229614,0.14230694538235863,0.13570781407528695,0.12983682364328195,0.12426237705233739,0.11890730647183234,0.11403345881343038
14-01-2026 11:30,25773.9,0.11870999999999998,0.11676013401759064,0.11039365042621732,0.10651504037870119,0.10446194551583958,0.10204623129730514,0.10061112931220963,0.09943033353794503,0.09832496607180162,0.09727620861603527,0.0973632874749498,0.09897477951923575,0.10159911020719045,0.126441875,0.1715191678097722,0.18964898923680007,0.18396692902503722,0.17608554977619795,0.16715259889606793,0.16005129519110953,0.15457748511191546,0.14965514746119918,0.14384022369899432,0.13734238862965456,0.13149321860301263,0.12536510360904074,0.11958627909266675,0.1159659424263306
14-01-2026 11:35,25764.1,0.11254,0.11138391288874556,0.10636784438944559,0.10286194807231151,0.10078260146180153,0.09826389785469111,0.09723005299459352,0.09675928993266515,0.09587787964970539,0.09538104656070143,0.09614085393057846,0.09788070961343741,0.1034391980351272,0.1316822710702545,0.1742732161855686,0.18958139301006055,0.18403753938307382,0.17705678265991842,0.16919496072719395,0.16169968284754388,0.15489443241742606,0.1494781560406412,0.1438814367120106,0.13757137553965612,0.13187694763716584,0.12621749217503755,0.12108052882920632,0.1177343848526613
14-01-2026 11:40,25766.75,0.11378,0.11361108527696434,0.10973262889060079,0.1064634623303557,0.10389824633529772,0.1006832150639056,0.09867504046462308,0.09753506908829503,0.09646864489493319,0.09607875452686808,0.09680405051379089,0.09841816740349255,0.10687006978726961,0.1378619916491243,0.1769555920061564,0.18899829817428432,0.1835649928109018,0.1773937797814497,0.1703867810786893,0.16314501360073863,0.15609938780848995,0.14964543461611854,0.14344169913928131,0.1372240169256605,0.1313394513796157,0.1258669705013899,0.12075169462174717,0.11590094242633059
14-01-2026 11:45,25761.25,0.115145,0.11720117273207052,0.11455310865111558,0.11043310144589027,0.10696499132688675,0.10402049420152383,0.10157447045177309,0.09950254593156513,0.09816517076756223,0.09764487721007592,0.09792501083379808,0.09909861951496438,0.10442074078165751,0.132324045087485,0.1744246472931172,0.18938093038496925,0.1837225664454899,0.17735014153022685,0.17015620128516548,0.16310058436549174,0.1565299677808554,0.1498558022825521,0.14341509462068988,0.13721599424916475,0.13105424218749998,0.12532540544545206,0.11992563715207795,0.1144872425446948
14-01-2026 11:50,25775.3,0.1159167558705844,0.11498439525433725,0.11176734813295573,0.10778769567563479,0.10456551968394505,0.10241662530704931,0.10049506275346058,0.09846554498813036,0.0972864821601246,0.09698084035765196,0.09721870324852318,0.09826215899070476,0.10065835340451512,0.1259086995086152,0.1718707122631518,0.19036985984472488,0.1845098226086369,0.17767873106184903,0.17049314391899528,0.1635150650027939,0.15679022425011063,0.15033291663501544,0.14394958260360863,0.13740950040444083,0.13112476272772053,0.12555108760826283,0.1204075329389043,0.1152819850893896
14-01-2026 11:55,25774.6,0.11695851174116878,0.1121175639461745,0.10775907907841159,0.10417379346604975,0.10140685753585646,0.09954819578175701,0.09793233440802053,0.09637418655656513,0.09552684264256224,0.09538065064757593,0.09584906678358271,0.09709764770979476,0.09958864507587106,0.1250934810696927,0.1718994621393854,0.1912123638821927,0.18536727982934137,0.1781591709026172,0.17095958057468025,0.16385042676351239,0.15682266117248814,0.1508247636733951,0.14471196304588257,0.1378819115021263,0.13173439099166634,0.12690647937223898,0.12254553793299122,0.1178967387599574
14-01-2026 12:00,25786.0,0.1113417558705844,0.10759752025433725,0.10387759032045574,0.10080863823132148,0.09853445835842256,0.0969269038563215,0.09553537389586017,0.094426921875,0.0939159453124999,0.0938361015625,0.09444249218749991,0.09588677022631717,0.10153050981961742,0.1304401983501358,0.17491616738414606,0.19182066986570268,0.1859427129972273,0.17876819482630857,0.17176771609481004,0.1641900904793543,0.15667431150706618,0.15080652227330488,0.1448019882647982,0.1383743304099364,0.1328463416719868,0.1283734973889981,0.12443885378258156,0.1203739924305252
14-01-2026 12:05,25782.1,0.1000575,0.1000858515625,0.0979410703124999,0.096005890625,0.0946817734374999,0.09355799579813105,0.0928684451004931,0.09243225016722405,0.09213322635049309,0.09212538658130834,0.0930386220291741,0.09481804200712822,0.10357830019079556,0.13587682849119337,0.17767457335013578,0.19150163089732705,0.18548015288837105,0.1784882343749999,0.17172674126665885,0.1639822857077175,0.15618488460057828,0.14989957599711617,0.1435691660564082,0.13758325468774893,0.13207504901151432,0.12703004273069707,0.12288225963864333,0.1186614563095173
14-01-2026 12:10,25757.05,0.10616249999999999,0.10587134375,0.10252513281249999,0.09984344531249989,0.09802471874999989,0.09625420253376224,0.09530382770098639,0.09471252377194814,0.09394484332598639,0.09357316378761667,0.0945362987458482,0.09642332264209123,0.104574181706624,0.1357505002965515,0.1766043126482757,0.18980174922060344,0.18377356168935272,0.17685095077322588,0.16994540583329215,0.16264245307940728,0.15527948379209894,0.1486218670867013,0.14195445176259938,0.1356226818496598,0.12934630844571607,0.1239272660720128,0.11973119613766908,0.1151214201885095
14-01-2026 12:15,25735.55,0.1173525,0.1147647117285555,0.11017243163318109,0.10660706613760217,0.10370414843749999,0.10085179267313107,0.09887812478799318,0.09748150797972406,0.0963659685379931,0.09576035533130833,0.09632464302800402,0.09811896757445966,0.10598952190906558,0.1356872713950838,0.1750540209413335,0.18813697849283892,0.18276198564152532,0.17610997504921866,0.16901951215592173,0.16234532811830568,0.15574221954388434,0.1489850026832342,0.1420748955703362,0.13532464125683769,0.12889195014032795,0.12338580136564374,0.11855500608115807,0.11327696009425468
14-01-2026 12:20,25771.55,0.11087,0.10783647100469025,0.10483350756152757,0.10277711756922335,0.1005022156345591,0.09806473717661775,0.09624541563402779,0.09499124724439251,0.0942976109465278,0.0940506826368315,0.09465934668515984,0.09663642474457276,0.10231326300608123,0.1294915005327639,0.1717493332539652,0.18810120750281914,0.18342110652749222,0.17724137121625969,0.17033355160524613,0.16375070787212073,0.1570340592884397,0.15005462943788422,0.14329967585730263,0.13687283025615313,0.13083111011058512,0.1251925653447583,0.11966706107071572,0.11386499999999998
14-01-2026 12:25,25768.3,0.10727,0.10252058026121377,0.09987482959851154,0.09870625547563999,0.09720373889943038,0.09536077227820837,0.09385575716987678,0.0929803314762577,0.09258739671086776,0.0925580036871993,0.09351305807176667,0.09561683251076496,0.09853062086570742,0.1238817374266304,0.1701870077644933,0.18920621917446456,0.18406746473428068,0.17793282857709233,0.1709869675370797,0.16407477352102207,0.15716902523525358,0.15019041706373185,0.14370494051067387,0.13762047956019782,0.13158117430515198,0.12575719913548777,0.12029314305515199,0.1146125
14-01-2026 12:30,25761.1,0.11151749999999999,0.10629510418889743,0.10243297014455086,0.10027161586463115,0.09870176895919364,0.09679779866265609,0.09493495526108815,0.09387492595965134,0.0934088984055703,0.0932628636671654,0.09423476945837363,0.09625725052124333,0.09882933733073414,0.12441173840629818,0.17103971165449616,0.18954521176763006,0.1839773210294962,0.1778043518341081,0.1706521694491594,0.16359137730785964,0.15712551079824627,0.1505395005013111,0.14382898978658687,0.13748257844871115,0.13124735642280408,0.12524752327097569,0.11987030954780409,0.114275
14-01-2026 12:35,25772.4,0.1106024999999999,0.10587268359513669,0.1010302688862714,0.09840517520372456,0.09735455094583245,0.0959086666971584,0.09419748904865748,0.09316197146809958,0.09281284733964847,0.09278014213255907,0.09365175582293675,0.09547212135437165,0.09811796163411707,0.12403586920314909,0.17108054558210917,0.18984221033716575,0.1842146158946092,0.17794981344523986,0.1710340769120797,0.1642254468232324,0.1577683425370797,0.15117015037546339,0.1442453281249999,0.13768934817490805,0.13162661961765207,0.12581917569798787,0.120331471180152,0.1146425
14-01-2026 12:40,25773.6,0.1098525,0.1046740878913183,0.09821817243985609,0.09498828110891713,0.0940970790371573,0.09311720719252704,0.09222807815521239,0.09168651397848622,0.09154055501091818,0.09170901357826138,0.09264335156249989,0.09439475781249998,0.09721745312499991,0.1234462499999999,0.170977959836574,0.1901178925522337,0.184203834836574,0.17764511512295708,0.1709458984375,0.1643146249999999,0.15765428125,0.15093577343749986,0.1440863828125,0.1375952499999999,0.13176492187499989,0.12618140625,0.1206596484374999,0.11496499999999998
14-01-2026 12:45,25759.5,0.1101075,0.1067101484374999,0.10018631036844079,0.09604484013910969,0.09423250850879439,0.09295577998786841,0.0924088587885885,0.09205880753884559,0.09186616406249999,0.09202140838015961,0.09308115478777071,0.09500413774646675,0.10064894459983348,0.1293713139991254,0.17332534449956266,0.18922817618124443,0.18319415624999988,0.17661646874999995,0.16990705468749998,0.1632594921874999,0.1566700937499999,0.15003769531249989,0.1432291015625,0.13674426424494965,0.1307460536584788,0.12504536007705822,0.1197812333459788,0.114335
14-01-2026 12:50,25748.9,0.1085775,0.10621932031249998,0.10201839346547038,0.0988991036633048,0.09673492222314718,0.09498004624393419,0.0939340934567942,0.09326054048817269,0.0929307890624999,0.09297207457281925,0.0940195595755414,0.09602340830543352,0.104440576699667,0.13561825299825098,0.1756158571381333,0.18795604381202946,0.1821156447015078,0.17577931948683648,0.16885175799541058,0.16202952184562341,0.15569443768291058,0.1492859423850988,0.142466359375,0.13594638786489935,0.12973575618481822,0.12371269989546665,0.1184739951960763,0.11352
14-01-2026 12:55,25745.55,0.106165,0.103402536921228,0.10121779518505039,0.09951745586721744,0.09775672185409669,0.09614994741541541,0.09472587425984559,0.09368550102007303,0.09327851920367905,0.09345834311241379,0.09457655259880876,0.09636695514237671,0.1047043022552334,0.1358364536117013,0.1753335630838663,0.18732376698415404,0.1816605940905156,0.17548653741117284,0.1683577659908212,0.16133458275374696,0.1552299222408212,0.14905921431659677,0.14205067621192868,0.1353782935135089,0.12953337135612877,0.12362395379365775,0.11799547004171612,0.113185
14-01-2026 13:00,25748.1,0.10428499999999989,0.10276890196745608,0.1011826919326009,0.09954600548443497,0.0979556233609256,0.09644950142440842,0.09483161021388178,0.09356883519622368,0.09310337464938907,0.09355577199273413,0.09486862997796694,0.09637476953545221,0.10459509014680249,0.1358521542251515,0.1755984327515836,0.18764285609538509,0.1815072988522405,0.17525168551252387,0.1685413090356766,0.1615624734162162,0.15512767601920627,0.14895988117348977,0.14192920771119036,0.13477467353163972,0.12883657994450054,0.12354445189917619,0.1182795689169717,0.11305499999999999
14-01-2026 13:05,25745.45,0.1061075,0.10378460001060877,0.10071443770272849,0.0985986105783759,0.09705271445648342,0.09550365524621632,0.09422492662601074,0.09318300230941105,0.09254463211122659,0.09280344567856905,0.09400663650777699,0.09570960755477495,0.1014000868256908,0.1298069884091761,0.1729897573062878,0.18801475830618158,0.18120794934933485,0.17506452696485308,0.16899760772007538,0.16206378595368548,0.1552172649468161,0.1485797660937631,0.14129512813183928,0.134154125103722,0.127944153348099,0.12281222835381661,0.11828572305186906,0.11301
14-01-2026 13:10,25759.75,0.1041615617022892,0.10206125292747305,0.09784162842973712,0.09497661710972764,0.0934663220932755,0.09263659888077988,0.09240117847632001,0.09182795745190361,0.09117150689970795,0.09123601539494293,0.09232882942740196,0.09449649868957508,0.09782644038896485,0.1234668225932006,0.1699831249999999,0.18794893844717378,0.18093700148004324,0.1749776728221738,0.16908547323459697,0.16230542813309268,0.15556040710344957,0.14810519275429362,0.14013304996582,0.13377227317561685,0.12824439908978313,0.12293314959976345,0.11832642723539778,0.113195
14-01-2026 13:15,25750.25,0.0925751811959787,0.09661128139585022,0.0949962419870382,0.09221341071097997,0.09073727561531994,0.09042122014380871,0.09061398790822091,0.09046118252654872,0.09020893944721092,0.09043281975168589,0.09163139737564999,0.09384541587708436,0.09716127854856764,0.12296747379660028,0.16952625,0.187577502290038,0.18078293557751265,0.174638447602538,0.16852658559407255,0.16171015773576847,0.1548901781850887,0.1476854952352342,0.14011467961825436,0.1338581529901303,0.12845180490432234,0.12317752066820842,0.11842822994076439,0.11328
14-01-2026 13:20,25735.95,0.0791964503144566,0.09187448101807945,0.09457686408597075,0.0925287330490553,0.0911127313656343,0.09060400798723815,0.0905175186708664,0.09057406644935087,0.09059326924033372,0.09091072602517339,0.0922148913719417,0.09720077780566136,0.10580967016803332,0.1311989736717355,0.17139741102204586,0.1867231430315101,0.18023254385744325,0.173671179243864,0.16744289016219752,0.16062846920824175,0.15359426879061494,0.1472169581084072,0.1403254082282021,0.13354275754015774,0.127772077991706,0.1224139177594051,0.11777939771901219,0.112855
14-01-2026 13:25,25715.5,0.071088096028356,0.09044259804476612,0.0955682548794422,0.09370630675449584,0.09243365447191125,0.0918385372167977,0.0913302017907081,0.09111269958515208,0.09125050533981399,0.09173089918784141,0.09314781472819109,0.10109684293155283,0.1178764245929194,0.1453759014577406,0.17617379910122646,0.18579138621217461,0.17937319140521796,0.17215738637359507,0.16533859728457248,0.1591640328543322,0.15298595747523377,0.14680376994198258,0.13989116208936625,0.13307210179120643,0.12729702542792098,0.12181520157881787,0.11701849646259559,0.11213
14-01-2026 13:30,25717.15,0.065652257385811,0.08520204371336891,0.09113678781689867,0.0906296538621872,0.09046649969342538,0.09052463819305691,0.0899548351787755,0.08962577238376998,0.09019334374999989,0.0911396328124999,0.09283840345784555,0.09818895306684765,0.1124508927259119,0.1427436319002746,0.1758759901363154,0.18471308609383227,0.17781092871236864,0.170528433722337,0.16361648881616705,0.15803228959233326,0.15276407431605687,0.1466554144557473,0.13993895670867598,0.13356369709370344,0.127936431421642,0.12261085817770832,0.11774234016725868,0.112960115187484
14-01-2026 13:35,25708.2,0.0713494921782221,0.08308839413717915,0.08735416629633944,0.08799259671996514,0.08853447367185871,0.08908707155832296,0.08886639172607629,0.0888239266739197,0.08972849218749988,0.09102375781249991,0.0930156953125,0.09577890655661263,0.10463193077901049,0.13442692405802106,0.1721825245290105,0.18288307464246017,0.17558004145457018,0.1690761980462254,0.16332618714622602,0.1577045297132941,0.15196200981427835,0.14581807297696003,0.1393779140625,0.1333639609374999,0.1279602734375,0.12283522728242166,0.11817342622108554,0.11378023037496808
14-01-2026 13:40,25665.9,0.0911424999999999,0.09360677855465639,0.09370839293640926,0.0928925516095307,0.09235712508980162,0.09215185697007783,0.0918436382085179,0.09182061813385638,0.09249238943115529,0.09390876156475045,0.09637044137245084,0.0992177508806167,0.10738963353163843,0.1354637020374816,0.1710158449437515,0.18122391077470504,0.17430187859533686,0.16756253393569676,0.16189958952295133,0.15611543287314766,0.14977597125779527,0.1431339460685984,0.13614427074596186,0.1302994855573361,0.12554450618846624,0.12080272670771167,0.11618754331059286,0.111575115187484
14-01-2026 13:45,25656.25,0.09852,0.0985787093321287,0.09803229319283982,0.09638784809547299,0.0950471676898817,0.0940237481383443,0.09330346140251054,0.09335096093749998,0.09393538042481078,0.09559988896854747,0.09884264986862008,0.10200923380038207,0.10699040739636806,0.1313386192437086,0.1682041724718758,0.18081081730836726,0.17426567645607813,0.1668640035250949,0.1606835534999648,0.15494413805315552,0.14855295814059066,0.14154635307469687,0.1340106821169239,0.1282926195521723,0.12415276237693261,0.11983032769550159,0.1152569807126002,0.1103475
14-01-2026 13:50,25665.25,0.091680607286648,0.09436678282975636,0.09603213395539616,0.09517781098924148,0.09407048202958594,0.0928930900266887,0.0920624931175211,0.09241182812499989,0.09326958338923219,0.0949000802014875,0.09802923818352254,0.10151123710365208,0.10438074396606788,0.126173310963351,0.16545884762674506,0.18078433373335695,0.1748391318069562,0.16795242363754745,0.1615836244062324,0.15550513543282773,0.14909667849234823,0.1423481185828276,0.13540674036781444,0.1297523981228848,0.12509922221608052,0.12049770133123455,0.1159953350868615,0.1111925
14-01-2026 13:55,25642.0,0.0897687145732961,0.09387444866123268,0.09535676493634516,0.0947568621276699,0.09398321337309666,0.09306720907584429,0.09252496921501055,0.0928688671874999,0.0937264191661535,0.09505504756883477,0.09739610475098798,0.10061190617413233,0.10425354136188246,0.1260246557608383,0.1643392017419468,0.17985101707087162,0.17499710466728047,0.16878186581525326,0.1621100814763419,0.15519340427882963,0.14813774394875923,0.14182333135311453,0.1360584535001657,0.13064310974006746,0.12537729143022852,0.12032510621696753,0.11577327539862278,0.1110225
14-01-2026 14:00,25653.3,0.0949685461323929,0.09696272119642564,0.09670158139416372,0.09565694086184248,0.094560237697408,0.09356891420889771,0.0934337557187527,0.09382794520399829,0.09455978229192138,0.09582363405891091,0.0978839110011347,0.1007719775836441,0.10455041789659619,0.1262610400815591,0.1640249856036583,0.179290331076545,0.1745786552398377,0.16862534542460259,0.16179441443133902,0.15418687541255582,0.14676149972798477,0.14095256744155754,0.13555010012917562,0.12981899939856428,0.1246437575596786,0.11991685701079759,0.11536311051782357,0.11058
14-01-2026 14:05,25642.2,0.10395337769148978,0.1028074280334442,0.1009579089927859,0.09922115539191552,0.09689567354075079,0.09474533362320403,0.09473788927094018,0.09537417188872709,0.0959068329176893,0.09702682076303362,0.09893997656249989,0.1016494218749999,0.10524244760167606,0.1272670581340932,0.1655908814884566,0.18025588431896522,0.17450507810140997,0.16823485772353738,0.16120057970802176,0.15397301324621487,0.1475315741683105,0.14175491681818794,0.13532855547175066,0.12861023545804076,0.12342090391149607,0.11910352342354777,0.11452163442601075,0.109625
14-01-2026 14:10,25650.55,0.1059979388457449,0.10363023346356189,0.10128776451508524,0.09983262849931826,0.0973739152392775,0.09482744729542641,0.09491948327631614,0.09585518638008825,0.09628060575264441,0.09703506366569765,0.09877564220877773,0.1014970638455194,0.10765645139155999,0.13277896528312,0.16936635764156,0.1815651087829388,0.1753356295390929,0.16851544712178038,0.16137538265239443,0.15493267362008098,0.14899805617557396,0.14252997057876518,0.13548238356010475,0.1289263424661648,0.12357918968993328,0.11891808826515403,0.11424236992773508,0.1093125
14-01-2026 14:15,25666.25,0.0991775,0.09741534358117968,0.09584726847488449,0.09528315583276023,0.0940977997084347,0.09270308961933153,0.09291964192732259,0.09400941134748853,0.0947227145250995,0.0954809237558619,0.0973770109800555,0.10034603394103889,0.10925980122061998,0.1373729305662401,0.17195334028312,0.1820486355035389,0.1759924463704073,0.1692361627575922,0.16236699137556246,0.15583472585301408,0.14939761672263446,0.1427264096969207,0.1360207897406393,0.1302934550262418,0.12505352386447463,0.11995665166533179,0.11555259400550641,0.1113797724416831
14-01-2026 14:20,25637.25,0.09971,0.09806200382183988,0.09662780948290153,0.0955637224377623,0.0945103762825762,0.09384215168745885,0.09379621354240318,0.09434896651017564,0.0952215732500325,0.09636848913680311,0.09843503397751045,0.10138966464106605,0.10773436965745528,0.1325868015547435,0.16863703018480689,0.18106095480464288,0.17524498857839518,0.16865693749999996,0.16196756251488553,0.1551371574408438,0.14843048537755105,0.1422014557415932,0.1359613493151155,0.13028588703739524,0.12494026164481176,0.11971323771782337,0.11559074793303994,0.11211704488336618
14-01-2026 14:25,25618.75,0.10757749999999988,0.10555245578655059,0.10334998875529362,0.1008571669350455,0.09872161578201565,0.09771117989849488,0.09721056824036314,0.09725880831069025,0.09815671500976217,0.09933048319035687,0.10111072371828807,0.1063230129567289,0.11480357030313808,0.1360154855788546,0.1678457622714461,0.17966801815364652,0.17423806830183525,0.1678084039188423,0.16075798408853254,0.15379239642380899,0.14724104562207596,0.1410869851935374,0.13514941193497054,0.12947742485921396,0.12395379810714006,0.11880521064178995,0.1146511780348174,0.11109392564746279
14-01-2026 14:30,25626.9,0.113615,0.11112547421487753,0.1078406779600673,0.1042222973605121,0.10162341093341049,0.10009471971470435,0.09901170329504727,0.09887973227627732,0.09976658554527494,0.1007083970402776,0.10218140830787725,0.10989921147677204,0.12326740966599992,0.144275231542793,0.1707176319131516,0.17944079864246906,0.17382643353826382,0.1677714825848836,0.16046976293704274,0.1532133412568816,0.14693839228944147,0.14074705248088346,0.1347795269800556,0.12919733910678194,0.12366212228260275,0.11859578512825651,0.11435028782409487,0.1105458064115594
14-01-2026 14:35,25635.8,0.11796,0.1129526633563221,0.10839790881543576,0.1045648719365962,0.10223945364431046,0.10062172170320152,0.09915809278954807,0.09857464716245799,0.09899233533912931,0.09986562541997354,0.10148952503582141,0.10683363882804399,0.11540973461116658,0.1368697264355161,0.1694175421849523,0.18089113009799243,0.17460360085960297,0.16843439606850238,0.16090830551095014,0.1527424253822138,0.1464979450194132,0.14109343654006248,0.13502337550513355,0.1287861848187859,0.12332928224080508,0.1184699547168036,0.11375036055516677,0.1094091532057797
14-01-2026 14:40,25660.55,0.1148925,0.10884593831510657,0.10496639689287872,0.10247971446187795,0.10045940399771364,0.09896112429537347,0.09776459571111487,0.09693217438910186,0.09726132913314788,0.09865869381420966,0.10046296490422878,0.10277136301375801,0.10607043061166575,0.1285371441999542,0.168273125,0.18344702896254642,0.17699422360727912,0.17034539755772318,0.1625520554101314,0.15384704679527073,0.14700949749012954,0.14177006287437174,0.13592071298669273,0.12912164353715153,0.12352777101820378,0.1190601586321149,0.11428847786660988,0.1100534986694521
14-01-2026 14:45,25696.2,0.10555821438026529,0.10292093754794689,0.1011381703584455,0.09981667868918603,0.09776587653922653,0.09606280829299742,0.09532942325794777,0.09488942188842187,0.09563429729324645,0.09760238623823388,0.09943287977751192,0.10118488218636261,0.10405735614506562,0.12746875,0.16907187499999998,0.1851740859374999,0.1789719765625,0.17224199421776212,0.16502497659971138,0.15735180433317408,0.14993550200944894,0.14342753799085606,0.13752399981488658,0.13124076163921117,0.12531475585207721,0.12047627901087077,0.1160434276697532,0.11201949733890419
14-01-2026 14:50,25697.1,0.1001614287605306,0.10125091737188723,0.0998885089270294,0.09780107861483393,0.0956522108985025,0.093691121480519,0.09304874091972153,0.09314930623579869,0.0938585528696353,0.09544040021738039,0.09736473627671477,0.09978288226914966,0.1031367164617761,0.126749532150336,0.16895125,0.18549751846871698,0.17883420660698718,0.17141594213990657,0.1649435646950006,0.15875113885914224,0.15182053085386477,0.14464709166436707,0.1379785816671664,0.1322002444019608,0.12646781571454338,0.12115323118399281,0.11669604224593053,0.1121927741018879
14-01-2026 14:55,25696.05,0.10070321438026529,0.10234360554966036,0.1003937627725814,0.09746745453837442,0.09547415911999406,0.09338549902999309,0.09221626669936905,0.09248525471237379,0.09315007639655566,0.09427550785717566,0.09628882781531149,0.09939868073442686,0.1033251243178803,0.126621564300672,0.1682068749999999,0.184637880687434,0.17754288977647437,0.16943131833352953,0.1629794984348232,0.1574496494060305,0.15142572026646434,0.14455981866148643,0.13736919607961445,0.131304503583444,0.1258518679231005,0.12078337832514285,0.11616253207719404,0.1113410508648715
14-01-2026 15:00,25666.15,0.09708749999999998,0.0998145432761087,0.09908213027007148,0.09720088233773057,0.09572215050774649,0.093844057799562,0.09256542828276826,0.0929360039419388,0.09381980913130547,0.09495253554092528,0.0971747905509027,0.1002972804290323,0.103937833333437,0.126958907150336,0.16744089954023178,0.1830226700606749,0.17697073114721898,0.17002672774159205,0.16316350750681194,0.15671799759685742,0.15053767529743825,0.1443707789017228,0.13767552190116725,0.13115527274092062,0.1255127068465757,0.1207124231512262,0.1159754917291382,0.1109017754324357
14-01-2026 15:05,25690.25,0.09023499999999998,0.09443393657441546,0.09516988689073709,0.09459184594514346,0.09405144380013994,0.09319562213913486,0.0926748510606333,0.0930995996272194,0.09398405625546899,0.09530326095465048,0.09781986447651439,0.10092819424269273,0.10419840464411313,0.127130625,0.1672080490804637,0.18235481275736803,0.1769207524566274,0.1707818285226454,0.16407190279868417,0.15707531340031522,0.15011622705667133,0.1442054961950358,0.13841671385350482,0.13209751171081632,0.1261396092117555,0.1212969079961363,0.11686045505564585,0.11195249999999998
14-01-2026 15:10,25672.65,0.0968074999999999,0.09774485702035648,0.0972009288160189,0.09604879202882502,0.09536302256601889,0.09488741886534557,0.09460826009913541,0.09474128122105194,0.09528974674952219,0.09660783206000403,0.09887786677671251,0.10160899711205562,0.10490959977865601,0.1276074999999999,0.16726339954023187,0.182296076988862,0.1762075875425592,0.1694759192675995,0.16315526415612183,0.15668377247015047,0.149552898249753,0.14327563577748156,0.13759436111460613,0.1317405846134556,0.12605345399975593,0.12103866325786763,0.11683338276040595,0.11274075647882939
14-01-2026 15:15,25654.0,0.10941499999999998,0.10669325587996657,0.1042754782098262,0.10196510872221953,0.1000855407098263,0.09875996550744486,0.0979806764482709,0.09766430776961987,0.09776602009962454,0.09875779385787106,0.10068446692876304,0.10327818982887459,0.10660909175247404,0.1286455808402036,0.16740812499999996,0.18211369707345193,0.17579885962616368,0.1688275594804233,0.1622735758710358,0.1557893127689547,0.14864174421099277,0.14207787089639282,0.13620324029568737,0.13031958214187322,0.1248895358152403,0.12005844312008483,0.11581270907199841,0.11202401295765889
14-01-2026 15:20,25659.6,0.11515579510973349,0.11017202355589469,0.10680343095676241,0.10426502982603797,0.1019464206595445,0.10009438165401474,0.0989379554116354,0.09832339687608391,0.0981965863974474,0.09909400452470563,0.10123576696442455,0.10703355111602454,0.11581221085542201,0.13750865948192817,0.1706504405591113,0.18263156540380046,0.176208156764697,0.16933986319002745,0.16304179562243593,0.15663356629916148,0.14915129924081977,0.14216279007137278,0.13641710349638655,0.1306730884401145,0.1250183474212316,0.12035447293721144,0.1161236037887965,0.1118827059627069
14-01-2026 15:25,25670.6,0.1247265902194671,0.11629775905623836,0.11153328621943573,0.1082927109375,0.1052415234374999,0.10280717968749997,0.10104128178108923,0.09953428672202472,0.09838413832800404,0.09902574185226451,0.10145268813169528,0.10991520262223323,0.12402337105412051,0.1465737014432454,0.1755652561182228,0.1854132899460556,0.17786593289917477,0.1695989738614454,0.16386315140846153,0.15868221320046197,0.15192636266974113,0.14510483413358127,0.13897549559384356,0.13305591535387384,0.12717968498634005,0.12210650142483463,0.11750500215247879,0.11318139896775499
16-01-2026 09:15,25709.45,0.1367878726228214,0.12634938325245232,0.12046050349033374,0.11519766035678423,0.11076952340680637,0.1078876737384316,0.10487464192789148,0.10190392892083382,0.0996176085240883,0.09964432262118866,0.10176649251884524,0.10686307815689419,0.11528497135510629,0.13927874780152077,0.1763010655591114,0.1900010122173235,0.18119317843336402,0.17085795600029172,0.1650099621250307,0.16088894406594345,0.15518180701701695,0.14882759252394773,0.142025605538754,0.13560311901012428,0.12963922409354978,0.12380763894279011,0.11830519694654747,0.1142694494838775
16-01-2026 09:20,25731.8,0.1383416550261757,0.12626053206527854,0.12086373653385758,0.11478435039895607,0.10968509339144294,0.10758816427655571,0.10441968124204279,0.10125928834564113,0.09945168848050091,0.09918247466446323,0.10038882378651048,0.10219851517350731,0.1078200934248466,0.1355583880233733,0.17739763151168667,0.19196896473057828,0.18338810710299155,0.17356613848885682,0.16728382939967681,0.16216857250566658,0.15590857817828696,0.14898733233024983,0.14153077769677141,0.13552100742031434,0.1303104543126046,0.12421510279599897,0.1182340207666624,0.11400749999999998
16-01-2026 09:25,25713.95,0.1328020775130878,0.12048286710145498,0.11577185156265714,0.11112397841708205,0.10617683624836755,0.10407169960889472,0.10197510151423109,0.09973981514617185,0.0983387179420748,0.09785616063096803,0.09843891186565369,0.09999023565727397,0.10834885529799693,0.1387952519110465,0.1780209647519729,0.19016776393870577,0.18280003731490904,0.17458999122679048,0.16730510571248236,0.16025061038234767,0.15364187250886702,0.14675723211890623,0.13914792016534708,0.1334504645987879,0.12864366805460203,0.12285797398996019,0.11740018620180122,0.1127279521294005
16-01-2026 09:30,25717.25,0.125395,0.11788623102940687,0.1125617319212047,0.1085380783144332,0.10459261876213209,0.10163260134184893,0.09983980248345384,0.09828896927871142,0.09685972828037392,0.09629107495493604,0.09717127623744258,0.09916424348674435,0.1047354882519565,0.1317668313098086,0.17306465996888587,0.18796764651238126,0.18102378914545345,0.1728470984379707,0.16509112835096443,0.15775070833092117,0.15157423325068278,0.1456127938540595,0.1388306899306777,0.13264360423769075,0.126858678865935,0.12136186125041651,0.11673176120996352,0.11211071157106578
16-01-2026 09:35,25703.5,0.1273825,0.12326876336264736,0.11639277994928929,0.11071037587702286,0.106860883748401,0.10342467122849146,0.10062230740752345,0.0984454817856496,0.09708230963949716,0.0966661547611979,0.09774400953451585,0.10004068135464261,0.10541646082103756,0.1321421401284296,0.17306072980282877,0.18740031561999873,0.17997875667971744,0.17105565338090425,0.16347195959154098,0.15754978986704507,0.1517450186269235,0.14538972079443868,0.1387648060726623,0.1321234970253571,0.12566007162322101,0.12034635748785151,0.11579166733154439,0.1109225667539298
16-01-2026 09:40,25700.0,0.13785999999999987,0.13219175990754556,0.12435408030959004,0.1176962286575455,0.11297781740900055,0.1087975032273264,0.10473095308029959,0.10142276483199043,0.09972791093432001,0.09901415308469307,0.09934480229781642,0.10091178974003046,0.1088154656414606,0.13861785385475237,0.1766837952084416,0.18771670348520822,0.18058831658877256,0.1720931629533758,0.16412164787268732,0.15841779871156053,0.15243540512970036,0.1449784815389044,0.1378922487536532,0.13094571959656026,0.123916587619986,0.11838164133259874,0.11374716574080775,0.10848980731226458
16-01-2026 09:45,25718.5,0.138605,0.13175727282317334,0.12430562538436025,0.11774895887036219,0.1128063430764235,0.10886028776189904,0.10502978218622186,0.10225191689600005,0.10070762351155742,0.09932083774797007,0.09890457027745302,0.09992092014502715,0.10503667396371616,0.1327544311484583,0.17441287946856246,0.18855036622973623,0.18241784058358304,0.17504177279005495,0.16705238220116156,0.16078048371015524,0.15402752587362156,0.14588418049235094,0.13862299561942493,0.13137223528307146,0.1233779825288962,0.1171944106839246,0.11297772923287525,0.1080075
16-01-2026 09:50,25745.0,0.130785,0.12471488589492637,0.11823272772895994,0.11197966439330051,0.1072566541900092,0.10432424295480816,0.10131352926603182,0.09958894399003507,0.09879752588081052,0.09701290555907209,0.09638635506962019,0.10062795122744475,0.10898311766282488,0.1345975392495616,0.1749572217159229,0.190184100097663,0.1842597374277833,0.17706972566211995,0.16930717316996718,0.16328630889066006,0.1563866018998061,0.14796049101389075,0.14063539852868923,0.13358569396667064,0.1252329054106894,0.11780554473339089,0.1134093952095364,0.1093325
16-01-2026 09:55,25750.1,0.13089,0.12446283715311561,0.11747280553864796,0.11219359382079737,0.10797233111662641,0.10457023765940619,0.1008935524107265,0.09841481803629987,0.09761854684972107,0.09616241135423512,0.09574415833332299,0.10619675272173366,0.12616157170304607,0.1516783447439461,0.1812744488490049,0.19145271590647908,0.1848613960238507,0.17778212675493738,0.17048296225614815,0.16436786615603993,0.15730020042337084,0.14882471604308337,0.1415091373754536,0.13469756309685285,0.12663019526912933,0.1186072012179844,0.11344938910034437,0.1096574999999999
16-01-2026 10:00,25740.5,0.14064499999999996,0.13176734743891746,0.12311614506740658,0.11776062121909792,0.11320934376863401,0.10857087398439899,0.10420292783232582,0.10056338840549,0.09887191749000106,0.09793856326860297,0.09794104799237861,0.11144828487036879,0.13707422060515778,0.16195502438628678,0.1851608047466042,0.19176003541875122,0.18419186549048958,0.1777566640374867,0.17167260342567722,0.16490409774403506,0.1571164118594555,0.14906496701113175,0.1417169728332998,0.1345223275194472,0.12707632609747635,0.11995402371575677,0.11429111097267021,0.10955234935448349
16-01-2026 10:05,25754.15,0.14617,0.1348853378417921,0.1269625321225029,0.12126473090476161,0.11559022305048831,0.11046372405316814,0.10638428711481365,0.10287982071213088,0.10060063325031021,0.0995402831303428,0.09946264151537161,0.11014057012825197,0.13040188052464993,0.155072686934986,0.18336782102177276,0.1922475632146954,0.18462516780480745,0.17855202038758647,0.17301277320815167,0.16587416421177112,0.15770905375106828,0.15014644454168008,0.14282335887647032,0.13513681245095638,0.12786800810626386,0.12153190525942181,0.11582408275449718,0.110399698708967
16-01-2026 10:10,25768.1,0.1533975,0.13884099586136467,0.13237435392019825,0.12723712808800292,0.12086262521957111,0.11533727890613875,0.11077318178261224,0.10711484062523441,0.1044905630490345,0.10278332022496814,0.10198870223154935,0.10629600143673336,0.11500471093309006,0.1396358875816296,0.1793337828513397,0.19462604803436245,0.1883032228882004,0.18196881552463284,0.17555749621605435,0.16795919563891212,0.15934696736153964,0.15177851025479933,0.14493130193211187,0.1372849507045461,0.12978875058752787,0.12352233536864556,0.11759928131773523,0.1114323493544835
16-01-2026 10:15,25809.45,0.1623899999999999,0.14653742486765411,0.1396225530217328,0.1341767009425705,0.12744542749618495,0.12153516306141703,0.11627942286315102,0.11206890395924873,0.1088925493912126,0.106427642464724,0.10505108303817132,0.10557860771685462,0.10769607795751253,0.1324273501052796,0.1789908268495553,0.1986385058771688,0.19314125293631684,0.18634133976492273,0.17903676936811244,0.170805716516874,0.16178443242175103,0.15421027392970585,0.14809148348526624,0.14087940710042415,0.13331379954050285,0.1270301798504128,0.1207996824239113,0.1138624999999999
16-01-2026 10:20,25841.8,0.16233249999999996,0.14868358060317077,0.13948183409346365,0.13282814331904708,0.12649838717401898,0.12085269421626275,0.11595487554677195,0.11169217252610283,0.1081010996799735,0.10550844318613568,0.10423165852577249,0.1044314145176508,0.10608727057046385,0.13195495699092527,0.1812434911965488,0.2019832685083458,0.19599308572569846,0.18881704157500276,0.18091949526360793,0.1731680449552182,0.16559263123212864,0.15790139565804806,0.15119113850895766,0.1442202023272035,0.13681901741689872,0.13052993011141278,0.12425088867717389,0.117115
16-01-2026 10:25,25852.75,0.1583425,0.14585929003047216,0.13505537462469322,0.1281413849058943,0.12246890266045733,0.11698165716072437,0.1124757090984326,0.10833398367303511,0.1047784973223608,0.10257317369055144,0.10155691308793287,0.10159665257132539,0.10310785463434098,0.1306381514241916,0.1826555914557324,0.2036899743605089,0.19700137874953483,0.1895142491933309,0.18127601473434696,0.17429154560639964,0.168059611218261,0.1605154151325882,0.15299575594253753,0.1459647356177549,0.13885705993004832,0.1324252728506742,0.12605207196532092,0.118915
16-01-2026 10:30,25857.6,0.1494600476960365,0.14112663403498493,0.13258647343616495,0.12549276547773577,0.11910549382046963,0.11405875100582719,0.1101663582032162,0.10640254879415581,0.1032820795715827,0.10110984242551248,0.09996626177088011,0.0998467881352789,0.10126305163741775,0.1297584803184213,0.1831612499999999,0.20439795041892708,0.19749684196810813,0.19009451142893433,0.18236735425299197,0.17551617595192476,0.16878464153557993,0.1615560178400592,0.15433638784726894,0.1470171542630043,0.13961560011091248,0.13292647999534424,0.12699283503852385,0.1209352520312184
16-01-2026 10:35,25863.75,0.1346975953920731,0.1321368501218117,0.12662955758274805,0.11970806261098468,0.11339446228060164,0.10976403279137524,0.10699385463970351,0.10381125000000001,0.10121782239736345,0.09940009780179057,0.0985214130584589,0.09833068055963512,0.09968803775804395,0.1285759275044399,0.1827523087351943,0.20469132969780868,0.19806418248059132,0.19084080004900308,0.18353152288523822,0.1770651527635641,0.17023104708412923,0.16275902132263714,0.15528320182756736,0.14775765377707184,0.14021960173602294,0.13318074404858138,0.12778354377560858,0.1230280040624368
16-01-2026 10:40,25871.4,0.1262013766848814,0.1246551652755008,0.12044829880949191,0.115105880900641,0.11024275872407865,0.10695336527564109,0.10420311481985166,0.10131944531249999,0.09898879323222692,0.09770368970951109,0.09732983345437059,0.0971808639009333,0.09851307058533146,0.1273152875733615,0.1816861145098803,0.2044483611933014,0.19830283719321168,0.1911969264417808,0.18402806167487956,0.17752261576513517,0.17061144766973788,0.16288980585448398,0.15495002923478315,0.1476113032043396,0.14051287499699278,0.1333085337955872,0.1277013219836694,0.1224577520312183
16-01-2026 10:45,25855.55,0.1322476579776897,0.12915684609831926,0.12445806209415196,0.1189884228040363,0.11375249747255045,0.1092601171875,0.1055243359374999,0.10233933593749998,0.09980379114736346,0.0982197403409217,0.0977451544175716,0.09804091628221558,0.09951417316150821,0.1276838578337955,0.18128030281417756,0.20374967770359967,0.1975825056819512,0.19017182913012975,0.18226662306514058,0.17512167303898102,0.16848349115294495,0.16128470154742702,0.15365064093306988,0.14694287881984913,0.1402618869481212,0.13307991567071847,0.1269604724734385,0.120675
16-01-2026 10:50,25847.05,0.1417113289888448,0.13509306934001197,0.12776557045979062,0.1208722209741205,0.11499444694139109,0.10992495427329574,0.10564680157336852,0.10240312988544754,0.10002498177226324,0.09824762034507929,0.09772805902965506,0.0985662920362374,0.10319326490258705,0.1338288223686605,0.1834489586028734,0.202605181679763,0.19683501987749574,0.1889786013328194,0.17991058577159874,0.17274680561681224,0.1670530511399169,0.16034623208036106,0.15296594932851032,0.14651490914599294,0.1398373522752847,0.13264052969294537,0.1262968787606685,0.11978999999999998
16-01-2026 10:55,25842.9,0.1453175,0.13465395871910174,0.1253987872961423,0.11825363813124645,0.11278990927763083,0.10802883042159148,0.10376960709146082,0.10075628789563562,0.09865235618348879,0.09702219926406808,0.09662340853672043,0.09749173563990488,0.10526479650876207,0.13902096591770907,0.18520179812676357,0.20151695721102353,0.19641656082538153,0.18924677685102564,0.1810685842569166,0.173969892900045,0.16741884624836983,0.16041692748829997,0.1532089767487467,0.14640239065132316,0.1388835205239664,0.13099608813227565,0.12489484306715809,0.11934749999999998
16-01-2026 11:00,25831.1,0.15011,0.13718171916948727,0.1278944033240701,0.1205560936187767,0.11438238949629019,0.10949053239829575,0.1052931844628159,0.10198932376833564,0.09925345741024977,0.09724147621608606,0.09683199756861408,0.09754991046455802,0.10236539374047796,0.1335325359955012,0.1829380865633818,0.20176283798051173,0.19613261890882494,0.18940681413797533,0.18188071324040114,0.17391036962478018,0.16645289285063786,0.1598671086590583,0.1530727642311957,0.146040736669185,0.1380835224500377,0.12977293793594558,0.12395260911628136,0.1198679156710516
16-01-2026 11:05,25828.0,0.1499925,0.13710829299546962,0.12864683167165647,0.12173218334511435,0.11527072028780909,0.1103938417747285,0.10646714026640546,0.10304559736872917,0.09997708010610126,0.09772438921350851,0.09726561769780956,0.09798715968865918,0.0998157499999999,0.12808625,0.18061,0.2017293934181349,0.19526204555550392,0.1885450446824275,0.18085234073432593,0.17250129861332034,0.16554827032751407,0.15945350324437654,0.15267836504428228,0.14566643258439196,0.1384207410527284,0.13108407160350116,0.12520783478441083,0.1208833313421033
16-01-2026 11:10,25825.7,0.13988,0.12822482812499988,0.1212600625,0.11621258593749999,0.11120838536594009,0.10720816521271649,0.10389477607673883,0.10093689475101582,0.09847984045055466,0.09671522934943094,0.09627502148842533,0.09702952118713593,0.09908591993114026,0.12745375,0.1796640656100217,0.20017972266606274,0.19353381297102973,0.1872063156322914,0.1803080174507609,0.17300099774228675,0.16614209874395122,0.1590635828630928,0.1518047276738698,0.14519144764902792,0.13881203645498774,0.13235529036147192,0.12626645807820697,0.1205804156710516
16-01-2026 11:15,25823.0,0.1349675,0.12321578906249989,0.1173014062499999,0.11327176562499991,0.10882714893095309,0.10508762028034435,0.10190617568788937,0.09924734527580167,0.09723448310125384,0.09595852941561546,0.09572766298377096,0.0964558004842525,0.09858738935945605,0.1267076685847405,0.17815034338952448,0.1981519859324006,0.19134518398077285,0.18513799927679297,0.17908483027274286,0.17262918644752206,0.16555958072247567,0.1577710671730559,0.1503000354011604,0.14407162002402674,0.1379167775501529,0.13148026451591255,0.1255217202651772,0.1195199999999999
16-01-2026 11:20,25813.0,0.1376224999999999,0.12608196874999997,0.12007517187499989,0.11551172656249989,0.11052684322782189,0.10641986202145301,0.1030064903072895,0.10018712635747536,0.09805136010659031,0.09679460560893324,0.09658402222634616,0.09716220568729993,0.09912947892801363,0.126661587169481,0.1773903649489838,0.19720604160165242,0.18997250617985995,0.1833432457579326,0.1774038383854298,0.17123548908353647,0.16433612667687522,0.15678818983652787,0.1495540719192471,0.14296508615682263,0.13626532736870148,0.12967772168165112,0.12392536137250622,0.11849499999999989
16-01-2026 11:25,25811.55,0.1433225,0.1278798359375,0.12030936936882314,0.11566344013085979,0.11083164933657329,0.10683813812245654,0.10353176124328045,0.10075231453460787,0.09858843128631398,0.09720999816827432,0.09683810077561814,0.09744954359706097,0.10279324663892833,0.1339425822331563,0.1816084189936889,0.1983129078149823,0.19124207827400022,0.18397703674305702,0.17683499328071298,0.1703532093430438,0.163880957881958,0.15673323764766478,0.1496840615623338,0.14270943096267666,0.13575243665689535,0.12930748575306455,0.12336002288698064,0.11805
16-01-2026 11:30,25823.8,0.1433925,0.12393891546028499,0.11573012574285399,0.1118675840407809,0.1079392378730331,0.10467497481421838,0.10178662936264649,0.09942646875,0.09758439548408726,0.09629852963326352,0.09596103242581194,0.09682440084006913,0.10570434726002548,0.1405717022968315,0.1852055386484158,0.19889950673310508,0.1923184808468873,0.18505850554632186,0.1771715599345764,0.16999362347093025,0.16338316660236699,0.15632803300032774,0.14949913369138487,0.1427735496646154,0.13607280629794646,0.1299960020132246,0.1240220256857566,0.118175
16-01-2026 11:35,25810.0,0.13548249999999998,0.12108836996645568,0.11413650142508736,0.10989398568890867,0.1062178623446952,0.10346744171924267,0.10086223655632315,0.09868381223110284,0.09705776945640235,0.09591059434321408,0.09560186552230689,0.09650695633286945,0.10213468529238244,0.1332449136484157,0.1807837068242079,0.1980215150853025,0.1917761249999999,0.18472701889766469,0.17724184100153112,0.16957886574922765,0.16168939285063202,0.1545237996967379,0.148555689404033,0.1422752885771532,0.13568915401667475,0.1298294859142973,0.12403977999970996,0.1178925
16-01-2026 11:40,25806.75,0.13569249999999997,0.1252970960324517,0.1179296054956865,0.11224723069680975,0.10769391282258924,0.10438798514426978,0.10162896093749998,0.0993396400872056,0.09766795402304297,0.09649140531798209,0.09610410752474524,0.09688197412668768,0.09914373923408727,0.1265256249999999,0.176964375,0.19761629687499999,0.19149833593749988,0.18427013856746266,0.17674306408621146,0.16863067163439555,0.16015786889707403,0.1533303708006144,0.14781804663991202,0.14168747189051872,0.13518854391681523,0.1289711307916229,0.12291338994337017,0.11714499999999999
16-01-2026 11:45,25794.7,0.141295,0.1303787482115426,0.1213933086076987,0.11450253857956058,0.10980054543464637,0.1062684885632516,0.10312849218749999,0.10061452316860284,0.0987116659882278,0.09734946532675,0.09689677536322779,0.09763449191860273,0.0998856640624999,0.12706625,0.17688963614270936,0.19716028138185104,0.1911256595802093,0.1839473522337747,0.17606344206011693,0.1680729927320191,0.1606905212134917,0.1540145221710675,0.147583850771097,0.1411336611096281,0.13467420725445559,0.1280578147314486,0.12164480457453038,0.11614249999999998
16-01-2026 11:50,25794.65,0.136835,0.1273507437026276,0.11872744861485632,0.11180856403058151,0.10807226624708004,0.1053743443472321,0.10240211718749989,0.10003675781249999,0.09821517751870135,0.09710956087110849,0.09702618857981439,0.09777236555860849,0.09997324001870125,0.1271574999999999,0.1766373972854188,0.19631719214596272,0.19014799148725847,0.1834854493974219,0.17602587605258166,0.1685748582796907,0.16153637232166887,0.15427248766665758,0.14740696140233814,0.14080097898821536,0.13415865622960177,0.1280010794967389,0.12229588226259978,0.11709685879980318
16-01-2026 11:55,25797.25,0.1272347399647134,0.12426036725832384,0.11858341370167723,0.11240775030634301,0.1083503910767875,0.105300879204866,0.1023889374999999,0.10008464062499998,0.09830785848383354,0.09745708495669109,0.09771677325821491,0.09834815526919109,0.10033549910883353,0.1272862499999999,0.1760841514779997,0.19476284982623038,0.18824227894638898,0.18222900395927175,0.17560848339689789,0.16849916328186562,0.1608713331147662,0.15323675549537227,0.14681449354437717,0.14007965008351014,0.13295147194902898,0.12741645812044367,0.12284326091372982,0.1181287175996064
16-01-2026 12:00,25774.5,0.1306671921965536,0.13407897581286676,0.13088903810061422,0.12418425,0.1180726015624999,0.11301024657408634,0.10872290561441639,0.10533716964315998,0.10277091815097951,0.10110330418664296,0.10066015265198668,0.1010276748000565,0.10276960805895126,0.1285282667910532,0.17535118925268728,0.19321745303303015,0.18701001304423678,0.18083347492474985,0.1739631385494048,0.16706036348015302,0.1595227074804707,0.15205082495507594,0.14576198113814934,0.1388937235571473,0.13152135002327375,0.12560879917699797,0.12063037937854375,0.11566935879980318
16-01-2026 12:05,25790.15,0.1425251644989668,0.1430810139703893,0.14016566250706777,0.1332352293686626,0.12565542691588943,0.11942888079433621,0.1141360025842307,0.10975346527834827,0.10632401623045959,0.1037257825659149,0.10260278162141234,0.1028653755973237,0.10442861636620715,0.1294427835821066,0.17582508249950346,0.19444492138696473,0.18846518542229365,0.1812585557972749,0.1736935369541918,0.1669132369153264,0.1596658529265676,0.15214654564798757,0.14569164347095295,0.1390975384162525,0.132071246183844,0.12557467361381983,0.11975960417821971,0.1149608591904418
16-01-2026 12:10,25810.95,0.14618521226712658,0.1404187636535095,0.13625542621185177,0.1297581931123252,0.12224217169743844,0.11704006830666876,0.11284854404906096,0.10863779153999528,0.10516827013620039,0.10233637089064554,0.10108092118280902,0.10150936382819939,0.10314643145988805,0.1290376417910533,0.1773259085821066,0.1966668590394801,0.18994717543616466,0.1825055507241136,0.1750934099628993,0.16808624227029853,0.1609285544741144,0.15330740661201592,0.1463330186248051,0.13954709638013227,0.13241477881230418,0.1261384353379405,0.1210212678309408,0.11705171838088368
16-01-2026 12:15,25821.3,0.1436125,0.13372697566626496,0.12583605568905754,0.11949542595938725,0.11251095665981406,0.10900720031408971,0.10801650820497562,0.10526877253841634,0.10245545250298059,0.09999627002331408,0.09870922485963937,0.0992524592578497,0.1011603281249999,0.128115625,0.1778702198905172,0.19717538440562515,0.18999014442805315,0.18299710198886146,0.17571200326069655,0.16823665979388708,0.16097206541139003,0.15330574421865376,0.14627657181493744,0.13951189693737637,0.132217867019868,0.1262667909427374,0.12156967978435315,0.11724085919044179
16-01-2026 12:20,25815.75,0.12588,0.1158867108224717,0.10726933426709814,0.10378398693144927,0.09932480901587074,0.09755604851508594,0.0995045384026089,0.09898969897944007,0.09740418797389236,0.09612158128502299,0.09571000593131994,0.09712664322057209,0.09990364136872273,0.1268125348054995,0.1764535823258893,0.19645871958839722,0.19002920294070777,0.18303764598244252,0.17545951692926465,0.16792237446285768,0.16016234448645283,0.15228008119820052,0.14578482264959816,0.13929907840211186,0.13302571751732484,0.12806589420398443,0.12299029770938824,0.1178944274020457
16-01-2026 12:25,25811.0,0.11088249999999998,0.1053738319737358,0.10064766713354902,0.09915864190322464,0.09697208932510565,0.09561692291241511,0.09619426633937991,0.09580358640833063,0.0949040703124999,0.09432739062499998,0.0946972897133267,0.09702417706614419,0.10056820613497662,0.1264008164134832,0.17429424858519518,0.19436871425611044,0.1883503153823589,0.18102713624200784,0.17347208652718107,0.16621005285966903,0.15826178468229238,0.15045906248593482,0.1439362824991403,0.13707815233433152,0.13161109669377324,0.12763366037941806,0.12271973992621192,0.11777635480409149
16-01-2026 12:30,25738.6,0.1269675,0.12141210156249999,0.11714714089468198,0.11330719885903034,0.10931099977104161,0.10610041472003495,0.10412992489896897,0.1026006824617978,0.1003943147139047,0.09858405121806607,0.09853796153134846,0.09995105351232211,0.1026085516417608,0.1271961338567951,0.1725137541945682,0.19125647457928935,0.18527672817616872,0.17787199579433893,0.17032051723914027,0.1630975355688135,0.15567938124995145,0.14848808543507502,0.14180544333150052,0.1348682524743595,0.1289362526278724,0.12434183524804393,0.11949845783695173,0.1144094274020457
16-01-2026 12:35,25771.0,0.1335820029124189,0.1268130913713073,0.12219411617346512,0.11743247584306071,0.11238742922958331,0.10865884383276081,0.10768713402570156,0.10727352178124122,0.1034381558430731,0.09999486682882293,0.09979649272437022,0.1004498362085,0.1023883734917343,0.1268814337552521,0.1716840696047488,0.19020647195388488,0.18459025126618506,0.17727030408867794,0.16962043830707008,0.162394142690615,0.1554449760903889,0.1486842394920485,0.14207379468312792,0.1353647731970584,0.12905656746247082,0.12389561389562481,0.11898193804478895,0.11354
16-01-2026 12:40,25768.5,0.1262465058248379,0.12129372961761464,0.11669723153788447,0.11189417096392605,0.107478236912697,0.10447440411214828,0.10483705201236335,0.10537987939261678,0.10108713870913627,0.09763951713157754,0.09811039126798532,0.09936149198373403,0.1016444054885529,0.1267381825665542,0.1726597786802308,0.19107201727527973,0.18455939120856824,0.177281002809998,0.17010715916972688,0.16305710156249986,0.15622266406250002,0.14950229687499988,0.14286439622771788,0.13618610446743337,0.12996272897943095,0.12486588571743329,0.1200063806027179,0.1146725
16-01-2026 12:45,25759.4,0.13521950291241888,0.1270528569963073,0.1203963343841011,0.11455600670979137,0.10955483365831079,0.10610143560615418,0.10517747228444854,0.1039093716272502,0.09977961896626972,0.09776057191208148,0.09885178722391348,0.10050919518355028,0.10293436900780074,0.1280508510601135,0.173889202120227,0.1911275916539316,0.18351558952197977,0.17639003192815883,0.16952946883671327,0.16237822613833738,0.1556433067472594,0.14905806477184064,0.14232261222314677,0.13550245441424189,0.12916166875719023,0.12394861066424179,0.11900894034814667,0.11369749999999988
16-01-2026 12:50,25750.05,0.14224499999999987,0.12949803162907908,0.1221317725138356,0.11682088356190869,0.1114241144223868,0.10756194389997534,0.10526309705930577,0.10232666905678994,0.09909369512479498,0.09834510052939179,0.09934343660542617,0.10096319216614844,0.10355864516187625,0.12871,0.17395791171965,0.19074257016196794,0.1835206620990142,0.1765075479558361,0.1692895773517458,0.16191861633917481,0.1552120275570188,0.14868520546914557,0.14159289577370957,0.13459685287632678,0.12840817033467591,0.12296272042250068,0.11796470865551797,0.1128
16-01-2026 12:55,25759.95,0.1322325,0.12175890227299038,0.1152330686835272,0.1110982166163581,0.10686580049836715,0.10382446671357207,0.10188171006136629,0.09957439222353197,0.09787360118507289,0.09749944605497646,0.09814853585187246,0.09985125054958219,0.10269559193138177,0.1280218773984605,0.1731827032362211,0.19038163650357828,0.18388518284428088,0.17693334068983188,0.1696559239347594,0.1624361402008374,0.15552354112225938,0.14876668148039385,0.14102417497460595,0.13347651988413275,0.12790191196095868,0.12300699107940068,0.11829429962824564,0.113425
16-01-2026 13:00,25740.05,0.12495999999999989,0.11762969452870976,0.11229144318683609,0.10871489552088082,0.10536226602953981,0.10263514760991314,0.10069256444471938,0.0991702359024729,0.09829547512626376,0.09788190058369095,0.09842519406661893,0.10017626562499998,0.10305404693496142,0.127903129796921,0.17232979631349196,0.18962955621532435,0.1830825047971716,0.1757389724499267,0.16870063208006,0.1617862617095944,0.1546818515624999,0.1477563806407136,0.1399178153378031,0.13213696354189797,0.12680949513296716,0.12234741869980431,0.11756649926106488,0.1129024999999999
16-01-2026 13:05,25723.25,0.1300510715808733,0.1215652474098636,0.11628421903962331,0.1123430213957393,0.10842316312440405,0.10505221106458475,0.102457525168841,0.10080820461915425,0.09981855236718397,0.09928077841684546,0.0998027181270594,0.1014875,0.10434022659248066,0.1287206273984605,0.172115004796921,0.18870230706764948,0.18162542825260086,0.1738505596068622,0.16689665478512009,0.16012664060668888,0.15300181249999997,0.14605939454512462,0.13888041752533334,0.13196620604572096,0.12630898883238179,0.1210225167104257,0.11574343637567122,0.1111375
16-01-2026 13:10,25717.95,0.1306621431617467,0.12309900280516399,0.11746184880866906,0.1130127357217036,0.10889489569862784,0.10522266370273549,0.10242929382071521,0.10080613748384551,0.09999193880295039,0.09965913009457526,0.10014170567864418,0.10172394177280261,0.10458203118910131,0.12867124588642,0.17158061677284,0.18791959396403052,0.18062855709492154,0.17276109782496157,0.1658495493338413,0.1590787465151105,0.151965435843907,0.14463779609196217,0.1373070950020748,0.13115296587079434,0.1258521981504705,0.12040117679779559,0.11509705294890737,0.1101574999999999
16-01-2026 13:15,25715.5,0.1275985715808733,0.12117466521759876,0.11564966388155742,0.1116761395043768,0.10821720246527516,0.1043091309723479,0.10128134192429764,0.09986647740922493,0.09965097917860438,0.09990736313898994,0.10020114574249196,0.10151841411213902,0.10445424987820272,0.12821374177284,0.1706524835456801,0.18708350825887202,0.1798471234672229,0.17189388439263548,0.1648140227860258,0.15787053696880954,0.15103280996627727,0.14363664253884087,0.13552809261899865,0.12925828921060273,0.12485744856970507,0.12016124071255802,0.11511916353207735,0.11008359549103379
16-01-2026 13:20,25705.4,0.1288783026963485,0.12163176216311321,0.11639302122934521,0.11264430211693492,0.1099391859437571,0.10602063181784799,0.10230639758921783,0.10105501491815651,0.10105494971071668,0.10123837505675398,0.10144248361213336,0.10518027538623792,0.11290898678457455,0.1361972883399727,0.1724753433851917,0.1855112105832327,0.17840557504872376,0.17076424616671224,0.16295922683553277,0.15528760480994522,0.148982276593866,0.14277937837217783,0.135204256670344,0.12851770424632247,0.12385161336337577,0.11927582849940606,0.11437699893915483,0.10958719098206758
16-01-2026 13:25,25670.15,0.1302605673592957,0.12381812551766737,0.11919747949123449,0.11456463103323945,0.11158040197370046,0.10803215052959436,0.10407787437590364,0.10285953816902059,0.10247752959742198,0.10197739201233931,0.10243025896136775,0.10898805990226912,0.12144618462844638,0.1442395849071054,0.1745269532247032,0.18399025912986688,0.17662375643591482,0.16926135754990385,0.1611957391295268,0.15333062326335953,0.14721090607293125,0.14189575342502525,0.1356247930028272,0.1291549505854859,0.12329824411645861,0.11753969722777854,0.11269567009118978,0.1088535954910338
16-01-2026 13:30,25701.15,0.1335362266295457,0.1258696024725571,0.11963129030087113,0.11389633894249529,0.11048411160905959,0.10759466297042089,0.1043942358277682,0.10280324005553398,0.10166507529310718,0.10083954692791469,0.10166359283609949,0.10622814386621181,0.11407309982404142,0.13690545883510616,0.1722516016123516,0.18403746139834384,0.17616567995774277,0.1685802209375605,0.1611460864787715,0.1538067532231643,0.14701347973719195,0.1414590988914542,0.13603766168684558,0.13014425520550055,0.12364669068228519,0.11686864251420907,0.11219249735979031,0.109315
16-01-2026 13:35,25687.3,0.1379735195632442,0.12795209002212,0.11874515984951703,0.11217949849645223,0.10938697449993809,0.10716611645257826,0.10456292275076003,0.10283740358967977,0.10124349896790695,0.10039612828701056,0.10151461427322424,0.10370921568117926,0.10944007718364411,0.1352121039826382,0.1727809912354892,0.18450197684069986,0.17699803074391385,0.16947683200358543,0.16235682281615238,0.15503329927001744,0.14747463553316967,0.14145692135365792,0.1360124199782563,0.13017282521372897,0.12425664026639549,0.11834075018563825,0.1137077016047435,0.10987
16-01-2026 13:40,25701.3,0.1373441151932912,0.1280713685691721,0.11824090349933554,0.11161213542746257,0.10864119037496911,0.10607260037547021,0.10372428300152006,0.10238577810398768,0.10107438284357012,0.1004722642277769,0.10165198690239631,0.10359200470482623,0.11184608886908358,0.1407197088206159,0.1755554157003774,0.18441902164473994,0.17736880811680528,0.1700803554557798,0.16297579123707853,0.15600836509166252,0.14871431532207902,0.14222749031900922,0.1361059971971378,0.12999596747768244,0.12469928542987459,0.11979763221225842,0.1150047733040655,0.11
16-01-2026 13:45,25699.7,0.1261170575966456,0.12008116610255494,0.1136849776559332,0.10910457776532428,0.1058358203124999,0.10300230562746471,0.10124386013147839,0.10047621669606667,0.09968798230860085,0.09924517002347649,0.10029146956705556,0.10238386353449105,0.10824424966400761,0.13487702121953118,0.1732422326942871,0.18516706549670112,0.1779507134189397,0.17036639132559497,0.16325595227191816,0.15681587590876475,0.1501123548042717,0.1434785966520577,0.13695521539395317,0.13073467460748667,0.1255092590271814,0.12071989942924591,0.1159252343749999,0.1109049999999999
16-01-2026 13:50,25712.85,0.112385,0.10964631249999988,0.10735222656249989,0.10513300199306501,0.1023742844452007,0.10004592464779277,0.09914554983163752,0.09906614353200527,0.09858480996219825,0.09813050500722034,0.09923437625005081,0.10168391405900397,0.1051578828124999,0.129195,0.1707532898186654,0.18592207873418856,0.17884209749986058,0.17078164573722782,0.16294458701287334,0.15661377174209906,0.15063844465445558,0.14428887245326133,0.13766595480815977,0.13146102249567007,0.1263913002386494,0.12166792193253727,0.11694821449751144,0.11216999999999988
16-01-2026 13:55,25689.85,0.1164625,0.11281017187499989,0.1091775078124999,0.10603389461113001,0.10296403764040139,0.10049731358655362,0.09959056474534489,0.09932683471960886,0.09874979583288261,0.0985769921130571,0.09991574617972848,0.10241335155550786,0.10588464062499998,0.1295681249999999,0.1703734631785328,0.18526538665260237,0.17847437626900495,0.1702061811566822,0.1617081905038284,0.1554450364254946,0.14978504250954475,0.14338955718106677,0.1370796906428724,0.13125095158662312,0.12622921995825384,0.12190455953577971,0.1178103827332309,0.1134251408636119
16-01-2026 14:00,25681.95,0.1239875,0.11751880307381408,0.1113186365301274,0.10674950484319161,0.10360688808603684,0.10132176808478487,0.10000509551063189,0.09915956529507378,0.0986979211351442,0.09905345920104677,0.10045020249277477,0.10284567450680396,0.1063904140625,0.1298687499999999,0.17034860658926637,0.18518133558282682,0.17804568584405786,0.1697633210156506,0.16199839764896964,0.15570250888570758,0.14922481644454058,0.14241137863722864,0.13644188316969097,0.1309536611909149,0.12586887918266726,0.12191886533622384,0.11850387197392732,0.1144102817272238
16-01-2026 14:05,25682.85,0.12189499999999999,0.11485739983445002,0.109243283631003,0.10503691603060611,0.10250287410242048,0.10089072348534864,0.09951880608318736,0.09859442092200145,0.0984169854219849,0.0990149872553265,0.10035952258924866,0.10544242370185027,0.11434070010093834,0.13793676861213267,0.1736041856256013,0.18631171964587132,0.1788175657316108,0.17052839837461892,0.1634397141691108,0.15699702525864973,0.1498441580853666,0.14278522530453663,0.1367925096478666,0.13126422187593265,0.12593432759253573,0.12136282089209907,0.11744313303127855,0.11348279176339998
16-01-2026 14:10,25684.7,0.12377749999999998,0.11635937067731399,0.11109724012261879,0.10677002795310972,0.10427591035832753,0.10263209109651328,0.10083967849198111,0.09973165274199938,0.09931638105971473,0.09959846325241185,0.10094001450802925,0.10879094106030031,0.12287022051437668,0.1462997872242655,0.17658087125120256,0.18687115314716563,0.17969275552205538,0.17162359581653286,0.16400820460993099,0.15696549848478045,0.1498442236858276,0.14265189635594067,0.13639431937529028,0.13098984148878065,0.12545244497562208,0.12003810472545537,0.11554909477735364,0.11169780179957628
16-01-2026 14:15,25676.95,0.1293075,0.12025812914653412,0.11424837078523799,0.10960760827740774,0.106607831722738,0.1044082385215342,0.10218842823370436,0.10073132900885659,0.09994377811280428,0.1000301384960185,0.10146179998617598,0.10662084084034593,0.11526461532389824,0.1385361436121327,0.17399418562560126,0.18682006794532002,0.1798960495425364,0.17182346759886016,0.16356624152150506,0.1562311582679972,0.14965458960012828,0.14263898982910628,0.13591260417849188,0.13027079724410986,0.12460201755824322,0.11912268570468164,0.11468434181450429,0.11057331025406879
16-01-2026 14:20,25689.4,0.1256875,0.11721746435576133,0.1120854062734139,0.10900370414780504,0.1058566562734139,0.10302098779326141,0.10095638771740882,0.09950527520521318,0.09869966560060855,0.09895333949203709,0.10058259316332861,0.1031447582003659,0.1092528307073625,0.1357505161478854,0.1743204242156154,0.18704128057447778,0.18027402303924553,0.17221557551182104,0.1640252060918833,0.15709278953563088,0.1507198428948582,0.14398704860075726,0.13723420998319735,0.1309841175390749,0.12486789337582457,0.11942418767148685,0.11518965623037782,0.11107254924492388
16-01-2026 14:25,25707.1,0.11853,0.11336922606431038,0.10982551483233809,0.10784281191105524,0.104788686707338,0.10168565575181036,0.09981082667120435,0.09855943838385649,0.09787759061280428,0.09812190690616106,0.09966873033057035,0.10223711891347131,0.11124400379536695,0.14078587634501388,0.1767280365297167,0.18691964738569863,0.18060227050149727,0.17305062685692846,0.16518723582112166,0.1581293047527022,0.15146112170540413,0.14486640930047323,0.13828836492947466,0.1319736200860668,0.12572207647940795,0.12004457852294116,0.11572266028630376,0.11154062042700588
16-01-2026 14:30,25688.2,0.1156575,0.11573182093393028,0.11221479003032989,0.10831634147062641,0.10506213632241898,0.10219229106722981,0.1003436256184736,0.0992228668968235,0.09871023362632955,0.09927276951156458,0.10060327050317698,0.10246591251628867,0.11092250645620538,0.1397998385390753,0.17573401211323358,0.1867384480920132,0.1805904436558561,0.1730468870839676,0.16525021463823547,0.1578271201995777,0.15103790995073546,0.1445426467259466,0.1380115593627641,0.1313076450831151,0.12450142588242695,0.1189013920248408,0.11477804286763105,0.1107762305363626
16-01-2026 14:35,25708.0,0.11423749999999988,0.11633814236605018,0.1123811980408217,0.10722258978019766,0.10401269974910453,0.10134107037352023,0.09947667097048002,0.09870122934701811,0.09859967481426385,0.09963775723020164,0.10094559913463576,0.10225773271519381,0.11276536660464595,0.1441997243620214,0.178385604863464,0.1874848262418878,0.18096276348502144,0.17285017266806293,0.16494179524354477,0.1578508625298785,0.15114338793722187,0.14439554069371796,0.13780523330531153,0.13069506387099425,0.12318493578974556,0.1176385037663678,0.11400224625691488,0.1105775
16-01-2026 14:40,25706.4,0.1180875,0.11538167012421828,0.11067355257546332,0.10624020404743496,0.10329114529606331,0.10046004186580926,0.09823235553560468,0.0975415533160656,0.09750081281203883,0.09809574543929525,0.09963932144666415,0.10197523199050959,0.11291402640851135,0.1446602457508193,0.1786027803836848,0.18604727431286489,0.17888730860164614,0.17142223046039648,0.1642062259199483,0.15782932391354537,0.15131285811120823,0.14429008309898939,0.13756599945983067,0.13121634280353198,0.12466492229761066,0.11882622322041582,0.11439277242246743,0.11055249999999998
16-01-2026 14:45,25707.8,0.120455,0.11537526819488647,0.11025353992260505,0.10652613081467227,0.1038783788448128,0.10098270975135619,0.09862806782116379,0.097641245553371,0.09723484037410454,0.09733179112103142,0.09910446969509856,0.1023870464842602,0.10841885003452788,0.134656262734119,0.1726471940905045,0.18320848414934235,0.17526463670024456,0.16816111579531645,0.161986294727529,0.15667193341945013,0.15071387840574915,0.14405141016832756,0.13732975604381878,0.13136654151963914,0.12597292197491036,0.12033648398275439,0.11516445495919722,0.111260349596379
16-01-2026 14:50,25692.95,0.1212362269715929,0.11573775988142819,0.11113735165334919,0.10759177457777275,0.1041826523515591,0.101220588835167,0.09936669666126856,0.09836559388068239,0.09781732846492665,0.0979118955605157,0.09934773094129928,0.10201187093985706,0.10537852208542123,0.1292237630033742,0.1702174055866349,0.18415999734792243,0.17584842577823137,0.1669306229028332,0.15996326544434536,0.15524044654165375,0.14998259564760918,0.14374768255016562,0.13708257199057097,0.13094332961925936,0.12561403457787967,0.12032216392639591,0.11559946342675456,0.111983199192758
16-01-2026 14:55,25700.95,0.1213274539431858,0.11336829000791597,0.10987126982976073,0.10698229653981613,0.10275010705307715,0.09990379878729466,0.09863872960990608,0.09787142994886469,0.09742027411735339,0.09759183593749998,0.09875509375,0.10087719531249989,0.10428017968749999,0.1286724999999999,0.17101753681548337,0.18630632297595498,0.17819437401638202,0.16912286978646032,0.16136572276517555,0.15571111851619063,0.15012097996353324,0.14380369283758285,0.13737711108734332,0.1311052600567019,0.12498652630765963,0.11973569826414825,0.11570883731836838,0.11167034959637899
16-01-2026 15:00,25706.3,0.11740622697159289,0.10935344875762673,0.10636304848963125,0.10443547338082229,0.10124543194503947,0.09885339064731599,0.09759243121120303,0.09685025794318229,0.09643282722983991,0.09664331525556209,0.09791985954379774,0.1001530652555621,0.10364667845241327,0.12824625,0.1709950639430786,0.18626676422893773,0.17799337190243814,0.16973007471341944,0.16269911493984726,0.15671322240991808,0.15060625134943076,0.14401328294719848,0.1376520381063952,0.13136224108918176,0.12479751765738924,0.1196531598784057,0.11599565445267475,0.11163999999999989
16-01-2026 15:05,25694.05,0.11462749999999998,0.10927411656494583,0.10581759325981246,0.10361522176806322,0.10143843714311758,0.09926733513406613,0.09771122900164525,0.09689699218749989,0.09645020065482646,0.09662317738612429,0.09795654721259549,0.1002483492611243,0.10377972409232654,0.1282643749999999,0.1703175078368012,0.185342387583581,0.17725434431573198,0.16862575601584306,0.1617547405538548,0.15629054262377381,0.15023639786672346,0.14345492773807242,0.1366768942373385,0.13049811463723382,0.12486002398192186,0.12014913512839186,0.1162799288598554,0.1120552215019298
16-01-2026 15:10,25691.6,0.1171349999999999,0.11206178248156987,0.1077282373365703,0.10463830230961903,0.10251190928504059,0.10041176220952379,0.09867306670760846,0.09776534856116424,0.09705259349225326,0.09689188885126206,0.0984231391398466,0.10100567540652783,0.10442404729066089,0.1283537663283376,0.16967298150104188,0.18489119082360814,0.17769136239974948,0.16907467389334785,0.16135128824265024,0.15510646898610664,0.148555978940712,0.1422405555798801,0.13563498333582,0.12886962662522783,0.12403381865832712,0.12013048875277763,0.11589895299827208,0.1119754430038596
16-01-2026 15:15,25691.75,0.12323499999999998,0.11621428375144394,0.11071492354503525,0.10660435340142932,0.10418369672956057,0.1021769863834891,0.10012966177766887,0.09883129525242927,0.09745904749539917,0.09671869015941591,0.0988192914003686,0.10501756202005827,0.11418757098721084,0.1377288971574315,0.17242080529358897,0.18421732769537635,0.17741221067214324,0.16929838600789698,0.16104945916327146,0.1538895084887373,0.14673467747752741,0.1410302277059015,0.13524189392782035,0.1283674598810354,0.1234240963793369,0.11960236723244208,0.11504705302398827,0.1107602215019298
16-01-2026 15:20,25695.9,0.12471,0.11697357162067812,0.11109394171194051,0.10668128352548313,0.10389653526880069,0.10190336510238833,0.09984742225159304,0.09826680263386585,0.09673963112127829,0.09612284703173204,0.09854805464193454,0.11123924003427643,0.13312461535961712,0.1573742216045671,0.1794656906794665,0.18429253607524115,0.17718802178517076,0.16960908106331407,0.16154495931787863,0.15421012707981516,0.1471506204017538,0.1412831786384598,0.13562742481790557,0.12958041550157112,0.12428283827252812,0.11963470220909811,0.11482667235883506,0.109745
16-01-2026 15:25,25697.65,0.1273574999999999,0.11833332533051864,0.11057548823732402,0.10687624560137629,0.10600533569362929,0.10490108724246096,0.10276223275210129,0.10102969808991046,0.10091150823793289,0.10182594945029669,0.10393238011314553,0.1166489416034222,0.14016770266272774,0.1644657279258327,0.1849074859567994,0.1893241149602693,0.1818527219912807,0.17387093268520476,0.16570389794916182,0.1580391287652977,0.15091447683782674,0.14426753616075827,0.13776974516965704,0.13173345810197287,0.12612593116884646,0.12075474437946516,0.11576898184162399,0.110565
19-01-2026 09:15,25549.65,0.1224049999999999,0.11550511933442914,0.10796565784598733,0.10613374089375663,0.10952457761731157,0.11128059183102612,0.1086312986906412,0.10651966240001438,0.10925978490481189,0.11292619311475806,0.11444886646457789,0.12080230058778102,0.1333591996979069,0.15627199062407687,0.1867526879636026,0.19682966641204502,0.18941904687499989,0.18107491406249998,0.1726245078125,0.16472284375,0.15709564589737798,0.14923170816862746,0.1415298995567299,0.13510064533471317,0.1295681715948049,0.12412845633775645,0.1192629982389209,0.1144975
19-01-2026 09:20,25596.45,0.1034175,0.10269635478301681,0.10145433724448019,0.10233253542924925,0.10719858911676503,0.11119773936174343,0.10851823917406828,0.10632304971793467,0.11151674758447486,0.11756868509484385,0.1185756354519825,0.12177644553723488,0.12897414146970426,0.1510225898051399,0.18743125,0.20065203125,0.1933059609375,0.1851833828125,0.17683642187499998,0.16893530687721764,0.1607632091596683,0.15195830149506306,0.14406523388436318,0.13809693019868421,0.13284105073721938,0.12771882973137816,0.12319546786946041,0.11876749999999998
19-01-2026 09:25,25570.45,0.10822749999999999,0.10602366411124209,0.10524131685213223,0.10654506775416162,0.10920917103166024,0.1109148213879305,0.10828217322422344,0.10714326757495382,0.11231405635118014,0.11807717458703625,0.11959500685801026,0.12312685297386705,0.13182446390665783,0.1551283105723662,0.1891415603728274,0.20023188150447707,0.19269256779831118,0.18406035661840955,0.17495439661721862,0.16707673417681887,0.15941908394351514,0.15104328376484652,0.14368210113520308,0.137529570208695,0.1316903760775669,0.1265544799765197,0.12203361488642525,0.1174125
19-01-2026 09:30,25544.4,0.1222949999999999,0.11543019774601876,0.11160167909454276,0.11332188619958843,0.11402304187346997,0.11134693463675711,0.10876847213216759,0.10940380923461257,0.11298688555900943,0.11737295771376638,0.12094289263197829,0.12459208096961437,0.13345392899979508,0.1589782297485397,0.19133937074565477,0.20030123175895417,0.1926754871591224,0.18345093198681922,0.17344237135943733,0.1655902283775211,0.158464959252937,0.15045676866027186,0.14329038024762764,0.1361956310263227,0.12928253222792346,0.12430203411856879,0.11994488128585709,0.1149525
19-01-2026 09:35,25579.4,0.11679999999999999,0.1116488883090202,0.10981620654363486,0.11214217356080187,0.11162619864197007,0.10777719810803993,0.10636435128922947,0.10791364162984138,0.11047775559242674,0.11518027831718988,0.12066086196680349,0.1237030137783506,0.1316073299053363,0.15888996799874897,0.1926885916184039,0.2018529674064993,0.1938337764350173,0.18446813194332426,0.175491998379554,0.16736165896161775,0.15810708191191927,0.14936120777711892,0.14317511112507642,0.1365367513453288,0.12954678323460758,0.12486561812356195,0.12070988190154397,0.1156475
19-01-2026 09:40,25551.95,0.11657749999999999,0.11263508299594134,0.11072000785473773,0.11053780872301115,0.10896063969262279,0.1066762731653621,0.10655688334685925,0.10794537382240527,0.11014802990048045,0.11509230707181217,0.12075813788347367,0.12353695559294746,0.13165068568669505,0.1594506249823061,0.19219690463028977,0.19989356239397632,0.1916337376774441,0.18309234010420536,0.17554996831986003,0.16717151948685952,0.1565200061125146,0.14782285103240198,0.14216800458062506,0.13621206733692126,0.12992196081870055,0.1248641397349962,0.12020910292871761,0.115095
19-01-2026 09:45,25560.95,0.11444249999999999,0.11156143116610917,0.10953049323949819,0.10827889415091506,0.1070537966462148,0.10626483195589247,0.1066083423906655,0.10788030733461781,0.11005340954450604,0.11434663103823361,0.1194266129937755,0.12281859671918313,0.12940641044316264,0.15484718749115298,0.1885924271316756,0.1971134146948413,0.18972334230259535,0.1829217959412644,0.1756084594777138,0.16738099754066157,0.15812706589730757,0.14986197466811918,0.1425393510140086,0.13554059298808827,0.12969845717845105,0.12475815236018813,0.11995272470447954,0.11494499999999999
19-01-2026 09:50,25558.35,0.1039799999999999,0.10379978612641443,0.10386671722253399,0.10392223278461368,0.10383829898933734,0.10394337802107091,0.1045697226808114,0.10610441660782308,0.10856928612905863,0.11247323368430687,0.1172324961038528,0.12167941418463359,0.12713302747873145,0.15042193672206286,0.1868535153547877,0.1984989467533425,0.19163075143218278,0.18474635255707156,0.17689924917018918,0.1687354609374999,0.16040922656249998,0.15211253191763588,0.14338841077912157,0.13534275744632174,0.1298321191565703,0.1256094573149824,0.12117466986824807,0.1164675
19-01-2026 09:55,25558.2,0.10339249999999998,0.10274365375450145,0.10291748597657309,0.10324908986150158,0.1035157632665989,0.10394290809276059,0.10466172170703168,0.10637331887809001,0.10902890376814925,0.11261078425749019,0.11710201121017666,0.12240023801055,0.1286578925975104,0.1514138734441259,0.1877128366078254,0.20018771167545524,0.19292539910782538,0.1849236057700978,0.17660823496891764,0.1680046334509199,0.1593727891515043,0.15133772665584705,0.1430893114534633,0.135546716420912,0.1301917139292418,0.12554960310010116,0.12086036471545998,0.1166125
19-01-2026 10:00,25520.6,0.1101642765377025,0.10918966558325485,0.1081313010220115,0.10710365574155459,0.10686224116697944,0.1070443639295534,0.10744338022443219,0.10904334976743096,0.11179366852217251,0.11538306353320422,0.11955906441563907,0.12450126151106279,0.13061069505682993,0.152669436722063,0.18756375,0.1992628203125,0.19167775781249996,0.1835221093749999,0.1751766340003355,0.16612573787131207,0.1569359355482905,0.14891892168003174,0.14163322184269092,0.13490260734300646,0.129148899157833,0.12376713525710788,0.1187627979714223,0.11476
19-01-2026 10:05,25510.95,0.11440105307540509,0.11448717889061732,0.11262062493194813,0.11029164386974695,0.1094228259915116,0.10916940636076801,0.1091877338912611,0.1105486079960581,0.11350467029683421,0.11741910388831459,0.12139929916322646,0.12576100114049968,0.1314925846716735,0.1529431938129986,0.1867876376259972,0.19820694381299858,0.19065348948165828,0.1821536053446638,0.17360338262965397,0.16477144288653106,0.15559139907626923,0.14742158133116087,0.1405511451788823,0.13405647015151145,0.1279816829211042,0.12268053405701174,0.11790827588649036,0.113460517342063
19-01-2026 10:10,25528.25,0.1163392765377025,0.11440992507707198,0.11176245988204021,0.1095028132577744,0.108581582317941,0.10818585757569582,0.108215276425081,0.1096043869166852,0.1125831949271769,0.11649477243207222,0.12068671116428457,0.12529448095321655,0.13312317157147835,0.1566133944184365,0.1885406536482142,0.19842760329344994,0.1910343549975858,0.18185957468086889,0.1727747671701071,0.16428272124410767,0.1555974832967937,0.14792448493637644,0.14090351364945783,0.13398515053142807,0.12825342236352458,0.12352780268223666,0.11914145996825912,0.1146727778780662
19-01-2026 10:15,25530.4,0.11546499999999998,0.11269547449548552,0.10972841276385019,0.10749777602548126,0.10693834061401239,0.10686588278080587,0.1071157794126622,0.10870749323875202,0.1115940381608565,0.11535845353604901,0.1199495828170328,0.12496346935927133,0.13467983359014848,0.1606990823978772,0.1911676869037949,0.1987883874896184,0.1912094414985883,0.18206542160611625,0.1732528660085387,0.16509959680490247,0.1566042220504203,0.1490217320635064,0.14153980428515112,0.13419434653634454,0.12879571849941682,0.12448251761432448,0.12020925634980652,0.1159465037299434
19-01-2026 10:20,25543.9,0.1074475,0.10827972825301108,0.1073558954128848,0.10553373545684726,0.1051933108889715,0.10556361498834144,0.10613652642508109,0.10796585940466052,0.11115384268443998,0.11501144471926061,0.11957308212102588,0.12715058646828278,0.1392974919738108,0.1634314065853359,0.1919077142748813,0.19913675598723055,0.19126222124355216,0.18261466554828118,0.17462367739970092,0.16681529558506542,0.15837358518310954,0.15030870370575192,0.14271928487912555,0.1359399740494223,0.13051116003095842,0.1258643126863153,0.12135629235920141,0.1168192431939402
19-01-2026 10:25,25526.15,0.10325499999999999,0.10551165679661878,0.1060880562609836,0.10507329546417764,0.1045340062379948,0.10486512354445897,0.1057192578124999,0.10775958494556893,0.11130112548250531,0.11544449808848303,0.11977212792728104,0.12946990928667143,0.14434094270929623,0.1658611512304917,0.1911436710087741,0.1986200236974153,0.19134407463707873,0.18313755294609652,0.17512607933803317,0.16707891749563164,0.15874711082749046,0.15004505147721936,0.14174949967798606,0.1355297936911326,0.1307415769583121,0.126384403270459,0.12214162886146493,0.1175549999999999
19-01-2026 10:30,25515.7,0.1099543215854104,0.10850227246984132,0.10761447876333721,0.10680650881357989,0.1061077371218884,0.1060238437499999,0.10675074218749989,0.10873306200403451,0.11210037780922552,0.11620608265474515,0.12081431336102721,0.12811966136366354,0.13812267768804998,0.158622821735715,0.1871155666298389,0.19706688195577549,0.1908452802355422,0.1829720230854531,0.1746047109374999,0.1662584765625,0.15797726852998087,0.1487984395336349,0.13940480198651284,0.1326943782962394,0.12859843789334952,0.12516084257179552,0.12134685095787846,0.1173525
19-01-2026 10:35,25513.9,0.11861364317082099,0.11296997692989232,0.10977804586358857,0.109015797199702,0.1083538288083803,0.10769120707103638,0.10831040814910059,0.1102831132073325,0.1133035095244818,0.1169649345964222,0.12164887058517876,0.1268613824918874,0.13196382699510548,0.1515423902869744,0.1833831865842048,0.195147932642598,0.18949030174588238,0.1821412174354961,0.17394189818184824,0.16558858593749998,0.1573141889524905,0.14873183862703301,0.14000663050278808,0.13281105022617948,0.12812688141298353,0.12437169088613531,0.12022090126886177,0.1167175
19-01-2026 10:40,25500.4,0.12059182158541049,0.11487880351600041,0.11104373229159453,0.11047842449185293,0.1099264478305971,0.10866391610952165,0.1091238333149819,0.111134585789665,0.1139707605774865,0.11756914736161249,0.12197414707015089,0.12665417209059507,0.1317326916713083,0.15157329632428787,0.1833171828328307,0.194297579223447,0.1881897110735635,0.18154702310005877,0.1739562375988782,0.16562127343749997,0.1572825781249999,0.14924596091447026,0.1414942025774868,0.13463163119981772,0.1294678401736714,0.12496906661615167,0.12042404635994836,0.11638
19-01-2026 10:45,25525.55,0.1170512334560383,0.11406752350297923,0.1114336817417911,0.1106192698845998,0.10994857329855337,0.10868769538093417,0.10875547343266181,0.11052304289483239,0.11329585863253497,0.11727735466530699,0.12189293737804392,0.125885831227807,0.13073658646172798,0.1520994763354333,0.186025810262994,0.19683691756929242,0.1892326628457126,0.18218819414680898,0.17471292908971134,0.16633867187499987,0.1579021249999999,0.149782812946284,0.14214528570273,0.13567142207539176,0.13054087164022998,0.1257890809190166,0.12136544251406489,0.1173557512743997
19-01-2026 10:50,25515.9,0.1204974669120766,0.1173754099100128,0.11399258554315732,0.11222379033983522,0.11110542675540123,0.10981906333370328,0.10968908309202434,0.11128677906178297,0.11377235457721449,0.11725284933975165,0.12165295558257877,0.1256940222963301,0.13056973240761038,0.1526899999999999,0.18797124999999987,0.19918903934299578,0.19051762355180663,0.1817226149546071,0.173850585939912,0.1661082880161223,0.15758757885768282,0.1490750255816469,0.1417430662496454,0.1355605460309297,0.13000244256950458,0.12486044792289631,0.12050053346562979,0.1169915025487994
19-01-2026 10:55,25526.35,0.1263612334560383,0.12097890460658559,0.1155321244091787,0.11369553535196969,0.11268291614151327,0.11081154344019561,0.1105477697055966,0.11222133249434119,0.11438607381608255,0.11691737970815665,0.12069986793655249,0.1251814782318779,0.1326678510568955,0.1573633436656761,0.1905575594709685,0.1995961417589204,0.19083172786189095,0.1811912957194014,0.17322816473916783,0.16597026647127114,0.1571563035590054,0.14848453483495766,0.1415306695649882,0.135475180631066,0.12954769531250002,0.12403604922273248,0.1192517784515649,0.1149907512743997
19-01-2026 11:00,25550.1,0.12108499999999998,0.11545776565057192,0.11084482284359276,0.11044054360499718,0.1102358593849358,0.10823144392484467,0.10773983974662721,0.10933436700610742,0.11196918770266277,0.11500774935196609,0.11866044552006444,0.12328786644412773,0.13332304493006136,0.16069685904287767,0.1920683608105499,0.19943520807392257,0.19216813823337647,0.18363213763645977,0.17531709481978422,0.16753667259213706,0.15857194780347125,0.15015498168400337,0.14351574137603365,0.13750123328239525,0.1315923331625773,0.1258238405061846,0.12053208777463738,0.116175
19-01-2026 11:05,25561.85,0.1124875,0.1083736580058893,0.10598679291740595,0.10632818151863073,0.10642155003601757,0.10490530213577244,0.10440828309938965,0.10597737066797537,0.10926385265510721,0.11320949049300175,0.1169829266903636,0.12150427718247513,0.12949931474712173,0.1544336870887271,0.1882809182081941,0.19903643735998802,0.19306700770360077,0.1852144767422665,0.17639343399211738,0.16840248639030644,0.1600410226117876,0.15176856703469785,0.14523480471516598,0.1394098328087245,0.13358013507515462,0.1277176419498693,0.12231190992427475,0.11859249999999999
19-01-2026 11:10,25540.3,0.10947249999999999,0.10757629687499991,0.1061824985611652,0.10567136145571689,0.10508608971295717,0.1040781003640208,0.1039923266550655,0.10571887186107806,0.1089200470207877,0.11277970185081954,0.1169230893469339,0.12171030482777406,0.12752387714639407,0.1500789217115255,0.1863426168686127,0.19934546645400986,0.1926490795639851,0.18461404900232226,0.17590576908988442,0.16681799513021606,0.1574955500365552,0.1494818382693493,0.14342251760678704,0.13818168572045184,0.1328263770831716,0.12729691437154297,0.12252486189323644,0.1187468714844438
19-01-2026 11:15,25533.8,0.11292749999999999,0.11033029629128356,0.10757138661269872,0.10614407535721038,0.10542837343878567,0.10499063693486232,0.10550038024542131,0.1072556897658937,0.11010246594355763,0.11394672377804484,0.11870250765388371,0.12362586245833107,0.1308926132552969,0.1547233392695519,0.18831612399576278,0.19901059688458853,0.19190549240187418,0.183337371217463,0.17428122461047885,0.1644302188326522,0.15397563969508307,0.14596688183027706,0.14064956111790494,0.13618372317786226,0.1310670290185425,0.1255363411263032,0.12155345035205213,0.1179237429688876
19-01-2026 11:20,25513.75,0.1200275,0.11444796391463974,0.10955763249813491,0.10785841993506728,0.10747062306585181,0.10714748027392079,0.1077442995844423,0.10933506249848361,0.11198380233826158,0.11597883036858987,0.12098211687026764,0.12568763116666226,0.13434071869809394,0.15918855353910377,0.1897028729915257,0.198259982831677,0.19131248480374838,0.18220910211302285,0.17260701213524476,0.1640310785274672,0.15529921099804675,0.1471799598515173,0.14112905333738787,0.13604345104296994,0.1300099761789443,0.12395891175528712,0.12009220637694917,0.1164743714844438
19-01-2026 11:25,25514.95,0.1211975,0.11673120581474605,0.11256267265356815,0.11082177285331946,0.10990716649700222,0.10902347962566465,0.1090472450614518,0.11030792028190406,0.11289821366913083,0.11659534877804492,0.12114662484138372,0.12587287408732994,0.1351415123251993,0.1606001999093566,0.19086017931566518,0.19867957934467373,0.19115576826378697,0.18226672752441414,0.1736157154572929,0.1658625959027993,0.15801692979573162,0.14972376572727472,0.14232749045683055,0.1363379407895618,0.1296296970452581,0.12295483200872695,0.1188940787255053,0.11545
19-01-2026 11:30,25517.75,0.12135,0.11892704098820728,0.11573838488852635,0.11325482170527887,0.11134876552297944,0.10988606325501513,0.10932269062063787,0.11032810774270771,0.11294549657205923,0.11896698951923314,0.12818158474436345,0.13520716096493027,0.14450116490565834,0.1681007399923723,0.19381237144313287,0.19884363530630017,0.1909933481196826,0.18249334482434743,0.1747326376613255,0.1670068947871728,0.15864402652095325,0.1498649263637593,0.1418140262481121,0.13589481625248076,0.12957220386413204,0.12272006455501358,0.11826589882287628,0.1149174999999999
19-01-2026 11:35,25523.55,0.125865,0.12201595592181742,0.1179094815578944,0.1145318153048162,0.11196137112156526,0.1100985994501676,0.10929020871483397,0.11022990776242865,0.11275209470661858,0.12121342435096628,0.135414919488727,0.14459395110536435,0.15104532725769043,0.16974772055179738,0.1931862218994927,0.19857685784475143,0.19089862706164812,0.18196827575442673,0.1741187926885396,0.16644659813790977,0.15756614884023584,0.1489403653986689,0.14157652294071515,0.13579185408647684,0.1299566756766202,0.12381969262690283,0.1189804001903358,0.114928487607683
19-01-2026 11:40,25536.55,0.124495,0.1206228684988771,0.11667176216028247,0.11341320443637719,0.11089057792533093,0.1090698499026066,0.10835959383217668,0.1092983609273832,0.11167482469705924,0.11745134889423314,0.12656705349436337,0.13352633301943273,0.13850048264051532,0.15791503868569667,0.1888765507491961,0.19943923179844286,0.19160271946189947,0.18189776883422218,0.17377548904726367,0.16588387823556638,0.15677113662502795,0.1490115779553466,0.14273917811775513,0.13676847511970538,0.13084449027675016,0.125231795235048,0.12035441239893743,0.115986975215366
19-01-2026 11:45,25537.25,0.1178737681544922,0.11655704633734297,0.11421165328354771,0.11152172918525438,0.10927509983747193,0.1077858046874999,0.10731361718749999,0.10832372656249989,0.11072637499999999,0.11399747634436709,0.1182608809868675,0.1231968405350009,0.1287482553304483,0.1512324474864669,0.1875880199729339,0.20034283929990643,0.19259259434552117,0.1836597581442902,0.17521857605214658,0.16682510892566255,0.15849911034925096,0.15082545243189516,0.1438061931079767,0.13755757431137441,0.13158061580284713,0.125907253086274,0.1209044093244687,0.11618598760768299
19-01-2026 11:50,25541.5,0.1126775363089845,0.11251346374055445,0.11122380914874803,0.1090610091238772,0.10715285460623596,0.10611807262486789,0.10617972405193839,0.10759716222914084,0.11006196568074089,0.11357174624280236,0.1183092440120305,0.1232577457492021,0.12850538083537236,0.1508976786267801,0.18733035725356026,0.20011944425178008,0.19295489285783476,0.185031302858874,0.1765184162099297,0.16784078027674246,0.15943219712986617,0.15045089550806898,0.14258303229906963,0.13713142435874723,0.13198706270266997,0.12652041471410275,0.12142371093749989,0.1163775
19-01-2026 11:55,25540.75,0.1098987681544922,0.10902703590208858,0.10765131646298277,0.10593814843749999,0.10462345312499989,0.10418290306223585,0.10492151060387679,0.10689471021141805,0.1096466587998925,0.11357488744805218,0.11845124437686917,0.12312511687699507,0.1305666343342231,0.15496715412672246,0.1887691129437017,0.19966082160901746,0.19277205391862415,0.1838503108053044,0.17371189003588922,0.1648844548722772,0.1569423692718274,0.14823099530031322,0.14118045052513623,0.13649845389557738,0.13206642564979099,0.1270022762478079,0.12192462906521509,0.11726999999999999
19-01-2026 12:00,25527.0,0.1099763023864175,0.1085020069709712,0.10680166072094986,0.10528297097516233,0.104305922361947,0.10414071946278258,0.1049397296217938,0.10695536023327762,0.11046153845769989,0.11504531062534287,0.11949113527257306,0.12625521699484765,0.1407001136745155,0.1672156214748406,0.1935810101528546,0.19934266113553584,0.1922251909237038,0.18246166140935507,0.17099018412424738,0.16185446398991432,0.15463816484402051,0.1480981154239948,0.1424319961881705,0.13702422550506835,0.13202425140296092,0.12690445679080758,0.12176349250543009,0.1173599999999999
19-01-2026 12:05,25522.1,0.114395104772835,0.11197061550444241,0.10956221679603435,0.10767482028108898,0.1064040841146538,0.10592723450659372,0.10631436743134544,0.10801004343636442,0.11173711948868581,0.11649174965590331,0.12066637790439293,0.1298877731411041,0.1469503947975539,0.1708820451622244,0.1939932190151044,0.1988642831655015,0.19187765004913312,0.18352298355017116,0.1740091664045067,0.1648472837322885,0.15619169573924754,0.149583415883227,0.1439932076228861,0.13779512968199492,0.13188342890299265,0.12638660306960237,0.12122591031521508,0.1163975
19-01-2026 12:10,25521.0,0.1242988023864175,0.11845676478347111,0.11428570924171896,0.11146641513669103,0.10931644020596618,0.1080499581869434,0.1078772337781245,0.10918392649786401,0.1121919069626375,0.11612066595517724,0.12026227617209594,0.12756804445714068,0.1380939848402975,0.1597630742729165,0.1894614663955794,0.19865018378606264,0.19176806708943298,0.18434402017232393,0.17641772414516416,0.16781948876108785,0.15889285275645498,0.1511278603133675,0.14422063744814714,0.13755662762903648,0.1312242109374999,0.12542578124999998,0.12013355468749998,0.1148325
19-01-2026 12:15,25533.2,0.128,0.1197865836496766,0.11421391150524364,0.11091911642327815,0.10863802064075949,0.10724251895576428,0.10697038754163445,0.10822287499999998,0.11090143245648906,0.11459633870662589,0.11902909750134363,0.12381288879221619,0.12943628649761976,0.15159870985278617,0.1868863396945092,0.1991508251630533,0.19217056227725915,0.1843183010224767,0.17636991802812144,0.16788602003754655,0.1594745971883744,0.15189775793715063,0.14457784742575033,0.13768464843749992,0.13131192968749988,0.12544466531909904,0.12014485304112024,0.115027902111689
19-01-2026 12:20,25542.4,0.1206825,0.1145054329243533,0.10951477448971829,0.10663494821510286,0.1049571920935104,0.10404576043937064,0.10439867646851039,0.10616964390507513,0.10911581022547814,0.1132705446007519,0.1181750156255475,0.12276065974198752,0.13006186337204617,0.15432327041506397,0.18837167525050397,0.19987870176809522,0.193251070849672,0.1852494224891992,0.1773495934339362,0.16864039642131518,0.1597105369345199,0.15218744115236724,0.1451706167265007,0.13836197656250002,0.13215496874999988,0.12644848688819804,0.1213652451447406,0.116585804223378
19-01-2026 12:25,25526.05,0.1162925,0.1122252143736909,0.10851921026853734,0.10607678162667843,0.10436907410232107,0.10345501306624126,0.10414430606202091,0.10618443624765025,0.10918514339398906,0.1131940652691259,0.11800442187527364,0.1230244536518081,0.13482754327523078,0.1632097325622912,0.1926661646174398,0.19971735148058373,0.1932452952907543,0.18545510859332756,0.17726382668036367,0.16867931416336374,0.15992081324862578,0.1518709654053637,0.14472134283870752,0.13813386693484947,0.13200489687490857,0.12617280593678584,0.1208756702142682,0.116380402111689
19-01-2026 12:30,25524.6,0.1155249999999999,0.11233162369545804,0.10914828415512308,0.10680356938413832,0.10516737661161074,0.10440470575187064,0.1050189030310104,0.10692309703007513,0.1099240078125,0.11374890624999999,0.1183833203124999,0.12366652509165753,0.135965662373639,0.1648220429481739,0.1936778865717223,0.1993724551682144,0.1920711554963184,0.18372103208048682,0.1754597363709967,0.16738927073063253,0.15900838969096467,0.1510382449841972,0.1439218621874343,0.1373718613288793,0.13147640291946414,0.12536966130408095,0.11955038565141443,0.11599749999999999
19-01-2026 12:35,25520.4,0.11683749999999998,0.11367572240637319,0.11041929845796142,0.10791547010137272,0.10618449900699883,0.10529680042526125,0.10576856801764038,0.10772748486234557,0.11080047418105693,0.11461726562499999,0.11926304268189201,0.12467805702658052,0.13295891888657616,0.15712275604477757,0.1896600252727799,0.19935183716524532,0.19127348153153798,0.18197358213099096,0.1742464177906533,0.16687536396375757,0.1584026522542175,0.15065337436988704,0.14342174594849683,0.13651435622821034,0.13085987302670266,0.1249377366926014,0.11912028853338513,0.1157349999999999
19-01-2026 12:40,25513.2,0.11911,0.11515601849742935,0.11187659904526659,0.10936945228661313,0.10727755568339739,0.1059524211630225,0.10630547122472891,0.10874632444432142,0.11242254996042564,0.11603089435931283,0.1199703119280285,0.1255043766583931,0.1319828395545869,0.1530842717639196,0.18723805683862857,0.19944563980837005,0.19170807579359242,0.18293322895633163,0.17529387942427,0.16759184771146085,0.15885978410582346,0.15058880073102565,0.1430648322990198,0.13624115089668037,0.13041400760714697,0.12482675506870725,0.11951160286761854,0.1150074999999999
19-01-2026 12:45,25525.45,0.12063999999999998,0.11645542187499991,0.11280189843749999,0.10999374569028927,0.10784071534169865,0.10657581511967605,0.10670155457472115,0.10909782070664582,0.11323211074336521,0.11669056903804044,0.11991502706038072,0.12521624908638856,0.13358855894063937,0.1566356797816796,0.1891996618024443,0.1997159308764814,0.19233626530803477,0.18404868162751517,0.17596269836278,0.1677847441275152,0.15902496525862508,0.15046306249999997,0.142934,0.13632230468749998,0.13029856249999988,0.1248093124999999,0.11975987499999989,0.1146575
19-01-2026 12:50,25519.95,0.1234275,0.11899503906249989,0.1146743203125,0.11124285325925232,0.10898455761518659,0.10777831310069814,0.1073824649595061,0.1088717071691278,0.11228529243050839,0.11564053731580815,0.11923284605024631,0.12422511234057637,0.133885315508821,0.1595090093157076,0.19088934616170466,0.1995446358275674,0.19227983578324917,0.18380884350155782,0.17486058995535247,0.16562804719020982,0.1570100326777489,0.14967831216272193,0.14267471322226435,0.13586491555782218,0.13000626028756737,0.12475871336030105,0.119711246523375,0.11468882789609788
19-01-2026 12:55,25545.2,0.1188475,0.1159473877786393,0.11253720540414,0.10965444510333436,0.10780529104483212,0.10686984519095459,0.10660051781337401,0.10790514349612051,0.11066594505120865,0.1139284061746541,0.11807951788132555,0.12290712861558675,0.13271902805684266,0.16005645445970068,0.1918944268957304,0.19944449768549938,0.1924355288018249,0.18500860675976039,0.17587053771200786,0.16500502044433893,0.1558876168863906,0.14995718444985154,0.14349398375428496,0.13627455404310973,0.13082547512306036,0.12606757058604504,0.12103274304675013,0.11610765579219588
19-01-2026 13:00,25548.85,0.1117624999999999,0.11059686930727859,0.10851509830828018,0.10664493862301887,0.10519296321018325,0.10445509983891697,0.10492766812039142,0.10672572627051463,0.10936869169356635,0.1128040360074815,0.11724360699214488,0.12201292682125103,0.1323289368575498,0.16119887634555977,0.19391022383886647,0.2008777154930939,0.19387329202555825,0.18742422202490797,0.17933032557157885,0.16907375864060922,0.15937255609711243,0.15223880325772415,0.1449545055754958,0.1377074900714397,0.1324244474564957,0.12758037616602377,0.12267987766001659,0.1182788518439673
19-01-2026 13:05,25553.0,0.1087725,0.10736494246613928,0.10578921321664009,0.10445044716054416,0.10314461187161643,0.10253792116068877,0.10338848661496956,0.10539477638795915,0.10826535911712179,0.11241748758378384,0.11758492650892062,0.12231290103615183,0.12971527703458316,0.1557130973176353,0.19159301075311846,0.20257835390304402,0.1959430189982009,0.18895760051721142,0.18123172186405828,0.171569303746099,0.16079843364793608,0.15179130705158933,0.1445021916364634,0.13859927882482645,0.13337113021731214,0.1279843080776169,0.12328398883578295,0.1194875478957387
19-01-2026 13:10,25544.5,0.1095825,0.10802496874999998,0.10632035937499999,0.10474220975660722,0.10339499251762388,0.10270592098005682,0.10319638417271595,0.10518409856772094,0.10839919544304964,0.11304302147775193,0.11876108426169854,0.12340496900105262,0.12786372658661657,0.1504904432897108,0.18828200206281517,0.20251277136941287,0.1962146444620147,0.1886558655060423,0.18063653794883014,0.17042081403676804,0.1586720290881038,0.14952133444080298,0.14333704795225788,0.13827274925616195,0.13288779055704122,0.12723759382483707,0.12227952176164147,0.1177800239478693
19-01-2026 13:15,25530.5,0.1145562107362518,0.11264006815535307,0.11046859458963576,0.10768407040418859,0.10543216382298634,0.10424761355972739,0.10421772291327432,0.1061114104347275,0.10935618523634257,0.1135015341763759,0.11853294447459922,0.12331979309427626,0.12838637891830823,0.15154553414485536,0.1896319385314076,0.20310104974720639,0.19575243941850728,0.1878671905655211,0.1797858043962774,0.16994934623612687,0.1591929018492742,0.15071138585880103,0.144126670997095,0.1374050405057053,0.1304075399716813,0.12447331946849556,0.11983796015219876,0.1155875
19-01-2026 13:20,25540.05,0.1157949214725035,0.11329417652238326,0.11165524082245841,0.10815572794739076,0.1050686397019233,0.10404193662855607,0.10432801497702794,0.10627404552951063,0.10932748724637462,0.11312889614753377,0.11770621881130561,0.12261136482111601,0.13056515976890654,0.1570382635639359,0.19343349469618148,0.20386914105909645,0.1958655426017136,0.18798273813017757,0.1798631177187247,0.1704677456229858,0.16070377924602205,0.1526471909354858,0.14540203427565074,0.13725065572643533,0.12890403878434215,0.12250479024497282,0.11830659800803037,0.115625
19-01-2026 13:25,25531.0,0.11775621073625178,0.11421417201620712,0.11212574475100931,0.10858008061971561,0.10546779150411599,0.10444892749122066,0.1048583860898577,0.10677719217521306,0.10970762856937064,0.11363412149816857,0.11837408334196652,0.12322781003293369,0.13560007062972768,0.166628551506318,0.1978101890815862,0.2032072596143082,0.1955278430159272,0.18794244730044993,0.17951607019193738,0.17017532058395374,0.16100210017433605,0.15290938291408748,0.14529148588782542,0.13760365002890954,0.13017863635369104,0.12365731328032457,0.11871266317110601,0.1160074852928272
19-01-2026 13:30,25535.2,0.12017249999999989,0.11621461052417692,0.11275697351818666,0.10941543870151345,0.1067900483116818,0.10536435215511428,0.10529753818104289,0.10693566419523542,0.10997144920123639,0.11396848131241137,0.1185995593918526,0.1235530417748623,0.1358805054026497,0.1664958157969959,0.19772676907462777,0.20352583823882703,0.1957448394767136,0.18798659427286693,0.1793691757506553,0.16987664238533853,0.16106051486247375,0.15318331392060627,0.1454562780855051,0.13822944819263575,0.1317012407983123,0.12551588752752774,0.12024811151457546,0.11645247058565439
19-01-2026 13:35,25552.1,0.11270749999999999,0.1130240411169049,0.11051533678369123,0.10742075244948573,0.10541509917820119,0.10437653917663242,0.10476805664131437,0.10621883296874546,0.10860501398917906,0.1123574753469857,0.11697971275302829,0.12200860492288779,0.1299587973667427,0.1562996563307811,0.1934788246892231,0.2049141962461153,0.196984296875,0.18899257260259458,0.1807990284410854,0.1714410430157948,0.16213029260222225,0.1542774490959287,0.14681826042525636,0.1392378327278724,0.13242171791403468,0.12686370794117183,0.12199101341620643,0.1171074852928272
19-01-2026 13:40,25558.15,0.11450249999999998,0.11659967440579717,0.11331293013886484,0.1085633649479617,0.10653537026428896,0.1058661786875802,0.10641097862197678,0.10744725221065243,0.1087706230529843,0.11187302763674262,0.1162981819543365,0.12119015405546954,0.12902480378752995,0.1555080647763991,0.19307603065011578,0.20473711444562642,0.1967729687499999,0.18874032902631946,0.18072408456606992,0.17179924081140738,0.16262903305288826,0.15439442625794034,0.14658253820279923,0.13855384635080173,0.13143147828818386,0.12618577005330667,0.12180350323831936,0.11769574957919259
19-01-2026 13:45,25544.95,0.12974,0.12585271035332316,0.11914832790173212,0.11293075396095033,0.11073530320252338,0.10975784355118962,0.10870741021298828,0.10874236012636677,0.11003846858182592,0.1131252344950732,0.11743462991692849,0.12176929575979259,0.13122601242905718,0.1595784976004634,0.19410968716604657,0.2031101884137374,0.19547893786346182,0.1873901975627222,0.1788787992143563,0.17041158837874104,0.16209810464627641,0.15377481196004664,0.14553850122185016,0.1376513842725699,0.13069290507596537,0.12487050730952387,0.1206343925618116,0.11862917998074439
19-01-2026 13:50,25583.5,0.1280575,0.12193455414437447,0.1158037101856569,0.11162660090590357,0.1107095835953338,0.11003279180044906,0.10770875976905124,0.10676821803875028,0.10821242177735928,0.11190212856758747,0.11669697295220524,0.12023504210734424,0.12675302261698101,0.15374143630023168,0.1921494073817457,0.20416140849059547,0.19697886791442382,0.1888497908589857,0.18012689773701837,0.17217780463390717,0.16366493520162895,0.1545615098817017,0.1466307997165211,0.13972518190170027,0.13309075287039096,0.1267396194887785,0.12190071443862714,0.119211111223911
19-01-2026 13:55,25602.3,0.1182,0.11476393346679381,0.11183961389833087,0.10981462594956434,0.10935712564053533,0.10851896580766207,0.1060026665862973,0.10490991213240682,0.10614705456342909,0.10959852456878098,0.11430282864052858,0.1177806214051526,0.12207216179725384,0.1481843749999999,0.19177200086581486,0.2074090770908033,0.1997947886414655,0.19161091999195268,0.18349533390623046,0.1754875703963712,0.1658730666011683,0.15562471058682895,0.1477405130409204,0.14156504921647942,0.1351171414251586,0.12864751619006987,0.12296542133572944,0.1178101808223592
19-01-2026 14:00,25605.6,0.1196825,0.11525655976543521,0.1126081890849938,0.11046932541155985,0.10853858634484727,0.10654208559011315,0.10445122184844034,0.1040450593577252,0.10541126549758219,0.10806276684645855,0.11195133621715553,0.11607705188929801,0.12368964734201235,0.15293416910429197,0.1950741866116777,0.20912349755797907,0.20137576429898496,0.1928261785081059,0.18486660765144383,0.17692005649888604,0.16724224743024627,0.1569792690943828,0.1487934462250498,0.1422703384369337,0.1356884677804877,0.1288943862574727,0.12255645012013403,0.11679999999999999
19-01-2026 14:05,25625.95,0.1208418038466866,0.11228102510603301,0.10773442763083316,0.10550024339715944,0.10355522295396716,0.10188321127399422,0.10090059334794439,0.10128704876633456,0.1032914740722088,0.10617867890915608,0.1096010727889255,0.11396448651561703,0.12481520120309646,0.1573039632085842,0.19775587322335547,0.2100860955360018,0.20283300751395902,0.194150199945603,0.1856626821672888,0.17717627511870687,0.16697590021580624,0.15741124154691835,0.15033573499534855,0.14371454718467777,0.13684900695685523,0.12991158946020118,0.12367842881373553,0.1191064224818239
19-01-2026 14:10,25615.15,0.1232211076933733,0.11297899333816148,0.10735136681709272,0.1047197641792346,0.10284206297020917,0.10148352343749999,0.1007610546874999,0.10112697567161294,0.1033306709165438,0.10654142955236161,0.10975376382293854,0.11399651402317976,0.12235467980797823,0.1521707888006884,0.19535568598131117,0.2102249498629732,0.2025426323692649,0.19366343179851137,0.18551198922215834,0.17651690291527805,0.1653478203890337,0.1562027207208265,0.14970347399133968,0.14272961423742692,0.13597427271303444,0.1297842121903683,0.1245342880079046,0.12136240433489989
19-01-2026 14:15,25589.9,0.1263093038466866,0.11954094661071338,0.11434041969952088,0.1105679609375,0.10763999919894746,0.1055612249782978,0.10429106513385529,0.10421721288897633,0.10578133812540426,0.10808715625730285,0.11105524812746603,0.11545489973396582,0.12106965060035993,0.1476038643927927,0.19248237373926688,0.20940155457076332,0.201107782389208,0.19146057318897033,0.18362002112130255,0.1759158948767291,0.1656624004074947,0.15608421324328817,0.1484378796707578,0.14074107492292656,0.1341233929961945,0.1285206619675241,0.12364851974263899,0.1204630412243281
19-01-2026 14:20,25610.85,0.1174375,0.114565859375,0.1111326796874999,0.10810439094545884,0.10572507090961053,0.10405099521651619,0.1032661914494717,0.10381967350419748,0.10538476527851812,0.10693183234920008,0.10978232447166715,0.11443601772560699,0.12293240023487212,0.1528827539407806,0.19554831649182547,0.20946098316955475,0.20104947771918577,0.19177381412940217,0.18367813254141738,0.1763309345949139,0.16714794008811867,0.1574843196865808,0.14952067521513115,0.14211267084596574,0.13532354806059713,0.12928904908136687,0.12396394856242468,0.11966131184574548
19-01-2026 14:25,25607.6,0.1113924999999999,0.1077838671875,0.1050244765625,0.10316578970341778,0.10167669890987867,0.10052676862313897,0.10026590624737743,0.10148440622388527,0.10336477646188913,0.10510938322378385,0.10825430209258077,0.1131015688655548,0.12461105611938418,0.1579872684887684,0.19838425924438416,0.20928155501659684,0.20074265913595093,0.1924134735032174,0.18443997315981836,0.17612590026892125,0.1673801965348557,0.1586595831074197,0.15036494010558768,0.14248540699322265,0.13575566845406775,0.1298340136203258,0.12441270362981949,0.1199560049489869
19-01-2026 14:30,25603.8,0.11773,0.11240994531250001,0.10851369531249998,0.10575995344545884,0.1036060008862996,0.10179001053914187,0.10083294749103558,0.10154235271194945,0.10328957673347379,0.10550216246914157,0.10924494850658446,0.11446344984077583,0.12296105023750273,0.15241146799596056,0.1945494062751594,0.20840017367590805,0.20033951865944644,0.19191402555809167,0.18355175786390274,0.17470870700696767,0.1666172940084639,0.15873857117917864,0.14977779854674952,0.14095733972345248,0.13434408164000847,0.12871786279852812,0.12302406107390378,0.11862675247449339
19-01-2026 14:35,25599.55,0.1202352568622757,0.11582815957095811,0.11167141486519461,0.10822309374999999,0.10556581768666792,0.10328471180844248,0.10180432730604903,0.1020865476906834,0.10375570389094092,0.10615168397687129,0.11016927880824282,0.11562601831599698,0.12103906779312124,0.14682504250315276,0.19127330330593448,0.20799274468396886,0.2003298864047748,0.19214186644939052,0.1833590051827104,0.17413880224730477,0.16640285513005906,0.15883047126972102,0.15003333462058546,0.14155090232871737,0.1349255854525242,0.12885507458385023,0.12270183098220463,0.11773499999999999
19-01-2026 14:40,25614.95,0.1150555137245514,0.11164170976691623,0.10850403285538912,0.10588580468749999,0.10377969170328658,0.10200555501293408,0.10090440429997838,0.10123973818998916,0.10283550522842534,0.10516307597437027,0.10889036395980492,0.11394261462674843,0.11953159249031063,0.1464659587515764,0.19193681544957897,0.20824827435245832,0.20019170843758155,0.19253454167084727,0.18437871185210553,0.17517648580045725,0.16697878613941802,0.159215798985897,0.15058519380157318,0.14254422605882805,0.1360383775927437,0.13009157862341675,0.12425932200718659,0.1187825
19-01-2026 14:45,25620.55,0.1106102568622757,0.1084725423834581,0.10643067267769452,0.10439640754102557,0.10257452837695201,0.10115689126196782,0.10035663926345446,0.10063310185532058,0.10205774406590978,0.1043119757843693,0.10774600379886702,0.11240453124999988,0.118156453125,0.14621312499999997,0.19273720259322347,0.2090146262867142,0.20070529729139472,0.19274190745075045,0.18505081433692805,0.17660774221727554,0.16764404096290278,0.15909701283911978,0.1508629310618407,0.14327852578465575,0.13659450655510974,0.13074592115724756,0.1254112956617273,0.1201754473869934
19-01-2026 14:50,25623.15,0.108675,0.10675559571022102,0.1052978028266943,0.10386206912001135,0.10222175559172429,0.10080489613529736,0.10001424742891166,0.10046805919581007,0.10213768818337728,0.10421966597211035,0.10733110962639118,0.11191480530870732,0.11771553399458289,0.1459458445666321,0.19322841542987598,0.21039532413064063,0.202338644157479,0.19396797879651287,0.1859242397459691,0.17779185107863668,0.1685686612396084,0.15965084992757136,0.1520265055293746,0.14480253763579146,0.13778047310394945,0.1313851263610802,0.12583995651398927,0.1209183947739869
19-01-2026 14:55,25624.2,0.0997175,0.09845667579544215,0.09884056968078052,0.09936437374579277,0.09883415507031322,0.09784252148588914,0.0973228905536186,0.09869944019285522,0.10129534384865582,0.10312326768171447,0.10606485467288199,0.11100164474693264,0.11680975002468108,0.1452685641332642,0.1936371282665284,0.2121810802162821,0.2047083820607344,0.19623414162262348,0.18750256877881183,0.17850657256228503,0.16967017531290032,0.16158857649688585,0.15393621478096658,0.1464283921617228,0.1393358101646171,0.13246623644246225,0.1262616151753211,0.1212354473869934
19-01-2026 15:00,25629.95,0.08783249999999998,0.09046308789772113,0.09310224650647797,0.09467724468737136,0.09497272125465409,0.09448882639907015,0.09437888969051912,0.09651466450429859,0.09969215339518124,0.10152372070865814,0.1048545331933129,0.11063887719398985,0.11673027300088853,0.1452108247553789,0.19352425525461137,0.2119800689062927,0.20471304542842997,0.19636473893842427,0.18730097768666273,0.17800337353198287,0.16985866393567736,0.1622904821500199,0.15433948342157014,0.1467896484374999,0.13985063595423436,0.13287825915125567,0.12645283700230814,0.12163
19-01-2026 15:05,25604.15,0.0900875,0.09341637499999998,0.09522428433989183,0.09548720847478194,0.0951497639163837,0.0946056371295664,0.09456012885888895,0.09641956572637043,0.0993835178802218,0.10171966723762536,0.10533860077128517,0.111268288885861,0.11789650221856515,0.1459512103774936,0.1925582572426943,0.20972368552757242,0.2020918535402824,0.19362428630623224,0.1849200441595634,0.17643311043815252,0.1686387681744754,0.16088015169202466,0.15289621852509058,0.145401724194746,0.13849562619142816,0.1321912717391239,0.1264063518699946,0.12115249999999998
19-01-2026 15:10,25595.95,0.092495,0.09690087562969957,0.09785722433056128,0.09655376395774602,0.09548011039389556,0.09493565882730966,0.09492834211193645,0.09634956892035623,0.09908683762591039,0.10247901098148855,0.10672065678108675,0.11191203193892867,0.1182677837500247,0.1462562301887467,0.1922144411213472,0.2090516120986628,0.2010810552903376,0.1918700266761594,0.18312651223375517,0.174457597128977,0.16540673945915715,0.15742707603007347,0.15041822572375407,0.1437235615251745,0.1375091609450996,0.13212558035056793,0.12689021830018105,0.12104
19-01-2026 15:15,25590.9,0.0863761393041542,0.0947672853935887,0.09682584284644806,0.09521383225705689,0.09421947824853215,0.09402721446608349,0.0943015931017649,0.09579559478243317,0.09861137179017519,0.10274757065571503,0.10781672850213744,0.11560963720723591,0.1269460633335909,0.1546460032405079,0.194793604790987,0.2089256022206384,0.20105340819521683,0.19164264084505037,0.182536356042709,0.17306707382192874,0.1622478991463987,0.15371785477192434,0.1478447362573582,0.14248399444748738,0.13732567849726626,0.13218581624189768,0.12691146852509047,0.1212625
19-01-2026 15:20,25561.25,0.0880672786083086,0.0950327954605786,0.09679426270121215,0.09570215050352843,0.0949028036647368,0.0947228095332047,0.09507475957026697,0.0964553564082047,0.09925673700032109,0.10330093731824445,0.10876217269538517,0.12030738858721365,0.1371661822213889,0.1635657564810159,0.196550959581974,0.20744887136977466,0.1997209606363144,0.19075367250646794,0.18152108580362947,0.17192581821239186,0.16225741426646123,0.15432821902611324,0.14787003911501884,0.14186950104027035,0.13647438873148898,0.13119677933016963,0.125864046875,0.12050499999999999
19-01-2026 15:25,25558.3,0.096160393821541,0.09926409164511592,0.0992497985608798,0.097882503828683,0.09725444407171321,0.09714215973790477,0.09737227109856622,0.0984581846345588,0.10110189334167397,0.10540267290680023,0.11189347699552034,0.12142195855330676,0.13217447574451652,0.15713914072530266,0.1933234492790929,0.20482046649247587,0.19683399888239533,0.18909928974852544,0.18065790423794198,0.17121290798412916,0.16319564577693824,0.15652853369847886,0.1492422938566013,0.14229674081204566,0.13660653016920393,0.13121101348818767,0.12580187499999998,0.12049
20-01-2026 09:15,25559.3,0.0995542143830125,0.10091510315519434,0.10115311597326536,0.09922307588054717,0.09825460131525579,0.0988032670422357,0.09954268431463074,0.10081891126294588,0.10351385918092693,0.10836427002411642,0.115803756928344,0.12271562851737651,0.12964630390932666,0.1558925566595998,0.19302624169135657,0.20240849154543264,0.1940515775612663,0.18792564343633078,0.18134413418610498,0.17282284355871627,0.16455592585837622,0.1574917166036726,0.15008412512073904,0.14340124109351102,0.13806557832226118,0.13269322671289235,0.12728065624999998,0.1219675
20-01-2026 09:20,25552.55,0.0994281652138648,0.10005134317857828,0.10200220391021841,0.10014698092601414,0.09814512094325537,0.09900388926299132,0.10051513333635123,0.10228942332695,0.10532738450892251,0.11005626238087972,0.11687833750114734,0.12395042922415124,0.1341937331912033,0.16233945086481538,0.1955173766651923,0.20225307099302314,0.19395907740964313,0.18758161092918077,0.18117640584151803,0.1734071024965599,0.16514495502497856,0.15748228708468368,0.1500144185118493,0.1433119586498544,0.13807060342028538,0.13287825036645237,0.12757888177522214,0.1227724999999999
20-01-2026 09:25,25506.85,0.106135705348239,0.1061016147477792,0.10670518521535846,0.10441556587187874,0.10214889248727183,0.10222503752414847,0.10320938222147352,0.10524156261403537,0.10881848178966928,0.11336292948065282,0.11909351596917848,0.12584323498481798,0.13490546715235613,0.16032878169001027,0.1934988006096299,0.20180451795936352,0.19383790581596058,0.18643668184190634,0.17882651209965852,0.1707443298544567,0.16249269892348958,0.15503934669825528,0.14791434889020477,0.141043059558619,0.13539329784021803,0.13013723125245039,0.12493693298154987,0.12061249999999998
20-01-2026 09:30,25488.8,0.115133366643603,0.11221499241589211,0.11011832842361223,0.10793804530976943,0.10675249796486916,0.10679069599254844,0.10702920538559736,0.10861227439345052,0.11234096224404755,0.11726008993731366,0.122894063756393,0.12906868336620428,0.13578800938797891,0.158375,0.1921524655485799,0.20159219758344538,0.1933726686735799,0.18542736675685714,0.1772790467229238,0.16880469966265943,0.15992906289666056,0.15225250365078447,0.14565390219731644,0.1390829458056288,0.13312356002767295,0.1279538256557381,0.12315126751243322,0.1187899999999999
20-01-2026 09:35,25481.8,0.1188267332872061,0.11366212384234652,0.1107893804165225,0.10913030402732132,0.10859600618325792,0.10913026313409031,0.10944757985648892,0.1106807665869601,0.11437953733320137,0.11987351674552066,0.12561978399383003,0.1313238327127424,0.13803599032515093,0.1600958073702635,0.19331296657571898,0.20310220947353172,0.1943207988380521,0.18549286307593263,0.17731945781627978,0.1690482620188057,0.15994391964785246,0.1516328380506986,0.14497496429818038,0.13876762658343333,0.1329411978082553,0.1278344340376261,0.12321268451122433,0.11897749999999989
20-01-2026 09:40,25461.45,0.120655866643603,0.11695496050130139,0.11411914693101445,0.11189811012553075,0.11071745047523321,0.11049247505421698,0.11084643076937746,0.11263570754581005,0.11662412397099939,0.12245322339570103,0.12831275317417787,0.1337941525002955,0.1403303163275367,0.1616753647405271,0.19432476934965487,0.2045061907510416,0.19550604324932105,0.1860566881668431,0.1778899314096357,0.16981345540496018,0.16098889161218138,0.15256452362937084,0.14527313543277579,0.1384871627887978,0.1323665821660819,0.1272895694334213,0.12269929741833203,0.1185
20-01-2026 09:45,25463.25,0.1178716969422819,0.11517853668921599,0.11278277812345103,0.11086043569550023,0.10981094469550641,0.10939353854847732,0.1100149829326879,0.11252627846424007,0.11670183871092427,0.12243034483983868,0.12890413435472317,0.13481192263444858,0.1410477422764828,0.1626545573702635,0.1958120721748275,0.2058716901359544,0.19662759464685145,0.18707641779443604,0.17883295669575877,0.17064956811104073,0.1620003984374999,0.153823234375,0.14629319953931,0.13869147095729922,0.13203520490456205,0.12769969001233422,0.12383707753664767,0.119511141872074
20-01-2026 09:50,25462.3,0.1146908938845638,0.11135735029429757,0.10951706889114246,0.10856849128525006,0.10805355047275318,0.10800306654887805,0.10895157812499989,0.11171083593749989,0.11588659719561079,0.12104650554519576,0.12724377205052517,0.13368757583173752,0.1405663092146288,0.162788125,0.1959649975898509,0.20548891262498445,0.19611235714216738,0.1866253764919482,0.17849343767731649,0.17042451894752897,0.16183841406249988,0.15381290625,0.1464587613668368,0.13902847965944287,0.13256098402570932,0.12863069609840214,0.12523905254680115,0.1210947837441481
20-01-2026 09:55,25459.95,0.11859307923196288,0.11503692437490186,0.11290594836735479,0.11128860030738744,0.11017540777217498,0.10981689742432993,0.11032139232950686,0.11279237270643713,0.11685537824129172,0.1213920127688615,0.12681723844541426,0.1331122925481004,0.14025023881310122,0.16247875,0.1947001685100685,0.2033682309523924,0.1946659654231288,0.18595717464248232,0.17771645316306017,0.169445741895007,0.16079415692330268,0.15217379336782744,0.14391418169340375,0.13723183947109488,0.13211249355838975,0.12789894946366878,0.12403946331889325,0.12010614187207398
20-01-2026 10:00,25467.2,0.12356276457936198,0.1197937290668843,0.11697034706632044,0.11424793498977498,0.11242828429435009,0.11171099016116004,0.11164451122151381,0.11371625161354276,0.11779360559639775,0.12233669538326852,0.12734388147849357,0.1329198629464137,0.14169782020490082,0.1660692915367107,0.1962524900189397,0.20277285645617021,0.194548612446019,0.18642472559067821,0.17782726038293462,0.16914714192666158,0.16038154822160552,0.15100506329815488,0.14170347084056523,0.13534981430529877,0.13117029905149113,0.1267346336219698,0.12236574503302655,0.11838999999999998
20-01-2026 10:05,25465.6,0.1207663822896809,0.11772389578344211,0.11516851337691017,0.11282974874488744,0.11117985308467497,0.11039054586183,0.11050543139200686,0.11251801792027391,0.11656602959392012,0.12139671964745244,0.12623622730824433,0.13163521463377534,0.14486600822794274,0.17393345471331106,0.2007687756870222,0.20384937173193243,0.1953026967678667,0.18680103341662957,0.17808979687499998,0.1693604218749999,0.16066192254830275,0.15182590274282745,0.14337081354528253,0.1368113896540261,0.13148862044688478,0.12638071999688738,0.12208771272244827,0.117935988243163
20-01-2026 10:10,25484.8,0.11706749999999999,0.1148163359374999,0.1127218906249999,0.1109282812499999,0.10954633507373096,0.1086294855859776,0.10887870727449334,0.11111952303664598,0.11492258262504507,0.11945268138676368,0.12466037476012638,0.1307478966331976,0.14438170782854928,0.17371090981649,0.200952642408245,0.20426703568982965,0.19549021794827282,0.1869760651597267,0.1784804639980903,0.1698272890624999,0.16125810937499999,0.15308728906249988,0.1455975156249999,0.13889973844025333,0.13239557522027537,0.12661643754906388,0.12246512856989654,0.1181344764863261
20-01-2026 10:15,25468.6,0.11859499999999999,0.1157436562499999,0.1132796796874999,0.11119348972898846,0.10973055940403983,0.10868714522713434,0.10857204047294425,0.11097383179130565,0.1148249698434269,0.11877734709779852,0.12403495044980223,0.13046044309772165,0.13957672772736748,0.1643204966398896,0.19613306081994478,0.20382216358505761,0.19478327851243854,0.18623409897802948,0.17817989561207356,0.1698115496928548,0.1612715703124999,0.15305518749999986,0.14550106249999997,0.1387258379701266,0.13237611573513772,0.12675457424328193,0.12230267365994826,0.1178959882431631
20-01-2026 10:20,25485.6,0.1143525,0.11236376562499999,0.11052368749999998,0.10878674508297685,0.10773253010876417,0.10740964763402149,0.10768091020402526,0.10991296607486434,0.11368132860553835,0.11767625182444746,0.12282238299257481,0.12906304557252726,0.1358538486412709,0.15833987578161698,0.1931717419481622,0.2042123089570176,0.19533520703598464,0.18630525247687874,0.17832563360487613,0.17017301344820981,0.16157437499999996,0.15326763384888417,0.1453760672857409,0.13836138249871327,0.13253321574211321,0.12736133067117064,0.1227468389004559,0.11867249999999999
20-01-2026 10:25,25487.25,0.10916249999999998,0.10882249961530271,0.10808783641171729,0.10698934034839896,0.10609861395890975,0.10641240887468674,0.1073937407309662,0.10902359171280449,0.11216426234608223,0.11656631320787231,0.12194532657558826,0.1280253269325822,0.13487381943761906,0.1574991265632341,0.1923535923101194,0.2034530032532735,0.19550603973168756,0.18742473119836342,0.17902115962786114,0.17026440015020888,0.1618713311682091,0.1535487629441593,0.1451389928726994,0.13819661374171396,0.13287812842165506,0.12791420821734142,0.12338914655091181,0.1195825
20-01-2026 10:30,25478.75,0.11183879308042609,0.11237907934163398,0.1110534972652331,0.10990085624799047,0.10882121808524002,0.10856891895395915,0.10919423692173758,0.11026484203549076,0.11295168937067322,0.11711580369300599,0.12224063479785437,0.1280556361225411,0.1347209722188095,0.15771300078161699,0.1922907087757519,0.20206131763609386,0.19428199047631123,0.18728876971702194,0.17836204876970158,0.16877234581884454,0.16088328020718345,0.1527854126434963,0.14408780828883755,0.13734761958484445,0.1320646496426319,0.12698774933555393,0.1224249248379559,0.1182525
20-01-2026 10:35,25473.7,0.11313508616085219,0.11449908171235984,0.11240225873281408,0.11096419970024927,0.10993614827621444,0.10923084296777805,0.10963887928782752,0.11092927313474346,0.11369622661906319,0.11724517539424277,0.12179569700407167,0.127444828125,0.133946625,0.15749937499999997,0.1933976084137948,0.20339581990430322,0.19461273999948522,0.18707625536548306,0.17781375332314142,0.16782984896135203,0.16021642979760675,0.15263811554630613,0.14423811022754052,0.13722638106440022,0.1314408941762515,0.12622683732876644,0.1216034140625,0.11710749999999999
20-01-2026 10:40,25492.55,0.1109962930804261,0.11151433792352855,0.1098924650667983,0.1083104753216693,0.10715117724664937,0.10688500748073422,0.10789244921415052,0.10982754769351138,0.11283792103615456,0.11631509148856051,0.12088757012423546,0.1266871749273402,0.1332332125676217,0.15706459466071587,0.19430937499999987,0.2051809197090938,0.19569716837858533,0.18757596267655002,0.17844679244755085,0.1685681247955869,0.16068228114649957,0.1531164538193395,0.14514354002566138,0.13810731848866742,0.13204501537704627,0.12677155377243082,0.1222458737888848,0.11790999999999999
20-01-2026 10:45,25480.45,0.10961,0.10975813618342686,0.1083762182781793,0.10658276679097715,0.10540379825022039,0.10532430890254643,0.10647777039392656,0.10876059884609961,0.11192976489107552,0.11603821748571523,0.12133414969822345,0.1271260882214996,0.13353684092338486,0.15694396400592128,0.193892674368979,0.2056176507103006,0.19650213679273765,0.18759521954805078,0.1789136427082817,0.16989842955448944,0.1613845816378672,0.1531602155712546,0.14521405468749993,0.13837831559472213,0.13240858351526968,0.12711069990359514,0.1226692553902697,0.1185025
20-01-2026 10:50,25478.05,0.10817749999999998,0.10937691799229458,0.10768095894547498,0.10593152107416057,0.1052203771590815,0.10510344189229569,0.1062057107586555,0.1086771705452197,0.11192920951803377,0.11638496764255818,0.12208148275110484,0.1279298507346681,0.13438208243162905,0.1572469759158846,0.19341722373795797,0.20576740514900738,0.1971213248814223,0.18722590439458056,0.17850719441587715,0.17035959411496662,0.16095666716447202,0.15105467272835024,0.14294203656594692,0.13694055456681437,0.13178088324093032,0.12700500331521045,0.1226847909520252,0.11851499999999998
20-01-2026 10:55,25465.4,0.10831499999999998,0.10888715587268803,0.10713073072206727,0.10580349303136635,0.10541458244316311,0.10541060677468495,0.1066458154122954,0.109252518837721,0.11255499964188062,0.11672646232900405,0.12212670250912244,0.12840440995169838,0.13535221252390994,0.15792617628241767,0.1934441500200767,0.20523136141696632,0.19661650856263993,0.18700691384557702,0.17796137102527074,0.16945935979762083,0.1592446927008051,0.1483525155381808,0.14049946246494371,0.1353688404139066,0.13093820640409093,0.12665307235182577,0.12247384995128072,0.11835249999999999
20-01-2026 11:00,25459.55,0.10954749999999988,0.10883926228620733,0.10714759040334465,0.10589637062409478,0.1054367173989881,0.10558990343789652,0.1068656043355341,0.10941142063745805,0.11287460146942704,0.11707356159851316,0.12254850479223396,0.12914013706366137,0.1360160126484105,0.1579326042485394,0.19260516972469957,0.2039961768961773,0.19558949722868366,0.18685728318390948,0.17811935113893768,0.16823513947858862,0.15744161997633377,0.1483946322368219,0.14175854885904857,0.13612291851361608,0.1310115563270455,0.12626849320716277,0.1219326515381403,0.1178575
20-01-2026 11:05,25453.55,0.1110527454853061,0.10935863434950434,0.10748299949075485,0.10599805692811727,0.10530904264761014,0.10557493984587878,0.10690551832589495,0.1094155255621951,0.11308284846405868,0.11754030548484143,0.12335898566231318,0.13008142285494356,0.13666906167791376,0.15818920624805288,0.1921559124961059,0.2033257249212167,0.19512799355916166,0.18650958898566378,0.17789889054737737,0.16748699987759028,0.15640307447404303,0.14841552790984783,0.14271606149045657,0.13682713659397122,0.1309147826107372,0.12561523999214366,0.1212418294857372,0.11720249999999999
20-01-2026 11:10,25452.35,0.11467299097061238,0.11125877111898959,0.10888832995109891,0.1071212924707219,0.10595579303661201,0.10603607842467704,0.10732629626140669,0.1098887823123475,0.11368297110702934,0.1182261800861707,0.1239053365811566,0.13045225830247179,0.13727332444648363,0.1588796542261612,0.19211305845232238,0.20263390422616118,0.1943717456778269,0.18551419650017903,0.17638534692080227,0.16654039867845208,0.15661274870177508,0.14823146670501014,0.14168598614167413,0.1356661346081784,0.12976655984378094,0.12442028009908171,0.12009882985098541,0.11630749999999998
20-01-2026 11:15,25445.65,0.11762274548530609,0.1131824558281349,0.11045229828357053,0.10846681551926314,0.10696672668759553,0.1067943806050837,0.10789909103524997,0.11037795323950093,0.11414051415457212,0.1188973589282703,0.12459575985989634,0.1306825698657703,0.13746621215494484,0.1590733400298184,0.1917516800596369,0.2018779103423184,0.19353842456287262,0.18458896331285826,0.17511406502866028,0.16555408747300013,0.15672702271534242,0.14839682639768956,0.1409433306024158,0.13446384136776066,0.12877809216785013,0.12359829334673232,0.11905674936975894,0.1153375
20-01-2026 11:20,25449.95,0.1168309328909938,0.11432474829472614,0.11237568183842007,0.11032424094067567,0.10845925180452655,0.10777209088626431,0.10857664237244122,0.11088089361290188,0.11455758774788005,0.1195454416933564,0.1252565010335286,0.13090651303311862,0.1374729437155806,0.15934198251490916,0.1921614650298184,0.2016555019064774,0.19273887011103355,0.1839423068166615,0.17467443448423292,0.165131531203072,0.1562672105115223,0.147893779753677,0.1405040826494259,0.13399250143003097,0.12805480717776455,0.12276230081026153,0.1181334131224689,0.1140299999999999
20-01-2026 11:25,25447.1,0.1140209143047049,0.11397368797587344,0.1131294226291667,0.11116615756652672,0.10909863880774279,0.10819304777032358,0.10888722945737447,0.11113951106675875,0.11489810477272099,0.11958413567958269,0.1247141751359953,0.13037343365642617,0.13719640477957212,0.15944874999999986,0.19243524170358536,0.20133264896021755,0.19223546161575264,0.18357248576707996,0.17421186340950076,0.1650106862173623,0.15672985346001855,0.14861010062805535,0.1409924246582795,0.13418180776073507,0.12777579776303527,0.12214212148043212,0.11767647745053521,0.1133975
20-01-2026 11:30,25458.7,0.1124240299364282,0.11216215013885608,0.11091814435453352,0.1089905226652673,0.10745109578804318,0.10709104157294168,0.10806234465679244,0.11050509160880029,0.11418682048957622,0.11834641834076647,0.12354108630362921,0.12987247867983567,0.138654291393318,0.1626756003078893,0.19391226630193237,0.20168470237594602,0.1935253657447203,0.1845685233972127,0.17477859122179318,0.16611510129957877,0.15821332468657862,0.15006409092491418,0.1420950468749999,0.13496897492246482,0.12851509535969619,0.12288342837446248,0.1185271187971961,0.1143625
20-01-2026 11:35,25466.4,0.11473654852271709,0.11201504686853181,0.10965379547459109,0.10754986938411273,0.10613545553863968,0.1058444283233946,0.10693382976474318,0.10954073952142712,0.11298384125464905,0.11709033927485892,0.12290407859640506,0.12973645294401556,0.1402494083514549,0.1656441208012897,0.1951177728641311,0.20177232004218934,0.19344058149791807,0.18460595541888777,0.17583013024917976,0.16734690068322225,0.15888113862797273,0.15035925873812767,0.14193447752128382,0.13426422794840237,0.12817183106891272,0.12321063261481806,0.11897774145296784,0.1151698525064537
20-01-2026 11:40,25461.5,0.1189925,0.11407405793167127,0.11093078409877043,0.10850541474430503,0.10662885918948523,0.10620699930247253,0.10753638069512901,0.11002271337528272,0.11306544139168158,0.11706340444983641,0.12270144414365275,0.12930372256575773,0.13815255971045579,0.1617620656789116,0.1929133475310949,0.2007841540932896,0.19171487415848817,0.18351372286822387,0.17589025093396918,0.16733659573832457,0.1581677143641552,0.14926623088452434,0.14068816159422284,0.1327275336545852,0.12685304339608747,0.12232756411314087,0.11811066103919772,0.1145397050129074
20-01-2026 11:45,25463.2,0.11991749999999998,0.11506143071549634,0.1113517744147168,0.10873423174351213,0.10682902073628091,0.10650918391516426,0.10818187451446032,0.11058695641141716,0.11334676326939136,0.11714574719733635,0.1226586184893503,0.12923804187246216,0.1362245957771415,0.15851854518551106,0.19192185815959947,0.20136552911211703,0.19276824254948655,0.18435769776716743,0.17576841160243384,0.16715312208798092,0.15787397313126478,0.1482483280822498,0.13966308050749385,0.13262008069239983,0.12688672642828366,0.1217809576287922,0.11721244859389435,0.1130848525064537
20-01-2026 11:50,25474.5,0.1159175,0.1119148113118214,0.1084580075124527,0.10633848691088194,0.10492372675377791,0.10483489711157824,0.10668013688599545,0.10904723131702385,0.11192128522023861,0.11614630747512882,0.12219373800065905,0.12914640405742425,0.1360367018231472,0.1576416618801621,0.1902253692721284,0.20012785986307116,0.1927778998982638,0.184755924220699,0.17605174351614383,0.16770395760666984,0.15897228754506398,0.14921413127593736,0.14009402381745448,0.13344350616017317,0.12788364383547976,0.12234376520694346,0.1176227830235909,0.11312249999999999
20-01-2026 11:55,25481.0,0.1080775,0.1053306947184107,0.10348051562354872,0.10242452096623161,0.10170826261622098,0.10274732529944591,0.10556973551741311,0.1078075069791147,0.11045303129277578,0.11513727311323359,0.1214471764623226,0.12846539343496213,0.13580096585890747,0.1565025267267898,0.1873881266886108,0.19779895162266795,0.19163446306184242,0.18468082800142815,0.17702472122319596,0.16849077964366335,0.15964337377732238,0.15048562512858554,0.14142595128142071,0.134608996984286,0.12921133631858578,0.12391172429002381,0.1193777704180454,0.115115
20-01-2026 12:00,25467.5,0.10027,0.09984646874999999,0.0997803984375,0.09965389062499988,0.0996617611928599,0.10177769876298816,0.10540839458199512,0.10768635348065467,0.11041857480297669,0.11545881895918896,0.12180985156249999,0.1288555234374999,0.13666243834766356,0.1581706928130933,0.19001042224370226,0.20075705760478238,0.19389922238101104,0.18592612365194527,0.17751097362725737,0.16828290255002937,0.1590952446862361,0.15029641992756246,0.14146105709181805,0.1346514763819996,0.12957847698327948,0.12465844419699237,0.12046208576181179,0.116565
20-01-2026 12:05,25450.2,0.10062249999999999,0.10083146875,0.10085974218749998,0.1006740468749999,0.100773622695175,0.10253984452650378,0.10554273789978957,0.10814831347576333,0.11175594350729778,0.11718298984999527,0.1236059375,0.13070673437499988,0.1385747478495807,0.16086045296646556,0.19356278093293117,0.2034226560914656,0.19501711585261203,0.1856152996174986,0.17613125270119082,0.16716436724225575,0.15756467195866403,0.14740427029879516,0.13861653666376816,0.1323798304781514,0.1276846172114087,0.1233523432693392,0.11964485491181136,0.11601249999999988
20-01-2026 12:10,25433.1,0.10691499999999998,0.1058952783492394,0.10485282337256041,0.10389734866173939,0.10348490994951322,0.10420909573681858,0.10617960490052931,0.10917068167431859,0.11343485578655388,0.11888479687499999,0.12522273729598313,0.1324744758661517,0.1404418052653372,0.1623164836786517,0.194240625,0.20312996093749988,0.19416798600606236,0.18452320060752955,0.17454105501045095,0.1656258718791323,0.15549937010942702,0.14399922348949207,0.13580514778442046,0.1306653041551214,0.12615005542750596,0.12215297364642955,0.11870699083572946,0.1154430555337309
20-01-2026 12:15,25439.15,0.1084931879973375,0.1069812713210845,0.1055193493544312,0.1043507064511139,0.10414023047197718,0.10515573831071807,0.10707349509647031,0.10989804254965319,0.11385656877258608,0.11903004814222512,0.12531006052946628,0.13278456110730347,0.14091271990567453,0.1625435923573035,0.1935151457280313,0.2009980209709516,0.19193122952011565,0.18359796507079515,0.17433926254934998,0.16505533323465676,0.15559670465346612,0.14575937153784146,0.13822561476470296,0.13265180717023792,0.12729659905592428,0.12263727490255058,0.11894062717077221,0.1159111110674618
20-01-2026 12:20,25436.4,0.11094387599467519,0.10854100446945063,0.10649824421618106,0.10503033997014642,0.10478985364352414,0.10617446120455756,0.10834425962241852,0.11088879118487484,0.11439774544047468,0.11926276681688201,0.12547488122451345,0.1327728039911517,0.14070217620694894,0.16217678400759009,0.1919146421139394,0.1981000063333416,0.18931498460078067,0.18229232366399634,0.17435429735808639,0.1653887324290289,0.15656374744083507,0.1482469028955835,0.1406494110757538,0.13390745172047816,0.12767405701750242,0.12256184064247695,0.11891524024011493,0.1157768575306727
20-01-2026 12:25,25423.6,0.11486568799733758,0.11205511408574241,0.10913627170278757,0.10693117543351464,0.10586865439795358,0.10625439497696058,0.10806984207975663,0.11123989372974129,0.11552517133243223,0.1203532657160396,0.12636968973139134,0.1335526718749999,0.14136502026825998,0.1618597464607973,0.1905834795918049,0.1983167282925521,0.19075683210252317,0.18291722947000924,0.17437343752775253,0.16536458504922635,0.156470546875,0.14811483593749988,0.14029961718749998,0.1332994120860564,0.12706497355716517,0.12253126453363385,0.11985332171176603,0.1170212598870729
20-01-2026 12:30,25431.55,0.1115655024343082,0.11122382759451094,0.108649516125235,0.10614901081933259,0.10532304359631181,0.105637115750607,0.10717683191060504,0.11074531332290119,0.11572168985164662,0.12122337118922807,0.12793502925434183,0.13505737464704032,0.14240916980653806,0.1619359262742621,0.19006640943288197,0.19928081674586837,0.19268560029257856,0.18381447834447825,0.17414940410726198,0.1651090307584238,0.15653769589229277,0.14828732812499998,0.14062217187499998,0.13372796479711285,0.12758423681816908,0.12319194316813675,0.12054042289104754,0.1176261137833204
20-01-2026 12:35,25423.05,0.10723600486861638,0.10892098172279648,0.10763514860739071,0.10534727579425862,0.10498376179523738,0.1059036685849715,0.10749198183926238,0.11073342184569707,0.11572568981076997,0.12226759540257952,0.12971886060943616,0.13640768775446582,0.14317563024794508,0.1625744783380449,0.1908246726182687,0.19954289249812654,0.19216607108144,0.18314257012523352,0.17328337598749427,0.1642642379325208,0.15631227878351142,0.14801941130110993,0.1398028943828111,0.13317031744342434,0.12764158271165402,0.12277111393574808,0.11886739154208772,0.11527865589318928
20-01-2026 12:40,25423.5,0.1094755024343082,0.10950537538960713,0.10847233771298556,0.10649662377585362,0.10566154274188153,0.10630625616748578,0.10801428216996575,0.11119269989020047,0.11622847770447206,0.12271931362057421,0.12941726648876034,0.13599993125531046,0.14334754690713836,0.1629942193222877,0.1913228136445754,0.19944396967084468,0.19121682119722147,0.1825737472347438,0.17261003519074736,0.16243004134209663,0.15477729030391238,0.14702549590744246,0.13839612259246123,0.13201315446473585,0.12717599680316688,0.12221842736932376,0.1179114883916758,0.1145534815958726
20-01-2026 12:45,25416.4,0.11414499999999998,0.1118200874231848,0.10977286464948373,0.1078671808936766,0.10674680395872967,0.1068435075329917,0.10840934676981959,0.11176468813796916,0.11658452839641249,0.12225085104621256,0.12846069345493813,0.13510998183817335,0.14269621095578025,0.1628180283971325,0.1915823067942651,0.199769817633911,0.19146946560349268,0.18246378257159473,0.17201301216946474,0.16153543426660708,0.15392075913703993,0.14695429697405507,0.13916306203648898,0.13256702254486794,0.1270523290813757,0.12185268438802244,0.1177104796303847,0.11479946319174518
20-01-2026 12:50,25426.5,0.1148599999999999,0.11214729169326709,0.10954702374346481,0.1077449239467505,0.10688021426085814,0.1068417728784834,0.10822048260213939,0.11161922591766829,0.11619724688121479,0.1214885782982451,0.12786931137326607,0.13438047738057668,0.1415300953550133,0.1624405572704866,0.1926123645409732,0.2010625650829866,0.192498188337038,0.18283500028816435,0.1725299568678546,0.16329156588238833,0.1553853299099247,0.14780363424272247,0.1403832166393389,0.13351345409571838,0.1270752339074706,0.12135446894099143,0.1170141963789129,0.1135784815958726
20-01-2026 12:55,25428.95,0.11314999999999999,0.11073730994903419,0.10826548695053619,0.1066584190445259,0.10600670414124878,0.10646870099189747,0.10837802490230257,0.11145388217784184,0.1154234963433171,0.12048989756359767,0.12682362421185048,0.13383612695768368,0.14145367664767192,0.1626262320173953,0.1930572265064282,0.2013003973501959,0.19288749246869963,0.18359258606303683,0.1737725689138703,0.1651215660442065,0.15684828158727124,0.1485028046875,0.14082362499999998,0.13392603319143676,0.1272737021899412,0.12131052599417269,0.11689357889488264,0.1132476590924544
20-01-2026 13:00,25428.55,0.1115299999999999,0.108779715533488,0.10684260908397047,0.1056979707555758,0.10513171564203887,0.10610770320465174,0.10865985885136396,0.1115198509380154,0.11499308955541931,0.11996331839145034,0.12634797611293486,0.13398666973417434,0.14408281460690223,0.1669947509361718,0.1950115339635471,0.2011742660247755,0.1931662433887144,0.1839834576062861,0.17390050438553514,0.16544277694362539,0.1574054388133578,0.1490741015625,0.1413608203125,0.13440426896001445,0.1276526730511575,0.121600809176614,0.11729819989854039,0.1140203181849088
20-01-2026 13:05,25423.7,0.1100925,0.1070326914304419,0.10560604566703602,0.1049528034371174,0.10450261225765803,0.10533343540758618,0.10761833576295449,0.11080214161429824,0.1149157893404397,0.12002436362226566,0.12635636086275182,0.13417929474237314,0.14633500396594015,0.1711212462088679,0.1974126384078093,0.20165323892806064,0.193057911109908,0.18392753142890195,0.1741593024635987,0.1653550448958574,0.15702224448790658,0.149047854277457,0.14136843429390322,0.13411600276525407,0.12758812323868346,0.12164370448469197,0.11719744654588218,0.1141001590924544
20-01-2026 13:10,25424.7,0.1089031588351047,0.10795599110421651,0.10685407567362765,0.10577417906230868,0.10513539766273101,0.1055902225368402,0.10739710260925618,0.1108630487036537,0.11557845324364666,0.12080601145559439,0.1270645575848461,0.1347300804787452,0.14489282168065265,0.1676319176788021,0.1956280568894857,0.20131764197419916,0.1922745891874526,0.18385112085520425,0.17489171039045376,0.1652557771900408,0.15609201155150546,0.14826809283696332,0.14050841602141625,0.13316256516286015,0.12701625590231108,0.1210638270362076,0.11630208028254684,0.1134474999999999
20-01-2026 13:15,25413.05,0.1077088176702095,0.1089206892154911,0.10815207443021929,0.10660514211920945,0.1059521742242564,0.10650679077259408,0.1080466356469463,0.11120326720219842,0.11625368116376589,0.12233858736534557,0.12846700179228773,0.13471307770628896,0.14202603378473166,0.1631585653887105,0.1934144518775903,0.20117128513733842,0.19262531245973707,0.1839996141018944,0.17462537271797057,0.16541706850171017,0.1566543601399626,0.14812343439858383,0.13997973862687865,0.1333124586691707,0.1272763704278202,0.12090053626050333,0.11599346340830816,0.1134049999999999
20-01-2026 13:20,25432.95,0.1078531588351047,0.1080740828889955,0.1071330333088597,0.1057935498634189,0.10551988977207497,0.10636013743014536,0.10772787580381052,0.11052951188455494,0.11581174873357371,0.12248630963257004,0.12822623611767456,0.13337755825433492,0.14000526231206822,0.16139252893423897,0.1928122838072732,0.20187343986157424,0.19353409833325955,0.18395131762831596,0.17419021847826993,0.16585549780936873,0.15775654460790314,0.14881364040056588,0.14048130984691953,0.13415468110647263,0.12827827614695259,0.12192960810989731,0.11687866166005957,0.11429999999999998
20-01-2026 13:25,25422.0,0.10807249999999999,0.10715199218749999,0.10599811718749988,0.10494900930670945,0.10476291312138042,0.10559605879250838,0.10727699649243529,0.11049410258976303,0.11545412689476293,0.12106834641661446,0.12668493703279649,0.13267603212619716,0.13963107641377331,0.1607200578684779,0.19224324073695587,0.20194196389439587,0.19330047932209055,0.18344932724435242,0.17439565963397644,0.16608048742524487,0.15763783225570444,0.14907895984644243,0.140991572618885,0.13421714654497371,0.12831359594417066,0.12252603481511709,0.11773678884904445,0.114865
20-01-2026 13:30,25415.05,0.1062275,0.1055275390625,0.10468700781249989,0.1040581874999999,0.10408619105914524,0.10535171441912769,0.1078318482026607,0.1115122783473001,0.11621459095009833,0.12114432174067238,0.1269832155451958,0.13386809375,0.14123140661167788,0.162260653934239,0.193200682868478,0.20222572657893056,0.19335888224950437,0.18378099348626972,0.1749779912628264,0.16630624451969156,0.1576422890625,0.14950240537794832,0.1417138599233645,0.13478335242436348,0.12872898107350153,0.12332124021082484,0.11909031083584427,0.1158528313955118
20-01-2026 13:35,25392.3,0.10889,0.10763099218749998,0.1064063281249999,0.10563649218749989,0.10564229165866666,0.1072180748808411,0.11011720546694671,0.11362397012617731,0.11813399160414316,0.1234379030578362,0.12963265464759782,0.136683375,0.14422184119648648,0.1646316707189187,0.19404396643783747,0.2023196567234071,0.19380637780556048,0.18444476527167133,0.17513715379657402,0.16609156412948833,0.1575183647710499,0.1494137749019868,0.14173473189041869,0.13505733882508641,0.1290921656120585,0.1237666109566463,0.11951608107519637,0.1158356627910237
20-01-2026 13:40,25365.4,0.1147275,0.11239094531249999,0.11018530468749999,0.1086513593749999,0.10812983723558327,0.10923604134667049,0.11186043165967433,0.11536304915917049,0.11989904817308328,0.1254578203125,0.13193992187499998,0.1390650390624999,0.14664598708047286,0.1661052164378375,0.1938479328756751,0.201461537405124,0.1930097532174262,0.18393529752978638,0.17465269904883396,0.16504927481443799,0.15603320616856514,0.14787451949344288,0.140347052984809,0.13402858061650488,0.12825776614769926,0.12281797004755586,0.11824466727010421,0.1141203313955118
20-01-2026 13:45,25372.15,0.1145670703029103,0.11300268221022677,0.11063333848940603,0.10899894857010599,0.10846997787275123,0.1092413906249999,0.11166982293198874,0.11577775112106245,0.1210822153981404,0.1265827060355037,0.13269940570089192,0.13974233843695494,0.14737488025898648,0.16684979571891867,0.1944233414378375,0.20017249810346507,0.18923117839184353,0.1803533493183056,0.17269442484917447,0.1638780554730636,0.15501965236917475,0.14698806177634727,0.13983987748412485,0.13385231824577787,0.1281251312390562,0.12256825013097239,0.11785295133125219,0.11356499999999999
20-01-2026 13:50,25364.1,0.1120460962935943,0.11245833067837056,0.11033198102084993,0.10900681041457999,0.10882137812357653,0.1094369247239429,0.11176254238396435,0.11622659599212497,0.12207037610878081,0.12742891988350744,0.13305633483928397,0.13993788781141006,0.1476040859375,0.167248125,0.19492874999999987,0.19964341061723323,0.18697723535485428,0.1776753529222519,0.17093930534487362,0.1633321505699511,0.15509120536507587,0.14717632775047376,0.14032187161039084,0.13422447294051126,0.12817337117263766,0.12254249999999998,0.1177511953125,0.113405
20-01-2026 13:55,25368.4,0.1113790375996395,0.11240127280586353,0.11043630768573544,0.1090521188688418,0.10890581481639909,0.10958945882288579,0.11189628003446231,0.1159994375328867,0.12157762053158211,0.12728976066623857,0.13310906864683372,0.1398812201612792,0.1475494609375,0.16732375,0.19519874999999987,0.2015391419781581,0.19060399514849005,0.18019305005526923,0.1721333582720134,0.1643773939124958,0.15590116928889905,0.14795629597571466,0.14094539844976076,0.13467458857864797,0.1290549056169947,0.12409330476332449,0.11975168555581311,0.1157473534790459
20-01-2026 14:00,25369.7,0.1115968382998639,0.11155787367726504,0.10976842086270054,0.1082543742118679,0.10799879737807389,0.1090730809739429,0.11165206058248668,0.11560171956836869,0.12122241703200398,0.1275301371147705,0.13346908336813607,0.14036336239643468,0.14844469194860277,0.1679917990693756,0.1955738593576195,0.20319484273517907,0.19364600223131428,0.18252809159307293,0.1736601062244339,0.16599409799770298,0.15745913036774323,0.1491714656296377,0.14171161284861547,0.1355249527153045,0.13059357685898956,0.12638490047165707,0.12268569735227303,0.119285309360616
20-01-2026 14:05,25359.55,0.11378559746063509,0.11216526863886231,0.11007229972053598,0.10842528627218988,0.10825999815516589,0.10965268847917098,0.1123670284266943,0.11645527587591709,0.12274015329243801,0.1300563086521911,0.13617866376178395,0.1427713973013627,0.15066796526730714,0.1692704731387513,0.195665218715239,0.2027271536704373,0.1935416533307481,0.1835029525481932,0.17466630611272688,0.16675734962103703,0.15821796139375768,0.1495063237569819,0.14213427747001622,0.1359720007946455,0.13011826534635115,0.12488785091027631,0.12096082566845931,0.1177210582840942
20-01-2026 14:10,25355.15,0.1162229640643078,0.11329067452659379,0.1108193384964263,0.10896883457534559,0.10882296970290627,0.11033275195834207,0.1129816381656287,0.11726871398572565,0.12400315616905247,0.13170155752013252,0.1383292035863884,0.14461432603144106,0.15275291092667423,0.17213738107965798,0.19665396678889857,0.20168933549700807,0.19256259996170472,0.1834116149434279,0.17484909680565514,0.16674143469240793,0.15763683373456644,0.1481886690070411,0.14138671935953645,0.13588610390892544,0.12917509350721976,0.12276192899199662,0.11863049580809473,0.1154206024025241
20-01-2026 14:15,25366.45,0.11775588658916239,0.11404347963982911,0.11144719895451888,0.10969493086226678,0.10932785094659302,0.11059358133732788,0.11311295375229811,0.11746224954884928,0.12353140898409844,0.1297213940765994,0.1363911611927607,0.1435795838255076,0.15476548192850956,0.1772293964359077,0.1986899560702298,0.20095284973509306,0.19194789147122432,0.18265268150688546,0.17444232026399037,0.16646139407380237,0.1570581153296414,0.1473587261181364,0.14065058311115733,0.135593333725621,0.12921010782637057,0.12303461769816951,0.11892646999083793,0.115395
20-01-2026 14:20,25356.3,0.1201066932945812,0.11591335585315413,0.11266254801072062,0.1110241873030083,0.11058831270782762,0.1114225164044777,0.1138567336426067,0.1178456643782019,0.12261781801204087,0.1276681293502863,0.13403161500846178,0.14150288993841456,0.15365914021571128,0.1772401718409684,0.1991739648466222,0.20148814234422668,0.19253153991922597,0.18311865347637454,0.17480080446984148,0.16649359888350188,0.15739586854887136,0.148400691577021,0.14105903226588176,0.13518662355638267,0.12904561289330635,0.12325877984561673,0.1187046083672426,0.11442999999999989
20-01-2026 14:25,25378.65,0.11870999999999998,0.11485431753617785,0.11157125816877374,0.11008995227969567,0.1097596946442657,0.11065099191571123,0.11334997757598149,0.11732268836532803,0.12167871268529622,0.12647904622686879,0.1324881387843603,0.14158692856993654,0.15482445704944192,0.1764595691114223,0.19925535373156508,0.2028624115675573,0.19328980049436223,0.18404318815072732,0.17594155898697472,0.16747579025520581,0.15858084366178474,0.14980507106778831,0.141838431374507,0.1355687585677883,0.12966566397428483,0.1239758671874999,0.11913934374999999,0.114555
20-01-2026 14:30,25385.8,0.11281249999999998,0.1103251379754004,0.10824777934100105,0.10724916901358407,0.1071144229247308,0.10839757983335549,0.11128584737454138,0.11562136882377552,0.12060274224288188,0.12518244546619106,0.13100330050514833,0.1423856107352928,0.1576870591838503,0.1781126733921584,0.20022122504778708,0.20407698015961412,0.19456478598902555,0.18599553894267407,0.17792125609925066,0.16919070762760283,0.1603598033635893,0.1514735268996524,0.14338197569194705,0.1372308946103303,0.13149533310780315,0.12607790677317782,0.12149409111982097,0.117045
20-01-2026 14:35,25374.45,0.10992699965515729,0.10812498452915591,0.10652130232551782,0.10565924906673232,0.10594896597458811,0.10755481954690128,0.11033755002448628,0.1147911623810948,0.12022612757985203,0.12506326094193163,0.13112512215721542,0.14059268386856327,0.15159313942666083,0.1719554484377942,0.1985838360073236,0.20536528316397054,0.19686814709966774,0.18838568720320686,0.17974493232050873,0.1708558984374999,0.16217920299602134,0.15345274749421509,0.14549618529852937,0.1390624047905709,0.13307341092194905,0.1278220244838557,0.12340487755214193,0.11903749999999999
20-01-2026 14:40,25356.7,0.1117564993103147,0.10956246751320263,0.1071525181656766,0.10561598754240234,0.10643043650161273,0.10854357116017317,0.11128597684169095,0.11573601439215589,0.12138089153669526,0.12666309733603948,0.13257021072529093,0.13952902390272195,0.1466904724813524,0.16697822348343,0.19717707196685996,0.20635778598343,0.19828722779354288,0.1893404531249999,0.18037221093749997,0.17143206249999987,0.1626546700941708,0.15400972472117389,0.1461525988113271,0.1396087799318519,0.13355778577588467,0.1281140473981778,0.12345173955732086,0.1190325
20-01-2026 14:45,25345.55,0.1115819996551573,0.10963193012345993,0.10692533725749356,0.10498326409349082,0.1061530106960712,0.10870133752856129,0.11173442657885518,0.11650871504963799,0.1222643324739365,0.12759614933492358,0.1332010318277268,0.13983078011672131,0.14724282483427134,0.1680941117417149,0.19858759848343,0.20680497649308,0.19757342763575192,0.18849370815412558,0.17956176656890685,0.17066427309026058,0.16192510159766607,0.15320674534803339,0.14535401561705366,0.13891186673144332,0.13286207321229285,0.1272111439622895,0.12273202056029191,0.11895642273172949
20-01-2026 14:50,25348.5,0.104875,0.10442362892963802,0.10323634562104961,0.10244079275782304,0.10387255655854961,0.10659139825060901,0.11023662235200925,0.11556094781184428,0.12122952114050821,0.12641054811327632,0.13238739853068482,0.13932612833961058,0.1468858124999999,0.1684568749999999,0.1988583275632428,0.20464975643287703,0.19412165615319124,0.18630321513155124,0.17853878485058788,0.1700991826597316,0.16148030001107225,0.15289468908026668,0.1452642812460268,0.13874398653458633,0.13254706355282583,0.12702026448707907,0.12318661924558391,0.1204653454634591
20-01-2026 14:55,25335.5,0.1000175,0.10061099460754919,0.10099181839966802,0.10155867852577352,0.10318245820346494,0.10613389808227039,0.1102067722432077,0.11581941267726933,0.1222077307248635,0.12813528913117278,0.13433906358803743,0.14128641851066304,0.14894323579895385,0.1697902340997438,0.1976485301264855,0.20127762954915895,0.19072947265194087,0.18390126673822538,0.17704468405695534,0.16863900698618117,0.1597739343706594,0.1515637734375,0.14434829776289865,0.13789637991530113,0.13195806971077179,0.1269775040566809,0.12342491988569056,0.1207564227317295
20-01-2026 15:00,25288.25,0.1014131070469879,0.10126810868079056,0.10175086867597138,0.10280727981597129,0.10470259951154341,0.10799881106597128,0.11230899158327091,0.1177467481301464,0.12504878979055872,0.1328600750859991,0.13919762310475722,0.14522234009594878,0.152669056709451,0.17212421819948767,0.1974911199276834,0.20125739341241733,0.1916679382271709,0.1836592314520861,0.17508637433873517,0.16577539878267056,0.1571908101259608,0.14966653053673076,0.1428205174007973,0.1367130873762828,0.13119711377312035,0.12657607127322967,0.12304107154074306,0.12031999999999998
20-01-2026 15:05,25289.95,0.1015337140939759,0.10114357140526005,0.10176965764144277,0.10343869571855027,0.10606666169252767,0.10982496190078869,0.11448229828247311,0.11988070087632582,0.12723887011162255,0.1358264589317949,0.1423735909083953,0.14791262442938585,0.15519911695954042,0.1741983590997438,0.1987324597288813,0.20283050640204067,0.1937663034788813,0.18476762942859384,0.17447023830862732,0.16451363081578899,0.1567949023711273,0.15014144243198282,0.14372192276289864,0.13814471165689138,0.1331437988697842,0.12883843836877337,0.125583004505311,0.12336785375617809
20-01-2026 15:10,25245.35,0.1012981070469879,0.10208298083064818,0.1032810678128705,0.10545413883243546,0.1088675804655106,0.11316673089565245,0.11825965215074946,0.12433273787674358,0.13109290207425525,0.13824780945799542,0.14485705035307073,0.15104602696462008,0.1584095587362437,0.177500625,0.2025152923644406,0.2061054998620687,0.1955963184258524,0.18568077713043257,0.17511925362329753,0.16592327280185581,0.15847522161582334,0.15145641703859944,0.14556083660852673,0.14039439977168872,0.13557623889507125,0.1320024536493602,0.1294735048565065,0.1275412687438419
20-01-2026 15:15,25238.75,0.10774999999999989,0.10813341800098107,0.10876434094835537,0.11040418540203538,0.1137501794442534,0.11805160323113463,0.12303213486182304,0.12935784909416354,0.13548126085493944,0.14136413321668362,0.14801866403785074,0.15477639832910559,0.16212823760114004,0.1809184364423283,0.20636895754457008,0.20998598771938162,0.1983178311754059,0.1869122262995363,0.1756703634948143,0.16763133997112983,0.15991167848969987,0.15139840844422597,0.14549500748546618,0.14011574796001405,0.13463875670834405,0.13099668618836235,0.12845606698305936,0.1261464762191495
20-01-2026 15:20,25191.85,0.1211710953934228,0.11968726856829386,0.11825389000415744,0.11802318327527529,0.1198880730514989,0.12304871017572455,0.12728414249193454,0.13283438954223475,0.13814800790989107,0.14392893107338903,0.15076431776600493,0.1574130556996074,0.16451718691443498,0.1819687762766904,0.20567797187320777,0.2097228693164022,0.19902935014647694,0.1871920460907189,0.17549075934944064,0.16732672953254665,0.15943431348663445,0.1506109328169311,0.1436535910828521,0.13726814035496154,0.13108153069792203,0.12611042615447357,0.12210417256051197,0.1185448174031641
20-01-2026 15:25,25185.2,0.1377773079991678,0.13468471651927513,0.1306355234747724,0.1281979356527996,0.12807004364733054,0.12939697552636667,0.1327029324832973,0.13741352162430134,0.14169170548834134,0.14737684484468724,0.15448448536151785,0.1606110828441026,0.16714295414965308,0.183382868226396,0.20506532111270528,0.20896694180635259,0.19907795944988316,0.1881231657468076,0.17727683067025748,0.1681394735384439,0.15980724093009152,0.1513496935785525,0.1430290139559127,0.1352078781041363,0.128110859375,0.12148748753857298,0.11545910316298517,0.10983601234335678
21-01-2026 09:15,25171.75,0.1483763298180673,0.14330096128787748,0.13762614014879643,0.13436695378912528,0.13328290989766092,0.13350529999115404,0.13598139772982587,0.14008811735234367,0.14434042096198446,0.15003803356383716,0.1570542175560491,0.1633005695101831,0.16990634389955894,0.1865650283920338,0.2084235367733055,0.21198490918327872,0.20236696471913831,0.1925000234434335,0.1818049504552343,0.17109648647948297,0.1621276510248257,0.15398908846429926,0.14525326590729037,0.1366250156249999,0.12853963281249997,0.1207771148630364,0.11328163751899258,0.1058342561716784
21-01-2026 09:20,25204.0,0.13949011721232218,0.13474638951202794,0.12974835545302058,0.1275382459381102,0.12748987061558215,0.12849567256201827,0.13139262766566262,0.1353118702470482,0.14014780875170144,0.14641587878182896,0.1535019750009019,0.1607030697196022,0.16819621112540128,0.18738812499999996,0.2134100849784758,0.21815176075277443,0.20830978744135017,0.1991563889097054,0.18737776732866637,0.1741920062899994,0.16538073433391395,0.15899186678365557,0.15100616583961204,0.1424618749999999,0.1343071171875,0.12666418386750142,0.11905332713511765,0.11079883760045939
21-01-2026 09:25,25249.5,0.12659,0.1226952209371944,0.119111789918111,0.11823625023433973,0.11910226706281267,0.12090713014309357,0.12496342079185185,0.12943296723799225,0.13462740154631794,0.1414397812499999,0.14889387499999998,0.15670680468749998,0.16468364893712897,0.1855225399703246,0.2151181542847672,0.22195813676483594,0.2124529491493814,0.20398137748035558,0.1923983058640651,0.17845282449957273,0.16934112359575906,0.16344894265743645,0.155740696626672,0.14714357812499987,0.1390681718749999,0.13178251617250286,0.12444313083273544,0.1158326752009188
21-01-2026 09:30,25231.8,0.1294247757005258,0.12107636339202751,0.11670718609986971,0.11621376076613878,0.11689834755740536,0.11814148618436224,0.12217737478079649,0.12759313954282692,0.1335009440359487,0.1410071485231831,0.1491262636457867,0.1567037188356831,0.1643812442620478,0.1849275799406492,0.2138620828175614,0.22132473484617132,0.21335823724548741,0.20471406129381559,0.1937553013597379,0.182182678970235,0.17241082037639985,0.1642081075711033,0.15559063123866937,0.146634421875,0.1382727734374999,0.13072416824250144,0.12350385838511767,0.11573383760045938
21-01-2026 09:35,25229.95,0.134802842906123,0.12225581638788209,0.11613388979244016,0.11563958501845333,0.11695018159337972,0.1183002505044129,0.12180825538788882,0.1275350574294792,0.13400101116484545,0.14210459969602,0.15119199336918743,0.15903302948645956,0.16631077069003866,0.1866248395370588,0.2149432677485347,0.22145558126520773,0.2129765565495417,0.20310230356821857,0.191952443116209,0.18223861261411428,0.1725170364082408,0.1627887895803035,0.1535894629947538,0.14460599218749998,0.1361993203124999,0.12854209055198576,0.1220991049503321,0.1170839766354427
21-01-2026 09:40,25195.85,0.13506058276774946,0.12378142528841657,0.11795446934623192,0.11699747688008809,0.11823944490912278,0.12037879482926372,0.12410134156951998,0.1298155000627317,0.13643374835829897,0.14371304534339602,0.15259321313587904,0.16153205991076428,0.16884229300746742,0.18755372937712136,0.2144972447138086,0.22052365042949254,0.21042963533410536,0.19953565014596597,0.18923687445031606,0.1793089367369792,0.1689261006401543,0.15941739341282712,0.15050015569891032,0.1416082734375,0.13317510937499996,0.1254121264164715,0.11941528802566433,0.1159404532708855
21-01-2026 09:45,25195.8,0.1307492396192335,0.1231021916328205,0.1188873736135122,0.1177817611296311,0.11864051444692653,0.12137752328397933,0.12569382161837878,0.13159010500362403,0.13833884980455088,0.14484330756646469,0.15282674293484239,0.16185247701738245,0.16952817036986514,0.1869011850540402,0.2116465209746119,0.2175226491017993,0.20715904397806392,0.19606184640245847,0.186823358955989,0.1768489176483068,0.16604384659959395,0.1568461424868587,0.14807172885263972,0.13917554602121057,0.1308618676979899,0.12315871790865508,0.1167052167171987,0.1116489766354427
21-01-2026 09:50,25185.15,0.12237422405708108,0.11798686003038505,0.11539877076658986,0.1151026758889137,0.1165881102864028,0.11993302422352939,0.12479393287692642,0.13152359021753982,0.13971775377278228,0.14691785012334402,0.15372616999465832,0.16131806224627024,0.17066580097523243,0.18988494632972439,0.2121939810303417,0.21557888820361035,0.20475270696236286,0.1933099454363803,0.1842297389479725,0.17519107737951106,0.16509564870528495,0.15624606949683228,0.14767759229378308,0.1385923011620972,0.1303684011417148,0.12359022164551454,0.11753813103054164,0.111455
21-01-2026 09:55,25177.9,0.11885,0.11483335542042966,0.11335081155223177,0.1141939887690003,0.11620503842399559,0.11964693668046089,0.12457719456683887,0.13216800712800733,0.14186013656761873,0.149623859392377,0.15553206313208828,0.16217468888771217,0.17413823772978054,0.1958854427658444,0.2144186588829222,0.2138656985483138,0.2022715492588895,0.19053783017823392,0.18162575984845858,0.17326079439549577,0.16364417566716713,0.1551536237604957,0.14708454888561456,0.1379951986355624,0.12970036080277786,0.12376365434897463,0.11848281567643588,0.1125624999999999
21-01-2026 10:00,25151.55,0.1217804197062693,0.11588828146488472,0.1142922549002827,0.1163096844624639,0.11958447899008266,0.12308263810663832,0.12701192997750743,0.1328146956766783,0.14061350220194108,0.1481710273524385,0.1551557698472941,0.1626838664962969,0.17460470727891625,0.19546656227347428,0.2131914061367371,0.2122023662947455,0.2011109771915364,0.19057539443226462,0.18145530486133107,0.17238506126024788,0.1628085214273335,0.15398612624747518,0.14574152538349555,0.13729048255717588,0.12952120772237122,0.12340627037558279,0.11786741189121341,0.11190249999999989
21-01-2026 10:05,25168.3,0.12444333941253859,0.11867115910455253,0.1165019967366386,0.11841849476357118,0.12260009091200472,0.12656460188907323,0.12991065585807496,0.13370885236750205,0.13943011152896048,0.1469121611672495,0.1548614452310441,0.1629101423698799,0.17215092092185058,0.1897869355937013,0.2093422177968506,0.21063848895514264,0.20032540741892224,0.190777140920182,0.18130573435112649,0.17135893529494356,0.1616240731840761,0.15270031029494358,0.14430207057790545,0.13632412499999996,0.12902335692581815,0.1224392103154535,0.11645437329095248,0.1107025
21-01-2026 10:10,25142.55,0.1251804197062693,0.1209744804320379,0.11865696760046002,0.11919139104014596,0.12203736601294687,0.12599233421553813,0.13036673219671005,0.13493232342208022,0.14108790534945034,0.14879866688832916,0.15650588543000843,0.16407968870459383,0.17177954687499988,0.187536875,0.2071106249999999,0.2088038467506162,0.1983333264323053,0.18865797161266806,0.17908846289352734,0.169265755496536,0.15921934952536917,0.14989572180551514,0.14191510122355985,0.1345036804638938,0.1272792992005537,0.12044854687499999,0.11419706249999989,0.1083575
21-01-2026 10:15,25145.8,0.1205125,0.11780739420211292,0.11638471585654138,0.11681299055428682,0.11937617729626816,0.1236794596558583,0.12864552831285278,0.13431358920065647,0.14143730447220704,0.14937669402490958,0.1571364195418846,0.16474683815442978,0.17245382812499996,0.1880643749999999,0.2073287499999999,0.2088885809894815,0.19851447635702724,0.1887538932135851,0.17909720542037877,0.16992718167074128,0.16011622949851,0.15019522366369964,0.1425077172759033,0.13584927499028776,0.12897647340110743,0.12246726562499999,0.11658447656249989,0.111205
21-01-2026 10:20,25143.35,0.11518,0.11380941194480641,0.11363132277202069,0.11502870641913938,0.11882644769890828,0.1240296578941597,0.12877340617688768,0.13451725042446636,0.1419697000346702,0.1501627577063319,0.15848293457692395,0.16628510693725704,0.17397982225425,0.1893118749999999,0.20795874999999986,0.20978534726361553,0.20003135459391633,0.19041062841147333,0.18070101415939346,0.17147684368900362,0.16250758102170035,0.15359710906393406,0.14584324913024885,0.13890321952639384,0.13226792850467536,0.1263619302672317,0.12123002730959856,0.11669
21-01-2026 10:25,25100.4,0.11813208312880419,0.11689074473925601,0.1168075299472774,0.11827983716813191,0.1219209812630622,0.12692668055150924,0.1320283389449575,0.13806742405862504,0.14507894750289524,0.15314424303969393,0.1622524420237506,0.17071464392660707,0.17804068460156228,0.1915452869935383,0.20774625,0.20869857812499998,0.19905706182767166,0.18914470409785378,0.17897629012610686,0.16946315284095143,0.16103972380663867,0.15289548894542512,0.14435761820477147,0.1361100310406533,0.129580218932715,0.12432545869896774,0.1193131410439246,0.11458749999999998
21-01-2026 10:30,25093.35,0.1207416662576085,0.1194899428762926,0.11939213093389328,0.12095448322532668,0.12401090966035058,0.12868873171326906,0.13495351454401977,0.14143227323954144,0.1475345219739323,0.15491431684855828,0.1642432449079902,0.17354391558320847,0.18083903525287462,0.1928549489870767,0.20708875,0.20704129687499997,0.19724240490534345,0.18692008777578953,0.17652557168258307,0.1673211578029106,0.1588165130958321,0.15043022968900435,0.14143021299586261,0.13251403864380648,0.1262528702655651,0.12159745755127138,0.1171843072216106,0.1139159056099798
21-01-2026 10:35,25094.5,0.11961539891211828,0.11796135693836814,0.11866982441570384,0.12091862913702839,0.12404704694340682,0.1292091519921801,0.13625566847619605,0.14270199119740157,0.14852624826867875,0.15576980248080818,0.164869553414518,0.174056191066121,0.18152088226433713,0.19369028699353827,0.20751937499999998,0.2072507578125,0.19767186656004454,0.1872438013660723,0.17698427590969468,0.1685836723647168,0.16054486627455494,0.15245204737245746,0.14446946148966167,0.13653803689573257,0.13037164493512843,0.12610147686714582,0.12331469066209291,0.1227293112199597
21-01-2026 10:40,25076.8,0.1221241315666282,0.11995288764238277,0.1212141805063379,0.1237929197228711,0.1273583408268203,0.1328282516336761,0.13933096559397215,0.1457825979254458,0.15240746873089167,0.16007320143720788,0.1690792853050159,0.17847912818692788,0.18665850389661903,0.19774739009108547,0.2087862190468896,0.20746267148808611,0.19819188290224574,0.1877018431171611,0.1774719829536504,0.1698896575227333,0.16269708979075084,0.15499999817470822,0.14812934720256177,0.14163620297734097,0.13552067483036012,0.13100503374051709,0.1282518777104179,0.1267709056099798
21-01-2026 10:45,25011.65,0.1249933157833141,0.1249986327267807,0.1272734754546907,0.12972681178483342,0.13385924324427606,0.13982186499241694,0.1457974597802408,0.15238612167237414,0.1592002084530872,0.1665482666484294,0.17505225022516516,0.18489300135691905,0.19444331527973155,0.20367502049878758,0.2105661880937792,0.20760993365517347,0.19781587155248118,0.18734132573754445,0.17706005217251658,0.16763623214341375,0.15982631127757826,0.15357679555399859,0.14858272417043172,0.14385898915353407,0.13840233489125014,0.13328024738073382,0.12943628502146817,0.12644
21-01-2026 10:50,25009.05,0.1283475,0.1289104312578349,0.1326014475580509,0.13542920619010923,0.13962097864536013,0.1458591439848447,0.15188188445188489,0.15854937792577659,0.1648178622337196,0.17152839185195887,0.17952809977480755,0.1886272558352652,0.19781299052538184,0.20682662072431868,0.21326069480454699,0.20997798934246217,0.19955170314787402,0.18904368618358547,0.17795924671014848,0.16578286081468518,0.15764703682285686,0.15324478355427593,0.14939670486772827,0.14527054254735647,0.14020643588894782,0.13591343144989856,0.13418894772474507,0.1338552945676346
21-01-2026 10:55,24957.3,0.13534,0.13288889895478828,0.13609896038118094,0.13975923946541385,0.14362740453676912,0.14903920370358023,0.1549665912878343,0.16152605204739667,0.1678144037956777,0.1746360477619271,0.18238715267530933,0.1901937312498959,0.19791919931667126,0.2075421153166166,0.2151145765153148,0.21132452095250207,0.20072320669928703,0.1910380345557506,0.17960348481747906,0.16737914223401262,0.16036374049689361,0.15488328462464804,0.14828685866874555,0.14277705419661574,0.13725932773315075,0.13345646783808263,0.1340433657868039,0.136729480649636
21-01-2026 11:00,24996.3,0.1370592926585449,0.13519257123524217,0.13723121970003055,0.1407442408598184,0.1446683359374999,0.1496481817989921,0.1554812079818684,0.16184746642825276,0.16844183595254514,0.1755631460156317,0.1830108912419257,0.1901058235916396,0.19727819828317672,0.20728437499999997,0.21531697575765738,0.21023120971055617,0.19846615460980901,0.18982510286907953,0.18001814284697795,0.16910351454616346,0.1620032349903877,0.15458514918540897,0.14594912181352973,0.1395778013590695,0.13374948905384515,0.12859846560720622,0.12671320412221734,0.1279455775963683
21-01-2026 11:05,24985.75,0.1367693405446022,0.13735439525224108,0.13874202397147936,0.14119928610143603,0.1446801874674847,0.14929007634080424,0.15509703698435587,0.1614673942461159,0.1680320847078866,0.17509332069284025,0.1820636570985307,0.18873232901451278,0.1958123046874999,0.205904375,0.2141731249999999,0.20900450271110374,0.1967621910502113,0.18789032981667939,0.17938577235660688,0.1694762310061137,0.1608601677429954,0.15269366449630076,0.14440183129139242,0.1368683157630481,0.1298629969791252,0.12330219790795999,0.11782442472968772,0.1145838915143668
21-01-2026 11:10,25017.2,0.1405133031135697,0.14009433234384758,0.1401431215899975,0.14152860779211054,0.14393830123044743,0.1475464339316084,0.15294826146871188,0.15910995255473165,0.1653710209782734,0.17222820388568055,0.17878205638456157,0.18514893927902565,0.192258734375,0.20313,0.21299562499999988,0.20977328209017493,0.19891041149942368,0.18924057562608318,0.17974950913790927,0.1698230864298495,0.16063376284769842,0.15207290007473073,0.14348513377293934,0.13452425335652052,0.12610863945481252,0.11902661038381783,0.11245542379398651,0.10645891121358
21-01-2026 11:15,25046.1,0.1402232552275124,0.1380888653824016,0.13711710174099376,0.13806212341590918,0.1403092165909457,0.14400662862871386,0.14919476752003857,0.1551590374728249,0.16173795527062226,0.16824595692280606,0.1743420840163268,0.18210182046158913,0.19160272303147247,0.20364893622956198,0.21377550047670468,0.21143604037024075,0.20183652250847167,0.19216481568059576,0.18170200537669728,0.17147079811897728,0.1626143178766973,0.1540786922547086,0.14525126901511887,0.1365277712095103,0.12850156688878275,0.12154603784209507,0.11515913288707863,0.10938782242715998
21-01-2026 11:20,25060.3,0.13414749999999998,0.13224067395073588,0.1316988078105159,0.1330439239507359,0.13593141998548808,0.1405213545758193,0.14611531263386537,0.15242341926591801,0.15978418643797102,0.1662521318349317,0.17207406477309214,0.18136560008165262,0.19336371168794508,0.20631037245912387,0.2160241259534094,0.21367696355298152,0.2046468965794434,0.19539465157287864,0.1852403386258486,0.17541500843448857,0.1665404384908427,0.15772247204562556,0.14897282413475418,0.14105993895549077,0.13391443188303376,0.12763604010351193,0.12190236802667939,0.11657641121358
21-01-2026 11:25,25041.3,0.13075,0.1293274917321523,0.12926225515537587,0.1310073589196523,0.13431353684358296,0.1391449948169945,0.1448761228305381,0.15129165131131309,0.15855202216806186,0.16534666272298498,0.17189380928020875,0.180352419524184,0.19120134420009038,0.2057249285667977,0.21698557948161737,0.21411580594115195,0.20496983964238596,0.19664395403986334,0.18766280177147976,0.17826297566642055,0.16904222166407662,0.16004725137199877,0.15145623449417028,0.1437481200984816,0.13669027001606746,0.13087379013693898,0.12562686436889922,0.1201425
21-01-2026 11:30,25041.05,0.13152,0.12998102252680468,0.12984997124825176,0.1315352256518047,0.13473076749715596,0.13938186943316977,0.1449839095897108,0.15120515698648132,0.15832933421751147,0.16551992930115011,0.17266375185695568,0.18010688141264977,0.1893596594000071,0.20470823467447127,0.2163009373912388,0.21202678917011406,0.20285576521174203,0.19562799909522016,0.1875340410429597,0.17828517789534118,0.16889278028283236,0.160054357555827,0.15160753236804217,0.14412559730338398,0.13729245124519482,0.13117041850596947,0.12558557671569953,0.1199549999999999
21-01-2026 11:35,25049.35,0.13187541767161928,0.1306641612605048,0.13058744396059968,0.1320410650444337,0.13509688935608447,0.13962694774453532,0.14490701508986203,0.15083808178143182,0.15807234643154378,0.16565211506074295,0.17296168475167303,0.1803760332814764,0.18838375998166068,0.20252411733723566,0.2156497627677396,0.2133549144399944,0.20435428995924115,0.19618722509851155,0.18723147364647985,0.17794606160392054,0.16878752159591093,0.1597309177937427,0.15105796507784675,0.14380397764130348,0.1372585194823435,0.1310707827440858,0.12562238070539683,0.12077897554201168
21-01-2026 11:40,25042.9,0.13241454411927497,0.13154520607819006,0.1314458937200587,0.13261489139718843,0.13561070685279591,0.14001754949340095,0.1448676049650131,0.15044035775433579,0.1572281091318587,0.16466286850261191,0.1721313152571302,0.17953939244593423,0.18685365143777138,0.200335625,0.2156564043814134,0.21592882834079155,0.2064805996939134,0.19679391599226764,0.18692898437499997,0.1774749921874999,0.16841392505633487,0.15923083263179888,0.15049720315894075,0.143030302960333,0.13619266000987731,0.13000756005951594,0.12499059751102576,0.1213762139141969
21-01-2026 11:45,25045.15,0.1334403352236919,0.13204345044632276,0.13165405696194613,0.13267996129503304,0.13544010000807222,0.1395847630279505,0.14443168529500652,0.15004467487478132,0.1565280703124999,0.16370423437499998,0.1711696875,0.17856706249999987,0.1861564921874999,0.2000549999999999,0.21593812499999987,0.21585285881595956,0.20502409537913657,0.19537458966247429,0.18622104252809665,0.1767400548981122,0.16778697599878672,0.1588717281645043,0.15020995195668388,0.1426398454508283,0.1355556124588688,0.12894541251177435,0.12344669353086081,0.1193030012023588
21-01-2026 11:50,25057.75,0.13295120877603617,0.1310031951464851,0.13047061767211116,0.13167668227262577,0.13441469563778283,0.13842794531249997,0.1434278359375,0.1492065625,0.1557103359375,0.1628867812499999,0.1703556562499999,0.17773423437499988,0.1852832890624999,0.19947625,0.2159756249999999,0.21502664005310176,0.20277491351667143,0.19394301580863132,0.1859744585981768,0.1765545316712245,0.1677881508816644,0.15863241266769765,0.14938486975547205,0.14216765139148146,0.13523703386202512,0.1281478366599026,0.12254032126270598,0.1175407628301735
21-01-2026 11:55,25064.55,0.134155,0.13178052343750002,0.13088173206749315,0.1316674638369527,0.13401640885141916,0.13790227530392685,0.14288541505042365,0.14856158678191272,0.1547813548579305,0.161661983341974,0.16899751562499987,0.17629228906249989,0.1837570234374999,0.198205625,0.215285,0.21484029892334178,0.20256394930732727,0.19299279911780745,0.18497214937391923,0.17614458790341198,0.16721451031619855,0.15718965250867725,0.1469434927536031,0.1397079290773651,0.13304612305036576,0.12560140264528646,0.1198849713702543,0.11442
21-01-2026 12:00,25081.9,0.13577,0.1326805569900183,0.13140964052394863,0.13174042428429353,0.13307398627930067,0.13625630291037202,0.14101460353834733,0.14646237668882556,0.15233699622853417,0.15917320019780215,0.16662140181486162,0.173538171013854,0.18071042899408926,0.195425773513287,0.2134377970265739,0.21527146861055957,0.2039075506220896,0.19234332603647966,0.18386632881268128,0.17605436690665557,0.16694756851168188,0.15709701450275054,0.14716233934168113,0.13908731745700267,0.1320776975346773,0.12466630246239802,0.11796233881558645,0.1114925
21-01-2026 12:05,25117.2,0.1346475,0.13110102023003656,0.12980221765791775,0.13033706643272888,0.13117959756684378,0.1336290131357925,0.13814367475925346,0.1435737881834141,0.14935353915460664,0.15636192578401115,0.1640412958172233,0.17064402452969843,0.17870705970991213,0.1949744973450412,0.2129689442123815,0.2153680365710106,0.20451080648299075,0.1923643189129068,0.18419269705957797,0.17671876949883827,0.16746984093695488,0.15828620515617225,0.14934985103908632,0.14089017017471342,0.13325047204045354,0.12592701171892653,0.11878927156944757,0.11213499999999998
21-01-2026 12:10,25113.35,0.1373075,0.13275730245216397,0.13025141879388755,0.13028022473962117,0.13149549604688346,0.13394992546847792,0.1379601015346476,0.14305160422008995,0.14856602468033267,0.15501806715501223,0.16221754243986164,0.16890846570533474,0.178179318087098,0.1958274011135456,0.21323220127168938,0.21460185509728227,0.20399629955935414,0.19246883157805608,0.18407849224335257,0.17587633675767111,0.1663581739681685,0.15717265625,0.14834887499999988,0.13983785156249992,0.13180129658908132,0.1241188521265135,0.11670260354828274,0.10993499999999999
21-01-2026 12:15,25129.25,0.1401175,0.1341713179936461,0.12992125698718993,0.12968626424424715,0.13192076420652396,0.13478057741493502,0.1378743392845663,0.14202919886049808,0.14732831439632968,0.15335669244782668,0.16020815174230488,0.1670453253571051,0.1748750435131216,0.19187752924511536,0.21231125801253,0.21565572297645574,0.20596711522929015,0.19545818137952484,0.18604959882703345,0.17659940587223502,0.16685557166733647,0.15754596093749998,0.14851598437499988,0.1398153984374999,0.1315437076118729,0.12356984332483839,0.11585625131405786,0.10848
21-01-2026 12:20,25163.0,0.133165,0.1278948917883552,0.12410863050960412,0.124609597120941,0.12806631886345393,0.13183353760985458,0.13451840441217822,0.13819129212437747,0.1437903984375,0.15013812937949503,0.1573230691096098,0.16445378711653566,0.17294461257614815,0.1927922019723176,0.21668719143114487,0.22038652236418038,0.21053126942350087,0.20118716977238058,0.1918904186877096,0.18207606993296313,0.17150317962486586,0.16061285222454696,0.15145196614991163,0.14420042734958405,0.1374392291529912,0.13032567137415604,0.12320537564233297,0.11634
21-01-2026 12:25,25166.9,0.1285174999999999,0.12366974126936527,0.12159971223546583,0.12225500058148685,0.1253090238383689,0.12936004932748074,0.13226087207466972,0.13615046017549767,0.14198769697434852,0.14850724047099745,0.1556971595548049,0.1629240441052271,0.17377150175129835,0.197448575017987,0.2222583500089935,0.22442362228025156,0.21343910685932516,0.20402921416778058,0.19541235781719268,0.1864447598583464,0.17534979434053033,0.16285275132409394,0.15352047136232336,0.1475820500116682,0.14222016707273571,0.1357890909635671,0.1289336057899165,0.12253999999999998
21-01-2026 12:30,25153.65,0.1379699999999999,0.1310810627750212,0.1284664231661877,0.12780172637576512,0.1285597108875788,0.13100435113610576,0.1338867160557454,0.13788773766591358,0.1431766595736971,0.1491558515624999,0.15579902652698405,0.16278860794003833,0.17181346001799258,0.1933698471677256,0.2199719875044967,0.22410515002305137,0.21273737668117085,0.20261659410064672,0.19408339587588938,0.18574119769593808,0.17572399212148693,0.16466051628704695,0.1552800833374116,0.14770995078708402,0.14059055583082666,0.1330251649759927,0.12532528906249998,0.1179875
21-01-2026 12:35,25191.3,0.1444715517649097,0.13721043120207174,0.13311277944312255,0.13081984234479938,0.13002884667939602,0.1311844191814374,0.13402888006464397,0.1380596101828485,0.1424656893045521,0.14757787480647128,0.1537112483664682,0.16049147087996418,0.16747562471449182,0.1875942443174642,0.217660625,0.2245681069962734,0.21354761945159179,0.20402423331100458,0.195576135080324,0.18679261601934655,0.17710961612487405,0.16733469275171303,0.1579100466482141,0.14834447811839668,0.1400239500541616,0.1327559786408749,0.12511986992309607,0.1173225
21-01-2026 12:40,25225.6,0.1436531035298194,0.13619802305721113,0.13200870959747812,0.12935525395739467,0.12806953523314957,0.12883587235809857,0.13158177410168767,0.1355054066577942,0.1393883935858411,0.1441376208347824,0.15006869504168024,0.15623397775557188,0.162784499902325,0.1849572936057179,0.2192715928939715,0.22909286936210307,0.21938646473746207,0.21020450863030424,0.20124289511656102,0.19170318864110097,0.1813354967100981,0.17161269454906225,0.162360351944655,0.15235088592429355,0.1444362829208233,0.13834730884424995,0.13134895859619217,0.1238675
21-01-2026 12:45,25260.15,0.1448916638160351,0.13758747584477907,0.13331764708992555,0.1302430021590797,0.12850176970755714,0.12882612213549302,0.13084367017529916,0.13408127223569433,0.13787725549357122,0.14274546100015098,0.1484665167168924,0.1539830002561797,0.1600278138193873,0.18340731623230477,0.2208065074646097,0.23347634348972748,0.22470793610921921,0.2149021426102855,0.2056405572652689,0.19605661510832165,0.1858661964222772,0.17671259990548524,0.16784169675716748,0.1583714390558968,0.1500485203666616,0.14269535364087493,0.13502283867309609,0.127275
21-01-2026 12:50,25266.0,0.1433927241022508,0.1389761907547952,0.13439200693784717,0.13062155524693012,0.129508387770283,0.1301957535156072,0.13157202072722765,0.1338587551907402,0.13717198396452518,0.1417655462218087,0.1472375513271962,0.15293652819404316,0.1619513063735566,0.1890917336761909,0.22577141902357387,0.23686629054820102,0.22793743610167652,0.2179327227205711,0.2089588932733577,0.19985841043548147,0.19029227266981869,0.1812290981081361,0.1722434070857266,0.16328375,0.15456989843749988,0.1460008125,0.137696328125,0.1297425
21-01-2026 12:55,25281.8,0.1398201120511254,0.13620042994379203,0.13167919893295876,0.12836545799301982,0.12813893578853042,0.12933398785810865,0.13075475129705105,0.13272997030356984,0.13571283296620462,0.14018920593034337,0.1457379016380218,0.15191133449222566,0.16414264803176765,0.19541470444341036,0.231231562229205,0.2397156036026626,0.23053961151054456,0.2208937285477856,0.21168300871881537,0.20249175381992268,0.19314087138518532,0.18346581064275855,0.1737885479057151,0.16518006956432035,0.15697281074410213,0.14851662326542395,0.1403352265624999,0.132565
21-01-2026 13:00,25281.3,0.1342374999999999,0.13007288866612582,0.12624340152524288,0.12425316113968224,0.12430980694737123,0.12508811694347158,0.12680760647619604,0.12974217222351334,0.13378219862763507,0.13896664960089872,0.1454499314084022,0.1528513076480563,0.16239063521529548,0.1899629527683189,0.2279500010740303,0.2394455167568793,0.23098489814657214,0.22167565921634733,0.2127131032051181,0.2036329482627201,0.19418910214537086,0.18418285566051712,0.17416794737393043,0.16596465475364075,0.15837497305070436,0.15023087934334792,0.14234845312499997,0.1348849999999999
21-01-2026 13:05,25288.85,0.1317249999999999,0.1268993671874999,0.12370820921774532,0.1226075499196265,0.12276633591057504,0.1229384807771276,0.1245532150441224,0.12842197484282,0.13337067694693555,0.13906030339124256,0.14656443213473558,0.15510175543884847,0.1617582131801537,0.1843831744315606,0.22232488659552208,0.2362086336318519,0.2286129759806444,0.21936608405769464,0.2108423314102363,0.20221807621294036,0.19271134013518532,0.18320235751775843,0.1738614150932152,0.16532941331432027,0.1573418185566022,0.14932112326542393,0.141489890625,0.1340424999999999
21-01-2026 13:10,25221.5,0.136635,0.1309048205871828,0.12789277839355878,0.1257155721094961,0.12467737392337436,0.1247940027170784,0.1263893673200963,0.13034625900726507,0.1353133360527307,0.1410105676388178,0.1481843172213519,0.1558231957289141,0.16264913935572867,0.18550596221578028,0.221984318297761,0.23411860197217596,0.22590139033407214,0.2166526982788473,0.20761228838190368,0.19824128584306894,0.18841009386962637,0.1796852516428487,0.1712464586142855,0.16234502343749987,0.15383403906249998,0.14569332031249999,0.13767455468749998,0.1300125
21-01-2026 13:15,25225.05,0.1354675,0.1317380589611879,0.12984461371397119,0.12622943396118788,0.12396235638707143,0.1247420770045271,0.12701886731831602,0.1310079598170271,0.13600105869814075,0.142026079784234,0.14889132105042474,0.155416821971734,0.16225925870778118,0.18562028090076746,0.2216444934407014,0.23341967870062083,0.2255617085879258,0.21673504133298957,0.2073089250410712,0.19720730016069749,0.18717570330172578,0.1784312795335386,0.1699769988117763,0.16139424949536077,0.1531147713200744,0.1454399263725196,0.13817334146246898,0.131075
21-01-2026 13:20,25225.7,0.1313479681164807,0.12913795580317558,0.12780435206799812,0.12454219643608291,0.12258497659485512,0.12377737015763504,0.12677762798024805,0.1310278140494801,0.1360729739474934,0.14246015190867647,0.1497086786251137,0.1562453889547182,0.16280757699203044,0.1853705618015351,0.22037773688140266,0.23247488083874177,0.22557433058636248,0.21672832591488478,0.2068613788677458,0.19735351457813,0.18811003042282237,0.17867009173406515,0.16950487178069584,0.16121499217143664,0.15317417053542973,0.14625384565603597,0.14013377340894884,0.1334149999999999
21-01-2026 13:25,25205.25,0.1321687093805634,0.12794225063708328,0.1245076606470459,0.12222629804559115,0.12167740778784614,0.12349404176346501,0.1273886269066183,0.13164101548465515,0.13646254429926372,0.14334248035222538,0.151450758515434,0.1582406366302187,0.16426503140250057,0.1868684059007676,0.2223569934407014,0.23328498417396362,0.22462862953911208,0.21534159892914365,0.20547656301760284,0.19596078687680532,0.18685812335161503,0.17818130775765226,0.16976551052937686,0.161543571794291,0.1536321599231364,0.1468960137570129,0.14109014743049078,0.1344275
21-01-2026 13:30,25215.7,0.1364310144116848,0.12977996989847745,0.1243938861788018,0.12229473344177123,0.12258253502744317,0.12496434936300585,0.12905316405929268,0.13277220731735093,0.13725951558055988,0.14453259045988345,0.15325898634568128,0.15998473053485623,0.16545678823463522,0.1878681993250764,0.223269523650153,0.2327587161230706,0.22238947642186266,0.21365692410939974,0.2049036584339037,0.19460387869776682,0.18460010085603396,0.17697642369092959,0.16944615188758017,0.16125563383882202,0.15381053373237244,0.14668826161475607,0.14012171097145898,0.133475
21-01-2026 13:35,25182.35,0.140357773147602,0.13401053442970784,0.12929273103973776,0.1271489413538894,0.1269769526489864,0.128657485356422,0.13177979978987092,0.1351671962939219,0.13958854095250872,0.14621481658154017,0.15399357343747122,0.16050041983167268,0.16640056320510832,0.187920148650153,0.221134047300306,0.22999207832611265,0.22007427331971,0.21140652342595978,0.2027321291413399,0.1927634953812427,0.18297168161542793,0.174246841919945,0.16539282782260262,0.15756672390025314,0.15082810308025352,0.14313616630617548,0.1355370454181607,0.1283425
21-01-2026 13:40,25193.1,0.136715,0.13217240970748587,0.12854295652089429,0.12704964595796256,0.12722320705725032,0.12880698603787666,0.13182220647723114,0.13552215609229917,0.14004807175300138,0.14613253584530625,0.1530420003096345,0.15943984506536724,0.16617517354024086,0.18812882432507638,0.221053273650153,0.2303375739263849,0.22107374975102262,0.2117633667888084,0.20234991815907874,0.1928346484374999,0.18357654280307195,0.17380857739117492,0.16407507616335026,0.15662154502207107,0.14996020624860656,0.14238313163445834,0.1350485616451756,0.1280925
21-01-2026 13:45,25192.95,0.1306325,0.12701111213504232,0.12401537902773221,0.12342964041653058,0.12450129584584635,0.1265897605834179,0.13006895306960017,0.1343779067627661,0.13942417024174625,0.14559384174051204,0.152147209649347,0.15866223604741894,0.16597579062861761,0.1885687499999999,0.22219749999999988,0.2318841015624999,0.2226818359374999,0.2131359765625,0.20351946874999988,0.1939621249999999,0.18471749405778592,0.1754794152478825,0.16649078792835462,0.15862273878831032,0.15131418754231832,0.14429538792008095,0.1379005606172234,0.1320331014890218
21-01-2026 13:50,25179.95,0.1268325,0.12404816089828181,0.1223063392464348,0.1224302062077916,0.12389732082762804,0.12631958987998945,0.1297070348020657,0.1342123986460796,0.1400124434320385,0.146470002403541,0.1528095728430016,0.15959226839100626,0.1671828515625,0.1893362499999999,0.2222743749999999,0.2316719765625,0.2224530703125,0.21283696292168255,0.20258963340902175,0.19216688901663373,0.1833046104173482,0.17560905406246985,0.16762218975811466,0.1596145270083854,0.15218635822437385,0.1454640229551919,0.13958530459682225,0.1345462029780437
21-01-2026 13:55,25164.25,0.1252522039157232,0.1241283955915685,0.12343524737789281,0.12383778083218419,0.1254743579792137,0.1281835724483781,0.1314352581135575,0.13580101759770385,0.14163233720275079,0.14804803101449532,0.1546473059527508,0.16171681388300302,0.16929797423656268,0.1900829389250135,0.220575877850027,0.22912500142501346,0.22018023227127667,0.21042727955798612,0.19933064567785774,0.1881296551853884,0.1797687957483163,0.17297088031240915,0.16538047715345933,0.1578177409374694,0.15078432586706184,0.14386087718213192,0.1377020262095514,0.1330981014890218
21-01-2026 14:00,25141.15,0.1249044078314464,0.12515345826226465,0.1247440917653907,0.1246684209399664,0.1260162443125616,0.1287219073179391,0.1322367892130287,0.1368192425792706,0.1428259061911271,0.1494305543759135,0.15589617181612708,0.16289617309299811,0.17248526472185444,0.19389230722248527,0.2198459078862833,0.22547460943985495,0.21675795673005335,0.20695655316342468,0.19634298487865004,0.18628844308121104,0.17728035825890998,0.16880653869538212,0.1613155970479924,0.15453632851027418,0.14775347111499426,0.13998112919960282,0.13281648851515807,0.1298525
21-01-2026 14:05,25151.55,0.1248211856530704,0.12363514612134799,0.1227978566963445,0.12242932667274861,0.12360830252090925,0.12644223437499988,0.13031558711912652,0.13543846191147316,0.142207436579266,0.1492092501569597,0.15539823849760598,0.16419870755501087,0.1793490018178616,0.2023497097284788,0.2220960159027541,0.22282701702125535,0.21287055360020332,0.20356840581746397,0.19488538009891593,0.18548841645270447,0.1743211937420135,0.16450037896867398,0.1585561191562403,0.1528753425760324,0.1461479815869528,0.1374540672687584,0.12944088260087586,0.1292475
21-01-2026 14:10,25141.05,0.1296454634746944,0.12513881551497624,0.12254296659129045,0.12261959518708579,0.1242977716000089,0.1268585859386353,0.13044469220924554,0.13566058571923606,0.14227322594277486,0.14869590787331785,0.1550092332950658,0.16597449161069255,0.18262262204141064,0.2030042534895558,0.21996156954676677,0.21940427392299988,0.20814843953285317,0.19915661983068583,0.19163383060320366,0.181826866820161,0.16979252173882126,0.1606306052306916,0.15546035278648418,0.1496158698641623,0.14247368461089416,0.1336520230908262,0.125584202030736,0.12470499999999998
21-01-2026 14:15,25139.05,0.132163663372235,0.12577698994055816,0.1219181703112204,0.1228330532436635,0.12537733162659614,0.1273622754820111,0.13036266556710793,0.13523865253179249,0.14145524617944247,0.1477689146836585,0.15403317544150416,0.16301361904054137,0.17623559541734202,0.19675835960055138,0.2169834324512701,0.2181194860881288,0.2074094653136896,0.1985428495802411,0.18997910086055772,0.1799369302402913,0.1700880869766818,0.16189999541628505,0.15487830229073005,0.14770873283234523,0.14045206455091075,0.13295734357502362,0.1261072639920286,0.12195999999999989
21-01-2026 14:20,25178.3,0.1231793632697755,0.11830101868859139,0.11619427401330426,0.11802637343519248,0.12122815379702939,0.12374114471061629,0.1271729779829857,0.1322949380359178,0.1388360220794888,0.14585382668313432,0.15229990997009957,0.15944372154842795,0.17312757952914717,0.1984391121832945,0.21987667123420607,0.2199006320440099,0.2101845671745848,0.20198463701907837,0.1926237461179118,0.1825315434207569,0.1745797267913642,0.1671495103504464,0.15906108795115165,0.15154395617726946,0.1449139030883706,0.13893409967692705,0.1340318789022257,0.1297733452235995
21-01-2026 14:25,25144.75,0.11564708983351328,0.11586988561775648,0.11675462218574549,0.11844255129644699,0.12095805969748748,0.1239847129797405,0.12801264406849674,0.1332473351900585,0.1395158777046822,0.14640979697651574,0.1535549741111382,0.16125515024431264,0.17441511540174648,0.1986192567405812,0.2189816711554083,0.21902704901089137,0.21006397583238065,0.20175847535596209,0.1924751074339559,0.1828515508432714,0.17411761531072523,0.16580860307681056,0.15810061438298825,0.1516925565339178,0.14547939421257253,0.13883017938314646,0.13376502661810263,0.1298841904471991
21-01-2026 14:30,25130.1,0.11689574820144359,0.12158036067245738,0.1237627814486676,0.12445084850841287,0.12574172614323578,0.12855452895886482,0.13252769156875804,0.13693930106435534,0.142438158644981,0.14894344781204594,0.1559963440646573,0.16351466286161223,0.1724821451125566,0.1916064670992893,0.2137122236922035,0.21685496782592428,0.20786078312930628,0.19816490287908126,0.1881987372186037,0.17919745814308535,0.16978817181683384,0.16017589363031898,0.15183800774269104,0.14555137340588825,0.14010272948093455,0.1327486136719998,0.12559731589081058,0.1195841776776782
21-01-2026 14:35,25146.5,0.11877107381467358,0.12282366129432815,0.12406156583076608,0.12428289778560578,0.12555947807342882,0.1290162567179077,0.13356722596318032,0.13726033217888883,0.14231321594621965,0.14925708629520162,0.15602882502295243,0.162719600579771,0.16993822939411735,0.18769374999999996,0.21184625,0.2165391278035506,0.20690847223209316,0.1963674555975014,0.1858235919593472,0.17762812367706832,0.16870400346160788,0.1583473040440258,0.14905411083163825,0.14234056248440993,0.13829857891020383,0.13259826713247558,0.12522904745923955,0.1178910072906866
21-01-2026 14:40,25152.35,0.12070203581951859,0.12105170685226907,0.12070985645463286,0.12111606798601739,0.12289454885759671,0.1267654897136834,0.13176221082709536,0.13573985233685718,0.14073813905371474,0.14792582291711484,0.1550237357794665,0.16152645977337177,0.16890646128782286,0.1871837499999999,0.211628125,0.2161339899821012,0.20635190144144375,0.19634366468810477,0.18633902695038326,0.17839885014803702,0.1691120107096313,0.15807503764566982,0.1496914441486409,0.1441123354649845,0.14016587214653925,0.13545592496468967,0.12934810920732895,0.1226945172191374
21-01-2026 14:45,25149.7,0.12297923971543838,0.12136950836046095,0.12011995987671951,0.12056506559961033,0.1223600847834662,0.1256206772680084,0.13021080121784426,0.13481407891268435,0.14011787562157896,0.1468302921929778,0.15413067212974693,0.16138668928364297,0.16883384408848343,0.18666124999999997,0.2102271309165997,0.21441409417633497,0.2052703843626978,0.1961351746668602,0.18676287533463976,0.1782167427352453,0.16882796607030834,0.15903633425459424,0.15190028180056436,0.14632435653470943,0.1407508318417324,0.13527636949062322,0.13003894176322459,0.1247993423825293
21-01-2026 14:50,25153.5,0.1224523754155507,0.12133582304820213,0.11997384917613713,0.12010036606094648,0.12186311207210285,0.1249706005668612,0.12905252033875725,0.1336338629840985,0.13938618355840265,0.14607565875184383,0.1534136052947696,0.1612037670939422,0.168645445639144,0.18618375,0.2094067618331994,0.2135349171205689,0.20484781052988066,0.19558494900741707,0.18587743626314177,0.17730894392608648,0.16895505246092557,0.16070927833281998,0.1534224100142443,0.14667038688602682,0.140060876805403,0.13410302934692092,0.12923767368040298,0.12477249999999998
21-01-2026 14:55,25147.1,0.12156928259453478,0.12144354208304597,0.12088170525077957,0.12072263292184408,0.1221568272248306,0.12517907718934246,0.12870169929733877,0.1329970675067609,0.13902501235571602,0.14589416842110367,0.15288944293187984,0.16060055898947065,0.16855113250799417,0.1863032948580618,0.2097265612945009,0.21399018862856503,0.20480333787941715,0.1946351232869416,0.18452126265533728,0.1762930526093857,0.16820253599482043,0.15978451819100434,0.15201757311541045,0.1449050396568825,0.13824007444728426,0.13222449674580075,0.12698074130869333,0.1219175
21-01-2026 15:00,25160.2,0.12074118977351898,0.12080698235128358,0.12103902951040287,0.120984939130099,0.12186844851715622,0.12447476327711039,0.12787059686208085,0.132241259088023,0.1381002163465989,0.14499241754017891,0.15222705338176623,0.1599428702343986,0.1681827411820272,0.1861922147161237,0.2098982357558024,0.21441020232406116,0.20482595533559117,0.19459804024438868,0.18456559671290373,0.17567311010472023,0.16723444671625168,0.15884742209143574,0.15105313841832094,0.14395799843182264,0.1373363345891655,0.13137175296424228,0.12577087495355063,0.1199024222597735
21-01-2026 15:05,25171.7,0.1176293448867595,0.11699029555006057,0.11705438464443547,0.11757245878677286,0.11935751459940559,0.122918406745225,0.12687484679236957,0.13108451453164066,0.13655488972506255,0.14373778761087402,0.15178890974852316,0.1594483267760366,0.16895031367686245,0.189269564051711,0.2125416274747258,0.21606027315699086,0.20647685956945486,0.1966430799442246,0.1863275586486453,0.1764366750965617,0.16793641190636904,0.1597538436522305,0.15244621312524365,0.14623770235022823,0.140140317618465,0.1345411612739638,0.1294159818141257,0.1241323445195471
21-01-2026 15:10,25159.7,0.1144536040522405,0.1140078864935167,0.11440263952815494,0.11576089043309026,0.11872160793602252,0.12304599751113829,0.1272550738477035,0.13126478837172414,0.13648412406543947,0.14384328591492476,0.15227885583457815,0.15999405728828292,0.1710093905122224,0.1932287883872983,0.21523001919364917,0.21723430492742057,0.2075258159528376,0.197090741055634,0.18616820840034448,0.1768009329712296,0.1685228071254655,0.15982288653808094,0.15281212023484372,0.14723606992207935,0.14142594166128747,0.1361711918737373,0.13166094949724372,0.1273749222597736
21-01-2026 15:15,25148.5,0.11262470810448098,0.11337271425761213,0.11482937047270465,0.1167192838967233,0.11948384623752137,0.12236557512054051,0.12596332318184725,0.13076607221102632,0.13651479742642286,0.14408443665575651,0.15278962435635887,0.1607594339811704,0.17026838830674582,0.1902721438448965,0.2127858213993193,0.2159359880524576,0.20630815846381587,0.19539866159824118,0.1845560023210323,0.17634649399423938,0.16867482447781593,0.16017391765519143,0.1527789636784487,0.1463614387208194,0.14028972805863005,0.13503228108389845,0.13055260582884332,0.1264650926994303
21-01-2026 15:20,25154.25,0.11400110405224048,0.1144063080971739,0.11540633798594419,0.11668750526943084,0.1188657465936341,0.1209176899485215,0.12409579576674956,0.12943350930844272,0.13578852591430615,0.14333074586252081,0.15187852176218775,0.16005052080917728,0.16810698594566037,0.1863090189061617,0.20991303781232337,0.2140710032811617,0.2043408444327032,0.19420844407900462,0.184277160352707,0.17561888302588324,0.16770815345465487,0.1597638018662907,0.1516329117825471,0.1446865734928408,0.13887775792995558,0.13282748983984863,0.12803075532395378,0.1251906317908945
21-01-2026 15:25,25150.7,0.1145149999999999,0.11402725187506922,0.11359104785498858,0.11387110437996642,0.1155851501385955,0.1181142253726554,0.12163325838356444,0.12674996874999997,0.13306562864188617,0.1402862601008946,0.14847365354301673,0.15686246322589448,0.1652826830151715,0.18556184986283436,0.2128874497256688,0.2184163733003344,0.2082164639853624,0.1982714252161591,0.1884215312081643,0.17851495808479692,0.16946735160309578,0.16093744324476225,0.15182642435745713,0.14443496593370592,0.1384259795222598,0.13134194771310606,0.1262091522555436,0.1246971873721183
22-01-2026 09:15,25332.45,0.1098248577817608,0.11048525664055764,0.1098034827452559,0.10958694578596476,0.11086049999999999,0.11342528906249999,0.1171657109375,0.122162234375,0.12843221275844308,0.13558707806184192,0.1438376208080784,0.15270275960079815,0.16154595387766524,0.1852151416121731,0.21857928720503586,0.22641576961044566,0.21643365997472858,0.2070168719963677,0.19633158079483878,0.18526359321516517,0.174969618508213,0.16499180373536126,0.15580295566958527,0.14742158293926128,0.1395366143850942,0.13260362704875706,0.12731581474280754,0.1239578501692745
22-01-2026 09:20,25329.3,0.1128452519447864,0.1155976616360607,0.11429483507860097,0.11190111728895859,0.11198501131199017,0.11423561771192764,0.11750678050770261,0.12192231249999999,0.12776586224830688,0.13478300869984844,0.14306018268064472,0.15173141084026098,0.16020674170900023,0.185305186004253,0.2209946299698854,0.22889316856329822,0.21903395599712913,0.21051368596407632,0.19927797413151316,0.18729265803303352,0.1761281510383302,0.16517912028673426,0.15642505258188777,0.14748984942045767,0.13774909437889515,0.13073058231700405,0.1247879221992474,0.11840370188862029
22-01-2026 09:25,25334.05,0.1246034305442903,0.12615930035603617,0.12250590687330543,0.11744785738669346,0.11630936350577771,0.11846950913062287,0.12144944167918056,0.1252766935841474,0.13058645133523775,0.1370079644558984,0.14490191595111473,0.1530150395270919,0.16060287200112577,0.1886712499999999,0.2321215039806896,0.24464573737327255,0.23438660183603793,0.22456204220078813,0.21314811987825655,0.20114023526651673,0.18934487625233284,0.17669537320045714,0.16527672556350567,0.15444936345470983,0.1424229659076441,0.13325262779195246,0.1264354527227023,0.118822209185459
22-01-2026 09:30,25400.35,0.1293780363812647,0.12613365184366734,0.12102845729886186,0.1167084729917084,0.11589790401308472,0.11826807918796274,0.1219910965227534,0.1265818324807948,0.1324221596755546,0.13858373392032994,0.14618770219407573,0.15451088817230418,0.1618414519966905,0.1961849999999999,0.254686875,0.27634139446522976,0.26675602596838044,0.2565722239438013,0.2455753619058804,0.23378628509022972,0.2214732577163356,0.20686887805513213,0.19192113194629615,0.17824464509690296,0.16349509015236374,0.15154381008509796,0.1431370580284078,0.134119418370918
22-01-2026 09:35,25415.7,0.12749,0.12189253583762492,0.11720025763499539,0.11449201390724101,0.11428140338179718,0.11669236745676743,0.12096652078531311,0.1268429111196697,0.13375676422565816,0.14048263678862913,0.14799601715338573,0.15564373466034384,0.16286390790200694,0.20065562499999987,0.266238125,0.291830623358564,0.2830545483726255,0.27384279534062295,0.2631482358726255,0.25122712272194664,0.23865591386627585,0.22449258306788009,0.2101588155815494,0.1962616173294443,0.18161816880204953,0.16838208283937273,0.1570609492294018,0.145467209185459
22-01-2026 09:40,25405.7,0.13367,0.12709090625,0.12167980468749989,0.118248109375,0.11721167968749989,0.1187013906249999,0.12221213961807545,0.12797635694604467,0.1348545122740688,0.14163009764648768,0.14890108297020035,0.1555857797629429,0.1625686869931305,0.1998193749999999,0.2630957359606439,0.28678011059371056,0.2775980293362137,0.26795205494866026,0.2566376688803104,0.24470191551001447,0.2320160164266764,0.2187352519539021,0.2062117653287162,0.19354474091426507,0.1803713125,0.1674446953124999,0.15488746875,0.14233249999999997
22-01-2026 09:45,25400.1,0.13646999999999987,0.1293808437499999,0.12346481535074846,0.12030861868487809,0.11952204883930008,0.12057972674751402,0.12423710009686967,0.12890935753532132,0.13353244865822184,0.13930091124796862,0.14686548433168742,0.15446392960346456,0.16537974824806875,0.2049112441223325,0.2601823926874942,0.27692559726314536,0.2672102431653948,0.2570360081794769,0.24621157511104777,0.2355141503498865,0.22351141220402834,0.21083369628945098,0.19873591000810797,0.18660830392785002,0.17331816416480533,0.15955653396560382,0.1479239108821618,0.1385475
22-01-2026 09:50,25430.85,0.1216426986343522,0.12084824438904304,0.1172524854414572,0.1152834492552315,0.11677085804782807,0.1191661391715185,0.123756052763164,0.12798081906209785,0.13086909597987487,0.1359494045369496,0.1439903231931744,0.1525705560064862,0.167409754815507,0.20873936324466508,0.2560263274930568,0.2666967119782666,0.2564792041582482,0.24622452253145796,0.23674823847976434,0.22705609616886746,0.21558199328546002,0.2036525259339314,0.19147494308474364,0.17921249531352296,0.16592733691677158,0.15206170072657987,0.14221231994930766,0.136695
22-01-2026 09:55,25385.65,0.1107503972687045,0.11645629753300119,0.11553578507088667,0.11202459027657378,0.11309118016251965,0.11590375122882503,0.11949987878396737,0.12387263015164499,0.12874175623137193,0.1350417986039017,0.1419697448380216,0.14940558277183336,0.16398756627854377,0.2027128328014132,0.24677296510574667,0.2566080532197417,0.2460634166997822,0.23535892333813604,0.22513491160099416,0.2151439491315948,0.20406977689996011,0.19237147737571322,0.18004919242251355,0.16771065873649535,0.15623743290465342,0.1456107306391814,0.13732523158824664,0.1310417839946026
22-01-2026 10:00,25404.05,0.11138019863435218,0.11509385389358864,0.11580353909745857,0.11126396923150121,0.10993422941437228,0.11224860285437331,0.11483170462453596,0.11888126444606957,0.12618487570351458,0.13449924278120176,0.13988466044797704,0.14589072227673447,0.1605197200883202,0.1978409021223332,0.24092471367908058,0.25096891048348846,0.2404974522374203,0.22941513211863268,0.21811669569992467,0.20807150768291172,0.19737109894224228,0.18552859110571798,0.1738992631259216,0.16255569021634972,0.1523850986452741,0.14346680332659872,0.13527728154025367,0.1280035679892052
22-01-2026 10:05,25387.2,0.11968,0.11769432436746388,0.11630574736390781,0.11181876943875446,0.11037168750937666,0.11300679746981737,0.11563332469816578,0.11909488656160098,0.12609672378057998,0.13470249778905252,0.1405977607813625,0.14665277131434357,0.15782690961075513,0.19088211469805946,0.2360090723208102,0.24907621141987923,0.23872717728435683,0.22751352644068268,0.21607059948099228,0.2060325298087572,0.1954075257397204,0.18355740217407376,0.17247443417728156,0.161757160975925,0.15145291202483455,0.14182316415281343,0.13290770892595566,0.1260017839946026
22-01-2026 10:10,25366.75,0.12200249999999999,0.12068350713597076,0.11541031302024947,0.11031380589172979,0.110437835617964,0.11334304966930685,0.1164193670072652,0.12056776851737736,0.12672481747885397,0.13446636351370717,0.14197496693453177,0.1487524542478448,0.15597308631471096,0.1847760027454419,0.231081531241366,0.24634328384445164,0.23673894011011948,0.22618880326621793,0.21485083683135722,0.20414854103732488,0.19338710526402086,0.18275979328296973,0.17221306837493167,0.16154116675547225,0.1514803881861633,0.1413892771290912,0.13194854846850426,0.125095
22-01-2026 10:15,25384.2,0.1166474999999999,0.1179685815298459,0.11020101914937347,0.10493669803826787,0.10680807797724595,0.11087424561385768,0.1151885212577094,0.12026081783529519,0.1264491577996651,0.1335975194233428,0.1414396935159618,0.14884310825414546,0.15628805557773565,0.1845519514906349,0.22851072853892226,0.24200089559986288,0.2329268189607064,0.22380093120870143,0.21339549604941022,0.20188923995844352,0.19037932426554888,0.18081902100411246,0.17105372374259892,0.16064616550845712,0.15106903028697033,0.1418622017383659,0.13431329852375276,0.1295865741853013
22-01-2026 10:20,25330.55,0.11583,0.11357427537839794,0.10604261897244407,0.10255349385070595,0.10548959242096696,0.11079584266835665,0.11644640605097131,0.12216406361424433,0.1280609380641743,0.1345888735170045,0.1426474667336844,0.1508654208224642,0.1583006620461844,0.1841625,0.2236125135437603,0.23432847019067088,0.22499895097949937,0.21624640592456867,0.2061819323573169,0.19553787441980777,0.1848774173450728,0.17506837304378028,0.16525421638179716,0.15534185937499997,0.14637618915488027,0.13925308084304477,0.13463893918133504,0.1311035048395454
22-01-2026 10:25,25335.0,0.116675,0.11259705236668918,0.10850161303419295,0.10722522929069411,0.10921293216737102,0.11262544430432786,0.11771775764357267,0.12459656860714115,0.1306442395695395,0.1368485632579477,0.1456917670780604,0.15468310196740576,0.16181807409236879,0.18473625,0.2188819515298682,0.22694084244388477,0.21752282078287422,0.20810888046514187,0.1972956735559213,0.18769347715989626,0.17860769320520248,0.1688235760840685,0.15892595312499988,0.149552890625,0.14121246570932566,0.13450909983081527,0.12923487431445024,0.123767287123187
22-01-2026 10:30,25273.25,0.1252468187318443,0.12044172038051341,0.11625613658722483,0.1135434140857764,0.11362923729931652,0.11503222696290905,0.1184457431567523,0.12553258848779186,0.1327212230330193,0.13950316778903507,0.1480747042675677,0.15680581646741898,0.1646819198586843,0.18674375,0.21835816326493407,0.22583738081176014,0.2159845318508583,0.2056027014484915,0.19444398486692674,0.18432342675421043,0.1751005821595853,0.16561549591813712,0.15587984374999989,0.14667721874999998,0.138444203125,0.1309933997585043,0.12381320207236078,0.1162929227214081
22-01-2026 10:35,25312.45,0.1280711374636887,0.12236570638602705,0.11703305442444957,0.1131125781715529,0.11292944742998447,0.11550061366389887,0.11970475563474595,0.12604224431636366,0.13305694193879555,0.14021409570907667,0.14821647936725676,0.15642729938497738,0.1648530859374999,0.1872674999999999,0.21901999999999996,0.2269983437499999,0.2166590156249999,0.20571317666009584,0.1945786249951672,0.18400006073264283,0.17444811355642165,0.16507090218545403,0.1555054817407074,0.14666613958785818,0.13878997795010142,0.131997964021835,0.1252970867533619,0.1166476325049304
22-01-2026 10:40,25290.35,0.1204368187318443,0.11692537658023662,0.11438738165663909,0.11274839197793311,0.11319095771401998,0.11679516888046829,0.12211738928641257,0.12767227272489706,0.13369665950428358,0.14064653518007877,0.14857300432317752,0.1590142717939392,0.17163467226324025,0.1936109182303498,0.2203708967145577,0.22593423574267296,0.21589839531376928,0.2051983403708203,0.19398062341435568,0.1833680007746026,0.17390119428686462,0.16460086314027073,0.15513420566891487,0.1465839041757164,0.13905404406380267,0.13351434769804443,0.12830537832282382,0.1188325662524652
22-01-2026 10:45,25288.95,0.1170475,0.1139926927175891,0.1141065644550001,0.11476865580396292,0.1155573547552391,0.11878913646834043,0.12377243481106714,0.12950914199175034,0.13566406806150727,0.1423977046419712,0.15044809230378467,0.16334296927775296,0.18003630245094232,0.20106808646069968,0.2218852609777649,0.22448314801892869,0.214968492551188,0.20482068798291703,0.19389050030395674,0.1828534644601981,0.17215608447373235,0.1627599111834893,0.1541317639394647,0.14607766327013347,0.13860542676036336,0.13356615118498233,0.12921758277564166,0.11931
22-01-2026 10:50,25270.45,0.11200999999999998,0.10898049496100883,0.11021367495175725,0.1123114951189558,0.11431309401986495,0.11798030669201638,0.12375609563504886,0.1308786919701496,0.13728038814587165,0.14376303126399395,0.15202069216429753,0.16287211536118837,0.17531111154966383,0.1962484182303498,0.22089658181185648,0.2247750170659268,0.21484355164884766,0.2049576574739365,0.19457976681910644,0.18375653301865963,0.1724797555150142,0.1627160414569825,0.1547113977007446,0.14795918428232538,0.14130708777088385,0.13608930964047694,0.1319262380227886,0.1236599999999999
22-01-2026 10:55,25267.3,0.1069175,0.1062880521931428,0.1076870352536715,0.11021620001964957,0.113452677255796,0.11786777895456288,0.12434949552020777,0.13193480760587759,0.13840044405756352,0.1450990179859148,0.15357553738091798,0.16224631306892795,0.1704819118782546,0.19123249999999997,0.2198197175486494,0.22530733773325978,0.2146488553367085,0.204635258039767,0.19462999208436466,0.18506036273770796,0.17538876902931022,0.1656017822117327,0.15693158678201594,0.1506909670551338,0.14487068398437936,0.13891900093855195,0.1342343197216132,0.1288825
22-01-2026 11:00,25234.85,0.1138675,0.11330330481698149,0.11355217179319706,0.11530901335719518,0.11810658734990127,0.12182761256422091,0.12740461490948424,0.1342240272533704,0.14076621451327384,0.1478908434539391,0.156478737922722,0.16480917346039095,0.17255529394605165,0.1919843749999999,0.218550625,0.22370781888108848,0.21336560405027954,0.2031636737539544,0.19319646153602552,0.18375985091365155,0.17432140360744358,0.16497701889601096,0.15651213022549032,0.14976562643730196,0.14353940967172496,0.1366623322544001,0.1308307063016175,0.12614
22-01-2026 11:05,25223.35,0.12101749999999999,0.119040314833739,0.1185032623325145,0.11990794285166645,0.12212224990257468,0.12534175229602926,0.13050180507207654,0.13658431142014235,0.14314003929800848,0.15073160473374198,0.15863337666820615,0.16594052654373603,0.17349588667681423,0.1919291016871454,0.2166975783742908,0.2220237423121454,0.2124458012710893,0.20210360332614538,0.19160203251561977,0.18154671179280535,0.1721407785465419,0.16282599076768287,0.15408692779613636,0.14716221795735823,0.14114958676313996,0.13464135371414276,0.1290168915210326,0.12473140840917499
22-01-2026 11:10,25234.6,0.1192175,0.1176296292790335,0.1172561940308502,0.11857107838976799,0.12102617271658378,0.1254267215628164,0.13129462706374986,0.13666265861223972,0.14396045901700122,0.1529485355898182,0.1596604703746816,0.1674114984286792,0.17840138326204333,0.1964966743367235,0.2174206457563614,0.2214170703511085,0.212458683466224,0.20239305084887818,0.1909537057362184,0.18022868332072092,0.17235753141017857,0.16374057733310524,0.15399652454518642,0.14695754394287097,0.1416916844980754,0.13630120912682125,0.13191824409845326,0.1286503168183499
22-01-2026 11:15,25230.3,0.12237749999999999,0.12018661144977599,0.11913647272070847,0.11921391379184779,0.12090242168458398,0.12594438542972877,0.13224081896205994,0.13736662086717466,0.14488098630966248,0.15422834314460612,0.1606852426666686,0.16984733042244707,0.18403222344638678,0.2018872936120107,0.2186356797808814,0.2198857402755669,0.2109621568227111,0.20131570107420818,0.1896771210100428,0.178675895830772,0.17095192292943986,0.16302813240687503,0.15367976876014489,0.14612158649543966,0.1401109405321013,0.13432924983704764,0.1294005732361481,0.125073908409175
22-01-2026 11:20,25224.65,0.1254075,0.1223747656249999,0.12079661621293841,0.12006478922258129,0.1208979043201833,0.12596222262495968,0.13297060076198483,0.1383268849678235,0.14385851630612978,0.15103875272606013,0.158081052491264,0.16669446596300463,0.1789426352111584,0.19764973067255398,0.2155244567939063,0.21678883944084676,0.20876320050385644,0.20035957321141518,0.19007546914767118,0.17980068020093598,0.1700900877764562,0.16005564413444548,0.1513695308700004,0.14479645063750393,0.13859047292431945,0.13206994778955594,0.12619377181984032,0.12101
22-01-2026 11:25,25274.25,0.1211975,0.11891404687499998,0.11798391104626277,0.11817257901353019,0.11971317430341893,0.12485029460622314,0.13222624084787002,0.1375028226297079,0.14158846046664514,0.14750714637543516,0.1549779622106996,0.16282849795117638,0.17326848887201943,0.1929950194202427,0.2131609403991601,0.21587196539869954,0.20876272054902906,0.20132626959095173,0.19204413626622588,0.18206969944124207,0.1710702485237959,0.1592339352915941,0.1508700459806011,0.1456735328168816,0.13997230714184347,0.13368775514477796,0.12823702653492003,0.123735
22-01-2026 11:30,25237.65,0.1201474999999999,0.11835444911731939,0.11785245282305179,0.118765257411465,0.12067077615339489,0.12474788562900453,0.13090327360527426,0.13646917470025233,0.1415588480261071,0.14804827379618601,0.15572494785889926,0.16372217475683815,0.1731915920922597,0.1927293847101213,0.2157009710040645,0.2195851631944567,0.2107328532624997,0.20113402048702547,0.19066623667891144,0.1810571391906799,0.17148075046684116,0.16119669919040433,0.15277517661373388,0.14632024145708636,0.14002437264062242,0.1339853984374999,0.12886740624999998,0.124485
22-01-2026 11:35,25252.75,0.1186233261250086,0.1167321021166722,0.11676368947774445,0.11838260857293009,0.12053627403503776,0.12399218700393318,0.129442439403472,0.1357915123939447,0.1421011616081812,0.14910113721341156,0.1572659253148174,0.16566667049000766,0.1739129787291178,0.1929243749999999,0.21819437499999997,0.22283932812499996,0.212494027901434,0.20037091236568993,0.18836750819088674,0.18011707114140013,0.172512463603229,0.1636430293054319,0.1548587993577658,0.14699361935658756,0.14078058060776577,0.13543671624197207,0.13068396093749998,0.1265399999999999
22-01-2026 11:40,25230.6,0.11931665225001728,0.1169534740688863,0.11699723923633319,0.1188895074114649,0.12156121063555189,0.12530636575710818,0.13050208899560328,0.1368436103366289,0.1436506514956032,0.1510006098580166,0.15952838714573572,0.16825523596464442,0.17744949372854998,0.1966369475406287,0.2189837995464948,0.2215583196425854,0.2114498073722967,0.19952990676150126,0.18764771113286066,0.1795758637214082,0.1719535173298444,0.16322280757855323,0.1544036239120268,0.14641433246317517,0.1407510505120475,0.13620928714271074,0.1319758461154858,0.12778
22-01-2026 11:45,25200.8,0.1241027246734519,0.12159333882257195,0.12102022726460443,0.12226409331858508,0.1250826451743236,0.12901242402397678,0.1333613795493237,0.13896317925608517,0.14586585095210808,0.15383997765248078,0.1628901628897982,0.17104608183367812,0.18063156563695737,0.1998863950812573,0.2189975990929897,0.21941361584767083,0.20952128102429377,0.1989100377740272,0.18813894445836996,0.1788370916012695,0.16962097165867224,0.1605998921173995,0.1524907851146243,0.1447827120808383,0.13831642773277122,0.13365090181382747,0.12961638812555684,0.1247075
22-01-2026 11:50,25218.4,0.1226912970968866,0.12111337925607714,0.12091477749092767,0.12230003819967039,0.1255742122236474,0.12993480898545362,0.1341255794111474,0.13955371788717058,0.14652558471671617,0.15503944177423368,0.16468082925886085,0.17231758304595385,0.18001856500473615,0.1978150725406286,0.2180787995464948,0.21948930522698581,0.20921592679755888,0.19945494278160267,0.18971357745770626,0.18000397522196615,0.17001646779729426,0.16063920302952722,0.1532156302992317,0.14602353701100126,0.13902768379990485,0.13380151169774088,0.12959363558449144,0.1259275
22-01-2026 11:55,25201.6,0.1244518985484433,0.12273957244053856,0.12239202528901666,0.12374970815986475,0.126607246369564,0.1305265975468788,0.13521659809426056,0.14120538166054003,0.14847069568211077,0.15666906012730974,0.16529590270157685,0.1731758419808173,0.18078855978308042,0.1967073184442992,0.21655795214560147,0.2185384472416016,0.2080177556499167,0.1984410233452911,0.18888770051663842,0.17907898535537992,0.1697126089009989,0.16083272786269912,0.15301600567636817,0.14574048334925063,0.13895321153585688,0.1328670259399821,0.1278371709417555,0.1252025
22-01-2026 12:00,25184.35,0.13151,0.12828889843750002,0.12671601887662315,0.1273561694440841,0.12932425108251108,0.13213811146599405,0.1366330893596549,0.14304359177986137,0.15065167201268148,0.1581562672229076,0.16570468060015753,0.1740245458171712,0.1823868058806248,0.1974108868885985,0.21564902929120297,0.21749576585500188,0.2073443879231983,0.1973086350621006,0.18684382297722965,0.17639446903913641,0.16765105977851838,0.15934388385270024,0.1508174062499999,0.14297253124999998,0.1358756027519416,0.12923740765533,0.12358484299233512,0.1194775
22-01-2026 12:05,25218.75,0.131915,0.12820909770369507,0.12641264754319442,0.1269829784231531,0.12883000562563962,0.13155980231299996,0.13577964763758119,0.14186390743520708,0.14933935801217715,0.1564905285792659,0.16401572394121655,0.17236606334545432,0.18022165520114095,0.19607856844429916,0.2161154521456015,0.21843975416421088,0.20811335498613262,0.19784939707983995,0.18704115428881288,0.17642572456331415,0.16765456413605268,0.15923193845396558,0.1505030294366636,0.14243847126639578,0.1351007890625,0.128478625,0.12274148437499999,0.11766749999999998
22-01-2026 12:10,25226.35,0.129605,0.12618395321989015,0.12475443306823117,0.12536515006667218,0.1269833580972073,0.13009644088212546,0.13467231543844518,0.1401148405940686,0.14696244922738344,0.15434335457686707,0.1618734945074578,0.17086377975568395,0.18090346651525582,0.1977456255856683,0.2169480150715525,0.21843080923309302,0.20778076212935112,0.19765419585118374,0.18741907973276103,0.17723165798331672,0.16802881749676,0.1591662629828999,0.15035482470667338,0.14224180952758342,0.13496953124999989,0.1283645,0.122617078125,0.11772499999999998
22-01-2026 12:15,25221.55,0.12446249999999999,0.12216562895369498,0.12130274598310689,0.12202610905882352,0.12384920548383832,0.12718592931992606,0.13263769006806783,0.13935671227476654,0.14584608630578982,0.15231339421645074,0.1595947799732218,0.16965879169619674,0.18411384607018152,0.2037197186962189,0.2201415139055463,0.21969949336398598,0.20928655762178422,0.19898290467869728,0.18884674480457747,0.17895383806847934,0.1696601548533559,0.160714742944753,0.1518248750494215,0.14296847410897104,0.13469392721025167,0.12856144900103328,0.1243068564279499,0.12023999999999989
22-01-2026 12:20,25272.95,0.119305,0.11722151006863916,0.11716359425273018,0.11851420791644036,0.12076161718749989,0.12420306499041694,0.1302651075924716,0.13842635053557723,0.1448086996697467,0.15007721022098336,0.15713561480852745,0.1663824279972311,0.18087551586625253,0.2038119356354329,0.2224649485694078,0.22197944637845532,0.2118057506070884,0.20144099482257866,0.19108424864695345,0.18125722394906474,0.17195417234605576,0.16298420833503177,0.1539958929626933,0.14408264973435325,0.13474619851106964,0.12963592755421283,0.1271485235217651,0.1238375
22-01-2026 12:25,25240.05,0.1253075,0.12066531701227853,0.11965647756796038,0.12051950031509512,0.12260736261294491,0.1264298554807442,0.13144802568601047,0.13744434996576904,0.1433487982733529,0.14952228441688867,0.15702778010416377,0.16547756439049188,0.17625395641265235,0.1969604789933436,0.2190442907083871,0.22105318101527377,0.2109180600050866,0.2005670345055813,0.19006136539731183,0.17947652552676552,0.16896819919209613,0.16015372533172284,0.15186191684502226,0.14228485046932238,0.13379542789138432,0.12863009880898515,0.1249807435847513,0.121349025171008
22-01-2026 12:30,25251.1,0.12706,0.12245620538113924,0.1205922739402301,0.12069281438086911,0.12296645178838993,0.1274426225335716,0.13166721721704933,0.13575409665608457,0.1417176386243498,0.14924985764604173,0.15721564828513934,0.165966969590899,0.17484706145250845,0.1924601893358066,0.2157982987707407,0.22029485544550548,0.21039493119561137,0.19983982911185724,0.18926495219200823,0.17744706799436882,0.165447818859848,0.15750408774333302,0.1508886243205298,0.14277858438192687,0.1354369144030663,0.12933430470946494,0.12419771731600687,0.1204930503420161
22-01-2026 12:35,25259.05,0.1201925,0.11802749999999988,0.11705146875,0.11759358448221435,0.12001572198794491,0.12414106517303575,0.12872165548352466,0.1338568851750984,0.1409555339166385,0.14934006763119978,0.15754650685574142,0.1658964394741507,0.17420901085685475,0.191704344266229,0.2153884155955354,0.2205685639147547,0.21067357574016346,0.19982031293167696,0.1895768385835576,0.17820427303002015,0.1667207130692461,0.15893015774819005,0.15226532751805358,0.14473518529917423,0.13780170312499998,0.1315581922661594,0.1263678752000707,0.122409025171008
22-01-2026 12:40,25236.55,0.1176631700280688,0.11633409356969263,0.1158641661563376,0.11672721859731641,0.11935896966324162,0.12349934642274335,0.12813988495536957,0.13494179967822445,0.14458462314212472,0.15370087148594075,0.16128604030923638,0.1682569332766389,0.1752117482688059,0.192498891392135,0.21603608279776768,0.22042594894535794,0.20973118861042625,0.19855315015543187,0.18857582463970468,0.17861951097513093,0.16853135095128458,0.15979203709618192,0.15146307057378278,0.14346462166041277,0.1365220718411477,0.1303740408504309,0.1253799331266294,0.12102499999999998
22-01-2026 12:45,25253.05,0.1139188400561377,0.11330181995188525,0.11335202762517534,0.11461817938213284,0.11792382213898331,0.12292102895815205,0.12804404954895715,0.13617205290314616,0.1475440726296199,0.15727110662209182,0.16508698697768973,0.17117128402159767,0.17629891351209756,0.19301544998650239,0.216929375,0.220990301429487,0.21000311417369547,0.1982148770215855,0.18691402010215125,0.1775230777964747,0.16892602858128236,0.1600734067571324,0.15105355086653657,0.14275799052117089,0.13539708377241907,0.12897769404291828,0.1247090875933824,0.1211375
22-01-2026 12:50,25254.0,0.11082317002806878,0.11069753888219253,0.11140608803133761,0.11334957797231641,0.1167556259132416,0.12156004989807381,0.12750170985680548,0.13548919267303508,0.14475407468104978,0.15431470423971222,0.16393802918504202,0.17116269361332598,0.17692291335734855,0.1935574922456191,0.2164375,0.21991736718749988,0.20918414806695093,0.19697924451273913,0.18444868457863947,0.17505110324113193,0.1674345135548243,0.15923414895634586,0.15083319930679523,0.1430500379361034,0.1357274754588948,0.1293747687962377,0.12567615889076542,0.12313604374200568
22-01-2026 12:55,25215.15,0.115075,0.1142533984375,0.11454421874999988,0.11631697101529212,0.1194955405983708,0.12385535027882255,0.1293658514865887,0.13612270904350532,0.1437524088240686,0.15251638906538226,0.1618139849775991,0.17039232378882602,0.1787494054454257,0.1951626595047357,0.215050625,0.2165836111090517,0.20544475714572763,0.19429487789667124,0.18316605994186202,0.17325469646489677,0.1644119549543404,0.15613067826999097,0.1483546483176301,0.14105087894107457,0.1342220887234662,0.12824465265067075,0.12421732676624406,0.12154958748401148
22-01-2026 13:00,25215.7,0.11844999999999999,0.11754382576423553,0.11708329050354496,0.11829358302441706,0.12165692908926201,0.12620803574475045,0.13099520015952548,0.1371219398069541,0.14493419533431348,0.15324432094151935,0.1616625674249681,0.17048491539717173,0.17984790325881952,0.1958656770838111,0.2138768196628866,0.21436446615071006,0.20278721506545952,0.19232306488940112,0.18278679673499257,0.17263442354999817,0.16253198701301144,0.15393406601133489,0.1462485646923292,0.13895889629395855,0.13237644261271655,0.12648187038964992,0.12192510280248578,0.1186435437420057
22-01-2026 13:05,25210.35,0.11607,0.11695215858627578,0.11650781501015905,0.11768076204080154,0.1210072078003665,0.12549756476655316,0.13063267284717042,0.13737659113697023,0.14550762338312845,0.153527592733546,0.16197448026073175,0.17089232896524023,0.18134973840250537,0.1984300791013252,0.2148712065449926,0.21470103731450507,0.20351029390163808,0.19197411848719548,0.1818757692241962,0.17237574368294414,0.16271014842711248,0.1540758940700693,0.14632850492587585,0.1390712333032292,0.13265521276290515,0.12687259383773203,0.12224728728716579,0.1190199999999999
22-01-2026 13:10,25206.6,0.1128434382257121,0.11688475217518364,0.11738923342928037,0.1184856680808694,0.12107042727384487,0.12495953328733367,0.13051441084688942,0.13801933197365815,0.146561981141257,0.15435707609209207,0.16260944489646365,0.17168468918048047,0.1833150520613316,0.2014543037083205,0.2164700791013253,0.21512027686308696,0.20439091786164085,0.19207485651365444,0.1805725363203041,0.17164776434300677,0.16289560361095548,0.15361032621228357,0.1451626771812823,0.1381390882403861,0.1318945373653636,0.12600134264263066,0.12112792088941153,0.1173625
22-01-2026 13:15,25186.75,0.11069928089837319,0.11766185575415672,0.11939542239767813,0.12011669664878985,0.12222323336580213,0.12581911801436668,0.13124740079851555,0.1384142399378668,0.14693255597879462,0.15533204632873673,0.163401280043898,0.17203420273206108,0.18244798128171932,0.1992045094384386,0.2146595278764979,0.21366198251336538,0.2033330117199732,0.19169732046128438,0.17994123978074766,0.17071997564056837,0.1619753946058863,0.15205891775138722,0.14295008600825396,0.13607359273878097,0.129156945024112,0.12225305168722965,0.11741893592195829,0.1131725
22-01-2026 13:20,25195.0,0.1103432471196099,0.1161101636316879,0.11801336609292634,0.11905388725034488,0.12151331302250273,0.12552370287032763,0.1311318537444183,0.13796116371385522,0.14693017111522907,0.15652418308519966,0.1644967303397315,0.17262857246892283,0.1815445236165547,0.1968343749999999,0.2131626713145572,0.21302808834625048,0.2031078672452917,0.19258345003769195,0.1815530039310511,0.17167612758376,0.16238445363983037,0.15301785606438398,0.1443801149743603,0.13722468997360285,0.12874056386616844,0.12070527756193865,0.11772630568836567,0.1156829801210043
22-01-2026 13:25,25194.95,0.12022740444694878,0.12008792254317459,0.11975328543041461,0.12050936490074785,0.12278908679227903,0.12673226387384637,0.13227345449018124,0.13887665725597817,0.1477342250925376,0.1573569481066387,0.1656680691424643,0.1741541173873833,0.18276055564591476,0.1971950480244206,0.21297830670611986,0.21255089077393807,0.20195709476061705,0.19187304158923188,0.18184760984848372,0.17185950412861226,0.16227910797204037,0.1532753687015322,0.14486133152088504,0.13711609245564585,0.12801521089687107,0.11976584044240235,0.11824587661645325,0.12022423294677659
22-01-2026 13:30,25171.75,0.12664,0.12578263639187487,0.1234769146232628,0.1231685073362072,0.1250282670339079,0.12851039737538172,0.13308324465130916,0.1398044624793611,0.14910211798145018,0.15737558073852856,0.16465347038477027,0.17351799836767914,0.18285721939289826,0.19612856203755769,0.2102529167153944,0.21007281934967834,0.19996853138408532,0.19051246846893194,0.18121097095587352,0.17076720271970539,0.16044010294827082,0.15137427700753614,0.14233513487330093,0.13426557048067977,0.12732370528433354,0.12065774721513993,0.11817984548064257,0.12099452553054009
22-01-2026 13:35,25225.85,0.11909,0.12244678928566154,0.120179158549975,0.12001068712130085,0.12265254556575383,0.12663116840487537,0.1310721214484869,0.13882017168617736,0.1495848062260411,0.15675371549227224,0.16243089280231948,0.1712562551415463,0.18125146257386018,0.1945513550018535,0.208737420284265,0.20955613232886003,0.2007586874119743,0.1910875630081661,0.18041103933848468,0.16911749434502596,0.15899682230048298,0.15117379485564592,0.14243889824466438,0.13465388744071474,0.12997292286571643,0.12504877419327365,0.1211549059075778,0.1207456509952145
22-01-2026 13:40,25195.9,0.1206976596545194,0.12160892124466895,0.118947042479082,0.11907152410897992,0.12197862880267615,0.12640329865225508,0.13177390916475493,0.13938507506136302,0.14916309024986563,0.15652749432245183,0.16281811101499274,0.17123554443607875,0.18071003550785603,0.1951590909887164,0.2107077246177118,0.21092682582443634,0.20087713739754634,0.1897703201836003,0.1775153636403794,0.1661469860755277,0.15700646008041017,0.15029413314678086,0.14271481832360614,0.13492434401894227,0.12915568795691917,0.12352676579102621,0.11852432986646207,0.1153472565808932
22-01-2026 13:45,25188.3,0.1279624045857739,0.1251826639270163,0.12259893056777994,0.12238339119888625,0.12433024351723149,0.12829677117554247,0.13385898192903828,0.14022326774213364,0.1480805208689316,0.156222414552431,0.1638105987408407,0.1718846913471481,0.1808118741092976,0.1956552481190977,0.2115554962381955,0.2115602268635396,0.20079005349280765,0.18945694293835014,0.17795787353387993,0.16694731841423788,0.15711320800475273,0.14922547281557558,0.1413693163069421,0.13303217476596943,0.12554751252755408,0.11860293295532699,0.11245632508948097,0.1073823782904465
22-01-2026 13:50,25206.65,0.1252443302079895,0.12328405202775751,0.1222152048836404,0.12209930345167493,0.12321041877934348,0.12650104623946795,0.13223600759485565,0.139275742108452,0.1464736205448256,0.15391713287955058,0.16198800061343552,0.17080657907839505,0.18005980569996946,0.195018039713835,0.2118266174763909,0.21320669936319547,0.20302073276547733,0.1920166171875,0.18132725062459543,0.17081121962051274,0.1598100488572869,0.1493214029500208,0.14052379315303057,0.1325121203524745,0.12482918825957817,0.11804977005814739,0.11191525552416423,0.1060525
22-01-2026 13:55,25236.1,0.11820208527673498,0.11671899892614147,0.11720642495691322,0.11834063558258273,0.11936861238472526,0.12224611353235226,0.12857653305187117,0.1370864692613429,0.14437341302888784,0.15097075350233558,0.1591862461584489,0.16881889712062548,0.17922507167252674,0.19519271297858087,0.212384125064424,0.2140903650039438,0.20439335960813693,0.1935227029735122,0.18251607659957178,0.1720911946914562,0.16092600819195563,0.1492824759652189,0.14054635068187002,0.13346394382994908,0.12618074408803018,0.12009259406370039,0.11483822717401813,0.1099875
22-01-2026 14:00,25232.35,0.1117444258401758,0.1107604000961205,0.11195532353137608,0.11436711862264057,0.11638427537174979,0.11960992482267907,0.12569878207877275,0.13383956666192143,0.14183018693492394,0.14980373411154155,0.15872879623805525,0.16822296946946005,0.1790814954016392,0.1952207085520486,0.2110350417088606,0.21213182255877674,0.2029002284219068,0.19185091903247148,0.18005717418237027,0.16990148426135077,0.1604166224744378,0.15030523030424386,0.1416926675284349,0.13445947972747452,0.1276495718348258,0.1217780263904585,0.11685869558804343,0.1129125
22-01-2026 14:05,25228.35,0.10643635168035159,0.1069910354931477,0.10840124308594364,0.11105586461673277,0.114353133098758,0.1187142665419894,0.12514795144338572,0.13316983720351383,0.1413342248324544,0.15024319313529544,0.1598946211149909,0.1692435846147149,0.1793526404397042,0.19473107142820587,0.2101725031646956,0.21055916019619367,0.20087548491740304,0.1893106814646647,0.17700355312765229,0.16811876311474946,0.16054540617565075,0.15171218682984217,0.1431925078124999,0.135714640625,0.1293049613188738,0.12374639611561773,0.11914414110659362,0.1153694938279184
22-01-2026 14:10,25212.7,0.1082944258401757,0.108505173184045,0.10948777164325053,0.11173587499999998,0.11525485156249989,0.12012235484197487,0.12720691860798872,0.13570776034452778,0.14357849668471875,0.15195097598037888,0.16142890821374536,0.1708435609908984,0.18088215699192317,0.1960418296843818,0.2103966833896152,0.2096291846142708,0.1998522284220926,0.18849604272596387,0.17673968698148076,0.16813352738442292,0.1601102722508216,0.1509937358236137,0.14252100305840681,0.13533722662767428,0.129293696641409,0.12444655901328969,0.12089061215728497,0.1175123850380793
22-01-2026 14:15,25178.75,0.1163375,0.1147325353346518,0.11463107779375,0.11582751230930059,0.11933591264617072,0.12524221250033454,0.13188284876522724,0.13878120414713663,0.14656776202423283,0.1556213646570345,0.1645126582936398,0.1728452137656487,0.1829128371556808,0.19648047022373627,0.20651653380534007,0.20451530075839075,0.19585331636747766,0.18610115595129478,0.1761995879967261,0.16655042126461644,0.15675299445465352,0.14752468622567788,0.13906067514222412,0.13172965327971947,0.1252498796074777,0.12013582037252066,0.11730009194651758,0.1144737885924034
22-01-2026 14:20,25194.65,0.1230475,0.11973042223180369,0.11835898371249999,0.11828471993110128,0.12170508310484156,0.12857282015869423,0.13465373985996576,0.1398789760747455,0.1475101523154769,0.15736846040959415,0.16578350408727976,0.17291998259317398,0.183048213282249,0.1961254720083293,0.2037816784306845,0.2007354358353988,0.1925100122175062,0.18327799134244233,0.1735677140437713,0.1634633649172898,0.1533957099430354,0.1440186130524556,0.13497131858361414,0.12733833779433834,0.1204361966662462,0.11405567437240179,0.10989261765729628,0.1059483973822424
22-01-2026 14:25,25206.4,0.1318225,0.1257338634596519,0.12194867205003765,0.12056237481906841,0.1223673859924907,0.1267286858513148,0.13187387695846958,0.13773637076058567,0.14498085729581858,0.15358573293777308,0.16193084579363984,0.16969977798572794,0.1813856932051673,0.1983713458881467,0.2093589410894819,0.20637863875952278,0.1967748497648132,0.18532695867837343,0.17290161402255422,0.16240090366296595,0.1535037244474251,0.14347663738767272,0.1329787099116834,0.12485211444771567,0.11793698638819512,0.11070666283933912,0.1042282988246597,0.09798749999999999
22-01-2026 14:30,25236.6,0.13743999999999998,0.12945512464518444,0.12381180856483091,0.12139757520867783,0.12167978549489544,0.1235361449391198,0.12767502968197342,0.134085437321426,0.1408870154011604,0.1482182242159519,0.15649066406249998,0.16486752983855207,0.17651845777612346,0.1961910545243462,0.2132930727961719,0.21276313328490687,0.2018776631161387,0.18992261219392054,0.17722544295063272,0.16601344897527737,0.1567871152955071,0.14663548488231815,0.13601741069112552,0.12687597783204815,0.11888456937029096,0.11137930402100615,0.10404796446673906,0.096755
22-01-2026 14:35,25267.55,0.13259564232763826,0.12501534204730502,0.11972163608658085,0.11728923323603123,0.11734280815830579,0.11931881412483657,0.12347015155973676,0.1296683626770329,0.1368578961936735,0.14454117528027277,0.15232890411809327,0.16017091826619062,0.1710878992112841,0.1919406177094824,0.2135038529499938,0.21542010737950024,0.2044246377722815,0.1934030533798087,0.18241231252069268,0.1714100171449225,0.16108125561530878,0.1509053525115976,0.14100600705847813,0.13139425999075138,0.12262874023954651,0.11530126780325141,0.10838624924597813,0.10133
22-01-2026 14:40,25289.0,0.1265137846552765,0.11960835703405663,0.1150059813163197,0.11285619869759991,0.11299649696720507,0.11540517152018434,0.1197789843749999,0.12592546112848296,0.1339388746536389,0.14235822548781193,0.1495208746536389,0.15673740427613472,0.1681331433134443,0.19051559872861798,0.2137417170208154,0.21661009729586106,0.2059554541676383,0.1947830918563717,0.18399785114820452,0.1733422265625,0.1626702421874999,0.15226956249999987,0.14257568321673905,0.1333941417141257,0.12511978418227324,0.11801979015162568,0.11133415196673907,0.10458749999999999
22-01-2026 14:45,25289.65,0.1222806423276382,0.1167715264145181,0.11349473254871864,0.11183793161748698,0.1116373810186751,0.11347807125709525,0.11748156713306795,0.12351250192675611,0.1315765853987256,0.14034757071069262,0.14792355075296107,0.15508000931504118,0.16495549510244972,0.186560611864309,0.2119827335104077,0.21617243868927696,0.205344833157666,0.1940113969070323,0.18289348277027845,0.17131449644857158,0.15941182583812047,0.14931797889336498,0.14085756823288986,0.1324893889208267,0.12466964062499998,0.11766306249999998,0.11110267187499999,0.1047075
22-01-2026 14:50,25294.65,0.11917249999999999,0.1150583438776639,0.1130492288333732,0.11183682722651636,0.11112638512240061,0.1121347831391906,0.11565507176613603,0.12157688013100933,0.1294437495597101,0.13836746826590923,0.14667085214318104,0.15411543478666118,0.16415624684263153,0.1863754092773526,0.2117861421386762,0.21546421273024954,0.20450849370350688,0.1929228096458104,0.18110954518131395,0.16836956909214487,0.15568276580978613,0.14628427991652435,0.1390339724032796,0.1312667309666534,0.12368718981898336,0.11696993551867628,0.11078184064290222,0.1047149999999999
22-01-2026 14:55,25290.85,0.1181825,0.11387094928258196,0.11117912229514594,0.11001191498375908,0.11004535142028338,0.11132328747134614,0.11470363360527734,0.12061340625783246,0.1285857209473327,0.13736342377075428,0.14552997133794593,0.15366929306722926,0.16595506378326608,0.18928424646492598,0.2121960342773526,0.2141347785534668,0.2032735156249999,0.19143896841561325,0.17873377937832355,0.16604645142798594,0.15529050051437826,0.14606320210896256,0.13748182341598356,0.12991456949114083,0.1226361973790501,0.11588568962448467,0.11043450072470047,0.105025
22-01-2026 15:00,25269.5,0.1212225,0.11299945958512932,0.10931390371371902,0.10929584721189076,0.11031780843705632,0.1119997142119643,0.1154120142987432,0.12122056641016617,0.1289138831258025,0.1371516803062725,0.145291140698558,0.15405630369484113,0.16501026832154805,0.185967890097794,0.20961301713867628,0.21287796740173334,0.2019335156249999,0.1899483063793437,0.1770493072225056,0.16488550168632363,0.1551835147643802,0.1452872144168121,0.1352728541161875,0.12776750176562818,0.12055959873864994,0.11339827581794039,0.10823500295819423,0.103215
22-01-2026 15:05,25256.3,0.1284025,0.11575413010775865,0.11099685673414986,0.11117060771072171,0.11153383702206957,0.1127613651483689,0.11593896852919836,0.1213289490931257,0.1287675758875635,0.1367467535888756,0.14443566561144133,0.1524012988783465,0.16117159857723762,0.1807528292743609,0.20676317772828037,0.2120609159301609,0.2011647643966435,0.18917405328311604,0.17690710173467,0.1656832984004816,0.15537018717711837,0.14482433676850884,0.1349875598705937,0.12689889150781414,0.1193938489910833,0.11218478870265296,0.10598518922410632,0.0996829369666748
22-01-2026 15:10,25297.3,0.13065,0.11975623291087581,0.11357193381557949,0.11135799946852125,0.11056208863771198,0.11148672068673758,0.11462325658362352,0.11952563591153001,0.12661746758108527,0.13501764019270573,0.14284161047715196,0.1499362116753458,0.15787978258438967,0.17765715519716188,0.20490743539432377,0.21139794995420327,0.20078594544558043,0.1886420160937723,0.17669419687919383,0.1666258385242308,0.15655804737395787,0.145668435767399,0.1358089034140504,0.12716059982989888,0.11948557390412373,0.11240508866854171,0.10543020832042074,0.0979683739333497
22-01-2026 15:15,25297.45,0.1299542034268913,0.12279384252963396,0.1159912883707478,0.11168783514368588,0.10997716816202537,0.11065927795497126,0.11374907460107833,0.11817052610618266,0.12424784812447966,0.1325465430562846,0.1415442109390793,0.14967414411859775,0.15783578060475922,0.1773716430991867,0.20491283760380638,0.2122030427429239,0.20190369926373028,0.1893433994937704,0.17704280006281842,0.16684001774024967,0.15661665369406297,0.145460230909798,0.13515298277254081,0.1256950642774786,0.11727562671722916,0.11047892067070145,0.10392348322965006,0.0965129369666748
22-01-2026 15:20,25308.25,0.12470082233123019,0.12166911911498685,0.11683744772636953,0.11248099464782074,0.11021861728761233,0.11020786145708696,0.11312402327756522,0.11843401075810527,0.12419674601517683,0.13073763011202438,0.13921676460657806,0.1496788830695722,0.16011323118901413,0.179641127244572,0.20697631845318817,0.2139376514140941,0.2032659650180147,0.19088246952362736,0.17839646497184575,0.1670706195425767,0.15617793024858748,0.1451048632826757,0.13477734211453535,0.12455607258849316,0.11506379040869251,0.10852057481497769,0.10337836000584968,0.0986030194808595
22-01-2026 15:25,25314.1,0.1171090343817863,0.11695459515325955,0.1149331028325391,0.11216199276049733,0.11070649737453116,0.11098224341059712,0.11454154768269714,0.122792396367148,0.1312996484635936,0.13663483070577634,0.14283070630589662,0.153689560276802,0.16685980234587278,0.18850877516342357,0.21447227003279687,0.21928028529093338,0.20656710207492204,0.19181277118622186,0.17892171801086545,0.16878365041276397,0.1594375306858255,0.14920710536567833,0.13913694331765036,0.12966252353914653,0.12068337909469228,0.1140005401519136,0.1099309109283802,0.108431038961719
23-01-2026 09:15,25292.15,0.1265749154774474,0.1227775670363517,0.11870760081430863,0.11538066023320112,0.11466788277815927,0.11575523441659087,0.1192003854430562,0.1283372236358153,0.13981482207341822,0.14651839296884442,0.15194015076077474,0.16173105767120793,0.1758338837061954,0.2001578130728115,0.2253825430071292,0.22836282244715542,0.21392167597799083,0.19631443973892768,0.18303129879270116,0.17464393967173883,0.16653644623277242,0.15656383026569903,0.14613173812666994,0.13686400133573287,0.12857089149910528,0.1215991737046165,0.11640551592947017,0.11297051948085948
23-01-2026 09:20,25265.75,0.140015,0.13163390081668158,0.12373220595953528,0.1181431571607072,0.11677441689703529,0.1175150726916816,0.11990220981780501,0.12662714249477927,0.1373181111139296,0.14674145215312723,0.153917600952966,0.1635834883816324,0.17630035995100493,0.199899972631076,0.2284134939505328,0.23433679647634334,0.22173812521893205,0.20663750171784123,0.19366142463243177,0.18308541710463463,0.1724145158626941,0.1609477029329699,0.1494645213801293,0.13908271875,0.1301125859375,0.12239634996870825,0.11553697087157845,0.10904698998664789
23-01-2026 09:25,25330.85,0.1314160535060055,0.12335654742090389,0.11674332509141086,0.11251531524092917,0.11119166554920461,0.11178984777249006,0.1144365156249999,0.12010675626157002,0.12992096444088477,0.1413538126269205,0.15048415486474373,0.16029032995781203,0.17131327467660504,0.1947247036026605,0.227591882521923,0.23653615253929525,0.2264140108589852,0.2149557505234424,0.2025915600452083,0.18871498725272381,0.17374451194491106,0.16087631940798636,0.1501545598276209,0.1406360999699635,0.13241000532388475,0.12492147647379,0.118149863618157,0.11198147997329579
23-01-2026 09:30,25330.3,0.119712107012011,0.11289797851278838,0.10854516417376163,0.10639546143427717,0.10592572790184909,0.1071646182784606,0.1107230078124999,0.11722094428524707,0.12716251512796647,0.13855655962838695,0.14900908888623055,0.15948457669039326,0.1698885794555352,0.1947366318593794,0.2282923888476611,0.23544997337146809,0.2258885453892612,0.2161649822558937,0.20427785144953964,0.18909704316030757,0.17177783604567057,0.15897416840833264,0.1500183642634277,0.14211856712742704,0.13531651064776948,0.12866125460395517,0.12240477555907844,0.11668198998664789
23-01-2026 09:35,25299.45,0.11856605350600549,0.11281783290798794,0.10946648098524497,0.10713873293967607,0.10597274544446955,0.10707404601707071,0.1109535351746197,0.11844482909100078,0.1287236579288495,0.1391297811690437,0.1494599313565751,0.16031848202857538,0.1709611630305196,0.19616874999999998,0.2291742164848437,0.23527939286125868,0.22504978120182337,0.21499939144725266,0.20304248452114818,0.18904647924046122,0.17389671115975494,0.16177989733322368,0.1519627998641864,0.14296937340746352,0.13522566938638475,0.12817313591137344,0.12181667968749989,0.11579499999999998
23-01-2026 09:40,25299.95,0.12094999999999999,0.11603139605876628,0.1132962873055299,0.11044255032652062,0.10801097905839148,0.10846492469875957,0.11236664847423941,0.12051965095435674,0.13131957358361815,0.1412418659038273,0.15097519593364517,0.16174728808940964,0.17267227391218185,0.197287749449206,0.2301039071481279,0.23705341365802965,0.22555579291136693,0.2135980660186354,0.20123770781578773,0.18879589421847906,0.17633041617765166,0.16443548999519078,0.15308229660733266,0.1426172914243804,0.1337307212923084,0.12641027487801515,0.11974464848153843,0.11321749999999998
23-01-2026 09:45,25269.0,0.1262525959340001,0.11892558728970688,0.11339996983446725,0.109772858975053,0.10870169698681384,0.11070549445671667,0.11453077091495861,0.12118738514938399,0.13113469954793386,0.14158876790140174,0.15198809225449544,0.16291855324489507,0.1737253290743637,0.19758987389841187,0.22917773155211268,0.23562233843392688,0.22406541226878898,0.21127512007343993,0.1981975391860274,0.18596261658705518,0.17388207646213902,0.16250392548306533,0.15095966559340493,0.1397503582413592,0.131355461375173,0.12480811444403729,0.11794661727557698,0.11103499999999998
23-01-2026 09:50,25300.7,0.1262224065192476,0.1169752768034902,0.10938616843603906,0.10566324739741191,0.10676623498104289,0.11097252076695013,0.1147389777071351,0.1198316010544398,0.12897244983807168,0.1399447291163561,0.15121189588792575,0.16236456170503613,0.17292097896560554,0.19658101588407048,0.22789745762456148,0.23443296697866062,0.22361322347112678,0.2104051793818429,0.19635896103846961,0.18440290405404586,0.17253853540065914,0.16168487442617308,0.15034724620231196,0.1387113373264653,0.13081087178227194,0.12482760204818819,0.11839908894808147,0.1119575
23-01-2026 09:55,25284.3,0.12169702523649469,0.11350948965831828,0.10741557897419723,0.10445580120803011,0.10514034167395749,0.1084316249641539,0.11340565797462714,0.12142273569936357,0.1310956058009085,0.14053098258197605,0.15109157133075093,0.16231263068297844,0.17253312575397659,0.195795282869729,0.2278600633919756,0.23550044698345085,0.22448203189573188,0.21088183312059225,0.19684323419999938,0.18515355177252238,0.17343672182288905,0.16180925506123278,0.15017827221411667,0.13877139910237085,0.13053786747189586,0.12422491483946445,0.11779986530808587,0.1114675
23-01-2026 10:00,25294.9,0.1151072146512472,0.10916757531688208,0.10502014754578505,0.10293200896454938,0.1029534359139573,0.10507466198872589,0.11177484922670439,0.12320766083842992,0.13361866366231298,0.14207143232095967,0.15191898488072517,0.1625732195702794,0.17247796919527858,0.19561790110299426,0.2280714272059885,0.2363181739823791,0.22462631760007656,0.2110407562825723,0.19825970324681375,0.1866596564066426,0.17456821005868473,0.1620411427937998,0.1497504432505844,0.13862022676590202,0.1302899249691386,0.12374553326243752,0.11710990067863043,0.11071249999999988
23-01-2026 10:05,25293.15,0.1090925,0.10411463556365312,0.1014498063381672,0.10039207570422709,0.1007607265625,0.10320307591995506,0.10956873009387344,0.11989944312444023,0.13055185357752372,0.1409448786227655,0.1520972095361491,0.16253792179697793,0.17245735006635637,0.1954398922589976,0.2272360345179953,0.23538428289312888,0.22331671704616074,0.21003627788599058,0.198441771834355,0.18670913838006278,0.17399340669017674,0.1613642060467777,0.1492458239099321,0.13864063629505374,0.13020594156626666,0.12351998601985122,0.11738910215102129,0.11139
23-01-2026 10:10,25285.05,0.10608499999999998,0.10128712268980626,0.09970574548883439,0.09948824186617473,0.10054185380514478,0.1037148350502099,0.10986441628561819,0.11961953785520212,0.13009569567830054,0.1404844193703419,0.1518675092554227,0.16318811370555217,0.1739702945462559,0.1963808057670699,0.22702676102721217,0.23435654626871388,0.22224069892739007,0.2097111640685375,0.19810066980383345,0.1857217237469709,0.17276806741079018,0.16058380463554128,0.14887557505662974,0.1384190726005028,0.13019747238502533,0.1236101928082529,0.11777082366578019,0.1121025
23-01-2026 10:15,25283.3,0.10486,0.10118990900115302,0.0996064157131671,0.09932784899582932,0.10156076328761639,0.10624911385139887,0.11283613500529671,0.12284056620260558,0.1333108269313827,0.14268922062714073,0.1529542310533048,0.164584329131962,0.17778990928412763,0.20166283567248827,0.2296024269668876,0.23419726381211725,0.2221275264153731,0.2098030167503614,0.19754186894527057,0.18503622543379297,0.1724467401063011,0.16045418011525311,0.1485979033273947,0.13789308146941875,0.13013184774421352,0.12376533255186963,0.1177768067268463,0.112275
23-01-2026 10:20,25261.25,0.11316999999999999,0.108040390680307,0.10415694307798143,0.10256567370284977,0.10442161086361441,0.10898141786466796,0.11446196763658535,0.12289646402982768,0.13401442023535107,0.14460705306474375,0.15462803392524913,0.16551958562853242,0.17999449640977705,0.2052703180481941,0.2305411988609932,0.23299346346212058,0.22103279741636359,0.2084245390624999,0.19591800813730917,0.18320666660973509,0.1703347144809765,0.15797599560803,0.14606535282379693,0.13567223269341805,0.12745475182742938,0.12016584852795086,0.11374712590901609,0.10832067427908748
23-01-2026 10:25,25266.4,0.12161,0.11435537511061408,0.10832489396846286,0.10542801436177521,0.10540395645995927,0.10771064687597898,0.11224732821225336,0.12048333399764717,0.13182345679527693,0.14273561010857946,0.1531064549720265,0.16382654893753418,0.1760413150166383,0.2000324488609932,0.2283219793577528,0.23342128190893874,0.221104271347752,0.20793264822654917,0.19595756013132215,0.1828167526430381,0.16883341838138308,0.1560802107534538,0.14409744531532517,0.1342046386371659,0.12571150231890196,0.11741947896187856,0.1105214389365498,0.10510326780117019
23-01-2026 10:30,25303.15,0.116465,0.11053382036780698,0.10553218055867526,0.1028688188233142,0.10230894109094295,0.1036440062680071,0.10817448865104037,0.1167793592527229,0.12762020053975281,0.1384447420652229,0.14953404023284653,0.1606397812499999,0.17117178960386356,0.1952887933090853,0.22874571161817078,0.23564117100439558,0.22060893576125562,0.2068482975023997,0.19698667834829564,0.18551140090881776,0.17138540232546975,0.15807440283330365,0.14636517182377495,0.13687378031333292,0.12805081570076882,0.11936102492230108,0.1125011546798995,0.10683171735048269
23-01-2026 10:35,25313.0,0.1096625,0.10432184997180695,0.10113208317751538,0.09963019718949723,0.09956396881409027,0.10144288853546009,0.10633421306810553,0.11455486037444569,0.12494285460233671,0.13617128125,0.1478490078125,0.15934641406249989,0.1701616875,0.1953812499999999,0.23041374999999997,0.23607444173584866,0.21901386233659323,0.20595871418813086,0.19746125027514855,0.1875214681399618,0.1742738114996446,0.16043436910841005,0.14899127724347647,0.139507033239806,0.12994273776988408,0.12119617596136942,0.11469265526682579,0.1088163284138051
23-01-2026 10:40,25297.7,0.106725,0.10104522338111391,0.09869036016294924,0.09786703963747288,0.09801255927930036,0.10056812455844176,0.10659164983007455,0.11531686043769526,0.12533294909553075,0.13673153387202033,0.14889439952613015,0.1601221639145415,0.17281952610505041,0.2000469134502763,0.2323484567251381,0.236424965087234,0.22120192746827255,0.20869359260628095,0.19875925680131598,0.18792678233734897,0.17524543120602967,0.16174208773221804,0.1498084291769679,0.13971130470094664,0.13018621409494704,0.1219709796168108,0.11550495610644018,0.1095872922883081
23-01-2026 10:45,25297.35,0.104165,0.09955940168047625,0.09707438006731207,0.09633647460834421,0.09699628711203792,0.09994114991839556,0.10658085757398186,0.11611667487324542,0.12619607203273528,0.1387846086755167,0.1528788197391767,0.16336797732977087,0.17634858576352871,0.20465451732599138,0.23370076120435687,0.23652169524122088,0.2236068021102899,0.21094844587194805,0.19951791965011273,0.18787739877080406,0.1752483025064482,0.16238623957835907,0.15028375978693334,0.13964913790227368,0.13034349193055428,0.12237885980955754,0.11560211027834921,0.10963517540580618
23-01-2026 10:50,25284.35,0.1067325,0.10187738466733849,0.09828962182736872,0.09710807990972294,0.09795531033190222,0.10079316771327046,0.10677332896419299,0.11609817086868801,0.1268366136094644,0.1407673019340934,0.1563256414557271,0.16653841474003842,0.17593499275370922,0.20051025894627497,0.23018820652354177,0.235134694930706,0.22358517089838803,0.21135895064987342,0.19918935708216268,0.187033699385402,0.17418776496631166,0.16102211136743366,0.14862838811474405,0.13799503787604273,0.12862201846753216,0.12023855269679455,0.11316887753758935,0.1068750877029031
23-01-2026 10:55,25278.2,0.107565,0.102940329538603,0.09961052017467852,0.09793350528479516,0.09827388930244545,0.10149196317548474,0.10776960962550067,0.11666345255156274,0.12789807862567765,0.1415245760431347,0.15504095968340242,0.1650539159271795,0.17370361388703393,0.1961721197156811,0.2274848313345654,0.23496272391705167,0.22374731093270864,0.2114859387219259,0.19889635937499997,0.1862088984374999,0.17313461587012322,0.15950048835986738,0.1467644324794883,0.13641381793958549,0.12713923224756432,0.11856024899199093,0.11155917076912782,0.10521362689438768
23-01-2026 11:00,25279.7,0.105335,0.1017889072223675,0.09937059370295515,0.0978328296970844,0.09823723978031798,0.10194775142848658,0.10879148514328829,0.11755714910811073,0.12889556155286871,0.1419548990713479,0.15353001086626952,0.1635499752270048,0.1756357127337021,0.2006945038037221,0.2301430113695428,0.23542059379611247,0.22347016561459815,0.21053271421024056,0.19765397443241267,0.18522257358524058,0.17245228883534583,0.15918524417993368,0.14683538030224416,0.13630494412604272,0.12697979190503217,0.1186657938408129,0.11174244822209414,0.1055397537887755
23-01-2026 11:05,25270.35,0.10717,0.10312902551443548,0.09991783690643194,0.0984090844485363,0.09924353886990266,0.10246094827560988,0.10861858612119654,0.11760524905010968,0.12886676417221282,0.14143954227597524,0.15373096664535932,0.16475459036091972,0.1785286016880201,0.2051719533172018,0.2324650391586008,0.23425413581385535,0.22056473723145215,0.20765423372130465,0.1956980721744578,0.18402149887017197,0.17162437586306842,0.15869100781249987,0.1464779375,0.1354471953125,0.1258379140625,0.11755994883404486,0.11037497626668681,0.10381362689438768
23-01-2026 11:10,25281.6,0.10486749999999999,0.10235623179781943,0.09908996368080727,0.0972657152509623,0.09828420405196304,0.1016652536402933,0.10757908168255743,0.11685434180001987,0.12817375455009863,0.1399749423101598,0.15310617840939386,0.16563841179196026,0.17704877268570307,0.2010437891586009,0.2303415820793004,0.23308524354973706,0.21800197775088523,0.2053281992310742,0.19461713259988367,0.18362877640380873,0.17152651282661785,0.15875517968749997,0.14653245546128066,0.13486358295099757,0.12432625614023396,0.1162486922586342,0.10991935028165287,0.103625
23-01-2026 11:15,25277.8,0.10184,0.10066896272963337,0.09810522952416856,0.0962852083574844,0.09741464633926795,0.10144916053209772,0.1076370691012073,0.11720681552828505,0.12897417605414446,0.14028014162226587,0.15317419568217322,0.1662314169864591,0.1756774646925109,0.19722124999999996,0.22796687499999987,0.23321276588765447,0.2189724874710803,0.20540798001269223,0.19375005419305844,0.18254409281010825,0.1704434071337237,0.15827848670876277,0.14657938947051527,0.13421419740453858,0.12260878738861632,0.11512374610109097,0.1103792627391598,0.1054831260093061
23-01-2026 11:20,25261.05,0.1048856180963028,0.10182720731599333,0.09877833742688306,0.09715819756290778,0.09816475909463401,0.1022135323910565,0.10896091734136232,0.11870767239862709,0.13035391303328905,0.14145271702481904,0.15363533757728876,0.16645110101814095,0.17664787357191836,0.1973429641303324,0.22589808354755836,0.23195414919318177,0.21973269340089072,0.20612443599969743,0.19375462712223387,0.18157750740077533,0.16872171458219665,0.15685772341752557,0.1453716547446884,0.1331041258991645,0.12172217055293987,0.11389623080793732,0.10868572164226997,0.1041187520186123
23-01-2026 11:25,25270.95,0.10230623619260559,0.09912628155307461,0.09672563147316479,0.09599191941268684,0.09713129297281245,0.10177588129868392,0.10971400558069969,0.1192763809465561,0.13035481156217088,0.14169442115137412,0.1534364084896736,0.16589741047092957,0.17714356943416626,0.19730428258217259,0.22427866709511698,0.23082210200901881,0.22012965963652603,0.2076589080405351,0.19525469372451393,0.1826428360220443,0.16973013234355652,0.15747476600673196,0.14527193957298834,0.13349409327461767,0.12308919742750013,0.11437367507363998,0.10786232901087259,0.1027706260093061
23-01-2026 11:30,25274.7,0.0951531180963028,0.09335449389886867,0.09269090480976214,0.09339422134212574,0.09531754388958412,0.10071324997234476,0.10935842480959154,0.1199433515021129,0.13186796687091343,0.14299521887914543,0.15411205947254755,0.1659363761947998,0.17730676721643196,0.1983684227733478,0.22592933354755837,0.23183683337911853,0.2203628221307482,0.2078196082710197,0.195190515625,0.182893515625,0.17063117968749988,0.15836273828343836,0.146030445487569,0.1349012055076045,0.12564694859019124,0.11728667095569772,0.11084234855902475,0.1061975
23-01-2026 11:35,25252.0,0.0949225,0.09316242386419107,0.0928279861461374,0.09401200871956372,0.09669051578063506,0.10222934297563607,0.11088483513363176,0.1226939936835418,0.1356335287302479,0.14648375017553808,0.15728893448572925,0.1687865041560842,0.18084196802887834,0.2029629426205629,0.2275199833509351,0.22980251563089882,0.21757607201390738,0.20500789471235098,0.19203542684917338,0.17950481119118014,0.1677740752866734,0.1561916911765526,0.1447598047750345,0.1346676358862132,0.1265407889504739,0.11940701571128345,0.11314178190364062,0.108225
23-01-2026 11:40,25221.8,0.09787999999999998,0.09691357082609083,0.0963183334680829,0.09738177526265622,0.1006173999712673,0.10641284122893509,0.1152750587650624,0.12687765646660143,0.13975552612105255,0.15159181039611147,0.16258141150427485,0.17388610092271897,0.1870609622893771,0.20812668694450606,0.2269087167018701,0.2256438828242976,0.21384652684031488,0.2016969847372019,0.18843736932334687,0.1755909036323602,0.16434150213584692,0.1534553471946668,0.14286142968749999,0.1336234010600092,0.1261456238632357,0.1198942581064531,0.11381820198823579,0.10827
23-01-2026 11:45,25210.75,0.10111249999999998,0.10089986088637516,0.10002393843971412,0.10099724347872577,0.10481576428840998,0.11102762844630419,0.1197185359919247,0.13055390862936633,0.1431331621698836,0.15558906487805868,0.16616455014413878,0.1769222410608658,0.1892074649208853,0.2072064839918463,0.22425060835093508,0.22330430796121933,0.21081409125205827,0.19785587196551135,0.1853180632748243,0.1733662138601564,0.16198779300413,0.1510495406986852,0.1411088427174566,0.13246503044106198,0.1250756628800103,0.11904002461770795,0.11363290506751039,0.1084225
23-01-2026 11:50,25193.45,0.1065625,0.10454275336510406,0.10295333795405084,0.10370008345058357,0.10781344125029127,0.11427892924052441,0.12206786890962851,0.13203951504876021,0.1439536444347549,0.1560989993192117,0.16703000064098647,0.17716119076201509,0.18888705183243776,0.20687890738088258,0.2234619485172435,0.2222168199546067,0.2089703353513016,0.19523513419382074,0.1831383666013016,0.1716686334629527,0.1597637088724132,0.14824718732770364,0.13825880411463784,0.12921991036778288,0.12112800139649361,0.11502977061619345,0.10985331708893314,0.1044908962310576
23-01-2026 11:55,25208.4,0.1071690351433942,0.10495056136659486,0.10355931596425363,0.1041845345192427,0.1079758182448604,0.11491513653828248,0.12337645756006578,0.13278508771152325,0.14324655804820516,0.1548883902891382,0.1665372343493629,0.17680984779519368,0.18953787927909002,0.209225058743646,0.2250776470344871,0.22227031470532432,0.20894930550199425,0.19602747204380636,0.1834925713041698,0.17092221754606585,0.1590456658158247,0.14758989213617513,0.13695336579805265,0.1267934489738486,0.11782504517169326,0.1117655161116369,0.10650781052401317,0.1005667924621153
23-01-2026 12:00,25209.75,0.10224807028678849,0.10285087338298537,0.10255728530162785,0.10313671281731564,0.10638700141860112,0.1136107541823382,0.12375388985894488,0.13354305879868805,0.14313525026572105,0.15405906881064,0.1652902742100696,0.17674765469739692,0.18957705591836893,0.2076075922028731,0.22419569851724347,0.22226140136811084,0.20901627565268696,0.1969725052062919,0.184226861944538,0.17093680944167908,0.1593512208952168,0.14791565876059382,0.1368158206069514,0.1271110762649182,0.1187598249148861,0.11263303287469316,0.10743329478122689,0.1019483962310576
23-01-2026 12:05,25207.8,0.1006015351433942,0.10170494943698642,0.10178122808628658,0.10258899158611598,0.10612884960659016,0.11307230216602922,0.12261666643691739,0.1329991321193589,0.1437656590499822,0.15509485324380407,0.16622221865061673,0.17771575599992284,0.1904474382868453,0.20773844329825217,0.22261289539939338,0.21950743973853548,0.20708805441926026,0.19598621070665742,0.18378983583381184,0.17105694768958948,0.15927546468282927,0.14732320726046752,0.13618266387851288,0.127702715698644,0.12061316233256333,0.11423268193095418,0.10892260065386664,0.10473249999999999
23-01-2026 12:10,25190.3,0.1074125,0.10527961731728717,0.10393128601779533,0.10448219780088996,0.10823256434471235,0.11466370692186278,0.122767935253169,0.13307300812943493,0.14515504550443123,0.15751334575568757,0.1688790516299531,0.17919360344322305,0.19140482163058625,0.2094773597900335,0.22220454079878676,0.2167071665279257,0.20491191131083347,0.19457958026952282,0.1827817237855856,0.1703708984375,0.1581699575109806,0.1460792336909471,0.135050216422433,0.1261099915034471,0.1185384064372731,0.11140753910340868,0.10521205955293958,0.10085
23-01-2026 12:15,25193.1,0.1139405661012851,0.10950886105863747,0.10644299204192487,0.10564343356014017,0.10839992377705258,0.11460755345678987,0.12305683496485416,0.13304239483186034,0.14538705731435342,0.15818107873539397,0.16879307004084707,0.17852863761050683,0.1892816331310019,0.2066609719854955,0.2223447703993934,0.2194301926389629,0.2071236720202747,0.19495024385465545,0.18212503191536464,0.17000735606364387,0.15799815386485802,0.1458584921875,0.13468842968749997,0.1248380390624999,0.11627626743189619,0.10862012892670428,0.10181752587021979,0.096175
23-01-2026 12:20,25216.55,0.11179613220257019,0.10814749443370657,0.10540667981601995,0.1042191971066436,0.10635448641130796,0.11269509151820832,0.1219225807090965,0.13186338924268273,0.14389296704602583,0.1564692971527527,0.166521698000987,0.17665679542583415,0.18738928804885305,0.2042981943286974,0.2227856249999999,0.222807828125,0.210069963979716,0.1961408052704646,0.18212196337428177,0.170123303924389,0.15823969854317993,0.14553070311338906,0.13461957790821752,0.12551485122889275,0.11709391846724522,0.10961512840851007,0.1032484462471886,0.097535
23-01-2026 12:25,25202.7,0.1090355661012851,0.10584593472266621,0.10400307318701972,0.10387084569811947,0.10633246983321633,0.11217397126071009,0.12143196557587352,0.13222874482033167,0.14418648819157873,0.15657571385393065,0.16679334085631062,0.17689579935536037,0.18804161161636376,0.20442278368233496,0.22188966504988,0.2220997441921313,0.20885703386052898,0.19426704537069275,0.1809633483999822,0.1693471047594297,0.1566696835680141,0.14303519541678136,0.13266960752260776,0.12462112285020654,0.11636300880949056,0.10884939744202016,0.10259314249437729,0.0969975
23-01-2026 12:30,25205.2,0.11037999999999999,0.10572233928763253,0.10383326865434762,0.10444252868409534,0.10708896441781277,0.11238169617685508,0.12155942400253618,0.13305837338948845,0.14561188772025982,0.1585766075828765,0.16846015992372057,0.17729856675429603,0.18783260933519488,0.20394285937857756,0.22091745509976007,0.22122484704683706,0.2069521170597932,0.1911381272463213,0.17958604199642209,0.1690121131954934,0.15554232914759364,0.14224196246354634,0.1320343357311269,0.12320252013873469,0.11442845752974523,0.10660246103681846,0.09997603426847546,0.0942264410586801
23-01-2026 12:35,25205.5,0.113105,0.10612271259892157,0.10409889356155229,0.10493774359139438,0.10727924218749989,0.11235468647364039,0.1209786835162395,0.1319112062601786,0.1444448606573849,0.15719415684882937,0.16712502366956086,0.1762499635907337,0.18671139245550855,0.20358639502494,0.22151841504988007,0.22156643026728007,0.20722700038257352,0.19205587945670305,0.1807948390521655,0.16932035012362742,0.15492930853935766,0.14181646895725608,0.13140164241804234,0.12206440361692247,0.1131627501888605,0.1050771633117942,0.0981049215966191,0.0922028821173603
23-01-2026 12:40,25211.7,0.1099025,0.10310010210436278,0.101614551778895,0.10283840152614232,0.1052720312499999,0.11036248955401229,0.1191211486959921,0.13013061778591578,0.1413472260399955,0.1525893343006065,0.1635009445315033,0.17422290887695627,0.18510077664571958,0.202036506657575,0.2198569190946709,0.22027848548470277,0.20838958636869168,0.1956293737589978,0.1835438521040157,0.170869966770912,0.15626527862502457,0.14153289987687048,0.13004718808511076,0.12194400282682054,0.11408850024650635,0.10612555530116329,0.09913046194187784,0.0929789410586801
23-01-2026 12:45,25238.75,0.105985,0.09944638624033685,0.09862229428188643,0.10048179685510046,0.10325424770248952,0.10839690722643089,0.11771380665175475,0.12941376134773874,0.13978088487235496,0.14992926321596559,0.1612753458880048,0.17290166818244448,0.18413899149222837,0.2002636725469856,0.2170820234131237,0.2185163306311479,0.20892423241437932,0.1974858867069879,0.18506521818777635,0.17214960609120195,0.15826382138101813,0.14356198622969438,0.1311461920886225,0.12293387452326697,0.11546799975223918,0.10749488691080816,0.10042115402802212,0.0939825
23-01-2026 12:50,25208.05,0.105895,0.09907749925623512,0.09923867484940728,0.10134936081789946,0.1040099848648184,0.1094942954199972,0.11863659066235673,0.12949837982324358,0.14001259025179158,0.1505508937073941,0.1617795730291129,0.17400123505064868,0.18580953166261066,0.2017858253695057,0.21880078954223459,0.2200493589209103,0.20957475471637876,0.1972517640770406,0.1841631613084636,0.17134026592401388,0.15815051093195545,0.1449276886095346,0.13292573259157014,0.1232073765890788,0.11475188233290158,0.1065614495862614,0.09929554351045326,0.09261999999999998
23-01-2026 12:55,25226.8,0.10232999999999999,0.0987149642137638,0.09955077841189305,0.10124064386564711,0.10447307930041647,0.11125132293972889,0.12057894557073678,0.130619722449047,0.14139127544370203,0.1524598716711194,0.1635573529457823,0.1757594421164638,0.18761992199391475,0.20404103472835466,0.2215663102237818,0.22183926448689087,0.20999419032808095,0.1966570711345932,0.18283657430359812,0.1706582214692019,0.1581988823703469,0.1453306581471086,0.13374730634925297,0.12349712940401773,0.11450096244677192,0.1065177001882843,0.09960100390744044,0.0933225
23-01-2026 13:00,25191.8,0.1033116432543118,0.10042768132851485,0.09991574964746264,0.1012856545626441,0.10535160106633557,0.11257913724400662,0.1222148995167756,0.13332441401739015,0.1445434515018023,0.1551412231777361,0.16600111254374522,0.1775806564982596,0.1888996123784183,0.2048348262966998,0.2209017770968802,0.22039332604844009,0.20872726623894672,0.19587005119229656,0.18252072493291088,0.1701289652547966,0.1574618059133412,0.1444609218749999,0.13276415625,0.12249530922177408,0.1134034018044276,0.105405810165307,0.09850942524192759,0.0922849999999999
23-01-2026 13:05,25191.25,0.1055707865086236,0.10144251404283469,0.10001912745783945,0.10161616739675935,0.10576896242043721,0.11296389447836443,0.12340301975277983,0.13553016523706826,0.1468213763081492,0.15684955220719843,0.16742680365052415,0.178685953125,0.18983896752621102,0.2052480270968802,0.2186952002129532,0.21583901258024643,0.20450327142469474,0.19374587593450188,0.18216283044055942,0.16963880018201458,0.15637809374999997,0.14331431064666844,0.1313377189209841,0.12074044772201822,0.11179270497944789,0.10399011578289702,0.09732107951411892,0.0920180171440199
23-01-2026 13:10,25194.95,0.10099914325431178,0.09898534407245801,0.09861472629837835,0.10124750137327126,0.10625441368835348,0.11394797589060701,0.12539495376801266,0.13840330028020764,0.14956767809483754,0.1586316915477496,0.16862270676934826,0.17985910156249998,0.19104169314595043,0.20605982667603517,0.21727107039045587,0.21191829764276776,0.20060123631228557,0.19109971423090738,0.18040214455369094,0.1685615783509328,0.15572295099436745,0.14296701973083709,0.13111840659196827,0.1206704924722624,0.1124379300294683,0.10557397608798713,0.10003790566131014,0.09652853428803988
23-01-2026 13:15,25171.1,0.09726749999999988,0.09809238503958125,0.09928840326391725,0.10327534016245556,0.10989974142318129,0.11797846989232626,0.12920394718143974,0.14267678655391577,0.15368361431005204,0.1625910637703703,0.17291952566431829,0.18387221450844612,0.19499261173712729,0.2086335133802173,0.2175352170920867,0.212505264158088,0.2013366324654087,0.189917370970809,0.17767603216070343,0.16587549053082173,0.15385412855123498,0.14191768355636622,0.13074387266565485,0.1208653122268109,0.11358019446347759,0.1080263783058859,0.10324178161201057,0.0992780171440199
23-01-2026 13:20,25141.7,0.0980275,0.09993153388183046,0.10260880209151867,0.10679328709838722,0.11348039961669361,0.12201173470498469,0.13230716666161577,0.14436947778638184,0.1555083442987586,0.16614046027917628,0.177611565853905,0.18830910870439224,0.19939061095071978,0.2118398998776492,0.2184447633802173,0.2131748423709836,0.20135407366076807,0.1882258401203635,0.1754900063311276,0.16352879400844944,0.15140587412198844,0.13981279165269664,0.1291684259294624,0.1197550126610796,0.11310501984423324,0.10820861720098858,0.10342599182687981,0.0988874999999999
23-01-2026 13:25,25138.55,0.10047,0.10289296312538058,0.10681063615700179,0.11072034492562029,0.11678560703480514,0.12572348850037152,0.13572969060021942,0.1470042567212622,0.15873137796388087,0.17010860107243728,0.18157635787852563,0.1925738004459461,0.20357366953393735,0.214640012125027,0.2191196935625134,0.21242784341568277,0.1998559750046113,0.1865974117669198,0.17465038125461127,0.1631096945430919,0.1509262759427418,0.13950710320880974,0.1291067960296981,0.11968269685905636,0.11341142154220006,0.10888892453041363,0.10446934993865167,0.102545
23-01-2026 13:30,25095.3,0.103225,0.10606374982089159,0.11041446004777018,0.11519938164778014,0.12210283506519932,0.1310902013179634,0.14102845535389796,0.15279528432836184,0.16497562365410903,0.17616809570448289,0.18737472144136327,0.1982985092457726,0.20888226823791786,0.2180318311597166,0.21937299006148567,0.21102594778451556,0.1988163776283694,0.186150488903648,0.1742143343967419,0.16282332538702318,0.15136811844012088,0.14075817466082016,0.1305377417496921,0.1209182327655006,0.11535952802931428,0.11194793104739507,0.10815836620472594,0.10787999999999999
23-01-2026 13:35,25072.05,0.10414,0.10695535071380079,0.11128105408777506,0.117395401319972,0.12615020944109995,0.13612479738898067,0.14568122286922355,0.1565087324333476,0.1682787974053757,0.1796711513493255,0.19145909191377158,0.2022709797580449,0.21200430493751285,0.2199261623194332,0.2188482294704325,0.208754709534115,0.1972975920995883,0.18569646915721943,0.1736885687888724,0.16218446404345455,0.15118619253871396,0.1405881276671276,0.1306741858965942,0.12298267417777903,0.11820481425789657,0.11478289127785161,0.1117540486794271,0.1105575
23-01-2026 13:40,25076.35,0.104785,0.10752216433531092,0.1119899724073105,0.11840661943712219,0.12791684471298126,0.13925647921852743,0.1488426736729642,0.15821655077290592,0.1694569529102088,0.18103466646896543,0.19308090130182332,0.20455319312702816,0.21393415923100956,0.22073745615971646,0.2178595695459716,0.2062830575132507,0.19573597928885958,0.18526809553994547,0.17307452350335745,0.16135718082415515,0.15034518679726808,0.13879379246384654,0.12880419609863453,0.12335163426613753,0.11890655692813358,0.11465105768067607,0.11242699970745458,0.11052499999999998
23-01-2026 13:45,25053.0,0.10882249999999989,0.11097448492062195,0.11515988065222771,0.12112349400415179,0.129406395754452,0.1397360579238961,0.14981752914296076,0.15995048409497034,0.1716447638834415,0.1834355042902736,0.1949804570453389,0.2069024979099073,0.217181356099395,0.222645310821895,0.21714203592658876,0.20397823779070687,0.19304928956770934,0.18288042978477625,0.17061097673388353,0.1584981121871108,0.14716163443379,0.1354797015076198,0.12556856105223904,0.1196139510671335,0.11444131731927962,0.1096734706675826,0.10665708194528192,0.10339474346816879
23-01-2026 13:50,25055.05,0.1115299999999999,0.11343059774481186,0.11737643339868897,0.12310874970945859,0.1308915539536178,0.14082411279335785,0.1508631829026059,0.16089872114685458,0.17220176194679118,0.1838249011996731,0.1951141308561498,0.20720725265781828,0.21849786091732712,0.22343192605363776,0.2177174410381555,0.20517222409278,0.1927953285681247,0.18146965166515344,0.16931466192225356,0.15713194437318778,0.1456921973806314,0.13479965363717286,0.12544155421330866,0.11815557454668571,0.11193417386018863,0.10674897235076847,0.1027484171193741,0.09895448693633768
23-01-2026 13:55,25054.0,0.11244,0.11514790734045109,0.1189039741802018,0.12382155401305478,0.13145791791185268,0.14235734052065038,0.15228901040298984,0.1607213127771523,0.17080183760902262,0.1821183984375,0.19338069817059028,0.2051277689034389,0.2162275627004509,0.2217241696415906,0.2179413454971832,0.20731657778950607,0.19467243165863823,0.18147651016122288,0.16806915094396951,0.15641672999776374,0.14604337033116524,0.1358719148181768,0.1267503931428956,0.11902960520725493,0.112480203125,0.10709660076083802,0.10283534051371825,0.0992047434681688
23-01-2026 14:00,25054.2,0.1131699999999999,0.11628895976489945,0.1194384769551782,0.12330181740215045,0.1297074474003518,0.1396789520362273,0.1501201127231618,0.15921591118593914,0.16924015890354083,0.18036527162364566,0.1918197606280624,0.20340203620178882,0.21375203243025817,0.2198963044098477,0.2175191102485916,0.20775219200310738,0.19544288187516773,0.1805896654072074,0.16525313809226125,0.1543441337948618,0.145243496190931,0.13519249820629078,0.125971424832298,0.11786119752134079,0.11088503756558557,0.10560632252134079,0.10121431545729791,0.09687749999999999
23-01-2026 14:05,25065.1,0.1128625,0.11484341552144921,0.11762205834755149,0.12173953474291534,0.12787337558746786,0.1367881662495032,0.14736931137571332,0.1577693513888105,0.16838605116970387,0.17934062137229134,0.19103717480224833,0.20325451896223728,0.21370062027583503,0.21990345151520338,0.2176320725054925,0.20780469476084787,0.19579534569591414,0.18132434508693834,0.1662384985882374,0.1551227135306969,0.14529553737955314,0.13469297957189527,0.12520171685209602,0.1166536059801816,0.10931674700617125,0.1042605278551816,0.09996160747709601,0.095115
23-01-2026 14:10,25058.25,0.10968249999999989,0.11193109079614338,0.11569564553332072,0.12010667673364339,0.12626081716393475,0.13520033700613712,0.14562729449337078,0.1562268370061371,0.16708007647820172,0.17799484193614565,0.1892079766616317,0.20178042375922564,0.2136020711106165,0.2204116165982088,0.21847664501098507,0.20887190514669574,0.19700004620037698,0.18399192821398133,0.1703921847989044,0.158392462338844,0.1471280496268917,0.136176265625,0.12656425295729798,0.11844099439634079,0.1118276462060934,0.1066809746994666,0.10240273139202623,0.09874749999999999
23-01-2026 14:15,25090.65,0.10489,0.10902538682625229,0.11447516562523341,0.11877093235954629,0.12461682378503236,0.13362881256169412,0.1440028585166629,0.15455497796590018,0.16534441534957364,0.17623542968749992,0.18699081605954507,0.19966217074502163,0.21243919873386605,0.2200701667900938,0.2197217010187364,0.2111074982248184,0.1984112601723875,0.18529266783749848,0.1727332501668949,0.16085594873255482,0.14931480468749989,0.1385600234375,0.1292030271771515,0.1215353147971225,0.11561191752095758,0.1109483066533742,0.10739603092160799,0.1056624999999999
23-01-2026 14:20,25059.65,0.1064306840728232,0.11035432499523543,0.11540904522573205,0.11981356889316229,0.12583883340966387,0.13456901467975121,0.14475750847745505,0.15515750955066338,0.1656966702645873,0.17749776233740386,0.19000355023644827,0.20234792709529026,0.21321461993095128,0.219740376451572,0.2191392570264876,0.21041231005294092,0.19688512452594617,0.18269943798486843,0.17014498452754848,0.1582561169118997,0.14608349133530912,0.13557604963812347,0.12690242620794567,0.11903489671168986,0.1126080872453918,0.1080137192723709,0.10418561091403128,0.10095999999999998
23-01-2026 14:25,25049.75,0.1107163681456465,0.11295777457128739,0.11624410539654702,0.12059993146278532,0.1271062168477904,0.1357039673892236,0.1452834208183025,0.15540613859585753,0.16590615841650605,0.1785212277998078,0.19280922052947164,0.20445584764733346,0.21307764357352027,0.21896008634968067,0.2179852535132438,0.20869163940147048,0.19536972511370762,0.18103701267619712,0.16745708574191226,0.1544357157511347,0.1412396152027469,0.1301519987215179,0.12124110158572166,0.11336774847728309,0.10654154370957032,0.10073172885962248,0.09518773030215143,0.089275
23-01-2026 14:30,25077.85,0.11030568407282319,0.11145383455380263,0.11403221783872956,0.11858650425396478,0.1257554465609489,0.13543966241534133,0.14614959496856708,0.1562025691845685,0.165412956351569,0.17579151160898043,0.1884372314612344,0.20025913045505095,0.20960049237328615,0.2171748366051971,0.2179395918060999,0.20897756881704727,0.1964191378732562,0.18309002402008473,0.16922796075625868,0.1557963569718948,0.1424766880954617,0.13002849461298888,0.11980577187146756,0.1121705925113261,0.10575341573361596,0.09965126086774198,0.09384540624999989,0.08797749999999999
23-01-2026 14:35,25087.05,0.1075640944792394,0.10857778960558843,0.11141191294725161,0.11649588807789778,0.1244553196676136,0.135673258683139,0.14799246660802284,0.157618065674066,0.16507711812660444,0.17333003760565296,0.18441844509292915,0.19699391367623253,0.20764630877552906,0.2163075598817496,0.21789448551686696,0.20903431983331242,0.19736855582936708,0.1852259076353829,0.170953614867654,0.15656649466789324,0.14379017387589413,0.13235621530332187,0.12237452404817604,0.11449370245194983,0.10818402774512993,0.10300407013906149,0.09824151705901929,0.0926298074988532
23-01-2026 14:40,25094.55,0.1046581889584788,0.10678941667327818,0.11069401135214428,0.11635080107614036,0.12503054950842704,0.13589251841275532,0.14636019994813082,0.1557216209153716,0.16452283979035573,0.17381935213530636,0.18501159017341892,0.19709762440437914,0.20804306142135257,0.21706761976349917,0.2184383206154344,0.20943160509048303,0.1979333753029344,0.18617515089053716,0.17148638005426642,0.1556437663396412,0.14321909268276659,0.13447974344441155,0.1253933955233436,0.11674132941185425,0.11080352214929359,0.10675223421609552,0.10222542783571799,0.0947047795057238
23-01-2026 14:45,25081.45,0.1047807924257543,0.10770838717392404,0.11251685403143588,0.1183524702489443,0.1265977899447201,0.13566195112459084,0.14443094548608715,0.15475812900668964,0.16552071299510804,0.1759552604149599,0.18716328844436497,0.19806966068152648,0.20863561851491477,0.21738396333371787,0.2178649838086039,0.20886680440118613,0.19692483507281688,0.1846960897152305,0.17107057175557075,0.1561815314645253,0.14333746569806066,0.13423233218544234,0.1247813275607992,0.11578395583737591,0.11035792072366006,0.10634088288031762,0.10075665619540115,0.0917676365148879
23-01-2026 14:50,25059.3,0.1076510605010494,0.1091981708179641,0.11322742749233553,0.11857143373439064,0.12581911733231874,0.13438795153140115,0.14431556392829578,0.15553065873186406,0.16570030120726278,0.1761804973092437,0.1878738347330548,0.19828214358935456,0.20824036207647864,0.21641780690393647,0.2155064327937795,0.20578326033860145,0.1945003618847054,0.1828058383623238,0.16994175923116364,0.15618073668260582,0.14278312618435599,0.13202895346216645,0.12232614996256203,0.11369015919920744,0.10765965719214932,0.10249468776738499,0.09666515961972548,0.0896176645080173
23-01-2026 14:55,25096.0,0.1077020271625541,0.10830610434017643,0.11146163808119429,0.11657277816712766,0.12373982939728599,0.13288889266471754,0.14412654471761782,0.15576961097354525,0.16524538005516695,0.1758596873285276,0.18815029583276657,0.1985847723164324,0.20842811069319866,0.21694702845196828,0.2145525685539935,0.2027289033586743,0.1930363919581974,0.18315567720934905,0.17026813975620775,0.15647773383896177,0.14334640568331536,0.13259689322767557,0.12292099857075697,0.11467417374475453,0.10842427456600812,0.1032711673318433,0.09881048451352303,0.09464
23-01-2026 15:00,25071.15,0.1050626646080196,0.10707940936830501,0.11082495363940005,0.1164197734374999,0.1241901953125,0.1339739653185476,0.14541150673380887,0.15708999689302258,0.16751657252278732,0.1793997909368218,0.19225473059609155,0.20247037249327418,0.21214981578897832,0.22000499999999998,0.2144110109988551,0.2002528052059262,0.191857494341337,0.1833325136399325,0.17075910902579935,0.15793807274662675,0.14611708963329725,0.13554048827160445,0.12564147304467427,0.1173868639458297,0.11138273157314896,0.10799958368451319,0.10572521276480641,0.103335
23-01-2026 15:05,25059.0,0.1047,0.10730134045645345,0.1118814689129221,0.11811108128387508,0.12612808067209277,0.13613580327269575,0.14755736192209282,0.15914031060369097,0.1710829512972505,0.1862264919501187,0.2001697284751722,0.20778447467629022,0.21570165242425932,0.22305477202377538,0.2165430570387156,0.2006768028240331,0.19029324696590788,0.18256417535142172,0.171623517974518,0.15906613414054319,0.14730083940593325,0.1368084858291554,0.12725982783688547,0.11854121036875319,0.11208170180148072,0.1110659101190483,0.11122472751246791,0.1070225
23-01-2026 15:10,25045.6,0.1065725,0.10863650903790693,0.11337684407584428,0.11982477194275026,0.12766385665668561,0.13731098935789163,0.14849089571918558,0.15992876183238197,0.17254028245263953,0.1889227709888134,0.20254977141121952,0.20874923644115642,0.2160752550191572,0.2241370440475508,0.2205374077515619,0.2050485989539835,0.19078645257509985,0.1832237428985585,0.174265448719214,0.15929465002978682,0.14513453112794025,0.1345210869881368,0.1250315691366892,0.11640750661015008,0.1102235028272076,0.1112535788448825,0.11309093949749979,0.1026225
23-01-2026 15:15,25061.1,0.108335,0.10961402169221246,0.11133267750248262,0.11720313562869188,0.13016926135312185,0.14355635882587334,0.1493604763938247,0.15555730194347517,0.16965609075404905,0.18359474421753144,0.19393202706078885,0.2047821697671087,0.2160038603921404,0.2177674331134419,0.204182570617159,0.19228815546949174,0.18839478829941836,0.18398616098465762,0.1742852733727651,0.15801340604323855,0.14270620613910195,0.13132105521281828,0.12096418195660524,0.1098690209284316,0.10169537766062982,0.10534194653628659,0.10929971925623537,0.09738
23-01-2026 15:20,25040.65,0.1105249999999999,0.11086287809651807,0.10960701874162106,0.11510197233394537,0.13913989821950887,0.16222777003263317,0.15718802361341477,0.15246447132388033,0.16797981670691225,0.18053366081255756,0.18875779507756646,0.20346953083436908,0.2175611724790774,0.21214094717933307,0.1858535531392163,0.17566323567861605,0.1832535533069269,0.18097760869949212,0.168897014446272,0.1546151868948233,0.14651061007796962,0.1456210171552834,0.13484481576737936,0.10955589956603995,0.09272498656394373,0.0963304567165523,0.09988646624581096,0.09251249999999998
23-01-2026 15:25,25049.65,0.1518324999999999,0.159054540610759,0.16554433358956053,0.17693129725844045,0.2086048637709308,0.2419821780932337,0.2452209069366337,0.248680015503408,0.27095931630068487,0.2880178607158375,0.30261680891991033,0.32232322129365204,0.3287653636212258,0.3281643190323246,0.3316304705322493,0.32631276718499286,0.31397808921639586,0.2959716588048784,0.27360637499999996,0.252821890751853,0.24500595563909675,0.2508503155605669,0.23888853819151695,0.20670012854774023,0.19031643188074585,0.19435222352811318,0.2000705779894139,0.20438999999999996
27-01-2026 09:15,25113.05,0.257645,0.279849344099311,0.3090936052334659,0.33592372468476817,0.3645933642872293,0.396471087532157,0.423497276091029,0.45544321333537463,0.49452058933195764,0.5255345606191175,0.5556051977622541,0.588683180675077,0.5817133107222306,0.568854468428029,0.5972082766966389,0.595814884708708,0.5561236171874999,0.5143770703124999,0.4731403360591076,0.43795914260454083,0.4126798564085616,0.39491740969639777,0.3769101677226592,0.3618734779524003,0.36524446908987346,0.3795955314617668,0.3963639811162995,0.43000869057307184
27-01-2026 09:20,24981.3,0.35765,0.3826106276780697,0.42672556413523643,0.4657729879586267,0.4880690788403614,0.5114008607832851,0.5492476839585286,0.5975451774932112,0.6460081564073513,0.6899819967453884,0.7340693059123772,0.7776236663591186,0.7696194558375435,0.7230872101668712,0.7054272600449157,0.6827841332545164,0.638747829032668,0.5908993145621271,0.5398918439932153,0.49732904289472857,0.45910232076068186,0.4184141763821577,0.3921823588027627,0.3881674421851028,0.4015552984590551,0.4169932208733798,0.43517953911998875,0.49057042509693255
27-01-2026 09:25,24940.7,0.4075525,0.41837831016505445,0.4482716247946701,0.4846015074883114,0.511464954141819,0.5410304661782446,0.5854301009040767,0.6358102365962689,0.6840707069124872,0.7331650861689454,0.7811931547787689,0.8260673465540529,0.8370024677977441,0.7848137325861609,0.7062919658504799,0.6476943752060407,0.6071239940028361,0.5623002072492542,0.5103460007550925,0.4604649354074031,0.41368167615743184,0.37161345238226134,0.3428849169040808,0.33077731483240574,0.32719720492448123,0.3225359640890805,0.3224042186125349,0.34625227847464934
27-01-2026 09:30,24944.4,0.4325025,0.42798340275564406,0.4349643218674947,0.4587908395981183,0.49328350488819434,0.5342067975721021,0.5797008021484064,0.6258175041252055,0.6750795976178359,0.7296138451699662,0.7792282595527086,0.8211458657382842,0.8530153477113368,0.8253899766515741,0.7313734045016409,0.6580700369042389,0.616487971944931,0.5693693614371271,0.5167101184544697,0.4598605223584268,0.4041833032068105,0.3618488389166869,0.3324849848292433,0.3091210758806997,0.2855312967245967,0.2626524695300886,0.23619130683030176,0.1964880439507887
27-01-2026 09:35,25018.3,0.44697,0.42722134491934827,0.41762333566209503,0.4275057018010277,0.45889265368848486,0.5000383014007165,0.5400451068758069,0.5821418771666355,0.6311968183387,0.6879068757014147,0.7410715625816102,0.7814905172593046,0.8192168276210844,0.8184264517279529,0.7555401069241582,0.6949657409620791,0.6511281920745259,0.6026049140624999,0.5515335631334849,0.49718300205548727,0.4416581164764866,0.39401843850964924,0.35803384886175693,0.3266572394166592,0.2957897689147207,0.2653924136026212,0.221944357158956,0.15303999999999998
27-01-2026 09:40,25090.85,0.43176499999999995,0.40411485937499997,0.3872909930392236,0.39103449841094107,0.4161809079788611,0.4516992856548435,0.4914849930082502,0.5362848365230503,0.5845458782021777,0.640359748178032,0.698577858436015,0.7421313912129501,0.776762698266083,0.7958961557590619,0.7768429365181234,0.7343747311258177,0.6877466287260189,0.6421228331792559,0.5955454635397406,0.5449620307590717,0.49178616385073887,0.4410308833708342,0.3995344997882388,0.3649379213840717,0.33371159147690627,0.3012127712775019,0.2589984790617851,0.2063825
27-01-2026 09:45,25142.05,0.3844099999999999,0.3627179296875,0.3506631110784472,0.3579645815882817,0.38311926914466893,0.41662123783828175,0.4587739235784472,0.5070442734374999,0.5554323824328977,0.6115222012837054,0.6758255424857651,0.7244806409413854,0.7557973892348416,0.7817848471226878,0.7859096942453758,0.7562958181686998,0.7098807589787685,0.6650506122674057,0.6204043636089215,0.5723854154253387,0.5207513045847726,0.4699277148483079,0.42900359894643264,0.3948234688348137,0.36492790863417085,0.3366718618981196,0.30496540857553284,0.27395749999999985
27-01-2026 09:50,25142.45,0.3456475,0.3316042109374999,0.3265799774142236,0.33812584946138197,0.36756799201413354,0.4071303297495066,0.45226847972713574,0.5027661053875236,0.5532264009734197,0.6061331402378248,0.6667932945964175,0.7174434382593988,0.751179212236542,0.7783811509113092,0.7865154268226183,0.7625228541340074,0.7184032421166456,0.6692752074859114,0.6215698150739971,0.5755405044319521,0.5265370328211468,0.477654359059917,0.43668915229781813,0.4016978113546797,0.374826668852053,0.35484075937136245,0.33292779831187974,0.311915
27-01-2026 09:55,25130.4,0.32835749999999986,0.3178820355877038,0.31753290299369147,0.3335220923975404,0.3682630602213669,0.41405884487991623,0.4615996163845375,0.5119755667708602,0.5653743195831238,0.6175087940964917,0.6680465553634326,0.7171772490528321,0.7612212881318972,0.7923360249745318,0.7966080335026449,0.7676945078210373,0.7205973298034093,0.6704852491745222,0.6225762749548848,0.5745211000582781,0.5241353682691736,0.4761056360840261,0.4333670835125363,0.3981123896128081,0.37535593083421837,0.35906794003337394,0.34033074026930116,0.3239875
27-01-2026 10:00,25139.8,0.31804999999999994,0.30939313367540755,0.31200747004988283,0.3327193486371069,0.3700348059298364,0.4168658580499851,0.467485397705339,0.5170662236291494,0.5701600372390854,0.6245558228907414,0.671087310034025,0.7222124592381457,0.7756414460086848,0.8046874516512701,0.8010212724956142,0.7687617376102491,0.7205801258858184,0.6727715677164009,0.6277181410194907,0.5783073528704075,0.5251715078125001,0.4757452047607631,0.43279515575335126,0.39977661702221967,0.3784405947644299,0.3614401853451291,0.34275360584616915,0.3246225
27-01-2026 10:05,25125.85,0.3340575,0.3207013416490601,0.3210667053576292,0.34053437739030223,0.3753883469057469,0.4195941190289204,0.47082518959696007,0.5220954028708128,0.5737464781941822,0.6268218976930869,0.6754314252671616,0.7280363606512774,0.7800271093521843,0.8038336580788752,0.7937533538831547,0.7629235350685855,0.7179391042792896,0.6673624325998209,0.6201802902558056,0.5716707035998629,0.5189226519001053,0.46894885937499997,0.4259249609375,0.3932437775366619,0.3700026794954539,0.35039980391758396,0.32861364824545386,0.30164749999999996
27-01-2026 10:10,25088.75,0.38903,0.36015283087271266,0.34903788597787555,0.35950916402948885,0.3873096782098833,0.4275118194086193,0.476680387669435,0.5266268574766476,0.5759966125739269,0.6269856562499999,0.6772083694200727,0.7266202332933148,0.7727026311993552,0.8028349548354934,0.8015930617568984,0.769674221169288,0.7219770145828529,0.6682289470436125,0.615212556278037,0.5649455915313297,0.5135055850502108,0.4626972968749999,0.4171097109374999,0.3802860628858238,0.3507953902409079,0.323075334397668,0.2909081402409078,0.25064
27-01-2026 10:15,25129.65,0.4028325,0.36954947576099384,0.3529334377160344,0.35636266577688197,0.3789971267326777,0.4212254455360649,0.47324509350868393,0.519692077851329,0.5658659020473602,0.6159551484375,0.665837671875,0.7137402343750001,0.7584482499999999,0.8016143749999999,0.8204113912774642,0.7923279274604919,0.7438050666150697,0.6930607631494006,0.6382086642791536,0.5850353901988036,0.5301123560342674,0.47325648393432457,0.42611269099965154,0.38833189529973366,0.35387030991378976,0.3217994094494797,0.2862686377355521,0.2439425
27-01-2026 10:20,25170.2,0.336115,0.3214636909617751,0.3178923097666934,0.3279629565867751,0.35560490479511864,0.4038350363977152,0.45972486375492205,0.5097217609524989,0.5587425696342632,0.6080241290821473,0.6601479480008702,0.7132144853992322,0.7574080203153404,0.8032108435132955,0.8334677825549286,0.8125490971084839,0.7671192981799286,0.7196112379069366,0.6659301640624999,0.611485609193243,0.5520050928268878,0.4884331388037473,0.4410123235023722,0.4093714056664853,0.3788333740022249,0.35174464017978313,0.327596509149686,0.301435
27-01-2026 10:25,25164.05,0.2901525,0.2894786889855266,0.29733019797370686,0.31917833123136513,0.35599729105673167,0.40450712011561735,0.45974663601532784,0.5169554541058359,0.5705496147314053,0.6202464649572367,0.677007293754854,0.7342730548071608,0.7761862382628208,0.814637937026591,0.8391013912774642,0.8165193150881284,0.76801022180088,0.7180429656825267,0.6657299320859157,0.6120501805055079,0.5556455576262894,0.49613858361702096,0.446952172726178,0.4173219650498398,0.3921868217583341,0.36661526764496366,0.3484854219869657,0.3321125
27-01-2026 10:30,25123.35,0.3118017112267848,0.30296902085746863,0.3081210186952221,0.3342778402106662,0.3778306407522554,0.4271174487898854,0.4787280749679143,0.5339752557151275,0.5860046049423278,0.6385310817305311,0.6962828294445973,0.7484873409166255,0.7901197515171203,0.8252870935132957,0.8376750000000001,0.8079624471302729,0.7563002860468314,0.7036981814988604,0.6482480695967425,0.5895025308025879,0.5381092015193698,0.4919109212731924,0.4455758727059043,0.41363149000732813,0.3899425741997263,0.35979895992047806,0.3338204554568892,0.3119825
27-01-2026 10:35,25122.35,0.33090681242505054,0.30973836034996216,0.3142440241817748,0.343678895505347,0.39466454365811315,0.45232982367764535,0.5001807270382566,0.5480715157515283,0.6026948914358556,0.6614751285581428,0.7142902062579052,0.7577121291223532,0.80022636811345,0.83338125,0.833635625,0.7975869032526366,0.7472302914609157,0.6945369946855454,0.6340194759323646,0.5663148431398879,0.5139130630136016,0.47873942165631,0.44207437111613174,0.41458934527821906,0.3977846520416702,0.3762580405907191,0.357913530976134,0.34593
27-01-2026 10:40,25095.65,0.3273284911697469,0.3113974595276026,0.3246783785990587,0.3607849896620194,0.41436005255373815,0.4752549056749966,0.5248429401565031,0.5735601470399636,0.6343202009426953,0.6989536346269745,0.7485388624818038,0.7866980258430771,0.8290444113743863,0.8514789726441911,0.8272012500000001,0.7777495610476154,0.7264133289674778,0.6742481662758588,0.6169639617320407,0.5516789412575578,0.49537605170728544,0.45752061724255166,0.42563811247998357,0.4036460845590317,0.3955707077050004,0.3905093071278116,0.38476914337306173,0.3828425
27-01-2026 10:45,25027.6,0.3277664114282149,0.3315736856568686,0.35687555942109017,0.3959216367338711,0.4454719597336659,0.5030396505777689,0.5559629933318168,0.6075048028145577,0.6660435621305802,0.7291579492708461,0.782212393199233,0.8240614866576842,0.8674153347423423,0.8780898202883824,0.823143593782842,0.7502470113529959,0.696943871838623,0.6508389976166683,0.5985868490068689,0.5398494053551214,0.48352398130468593,0.4355204760092592,0.3982891205519953,0.3764781172366373,0.37053079102983894,0.3651019471145802,0.3524255685578014,0.35506999999999994
27-01-2026 10:50,25020.95,0.3280535429134679,0.35225044783644477,0.3870907924035903,0.42532085368842687,0.4746466695833933,0.530859739780402,0.5817663928634667,0.6319787368030263,0.6870131072519884,0.7463006035965725,0.8018305945069463,0.8518596865188212,0.8999168507109295,0.9032481454222487,0.8247709698607736,0.7343758408459473,0.6838417890699023,0.6429375468691793,0.5899415031321248,0.5309887861365669,0.4743095410294872,0.4234791651121985,0.38391270242749054,0.3638789827318467,0.35992826838100755,0.3472051734457409,0.33429390274328197,0.3678925
27-01-2026 10:55,24997.0,0.3439797908116651,0.3716749859851353,0.40548652732879986,0.4423729538635875,0.4921746488114566,0.5462213149804849,0.596977072488762,0.6494983684015132,0.7056458593749999,0.7638273751052821,0.8197857377420298,0.8759233543782073,0.9278757858792807,0.9193119442261302,0.8221255916228438,0.7327865704777243,0.6882038015745143,0.6414215919117058,0.5820555489605077,0.5193197106355552,0.4616211970798646,0.41343395254786075,0.37483042433756353,0.3534954551331388,0.3470255657394439,0.33170819032721865,0.3180298712939159,0.3450725
27-01-2026 11:00,24984.95,0.3694885387098624,0.38288893155021525,0.41019936128807494,0.44702040078320143,0.4970819152349731,0.5534213752950459,0.6065718281906423,0.660499125057116,0.717789578125,0.7758163361480643,0.8334634440048826,0.8906090263597424,0.9405386868868328,0.923380977179042,0.8199306129166434,0.7404604569941646,0.695555238095115,0.634315625100318,0.571059240425525,0.5136973266831838,0.46023378088664746,0.41022219265460386,0.3664093467407696,0.33862413619710613,0.32338539370844277,0.30671074496383954,0.28662034577827533,0.269345
27-01-2026 11:05,25008.55,0.3672292693549312,0.37644564232888766,0.4039401105246943,0.4448686172879971,0.49652610559577154,0.5570373815940727,0.6122845737292584,0.663121117668057,0.7194351633834852,0.7782600782302821,0.8363087584225783,0.8915792379655049,0.9354559922429775,0.9191976007379229,0.8318399429666391,0.7618923233530718,0.7085459433887384,0.6345549116623292,0.57164180012266,0.5234565326897349,0.47108075393893956,0.4174239171750402,0.3703631836309814,0.33829463312793884,0.31692678304761757,0.3003113154643573,0.28714390023511754,0.264525
27-01-2026 11:10,25017.35,0.35719,0.37091689401731126,0.3995155250413431,0.4427828066592515,0.4922261587347761,0.5507170954901033,0.6098762431256475,0.6608689461022655,0.7155577017669706,0.775942640625,0.8346327208430568,0.8912825476063733,0.9329583324872441,0.9193706003975014,0.8492890020679078,0.784158587939477,0.7277651117000711,0.6557647429444348,0.5883527223250579,0.5325951236792775,0.47615990941422465,0.4231385623351446,0.37653249226196295,0.34164781390320487,0.31772177099911897,0.30267239272103125,0.2976177605048994,0.2873884110394954
27-01-2026 11:15,25024.0,0.34909749999999995,0.36788661222017305,0.3922884248050037,0.43157279365969986,0.48071781145774317,0.5372909104203779,0.5970778849031789,0.6511436089675855,0.7090509921093396,0.7725232996241875,0.8301826063494682,0.8869443601337695,0.9348937506914652,0.929435747835096,0.8630189564729998,0.7955749400809125,0.7409821400931904,0.677775843648945,0.6087244560387621,0.5433952290387118,0.48592116647194683,0.4327589360472239,0.38355371488098144,0.34703528728865696,0.32341892557800084,0.31116985863709434,0.3079710920895619,0.3016193220789908
27-01-2026 11:20,25044.9,0.34236999999999995,0.3648468072007469,0.3858147724221216,0.42199394233013626,0.47263759936160565,0.5284272009228068,0.5856982410857539,0.6408898031400214,0.7028662902642088,0.7688662242483751,0.8253625501697657,0.8802204714118388,0.9253838344942922,0.9210715585891247,0.8634150837445311,0.8003916007081865,0.7451782199696539,0.6859973816221485,0.622841123138872,0.5611003059470989,0.5041855445225519,0.44721637669060105,0.39409228124999995,0.3553288770974094,0.33194058434797485,0.31814644771783435,0.3050752144787555,0.2878234110394953
27-01-2026 11:25,25036.65,0.3391824999999999,0.3561253411003734,0.37867502509803036,0.4180493829038838,0.469494200853245,0.5227569332064556,0.579352908678768,0.636239393211631,0.6944465084155308,0.7593945230783066,0.82177312274011,0.8762048580161818,0.9123539833358735,0.9068959072891534,0.8642589174890623,0.810570302978873,0.7549742773039441,0.6954697724715019,0.6344734981441094,0.5784073949601577,0.5217690934135644,0.4616987265624999,0.4063268671875,0.36389863700731884,0.3381476480855088,0.31989728291048225,0.2933920846094052,0.2559309413127668
27-01-2026 11:30,25078.55,0.3417364764505705,0.34369683146545854,0.3643604955288395,0.4056061325695179,0.4568242754966728,0.5092716464569909,0.5674443987877748,0.6270503270332406,0.681616507816853,0.7448212750332381,0.8115024786535111,0.8658557150980344,0.907530838110319,0.9178620161445766,0.884454458744531,0.8308225080315085,0.7752520546312376,0.7155329609091834,0.653844668566783,0.5973664077989393,0.5387532090037367,0.47759942968749997,0.42157865625,0.3767556095965566,0.34558296303702646,0.3227212830766445,0.29693013295981946,0.2587893826255337
27-01-2026 11:35,25074.65,0.401895452901141,0.3750023426184173,0.37800370054865484,0.40683068847960563,0.4477187833800335,0.4969965860483421,0.5538655609527802,0.6128066730644507,0.6700346173942976,0.7297068706089549,0.7913424838952217,0.8481411615422642,0.8976648216352334,0.9215844857225867,0.8984795964451734,0.8462079557610478,0.7904909110199422,0.7339772170218682,0.6743339523591158,0.6133612626084068,0.5508121264271364,0.4889008203125,0.4312699062499999,0.38266620718579425,0.34274830142604407,0.310229738297102,0.2806755426374406,0.24111594131276678
27-01-2026 11:40,25088.45,0.4206064764505704,0.38989022990295863,0.384266145238908,0.40170333593749996,0.43366244531249987,0.4796492109374999,0.5339775423285396,0.5913433257242072,0.6528967494429564,0.7115642806825069,0.7663682669436876,0.8232111704106254,0.8725920347795059,0.9052393982884891,0.9073948178903468,0.8687575411146299,0.8122726518886787,0.7556530365420813,0.6891791066561239,0.6144163483712646,0.5500556090909837,0.49697057686745927,0.4468647798541517,0.4007345713486585,0.36060095149427207,0.3269269926777498,0.2939950374317721,0.2529949999999999
27-01-2026 11:45,25159.6,0.3400749999999999,0.33767820312499996,0.34741149218749995,0.37154007978997156,0.41030617226022786,0.46234680994051247,0.5179120374502034,0.5751157051201125,0.6387204168335725,0.7004775247694734,0.7536053903014327,0.8072131307256057,0.8572956334755756,0.9001272144092181,0.9213920964451733,0.890877789551904,0.8325777147281838,0.7736567688245668,0.6982407093136905,0.6117042358050292,0.5464874603694676,0.50264025198161,0.46332329444362613,0.42600779321606463,0.3963997004176758,0.37564332890683866,0.356812684432353,0.33637
27-01-2026 11:50,25103.25,0.326104763678957,0.3313140963985859,0.3476139606164943,0.37531582434829625,0.4177772512675601,0.47409008081852505,0.5311747044468674,0.5881617915714247,0.6479682345942608,0.70807139767327,0.7664713721081671,0.8222256226343045,0.8748669916359424,0.9180133178341034,0.9233155727747546,0.8766183652009714,0.8187125118457748,0.7655831595316588,0.6968446935214527,0.6160843590416483,0.5457999601553006,0.4952772692358135,0.4543276275533099,0.4170996791888036,0.39041693882153206,0.3744140600574714,0.35927249039665965,0.34162
27-01-2026 11:55,25084.4,0.37511452735791406,0.3702477600848792,0.38033658549957255,0.40334403297193117,0.4397807984585206,0.4919242991032198,0.5491845514421837,0.6043803835298998,0.6606804376133814,0.7213221061682619,0.7827686903342495,0.842895816345985,0.9023148180194084,0.9423550284609769,0.9255953347717787,0.8609017515172211,0.8035787281876069,0.752571132704142,0.6850383263818419,0.611938172358006,0.5419918545364776,0.4857795222871025,0.44192192298582395,0.40052246237643974,0.36745579201503653,0.3446283181799728,0.3190074549110597,0.2839141313748268
27-01-2026 12:00,25100.25,0.383902263678957,0.37490817628650047,0.3819199141496622,0.4053045917463598,0.44120448528027234,0.49135942702810154,0.5502869977774579,0.6062281068289634,0.6610940593186738,0.7222054684887756,0.7813497707420872,0.8423420071291805,0.9104066691406455,0.9564099668756106,0.9430554301823048,0.8818619337310658,0.8213205536503896,0.7603553749311818,0.6851927388714989,0.6176456251653556,0.5561115042820524,0.49750649117025697,0.4496830545292691,0.4069284189121964,0.3724852679229369,0.3470838108767248,0.3160892115205576,0.2711769365408934
27-01-2026 12:05,25122.5,0.3721375,0.36266913760020725,0.36843392989158386,0.39306507451283557,0.43476760086066774,0.4897994908335842,0.5495374087114998,0.606757514787627,0.6597236161692738,0.7169101690171683,0.7773504675385409,0.8396987187074577,0.9079771721067119,0.9597214232312256,0.9581677721482911,0.9053916909018536,0.8425726576210575,0.7806164505110738,0.7114484110505892,0.6446265950420389,0.5799856229966551,0.5185207628229769,0.46584232927628927,0.4204606719670331,0.3872194129985131,0.362532778534223,0.33146111335780976,0.2864239789573064
27-01-2026 12:10,25117.85,0.35524,0.35031139062499994,0.3599618671874999,0.3884228939226645,0.4366578028756676,0.49709966504619296,0.5547872089170528,0.6113996375613802,0.6681166285393844,0.7253589662940645,0.7867720510554622,0.8495712405138062,0.9125033502035848,0.9618829797255859,0.9652327289630107,0.9148077528620376,0.8515850781250001,0.7960298359375,0.7349302081729078,0.6640390167774204,0.5903487392454669,0.5257208734451764,0.474239519078099,0.43241382534662137,0.3998664094664851,0.3741901796868383,0.34790988672150513,0.31608117379123973
27-01-2026 12:15,25117.6,0.3467325,0.34053805167137735,0.35679935597439044,0.39367900900500696,0.44577087520567865,0.5053615313512789,0.5628491405894167,0.6222126871584293,0.6821473318363528,0.7399628398702552,0.8003362579521827,0.8608372316666904,0.9210252169624377,0.9698675108997824,0.975183125,0.9246291092365524,0.8596066093005694,0.8034852345318295,0.741316300956958,0.673354185992695,0.6009109804535704,0.5296628875252216,0.47640975281297687,0.43815163822519054,0.4045395780202388,0.3777673293625323,0.3541560096552198,0.32437249999999995
27-01-2026 12:20,25109.2,0.34417,0.3375308917776284,0.3608072554357815,0.3996561781472233,0.44957722594581323,0.5076862816381529,0.5695090445894773,0.6321014039621575,0.6874304843400196,0.7436453981829788,0.8057354414079677,0.8675532158522041,0.9299052813114338,0.980539375,0.9869375,0.9373808747348559,0.8700990007912287,0.8085052677953363,0.7472344259310982,0.6871968948366087,0.6212634225782454,0.5509223784832147,0.4887165868671597,0.4387145110441223,0.40105381550206515,0.3746336983100745,0.34960438649793973,0.312255
27-01-2026 12:25,25134.2,0.32494,0.33217010092052385,0.3623542303272256,0.3989908696540951,0.44701766730684167,0.5087306804564783,0.5771821571236648,0.6424746185084682,0.6942471759061862,0.7495663471207022,0.8135344609374999,0.8787849062499999,0.9435030546875001,0.99270875,0.9987281249999999,0.9511172264475547,0.8828201736807489,0.8176948554326843,0.7594139917194337,0.7015214456312794,0.6358070748083784,0.5688754229200192,0.5011495054765465,0.4425111182380541,0.405316450999828,0.3799117366575517,0.35491397059271995,0.32447499999999996
27-01-2026 12:30,25098.2,0.3246925,0.33554587381867185,0.36383130574466843,0.40374514835371944,0.4562972077343159,0.5230860390270143,0.5947581477380341,0.6579283133743283,0.7131571720517706,0.7736768347087086,0.8365544516494846,0.901426216778431,0.9658163437499999,1.009881875,1.01080875,0.9617385034917603,0.8917852402783217,0.825558348573123,0.7669416632082962,0.7030680566397093,0.6314024713734493,0.5664760458579585,0.5040377147307475,0.44833300488380967,0.4089538045458827,0.37931218695932856,0.3518083939156498,0.3204142923728406
27-01-2026 12:35,25099.65,0.3383090201214595,0.3473821119105231,0.3734397374417133,0.4177306330844229,0.4740504367733853,0.5421442827138204,0.6169448500926868,0.682598353407851,0.7416864387320188,0.8037203538079348,0.863936652497809,0.9264356318382249,0.9871764814280634,1.0257625,1.020898125,0.9694779444600182,0.8981806833413306,0.8288379181847244,0.7675249272103455,0.7003909708202494,0.6252427567867651,0.5616431933861987,0.5026055247356073,0.446433936950063,0.40544778515160845,0.37569181903424537,0.3482598549443989,0.3153961917178719
27-01-2026 12:40,25084.95,0.3492316618236137,0.355517777404801,0.3833924739431987,0.4309508633018376,0.49100947003370154,0.5588077588328847,0.6339804232313093,0.7084580791287259,0.7676501993538977,0.8231169712320817,0.884433242950666,0.94586204260005,1.001645097225769,1.037678125,1.029553125,0.9759852066050092,0.9076601955429653,0.8390146087201118,0.7720137113660719,0.7037757405066243,0.6298279900781826,0.561690110141051,0.4981920228687913,0.4411144584807783,0.4054970555053884,0.38250960219553387,0.36084827814184806,0.34163950631722195
27-01-2026 12:45,25083.9,0.37053126328284874,0.36924248777873,0.39638553519775876,0.44590796097867513,0.5102507298565179,0.58058637955624,0.650867013546669,0.7215462152534097,0.7798790829268959,0.8397695751471155,0.9070660270432384,0.9653599854781568,1.0176590755672001,1.0526666229535029,1.0398858114767515,0.9809125023309594,0.9127517593523666,0.8464535997518331,0.775676008923933,0.704875451314333,0.6321435659202664,0.5588643859597875,0.4917241869163318,0.4374635239774843,0.4008497977905539,0.3785303733958069,0.36597640580960894,0.3579438538618094
27-01-2026 12:50,25065.25,0.3739436215806946,0.37967279803669884,0.41314287905799985,0.4698967088753148,0.5313735824177819,0.5969656386869129,0.6655617136888877,0.7272420122976284,0.7840155431408864,0.8552029352573669,0.929473080334006,0.9851058250050864,1.0352483289109173,1.0713213709070055,1.0512584308137372,0.9795708236470232,0.9096585768913014,0.8490500523093945,0.779973348320608,0.7082007890625,0.6348147303232996,0.5588763555514731,0.4887211801438466,0.4325824649264729,0.38864493563332886,0.3610164247828989,0.3508508883305195,0.3409974937792372
27-01-2026 12:55,25094.45,0.34782749999999996,0.36941427340869254,0.41655272253078685,0.4825539823548553,0.5406171662558633,0.6000054220175214,0.6684544618580078,0.729871892371932,0.7903690031949486,0.8639516593803747,0.9381694367601138,0.9970459820178638,1.051718201945494,1.0918541229535028,1.0684625521972202,0.9893067727666031,0.9180421963299009,0.8611219247825148,0.7958813173135137,0.7249587371039683,0.648289169838066,0.5700577848827519,0.5002129728733392,0.44211128632051966,0.3950918115666644,0.3616017241101994,0.3388967918215097,0.3149187468896186
27-01-2026 13:00,25087.35,0.3410775,0.3684071164849473,0.41641304496489295,0.4758964279892786,0.535365316761908,0.600957879894871,0.6701560746160155,0.737120707171185,0.8055829118567036,0.8731463233195599,0.9397738262532944,1.005044108700678,1.0680180906165708,1.1091725,1.087075637443434,1.014048639530294,0.940937460319097,0.8756857561316358,0.8083457693527039,0.7381389830428342,0.6581401052071583,0.5762081648153878,0.5082901679502927,0.45115237818770726,0.40237058529021713,0.3646423553882428,0.3298214846181342,0.29135
27-01-2026 13:05,25077.3,0.36624,0.3878415958954006,0.42597476048716626,0.4764657755829006,0.5377997390893174,0.6092323515625,0.6799785239487898,0.7489624705906908,0.8194724948463019,0.8857435018406907,0.9511098286362898,1.020309328125,1.0859209218750001,1.1227999999999998,1.0982732841663994,1.0290445171315739,0.9580925509612415,0.8868144103943346,0.8113860986592671,0.7414220787770436,0.6592400450565841,0.5667529399064273,0.4955481878288664,0.4424998916186011,0.39534669611585993,0.35563657033192664,0.3145753442362685,0.26548
27-01-2026 13:10,25078.6,0.3881191920884798,0.40370200391017286,0.4358937006002765,0.4843010781249999,0.5459429062500001,0.6175745703125,0.6888231171875,0.7571990078124999,0.8263668593749999,0.8978327941222789,0.9729387407198171,1.0464360025700763,1.1070124750948171,1.1371699999999998,1.1140994545832,1.0464796884268195,0.9735938718282878,0.8995532868518474,0.820375431016588,0.748700089940927,0.6632704483734977,0.566157996894223,0.49328033118016873,0.4438075359782136,0.4001335161355872,0.35573575333562024,0.30820021859256896,0.2578525
27-01-2026 13:15,25088.55,0.4080083841769596,0.4189727578203459,0.4464418777630529,0.4914563531338722,0.5543986491472881,0.6292701776712443,0.7021509460128152,0.7719096740136011,0.8384788359280272,0.9082627207639706,0.9879718095646345,1.0653735363901529,1.1250904111271343,1.15320875,1.1330887500000002,1.0668575784397358,0.990412847077741,0.915266685555746,0.8357198770730406,0.7600738340772004,0.6774976872229738,0.5898732496986265,0.5151877656801377,0.4573518279296243,0.4062405783936031,0.35347334203609504,0.3028289220643002,0.2566325
27-01-2026 13:20,25085.9,0.4344041920884798,0.4386748632851729,0.4594857631002764,0.5005255049050815,0.566499689281526,0.6459492197292147,0.7183083923875804,0.7889235294770391,0.8566676796685546,0.9234531294736047,0.9967876860323172,1.0723886666325764,1.1404070551549124,1.1714126548076107,1.1453859346152218,1.0804964444995826,1.0095449975954889,0.9370451243169342,0.856711271481694,0.7796928927244322,0.7019166756369958,0.6169994775304473,0.5345681836922677,0.46501260129167576,0.40349602889279873,0.3468930182942999,0.30329836085098916,0.27109874959294766
27-01-2026 13:25,25098.05,0.4316649999999999,0.43866166484386904,0.462649485136954,0.5039825996274152,0.5697222010528302,0.6494051798821967,0.7210292357992152,0.7929314587882748,0.8675043515530273,0.939421177691069,1.0143920512324962,1.0911085043091804,1.1578877582276867,1.1889396846152214,1.165736244230443,1.1091116272772226,1.0412330379190913,0.9657986288815392,0.8855402801975176,0.8057595744679404,0.728234444270969,0.645094455883183,0.5586221629185589,0.4813886990833379,0.41496166830914,0.35954568250413166,0.3335264508508458,0.34754846286991253
27-01-2026 13:30,25112.65,0.37012999999999996,0.4080871636330402,0.4499663516327832,0.5030654292202787,0.5738399663156951,0.650363755959428,0.7244485576140641,0.8034739247337734,0.8846825199882372,0.966729639020804,1.0583936041017121,1.137941436241721,1.189415814169302,1.215303824927831,1.1957211893714408,1.1400639957706742,1.0687681260037225,0.9891279036560118,0.9038603621021438,0.8131245730542555,0.738048943364988,0.666882232270923,0.5859471635839515,0.5127178660623085,0.4539142852341413,0.41402991712056025,0.41310962455725236,0.4671856769609821
27-01-2026 13:35,25095.5,0.32768,0.3953532153716779,0.45494870258108167,0.5270392858126218,0.6083946237139414,0.6827152829701081,0.7580634895042285,0.8418416584428732,0.9260491649764744,1.0138189401622708,1.1136889591064496,1.1921082687981672,1.2371160472464393,1.2523629652404404,1.2121998845124389,1.1436292533218315,1.0744539051061426,0.9990886969865563,0.9096523556140511,0.8099193230796334,0.7316562674208522,0.6627353705700134,0.5872814443554027,0.523082958687117,0.4758604532807826,0.45405818458412717,0.46079983661603086,0.49589846368401713
27-01-2026 13:40,25049.05,0.3659,0.4262401524905635,0.49111390733507226,0.5833987904007454,0.6874699651702167,0.7691074108012865,0.8370119961705379,0.9068608745314287,0.9769478448939485,1.0523822088662904,1.1420549709032073,1.2250104561561521,1.2796507156223662,1.2804318960808387,1.210766408643019,1.1316871873822205,1.0670515240344634,0.9950982845901951,0.9132080730099315,0.8208494674135094,0.7314386190339055,0.6482830699516552,0.5666953461236026,0.4952061882968699,0.4430325537112927,0.4128748856461779,0.39161361514850074,0.36938
27-01-2026 13:45,25044.1,0.40041,0.449589434491409,0.5119867190232619,0.6139119761635471,0.7399715030428796,0.8323987421080553,0.8953050731493474,0.9540632078074839,1.0092705345977153,1.0757850541241318,1.1631186381532035,1.250746002867214,1.312390745191053,1.3089602019212372,1.226500477781141,1.1416995042422682,1.079247810126529,1.0068084511982505,0.9288189887900571,0.8435944017153444,0.7469960625,0.6521947537822412,0.5618008879587577,0.47669607638800743,0.41252851807586066,0.368973924429512,0.32609359714563146,0.2794175
27-01-2026 13:50,25054.3,0.3884699999999999,0.4450236418432559,0.5139056490711272,0.6057440778441152,0.7167373220669122,0.8125534570536539,0.8884556215597734,0.9586937396828525,1.0239724382282969,1.101325529161893,1.1931739087840019,1.2764199242926166,1.3417452987448155,1.3512423275691832,1.2749906971190117,1.1809612347931608,1.109046350371812,1.0381756701213052,0.9550335111723465,0.8573948083057703,0.760261390232569,0.6678355991267667,0.5749608550492541,0.48578849590497375,0.4155594822945378,0.3679502764344955,0.322168676612666,0.27937499999999993
27-01-2026 13:55,25040.65,0.3666925,0.4367116927698075,0.5193218697828701,0.6062906752655289,0.7014625411298225,0.7989469686989573,0.8849769902826997,0.9662489434332212,1.0473994316612927,1.1301534938409286,1.2160235071717713,1.2986902204034283,1.3743425743469408,1.3922982898518397,1.3192809997112203,1.222348975761476,1.1360493719974467,1.0599081120829013,0.9696809588405547,0.8569799165193945,0.7605544841817383,0.6714761970512432,0.5809627501240223,0.49836294471299225,0.42952581220383496,0.37757870162801754,0.3200423209402234,0.2541450309473346
27-01-2026 14:00,25042.35,0.35904249999999993,0.44277044747585986,0.5355279148195108,0.6293917038692165,0.7313263567790305,0.8343679453269118,0.919281327582867,1.0010810246962656,1.092393409191617,1.178989128623281,1.2576157605626923,1.3405266171942762,1.425571147214446,1.440749204910373,1.3544485497559715,1.254274445213038,1.1654665819936174,1.0806942599246803,0.9840737612059549,0.8716270575694949,0.7706462507907698,0.6723197273955481,0.5821020607904172,0.5025218094216876,0.43233342349782405,0.37639488179639524,0.30701000280333585,0.2102800618946692
27-01-2026 14:05,25010.6,0.3743924999999999,0.4648038671009458,0.566630223691343,0.6682957349927197,0.7712745925134298,0.8741139618738999,0.9596124331035896,1.0474789464162475,1.150518486716439,1.2442869440386666,1.3195985202328933,1.3949576432237187,1.4782281812503162,1.4902193216994848,1.3858063317506053,1.2668972089262827,1.181006161000242,1.1002775338734785,1.0028580947965904,0.8975320688106984,0.7955500986294548,0.6849709549833178,0.5804623899559284,0.49320031906999207,0.41699399714625385,0.355676723958384,0.28783496663350827,0.1896375309473346
27-01-2026 14:10,25041.35,0.37883,0.46959171217902335,0.5774997668778747,0.6910052308168807,0.7925895221140077,0.8872795637707247,0.9782178794211617,1.0773061043392076,1.1862632738772698,1.28096333814499,1.35895352440271,1.4343513020521084,1.5117674539993504,1.5232205550323872,1.4159166919623678,1.2861671354312272,1.2014092163689551,1.1262256118300802,1.0268933908995121,0.9188245250304287,0.8170462931670559,0.7059121095246622,0.5921640562814154,0.4978150991892627,0.4166744930969555,0.3513790787844773,0.2960645565810259,0.2277499999999999
27-01-2026 14:15,25034.25,0.37834999999999996,0.46925726484526403,0.5779286827424555,0.6971650333833134,0.8015307540801346,0.8955423654432126,0.9931851947590261,1.098344006461942,1.2118878043230845,1.3065424939009544,1.384914601306115,1.4713830591988373,1.5477611843419414,1.5516334459630041,1.4526241314626862,1.3322231266841273,1.242067986967238,1.155084696458239,1.0523286683034023,0.9401387326692535,0.8321199797205479,0.7279763227767242,0.6215460992005352,0.5209319379431208,0.43312913653068386,0.3675823324686503,0.32050968693032916,0.27281
27-01-2026 14:20,25028.4,0.399095,0.49061224672746073,0.5990238451325295,0.7149549161694059,0.8204789556731289,0.9203443189215983,1.0192297791455998,1.1280573998315315,1.2487480707345306,1.3439154735927001,1.419724259084713,1.5126043163523426,1.5946865090853226,1.5854263167114593,1.4687718863996602,1.3520323400066858,1.2680636177135627,1.167791609343694,1.0559667706320426,0.9530662593893242,0.8523666518160286,0.7490396827762564,0.6420575986573858,0.5264051093142783,0.4183920873265238,0.34863605634741357,0.30100272789046684,0.242135
27-01-2026 14:25,25022.0,0.4107699999999999,0.5083252405512304,0.6193306347234316,0.7362370529115089,0.8505181907169512,0.9605978546540566,1.0633307114549224,1.1718724240557574,1.2872329783888936,1.38869663523385,1.4772949749941529,1.5733137318198742,1.6684682431099525,1.6572552441776096,1.506368603854814,1.373765288192889,1.298458174958244,1.197760292649367,1.0729124477797523,0.9762782759303703,0.8868204293146349,0.7716069090505593,0.6502706759990955,0.523084303210206,0.3968495451422044,0.315718407080298,0.25800724901352395,0.1721930933187104
27-01-2026 14:30,25040.85,0.43945,0.5301548515625,0.636508640625,0.7554282377523032,0.8777017154967598,0.993767346113913,1.1040105748717597,1.215368644002303,1.3301860493576358,1.448056987673355,1.5546621222225312,1.6505607365232613,1.7471812596225815,1.7456046970728574,1.598387815436656,1.450119267934565,1.3585348160689616,1.261721780828087,1.1389455145241951,1.0371016664729882,0.9390551696670095,0.8095815870511349,0.6768825909490495,0.5527117929838206,0.4249904262591976,0.3198594256825065,0.239555405270845,0.13773368663742086
27-01-2026 14:35,25042.95,0.45590499999999995,0.5311323046875001,0.6291347656249999,0.7445812265624999,0.865010546875,0.980735359375,1.09396496875,1.2091086484375,1.3319479502488683,1.4719145589719742,1.5951619616451242,1.6871515323849604,1.7751243539895163,1.791568285912986,1.686866875,1.540986011858678,1.4278905728136821,1.3392158148446447,1.229683316807236,1.1167659045484668,1.001006824976342,0.8712355466839036,0.7425228301001914,0.6093795885356784,0.46479767831160484,0.3376470584725234,0.2472403980861838,0.1590155933187104
27-01-2026 14:40,25097.55,0.3979975,0.48095896465500787,0.589872492888953,0.7065343005925079,0.8271982650855313,0.952469171875,1.07489809375,1.1890566640625,1.3077938383623298,1.4547082096113835,1.589103801872994,1.6926264419059796,1.7894439367030879,1.8296087935833827,1.7698679592962452,1.6306679797716201,1.50005842444022,1.4209487199421094,1.3235702468744104,1.1996610427866927,1.070721189402021,0.9427783844019832,0.8137519709263776,0.6621567145333239,0.5080299787663032,0.38338405439900974,0.28893071678741744,0.20797249999999998
27-01-2026 14:45,25108.1,0.3779072203559426,0.45520067015122606,0.5716559458415185,0.6962174996225158,0.8218415379835627,0.9576400001814387,1.0972495223275975,1.219701458354818,1.3300745222986945,1.4609672713067026,1.595409101535509,1.7210959270316066,1.830553400612166,1.8844727577632765,1.855350783401211,1.726347929306772,1.5851873739958324,1.5062470106963761,1.413211376008113,1.2850328221513707,1.1514252968003296,1.0149465422414665,0.8703272965708588,0.7077460075592057,0.5579969381877321,0.4335122037739498,0.317108425066031,0.20867499999999997
27-01-2026 14:50,25122.3,0.3957944407118852,0.45078702703415385,0.5676471421917162,0.7100083319251338,0.8401981489602972,0.9820126679352943,1.139101119945623,1.268693019210327,1.3744022306044228,1.4965748050503773,1.6320076066984863,1.767096252557613,1.8761768723397338,1.932475079082728,1.9363910835189024,1.8452030772205132,1.7114199330034205,1.6308271386391937,1.5362218475175868,1.397810449583712,1.2536250838424525,1.1056140797144833,0.9525039436856876,0.7760178467377583,0.6059185915534105,0.47213576125138024,0.33795198840202373,0.1944075
27-01-2026 14:55,25143.55,0.3407022203559426,0.43171764515951977,0.575737002878785,0.7357266649651105,0.8715533317235924,1.0227918197012724,1.1887418447834537,1.321879749293701,1.4367531129760522,1.5591855939314385,1.6926015568231645,1.8384353349156668,1.9511375196476244,2.013134747862743,2.047605404019153,1.985135946171607,1.85713614409575,1.7688674794526524,1.664765858665932,1.5107706225983304,1.3473879543573586,1.1863342632275866,1.0263406895269556,0.8408662439981829,0.6576563380208708,0.5139139961890649,0.37145378261014406,0.22651525503461117
27-01-2026 15:00,25118.0,0.254605,0.4222468399839427,0.5969152418537299,0.7622802203073431,0.9160511446353872,1.0708290425724165,1.2300557706029283,1.3865544931256912,1.5321971703242274,1.6536451884271939,1.790388629930836,1.960238653798204,2.078521330515539,2.1653683452291914,2.225904019605216,2.1331207094317945,1.9585704314544923,1.8355103839978433,1.7256069218328678,1.5750832929012015,1.394572507803812,1.2160564369891405,1.0509181348374057,0.8756855935815425,0.6991069268040724,0.5324304504381706,0.36677691743041363,0.2177005100692225
27-01-2026 15:05,25134.65,0.20299,0.4196049888342689,0.6164653970300479,0.7900229997986019,0.9585274835803045,1.1147014840022882,1.2797068942232015,1.4673226974328122,1.6445033980185988,1.7791724606242445,1.9274924077965687,2.1075006914307406,2.230062788976008,2.3537949999999994,2.4306683621140435,2.293509876805511,2.075590452670185,1.9315774013506999,1.8261986933041177,1.6778095840859653,1.4775826796701241,1.2818436624205207,1.1090934669161694,0.9325650021238622,0.74589849771163,0.5532308384916637,0.3590529423573185,0.16561775503461126
27-01-2026 15:10,25154.95,0.171485,0.42093316369382067,0.6449144845069043,0.828512888747487,1.0074226673374875,1.189055328356457,1.3962891909567232,1.6216922401899765,1.8130366542973329,1.958363915108503,2.108240190863997,2.2805995371216206,2.425839527300504,2.58857375,2.670835474228087,2.5442605664290934,2.3537057856470947,2.2008897967212526,2.061302610974256,1.8724084714444096,1.6477647656163121,1.4393022933464668,1.2366522707608694,1.0339631630049408,0.8309649656573551,0.6112868151456785,0.38739274055101197,0.17501
27-01-2026 15:15,25174.85,0.1173324999999999,0.40981903772208833,0.6673281810176961,0.8788371054643754,1.0886834677454875,1.3185253715187275,1.5765212056349642,1.8444458524962304,2.0681564602735554,2.2360510883427613,2.394131980962675,2.5618358125,2.7438145937500007,2.9469021875,3.037108515625,2.9714784694549126,2.8221421562261875,2.620249515353351,2.408263342513694,2.1659460624999998,1.9153343984375,1.683858453125,1.4475104375,1.2165642343024023,0.9795228393631115,0.7149722272025756,0.46449842040042577,0.24697
27-01-2026 15:20,25198.1,0.0532774999999999,0.3853045445628561,0.6976851744034879,0.9857916581187636,1.260810002528488,1.5531585064772369,1.8594348137300634,2.163852238997531,2.4474175419170074,2.6832534176585234,2.9070275676108643,3.0917454492187497,3.29193731640625,3.5169831250000003,3.6506021820219123,3.7325321923057784,3.6374408656156634,3.3604070272752735,3.0729939609374997,2.778171171875,2.4824580468749997,2.1934834296875,1.903031109375,1.6133811445312503,1.2631339538354558,0.9011057716802408,0.650836056854113,0.40811875
27-01-2026 15:25,25242.4,0.03726,0.37172225,0.74042846875,1.1355685624999998,1.5300215937499997,1.9143501875,2.290880625,2.6604680156250002,2.97886690625,3.29263803125,3.6556823593749996,3.8785865781249997,4.062882515625001,4.3090975,4.6198225,5.00048884375,4.977243265624999,4.59334265625,4.211515125,3.82898884375,3.445369125,3.0602779687500004,2.6732220625000003,2.2817410156249998,1.74730746875,1.209676703125,0.95367028125,0.714555
