datetime,underlying_price,NIFTY27JAN2625200CE,NIFTY27JAN2625300CE,NIFTY27JAN2625400CE,NIFTY27JAN2625500CE,NIFTY27JAN2625600CE,NIFTY27JAN2625700CE,NIFTY27JAN2625800CE,NIFTY27JAN2625900CE,NIFTY27JAN2626000CE,NIFTY27JAN2626100CE,NIFTY27JAN2626200CE,NIFTY27JAN2626300CE,NIFTY27JAN2626400CE,NIFTY27JAN2626500CE,NIFTY27JAN2623800PE,NIFTY27JAN2623900PE,NIFTY27JAN2624000PE,NIFTY27JAN2624100PE,NIFTY27JAN2624200PE,NIFTY27JAN2624300PE,NIFTY27JAN2624400PE,NIFTY27JAN2624500PE,NIFTY27JAN2624600PE,NIFTY27JAN2624700PE,NIFTY27JAN2624800PE,NIFTY27JAN2624900PE,NIFTY27JAN2625000PE,NIFTY27JAN2625100PE
07-01-2026 09:15,26111.65,0.12662,0.1233,0.11741,0.115348064641605,0.11005,0.10576,0.10345694326260588,0.09724,0.0957,0.09397,0.09187,0.09041,0.08908,0.08795,0.1784,0.17237,0.16928,0.16370858208778447,0.1576,0.1524,0.14697,0.14105,0.13613,0.13085,0.1264,0.12142,0.11631,0.1115
07-01-2026 09:20,26141.4,0.08632,0.10657404410280892,0.11650833453776531,0.11779,0.11197,0.11028,0.10046480342088908,0.09645205244879917,0.09837,0.09619,0.09413,0.09236,0.09057,0.08925,0.17962,0.17477,0.1715421305994693,0.16534,0.15967425525122003,0.1542,0.14753,0.14274,0.13849,0.13282,0.12710295485146172,0.12363,0.1165758844056382,0.11353
07-01-2026 09:25,26139.35,0.09147,0.11729320866366061,0.09514,0.09933,0.09599,0.09204,0.09216,0.08954,0.08996,0.08861,0.08697,0.08627,0.08541,0.08551220207583918,0.1801,0.17574,0.17154,0.16567,0.15927,0.1527807581632136,0.14919,0.14245,0.13806,0.13242,0.12877,0.12349,0.11817,0.11064523044412708
07-01-2026 09:30,26128.95,0.1086,0.10842,0.1115,0.12248,0.10715,0.11098,0.10345,0.09694310166463653,0.09864,0.09511,0.09304,0.09123,0.08838146238600443,0.08843,0.18174,0.17598554112352804,0.17206,0.16502,0.15755,0.1528308447018873,0.14691,0.14209,0.13721,0.13184,0.12722,0.12252,0.11729,0.112
07-01-2026 09:35,26131.9,0.10462,0.10538,0.12459,0.12051,0.11225,0.11294,0.10544,0.09714614966683793,0.09896,0.09278190308853404,0.09412,0.09136,0.09014,0.08885,0.18193,0.1758204727100628,0.17226,0.16522,0.15924,0.15334,0.14784,0.1423,0.1368773983998746,0.13219,0.12733,0.12295,0.11707,0.11074142856174822
07-01-2026 09:40,26145.15,0.07079,0.07639,0.08313,0.08523,0.10941340394983591,0.08734,0.10619039207929899,0.10102553483450873,0.0845,0.08386,0.09387615040736462,0.08301,0.08262,0.08249,0.18277,0.1782,0.17265,0.16631,0.15883,0.15343,0.14961,0.14337,0.1382,0.13313,0.12864,0.12374,0.11872,0.11102206546811111
07-01-2026 09:45,26113.1,0.1327944691164404,0.11837,0.10826,0.11514,0.1083,0.1055,0.10226,0.09871828400590822,0.09741,0.09438,0.09237,0.09075,0.08741363111280444,0.08809,0.18107,0.17468,0.1704,0.16426,0.157,0.15289,0.14697,0.14089,0.13571,0.13075,0.12599,0.12096,0.1147303598697147,0.11071
07-01-2026 09:50,26110.0,0.1272333407614585,0.12087,0.10978,0.10863051673210233,0.10298235220872923,0.10476,0.09939,0.0968,0.09542,0.09316,0.09122,0.08945,0.0898595997579412,0.08699,0.1802437821714246,0.1745,0.17045,0.16386,0.15681,0.15155,0.14694,0.1416056141271251,0.13566,0.13068,0.12601,0.12033386236880574,0.11607,0.11095
07-01-2026 09:55,26108.9,0.13029,0.12175,0.13487,0.11927381119523135,0.12009,0.11328,0.10402613048930726,0.10093994070640423,0.10426,0.10032,0.09739,0.09479,0.09256,0.09083,0.18084,0.17444,0.16945,0.16358,0.15675,0.1514502814676821,0.14636,0.14063,0.1353,0.1305332620853819,0.12571,0.12047,0.11533600781618655,0.10983
07-01-2026 10:00,26140.3,0.09239,0.0877,0.115,0.11531,0.11123,0.10752,0.10161,0.09299487572968877,0.09747,0.09295150176226977,0.09255,0.09062,0.08911,0.08650440905157006,0.1828,0.17745,0.1717,0.16515,0.16067,0.15356,0.1481,0.14259,0.13740746884582983,0.13216,0.12774,0.12248,0.11621067907590814,0.1122
07-01-2026 10:05,26142.95,0.10393481263324009,0.08237,0.11304,0.11585698897807804,0.11037,0.11308,0.11004,0.10336,0.10275,0.09909,0.09616,0.08910002069459867,0.09181,0.09023,0.18298,0.17622,0.1714,0.16534,0.15961,0.15374,0.14828,0.14278,0.13766,0.13236,0.12794,0.12247,0.11739,0.11183
07-01-2026 10:10,26159.15,0.10591,0.11189,0.09886,0.11801876701152153,0.11399959485411192,0.1061644275028233,0.10588,0.09990800885921164,0.09766722436193932,0.09746,0.09524,0.09264,0.09117,0.08945,0.18278197308097113,0.17700796966252344,0.17292,0.16683,0.1605867760237101,0.15501,0.14937,0.14421,0.13893,0.1335,0.12947,0.12462,0.11843,0.11309
07-01-2026 10:15,26183.8,0.12049,0.09722,0.11136,0.09406,0.09202,0.10397112165577481,0.09326,0.08786,0.08838,0.09221661844502384,0.0906086439043061,0.08527,0.08415,0.08547207179721143,0.18267,0.17823146054395506,0.17425,0.16842,0.16269,0.15663,0.15173,0.14572,0.14048,0.13536,0.13028,0.12548,0.12019,0.115
07-01-2026 10:20,26169.15,0.13492,0.11376,0.12267,0.11250594212722206,0.10785,0.10004721247099976,0.09695,0.09399,0.09285,0.09260080513183594,0.08918,0.08778,0.08646,0.08546,0.18381,0.17694,0.17303804627999314,0.1675,0.16129382271577236,0.15454155360491023,0.15024,0.1447039202982439,0.13994,0.13449,0.12949,0.12431,0.11901,0.11379
07-01-2026 10:25,26152.25,0.14819,0.11685,0.1055,0.10144,0.10942207051218697,0.09828655079688584,0.09325,0.09388,0.0911,0.09057548235960008,0.08801,0.08672,0.0857,0.08459,0.18279,0.1759,0.17193285545872047,0.16566801542624796,0.16026,0.15459,0.14949,0.14378,0.13834,0.13291,0.12889,0.1234,0.11784,0.11258
07-01-2026 10:30,26130.45,0.14045,0.13392,0.12199,0.11803607318032075,0.10878415628718474,0.10631,0.10164,0.09839,0.09829674702127075,0.09407,0.09243314934031753,0.0901446770786232,0.0883,0.08712,0.18145,0.17666,0.17139,0.16528,0.15846321249970713,0.15318,0.14805,0.14233,0.13686,0.1314,0.12709,0.1217,0.11602,0.11102098800850052
07-01-2026 10:35,26133.05,0.13848,0.13213,0.12125260467367438,0.11432051188545042,0.109,0.10357,0.10375,0.09754,0.09843,0.09148642485197171,0.09299,0.0885510663822956,0.08935,0.08769,0.1803802965569408,0.17607,0.17133,0.16478,0.15897586437913958,0.15317,0.1486,0.14242544205505034,0.13675,0.13159,0.12694,0.12169,0.11603953048686154,0.11086
07-01-2026 10:40,26144.05,0.11504795685937363,0.1239,0.11880316060932879,0.11069,0.10792941128599481,0.10253,0.10796876591677683,0.09761,0.09496,0.0955168289195718,0.09067,0.09049984178496721,0.08738,0.08609,0.18288,0.1761410004781475,0.17204,0.1655,0.15977,0.15409,0.14898,0.14327,0.13781,0.13264,0.12761,0.12217832130501609,0.11697,0.11116992332896947
07-01-2026 10:45,26141.15,0.12448,0.10565429812361492,0.11456,0.114,0.10828,0.10332,0.10041,0.09745,0.09615937415676559,0.09195,0.09043,0.08885,0.08891693441630033,0.08575,0.18131,0.1766,0.17154945174813163,0.16533,0.15938,0.15392,0.14844,0.14292,0.13762,0.13204,0.12718,0.12241,0.11676,0.11213531610979727
07-01-2026 10:50,26146.85,0.15441,0.12166,0.12264,0.12576,0.11605396004273913,0.10062,0.10165942465641367,0.10421,0.10121,0.09751,0.09502,0.09229,0.09052,0.08866,0.18168,0.17627381791669827,0.17128,0.1657,0.15946068986528175,0.15411,0.14865,0.14331,0.13772,0.13245,0.12747,0.12241,0.11671,0.11127
07-01-2026 10:55,26168.55,0.11618,0.09908,0.10582,0.11299202332229501,0.10027,0.09883,0.09819,0.09465,0.09529,0.09256,0.0906,0.08877,0.08737,0.08584,0.18331,0.17727,0.17315,0.16687,0.16117,0.15444209196025477,0.1501,0.14478,0.13937,0.13411,0.12903,0.12419241568791123,0.11815,0.11277
07-01-2026 11:00,26160.15,0.14217,0.10926,0.12493,0.12832,0.11709,0.11632,0.11182,0.10649,0.10367,0.0996,0.09689,0.09419,0.09188,0.08512747759120148,0.18281,0.17727,0.17264,0.16635,0.16052515616180751,0.155,0.14973,0.1444,0.13896,0.1334,0.12844,0.12318,0.11743,0.11204
07-01-2026 11:05,26182.1,0.12359231406908193,0.06317,0.10803,0.11224,0.11009,0.10412,0.09991,0.09817,0.09052991195974971,0.0919,0.09056067957105456,0.08838,0.08688,0.0856,0.18446,0.17867,0.17404,0.16776,0.16186,0.15611667149578012,0.15102,0.14572,0.14020193532680486,0.13508,0.12984491202111265,0.12479,0.11928,0.11373
07-01-2026 11:10,26166.7,0.1259240695826036,0.10165,0.12041,0.11411768516968367,0.10432,0.10209657868715152,0.09653,0.09592182459375496,0.09205,0.08991,0.08867,0.08940067428490883,0.08535,0.08431,0.18353,0.1772,0.17284,0.16679,0.16173,0.15382,0.15000688346814084,0.14469,0.13988,0.13401,0.12898620100585168,0.1239,0.11804,0.11274
07-01-2026 11:15,26148.15,0.15103,0.12068,0.1167926299017718,0.11697,0.10479,0.10114,0.10383,0.10015,0.09801,0.0895491594841667,0.09307,0.0863818678934122,0.08902,0.08724,0.18212,0.17646,0.17147364436324913,0.16562,0.1597,0.15445,0.14843,0.14362,0.13802,0.13232,0.12763090359300233,0.12244,0.11685,0.11124
07-01-2026 11:20,26148.9,0.13325,0.11876489204823566,0.13221,0.10563,0.10438,0.09861821459727343,0.09484,0.09535,0.09483376209777873,0.0912,0.08892,0.08742,0.0862,0.08517,0.1813801104230344,0.17612,0.17222,0.16569,0.15961383632686652,0.15412,0.14849,0.14368,0.13808,0.13238,0.1278,0.12254039093813238,0.11682,0.11139
07-01-2026 11:25,26140.4,0.14019,0.09658879109200555,0.13724,0.11602,0.10911,0.10502449648439226,0.09981730055791846,0.09338549060617372,0.09615864623481153,0.09357,0.09148712999259252,0.08967,0.08807,0.08663,0.18187025985149147,0.17534,0.17146,0.16493,0.15901,0.15337,0.14829938755053362,0.14296,0.13721,0.13166,0.12754297037467055,0.12146,0.1159,0.11031
07-01-2026 11:30,26144.45,0.13223,0.1238,0.13491,0.12795,0.10692,0.10959,0.11051,0.10497,0.10338,0.09905,0.0955,0.0933,0.09089,0.08913,0.18165,0.17587,0.17124,0.16588,0.1595,0.15387924104482312,0.1489887861690952,0.14324,0.13734,0.13195,0.12677,0.12154,0.11602,0.11071
07-01-2026 11:35,26160.05,0.1379,0.10954,0.12705,0.11342,0.1144,0.09898,0.09861,0.0955,0.09382,0.09112,0.08876,0.09385022155819761,0.08612,0.08473,0.18262,0.17686,0.17249,0.16689,0.16051,0.15488,0.14989,0.1443,0.13873,0.13333,0.12776,0.12333079736589872,0.11739,0.11192
07-01-2026 11:40,26147.1,0.13746744661831012,0.12168,0.13513,0.11628,0.12094,0.10735,0.10434,0.0995170505806872,0.09677,0.09297,0.09119,0.08937,0.08741,0.08616,0.18184,0.17607,0.17141106581927476,0.16608,0.15948,0.15385,0.14842,0.14344584271526115,0.13755,0.13244,0.12735,0.12187,0.11653,0.11076
07-01-2026 11:45,26136.15,0.15533,0.13021,0.12347,0.10752752053988894,0.10396654043930512,0.10719,0.10479,0.09917,0.09782,0.09505,0.09244,0.09021,0.0873241335244393,0.08711,0.18118,0.17565,0.17120100582103673,0.16517,0.15878,0.15314,0.14771,0.14255,0.13711,0.13168,0.12657,0.12108,0.11628012919936544,0.11045
07-01-2026 11:50,26138.65,0.15371,0.12839,0.12183,0.10693,0.11294,0.09803711748795146,0.09573,0.09332,0.09232,0.08996,0.08826,0.08661,0.08613821546264157,0.08458,0.18163,0.17566,0.1717559593855673,0.16488,0.15896,0.15312,0.1477,0.14256,0.13742784737343502,0.13173,0.127,0.12127,0.11611,0.11082
07-01-2026 11:55,26126.7,0.12446978827863714,0.13681,0.11688643243068103,0.11165,0.11006,0.10405,0.10053,0.0968,0.09586,0.09299536341669545,0.09077,0.08943742454599286,0.08749,0.08637,0.18119,0.17570172920317711,0.17019,0.16413,0.1582,0.15235,0.14692,0.14193,0.13603,0.13077,0.12604,0.12062,0.11541,0.11042
07-01-2026 12:00,26121.55,0.16447,0.14018,0.12062,0.11358686282939048,0.1057185480115317,0.10525,0.10099,0.09795,0.09557,0.09277,0.09077,0.08877,0.0881116973987271,0.08587,0.18089,0.17468,0.17036,0.16382,0.15788,0.15314900816766347,0.14659,0.1418743403326413,0.13584,0.13042,0.12544,0.12036,0.11541,0.11002
07-01-2026 12:05,26110.95,0.17059,0.13099002248364772,0.12592,0.11854,0.11393,0.10904,0.10471,0.09891207051949905,0.09823824015219916,0.09505,0.09261,0.08961097636507799,0.08936233739618586,0.08731,0.18024,0.17388,0.16946,0.16361,0.15720006548086798,0.15220928436417133,0.14608,0.14106,0.13542,0.13009,0.12564,0.12023,0.1149,0.10954
07-01-2026 12:10,26110.45,0.13940038187090958,0.14699,0.12624,0.12268,0.1084732885386551,0.10926,0.10682,0.10029,0.10023,0.09643,0.09378,0.09151,0.08936,0.0877196862976552,0.18051,0.17387,0.17029935129006532,0.16336,0.15632,0.15152,0.14588,0.14087,0.13554,0.13007,0.12538,0.11999,0.11469,0.10926
07-01-2026 12:15,26107.4,0.1726,0.11898879433115914,0.1281,0.1104076108244101,0.10665767680933082,0.11083,0.10355,0.10125,0.09722,0.09467,0.09205,0.09009,0.08853,0.08725,0.18033,0.17372,0.16902,0.16318,0.15679,0.1516585473622067,0.14568,0.14051,0.1352,0.13013,0.1254,0.11967,0.11451794471258739,0.10945710482829407
07-01-2026 12:20,26103.3,0.14749,0.15113,0.12846,0.12228,0.11176,0.1131,0.10716,0.10184,0.09835,0.09035950219598186,0.09375,0.09145,0.08962,0.0882,0.18064,0.17369,0.16872985481533975,0.16293,0.15675,0.15088,0.14641718310548765,0.14057,0.13537,0.12972,0.12512,0.1199,0.115,0.10937830153032183
07-01-2026 12:25,26106.55,0.14529,0.11858315578574359,0.12654,0.11526,0.11023,0.10932,0.10306,0.09924,0.09688,0.09433,0.09216,0.0883850531424716,0.08851,0.08719,0.18086,0.17367,0.16924,0.16338,0.15697,0.15111,0.14612284450456636,0.1408,0.13525829529606,0.13025314989863854,0.12583,0.12057,0.11544,0.11046
07-01-2026 12:30,26108.85,0.13109268124321943,0.13189,0.12764,0.12135,0.11389,0.1097,0.1052,0.10143,0.09905,0.09602,0.09375,0.093575951285705,0.08962,0.0881,0.18079968395426924,0.17382,0.1696340576226765,0.16358587385586454,0.15713,0.15127,0.14704,0.14075128454093358,0.13536345438667355,0.13053,0.12554,0.12044,0.11535,0.11008
07-01-2026 12:35,26106.25,0.13895,0.11766156492888244,0.12525997278429277,0.11553,0.11035,0.10842,0.10552,0.10146,0.09871,0.09611,0.09355,0.08835252960553605,0.08912,0.08619409339170833,0.17976,0.17473,0.169,0.16316,0.15719,0.15237,0.14602,0.14097,0.13531,0.13035,0.12571,0.12036,0.11516,0.1098509809480202
07-01-2026 12:40,26103.5,0.11991,0.11696,0.11289,0.10667,0.10291,0.10951414736847392,0.09545,0.09235,0.0917,0.08965,0.08826,0.08653,0.0853,0.08439,0.1796,0.17457,0.16884,0.16299,0.15724,0.15153,0.14638,0.14079,0.13557,0.13083,0.12552,0.12089,0.11587,0.10937883407011337
07-01-2026 12:45,26084.3,0.13611,0.13107,0.1253,0.11451,0.11253,0.10675,0.1002979532708952,0.0982,0.09613,0.09317,0.09116,0.08921,0.08775535690903209,0.08642,0.1798603877061032,0.17193,0.16801243043109457,0.16086,0.156,0.15028,0.14511,0.1395,0.13425,0.12896,0.12449,0.1190888569464763,0.11384748986532514,0.10937
07-01-2026 12:50,26084.8,0.13576,0.13076,0.12502,0.11425,0.11181,0.10873,0.10386,0.09994,0.09747,0.09457,0.09258,0.0880694745866034,0.08887,0.08759,0.17985,0.17281,0.16768,0.16159,0.15605,0.15118,0.1449604263877329,0.13954,0.13415,0.12891575413448317,0.1243,0.1192,0.11391,0.10900150375489162
07-01-2026 12:55,26089.25,0.12181297146401171,0.12312643807777462,0.12235,0.1206,0.11469,0.10908,0.10466,0.10084,0.0984,0.0947,0.09279,0.09043,0.08873,0.08741,0.18102362318310464,0.17483901987616574,0.16774,0.16189,0.15657,0.15117,0.14577,0.13937,0.13418,0.1288,0.12429,0.11934,0.11381,0.10800375687735844
07-01-2026 13:00,26099.15,0.13774,0.12628495972127804,0.12114,0.11955,0.11469,0.10982,0.10022918663716472,0.10038,0.09815,0.09453,0.09202,0.09013,0.0883,0.087,0.17939,0.17435,0.16845988181229107,0.16276,0.15729,0.1513,0.14556257439507367,0.14022,0.13472990149841566,0.12951,0.12442,0.11914,0.1141,0.10896
07-01-2026 13:05,26103.3,0.142330870792442,0.11724,0.12528903563026558,0.11697,0.11188,0.10731,0.1025,0.09934,0.09665,0.09035575784451712,0.09115,0.08926,0.0873,0.08606,0.17966,0.1738826213594901,0.16866,0.16285,0.15729,0.15201,0.14642,0.14034,0.13517,0.1299067471714538,0.12461,0.11956,0.11452,0.10938
07-01-2026 13:10,26105.85,0.13259,0.11512,0.12451832680865797,0.11921,0.10758,0.10426,0.10056,0.09911192363064478,0.09497,0.09178,0.08993,0.08809,0.08807152182734515,0.08572,0.1789,0.17454,0.16883,0.16274,0.15661,0.15176,0.14609968886893462,0.14036,0.13536,0.13024393063076406,0.12528,0.11997,0.11473,0.10925
07-01-2026 13:15,26097.2,0.13545,0.12209,0.11688286978872504,0.11378706798264893,0.11389,0.1052116697859879,0.09947913530058106,0.10025,0.09667,0.09342,0.0919,0.08937,0.0863731174709853,0.08674,0.17932,0.17401,0.16878,0.16261,0.15718,0.1512,0.14514,0.14012,0.1345782327652035,0.1298,0.1249,0.11945,0.11408,0.10916
07-01-2026 13:20,26097.45,0.13528,0.12192,0.12229,0.11051,0.10726,0.10272,0.09787,0.09553,0.0935,0.09048,0.08899,0.08918523157507839,0.08593,0.08506,0.17786,0.17271,0.1683336757103336,0.16248,0.15609,0.15123,0.14535,0.14041731334210975,0.1348,0.12982,0.12439321581918716,0.11909897269059674,0.11352550361740214,0.10935
07-01-2026 13:25,26076.35,0.13635,0.13632,0.13447,0.11507,0.11124,0.10481,0.10174,0.09783,0.09578,0.09306,0.09102,0.08954404857199831,0.08719668584429283,0.08736960634262729,0.17677,0.17141,0.16651,0.16114,0.15614858108817115,0.14992,0.14396,0.13872,0.13324862245227145,0.12827230934107237,0.12294,0.11771,0.11287,0.10830368915277559
07-01-2026 13:30,26070.0,0.14088,0.1274407155965322,0.13783,0.11987,0.11361,0.10667819470738082,0.10436480947625545,0.10029,0.09795,0.09434,0.09254,0.09022,0.08856,0.0873019881543249,0.17822,0.17166,0.16894407048092672,0.16075,0.15539,0.14993,0.14476048209528913,0.13846,0.1346717045750479,0.12764,0.12272,0.11888676862482002,0.11258,0.1072
07-01-2026 13:35,26074.55,0.13557067288475094,0.1301418206842819,0.13547,0.12112,0.1144,0.11189,0.10505,0.10046,0.09766,0.09457,0.09234,0.09017,0.0882,0.08695,0.17852,0.17176731078486762,0.16691,0.16108,0.1552636796974171,0.1506016534796981,0.14467,0.13862,0.1328,0.1281,0.12259,0.11738,0.11229,0.10748091881036284
07-01-2026 13:40,26074.2,0.13798,0.13149,0.13567,0.12103,0.11374,0.11038196428234459,0.104,0.10033,0.09781,0.09447651668035655,0.09207,0.09026,0.08842,0.08693,0.17851,0.17132,0.16666,0.16104,0.15485,0.15056773691591285,0.14464,0.13877,0.13308,0.12729,0.12293,0.11799,0.1126217781081174,0.10731
07-01-2026 13:45,26072.8,0.1336535239657806,0.1375,0.13312491679890684,0.12452,0.11755,0.1126,0.10713,0.10257,0.10008,0.09637,0.09394,0.09167,0.08976,0.08827,0.17844,0.17253229449671786,0.16658,0.16074,0.15617013233803184,0.14982,0.14267,0.13852,0.133684481023006,0.1272,0.12272,0.11748,0.11227,0.10712
07-01-2026 13:50,26083.4,0.1311,0.13079,0.13071,0.11458,0.1109,0.10573,0.09955,0.09775,0.09571,0.09249,0.09049,0.08864,0.08724,0.086,0.18000672339981202,0.17275637760498197,0.16703,0.1622886175068391,0.15547,0.15029,0.14357,0.13909,0.13359,0.12796,0.1235,0.11838,0.11309,0.10797
07-01-2026 13:55,26079.6,0.13406,0.11824959262270111,0.13283,0.12454,0.11271,0.11314,0.09702623789481904,0.10267,0.09951,0.09595,0.09371,0.09128,0.08595401844500528,0.0879,0.17644,0.17088,0.1663,0.16097,0.15524,0.14995,0.1455681232129221,0.13868,0.13319,0.1277,0.12323,0.11758,0.11262,0.10895864953226571
07-01-2026 14:00,26088.65,0.12683,0.12726,0.11661938666577454,0.11393743465660595,0.10839,0.10736,0.10616,0.09645497513013504,0.09891,0.09497,0.0922557235640442,0.09048,0.08855,0.08723,0.17949330169028602,0.17287706838645542,0.16664,0.16202,0.15453,0.15055,0.14487,0.13898,0.13368,0.12808,0.12366,0.11826,0.11304,0.10766
07-01-2026 14:05,26096.3,0.11994,0.12171,0.11491,0.11938,0.10453,0.10799,0.10284,0.09853857739835865,0.09574482504279579,0.09296,0.09098,0.0892802483599091,0.0871,0.08586,0.17797,0.17139,0.16837524819350944,0.16253,0.1567155013234708,0.15048,0.1451100211340772,0.13967,0.13406,0.1293,0.1241,0.11873,0.11363,0.10818
07-01-2026 14:10,26100.95,0.11527,0.11807,0.11166,0.11718,0.11077,0.10686,0.10024,0.09667,0.09492,0.09154737737113396,0.09012720775726932,0.08774,0.08727890350955536,0.08509,0.1802805730443527,0.17169,0.16949215893126277,0.16284,0.15557,0.15079,0.1446,0.14033,0.13485,0.13003959283268002,0.12445,0.11951,0.11389,0.10872
07-01-2026 14:15,26097.3,0.13149651652561772,0.12055,0.11426,0.11114,0.11028485898158874,0.10373,0.09785,0.09868087637109062,0.09355,0.09092,0.09074960792167377,0.08749,0.08602,0.08474,0.17776,0.17148,0.16773,0.16193,0.15535,0.15096,0.14437,0.13993,0.13446,0.12926,0.12455,0.11925,0.11381,0.10886
07-01-2026 14:20,26090.7,0.12516,0.12549,0.11371776787741676,0.11458,0.10805,0.10342166729618414,0.10217,0.09626,0.09463,0.09177,0.08988,0.08837148438793538,0.08632,0.0852,0.17798740753785017,0.17108,0.16806,0.16129,0.15707,0.15093,0.14504,0.14041796446174665,0.13371,0.12826,0.12397,0.11856,0.11323,0.10826
07-01-2026 14:25,26090.45,0.1254,0.12569,0.11406420140010529,0.11309,0.11201,0.10344355160540261,0.10202,0.09613528871388646,0.09695,0.09333,0.09125,0.08848964520618284,0.08744,0.08588,0.17707,0.17215554944457678,0.16806,0.16128,0.15769,0.14994,0.14486,0.14014,0.134,0.12826,0.12384,0.11834,0.11312,0.10767
07-01-2026 14:30,26098.65,0.11775,0.12979468770584449,0.11338,0.11283,0.108,0.10375,0.0957,0.09374,0.09245,0.08931,0.08759,0.09028784786993799,0.08508,0.08388,0.17759,0.1716,0.16859,0.16182,0.15844,0.15109,0.14578,0.14087,0.13488,0.12884,0.12428753360951837,0.11906,0.11385,0.10854804516821308
07-01-2026 14:35,26088.15,0.12742,0.12736,0.12038,0.12188,0.1129,0.10654,0.10546,0.10076,0.09843,0.09465,0.09268,0.09026,0.08760747822819254,0.08525119491737529,0.17696,0.17096,0.16913198942655655,0.16262544866545928,0.15715,0.15041,0.14533574962119122,0.14,0.13416,0.1291643361343883,0.12393,0.11829,0.11366932547534433,0.10792
07-01-2026 14:40,26097.55,0.11889,0.12046,0.11988259344983566,0.12266,0.10834,0.11052,0.10398,0.10004,0.0976,0.09418,0.08988370123774328,0.09003,0.08824,0.0868,0.17795626994358493,0.17267,0.16855,0.1624040990393712,0.15778,0.15104,0.14536,0.14082,0.13497,0.12892,0.12414,0.11889,0.11311,0.10907398954508139
07-01-2026 14:45,26107.25,0.12396,0.11763,0.1223,0.1067,0.10319,0.10394,0.09526,0.09287,0.09155,0.08889,0.08749,0.08584,0.08476,0.0837,0.1802758563189642,0.17329,0.16906177675733816,0.16401,0.156865286689446,0.15169,0.14639,0.14059492885006464,0.13506,0.12989,0.12485,0.11994062667551189,0.11414,0.10918
07-01-2026 14:50,26098.4,0.13162,0.13675,0.12915,0.12292,0.10958810616455823,0.11258,0.10664,0.1023,0.0996,0.09579,0.09332,0.09112,0.08622104915930565,0.08500419387153373,0.17642,0.1722959090391452,0.16839,0.16346,0.15807,0.15112,0.14581,0.14057,0.1343,0.12831,0.1241,0.11910936136415762,0.1132,0.108
07-01-2026 14:55,26113.35,0.13149,0.12732,0.11988,0.1167,0.10902,0.10408,0.10127,0.09879180917285911,0.09552,0.09223,0.09015,0.09033044281934369,0.0865,0.08529,0.17946,0.1737,0.16935,0.16410228979924152,0.15885,0.15273712284110375,0.14645,0.14127,0.13572147619412117,0.12937,0.12507,0.11986,0.11433,0.10908
07-01-2026 15:00,26123.1,0.12276,0.11978,0.11306,0.11132,0.10302,0.10653053737731488,0.09855,0.0946,0.09648929789432598,0.09028,0.08881,0.08709,0.08816563416451186,0.08446,0.17827,0.17486162422435225,0.16948,0.1653,0.15908,0.15355,0.1473,0.14211,0.13767,0.13048,0.12578,0.12037,0.11508,0.11035949682472622
07-01-2026 15:05,26133.7,0.11118,0.11022,0.12073389055542809,0.11163,0.10334,0.10225,0.09753,0.09433,0.09784352643520194,0.08993,0.08822,0.08652,0.08878429180193154,0.08421,0.17893,0.175,0.16966,0.16599,0.1589495759443726,0.15163,0.14746,0.14247750621551783,0.13677,0.13081,0.12618,0.12072,0.11529,0.10998
07-01-2026 15:10,26142.1,0.09884,0.11876,0.11059,0.11222,0.10533,0.10244,0.09801,0.09482,0.09307,0.0906,0.08896,0.08737,0.08575,0.08837972192583303,0.18147761591906833,0.17441,0.1715281778517506,0.16564,0.16034,0.15424,0.14814699719715807,0.14279856291454257,0.13766,0.13155,0.12641,0.12179,0.11633,0.11055
07-01-2026 15:15,26147.8,0.10654,0.11355,0.10582,0.09637,0.10915601262863746,0.09213,0.08989,0.086,0.08722,0.08611,0.08507,0.08366,0.08305,0.08238,0.17951,0.1759,0.17108,0.16531,0.15956467389803133,0.15482,0.14842,0.14365,0.13775,0.13182,0.12758,0.1223354621382574,0.11657,0.11113525992564888
07-01-2026 15:20,26138.3,0.11792,0.12203,0.1136,0.10598,0.0986,0.09832,0.09507,0.09316570382503325,0.09046,0.08884,0.08713,0.08707573851375953,0.08502,0.08402,0.18137,0.1742,0.17198,0.16540825290067343,0.1599,0.15239,0.14836,0.14335,0.13727,0.13102,0.12552,0.12142,0.11616,0.11054
07-01-2026 15:25,26139.7,0.11638,0.12088,0.11254,0.10727970681642118,0.09944,0.09616,0.09398,0.09147,0.09192,0.0901243781566444,0.08703,0.08549,0.08709944390728361,0.0858753342292739,0.17936,0.17731,0.17159,0.16754,0.16085,0.15228,0.14936,0.14228,0.13722,0.13201276023335126,0.12627,0.12052,0.11608,0.11012
08-01-2026 09:15,26101.75,0.11678,0.1257882469854151,0.09164,0.11444,0.09806,0.1029,0.09933,0.0938,0.09226,0.09026,0.08847,0.08877244262553272,0.08673,0.08567,0.18174,0.17806,0.17069,0.16287654798331824,0.15934,0.15121515171292452,0.148,0.14234,0.13554,0.13056,0.12504,0.11964,0.11443,0.10887540474982241
08-01-2026 09:20,26109.7,0.10711,0.1275693958029213,0.0813,0.09165,0.09017,0.09083,0.08783,0.09859225611578067,0.09826492165533082,0.08478,0.08368,0.08269,0.09014091577076899,0.08794123532961291,0.1802698651996877,0.17724,0.17249,0.16364757574118247,0.15934,0.15404,0.14616,0.14272,0.13626,0.13099,0.12574699541304057,0.1203966718180702,0.11556,0.11016
08-01-2026 09:25,26087.55,0.10989,0.127357652710765,0.10509,0.09447,0.09178,0.0908,0.08627,0.0861,0.08568,0.08435,0.09226958747979587,0.08332,0.08773512456656343,0.08234,0.18263,0.17211082047875734,0.17156,0.16270597464294004,0.15638252632885402,0.15257,0.14449,0.14138,0.13473,0.12985,0.12516,0.12037,0.11455,0.10927
08-01-2026 09:30,26063.1,0.13321,0.11121,0.10224,0.1061,0.09787,0.09834,0.09432,0.0918,0.091,0.08905,0.08939755446116104,0.08763785313840276,0.0856,0.0849,0.18109,0.17429,0.16925,0.16330452614573426,0.15695,0.15213,0.14305,0.14003,0.13411,0.12905689162080947,0.12381336159057821,0.11888881573150142,0.11373963756764542,0.10857
08-01-2026 09:35,26053.95,0.14005,0.1316240352780186,0.1088268736930487,0.1235,0.10269,0.11067,0.10566,0.10007,0.09883,0.08779836341504968,0.08658672269661467,0.0915,0.09,0.08559963943122013,0.17789,0.17457519091012302,0.16867,0.16416108521528125,0.15635,0.15153,0.14556004308429202,0.13941,0.13378,0.12774,0.12355,0.11742,0.11243,0.10685
08-01-2026 09:40,26092.65,0.12366282093813515,0.07222,0.10736,0.10182,0.09554,0.1053805508873471,0.09243,0.09023,0.08867,0.08688,0.09114600342873565,0.08526,0.08683589821787246,0.08339,0.17867953631292238,0.17621,0.17119,0.16453,0.15915,0.15415,0.14546,0.14211,0.13591,0.13053,0.12441097160957137,0.1190713421744237,0.11333100487856401,0.10987
08-01-2026 09:45,26077.7,0.12038,0.09884,0.13211136276399887,0.1063,0.09633,0.09896,0.09438,0.10026652316110483,0.09236,0.09023,0.08831,0.08718,0.08581,0.0866846394167966,0.18062,0.17472,0.17048,0.16608,0.1560931555931933,0.15256,0.14601,0.14108,0.13324041794512642,0.12961,0.12496,0.11967,0.11477,0.10919
08-01-2026 09:50,26070.8,0.12674,0.12348,0.12264,0.12075188107990842,0.11248521725340264,0.1098,0.10385,0.09989,0.09784,0.09522,0.09286,0.09054,0.08805058299230274,0.08742,0.1802,0.17457,0.1698,0.16429,0.15795,0.15191,0.1443898816035235,0.14061,0.13485,0.12954,0.12542,0.11937,0.11424,0.1075854617173902
08-01-2026 09:55,26089.4,0.11893,0.12260736563854896,0.10995,0.10776,0.1017,0.09898,0.09518,0.09178,0.09806680081099597,0.0884,0.09239158251411113,0.08609,0.08468,0.08383,0.18197,0.17577,0.17225,0.16643,0.1564938397387692,0.15377,0.14812,0.14291,0.13406685638503307,0.1313,0.12645,0.12111,0.11364797232086178,0.10802186306788714
08-01-2026 10:00,26081.9,0.12612,0.11463,0.11541,0.09567,0.0905,0.09307,0.09216,0.09824911479495274,0.08683,0.09340036594305945,0.091360755152308,0.08348,0.08295,0.08222,0.18152,0.17531,0.17055,0.16595,0.15977,0.15308,0.14762,0.1424,0.13382852763326367,0.13036,0.12591,0.12012,0.1156,0.1098
08-01-2026 10:05,26068.05,0.13746,0.12556,0.10291,0.11876755376380968,0.09975,0.09371,0.10295767346168683,0.08884,0.0972705175330272,0.08659,0.08564,0.08442,0.08374,0.08699266468714714,0.1829,0.17444,0.1704,0.16505,0.15844,0.15236,0.1465,0.14209,0.13589,0.13005,0.12345102289043815,0.11972,0.11452,0.10903
08-01-2026 10:10,26050.3,0.12999292339462928,0.13736,0.11243,0.11244,0.09985336949453111,0.10496,0.10075542374164727,0.09617,0.09397,0.09127,0.08964,0.08765,0.08629062286375383,0.08499,0.18178,0.1745,0.16974,0.1642616182196305,0.15727,0.15117,0.1453,0.1407,0.1342,0.1289,0.1237,0.11806,0.11347110481635289,0.10769702624875835
08-01-2026 10:15,26055.25,0.12383,0.13428,0.109,0.10141,0.0969,0.10659668405707257,0.10420377230131062,0.0878,0.08731,0.08648,0.08509,0.08406,0.08321,0.08587510206819647,0.18044,0.17472,0.17055,0.16423,0.15803,0.15249,0.14583,0.14138,0.135,0.12954,0.12443,0.11939,0.11427,0.10736372390165333
08-01-2026 10:20,26034.9,0.1275431046984608,0.11514,0.11445,0.10932,0.10163,0.10165,0.09571,0.09396,0.09295,0.091,0.08918,0.08756,0.08689591204712635,0.08519,0.17801,0.17343,0.16923,0.16312,0.15709,0.15112,0.14533,0.14027,0.13414,0.12859,0.1235,0.11824,0.11347,0.10802
08-01-2026 10:25,26034.15,0.13012636200982156,0.12074,0.11495,0.11195874622474254,0.10606089447846677,0.1029990200577256,0.09973,0.09619,0.09422,0.09245039358434101,0.09026,0.08852,0.08737,0.08533653604890373,0.17913,0.17340873751349462,0.1688971385885321,0.1633,0.15706,0.15089,0.14492800650733872,0.14023,0.13396,0.1288,0.1236028676035513,0.11819,0.11346953306772412,0.10788157273197355
08-01-2026 10:30,26034.2,0.13043,0.12296,0.11721,0.11248,0.10654,0.10325,0.0989,0.09655,0.09398103361439522,0.09269,0.09096,0.08901,0.08733822343662083,0.08532767582289238,0.1790181679612324,0.17341,0.16892536751443932,0.16481,0.15625,0.15166,0.14496509961773807,0.1402359329397832,0.1344,0.12945,0.12358,0.11841,0.11343,0.10783
08-01-2026 10:35,26040.5,0.11556,0.1184,0.10955,0.10308,0.09929,0.09834,0.09761568333742485,0.0917,0.0908,0.08918,0.08801,0.08806632471376821,0.08555,0.08536568121588087,0.1804,0.17383,0.16910986829559224,0.16525,0.15681862053064746,0.15173,0.14627,0.14086,0.13472,0.12929,0.12429,0.119,0.11438,0.10882
08-01-2026 10:40,26027.15,0.12731,0.12778,0.11939,0.10924678635566469,0.10746,0.10523,0.09862,0.0942023348600555,0.09385,0.0913820497394492,0.09018,0.08790239072586424,0.0866416120098028,0.08618,0.17956,0.17298,0.16851392955809524,0.162,0.15683,0.1512306890925163,0.14466,0.13962,0.13434,0.12845,0.12352,0.11748,0.11380398473171606,0.10803
08-01-2026 10:45,26033.1,0.12618784762960342,0.12119392064355758,0.11577,0.10722,0.10340775848742531,0.10168,0.09616,0.09329,0.09228,0.0904,0.08908,0.08753,0.08694582368058357,0.0854849955356628,0.17855,0.17337886048810036,0.16848,0.1635,0.15672699508738439,0.15125,0.14402,0.1402,0.13407,0.12838,0.12398,0.11885,0.11398,0.10838
08-01-2026 10:50,26029.85,0.11819,0.12603,0.10632,0.10849494731264837,0.09795,0.09934,0.09780277082566528,0.09317,0.09208,0.09105699999938574,0.08927,0.08758,0.08634,0.08586730890666479,0.17836,0.17321661693110105,0.16804,0.16287,0.15642,0.15122,0.1454,0.14014,0.13441,0.1293,0.12408,0.11841,0.11399,0.10857
08-01-2026 10:55,26018.95,0.12741,0.13303,0.11047642922986527,0.10692,0.10261645548397956,0.10154,0.09625,0.09308,0.09332,0.09144,0.08964,0.08828,0.08684,0.08605,0.17825,0.1725,0.16879319943737714,0.16215,0.1557,0.15049,0.14465,0.13969,0.13433,0.1291392432272434,0.12458672929337533,0.11767,0.1138,0.1091002005447765
08-01-2026 11:00,26016.4,0.12889,0.11864,0.10849,0.11085,0.1006,0.10269,0.09771,0.0946,0.09377,0.09163,0.0896734254722722,0.08867,0.08761,0.08644425422323508,0.1789565233715501,0.17370714211902455,0.16878541792033852,0.16178,0.15696,0.1505565880121649,0.14414,0.13982,0.1346687744320762,0.12894,0.1245,0.11922,0.11424456527851842,0.10920993009163471
08-01-2026 11:05,26011.95,0.13223,0.12934,0.11113727853911999,0.11196,0.10841,0.1012,0.09888,0.09649,0.09337058061437811,0.09243,0.08978420681457189,0.08857469220452857,0.08817,0.08698,0.17959828239562017,0.1758,0.16808,0.16128,0.15654354367578802,0.15004,0.1451105279188905,0.13952,0.13506,0.12899,0.1251216117771701,0.11898,0.11392,0.1088
08-01-2026 11:10,26009.35,0.1295918551245903,0.13098,0.11365,0.10859,0.1040682640880089,0.10029,0.09856,0.0949634117359527,0.09329444765184587,0.09127,0.08993,0.08862,0.0876,0.08655,0.17986,0.17346,0.16916451968860632,0.16112,0.1565308295155192,0.14987,0.14557774919450261,0.14024,0.13511361830151694,0.1296800596688516,0.12544,0.11999,0.11509,0.10994
08-01-2026 11:15,26005.55,0.13246611263814378,0.12268,0.1073,0.10588,0.10003,0.09851,0.09432,0.09407,0.09316,0.09112,0.09017570484138435,0.08896,0.08779540147552942,0.08703,0.18067,0.17517,0.171,0.16170516933351772,0.15700221621036684,0.15248,0.14687,0.14114,0.13579,0.13133,0.12617,0.11951720333730537,0.11597,0.11087
08-01-2026 11:20,25984.4,0.14374,0.13566,0.11071,0.10416,0.09902,0.10210550731541783,0.09553,0.09345,0.09251,0.0916,0.09065,0.08947,0.08954125340809116,0.0890752742251083,0.17931,0.17519,0.17042,0.16514,0.1596,0.15294937266897796,0.14908,0.14263,0.13824,0.13264,0.12703,0.12199,0.11699,0.11194
08-01-2026 11:25,25968.0,0.13393,0.14451,0.11589648430131853,0.11621,0.10783,0.10532,0.10246,0.09972,0.09817,0.09555,0.09378021723387817,0.09258,0.0912,0.09028,0.1794306698970524,0.17343,0.16954,0.1644,0.15998,0.15311659685414683,0.14693081404462496,0.14131,0.13656,0.13067328730043576,0.12547,0.12017,0.11526,0.10994
08-01-2026 11:30,25968.05,0.13376462249803034,0.14451,0.11574502621931165,0.11615658489855271,0.10996,0.10584,0.10240653146104371,0.09904,0.09810809468372038,0.09553124274064065,0.09381,0.0924,0.09118,0.09058,0.17958410808712155,0.17458,0.17075,0.16439567682177889,0.15994682870050722,0.15315,0.14693,0.1421,0.13492,0.13068,0.12595,0.12068,0.11592,0.11084
08-01-2026 11:35,25971.65,0.12942446370842706,0.13367516072023733,0.12047,0.11888,0.11249,0.10861,0.10423,0.10083,0.09857,0.09641,0.09465,0.09281,0.09139,0.08970580139339379,0.17908742411518694,0.17483,0.17042,0.16400976539495446,0.15823,0.15199,0.147025410947221,0.14155152960614356,0.13508,0.13050004333869997,0.12493,0.12045145272433481,0.11426,0.10886
08-01-2026 11:40,25983.85,0.13538,0.11016,0.11307,0.10963,0.10048547933537313,0.10171,0.0960814459285919,0.09626,0.09523,0.09304,0.09174,0.0905,0.08937,0.08904,0.17934,0.17566,0.17105,0.1650125128491204,0.1594744373738461,0.15302,0.14879909288648757,0.1413,0.13551,0.13019,0.12571,0.12176931307366247,0.11521,0.10985
08-01-2026 11:45,25973.8,0.12243,0.12497,0.10904,0.11527874167294758,0.10746,0.10034,0.09668,0.09908412997857825,0.0941,0.09521623583130236,0.09124,0.09009,0.08932,0.08911,0.1787,0.17567,0.17019,0.16335,0.15868571774497395,0.15249,0.14695,0.14125,0.13574,0.1303,0.12569,0.12043,0.11571,0.11036
08-01-2026 11:50,25958.25,0.13347,0.12051,0.1206,0.11501,0.10958,0.09769638990386276,0.10065682171484373,0.09931,0.09775,0.09542,0.0938,0.09237,0.09104,0.08897998532819901,0.1804222251980151,0.17465,0.16935,0.16471,0.15803,0.1514,0.14585,0.14052,0.13471,0.12923,0.12457,0.11926,0.11463,0.1092
08-01-2026 11:55,25958.05,0.12189,0.11063,0.12034268293562342,0.10429,0.1095637953372026,0.09719,0.10032790091651335,0.09325,0.09271,0.09138,0.09045,0.08941,0.08854,0.08892,0.18039,0.17443,0.17054,0.16471,0.15806722439617232,0.15281,0.14684,0.14193,0.13633,0.12930717738461173,0.12657,0.12119,0.11693,0.10925213477569821
08-01-2026 12:00,25936.15,0.12217,0.11547,0.10832,0.1105313648555536,0.10256,0.10034,0.09708,0.09569,0.09503,0.09382,0.0926,0.09247203075039247,0.09081,0.09107,0.18079,0.17552,0.17076,0.16496,0.156,0.15065,0.14638,0.14439728753569311,0.13743,0.13159098577305797,0.12748,0.12229,0.11742268927763719,0.1128
08-01-2026 12:05,25896.7,0.1448,0.1204156393447366,0.12976,0.1243,0.11772,0.11319,0.10017995873396568,0.09857287891134944,0.10487,0.10247,0.10057,0.09884,0.09227813665700539,0.09686,0.1799,0.17523,0.17035124479124564,0.16499,0.1575508435354098,0.14801,0.14378,0.13969896802180554,0.13335,0.12858,0.12484,0.11782200974014102,0.11452,0.10966
08-01-2026 12:10,25920.3,0.1311,0.12721,0.12316,0.11872,0.11304,0.10923,0.10565,0.10319,0.10149,0.09916,0.09766,0.09594,0.0951,0.09445,0.18108,0.17569,0.17330710765107202,0.16472,0.1588,0.15031,0.14898320216319086,0.14123,0.13549,0.1291,0.12563,0.12046,0.11531,0.10996
08-01-2026 12:15,25935.5,0.12950079627969688,0.12281,0.121091371851344,0.1109592780103237,0.10827,0.10223048644094003,0.10135,0.09952,0.09774,0.09636,0.09485,0.09395,0.09295,0.09262,0.18318,0.17791,0.17292,0.16517648979700222,0.16035,0.1549,0.14769601271130295,0.14401,0.13794,0.13165,0.12804,0.1227,0.11781,0.11288
08-01-2026 12:20,25923.15,0.13462,0.12982,0.1211,0.11657,0.11259,0.10757,0.10146484753822675,0.10183,0.09983,0.09796,0.09661,0.09290608041962485,0.09427,0.09404,0.18674,0.17896,0.17478,0.16847,0.16299,0.15402,0.15118,0.1452,0.13893,0.13283,0.12746951521020905,0.1236,0.11875,0.11375
08-01-2026 12:25,25934.95,0.12705,0.12349,0.11508,0.11706,0.11002,0.1023687270469386,0.10373,0.1013,0.09619257915691062,0.09751,0.09629,0.09469,0.09344,0.09341,0.18718,0.17979,0.17429,0.16595298868013328,0.16228,0.15913,0.14790416667080927,0.1449,0.13854,0.13267,0.12842,0.121226368779589,0.11803,0.11335
08-01-2026 12:30,25935.9,0.12309,0.12295,0.11958,0.10904,0.10503,0.1019222753483107,0.09853,0.09758,0.09590577606738439,0.09479,0.09357,0.09246,0.09168,0.09175,0.1855,0.17987,0.17521,0.17092,0.15919299525286953,0.154222388630171,0.15083,0.14631,0.14015,0.13405,0.13004,0.12477,0.11989,0.11164768667748946
08-01-2026 12:35,25914.7,0.13927,0.13463,0.11613458345973628,0.11507885448477786,0.11617,0.11019,0.10368746394059493,0.10462,0.10226,0.09712579702990505,0.09504548817420953,0.09653,0.09498,0.09504,0.18467,0.18126,0.17357,0.16729,0.16143,0.15625,0.1514,0.14427,0.1375,0.13174,0.12702818136180855,0.12192,0.11531995382937156,0.11202
08-01-2026 12:40,25920.75,0.13336188335721502,0.13148,0.12465,0.11739,0.11421,0.11052,0.10652,0.10369,0.1000154000354047,0.09919,0.09712,0.0957,0.09428,0.0943,0.18451,0.1783,0.17334,0.16637243033341512,0.1613,0.15799,0.15000331694654642,0.1443,0.13768,0.1313,0.1263999245954674,0.12209,0.11540740007502723,0.11197
08-01-2026 12:45,25921.8,0.13509,0.1266876049242423,0.11644,0.11302,0.10968,0.10613,0.10299276286447136,0.10173,0.09984,0.09802,0.09578911911111666,0.09470018862737307,0.09385,0.09401,0.18459,0.1782,0.17427,0.16751,0.16183,0.15808,0.15253613475502084,0.14505,0.13801968974908713,0.13223,0.12851,0.12311,0.1159269579578277,0.11301
08-01-2026 12:50,25913.2,0.1312,0.13546,0.11517,0.12057,0.11046835032962135,0.11085,0.1067,0.10438,0.10171,0.09974,0.09825,0.09512073851127643,0.09365362671963039,0.09513,0.184942412813504,0.17763,0.17466,0.16692,0.16249,0.15695,0.15086,0.14408,0.13762,0.13137,0.12726,0.12056259081639067,0.11699,0.11152
08-01-2026 12:55,25910.65,0.1328,0.13677,0.11648,0.11758,0.11238,0.10766,0.10469,0.10295,0.1008,0.09881057214142405,0.09733,0.09612,0.09476,0.0946,0.18504,0.17875,0.17514,0.16873,0.16198851177056567,0.15625882297417257,0.14960110017811934,0.14379,0.13734,0.13127,0.12722,0.12162,0.11703,0.1113
08-01-2026 13:00,25905.65,0.13583,0.13928,0.13206648380470365,0.12451,0.11087,0.11208,0.10877449642840088,0.10712,0.10472,0.10241,0.10025,0.09844,0.09673,0.09617,0.1849,0.17824,0.17416,0.16839,0.159784282372003,0.15642,0.14973,0.14240069771821573,0.13426096039569266,0.1278634976242967,0.1265,0.12156,0.11316662736747392,0.10746983125714081
08-01-2026 13:05,25924.95,0.12353,0.12931,0.12087,0.11706,0.10851,0.10540873720843269,0.10158212203053839,0.10217,0.09901818424439217,0.0962274071122714,0.09469573844359416,0.09282795418466552,0.09364,0.09321,0.18446583197170202,0.17959,0.17537,0.16857,0.16325,0.15786,0.15166,0.14501,0.13651783506712317,0.13215,0.12785,0.12213,0.11736,0.11212
08-01-2026 13:10,25922.25,0.13656,0.12639,0.12201996178019585,0.11962,0.10956,0.10558312968274844,0.10229065413809109,0.10381,0.10093,0.0969563397258063,0.09525460541360832,0.09566,0.09417,0.0937,0.18665,0.17942,0.17404,0.16767914555347563,0.1625,0.15598,0.14979,0.14416,0.13714,0.13092,0.12699,0.12196148649489318,0.11611,0.11058
08-01-2026 13:15,25921.8,0.13686,0.12666,0.12001,0.11462,0.10975,0.10641,0.10299,0.10177630841968908,0.09863,0.09725,0.09579,0.09466756053989225,0.09295,0.09277,0.18663,0.1794,0.17502,0.17019,0.16319,0.15801212436372633,0.15262,0.1448,0.13804,0.13155,0.12777,0.1221,0.11591373397315943,0.11163
08-01-2026 13:20,25914.55,0.14112,0.12829858237446315,0.11742192332317218,0.11617,0.10916,0.10646,0.10447,0.1013,0.09915,0.09761,0.09562561500317601,0.09483,0.09341,0.09347,0.18427902781189184,0.17892,0.1733182382357898,0.16863,0.16309,0.157,0.15028021731542618,0.14458,0.138,0.13155,0.12751,0.12179,0.11549365984621889,0.11148
08-01-2026 13:25,25911.75,0.14273,0.11662,0.1215684347585606,0.11809777519147868,0.10431,0.10172,0.09957,0.10375344375293359,0.10141794400217952,0.09899126209008471,0.09439,0.09305,0.09214,0.09239,0.18654,0.178,0.17609,0.17066,0.16372,0.15681,0.15234,0.14556,0.13731658549608583,0.13278,0.12901,0.11957605126062598,0.11871,0.1133
08-01-2026 13:30,25888.65,0.15494,0.12545,0.12737,0.12153,0.1114365994935481,0.10720317288069459,0.10803,0.1054,0.10268,0.0953228470316669,0.09919,0.09714,0.0957,0.09124101129263414,0.18496,0.17858,0.17384,0.1659,0.16123,0.15003603546416458,0.14387189302886177,0.1423,0.1359,0.12941,0.12539,0.11989,0.11478,0.10939
08-01-2026 13:35,25907.5,0.13114,0.11468,0.11856,0.11656,0.10942,0.10737,0.10467,0.10234,0.09968,0.09784,0.09675,0.09513,0.09392,0.09367,0.18702,0.17624,0.17407,0.16726,0.16178,0.15753,0.149,0.14287,0.13557317607318575,0.12953524996329177,0.12539942769597068,0.11947453338527103,0.11563,0.11024
08-01-2026 13:40,25901.95,0.132,0.12717822752382943,0.12127,0.1177,0.11554194885397723,0.11198146201890023,0.10502,0.10332,0.10243185504239367,0.09908,0.09723389291235392,0.09616548499425376,0.09445,0.0942,0.18665,0.17587,0.17385,0.16465612409261915,0.16153,0.1547,0.14847,0.14279,0.13615,0.13003,0.12363084306407267,0.11842355792991714,0.11509,0.10991
08-01-2026 13:45,25914.15,0.12419,0.11049,0.12285,0.11764,0.10935322072347001,0.10705826568459711,0.10554,0.1032,0.10095,0.09865,0.09752,0.09555,0.09387,0.09366,0.18446,0.17653,0.17324,0.16776,0.161,0.15561,0.14841,0.14238,0.1375009684042297,0.13120428586069466,0.12515,0.11953,0.11462,0.11146118561984093
08-01-2026 13:50,25911.55,0.12595,0.12756,0.12328,0.11799479710466412,0.11156,0.1097,0.10648,0.1038,0.10147,0.09906,0.09742,0.0955,0.09384,0.09357,0.1843,0.17656,0.17239,0.16713,0.16083,0.15543,0.1476,0.14185,0.13730467466376473,0.12901,0.12495,0.11895,0.11414,0.10917
08-01-2026 13:55,25926.6,0.12556620639695631,0.12702,0.11579,0.11513,0.11104,0.10686223098625983,0.10242,0.10115,0.09911,0.09696,0.09542,0.0937,0.09229,0.09191,0.18372,0.1776,0.17346,0.16678,0.15960644412670907,0.15655,0.14783,0.14195,0.13442585892158346,0.12932,0.12499,0.11922,0.11635117221977598,0.10919
08-01-2026 14:00,25936.35,0.107,0.1186897083948864,0.1137982059015029,0.11052,0.10497,0.10471,0.10075,0.09701715458787741,0.09554062446050475,0.09453670767788232,0.09325901163559709,0.0924783825003405,0.09121,0.09073,0.18256301135535366,0.1770213135294923,0.17364,0.16748,0.16161,0.15728,0.14829,0.14293,0.13609,0.13009,0.12561,0.12019,0.11524,0.11019
08-01-2026 14:05,25930.35,0.11223,0.1207637436710578,0.11388,0.10824,0.10288,0.10302,0.09939,0.09783,0.09749424688999948,0.0946,0.09372481631035544,0.09147658686723127,0.0905,0.08957561102920614,0.18401,0.17705552163625635,0.17306,0.16707,0.16149,0.15425,0.14839,0.1417275628093228,0.13619,0.12993,0.12574,0.11978,0.11547,0.11007
08-01-2026 14:10,25918.0,0.1331431389230233,0.1285606573443892,0.11963,0.11897,0.11452,0.1027755450989048,0.10544,0.10303,0.10038,0.09775,0.09634,0.09436,0.09285,0.09241,0.18193,0.17706,0.17256,0.16621,0.16062,0.15337,0.14749,0.14216,0.13536,0.12937,0.12488185281092022,0.11915,0.11410290356597676,0.10909
08-01-2026 14:15,25928.1,0.12415154544696885,0.12166,0.11446,0.12067,0.10872209767112685,0.10934,0.10438,0.10159,0.09926,0.09485303396297314,0.09504,0.09328,0.09010546323879999,0.09133,0.18137549845736184,0.17777,0.17223,0.16661,0.16085244645083804,0.1535843705952248,0.14746,0.14187,0.13505,0.12877,0.12401,0.11844,0.11557761540095884,0.10785
08-01-2026 14:20,25935.4,0.13496,0.11721,0.12441,0.11023,0.1087,0.1022619848114094,0.09895,0.09649,0.09506,0.0934,0.09194,0.09027,0.09258099013209681,0.08901,0.18095,0.17527,0.17148,0.16355,0.15991,0.15465,0.14708,0.14432683573184335,0.13472,0.12884,0.12416,0.11825,0.11787412236437309,0.10851
08-01-2026 14:25,25922.75,0.1348608355006194,0.12481,0.13045,0.10787,0.11107302342626021,0.10105,0.09948,0.10255416603869374,0.10003742226090158,0.094,0.09245,0.09096,0.08972,0.08928,0.18314,0.17546,0.17224,0.16527,0.1604,0.15514,0.14826,0.14255,0.13794837652167793,0.12967,0.12743908238613022,0.11942,0.11485,0.10948
08-01-2026 14:30,25906.05,0.13827,0.13385,0.1379,0.12758,0.12218,0.11544,0.11051,0.10707,0.10419,0.10081,0.09897947805251912,0.09595,0.09578870681140769,0.09534551774564877,0.18033,0.17553,0.17091,0.16411,0.15937,0.15227,0.14627,0.14315754675899534,0.13373,0.12739,0.12271,0.11712,0.11207,0.10621
08-01-2026 14:35,25930.65,0.12256,0.12021,0.12677,0.11586,0.11047,0.10851,0.10262,0.09925,0.09721,0.09443968769084365,0.0933,0.09138,0.08976,0.08937,0.18112,0.17722,0.1712,0.16569,0.16110270196085139,0.15463,0.14743,0.14175,0.13484,0.12871,0.12523722406503113,0.11845,0.11364,0.10949716357338034
08-01-2026 14:40,25928.05,0.12441,0.12191422635441951,0.11487118915774083,0.119950930483187,0.10867,0.10578,0.10106,0.09931,0.09753,0.09475,0.09498471941419007,0.09316157043626848,0.09002,0.08972,0.18119,0.17706,0.17122,0.16552,0.1608462339556499,0.15346,0.14686,0.14132,0.13503606939578658,0.12841,0.12388,0.11793,0.11561952932389087,0.10801
08-01-2026 14:45,25926.4,0.12557,0.12685373201695344,0.11923,0.11485,0.11037,0.10609188310281556,0.10178,0.09907,0.09678,0.09467,0.09333,0.09151,0.09017,0.0897,0.18282,0.17696,0.17341485626259964,0.16335,0.15887,0.15278,0.14648,0.14097,0.13398,0.1296100643211185,0.12295,0.11748,0.1164448583654161,0.10713
08-01-2026 14:50,25932.65,0.12118,0.11905,0.12007800727777203,0.11250736168122012,0.10319,0.09904,0.09626,0.09518,0.09654939963286545,0.09175,0.09404041227418805,0.08918,0.08805,0.08799,0.18086,0.17476,0.17156,0.16636679183178835,0.15964,0.15555742403429595,0.14722,0.14169,0.13492,0.12848,0.12409,0.11849,0.11391,0.11150201251707915
08-01-2026 14:55,25918.9,0.13056,0.12709,0.11701,0.11014,0.1061,0.10315,0.09977,0.09765,0.09557,0.09352,0.09229,0.09390824440660195,0.08947,0.08904,0.18171,0.17384,0.17044,0.16591,0.15867,0.15269,0.14649,0.14055,0.13422,0.12784,0.12326,0.1172,0.11302,0.10728
08-01-2026 15:00,25894.05,0.1279601369860289,0.11947,0.10472,0.10119,0.10509831724670872,0.10202479420973729,0.09391,0.09234,0.09109,0.08992,0.0891,0.09100552899834694,0.08922841933710322,0.08774,0.18089,0.17270613188052306,0.16921973436025511,0.16234,0.15753,0.15062,0.14532,0.13894,0.1332,0.12671,0.12274,0.11700925528142875,0.11307,0.1089445694525726
08-01-2026 15:05,25867.85,0.13369,0.12731,0.12359,0.11508,0.10997,0.10648,0.10299,0.10031,0.09601146539861088,0.09441116760721406,0.09430016447260728,0.09338,0.09204,0.09182,0.177,0.17062,0.16675,0.16034,0.15396,0.14916,0.15268161106201822,0.13662,0.13044,0.12476,0.12784996659649164,0.11553509367112208,0.11008,0.10543
08-01-2026 15:10,25878.85,0.12899,0.12152,0.115,0.11272,0.10769,0.10147113590329412,0.1008,0.09855,0.09645,0.09291034404827761,0.09346,0.09042086154554749,0.09113,0.08974508009524758,0.17776,0.1722,0.1680669496123642,0.1613,0.15503781991058171,0.14926,0.14305,0.13722,0.13133727030710735,0.12524,0.12102,0.11568,0.11072,0.10829531076956046
08-01-2026 15:15,25875.3,0.13029,0.11994,0.11446,0.10730432104069121,0.1063,0.10282,0.10033,0.09768,0.0959,0.09190756812071897,0.09259,0.09148,0.09008,0.09017,0.17687,0.17032,0.16729,0.16056,0.15484,0.14784,0.14306,0.13708,0.13093,0.12467,0.12409391360519557,0.11562,0.11074,0.10899203348333167
08-01-2026 15:20,25877.45,0.13005,0.12392,0.1134,0.10786,0.1046613358374413,0.10106,0.09813,0.09608,0.09453,0.09205306022184043,0.09119,0.09032,0.0897204187074561,0.09005631549647874,0.17703,0.17111,0.17102026749373728,0.16272,0.15578,0.14932,0.14283,0.137620551736894,0.13088,0.12505,0.12314700208238559,0.11589,0.11165152559312314,0.10639
08-01-2026 15:25,25872.2,0.12803,0.11592,0.11061,0.10494,0.10007,0.09872,0.0992846265587999,0.09347,0.0934,0.09339082674167701,0.09086,0.0897,0.0883,0.08906,0.17860112539948755,0.17433,0.16747,0.17132078239469195,0.15205,0.15919675540642314,0.14626,0.13817,0.13965695133217731,0.12504,0.12242,0.11678,0.11259,0.1122635753168539
09-01-2026 09:15,25899.85,0.14298,0.12727,0.12156419408692755,0.11947976435341481,0.11599,0.11149,0.10307081300051664,0.10327,0.10051,0.09754,0.09616,0.09611441284824113,0.09254,0.09258,0.17626,0.17371,0.1685,0.16185,0.15604,0.15102,0.1465457037963278,0.13935,0.13353,0.12681,0.12252,0.11718,0.11392041643030512,0.10734
09-01-2026 09:20,25916.2,0.13305,0.12697429560628265,0.09457,0.09091,0.08856,0.08824,0.08706,0.08685,0.08565,0.08505,0.08477,0.08448,0.084,0.08518,0.17816,0.17484,0.16986,0.1672297216440586,0.16113606970915723,0.15175,0.14643,0.14073,0.13492,0.12918,0.1258600858385123,0.11994,0.11474075058145543,0.11126
09-01-2026 09:25,25858.55,0.13567,0.12722,0.1312814785600937,0.11184,0.10806,0.10555,0.10028,0.0978,0.096,0.09799037465070166,0.09284,0.09082,0.08988,0.09067,0.1768,0.17023,0.16645,0.16496066456145075,0.1546,0.14865,0.14395,0.137,0.13104,0.12573,0.12155,0.1165,0.11675759458803267,0.10728
09-01-2026 09:30,25855.3,0.11631,0.1350749437102546,0.13079266485866317,0.10938,0.10492,0.10179,0.09982,0.09624,0.09472,0.09712227981394551,0.09208,0.09097,0.0936779567290928,0.09032,0.17635,0.17114,0.16663,0.15894,0.15504,0.15606581817137646,0.14304,0.14194881071658427,0.13091388939988644,0.12588,0.12172,0.1166,0.1125,0.10776
09-01-2026 09:35,25832.05,0.13099,0.1306,0.12762,0.1166,0.11021,0.10683,0.10345,0.10058,0.09839835538805852,0.09572,0.09615540021490031,0.09351,0.09197,0.09299,0.17503,0.16911,0.1652,0.15805,0.15336,0.14717,0.14198,0.13561,0.12998,0.12431,0.13479252649263002,0.11504,0.1104,0.10589
09-01-2026 09:40,25822.35,0.14028,0.15544,0.14081,0.11363899983711247,0.10846027462257216,0.10478327309005091,0.11972,0.09910854631909254,0.10968,0.1066,0.10381,0.10112,0.09868,0.09897,0.17414,0.16845,0.16395,0.15682,0.15185,0.14647,0.14004,0.13288,0.12687,0.12082,0.11665,0.11089,0.10643,0.10141
09-01-2026 09:45,25853.6,0.12218,0.14562,0.14179,0.12956,0.11658570641549117,0.11759,0.11166,0.10320882084179119,0.10425,0.10106,0.09868,0.09701,0.09465,0.0947,0.1758,0.16972,0.17121606437595377,0.1598,0.15345,0.1629367731181456,0.15766426171057446,0.135,0.12908,0.136137749111103,0.11879,0.1265890168331097,0.1084,0.10386
09-01-2026 09:50,25857.2,0.14752,0.12937262395882393,0.1292,0.12532,0.11101403002498217,0.11474,0.10985,0.10596,0.09967144632075761,0.09580656448354,0.09786,0.09569,0.09456916679488396,0.0942,0.17726,0.16998,0.16583,0.17767752562585,0.15389,0.14876,0.14303927797422283,0.13581,0.13970655294582737,0.13337592193673148,0.11946,0.1220829871916674,0.10996,0.10532
09-01-2026 09:55,25884.0,0.1388003099936578,0.13078,0.12877,0.1207,0.11479,0.11041,0.10683,0.10269,0.09982,0.09704,0.09541,0.09358,0.09172,0.09189,0.17987180835709837,0.17206,0.16751,0.16047,0.1539,0.15059,0.14326,0.13759,0.13157,0.12543,0.12285930803787291,0.117033471924396,0.11246981173198507,0.10705
09-01-2026 10:00,25894.2,0.12583,0.11041,0.10847,0.10353679356937073,0.10376,0.10087,0.09838,0.09637,0.09421,0.0910484648637278,0.09171,0.0903,0.08883,0.08974,0.18005,0.17232,0.16905,0.16253653715162272,0.15589,0.15056064566989688,0.14373,0.13851,0.13249,0.12646,0.12252,0.11687,0.11256,0.10893346338234328
09-01-2026 10:05,25862.35,0.14485,0.12893,0.13607,0.12919,0.10966291967474848,0.11323,0.1088,0.10481,0.1016,0.09787352210718775,0.09707,0.0948,0.09299,0.09339,0.17742,0.17239,0.16723,0.15954,0.15396,0.14826,0.14211,0.15018251490513684,0.1305,0.12458,0.12901576831535314,0.11443,0.11017,0.10536
09-01-2026 10:10,25871.6,0.13977,0.1223,0.1204,0.10981,0.1064,0.10257,0.09915,0.09632,0.09445,0.0929,0.09191,0.09295284106382705,0.0934271165265906,0.08995,0.17901,0.17304,0.16769,0.1604,0.1555,0.14941,0.16319005836665257,0.1376,0.13158,0.12554,0.12159,0.11609,0.11181,0.10716
09-01-2026 10:15,25866.2,0.13361,0.12299,0.11845,0.1129,0.10700422305687503,0.10452,0.10083,0.09703,0.09536,0.09384,0.09564890239819618,0.09353809948446998,0.09015,0.09082,0.17772,0.17268,0.16713,0.16003,0.15512,0.14903,0.14257,0.13707,0.13106,0.12554,0.12071,0.11517,0.11127,0.10794999064861471
09-01-2026 10:20,25855.2,0.11870852515481074,0.13817,0.13246,0.12533,0.11987,0.10478234782174004,0.10634,0.10197,0.09926,0.09696,0.09535,0.09359,0.09239,0.09265,0.17907,0.1777911151642856,0.1678474317526883,0.16128,0.15434,0.14824,0.14161,0.13586,0.12998,0.12342,0.11918,0.11401,0.10936,0.10442
09-01-2026 10:25,25858.65,0.15299,0.14164,0.13545,0.128,0.10834189439087187,0.11408,0.10968,0.10496,0.10207,0.09932,0.09318918449952797,0.09509,0.09331,0.09182554363417572,0.17933,0.1743,0.1678,0.16154,0.15464490904320582,0.14896,0.1416,0.13626,0.13014,0.12433,0.11992,0.11431,0.11692586899663701,0.10487
09-01-2026 10:30,25876.25,0.14372,0.12319,0.12244,0.10581,0.10194,0.09806,0.09564,0.09339,0.09181,0.09045,0.08954,0.08862,0.0876,0.08862,0.18055,0.17554,0.16925,0.16352,0.15555,0.1510775808590454,0.14434,0.13813,0.13222,0.12616,0.12175,0.11585036708717372,0.11267,0.10792
09-01-2026 10:35,25856.25,0.13386,0.12186,0.11509,0.11409,0.11083,0.10442,0.10153,0.09794,0.09652,0.09387,0.0931,0.09561190718434023,0.09015,0.09111,0.17919,0.17291,0.16785,0.16049,0.15512,0.15621807653713768,0.14313,0.13699,0.13113,0.12489,0.12352904053982985,0.11514,0.11095,0.10594
09-01-2026 10:40,25848.5,0.13828,0.13072,0.12174,0.12382779782807071,0.11156,0.10677,0.10343,0.09947,0.09988079154308367,0.09987913406802514,0.09413,0.09245,0.09766400579535708,0.10016341758287362,0.177,0.17175,0.19057920028160402,0.1605,0.15457,0.14841,0.14173,0.13616,0.13031,0.14185903879706868,0.11965,0.11418,0.12453823919634564,0.10499
09-01-2026 10:45,25856.0,0.13288140213672453,0.12691,0.12334327065272901,0.1178704950192135,0.10894,0.10426,0.10107,0.09729,0.09535,0.09318,0.09212,0.09556480709388468,0.08965,0.09047,0.17921,0.17163,0.16709,0.16105,0.15497,0.14836,0.1429081007495466,0.13662,0.13056,0.12437,0.11984,0.11436,0.11463499338808567,0.10507
09-01-2026 10:50,25857.85,0.12575,0.12071,0.10942,0.1029,0.10115,0.09755,0.10714119950680268,0.10346977991157594,0.10038199166011985,0.08997,0.08915,0.08859,0.09534332800132346,0.09715694701988406,0.17913,0.172,0.16724,0.18029717289663208,0.15511,0.14851,0.14315,0.13715,0.1306,0.12494,0.12071,0.11531,0.11159,0.10663
09-01-2026 10:55,25829.65,0.12173,0.13509,0.1134,0.11215,0.10597,0.10186,0.09907,0.0963,0.09507,0.09307,0.0924,0.0973603092420809,0.09028,0.09146,0.20246108416369477,0.17006,0.16565,0.15919,0.15275,0.14645,0.14105,0.13537,0.12942,0.14118258591337512,0.11907,0.12752244292515566,0.11001,0.10509
09-01-2026 11:00,25812.95,0.13484884803127656,0.14272,0.11773,0.11095,0.10633,0.1054946077018552,0.1016951171247333,0.09664,0.09499,0.09329,0.09252,0.09146,0.0908,0.09218,0.17375,0.16891,0.1641,0.15801,0.15038,0.14383,0.13952,0.13385,0.12801,0.12206,0.11785,0.12714580807156642,0.12393938305527558,0.10372
09-01-2026 11:05,25810.2,0.13273,0.10799055055784908,0.11842,0.11337738382747431,0.10914,0.10600724595530807,0.10222,0.0984,0.09696,0.09459,0.09354,0.09227,0.09127,0.09265,0.1731,0.16874,0.19115030292323962,0.15782,0.1536,0.14333,0.15953045443609137,0.1334,0.12724,0.12214,0.11763,0.11213,0.10826,0.11546388848209055
09-01-2026 11:10,25819.45,0.11525918391581527,0.11504,0.11078,0.11468401669924275,0.10212,0.09707,0.10091642092713127,0.09292,0.09129,0.09002,0.08973,0.08945,0.08886,0.09057,0.17655,0.19249512099762303,0.16439,0.1585,0.15188,0.14781,0.14072,0.13474,0.12887,0.14092084812657868,0.11867,0.11354,0.10999,0.11935644365951277
09-01-2026 11:15,25805.3,0.12636,0.11857,0.1129,0.11045,0.10525,0.10622932753000648,0.09905,0.09601,0.09436,0.0927,0.0923,0.09144,0.09919037527926707,0.09233,0.17514,0.16843,0.16398,0.1575,0.17412839207128097,0.14676,0.14006,0.1339,0.14571015105101684,0.12245,0.11782,0.11268,0.10864,0.10376
09-01-2026 11:20,25797.5,0.12444936855988724,0.12365,0.1158,0.10941697061987027,0.10532,0.10169,0.09969,0.0968,0.09541,0.09379,0.09248,0.09198,0.09139,0.09279,0.17105,0.17038,0.16344,0.15695,0.15129,0.1454,0.13908,0.13307,0.12716,0.12153,0.11701,0.11186,0.10775,0.10286
09-01-2026 11:25,25799.65,0.13192,0.12292,0.11743,0.11411,0.10880083741884186,0.10561,0.10227,0.09918,0.0971,0.09498,0.09443,0.09333,0.09254,0.0939,0.17363,0.17055,0.16436,0.15712,0.15146,0.14637,0.13926,0.13349,0.14113469855624394,0.12162,0.11711,0.11184,0.10764,0.11387560525641982
09-01-2026 11:30,25809.4,0.12855,0.11335627742415115,0.11577,0.10497,0.10617,0.09831,0.09527,0.09358,0.09225,0.09053,0.10426926928578785,0.08988,0.08972,0.09155,0.17384,0.16829,0.1927896841867583,0.18306822553906493,0.15186,0.14628,0.14001,0.14379630552045622,0.14673934452108148,0.12291,0.11795,0.1263574354248169,0.12024934317537399,0.10429
09-01-2026 11:35,25776.0,0.11684588241507815,0.1199049101707082,0.1124,0.10842,0.1043,0.10467912351804774,0.10216789494826264,0.09582,0.09455,0.09282,0.09248,0.09187,0.09137,0.09325,0.17295,0.16871,0.16379,0.1785383015219596,0.15116,0.14588,0.13918,0.13343,0.14465028496288956,0.12214,0.11801,0.11312,0.10927,0.10467
09-01-2026 11:40,25764.3,0.12402,0.11788734624234785,0.11266,0.10838,0.10458,0.10002,0.10370908247571294,0.10228219046204311,0.0949,0.09302,0.09277,0.09217,0.09178,0.09368,0.17327,0.1679,0.1635,0.15682,0.15015,0.14304,0.13917,0.13286,0.14408287758217012,0.13938121049379174,0.11762,0.11281,0.12218330380383484,0.10434
09-01-2026 11:45,25759.6,0.1246,0.1174,0.11296,0.10788,0.10384,0.10107,0.09909,0.0945636024134952,0.09330044910309017,0.09381,0.09448487320448354,0.09289,0.0925,0.10259137282490409,0.17404,0.16779,0.16335,0.15714,0.15348,0.1448,0.13781,0.13273,0.1273,0.12195,0.11783,0.11298,0.10925,0.10483
09-01-2026 11:50,25748.85,0.116149328980096,0.1156,0.10910362990289298,0.1069891123113023,0.10639,0.10327,0.10085,0.09828,0.09754911144018293,0.09501,0.09427,0.09372,0.09334,0.10760437337040663,0.17309,0.16704,0.16363,0.15588,0.15184,0.14262,0.13909,0.13266,0.12732,0.12158,0.11764,0.11272,0.12009076023568342,0.10442
09-01-2026 11:55,25747.75,0.12476,0.12003,0.10965545661822318,0.10947,0.1032732696276237,0.10313,0.10369731131008532,0.09761,0.09638,0.09487,0.09399,0.1029899925619713,0.09347,0.09537,0.17387,0.16928,0.1649,0.15866,0.16763191451167,0.1614559897328816,0.13755,0.14849443192215367,0.12762,0.12219,0.11814,0.12473155427942996,0.10922,0.10487
09-01-2026 12:00,25743.15,0.13228,0.12221,0.11891,0.11635,0.11469729156984561,0.10741,0.10977783598777421,0.10049,0.09866,0.09675,0.09587,0.10128768936644361,0.09475,0.0964,0.19588294405596454,0.16802,0.16358,0.15848,0.15158,0.14386,0.15660410730485008,0.13202,0.12579,0.12008,0.1322101520821049,0.11067,0.10671,0.10182
09-01-2026 12:05,25753.7,0.12165,0.12006,0.1133,0.10317011144196112,0.10417,0.10205,0.09949,0.09693,0.097744500353274,0.09403,0.09353,0.09325,0.09313,0.10557037580905436,0.17411,0.16841,0.1647,0.15928,0.15238,0.14468,0.14064,0.13363,0.14441552036510022,0.12176,0.11758,0.11235,0.10889,0.10423
09-01-2026 12:10,25746.8,0.11672,0.11435,0.10901,0.10603241411990534,0.10277,0.10029,0.09794,0.10057905205516211,0.09496,0.09365,0.09328,0.10339681631517293,0.0935,0.09519,0.17406,0.1685,0.16421,0.15878,0.1709025141397273,0.164461725474154,0.13886,0.13416,0.12796,0.12188,0.11816,0.11283,0.1091,0.10466
09-01-2026 12:15,25744.0,0.1284,0.11526,0.11581147000679698,0.11348409540973822,0.10388,0.10155,0.10351113376604935,0.10295891531869215,0.09568,0.09451,0.09875337019473086,0.10193758887073681,0.10003078603991143,0.10487471558095635,0.1941467249825587,0.16926,0.16352,0.17203111656625922,0.16572117664949806,0.15957716591724735,0.13744,0.13277,0.12678,0.12097,0.1169,0.11181,0.10814,0.1035
09-01-2026 12:20,25738.7,0.11805,0.11418,0.1091,0.10497,0.10187,0.09897,0.0973,0.09516,0.09412,0.09323,0.09295,0.0933,0.09377,0.09568,0.17311,0.16962,0.18154510513140878,0.15587,0.15058,0.14357,0.13789,0.13214,0.12587,0.13474122904344008,0.12914555192242594,0.1116,0.11931187015025614,0.10358
09-01-2026 12:25,25737.5,0.10941,0.10511,0.10629,0.09865,0.09742,0.09601,0.09433,0.09271,0.09196,0.0914,0.09129,0.09187,0.09267,0.0947,0.17366,0.16534,0.16391,0.1569,0.1691830677742964,0.14376,0.156616466503409,0.13292,0.1435694077466673,0.12104,0.11744,0.11276,0.12055746000609124,0.10484
09-01-2026 12:30,25724.25,0.11536,0.11023,0.1069,0.10431,0.10061,0.09884,0.09649,0.09464,0.09402,0.09313,0.09304,0.09347,0.1090629907787642,0.09648,0.19185648340696562,0.16442,0.16377,0.15531,0.15051,0.14394,0.1553484290372017,0.13229,0.12577,0.12044,0.11671,0.12705335558326383,0.10843,0.10371
09-01-2026 12:35,25712.65,0.11323,0.10829,0.1045,0.10192,0.09951,0.09951456154984466,0.09626,0.09479,0.09436,0.09358,0.0939,0.09457,0.10399696090423706,0.0979,0.17528,0.16956,0.16529,0.17349734255787022,0.153,0.16011636951980993,0.13946,0.13458,0.12846,0.1348208567194521,0.11983,0.12368177297600566,0.11176,0.10717
09-01-2026 12:40,25689.45,0.11739,0.11336,0.10882,0.10546,0.10281,0.10124,0.1004123407979857,0.09745,0.0966,0.09801490025825177,0.09592,0.09656,0.0978,0.09994,0.1751,0.17006,0.16506,0.16918139579730987,0.15211,0.14599,0.13954,0.1342,0.12763,0.12249,0.11887,0.11394,0.11,0.10574
09-01-2026 12:45,25685.25,0.10932,0.11422408174320807,0.10217,0.1025,0.10058,0.09812,0.10640896742258232,0.10474835902016011,0.09948847011529652,0.09488,0.09577,0.09679,0.10801693959752233,0.10032,0.17535,0.1863409063565609,0.16505,0.17176608704077836,0.162716326271465,0.14521,0.13911,0.13377,0.12754,0.12272,0.11887,0.11426,0.11071,0.11047343820075378
09-01-2026 12:50,25678.5,0.12829,0.11678565502408392,0.11553,0.10937031019024507,0.1072,0.10395,0.10167,0.09964,0.09878,0.09762,0.09809564137735473,0.09849,0.09949,0.10145,0.1781373069256451,0.17056,0.16233,0.16983889759891627,0.14938,0.14329,0.13477,0.13075,0.1244,0.11944,0.11544,0.11085,0.10704,0.10251
09-01-2026 12:55,25695.15,0.12027,0.11243,0.11052,0.10742,0.10309151907454497,0.10203074335752696,0.09972,0.09771,0.09703,0.09608,0.09627,0.0968,0.09761,0.09973,0.17501,0.17181,0.16434,0.16065396809062846,0.15145,0.14496,0.13844,0.1376152768896741,0.12703,0.12174,0.12013463869806368,0.11301,0.10916,0.10509
09-01-2026 13:00,25694.0,0.11457161501241617,0.11285,0.10979,0.10675,0.10346730362919167,0.10131,0.0990147321939733,0.09794,0.09704,0.09577,0.09623,0.09692,0.10341326480329878,0.09985,0.17567,0.17174,0.16532,0.15674,0.15881970861316938,0.14488,0.1389,0.1333,0.12729,0.12233,0.11798,0.11914645539098796,0.10973,0.10531
09-01-2026 13:05,25687.3,0.12321,0.11865,0.11451,0.10988,0.10627,0.10377,0.10167,0.09932,0.10252858665441682,0.09691,0.09726,0.09796,0.10165916270116797,0.11038962087619061,0.17521,0.18394708032195728,0.16483,0.16866251974667912,0.15176,0.15489190056248056,0.14469479363893403,0.13305,0.12682,0.1292495963348284,0.12384850392115332,0.11479636026718179,0.11381771969226279,0.10469
09-01-2026 13:10,25691.5,0.11588550878375592,0.11744,0.11545,0.10842,0.10596,0.10336,0.10088,0.09794731910934573,0.09821,0.09722196326761405,0.09704,0.09744,0.10342768347750511,0.10037,0.17552,0.16948,0.17875560609206925,0.17030375726534208,0.15197,0.1569732108992063,0.13936,0.13369,0.12693,0.12183,0.11751,0.11275,0.1095,0.1049
09-01-2026 13:15,25696.8,0.12103,0.10852766050816044,0.11193,0.10906,0.10638,0.10184840572388904,0.10143876789861694,0.09835597750110987,0.09865,0.09839369133390415,0.09817772102776338,0.09762,0.09831,0.10017,0.17556,0.16988,0.16483,0.17283296524678407,0.15176,0.14418,0.15359966595268398,0.13366,0.12696,0.12177,0.11768,0.11275,0.11706553679962087,0.10454
09-01-2026 13:20,25704.7,0.125106987536921,0.11566,0.11049,0.10641,0.10673242405134002,0.10143,0.09899,0.09758,0.09689,0.09572,0.096,0.09672,0.09757,0.09942,0.17485,0.16771,0.16437,0.1689155397831594,0.15238,0.14601,0.13882,0.13355,0.1271,0.12201,0.11774,0.11275,0.1164856103559183,0.10466
09-01-2026 13:25,25701.95,0.12224,0.12659228319517302,0.11251,0.10795,0.10579,0.10305,0.10117,0.09904,0.09799,0.09694,0.10401757788167186,0.09733,0.09843,0.10009,0.17541,0.16753,0.16479,0.15654,0.15179,0.14545,0.13938,0.14576627987877896,0.12732,0.12201,0.11797,0.11302,0.10946,0.11371553709348792
09-01-2026 13:30,25705.5,0.11593,0.10972,0.10335,0.10307,0.10018,0.09862,0.09718,0.09913568418446889,0.09555,0.09465,0.09496,0.09588,0.10368837227951361,0.09903,0.17569,0.17073,0.16537,0.15682,0.15272,0.15858953973697543,0.14043,0.13508,0.12859,0.12355,0.11929,0.12123125272919802,0.11129,0.10651
09-01-2026 13:35,25704.05,0.12743,0.12182267309994323,0.11509672467675452,0.11167,0.10775,0.10526,0.10226,0.10408555692379924,0.09945,0.10289708411920458,0.09781,0.09816,0.09904,0.10073,0.17428,0.1827658495702587,0.16374,0.17215463777962203,0.15106,0.14576,0.15321544780864946,0.13284,0.13456464523391826,0.12096,0.1165,0.11202,0.1086,0.11730624964053435
09-01-2026 13:40,25707.75,0.10972,0.09821549262980135,0.1037,0.10448392289847278,0.09823,0.09644,0.09503,0.0943,0.09393,0.09321,0.09384,0.095,0.09637,0.10901523053372038,0.17513,0.16888,0.16496,0.15582,0.15254,0.14654,0.1401,0.14533465333355572,0.12819,0.12362,0.12699505920005258,0.11463,0.11134,0.11099315456500333
09-01-2026 13:45,25683.75,0.1246609753430521,0.11147,0.11084,0.10705,0.10388,0.10133,0.09953,0.09777,0.09834794022996746,0.0957,0.09627,0.09717,0.09848,0.10032,0.17398,0.1858989202139298,0.16334,0.17056621803462976,0.1507,0.15344506960197132,0.15048927889764144,0.13275,0.12644,0.12138,0.11727,0.11252,0.10907,0.10425
09-01-2026 13:50,25682.0,0.11444,0.11369,0.11113772695038701,0.1056,0.10242,0.10013,0.10087400160837647,0.09695,0.09655,0.09914199310577186,0.09612,0.09718,0.0986,0.10046,0.19213610572998377,0.1658,0.16322,0.15392,0.15058,0.14454,0.13837,0.13319,0.13631434605659482,0.13029369117775183,0.11776,0.11325,0.10975,0.1051
09-01-2026 13:55,25665.25,0.13117,0.11883,0.10493348025827143,0.09163505326582139,0.10983,0.10688,0.10407,0.10189,0.10099,0.09943,0.09955,0.10003,0.10343612452139474,0.10274,0.1725,0.1646,0.17612347807165943,0.15528,0.14904,0.14288,0.13651,0.13106,0.12472,0.11955,0.11552,0.11076,0.10706,0.10236
09-01-2026 14:00,25689.05,0.11498,0.1132,0.10849,0.1095270744918731,0.10267,0.10027,0.10192750016027076,0.09693,0.09792464910450648,0.09531,0.0958,0.09696,0.09858,0.10034,0.17441,0.16895,0.16408,0.1571,0.15533607535574648,0.1492953271592233,0.14344407947541032,0.13398,0.12735,0.12225,0.11836,0.1135,0.11011,0.10547
09-01-2026 14:05,25678.55,0.12396896568186162,0.12009,0.11289465314167915,0.10995,0.1064,0.10305,0.10082,0.09954,0.09859,0.09715,0.09738,0.09828,0.09941,0.10108,0.17367,0.16886,0.16361,0.16910729582763523,0.15061,0.14697170548473354,0.13922600523307035,0.13275,0.12639,0.12141,0.11734,0.11256,0.10876,0.10422
09-01-2026 14:10,25674.05,0.11993,0.10932122735910982,0.10659,0.10482,0.10293,0.1001,0.09781,0.09679,0.09658,0.0955,0.09608,0.10007661016071644,0.10236348456338354,0.10513279491169442,0.17391,0.16854,0.16343,0.155,0.15065,0.15239376530891824,0.13852,0.13304,0.12686,0.12815941311345064,0.11832,0.11367,0.11005,0.10553
09-01-2026 14:15,25669.0,0.11382,0.11203,0.10784,0.10729559930271795,0.10262,0.10114,0.09873,0.09726,0.09676,0.09572,0.09619,0.09744,0.09886,0.10039,0.17392,0.17027,0.16336,0.157,0.1504,0.14252,0.13853,0.13282,0.12685,0.12213,0.11774,0.11297,0.10935,0.10483
09-01-2026 14:20,25668.65,0.12282334780961543,0.11177,0.11403364301668238,0.10614,0.10316,0.10092,0.09864,0.10035137796065119,0.09688,0.09562,0.09597,0.09731,0.09845,0.10029,0.17337,0.16979,0.16261,0.15926972919610236,0.15026,0.14924085391406994,0.1397121135773317,0.13298,0.12675,0.12182,0.11772,0.113,0.11010621439800983,0.10508
09-01-2026 14:25,25671.35,0.11449,0.1069196013228801,0.10674,0.1025,0.10338971252842939,0.0984,0.09697,0.09582,0.09539,0.09442,0.09527,0.09626,0.09792,0.09983,0.17321,0.17,0.16342,0.16937077064568423,0.16317635959003812,0.15686759327744765,0.13865,0.13368,0.12757,0.12228,0.11872,0.11392,0.11039,0.11227030740231755
09-01-2026 14:30,25652.65,0.1269,0.12078,0.11398,0.11234,0.10794,0.10499,0.10242,0.10141148779059557,0.09938,0.09808,0.0983,0.10096522514587493,0.10044,0.102,0.17453,0.16863,0.17527969515024444,0.15484,0.16215502934905976,0.14255,0.13683,0.13149,0.12523,0.12042,0.11625,0.11135,0.10737,0.10319
09-01-2026 14:35,25659.1,0.12071,0.11683,0.1133,0.1082,0.10504,0.10241,0.10206418208908434,0.09844,0.09796,0.09651,0.09719,0.09831,0.09967,0.10142,0.17291,0.16652,0.16282,0.15575,0.16257129051730979,0.15668176122465002,0.13757,0.13231,0.13812131980535813,0.12136,0.11741,0.11274,0.10915,0.10462
09-01-2026 14:40,25650.4,0.11375050991068791,0.11901,0.11374,0.1103,0.10398195469818498,0.10393,0.10153,0.09970775520755015,0.09863,0.0984018364627713,0.098,0.09876,0.10667222237909117,0.10194,0.1871199870450337,0.1685,0.16305,0.15801,0.15037,0.14286,0.13719,0.13241,0.12612,0.12102,0.11697,0.11206,0.10843,0.10422
09-01-2026 14:45,25668.25,0.11893,0.1260599791334841,0.11041,0.10761,0.11616620458726458,0.1021,0.09986,0.09815,0.0978,0.09646,0.09693,0.09755,0.09897,0.10073,0.17396,0.16722,0.16383,0.1562,0.1508,0.14406,0.13782,0.13998828368079017,0.13345695291181436,0.12162,0.11754,0.11257,0.109,0.10484
09-01-2026 14:50,25663.45,0.11923,0.1159,0.11115,0.10822,0.10457,0.10245,0.10011,0.09834,0.09886029465583454,0.09664,0.09701,0.10405160340306129,0.09928,0.10092,0.17416,0.17921920286193133,0.16363,0.15667,0.15093,0.14334,0.13817,0.13298,0.12678,0.1217,0.11772,0.11271,0.10912,0.10492
09-01-2026 14:55,25674.9,0.11822,0.1133,0.10902,0.1054,0.10347020507984497,0.10099,0.09814,0.0984407891855298,0.09696,0.09556,0.0958,0.09655,0.09819,0.10004,0.17375,0.17832604191717738,0.1722479183068339,0.15674,0.15109,0.14426,0.13849,0.13284,0.12678,0.12179,0.12365100264846905,0.11291,0.10919,0.10506
09-01-2026 15:00,25668.55,0.12334,0.11686,0.11554833463873512,0.10907,0.10735260583677711,0.1017771910476836,0.10172736726346795,0.09847,0.09805,0.09666,0.09714,0.09787,0.09934,0.10158689395909284,0.17385,0.16679,0.1657593991334882,0.15668,0.15036,0.14955214120223356,0.13746,0.1327,0.12641,0.12116,0.11678,0.11209,0.10836,0.10429
09-01-2026 15:05,25679.0,0.12261,0.11496,0.11263,0.10917,0.10539254181900679,0.10242,0.1002,0.0985,0.09781,0.09643,0.09701,0.09746,0.09913,0.10565350091074137,0.17315,0.16824,0.16306,0.15652,0.15728283130869625,0.15225428928751822,0.13757,0.13236,0.12621,0.1212,0.1166,0.11165,0.11327976916214046,0.10897931154716103
09-01-2026 15:10,25688.85,0.12268098116975316,0.11582,0.11321,0.10988,0.10583,0.10386,0.10089,0.09887,0.098,0.09658,0.09783848418286875,0.09724,0.09912,0.10076,0.17975678570111547,0.16743,0.1693702250238215,0.15642,0.15002,0.14398,0.1376,0.1327,0.13051027195535053,0.12124,0.11718,0.11255,0.11154891682280091,0.10646060780170283
09-01-2026 15:15,25690.6,0.11932110246921729,0.1108,0.10787,0.10435,0.10131,0.10057,0.09761,0.10413266290655172,0.09586759111424323,0.09521,0.09612,0.09663,0.09878,0.10097,0.17363,0.16809,0.16381,0.15799,0.16602779010635046,0.1572104996722395,0.13885,0.14766318817000673,0.12782,0.1354871128316146,0.11865,0.12093536975346039,0.11073,0.10651
09-01-2026 15:20,25695.2,0.11874844748015898,0.11205035883612845,0.11336,0.10723,0.10315248727998938,0.10272,0.09926006014425418,0.09868,0.09815,0.09616856743145558,0.09688,0.09766,0.09924,0.10136,0.17913332960736256,0.16844,0.16508,0.15679,0.15261,0.14593,0.14029,0.13487,0.12864,0.12467514134743257,0.11896,0.1143,0.11059,0.10651060706364837
09-01-2026 15:25,25688.2,0.13292,0.12614,0.12044,0.11190851422545826,0.11233,0.10939,0.10641,0.10353,0.09999772122985395,0.09933584289056861,0.09965,0.09992,0.10147,0.10334,0.17462,0.16795,0.16501,0.17050838123807258,0.16335688453783817,0.14643,0.149448754125331,0.13467,0.12881,0.12288,0.11896,0.11234,0.10955,0.10414
12-01-2026 09:15,25657.45,0.11253285206814401,0.11324,0.11181,0.10923,0.10651,0.10512,0.10354,0.1025,0.0990055464585537,0.0995066132117925,0.10287,0.10466,0.10656,0.10945,0.1905,0.18496,0.17277074329419811,0.16792,0.16397,0.15764,0.15087,0.14559,0.13863,0.13422,0.12931,0.11924055414263712,0.1207,0.11627
12-01-2026 09:20,25594.15,0.10078412687121345,0.12206,0.1163,0.1162,0.10060961396027787,0.1116,0.10351057517658842,0.10867,0.10825,0.10783,0.10912,0.11053,0.11293,0.11619,0.18837,0.18215,0.17641,0.17045,0.1775637091533549,0.15582,0.14937,0.14418,0.14811138025608436,0.13308,0.13458299514240016,0.12372,0.12523414495544882,0.12014855527191923
12-01-2026 09:25,25548.3,0.13463,0.13255,0.12451,0.12229,0.1187,0.11659,0.10856730150430884,0.11275,0.11187,0.11185,0.11838910319716467,0.11469,0.11707,0.12066,0.18706,0.18142,0.17544,0.16842,0.16152,0.15484,0.14868,0.1434,0.13738,0.13556573600916066,0.12763,0.12272,0.11844,0.1144
12-01-2026 09:30,25559.65,0.1124540459649703,0.13513,0.13053,0.12762,0.10625497543644817,0.11992,0.10562133851759219,0.11528,0.10742851904499408,0.11364,0.11442,0.11596,0.11845,0.12193,0.18674,0.20220873054564098,0.19146987998639212,0.16872,0.16123,0.1546,0.1584620945326729,0.14294,0.13629,0.1307,0.12579,0.12049,0.11614,0.11154
12-01-2026 09:35,25575.3,0.14006,0.13464,0.12761,0.1248,0.12047,0.11365558369064599,0.10921734161774856,0.10636906944112909,0.1125,0.11211,0.11027371091695103,0.11439,0.11676,0.11911577347526986,0.18503,0.18539854050658028,0.17376,0.16686,0.16,0.15408,0.14815,0.1434198643630301,0.13795706729040347,0.13182992818576467,0.12645,0.12142,0.11756809186384133,0.11271
12-01-2026 09:40,25569.55,0.11957195236637293,0.12814,0.11396409485603733,0.12038,0.11743,0.11497,0.11236,0.11087,0.11045,0.11015,0.11133,0.11332,0.11595,0.1195,0.18611,0.19048965330823533,0.17467,0.1679,0.16147,0.15594,0.14974,0.1448,0.14079857502992646,0.13501585767735277,0.12831,0.12336,0.11915,0.11505
12-01-2026 09:45,25560.8,0.14288,0.13986,0.13543,0.13261,0.12714,0.12351,0.11999,0.11711,0.11605,0.11475,0.11528,0.11638,0.12526197583077447,0.13175441035574478,0.18657,0.20370780573101072,0.17502,0.16911,0.16194,0.15526,0.14912,0.14334,0.13702,0.13124,0.13211484986459918,0.12046,0.12136993305823379,0.1107
12-01-2026 09:50,25588.7,0.13697,0.13079,0.12214085025488262,0.12282,0.11879,0.11587,0.1133,0.10908901874854038,0.10849059516544257,0.10979,0.11073,0.11209,0.11424,0.11756,0.18788,0.18272,0.17674,0.17095,0.16343,0.1574,0.1512,0.14596,0.13945,0.13402,0.12872,0.12356,0.11856943393631118,0.11512
12-01-2026 09:55,25588.5,0.12519,0.11951,0.12214883290362857,0.11372,0.11107,0.11359004091813117,0.10768,0.10779740815361183,0.10652,0.10686,0.11036174213240713,0.11001,0.11421744211035652,0.11653,0.18946801871510077,0.18242,0.17742,0.17095,0.1641,0.15841,0.15246,0.147,0.14067,0.13527,0.13053,0.12529,0.11946773143086967,0.11562129868753952
12-01-2026 10:00,25564.15,0.13027808115630016,0.13787,0.13159,0.12824,0.12398,0.10773962140958633,0.11732,0.11475,0.11375,0.10885560070040518,0.11082323351455839,0.11464,0.11676,0.12025,0.18474,0.18026,0.17374,0.16725,0.1605,0.15419,0.14812,0.14258,0.13552,0.1301,0.12918781663695658,0.11957,0.11465,0.11054
12-01-2026 10:05,25588.7,0.13313,0.12825,0.12214,0.11971,0.11604,0.11335,0.11096,0.10916,0.10861,0.10851,0.10967,0.1111,0.11368,0.11713,0.18794,0.18294078420568394,0.17721,0.17052,0.16393,0.15760243544667424,0.15106,0.14561,0.13955562089299384,0.13406671637277578,0.12881892263386918,0.12301,0.11852,0.11514523211820504
12-01-2026 10:10,25566.95,0.1341,0.127,0.12233,0.11971,0.11585059323848429,0.11383,0.11152,0.10984,0.10919,0.10922,0.11084,0.11467390214379942,0.11937202277118822,0.11835,0.18718,0.18098,0.18037891375477863,0.1730466142955889,0.16279,0.1563,0.15058,0.14488,0.13799,0.13263,0.12756,0.12332901015889688,0.11787,0.11383
12-01-2026 10:15,25557.55,0.14588,0.13846,0.13169,0.12799,0.12354,0.11972,0.11606,0.11398,0.11253,0.11213,0.11330410473480665,0.11392,0.12117786272110952,0.1290098372639563,0.20661091383300295,0.18007,0.17472,0.1676,0.16109,0.15445,0.14828,0.15225785852991994,0.13556,0.12978,0.13150419771880198,0.11929,0.12360606601791749,0.1168605439107027
12-01-2026 10:20,25583.3,0.12717643999108344,0.12801,0.12396,0.12163,0.11793,0.11486,0.11166,0.11001,0.10913,0.10842,0.10982,0.11101,0.11345,0.12625650704825997,0.18773,0.18178,0.17694,0.17023,0.16582505407800063,0.15691,0.1507,0.14521,0.13843,0.13265,0.13246966148183373,0.12618804977820844,0.11752,0.11314
12-01-2026 10:25,25574.15,0.1312797862359676,0.13623,0.12967,0.12376,0.11887,0.11599,0.10952117593586307,0.10687855088787845,0.1104444347393515,0.1095,0.11075,0.11194,0.11423,0.11789,0.1887115471829813,0.18134,0.17618,0.16883,0.1626,0.1563938390197655,0.15004451660586982,0.14418,0.13768,0.13146,0.12617,0.1219012376988146,0.11655,0.11219
12-01-2026 10:30,25584.2,0.12557007269715226,0.12478,0.1213,0.11695,0.11385,0.11154,0.10843842185309598,0.10727,0.10654,0.10672,0.11014326308868072,0.10943,0.11229,0.11575,0.1885,0.18265,0.17719,0.17009,0.16362,0.15743,0.15109,0.15024155079163967,0.13905,0.13309,0.12789,0.12261,0.1185,0.11429
12-01-2026 10:35,25564.75,0.13492,0.1278,0.12174311192402625,0.12019,0.11652,0.10851591448361488,0.11093,0.1091,0.10819,0.108,0.10963,0.11056,0.11880708668459625,0.1173,0.18742,0.18134,0.17634,0.16927,0.16235,0.15578,0.14955,0.14395,0.13914957355400157,0.13153,0.12646,0.12132,0.11691,0.11272
12-01-2026 10:40,25572.4,0.13601,0.1251179675155495,0.12061609952865442,0.12317349221459495,0.11433,0.11195,0.1096,0.1079,0.10715,0.10698,0.10851,0.10977,0.11624099025354592,0.11652,0.18839,0.1817,0.17701,0.1702,0.16316,0.15689,0.15047,0.14502,0.13819,0.13259,0.12758,0.12226,0.11867588800107726,0.11471358207835992
12-01-2026 10:45,25556.8,0.1375,0.13167,0.12703,0.12366,0.119,0.11582,0.11307,0.11089,0.1075489626428073,0.10963,0.11333919126893326,0.11674443156209005,0.11478,0.11859,0.18665,0.1813,0.17556,0.16825,0.16157,0.15509,0.15714163492460986,0.14305,0.13636,0.13061,0.12534,0.11996,0.12241160885754426,0.11122
12-01-2026 10:50,25579.85,0.1222,0.11899,0.11375,0.12117897036118364,0.11726426531744677,0.10858,0.10623,0.1048,0.10456,0.10457,0.10990111321104645,0.10778,0.11086,0.11483,0.18856,0.19678263170326327,0.17769,0.17077,0.16419,0.15771,0.1512,0.14545,0.13918,0.13364,0.12852,0.1260852952297372,0.1187,0.11488
12-01-2026 10:55,25554.9,0.12813,0.12435,0.12022,0.11354577122014822,0.11395,0.1115,0.109,0.10761,0.10696,0.10694,0.11377871501007168,0.1101,0.12265194605576894,0.11692,0.18701,0.18147,0.18774581633056148,0.16896,0.16253,0.1660167378070648,0.16080880292307992,0.14384,0.13698,0.13174,0.1269,0.1252531926349501,0.11732,0.11624148568742425
12-01-2026 11:00,25550.75,0.12331695095824179,0.1261,0.11322663446112423,0.11932,0.10827060114745006,0.11307,0.11061,0.10912,0.11164955747636414,0.10824,0.10971,0.11896808216050261,0.11413,0.11807,0.21013414270995434,0.1807,0.19427193789184893,0.16802,0.16163,0.15508,0.14859,0.153046862591991,0.13622,0.13101,0.13206746379298884,0.12713658810328546,0.121265260316154,0.11248
12-01-2026 11:05,25538.1,0.11769623023758427,0.12782,0.1236,0.10919253059155813,0.1070407338429111,0.105981458548388,0.11172,0.10985,0.10916,0.10888,0.1104,0.11198,0.11491,0.11861,0.18486,0.17966,0.1739,0.1855912822360969,0.16062,0.15433,0.14776,0.14223,0.13525,0.1378545805177222,0.12502,0.11987,0.11562,0.11145
12-01-2026 11:10,25544.8,0.12859780035243845,0.12331,0.11886,0.11651,0.11347,0.11101,0.10678826122439584,0.10721,0.11166118491025243,0.10691,0.10852,0.11041,0.1133,0.11741,0.18527,0.18024,0.17423,0.16813,0.16113,0.15506,0.15963419353472938,0.15107526788798337,0.13663,0.13121,0.1263,0.1209,0.11679,0.11303
12-01-2026 11:15,25528.8,0.12595,0.1217,0.11283719839932561,0.11598,0.11333,0.10787834654423599,0.1066983734335748,0.10818,0.10776,0.10781,0.10975,0.11188,0.11487,0.11907,0.18365,0.17819,0.17235,0.16591,0.15971,0.15341,0.14744,0.14174,0.1353,0.1302,0.12548,0.12065,0.11628,0.11298
12-01-2026 11:20,25512.25,0.13111,0.12465,0.11983,0.11831,0.11531,0.11282,0.11091,0.10965,0.10944,0.10972,0.11151,0.1133,0.12938366679823626,0.12045,0.18148,0.17667,0.17081,0.16375,0.15824,0.1518,0.14588,0.14013,0.13384,0.12869,0.129137203569232,0.11902,0.11468,0.11114
12-01-2026 11:25,25509.25,0.12887,0.1246,0.11804951210121176,0.11729,0.11454,0.1123,0.11069,0.10934,0.10911,0.10999,0.11181,0.11361,0.11695,0.12117,0.19640798795682832,0.17614,0.1707,0.16363,0.16779113393002593,0.16006000457140884,0.14553,0.13962,0.13348,0.13230824152524256,0.12353,0.11867,0.11474,0.11088
12-01-2026 11:30,25496.15,0.12283,0.11979,0.11693,0.11543,0.11285,0.11124,0.11003,0.10937,0.10944,0.11028,0.11224,0.11446,0.11778,0.12226,0.18198,0.17845105701541464,0.17680688331722813,0.16462,0.15892,0.15261,0.14665,0.14131,0.13519,0.13044,0.12596,0.12101,0.11711,0.1142
12-01-2026 11:35,25487.1,0.12896,0.10905890606855795,0.11988,0.11806,0.10593567131083614,0.11321,0.10771790746661904,0.11034,0.1103,0.11119,0.1131,0.11494,0.11853,0.12292,0.18093,0.17561,0.17024,0.16314,0.17797447338488426,0.15104,0.16161865142796722,0.1394,0.13317,0.13632674609969966,0.12347,0.12685963552497473,0.11508,0.11171
12-01-2026 11:40,25485.45,0.11191599714347052,0.10859229547427515,0.12019,0.11832,0.11599,0.11366,0.11195,0.11111,0.11123,0.11201,0.1137,0.11586,0.11937,0.12385,0.18081,0.17563,0.17025,0.16382,0.15778,0.16922384179763547,0.16202241480929264,0.14013,0.13359,0.12863,0.12393,0.11956,0.12333549198476526,0.11221
12-01-2026 11:45,25476.55,0.13517,0.12957,0.12533,0.12351,0.11952,0.11682,0.11481,0.11361,0.11317,0.11357,0.11488,0.11688,0.11992,0.12409,0.18025,0.17461,0.16924,0.16224,0.15605,0.14943,0.14365,0.13787,0.13125,0.12603,0.12139,0.11699,0.1129,0.10915
12-01-2026 11:50,25491.7,0.1293,0.12492,0.12093,0.11849,0.10681137676882017,0.11342,0.10918864955867612,0.10778702731252704,0.11052,0.111,0.11288,0.11482,0.11826,0.1227,0.18185,0.17591,0.17019,0.16313,0.15692,0.15086,0.14495,0.13939,0.13296,0.13681750605592616,0.12333,0.11901,0.11499,0.11149
12-01-2026 11:55,25495.85,0.13106,0.12537,0.12187,0.11957,0.11614,0.11073224522430362,0.11205,0.11089,0.10994598241765717,0.11102,0.11273,0.11467,0.11789,0.12412289053180754,0.18173,0.17556,0.1769039092426382,0.16363,0.15731,0.15068,0.14477,0.13922,0.13293,0.12779,0.12291,0.12167960654416508,0.11471,0.1145487307328295
12-01-2026 12:00,25499.2,0.12806,0.12433,0.11977,0.11788,0.11466,0.11248,0.11083,0.11054801803552629,0.10963,0.11033,0.11191,0.11395,0.11737,0.1217,0.18155,0.17572,0.1701,0.17405782810509265,0.15677,0.15024,0.14459,0.13903,0.13296,0.12752,0.12279,0.12362478297269053,0.115,0.11526275662304378
12-01-2026 12:05,25507.65,0.13197,0.12643,0.12244,0.1091381612183396,0.11613,0.11407,0.10648832065764918,0.11057,0.1101321936070046,0.11061,0.11212,0.11396,0.11724,0.12139,0.18194,0.1763,0.18607676667719011,0.16326,0.15656,0.14995,0.14383,0.1381,0.13178,0.12652,0.12189,0.12502180220640818,0.11337,0.10923
12-01-2026 12:10,25526.3,0.14473,0.1426,0.13664,0.13244,0.12752,0.12306,0.10786401520832109,0.11725,0.11547,0.11434,0.11538,0.11631,0.11832,0.12241,0.2083191268780767,0.17639,0.17031,0.1638,0.17648619005621155,0.1492,0.14285,0.13669,0.13021,0.13582337018136242,0.13036443907683334,0.1134,0.12019166831070392,0.10445
12-01-2026 12:15,25577.45,0.14302,0.13618,0.13037,0.12711,0.12239,0.11946,0.11592,0.10540041615068052,0.1127,0.11224,0.11014441678232378,0.11361,0.11532,0.11883,0.18443,0.17862,0.17238,0.16537,0.15893,0.15208,0.14584,0.13976,0.13325,0.12715,0.12234,0.11758,0.11315,0.1150255576828919
12-01-2026 12:20,25614.85,0.15144,0.10647573360568685,0.1381,0.10246128975950784,0.12816,0.12403,0.12111,0.11765,0.11628,0.11484,0.11474,0.11538,0.11747720758750128,0.11973,0.186,0.17815,0.17464,0.16816,0.16208,0.15542,0.16759170335917686,0.14266,0.136,0.14226174875085387,0.12488,0.11939,0.11495,0.11882664549375946
12-01-2026 12:25,25653.4,0.09983661960587437,0.12728,0.12805,0.12478,0.12093,0.11774,0.11503,0.11288,0.11166,0.11104,0.11111,0.10044530484459371,0.11325,0.11604,0.18872,0.18389,0.17771,0.17116,0.16556,0.15827,0.15227,0.14636,0.14013,0.1342,0.12455424810605169,0.12448,0.12027,0.11551
12-01-2026 12:30,25668.1,0.154,0.14368,0.13897,0.10862679463749829,0.12916,0.10301624422312815,0.1213,0.11878,0.11738,0.11624,0.11566,0.1161,0.11709,0.10350894575884967,0.17504454748428855,0.18248,0.17816,0.17214,0.16583,0.15888,0.1533,0.14792,0.1408,0.13493,0.1184781407809912,0.11359542333083493,0.12038,0.11487
12-01-2026 12:35,25690.5,0.13488,0.12381,0.12445,0.12024,0.11698,0.11468,0.11213,0.11118,0.09556093983482061,0.10965,0.11016,0.09770053014038937,0.11232,0.11471,0.19113,0.18537,0.18081,0.17518,0.16841,0.15748977832828717,0.15617,0.15057,0.13277064390011803,0.13864,0.13428,0.12132623788160385,0.12421,0.1092714289030831
12-01-2026 12:40,25684.35,0.15507,0.11235250315224991,0.14347,0.10544509121237548,0.13275,0.12895,0.12453,0.12115,0.09891258023000638,0.11829,0.09862871782665496,0.11716,0.11832,0.11999,0.18826,0.1849,0.17793,0.17149,0.1654,0.15418138499400724,0.14924424065711786,0.13754397198709123,0.13995,0.13419,0.12962,0.12398,0.11295245805007578,0.114
12-01-2026 12:45,25727.5,0.13318,0.12002807583972441,0.12466,0.11945,0.11652,0.10471469818813677,0.0978000377612039,0.10981,0.10060496331365586,0.10914,0.10127659428955667,0.10977,0.1042257423445624,0.11342,0.1931,0.18998,0.18359,0.17732,0.1711,0.1620566332192652,0.15835,0.1480480169310856,0.14586,0.1398,0.131383979640974,0.13039,0.12158322689000577,0.12103
12-01-2026 12:50,25724.55,0.14204,0.10987210637705067,0.13291,0.1285,0.12508,0.12156,0.10009742620102259,0.11654,0.11567,0.11427,0.11384,0.11403,0.11481,0.11638,0.19309,0.18835,0.18208,0.17651,0.16953,0.16277,0.15723,0.14341617340396495,0.14472,0.13859,0.13453,0.12962,0.1253,0.12029
12-01-2026 12:55,25715.5,0.14309,0.13735,0.11096375663495428,0.12356,0.12039,0.11681,0.11462,0.09773024093095461,0.11168,0.11139,0.09640643647635778,0.11148,0.11248,0.11441,0.19219,0.18729,0.18184,0.17548,0.16905,0.16237,0.15666,0.14535415989222797,0.14020067670070838,0.13493076341790158,0.1341,0.12879,0.11593257126452827,0.11933
12-01-2026 13:00,25692.65,0.13268,0.13424,0.13095,0.10596886252383421,0.12484,0.12196,0.11816,0.11592,0.09780133046752362,0.0974292021665488,0.11292,0.10043852723638505,0.11399,0.10787790389082899,0.19101,0.18652,0.18014,0.17417,0.16414582752570012,0.16101,0.15571,0.14194513964727673,0.13639757809464723,0.13751,0.1327,0.1277,0.12285,0.11824
12-01-2026 13:05,25702.65,0.14577,0.1241274977705474,0.13579,0.10431803616793472,0.12591,0.12264,0.11964,0.11692,0.11573,0.11455,0.11356,0.11369,0.10330321788109238,0.11663,0.19162,0.17996940589465393,0.1805,0.17474,0.16117787738729022,0.16178,0.15598,0.14584681840858396,0.14297,0.13744,0.13288,0.12243209154468392,0.12314,0.11809
12-01-2026 13:10,25710.85,0.14323,0.13453,0.12998,0.128,0.12374,0.1201,0.117,0.11471,0.11291,0.11137,0.11141,0.1113,0.10498712833407761,0.11484,0.19088,0.18534,0.18005,0.17456,0.1683,0.16214,0.15586,0.15028,0.14341,0.13301009917558645,0.12736548881038007,0.12799,0.12361,0.11846
12-01-2026 13:15,25725.15,0.12758,0.12543,0.1204,0.11187040711668489,0.1132,0.11159,0.10017715877381422,0.10805,0.10708,0.10321050671868426,0.10713,0.10405958420441838,0.10778788441106009,0.111,0.19159675415276003,0.18479,0.18073,0.17517,0.16885,0.16266,0.15748,0.1439465848826161,0.1453,0.13253752590917803,0.12904337227072474,0.12999,0.12639,0.1143467636065937
12-01-2026 13:20,25697.4,0.12003313179382176,0.13529,0.13031,0.10577667516117242,0.1224,0.11874,0.11536,0.11443,0.11229,0.11137,0.0989858136439533,0.11101,0.11313,0.10706914180264503,0.18904,0.18412,0.17899,0.17303,0.162889579637351,0.15830032109218153,0.15545,0.15004,0.1433,0.13781,0.13305,0.12716,0.11746417329682503,0.11772
12-01-2026 13:25,25704.15,0.12732,0.12404,0.11901,0.10926973700561987,0.11413,0.11166,0.10099247813476897,0.10819,0.09862222014813324,0.10714,0.10751,0.10825,0.09993211970427507,0.10205025779640207,0.18916,0.18468,0.17939,0.17361,0.16806,0.14919099889934864,0.1565,0.13615290796150215,0.13389650083890678,0.13946,0.11850416107418876,0.12991,0.1254,0.12063
12-01-2026 13:30,25707.95,0.16035,0.09439986412151045,0.14463,0.10494481603386417,0.09757526494237763,0.09852268041700663,0.12301,0.11901,0.11727,0.11597,0.11518,0.1148,0.11578,0.11723,0.18884,0.18274961106841478,0.17838,0.17289,0.16635,0.16048,0.14958770856585027,0.1485,0.14168,0.13599,0.12746344236342086,0.11993339911505138,0.12086,0.11114560806136264
12-01-2026 13:35,25747.0,0.12697,0.13005,0.12265,0.10865693405463903,0.10602259999001339,0.11525,0.11212,0.10174561513220572,0.10947,0.10874,0.10825,0.10898,0.11004,0.11183,0.19147,0.18757,0.18138,0.17551,0.16951,0.16335,0.15791,0.15185,0.14597,0.13179176373415735,0.13462,0.12397363939375104,0.12485,0.12001
12-01-2026 13:40,25745.1,0.12048924877350735,0.1348,0.10990397596802177,0.11842,0.1158,0.11363,0.11035,0.10893,0.10798,0.0946928067078514,0.09722376746776858,0.10789,0.10922,0.1109,0.19178,0.18449603684059954,0.18262928119779537,0.17678763867605699,0.16951,0.16359,0.15776,0.1521,0.14563,0.13943,0.12778936796359833,0.12325871778525013,0.12541,0.12045
12-01-2026 13:45,25739.05,0.14182,0.13243,0.1274,0.12355,0.11938,0.11529,0.11248,0.11011,0.1089,0.10768,0.10761,0.10793,0.10927,0.11099,0.18548669301137763,0.1843468509310938,0.18113,0.17536,0.16902,0.16257,0.15702,0.15116,0.1347223053905063,0.13813,0.13379,0.1287,0.12433,0.1124063155633254
12-01-2026 13:50,25735.6,0.13052320330788603,0.12442277963645816,0.11493008259726128,0.12561,0.12169,0.11822,0.11384,0.1118,0.1105,0.10937,0.09910262001788459,0.10914,0.11039,0.11193,0.19298,0.18672,0.18206,0.17617,0.16733452736831916,0.16319,0.15763,0.15127,0.14468,0.13839,0.13388,0.12816,0.12364,0.11821
12-01-2026 13:55,25743.25,0.13752,0.12317,0.1274,0.12181,0.11763,0.11525,0.11133,0.10985,0.10855,0.09599660475213315,0.10716,0.1077,0.09810406091134208,0.11096,0.1957732180980376,0.18885,0.17366855783553453,0.16831864500472682,0.17081,0.16449,0.15855,0.15269,0.14559,0.12856833266672021,0.13473,0.11791606823916725,0.12508,0.11957
12-01-2026 14:00,25734.9,0.13141,0.12459,0.10820874155956489,0.12034,0.11299198944888501,0.10957090634252936,0.11059,0.10946,0.10815,0.10718,0.10723,0.10275394544953273,0.10435918154381879,0.11075,0.19338,0.18746,0.18191207816540195,0.1766,0.17053,0.16404,0.15509653025754344,0.14889763102824724,0.14149778756526052,0.13956,0.13488,0.12952,0.11854490836754633,0.11936
12-01-2026 14:05,25732.75,0.13756,0.13142,0.12339,0.12785,0.12267,0.11871,0.10031302191335437,0.11212,0.10271726099826874,0.10958,0.1003530686969016,0.10908,0.10383149464754288,0.10692427341616967,0.19324,0.18731,0.18188,0.17644,0.16982,0.16312,0.15644794899604392,0.15116,0.14322575806515736,0.1384,0.13328821222779713,0.12785,0.12289,0.11768
12-01-2026 14:10,25739.35,0.1354924001923835,0.13049,0.12053,0.11840324039898065,0.11324,0.11198,0.10906,0.10643,0.10608,0.10546,0.10522,0.10593,0.10432426464509144,0.10964,0.19315,0.18786,0.18327,0.17231746748839563,0.17067,0.16446,0.15848,0.15258,0.1373413971732208,0.13985,0.13050024556416553,0.12965,0.12533,0.11911
12-01-2026 14:15,25729.15,0.13958,0.13351,0.12656,0.1222,0.11842,0.11527,0.09854383599801175,0.10986,0.10878,0.10763,0.10776,0.1082,0.10965,0.11154,0.19299,0.1865,0.18163,0.1755970877969542,0.16851105471342484,0.16309,0.15715,0.15097,0.14479,0.13865,0.13344,0.12487691292045089,0.12363,0.11826
12-01-2026 14:20,25736.35,0.11994672573983875,0.14464,0.13888,0.13311,0.1279,0.1026336439709991,0.11872,0.11572,0.11399,0.11222,0.09777940685384069,0.11128,0.11182,0.10529648453783494,0.19212,0.1869,0.18105,0.17619,0.1699,0.16246,0.15668356581702209,0.14770536408814008,0.1425499464661362,0.13731,0.1324,0.12651,0.11982636557056123,0.11595
12-01-2026 14:25,25762.75,0.13676,0.13189,0.12698,0.12283,0.11747,0.11438,0.11065,0.10897,0.1075,0.1065,0.10599,0.10259984223796564,0.10746,0.10518360729277115,0.19377,0.1843253913999736,0.1825,0.17716,0.16773120339786107,0.16475,0.15889,0.1490930286383962,0.14273334289384196,0.14034,0.13525,0.12988,0.12539,0.1197
12-01-2026 14:30,25753.1,0.10965820900338473,0.11977,0.11613,0.11389,0.11126,0.10264239318253106,0.10683,0.10553,0.10493,0.10422,0.09731795221898558,0.10536,0.10669,0.10846,0.19326,0.1815377084206864,0.18279,0.17731,0.163875365516231,0.16471,0.15875,0.15268,0.14634,0.14043,0.13567,0.13022,0.1255,0.12037
12-01-2026 14:35,25716.7,0.15174,0.14512,0.13909,0.13307,0.12727,0.12346,0.11932,0.0953065236463969,0.09734210983709377,0.09576566217291937,0.11126,0.11126,0.10217139200047279,0.10740720828540197,0.19086,0.18502,0.17934,0.17431,0.16802,0.16121,0.15532,0.14680526808811828,0.1426,0.13638,0.13169,0.12575,0.12104,0.11307480367373023
12-01-2026 14:40,25749.0,0.14146,0.1115858170054561,0.12715,0.12317,0.10170990834278097,0.11552,0.11292,0.11058,0.10931,0.10795,0.10775,0.10821,0.09697278402013003,0.11043,0.19276,0.18761,0.18249,0.1689574281294371,0.1702,0.15553489572547705,0.15785,0.1436022419688016,0.14553,0.13957,0.13458,0.12875,0.12421,0.11052936065796788
12-01-2026 14:45,25763.85,0.13183,0.11840465747691205,0.12209,0.11265983530155492,0.11506,0.11314,0.11013,0.10793,0.0996004256449419,0.10049634891773303,0.09899459178807436,0.10592,0.10718,0.10306079395962334,0.19416,0.18743,0.17922537083386253,0.17764,0.17176,0.16465,0.15882,0.15287,0.1441017090997603,0.14051,0.13534,0.12992,0.12243262013442252,0.11968
12-01-2026 14:50,25774.05,0.14353,0.13758,0.13082,0.12617,0.10311869293892188,0.11819,0.11434,0.11136,0.09692768470080572,0.10794,0.10689,0.09734721178106044,0.0993271708103337,0.10916,0.19388,0.18866,0.18531446512917768,0.17722,0.1706,0.16408,0.15560363223127724,0.15221,0.14529,0.13945,0.13217937589507422,0.12857,0.12345,0.1158103035944496
12-01-2026 14:55,25796.15,0.14247,0.13767,0.13126,0.1254,0.12008,0.11677,0.11369,0.11074,0.10988,0.10782,0.09688373576448608,0.10694,0.10774,0.10875,0.19471,0.189,0.18312,0.17722,0.17063,0.1594577361220323,0.15838,0.1485392651499676,0.14561,0.13690774771177278,0.13418,0.12450498643234342,0.12416,0.11349556849129488
12-01-2026 15:00,25785.15,0.13593,0.13388,0.12688,0.1223,0.11803,0.11433,0.11181,0.10984,0.10135332057492244,0.10066552896401189,0.10578,0.10594,0.10639,0.10766,0.1948262673021878,0.1882243649969318,0.183,0.17702,0.17066,0.16504079010831818,0.1582,0.15202,0.14524,0.139295943810451,0.13415767651255142,0.12898,0.12431,0.11883
12-01-2026 15:05,25789.75,0.1304,0.12499,0.12171,0.11729,0.11382,0.1119,0.1089,0.1015203561601092,0.10626,0.10491,0.102158876486827,0.10472,0.10536,0.10686,0.19531193029531677,0.18854,0.18376,0.17824,0.1704400668070354,0.16615743408765815,0.15899,0.15311,0.14667,0.14017,0.13508,0.12671811427444585,0.12499,0.11971
12-01-2026 15:10,25785.05,0.11196250308688865,0.12841,0.11964,0.1167,0.10576291114437253,0.11045,0.10802,0.10144249743834192,0.10497,0.10326,0.10310291659860393,0.10359566612777392,0.10264332453995631,0.10601,0.19482,0.18819,0.1838575544910506,0.17836,0.17144,0.16481,0.15909,0.1516326878442433,0.14459057192773472,0.13992,0.13472,0.1292,0.12462,0.11945
12-01-2026 15:15,25782.95,0.11438236496567857,0.13489,0.10169243805739088,0.104097109930625,0.11744,0.11417,0.11137,0.10853,0.10738,0.1052,0.10474,0.10481,0.10563,0.10705,0.19663,0.18919659609098435,0.1843980245172763,0.17933,0.17261,0.16587,0.16024,0.15225612205966585,0.14687,0.14062,0.13514,0.12849098117869093,0.12452,0.11877
12-01-2026 15:20,25786.05,0.12030948619404559,0.11776427469497915,0.12843,0.1228,0.11761,0.11465,0.1115,0.10893,0.10713,0.10521,0.09631891110213031,0.09863821905448686,0.10526,0.1067,0.19815,0.19091,0.18787,0.17812276422818274,0.1713688800965818,0.16785,0.15700091217821424,0.15256595742975984,0.14852,0.14213,0.13614,0.13,0.12314142552426798,0.11872
12-01-2026 15:25,25801.35,0.13043,0.12173,0.1131768312931441,0.11220483080512046,0.11127,0.10366624971805978,0.10605,0.10462,0.10349,0.10165,0.10145,0.10137,0.10221,0.10465,0.19547,0.19534,0.18691,0.18088,0.16218807119811474,0.16707,0.16224,0.15508,0.14213351790447043,0.14221,0.13697,0.13075,0.1252,0.11944
13-01-2026 09:15,25853.0,0.10138,0.10057,0.10156,0.1275787608765317,0.11972363817374632,0.09894,0.11100692866346558,0.10612374876101935,0.09738,0.10120494388534276,0.09726,0.09771,0.0992,0.10094,0.19934,0.19786,0.17162234267311427,0.1824,0.17542,0.16959,0.16328,0.15746,0.15049,0.14182446672010948,0.13946,0.13333,0.12841,0.12266
13-01-2026 09:20,25825.4,0.1301,0.12038,0.11652,0.11379,0.11063,0.10853,0.10573,0.105,0.10365,0.10229,0.10185,0.10238,0.10336,0.10516,0.2062022599880294,0.19459,0.18813,0.17948,0.17454,0.16867,0.16259,0.15740691997398581,0.14950834366305782,0.14263,0.13761441170073643,0.13143,0.12647,0.12052
13-01-2026 09:25,25818.35,0.07494,0.12638921391870803,0.07843,0.11439989701264891,0.08732,0.09071,0.09192,0.09345,0.09489,0.09538,0.09659,0.09772,0.09926,0.10186,0.18920055180133055,0.19492,0.19107,0.18192,0.1620784958144245,0.17018,0.14956275773105332,0.16014,0.13612508984099603,0.14795,0.12551462714547137,0.13807,0.13444,0.1289
13-01-2026 09:30,25766.85,0.09386,0.1107832979428085,0.09733,0.10769532771230106,0.0985,0.09854187789427288,0.09936,0.09957,0.0961617159434518,0.10013,0.09673019647848366,0.1022,0.10407,0.10676,0.19758,0.18681,0.1874,0.18077,0.17444,0.16772,0.1615,0.15059371905509464,0.14881,0.14315,0.13844,0.133,0.12898,0.12387
13-01-2026 09:35,25737.7,0.11826,0.11528396552789888,0.1101,0.11011,0.109,0.10095009202684917,0.09891766874122962,0.10605,0.10628,0.10556,0.10597,0.1067,0.10811,0.11024,0.19641,0.19402,0.17122468948638073,0.17834,0.17151,0.16504,0.15939,0.15322,0.14657,0.14058,0.13586,0.13051,0.12106056709978644,0.12088
13-01-2026 09:40,25732.1,0.11417419528840397,0.11635,0.1081205954703318,0.11226,0.10635397667803313,0.1094,0.10754,0.10682,0.10672,0.10605,0.10663,0.10736,0.10873,0.11101,0.19531,0.1897,0.1851,0.17854,0.17119,0.16484,0.15903,0.15272,0.14566,0.13996,0.1353,0.12993,0.12517,0.12017
13-01-2026 09:45,25766.4,0.10985,0.10211,0.10716855790463684,0.09765,0.09883,0.09904,0.09996857800523454,0.09934404656593146,0.09968,0.09971,0.10075,0.10208,0.10395,0.10665,0.1964757540078936,0.18954,0.18651,0.17875,0.17198,0.16605,0.15962,0.1495814246985533,0.14721,0.14102,0.13691,0.1316,0.12743,0.12286
13-01-2026 09:50,25750.85,0.11754,0.11262,0.11364,0.10823,0.10611,0.10542,0.10416,0.10457,0.10446,0.10352,0.10426,0.09782791309224306,0.10695,0.10944,0.19685,0.19024760796242068,0.1858,0.17799,0.17208,0.165,0.15952,0.14705434272044737,0.14044606123863765,0.14069,0.13566,0.13018,0.11955177086118206,0.11121243437764577
13-01-2026 09:55,25731.0,0.10362,0.10571,0.10317,0.10456,0.1004008739692581,0.10433,0.10374,0.10378,0.10438,0.10435,0.10535,0.10636,0.10817,0.11081,0.19596,0.19028,0.18489,0.17216361731765625,0.16641058306185702,0.15989799646605443,0.1585,0.15331,0.14657,0.13462217410123647,0.13604,0.13094,0.1269,0.12208
13-01-2026 10:00,25714.65,0.14097,0.13349,0.13009,0.12686,0.12114,0.11849,0.11568,0.11373,0.11286,0.11147,0.1113,0.10360100500587059,0.11276,0.10960179617913891,0.1931,0.18816,0.18229,0.17698,0.1672013421096145,0.16188,0.15581,0.14965,0.14249,0.13684,0.13118,0.12617,0.12153,0.11621
13-01-2026 10:05,25746.85,0.12843,0.12569,0.11961,0.1167,0.11418,0.11206,0.11025,0.10891,0.10827,0.10803,0.10751,0.10817,0.10029707630242637,0.11162,0.19569,0.18741,0.17088594837355264,0.1758,0.17055,0.16428,0.15821,0.15229,0.14503,0.13955,0.12806425301892305,0.12879,0.12451,0.11968
13-01-2026 10:10,25759.95,0.10494,0.10371,0.10288,0.10202,0.10091,0.10211,0.09749014840746598,0.10084,0.10126,0.10178,0.10247,0.1034,0.10505,0.10788,0.19744,0.1923,0.18608,0.1755913894805167,0.16956910624667043,0.16615,0.16016,0.1487650776337365,0.1475,0.13327542487773655,0.13695,0.1312,0.12764,0.11404557638188877
13-01-2026 10:15,25754.7,0.10612,0.10838,0.10433,0.10362,0.10244,0.10284,0.09894591302583647,0.10176,0.10236,0.10237,0.10308,0.10428,0.10568,0.10871,0.19659,0.19045,0.18549,0.18043,0.17189,0.16543,0.15933,0.14628459815239636,0.14641,0.14114,0.12808042007577183,0.12239820520970153,0.12656,0.1114620502766493
13-01-2026 10:20,25761.35,0.12196,0.12256246161011028,0.11421,0.10883,0.10757,0.10572187893398804,0.10509,0.1039,0.10396,0.10338,0.10386,0.10477,0.10632,0.10457950474688904,0.19667,0.18536404949416416,0.18512,0.17687844592004562,0.17169,0.16546,0.15956,0.15344,0.14623,0.14073,0.1351,0.12988,0.12551,0.12025
13-01-2026 10:25,25770.15,0.14012,0.13305,0.12665,0.12195,0.11838,0.10297420741672154,0.11211,0.10968,0.10903,0.10803,0.10721,0.10737,0.10855,0.11041,0.19716,0.1905609225017654,0.18548,0.17993,0.17042771784950833,0.16508,0.15866,0.15043446252571083,0.14506,0.13706540415963286,0.13348,0.12756,0.12274,0.11405560200569408
13-01-2026 10:30,25804.6,0.13282,0.11789986246987526,0.10534,0.10765,0.10653,0.10582,0.10306,0.09917859026218107,0.09756712919147889,0.09534701160909693,0.10103,0.10169,0.09863758990594666,0.10556,0.18253241124024722,0.19389,0.18871,0.18195,0.17508,0.16807,0.1445814224562134,0.15564,0.14545418264151827,0.12960909532878834,0.13714,0.11880505437519402,0.12664,0.12147
13-01-2026 10:35,25783.95,0.12325,0.1098,0.10718,0.10779,0.10526,0.10288,0.10219,0.10221,0.10205885113525097,0.10009795217108332,0.10214,0.10265,0.10405,0.10676,0.19480522901598438,0.18859122285019914,0.18761,0.18025,0.17383,0.16394882027516552,0.16149,0.1552,0.14446107234439853,0.14241,0.13709,0.13144,0.1237036995418712,0.12165
13-01-2026 10:40,25772.4,0.11286,0.10172,0.09986,0.10643,0.10474,0.10468,0.10303,0.10234,0.10255,0.10191,0.10239,0.09539334513242692,0.10494,0.10768,0.19788,0.19024615751154014,0.1847322433831573,0.18052,0.17303,0.16664,0.1582285772010973,0.15143365601728692,0.14816,0.14168,0.13192206447283153,0.13102,0.12613,0.12107
13-01-2026 10:45,25763.45,0.12836656560327167,0.11857,0.10489,0.11266,0.10972332961593094,0.1078,0.10651,0.10655,0.10529,0.10428,0.10453,0.10574,0.10617,0.10849,0.19601,0.18288491061752243,0.18463,0.17979,0.17084,0.16428,0.15841,0.15174,0.14493,0.13907,0.1341,0.12596629061917358,0.12323,0.1189
13-01-2026 10:50,25794.3,0.11933,0.11414,0.11134,0.11807001467105677,0.1117465359305116,0.10819174105497908,0.098,0.10141912656958367,0.09832,0.09864,0.09876,0.09983,0.10165,0.10429,0.197,0.19049,0.18559,0.17919,0.17247,0.1662,0.15938,0.15394,0.14715,0.14127,0.13627,0.12697842169682974,0.12140351553754064,0.12139
13-01-2026 10:55,25765.7,0.1100225644775514,0.1277,0.11839,0.11653,0.11209,0.10149336251053047,0.1084,0.10623,0.10569,0.10431,0.10434,0.10496,0.10064327550531199,0.10846,0.19378,0.18824,0.18328,0.17684,0.16974,0.16214206557424962,0.15638444682530658,0.15101,0.1442,0.13808,0.13279,0.12762,0.12277,0.11766
13-01-2026 11:00,25784.9,0.11114,0.11637,0.1004,0.10533,0.10417,0.10499149413413288,0.10316140317185389,0.10121,0.10136,0.10075,0.10117,0.10206,0.10212990042878299,0.10537,0.19581,0.18784972676190154,0.18426,0.17715,0.17005011286334565,0.16513,0.15832,0.15288,0.14577,0.13983,0.13496,0.12932,0.12413777200198799,0.11948
13-01-2026 11:05,25771.65,0.13216,0.11938,0.12029,0.11747,0.11378,0.11176,0.0959827702042208,0.10724,0.10636,0.10527,0.10501,0.10534,0.10616,0.10809,0.19504,0.18875,0.183,0.17840356876468477,0.16977,0.16355,0.15506,0.15072,0.14357,0.1381,0.1320916030345213,0.12739,0.12263,0.11541749687158018
13-01-2026 11:10,25787.85,0.11856,0.10777,0.11044,0.11006,0.10668,0.10586,0.10409,0.10275796410811894,0.10252,0.10135,0.1017,0.10224,0.1028716769986327,0.10541,0.19507,0.18938243259211576,0.18371,0.178,0.17081,0.1648,0.15819,0.15219,0.14495,0.13945,0.13414496318447075,0.1281087610648529,0.12386315691542016,0.11767965760415502
13-01-2026 11:15,25787.55,0.11887866964912751,0.11138102937944502,0.11131,0.10958,0.10777,0.10559,0.10327,0.10223,0.10211,0.10092,0.10121,0.10247,0.1027,0.10501,0.19481,0.18867,0.1835,0.17724,0.17046,0.16354,0.15748,0.1522190171103509,0.14437,0.13874,0.13399,0.12815,0.12386,0.11774248410371807
13-01-2026 11:20,25784.1,0.12704,0.11694,0.11314,0.10838,0.10646,0.10523,0.10245,0.10227,0.10176,0.10054714718304356,0.10077,0.10144,0.10261,0.10482,0.19456,0.18866,0.18282,0.1764,0.16948,0.16327,0.15648,0.15139,0.14396,0.13843,0.13358,0.1304417930362235,0.12338,0.11825
13-01-2026 11:25,25786.2,0.12557,0.12715,0.11235,0.11523,0.10972401275338728,0.10887,0.10572,0.10391,0.10175979760246968,0.10212,0.0979815117623913,0.10209,0.10239915307080732,0.1054,0.19449,0.18884,0.1864700855629705,0.17621,0.16914,0.1625,0.15639,0.15242006321710241,0.14336,0.13753,0.13463737104570347,0.12729,0.12252,0.11716
13-01-2026 11:30,25793.55,0.12837,0.12356,0.11864,0.11941296434076624,0.11179,0.11038,0.10368348482843108,0.10150114485989106,0.1041,0.1031,0.10283,0.10315,0.10381,0.10564,0.19482,0.18945,0.18277,0.17604,0.16887,0.16281,0.15675,0.15086,0.14333,0.13761,0.13242,0.12697,0.12213,0.11660818504605265
13-01-2026 11:35,25814.5,0.11175,0.12644095604196684,0.10854,0.10642,0.10504,0.10288,0.10123,0.09991,0.09692854768131746,0.09904,0.0994,0.09672600061281819,0.10101,0.09996557405540506,0.1930448145569903,0.1885253717373903,0.18425,0.1756897170228471,0.17099,0.1641,0.15813,0.15207,0.145,0.13937,0.13446,0.12834016948589644,0.12442,0.11932
13-01-2026 11:40,25811.5,0.09832,0.12334151439324424,0.12054379590737448,0.0976,0.09793,0.09766,0.09684,0.0965,0.09714,0.09663,0.09748,0.09813,0.09936,0.10197,0.20367095171209296,0.18823,0.18403,0.17714,0.17076,0.16403,0.15819,0.15402893211392932,0.14487,0.13994,0.13509,0.12912465398546583,0.12525,0.12026
13-01-2026 11:45,25782.05,0.12434,0.11605,0.0930220522662822,0.10915,0.10828,0.10657,0.09300995733347947,0.10265,0.10178,0.10097,0.09320635485864671,0.0945523920555294,0.09651209905051292,0.10543,0.19706746006567644,0.18644,0.18126,0.17477,0.16779,0.16189,0.15566,0.14976,0.14269,0.1372,0.13206,0.12708,0.1224057317916688,0.11725
13-01-2026 11:50,25785.0,0.0963,0.09354,0.09555,0.09782,0.09939,0.09804,0.09687,0.09688,0.09736,0.09746,0.10230833975578289,0.10295633297049907,0.10052,0.103,0.19372,0.18669,0.18404561727865798,0.17483,0.1686,0.16499345078605315,0.15652,0.15081,0.14368,0.13831,0.13315,0.12814,0.124,0.11936260318569365
13-01-2026 11:55,25762.65,0.13302,0.1138,0.12342152421239741,0.11956923935071949,0.10494,0.10345,0.10155,0.1008,0.10116,0.10053,0.10112,0.10179,0.10305,0.10553,0.19174,0.18471,0.17974,0.17282,0.1664,0.16471238545428402,0.15503,0.14909,0.142,0.13661,0.1348332505153074,0.12661,0.1245603101833237,0.11746
13-01-2026 12:00,25747.9,0.11514,0.11089,0.10672,0.10734,0.10493,0.10426,0.10283,0.09613629922786186,0.10193,0.10157,0.10203,0.10267,0.10395,0.10659,0.19166,0.18595,0.179,0.17203,0.16573,0.15969,0.15404,0.1481163742876351,0.14122,0.13581,0.13089,0.12575,0.11573100966886404,0.11652
13-01-2026 12:05,25735.35,0.11577,0.12351074367035418,0.10927,0.10984,0.1081,0.10654,0.10639154022263918,0.10347,0.10359,0.10292,0.10355,0.10403,0.10514,0.10793,0.19376744061785436,0.18497,0.17843,0.17102,0.1647,0.1588,0.15296,0.14941692497735318,0.14019,0.13668780776179085,0.12941,0.12453,0.11943224111639936,0.11497
13-01-2026 12:10,25733.45,0.12310868843609901,0.10744,0.10023,0.11431219747221656,0.1089641551389493,0.09977,0.09999,0.09968,0.10002,0.1002,0.10123,0.10217,0.10362,0.10667,0.19005,0.18343,0.17914,0.17089,0.16596,0.15959,0.15405,0.15063544755194697,0.1421,0.13608,0.13199,0.12692,0.1212323500752477,0.11837
13-01-2026 12:15,25722.55,0.11631,0.11151072830173456,0.11484,0.11267,0.11004,0.10822,0.10118807707514249,0.10475,0.10468,0.10391,0.10394,0.10484,0.10608,0.10727917976479222,0.18896,0.18259,0.17786,0.17174,0.16470849043842567,0.15811253759704563,0.1527,0.14666,0.14003,0.13392,0.12907,0.12386,0.11959,0.11474
13-01-2026 12:20,25724.7,0.10816,0.10535,0.10462,0.10356,0.10227,0.11371751174685849,0.1016,0.10069,0.10113,0.10095,0.10163,0.10244,0.10438,0.10734,0.18941,0.1823,0.17826,0.17192399708245618,0.16474,0.15918,0.15358,0.14819,0.14142,0.13391880753904326,0.13122,0.12589,0.12206,0.11557455691316092
13-01-2026 12:25,25714.0,0.11595,0.12216,0.11939,0.11684,0.11278,0.10677744527418652,0.10864,0.10709,0.10658,0.10555,0.10563,0.1062,0.10724,0.10997,0.1955495468332708,0.18147,0.17615,0.17069,0.16662551330889205,0.16101414903470615,0.15143,0.14741215153863763,0.1385,0.13274,0.12767,0.12243,0.11784,0.11295
13-01-2026 12:30,25723.0,0.11512,0.11016,0.10486,0.10314,0.10241,0.10152,0.10044,0.1004,0.1022617306722579,0.10069,0.1015,0.10234,0.10558594171959765,0.10756,0.18932,0.1835955276200103,0.1791283591446017,0.16966573452821973,0.16464,0.15876,0.15324604353449406,0.14783,0.14097,0.13212931043392115,0.13052,0.12265591857110998,0.12144,0.11704
13-01-2026 12:35,25717.45,0.11999,0.11351,0.11092,0.10715,0.10522,0.10404,0.10306,0.09753403789948793,0.10301,0.09599566697765065,0.10282,0.10392,0.10128833959153702,0.10843,0.18786,0.18227,0.17647,0.16908,0.165998832186948,0.16018154202650245,0.15204,0.14686,0.13963954805814244,0.13433,0.1285414131385677,0.12435,0.12008,0.11159865628411028
13-01-2026 12:40,25710.25,0.11488,0.10683,0.10567,0.1048,0.10327,0.10239,0.10145,0.10102,0.10138,0.10109,0.1021,0.10339,0.10503,0.11023119972913391,0.18732,0.18124,0.17612,0.171370938914071,0.16325,0.16031670195784345,0.1517,0.14634,0.14206561440871257,0.13338514396269957,0.12958,0.12462,0.12072,0.11450045215464259
13-01-2026 12:45,25702.9,0.09992,0.12178235396665253,0.09852,0.09849,0.09819,0.09857,0.09847,0.09857,0.09981,0.10014,0.10691822175986665,0.10301,0.10528,0.109,0.18883,0.18068,0.1776,0.17041,0.16469,0.15844,0.15306,0.148,0.14121,0.13628,0.13152,0.12642,0.12269,0.11824
13-01-2026 12:50,25667.1,0.10716,0.10802,0.10929945754927253,0.10415302343186876,0.10432,0.10344,0.10262,0.102,0.10292,0.10288,0.10416,0.10557,0.10796,0.11179,0.18652,0.18109574432097428,0.17586,0.1687228331948067,0.16278,0.1572,0.15163,0.14603,0.13463408827706821,0.13461,0.12979,0.12499,0.12093,0.11684
13-01-2026 12:55,25659.75,0.11791,0.11350147438845497,0.10762,0.10746406999118997,0.10512,0.10415,0.1032,0.10271,0.10309,0.10316,0.10291378455694045,0.10613,0.10772779834322872,0.1099611625191018,0.18717,0.18133,0.17555142247975877,0.16686,0.16311,0.1565024479654017,0.15135,0.14414531926606464,0.13966,0.1318310975892019,0.12995,0.12522,0.1166087095368253,0.11259034158468563
13-01-2026 13:00,25645.05,0.10976,0.10878,0.1072,0.10506,0.10368,0.10279,0.10217,0.1016,0.10199,0.10237,0.10408,0.10585,0.10792359167405118,0.11306,0.18672,0.18015,0.17309191992989617,0.16881,0.16108,0.15626,0.15003,0.14537,0.13542519430479685,0.12868392596651998,0.12849,0.12396,0.12001,0.11595
13-01-2026 13:05,25639.05,0.10991486206364923,0.11676,0.11177,0.11205,0.10962,0.09799264161831804,0.10667,0.10521,0.10519,0.10545,0.10703,0.10849,0.11118,0.10987324517857489,0.18741,0.18135,0.17410244357402277,0.16832,0.16258,0.15642,0.1501,0.14493,0.13571282877519808,0.13266,0.12808,0.12301,0.11891,0.11472
13-01-2026 13:10,25669.25,0.10935,0.10859,0.10366,0.10559,0.10694098162413855,0.10302,0.1022,0.10165,0.09809810050261747,0.10236,0.10422,0.10579,0.10054090390760603,0.10193446439523617,0.18893,0.17042775413773803,0.17783,0.17107,0.16414,0.1583,0.14080535377499925,0.13515481995942147,0.14024,0.12251782281286654,0.13015,0.12503,0.11052776852873343,0.11724
13-01-2026 13:15,25650.75,0.12082,0.11121,0.11372,0.11219,0.10964,0.10786,0.0996151199292679,0.10575,0.10531,0.09858597801649122,0.09936222244110686,0.10108642694279348,0.11088,0.11512,0.18677099528018984,0.18215,0.17186400035857827,0.16486867021165236,0.16408,0.15777,0.15168,0.14627,0.1395,0.1263789420392437,0.12934,0.12428,0.11185161689262502,0.11605
13-01-2026 13:20,25659.9,0.1205,0.11339373075122634,0.10775457319682967,0.11136,0.10866,0.10703,0.10566,0.10056476899143219,0.10456,0.10459,0.10609,0.10748,0.10997,0.10973560733578504,0.18846,0.18292,0.17728,0.17132,0.16353,0.1562561219095002,0.14942214101301107,0.1462,0.13927,0.13374,0.12814010526647077,0.12385,0.1167662660265625,0.11548
13-01-2026 13:25,25660.75,0.12224,0.11729,0.11027,0.10601,0.1031730140189993,0.10322,0.10242,0.10167,0.10215,0.10236,0.10404,0.1057,0.10685008522327057,0.11278,0.18901,0.18301,0.17571703042417147,0.17141,0.1634283788764983,0.15543000253243014,0.15166,0.1463,0.13766499662087733,0.13425,0.12888,0.1242,0.12064,0.11627
13-01-2026 13:30,25661.85,0.11661,0.11306,0.11056,0.10666161237930469,0.10907,0.10743,0.10578,0.10449,0.10434,0.10429,0.10545,0.10696,0.10926,0.11328,0.18588818999297818,0.18271,0.17423552544131352,0.16814665200921133,0.16358,0.15744,0.15203,0.14567,0.13872,0.13321,0.12836,0.12335,0.11943,0.11493
13-01-2026 13:35,25679.45,0.11288,0.10962,0.10556,0.1049,0.10328,0.10293179812162294,0.10105,0.1006,0.1008,0.10102,0.10265,0.10423,0.10655,0.11074,0.19079,0.18416,0.17879,0.17237,0.1648,0.1525047589444307,0.1529,0.14733,0.14052,0.13489,0.1188887071913942,0.12491,0.12084,0.11675
13-01-2026 13:40,25665.55,0.11343,0.11269,0.1141,0.0979957376091227,0.1096,0.0984018622675565,0.10591,0.09636005364372954,0.10439,0.096680259389081,0.10518,0.10639,0.10871,0.11278,0.1847106571489226,0.18305,0.17574,0.17036,0.16171,0.15582,0.1468494547325821,0.14109322228092114,0.13763,0.13215,0.12716,0.12221,0.11834,0.11372
13-01-2026 13:45,25671.3,0.11584,0.10682006802712377,0.10635,0.10582,0.10347,0.10247,0.09762931130948478,0.10104,0.09626934969716161,0.10129,0.10279,0.10425,0.10681,0.11089,0.18758,0.18354,0.16701871440390653,0.16914821998815718,0.16238,0.15706,0.15095,0.1455,0.13879,0.13343,0.12873,0.12374,0.12019,0.11208046928828048
13-01-2026 13:50,25672.15,0.11731,0.11294,0.10877,0.10733,0.10546,0.10394,0.10265,0.10185,0.09823286680053989,0.10238,0.10338,0.10528,0.10765,0.11184,0.18693,0.18363,0.17494,0.16847,0.16518090911924024,0.15629,0.14669099792094306,0.14475533989618286,0.13779,0.1324,0.12742,0.12257,0.11886,0.11428
13-01-2026 13:55,25662.15,0.11435,0.11479,0.1103,0.10685275483898725,0.10766,0.10529,0.10379,0.10312,0.10291966344070205,0.10345,0.10442,0.10618,0.10874,0.11265,0.18616,0.18284,0.17494,0.16855,0.16167079851292482,0.15427222902247814,0.14926,0.14458,0.13805,0.13272,0.12796,0.12314,0.11790245170299396,0.11462
13-01-2026 14:00,25659.5,0.10596,0.11373371053612072,0.10224,0.1033,0.10247,0.10272634303694748,0.1011,0.10064,0.10092,0.10146,0.1032,0.10512,0.10781,0.11198,0.18695,0.18052404685525394,0.1744282507237554,0.1673404192671975,0.16191,0.15622,0.15019,0.14468,0.13771606177556267,0.1334,0.12892,0.12422,0.12043,0.11642
13-01-2026 14:05,25647.55,0.11484,0.1111,0.1089,0.10697,0.1057,0.105346333711256,0.1034,0.10231,0.10272,0.10298,0.10447,0.1024295815006209,0.10889,0.10879043513880236,0.18578,0.1778280141667533,0.17455,0.16736,0.15917625161215518,0.15533,0.14912,0.141332103935084,0.13755,0.13214,0.12782,0.12261,0.1193,0.11494
13-01-2026 14:10,25642.55,0.1166385877521999,0.10297,0.1022458469047975,0.10333,0.10191,0.10139,0.1002,0.09978,0.10039,0.09849514642714521,0.10243,0.10455,0.10748,0.11189,0.1854,0.1796,0.17396,0.16696,0.16049,0.1549409901773713,0.14894,0.14389,0.13718,0.1298774005773069,0.12731,0.12244,0.11873,0.11476
13-01-2026 14:15,25631.25,0.11749,0.11278,0.10971,0.10795,0.10585,0.10392,0.10293,0.10226,0.10228,0.10231,0.10309251433902099,0.10586,0.10873,0.113,0.20289684382471093,0.17761,0.17227,0.16603,0.15857,0.1525,0.14705,0.14187,0.13524,0.12995,0.13440205060525143,0.12054,0.11695,0.1122
13-01-2026 14:20,25627.6,0.1077705518615155,0.10613,0.10161,0.10124,0.10023,0.09971,0.09816135070280586,0.09911,0.09991,0.10055,0.10272,0.10495,0.10815,0.11248,0.18352,0.17733,0.1889452656017823,0.16591,0.15892,0.15306,0.15807911438548566,0.14283,0.13634,0.13116,0.13240583366881065,0.12481607928658346,0.11835,0.11427
13-01-2026 14:25,25619.65,0.10956,0.11014,0.1057,0.10475,0.10168747145309277,0.10202,0.10187,0.10119,0.10094989377115851,0.1022,0.10530061526653334,0.10613,0.10918,0.11368,0.18315,0.17736,0.18855561964861642,0.17572096590520594,0.17311236407861846,0.15237,0.14715,0.15174712161151724,0.14261809452349533,0.13005,0.12556,0.12083,0.11741,0.11306
13-01-2026 14:30,25622.55,0.12078,0.12092,0.11681,0.11413,0.10234253377801361,0.10886,0.10725,0.10601,0.10568,0.10572,0.10693,0.10864,0.11153,0.11541,0.18116,0.17762,0.17082,0.16392,0.15739,0.15062,0.14568,0.15619364459796595,0.1502001204086348,0.12828,0.1237,0.1300419321843588,0.11478,0.11697658056259488
13-01-2026 14:35,25644.0,0.12605,0.12063,0.10524049513607071,0.11338,0.11022,0.10835,0.10637,0.10478,0.10446,0.10439,0.10572,0.10421713625481435,0.10998,0.11121144443820258,0.1864720971842764,0.17643,0.17097,0.165,0.16114342694765335,0.15176,0.14553,0.14018,0.13362,0.12835,0.12352,0.11842,0.11481,0.11337017301919498
13-01-2026 14:40,25667.6,0.12795,0.12082275782459105,0.11577,0.11455,0.10995775002456123,0.10854,0.10606975176657366,0.1051,0.10422,0.1038,0.10482,0.10636,0.1087,0.11237,0.18178,0.17905,0.17186,0.16506,0.15835,0.15321,0.14765,0.1412523733323758,0.13322055467403657,0.12977,0.12131768904586686,0.11926,0.1152,0.1102
13-01-2026 14:45,25695.95,0.1173,0.1098,0.10739,0.10562,0.10358,0.10225,0.1008,0.10039,0.09574054945637692,0.09415317578741568,0.10123,0.103,0.10582,0.10561514177131207,0.18457,0.18134,0.17374,0.16742,0.16129,0.15552,0.1492,0.14389,0.13759,0.13227,0.12738,0.12243,0.1183,0.1099535942972347
13-01-2026 14:50,25698.45,0.12994,0.121,0.11481,0.11213,0.10844,0.10629,0.1044,0.10284,0.10209,0.10146,0.10196,0.10374,0.10593,0.10922,0.18423,0.18012,0.17396,0.16765,0.16024,0.15479,0.1518993701647845,0.14391580839665077,0.13573,0.13023,0.12503,0.11963,0.11547,0.10993
13-01-2026 14:55,25717.05,0.10227,0.10131,0.10561,0.103,0.10178,0.11169509311186088,0.09903,0.09258295087383417,0.09788,0.09778,0.09901,0.10052,0.09960466166462595,0.10675,0.191848803964033,0.18596733128661297,0.17615,0.17287728709270667,0.16292,0.15689,0.1534312316973147,0.1466792386551475,0.13826,0.13281,0.12858114874471271,0.12329193617331802,0.11832,0.11184616938157774
13-01-2026 15:00,25754.0,0.06496,0.08771,0.08152,0.08567,0.08764,0.10245215216342735,0.0891,0.08982,0.09066,0.09105,0.09747886748943234,0.09549,0.09849,0.10247,0.18914,0.184901830248736,0.17916,0.17245,0.16566,0.15874,0.15333,0.14509697857912052,0.14378955434162125,0.13566,0.13092,0.12594,0.12166,0.10901843101779445
13-01-2026 15:05,25708.75,0.12503,0.11954,0.11077712213155322,0.11152,0.10881,0.10310528772766445,0.10082375224486546,0.10203,0.09709390111525126,0.09782448640269699,0.10117,0.10258,0.1048,0.10955468374195355,0.18537,0.18125,0.17848591805169875,0.16795,0.16079,0.15474,0.14881,0.14740750682978365,0.13604,0.13057,0.12534,0.12213675087355635,0.1153,0.1098
13-01-2026 15:10,25746.05,0.09601,0.10058380865103048,0.09434,0.09443,0.09660801537223919,0.09393,0.09376,0.09323,0.09365,0.09362,0.09695775878830033,0.09684,0.09966,0.1035,0.18712,0.18273,0.17781994774214738,0.17082,0.16972468447714817,0.15776,0.15256576430712976,0.14567,0.13924,0.13403,0.12887,0.12385462722413644,0.11912,0.11362
13-01-2026 15:15,25745.9,0.09885,0.09442,0.09401,0.0927,0.09307,0.09608807459433773,0.09227,0.09186,0.09421754038656324,0.09258,0.09434,0.09878744712920434,0.09921,0.10296395874181427,0.1894547063071265,0.18117,0.17744,0.17144,0.16950974882984046,0.15878,0.15193,0.1466,0.1397517882013203,0.13386952340430966,0.12982,0.12433,0.11988,0.11427
13-01-2026 15:20,25730.9,0.10596,0.10342209797162338,0.1016,0.09989,0.09829932413490026,0.09735,0.09655,0.09557,0.0959,0.09549,0.10007183265556067,0.09835,0.10097,0.1047,0.18772,0.1860613996698273,0.17737,0.17104,0.16471,0.15877749473512834,0.15139,0.14642,0.13928,0.13342,0.13295339866016,0.1228,0.11826,0.11245
13-01-2026 15:25,25730.8,0.10125,0.09819,0.09998,0.09608,0.09512,0.09402,0.09398,0.09364,0.09947064170060868,0.09339,0.09456,0.097,0.09919,0.10305,0.19098,0.18082,0.1789,0.17223,0.16751,0.15719,0.15183,0.14919861789398253,0.14019,0.13452337564753475,0.12995,0.12576992393166583,0.11937,0.11379
14-01-2026 09:15,25671.9,0.14959,0.10885969441340936,0.11174,0.10873,0.10765,0.10444,0.10288,0.10173,0.10139,0.09938063557374724,0.10239,0.10433,0.10685,0.10834223559992609,0.19276,0.18752,0.18191,0.17457,0.16868,0.1563163111522648,0.1459348886260614,0.14939,0.1427,0.13707,0.13117,0.12558,0.12053,0.11497
14-01-2026 09:20,25705.8,0.12363,0.12422,0.11267,0.10689,0.10436,0.10267,0.10126,0.10015,0.09998,0.09974,0.10063,0.10243,0.10524,0.10877,0.19452,0.18877,0.1834,0.16754606892878984,0.17003,0.16326,0.15622,0.15001,0.14306,0.13778,0.13156,0.12589,0.12102,0.11552
14-01-2026 09:25,25717.85,0.13317,0.11978492836173052,0.12118,0.11356,0.11106,0.10716,0.10495,0.10343,0.10229,0.10186,0.10202,0.1036,0.10598,0.10730502126549898,0.19526,0.18932,0.18054939645597698,0.17644,0.16634970675002062,0.16311,0.1565,0.14991,0.14267,0.13238647397320272,0.13089,0.1248,0.11955,0.11384
14-01-2026 09:30,25746.8,0.11272,0.10267,0.10078,0.10024,0.09959,0.09806,0.09683,0.09616,0.09616,0.09601,0.10041608045185686,0.09916,0.1019,0.1035331888977772,0.18455807610292385,0.19149,0.16852624160017365,0.17952,0.1719,0.1657,0.15915,0.15275,0.1367889595325276,0.12990172171742168,0.13387,0.1279,0.12301,0.11723
14-01-2026 09:35,25737.05,0.1012,0.11807,0.10043,0.10856391054167333,0.10049,0.09946,0.09825,0.09723,0.0971,0.0968,0.09815,0.09997,0.10152445796536688,0.10598,0.19606,0.19023,0.17541295025206327,0.17832,0.17179,0.16502,0.15814,0.15237,0.14522,0.1392,0.13298,0.12733,0.12206,0.11653
14-01-2026 09:40,25712.25,0.12103,0.10667,0.10128,0.10610958976825771,0.09942,0.09791,0.10007573442650235,0.09656,0.09661,0.09664,0.09797,0.09991,0.10275,0.10669,0.1867014805583097,0.18821,0.1742855546002267,0.17641,0.16125662306776284,0.16299,0.15661,0.15045,0.14342,0.1348034195139614,0.12498011234348648,0.126,0.11647872260412855,0.11525
14-01-2026 09:45,25691.85,0.10661,0.10863,0.10636481991456945,0.10313,0.10168,0.10053,0.09893,0.09828,0.09847,0.09854,0.09988,0.10168,0.10453,0.10839,0.19245,0.18703,0.18192,0.17525,0.16891,0.15832762784916987,0.15198863645661587,0.14555784366412872,0.1379814382707452,0.13627,0.13052,0.12473,0.11991,0.11441
14-01-2026 09:50,25701.2,0.12987262755527237,0.12283427081741154,0.1298,0.12353,0.119,0.1145,0.11092,0.10787,0.10619,0.10517,0.10541,0.10623,0.10421513358619826,0.1114,0.19284534569423875,0.18521547813016925,0.18082,0.17434,0.16731,0.16093,0.15422,0.14807,0.13684635496965925,0.13451,0.12822,0.1222,0.11692,0.11055
14-01-2026 09:55,25759.55,0.09956,0.08438,0.08875,0.09669,0.09529,0.09431,0.09485,0.094,0.09301510783667356,0.09393,0.09574,0.0974,0.1,0.10384,0.19687,0.19168,0.1855,0.1715454691370494,0.17221,0.16596,0.15952,0.15273,0.14534,0.13975,0.13392,0.1281,0.12319,0.11744
14-01-2026 10:00,25727.85,0.12568,0.11977,0.10681,0.11435085683145056,0.10037,0.09973,0.09769,0.09675,0.09648,0.10505682013453865,0.09783,0.09918,0.10196,0.1108361022683098,0.19351,0.1891,0.18218362345045266,0.17525,0.16857,0.16202,0.15713862132478545,0.14942,0.14235,0.13666,0.13071,0.12522,0.12026,0.11882949975836805
14-01-2026 10:05,25713.6,0.11955,0.11445009326560117,0.116721941211675,0.10489,0.1025,0.09999,0.09863,0.09749,0.09764,0.0975,0.10164781473219092,0.10263175940818095,0.10548220939720938,0.10655,0.19239,0.18795,0.1817,0.17426,0.16809,0.16112,0.1554,0.14851,0.13826901947916728,0.13578,0.1276221481800487,0.12439,0.1175682961448783,0.1136
14-01-2026 10:10,25697.45,0.12007,0.11399,0.12027868946589093,0.10673,0.11322320719873298,0.10127,0.09953,0.09863,0.0985,0.09833,0.09982,0.10177,0.10993130530712976,0.10784,0.19167,0.18665,0.17854160016969106,0.17391,0.16310165004299604,0.16068,0.15396,0.14707974527481613,0.14042952038337533,0.1349,0.12901,0.12333,0.11843,0.11254
14-01-2026 10:15,25696.35,0.10972766560840468,0.0986,0.10025,0.09845,0.10056161229828646,0.09617,0.09559,0.09455713004576599,0.09583,0.0962,0.09798,0.10004,0.10297,0.10684,0.1927,0.1873,0.18138,0.17175014185663715,0.16823,0.16044,0.15501,0.14858,0.14157,0.13597,0.13009,0.12453,0.11690068130656835,0.11447
14-01-2026 10:20,25678.3,0.10372,0.10513,0.10303,0.10801514872714263,0.10574086246089576,0.1030142845846068,0.1007500550712325,0.09691,0.09739,0.09767,0.09961,0.10116,0.1043,0.10822,0.19099,0.18559,0.17988,0.17309,0.15607270871001888,0.15996,0.15296,0.14653,0.13984,0.12218290105024598,0.12823,0.12243,0.11153567521831295,0.11263
14-01-2026 10:25,25683.35,0.11226,0.1016,0.10787,0.10482,0.10177,0.10035,0.09895,0.09843,0.0983,0.1006232603659296,0.0980759956648852,0.10186,0.10409248201027047,0.10844,0.18600722113618495,0.18579,0.1799,0.17316,0.16608,0.15391320745261855,0.15358,0.14678,0.13968,0.13383,0.12811,0.12257,0.11241158342821328,0.11239
14-01-2026 10:30,25678.05,0.11566948647235396,0.11626,0.10899,0.10656,0.10338,0.10162,0.09964,0.0987,0.09904,0.09899,0.10027,0.10246,0.10523,0.10571136822911656,0.19074,0.1771712755628076,0.17099182911163108,0.17312,0.16651,0.15966,0.15311,0.14679,0.1393,0.12338740524465325,0.12169663180916229,0.12215,0.1173,0.10856634036756357
14-01-2026 10:35,25689.95,0.10832,0.09949,0.10136,0.10068,0.10366243945176344,0.1003713408295581,0.09648,0.09581,0.09623,0.09635,0.09811,0.10078890104822211,0.10299,0.10671,0.19281,0.17686066290385455,0.18115,0.17454,0.16705,0.16122,0.1484917665486998,0.14768,0.1408,0.13481,0.12932,0.12382,0.11923,0.11379
14-01-2026 10:40,25691.8,0.11136,0.1111060196215847,0.10051,0.10065,0.104605344369344,0.09689,0.09613,0.0955,0.09586,0.09625,0.09803,0.10081808409828222,0.1033,0.10811696449908469,0.19084855327631933,0.18382,0.18047,0.172561578923523,0.16723,0.15981,0.15412,0.14775,0.14032,0.13492,0.12911,0.12368,0.11915,0.11372
14-01-2026 10:45,25665.9,0.12,0.12893,0.09772776915101102,0.11447,0.11121,0.10756,0.10468,0.10287,0.10243,0.10173,0.10276,0.10481,0.10705,0.11056,0.18956,0.18173,0.1758476361797476,0.17155,0.16428,0.15752,0.15107,0.14471,0.13610616406388773,0.13147,0.12518448780501987,0.11951,0.11485,0.10912
14-01-2026 10:50,25695.5,0.11510801926124457,0.11226,0.11002951319566456,0.10709,0.10433,0.10152,0.09814845078729752,0.09879,0.09854,0.0981,0.09968,0.1015,0.10402,0.10765,0.19225,0.18417,0.17034579226137714,0.17509,0.16724,0.15122974158649252,0.15422,0.14724,0.14014,0.13414,0.12280351557460426,0.12272,0.11782,0.11208
14-01-2026 10:55,25706.35,0.12365769656628617,0.12225,0.1192,0.11476,0.11089,0.10792,0.10453,0.10279,0.10175,0.10116,0.09787477911409943,0.10008666483470456,0.10347218890327055,0.10682931359614715,0.19233,0.18808,0.18066,0.17386,0.16693,0.16001,0.15406,0.14736,0.13855372345720954,0.13401,0.1278,0.12218,0.11647163769788281,0.11133
14-01-2026 11:00,25720.95,0.12452,0.11411,0.11064,0.11044,0.10585,0.10416,0.102,0.10027,0.09959,0.10123773971214005,0.09964,0.10250906222548002,0.1034,0.10674,0.19353,0.1893,0.1819,0.1708930513388815,0.1684,0.16132,0.15525,0.14887,0.14143,0.13526,0.12984,0.12359,0.11881,0.1133
14-01-2026 11:05,25733.0,0.10822,0.12012912516407734,0.10324,0.10313,0.10013,0.09901,0.09724,0.09648,0.1019739727338813,0.1051917897497893,0.0972,0.1060656704409405,0.10148,0.10476,0.19424,0.18756,0.1822060382859627,0.17638,0.16928,0.1629,0.15666,0.14987,0.14271,0.13656,0.13285409327703251,0.12527,0.1207,0.11524
14-01-2026 11:10,25729.2,0.1351841674584816,0.11287,0.1085,0.10339,0.10069,0.10064,0.09866,0.09713,0.09661,0.09677,0.09802,0.09974,0.10185,0.10552,0.19367,0.18728,0.1815490799316266,0.17587,0.1686,0.16288513243250644,0.15559,0.15086097516127422,0.14213,0.13557,0.13036,0.1245,0.11983,0.11424
14-01-2026 11:15,25736.25,0.1227,0.11967,0.11314,0.12022794260516781,0.10627,0.104,0.10912426005645295,0.09912,0.10601100315922606,0.09792,0.09883,0.10029,0.10227,0.10531,0.19426,0.18787,0.18279,0.17594575292231396,0.16923,0.16245016247712143,0.15605303531705256,0.1479018548667136,0.1423832013053163,0.13617,0.13027,0.12416,0.11944,0.11401
14-01-2026 11:20,25743.15,0.11527,0.12252067122579287,0.10532,0.10387,0.11486935411106429,0.09925,0.10981721928266178,0.09618,0.09572,0.09558,0.0966,0.09831,0.10072,0.10436,0.19588643177914264,0.17494273342233707,0.18407,0.17689,0.17059,0.16352,0.15673,0.1506,0.13232782752160485,0.13718,0.13237655850284297,0.12569,0.12109,0.10760615140000843
14-01-2026 11:25,25735.0,0.14145,0.13595,0.11215449963105846,0.12083,0.11546,0.11145,0.10785,0.10508,0.10308,0.1017,0.10392599394423471,0.1029,0.10451,0.10766,0.19335,0.18701639266756695,0.18274,0.17581,0.16879,0.16249,0.15525,0.14864,0.14139,0.13838036122462338,0.12887,0.1273608033993589,0.11791,0.11163
14-01-2026 11:30,25773.9,0.10956,0.12477185557345827,0.10518,0.10342,0.10105,0.0986,0.10438601988404504,0.09597,0.0947729209964768,0.09497,0.09599,0.09744,0.09956,0.10308,0.19735,0.19179,0.18553,0.17783,0.1709697561517041,0.16474898415925557,0.1560284937081171,0.15251,0.14556,0.13901,0.13326,0.12717,0.12209213224650454,0.11643
14-01-2026 11:35,25764.1,0.11427,0.11474,0.10436,0.11061393605478649,0.1021,0.10644272572433747,0.09823,0.09693,0.09634,0.09784856529083175,0.09686,0.09809,0.10014,0.1038,0.19601,0.17828835518204603,0.18427,0.17768,0.17075,0.16422,0.15039123673411608,0.1440046865523097,0.14378,0.13959201285107548,0.13173,0.12584,0.12078,0.11307836933909182
14-01-2026 11:40,25766.75,0.11206,0.11197,0.10283,0.10661976251374448,0.09955570618842607,0.09738,0.09612,0.0951,0.09438,0.0944,0.09522,0.09699,0.09938,0.10655608596974672,0.19566,0.1878862770585984,0.18452,0.17749,0.1708,0.16376,0.15815,0.15119,0.14392,0.13791,0.13182,0.12638,0.12158,0.11576
14-01-2026 11:45,25761.25,0.11673,0.1271,0.12184,0.11623,0.11043,0.10852,0.10507,0.10246,0.10073,0.0992,0.09968,0.10056,0.10577755379728394,0.10536,0.19642,0.18553180210466966,0.18385,0.17684,0.16996,0.16522558808441476,0.15673,0.15207137044745456,0.14317,0.1364,0.13012,0.12415,0.11887,0.11271
14-01-2026 11:50,25775.3,0.11506,0.114,0.10875,0.10564,0.10242,0.10508920070000888,0.10265951709817632,0.09677,0.09612,0.09754442511347138,0.09608,0.09743,0.09925,0.1031,0.19669,0.19148,0.18503,0.17804,0.17138,0.16455,0.15768,0.15144,0.14437,0.13776,0.13182,0.12587,0.12084,0.11212500366187539
14-01-2026 11:55,25774.6,0.12034628836229636,0.11031,0.10639,0.10405,0.11367533756794083,0.09915,0.09762,0.09612,0.09519,0.09483,0.09565,0.09697,0.099,0.10248,0.19695,0.19145,0.18547,0.17822,0.1684684895589504,0.16469,0.15430196367466198,0.15125,0.14432,0.1376,0.13047097276869918,0.12598,0.12121,0.11488
14-01-2026 12:00,25786.0,0.11914,0.11363,0.10792,0.1031,0.10041,0.09901,0.09688,0.09496,0.09519,0.09431,0.09502,0.09632,0.09834,0.10177,0.1968947023326022,0.19369,0.1862,0.1792,0.17253,0.1657,0.1571353465260166,0.15274,0.14553,0.13882,0.13311,0.1292384289626294,0.12328035338386129,0.11845076116294297
14-01-2026 12:05,25782.1,0.09027,0.09366,0.0915,0.09297,0.09146,0.09081,0.09084,0.09005,0.09074,0.09041,0.09152,0.09303,0.09522,0.10557058527385611,0.19731,0.1934,0.1859,0.1789,0.17183,0.16591,0.15628099696508502,0.15254,0.143134675670921,0.1388,0.13323,0.12721,0.12212,0.1165
14-01-2026 12:10,25757.05,0.10055,0.10634,0.09609,0.09666,0.09423,0.09342,0.09262,0.09712194086723708,0.09217,0.09183,0.093,0.09672034261404447,0.09712,0.10096,0.19533,0.18983,0.18385,0.17681,0.1701,0.16392,0.15407682380432375,0.15027,0.1411112437455073,0.13719,0.12882103401350434,0.12417382435640247,0.12074,0.1129227789802133
14-01-2026 12:15,25735.55,0.13328,0.12758,0.1184,0.11589,0.11096,0.1068,0.10404,0.1013,0.10004,0.09863,0.09886,0.09992,0.10181,0.10982647325549706,0.19479,0.1881,0.18209,0.17545,0.16719226962704822,0.16153,0.15534,0.14846,0.14112,0.13424,0.13244409208312455,0.12224,0.11707,0.11081
14-01-2026 12:20,25771.55,0.1023,0.11792366067414899,0.1001,0.101,0.09756,0.09538,0.09424,0.09268,0.09315,0.09221,0.09321,0.09496,0.1047025537468499,0.10063,0.19571970168208663,0.1891869414121614,0.18486,0.17808,0.17138,0.1647,0.15779,0.15149,0.14413,0.1375,0.13194,0.12591,0.12073,0.1149
14-01-2026 12:25,25768.3,0.1056,0.09486,0.12066336967536614,0.11616184473309746,0.09506,0.09382,0.09249,0.10375048170318597,0.09157,0.09139,0.09257,0.0943,0.09665,0.1007,0.19718,0.19055,0.18462,0.17826,0.17113,0.16479,0.15784,0.15073590233934217,0.14397,0.13743,0.13211,0.12609,0.12103,0.11485
14-01-2026 12:30,25761.1,0.11558,0.11165,0.10489,0.103,0.10078,0.09835,0.10361764996427525,0.095,0.09442,0.09373,0.09423,0.1014478900220589,0.10353166350897189,0.10178,0.19663,0.1864652667776326,0.18428,0.17767,0.17053,0.16509422315136565,0.15721,0.15086,0.14382,0.13687,0.13141,0.1259712244973919,0.11991,0.11385
14-01-2026 12:35,25772.4,0.10931,0.1030862395049113,0.10127,0.10645091582958138,0.09876,0.09708,0.09512,0.10185404668997682,0.09361,0.09275,0.09373,0.09505,0.09732,0.10095,0.19727,0.19027605511461687,0.18476,0.17821,0.17132,0.16501,0.1584,0.15149,0.14413,0.13741,0.13187,0.12605,0.12072,0.11455
14-01-2026 12:40,25773.6,0.10821,0.10386,0.09096,0.09282,0.09216,0.09167,0.09025,0.09012,0.09045,0.09024,0.09158,0.09359,0.09584,0.09976,0.1968,0.19185,0.18489,0.17812,0.17105,0.16496,0.15756,0.15147,0.14452,0.13765,0.1325,0.12644,0.12137,0.11562
14-01-2026 12:45,25759.5,0.11368,0.11393,0.09807,0.09706,0.09947805206152806,0.0964539248181199,0.09285,0.09254,0.09219,0.09209,0.09296,0.09488,0.09709,0.10092,0.1954,0.18913,0.18278,0.17652,0.16967,0.16304,0.15649,0.15006,0.14284,0.13609,0.13091,0.1249,0.11999,0.11407
14-01-2026 12:50,25748.9,0.10486,0.10811,0.10082,0.09988,0.097,0.09505,0.09366,0.09266,0.09275,0.09235,0.09354,0.09944063726298125,0.09774,0.1081402103840771,0.19487,0.1883,0.18241,0.17587,0.16858,0.16249,0.15557,0.14939,0.14237,0.13565,0.12996,0.11962544663542873,0.11933,0.11358
14-01-2026 12:55,25745.55,0.11091,0.10232,0.10093,0.1015,0.09815,0.09708,0.09539,0.09436,0.09441,0.09361,0.09441,0.09609,0.09843,0.10213,0.19463,0.18617099432283696,0.18215,0.17539,0.16871,0.1617422975277928,0.15545,0.14925,0.14182,0.13512,0.12983,0.12381,0.1193793330631058,0.11285
14-01-2026 13:00,25748.1,0.09798,0.10045,0.1108367507934616,0.09678,0.09641,0.10378680819388814,0.10320576381440412,0.09184,0.09217,0.09207,0.09872923982256027,0.10310277498499121,0.09743,0.10489167035724616,0.19456,0.18828,0.18215,0.17563,0.16856,0.1621,0.15553,0.1495,0.14233,0.13124005255561233,0.13058,0.12426,0.1192,0.11346
14-01-2026 13:05,25745.45,0.11027,0.10808,0.10248,0.10342,0.10022,0.09776,0.09787556964610482,0.09438,0.09415,0.0935,0.09566050024656403,0.09865861018039397,0.09809,0.1023,0.19438,0.18967,0.18119896703145152,0.17543,0.16875,0.16242,0.15584356878871897,0.14955,0.1421,0.13525,0.12965683319460042,0.12379580871622493,0.11864,0.11245
14-01-2026 13:10,25759.75,0.10591,0.107617657416664,0.09268,0.09214,0.09087,0.09034,0.09718206134708926,0.0961564792786225,0.08954,0.08952,0.09095,0.09299,0.09879364287924514,0.09952,0.19555,0.18954,0.17968196367014297,0.17643,0.16959,0.16298,0.15629,0.14989,0.14050371327957473,0.13251314480482962,0.13063,0.12370961020004452,0.11923,0.11368
14-01-2026 13:15,25750.25,0.13263736696130035,0.10412,0.09486,0.09505,0.10854305684084394,0.09183,0.09094,0.09045,0.09071,0.09836806350209361,0.09667668210843211,0.09384,0.09639,0.1006,0.19451,0.18906,0.18273878967643178,0.17521,0.168,0.16181,0.15514,0.14846,0.14113699930224613,0.1353,0.12975431207504928,0.1237,0.11871,0.11297
14-01-2026 13:20,25735.95,0.12440607015099985,0.09088,0.09116,0.08927,0.08931,0.08892,0.08832,0.10613164816998331,0.08918,0.08953,0.091,0.09341,0.09618,0.10013,0.19369,0.18739,0.18099,0.17447,0.168,0.16147,0.15590518532337036,0.14818,0.14151,0.13675351540855601,0.1298,0.12516331791515015,0.11922,0.1135
14-01-2026 13:25,25715.5,0.13207577763179956,0.10317,0.09996,0.09726,0.11326103794799942,0.09414,0.0929,0.09245,0.09268,0.09269,0.09386,0.09613,0.1066795487582542,0.10980580479588403,0.19148,0.18548,0.17932,0.17532832820300695,0.16606,0.16005,0.15318,0.14687,0.13997,0.1349294654782428,0.12802,0.12285455299324408,0.11702,0.11145
14-01-2026 13:30,25717.15,0.11780583258906947,0.09475,0.09061,0.09135,0.09055,0.1097997979569906,0.08954,0.08944,0.09027,0.09078,0.09261,0.09503,0.09794,0.1059554717178578,0.19223,0.18563,0.17948,0.17315,0.16525223136156064,0.1586568906308064,0.15304,0.14662,0.14002,0.13347,0.12811,0.12246,0.11762,0.11212
14-01-2026 13:35,25708.2,0.05948,0.07823,0.08042,0.10690579356392509,0.08287,0.09965985081927159,0.08537,0.08643,0.08774,0.08909,0.09137,0.09426,0.09755,0.1022,0.19065,0.18439,0.17802956842304885,0.1692589205781069,0.16508,0.15979,0.15256,0.14732,0.13992,0.13409,0.12937,0.12376,0.11973,0.11123246914934362
14-01-2026 13:40,25665.9,0.10071,0.09837,0.09493,0.09387,0.09312,0.09264,0.09251,0.09227,0.09331,0.09393,0.09605,0.09887,0.10199,0.10977154657872311,0.18757,0.18096,0.17549,0.16884,0.16204,0.1559,0.14907,0.14353,0.13648,0.13084,0.12553,0.12008,0.11569,0.1107
14-01-2026 13:45,25656.25,0.10367,0.10529,0.110632042841734,0.0999,0.0979,0.09681,0.09591,0.0953,0.09579,0.09621,0.10196234551851908,0.10258139986631527,0.10589516669143983,0.10792,0.18711,0.18019,0.17471,0.16693322220592982,0.1632008405791199,0.15523,0.14850315088325522,0.14238,0.1378185850403372,0.13116780067603412,0.1259826262735409,0.1186,0.11398,0.10875
14-01-2026 13:50,25665.25,0.08603,0.08404,0.10484511689673172,0.08744,0.10792454135846422,0.08812,0.08863,0.08953,0.09086,0.0925,0.095,0.10131737196102512,0.10184,0.10613,0.18786,0.18174,0.17618,0.16967,0.16278,0.15688,0.14995,0.14441,0.13772,0.13229,0.12693,0.12203,0.11809,0.11319
14-01-2026 13:55,25642.0,0.11538911362492785,0.10086,0.09857,0.09824,0.0967,0.09515,0.09469,0.09448,0.09544,0.09621,0.10107603862776018,0.10106,0.10456,0.10902,0.18692605915772595,0.18037,0.17471,0.16832,0.16115,0.15548,0.14814,0.14237,0.13594827946767896,0.12968,0.12442,0.1201929541796288,0.11485,0.10964
14-01-2026 14:00,25653.3,0.09106,0.09305,0.09194,0.09174,0.09191,0.0917,0.09176,0.09207,0.09317,0.09423,0.09663,0.0998,0.10317,0.10783,0.1867213170663163,0.1814327101496606,0.17613,0.16951,0.16215,0.15569,0.1493584946271926,0.1438299000648044,0.13705,0.13132,0.12603,0.12032,0.11666,0.11162
14-01-2026 14:05,25642.2,0.1157355350217795,0.10608,0.10346,0.1008,0.09905,0.09822035627116621,0.09658,0.09746592001908135,0.09667,0.09731,0.09943,0.10212,0.10515,0.10957,0.18748,0.18169,0.17424795207808974,0.16858,0.16157,0.1552859983677327,0.14877,0.14293,0.13565,0.1298339752625543,0.1256066791491359,0.11904,0.11449,0.10944
14-01-2026 14:10,25650.55,0.11123,0.10818,0.10361,0.10363,0.10124,0.10548475005355458,0.09766,0.09692,0.09754,0.09775,0.09953,0.1022,0.10529,0.10937,0.18791,0.18165,0.17572,0.16891,0.15666956267442664,0.15548,0.14853,0.14219,0.13568,0.129,0.12213433808662799,0.11783,0.1132,0.108
14-01-2026 14:15,25666.25,0.09477,0.10956734073991599,0.09021,0.09398,0.09103,0.09079,0.09055,0.09615331642268132,0.09740273083106592,0.09333,0.09585,0.09888,0.10243,0.10912651415797649,0.1892,0.18297,0.17661,0.17028,0.16316,0.15707,0.15028,0.14447,0.1363340560520908,0.13139,0.1261,0.12108,0.11656,0.11181
14-01-2026 14:20,25637.25,0.09594,0.09529,0.09429,0.09333,0.0932,0.09245,0.09228,0.09263,0.09413,0.09507,0.09762,0.10069,0.10407,0.10859,0.18715,0.1816,0.17531,0.16882,0.16174,0.15595,0.1489389031701474,0.14326,0.13611,0.13071,0.12553,0.12047557725186915,0.11614,0.11099103571102924
14-01-2026 14:25,25618.75,0.11219,0.10809,0.10566,0.1036,0.10574330552305174,0.09998,0.09881,0.09824,0.09913,0.10447465504320859,0.102,0.10473,0.10795,0.11216,0.19907844551653195,0.18008,0.17398,0.16744,0.15996,0.15398,0.14712,0.14151,0.13442,0.12884,0.12349,0.11826,0.11355,0.10886
14-01-2026 14:30,25626.9,0.10999,0.11111,0.10289448546571146,0.10374,0.10118,0.09924,0.09838,0.09794,0.10142346137226942,0.10199164595450722,0.10151,0.10444,0.11347513311413644,0.11653759234451075,0.18745,0.19848836773495038,0.17513,0.16836,0.16088,0.1669599965279994,0.14774,0.14985471243311327,0.13513,0.12921,0.12382,0.11804,0.1198996802832846,0.1171914007255195
14-01-2026 14:35,25635.8,0.12229,0.11516,0.11152,0.09932637748581442,0.10454,0.10167,0.10004,0.09672431996505022,0.09944,0.09981,0.1019,0.10451,0.10727812334364836,0.11165,0.1871,0.1813,0.1784739484788875,0.16836,0.1615,0.15525725554846856,0.1483,0.14255,0.13502,0.12908,0.12364,0.11828,0.11329,0.10781
14-01-2026 14:40,25660.55,0.11727,0.10852,0.10896946849439232,0.10285,0.10016,0.09882,0.10268148177718271,0.09656,0.09711,0.09738,0.09949,0.10216,0.10515,0.10935,0.1897,0.18509,0.17715,0.17051,0.16369,0.15555303634928566,0.15119180004869076,0.1449044401875715,0.13687,0.13362264778807656,0.12798132533053738,0.11945,0.11880084411232525,0.10926
14-01-2026 14:45,25696.2,0.10274,0.09888,0.10542995818981925,0.09946912871199345,0.09661,0.09562,0.09605455978467992,0.09361,0.09452,0.09475990942113162,0.09802002614335553,0.09995317529510653,0.10308,0.10702,0.19234,0.18584,0.17971,0.17297,0.16607,0.16036,0.15297,0.14520554000538483,0.13961,0.13304,0.12700597060836108,0.12184,0.11678,0.11176818176894902
14-01-2026 14:50,25697.1,0.1183467372825365,0.10479,0.10023,0.09933,0.09631,0.10497679337139608,0.10359128067371538,0.0936,0.09423,0.09482,0.09688,0.10261534728787453,0.10241,0.10623,0.19216,0.18568,0.17935,0.17286,0.1656,0.15962,0.1534999501166726,0.14629,0.13666390944991086,0.13314,0.12776,0.1211364038489465,0.11689,0.11105
14-01-2026 14:55,25696.05,0.09894,0.10790481620721827,0.10810243679740564,0.09216,0.10239039624838818,0.09065,0.09068,0.09041,0.09135,0.09226,0.09483,0.09741,0.10407993019202764,0.10479,0.19065,0.18713,0.17834,0.16971972878445263,0.1636455022188261,0.15886,0.15208,0.14621,0.13839585281671307,0.13274,0.12667696119000849,0.1217,0.11692,0.11038165389505636
14-01-2026 15:00,25666.15,0.10545,0.10721,0.10359,0.10214,0.09894,0.09703,0.09475362917917195,0.09541,0.09563,0.09602,0.09841,0.10077,0.10414,0.10821,0.18941,0.18161,0.17703,0.17046,0.16314,0.15680843062901917,0.15014,0.14397,0.13713,0.1313986106805101,0.12537,0.11968,0.1144,0.10874
14-01-2026 15:05,25690.25,0.07851,0.09021,0.08915,0.09128,0.09116,0.09067,0.09081,0.09139,0.09267,0.09359,0.09631,0.09896607656773035,0.10261,0.10675,0.19082,0.17754156837170162,0.17908,0.17234,0.16507,0.15907,0.1483127141055308,0.14637,0.13923,0.13364,0.12700814061879426,0.12283,0.11837,0.11334
14-01-2026 15:10,25672.65,0.09847,0.09817,0.09722,0.10649273027800732,0.09517,0.0947,0.09444,0.09436,0.09494,0.09609,0.1010607195949028,0.10099,0.10445,0.10834,0.18913,0.18298,0.17669,0.16711715292140913,0.16318,0.15736,0.15017,0.14230350582892434,0.13802,0.13231,0.12719,0.12115518303922175,0.11733,0.11239
14-01-2026 15:15,25654.0,0.11178,0.10719,0.10592,0.10877656908477723,0.10052,0.09908,0.09815,0.10199785527972041,0.09775,0.1014592284648529,0.10062,0.10284,0.10571,0.11003,0.1885,0.18147,0.17584,0.16886,0.16139,0.15588,0.14824618840128787,0.14301,0.13577,0.13060662301097772,0.12509,0.11969,0.11511,0.11119055667642347
14-01-2026 15:20,25659.6,0.11563,0.1131,0.10901,0.10678,0.10388,0.10162,0.10026,0.09934,0.09887,0.10171730727871928,0.10162,0.10495588890260368,0.10700189784779188,0.11045,0.18926,0.18298,0.17657,0.16936,0.16209,0.15706,0.14917,0.1435232185454524,0.13668,0.13113,0.12800446333671472,0.11996,0.1153,0.11002
14-01-2026 15:25,25670.6,0.1196304503507062,0.10381,0.10346,0.10035,0.09914,0.0972,0.09624,0.09617,0.09556,0.09666,0.09979,0.10179,0.10339570665465318,0.10511475051978766,0.19156,0.17864696583124706,0.17797,0.16772,0.1662,0.15985,0.15004,0.145,0.13577428374932768,0.13353,0.12719,0.12262,0.1184,0.11021290090559352
16-01-2026 09:15,25709.45,0.14811,0.13601,0.13172,0.12472,0.11844,0.11432,0.11076,0.10759,0.1023169355569742,0.10210947303963784,0.10516,0.10618,0.10852,0.11261,0.19829,0.19189,0.18628,0.16904422595176832,0.1640735097235911,0.15855969528493194,0.15732,0.15113,0.14345,0.13686,0.12773244955289073,0.12493,0.11952746105401962,0.11341
16-01-2026 09:20,25731.8,0.11106686935875537,0.11626,0.10623175748769648,0.10672,0.10463,0.10622571954613777,0.09945,0.09803,0.1034830271095311,0.09736,0.09879,0.1004,0.10317,0.10711,0.2002,0.19314,0.18643,0.1761147784257915,0.17063,0.16466,0.15670886832615358,0.15158,0.14391084009877378,0.1377,0.13216,0.126,0.12349147617741278,0.11561
16-01-2026 09:25,25713.95,0.13856,0.12066744456059354,0.12231,0.11478,0.11098352768658004,0.10721,0.10394,0.10164,0.09945,0.09887,0.09971,0.10498817521522723,0.1032,0.10896375249726642,0.19718,0.19095,0.183,0.17458,0.16717,0.16118,0.15412,0.14773,0.1385228342532433,0.13348705747127432,0.12856,0.1223,0.11729,0.1114
16-01-2026 09:30,25717.25,0.12074,0.11467,0.10708,0.10198207101679316,0.10414,0.10842587614616875,0.09836,0.09334904301806358,0.09611630539640303,0.09457,0.09555,0.09727,0.09987,0.10408,0.19157368182871365,0.18833,0.1813,0.17333,0.16636,0.15923387327292013,0.1531975043567501,0.14636,0.13917,0.13305,0.12774,0.12325807713563458,0.11695,0.11178287948551748
16-01-2026 09:35,25703.5,0.12154,0.12388,0.11176,0.10671,0.10359,0.10087,0.09855,0.0969,0.09574,0.09533,0.09651,0.10390993501580248,0.10122023993579607,0.10491,0.19475,0.1872,0.1815,0.17053370697915607,0.15885695069933758,0.16004,0.15277,0.14565,0.13886,0.13325,0.12424334909960644,0.12168,0.11707,0.1156964913885869
16-01-2026 09:40,25700.0,0.14571,0.13989,0.1281,0.12149,0.11634,0.11163,0.10743,0.10170425152719152,0.10102,0.09973,0.09978,0.10071,0.10264,0.10954090585903328,0.1957,0.18768,0.18089,0.17314,0.16209400651861075,0.15681116351127616,0.15311,0.14438,0.13719,0.13049,0.1244,0.11798,0.11307,0.10711
16-01-2026 09:45,25718.5,0.13848,0.13252,0.1124428623166144,0.12012,0.11514,0.11078,0.1061,0.1033,0.09956478765224722,0.09785026204156755,0.09937,0.10053,0.1021,0.10583,0.19647,0.18735741918090804,0.18317,0.17508,0.16795,0.16145,0.15485,0.1469035079164397,0.13866,0.1313,0.12852051394198807,0.1229993821722686,0.11363,0.1077
16-01-2026 09:50,25745.0,0.13175,0.12499,0.11837,0.11072314410424478,0.10895505768478023,0.10717123209722895,0.1050679148360748,0.09899,0.10254429782657863,0.09574,0.09598783472124728,0.09708,0.09913,0.10256,0.19912,0.18166257648816217,0.18614,0.17893,0.16864375767092618,0.16483,0.15817,0.14905,0.14158,0.13425,0.1278,0.12113929765936593,0.11573,0.10952
16-01-2026 09:55,25750.1,0.12116,0.12193192182235278,0.12107268883372976,0.11602114427804842,0.10247,0.10688116765573882,0.09694,0.1018212119025558,0.09514019064419846,0.09265,0.09316,0.0946,0.10201603831880483,0.106273551847448,0.19746918681929004,0.19348,0.18350991463519556,0.1794,0.16918950890145643,0.16556,0.15846,0.14755514326028354,0.14261,0.13492,0.1286,0.12267340398748779,0.11758023093373092,0.11059
16-01-2026 10:00,25740.5,0.14949,0.14199,0.12166704980226842,0.12292,0.11662,0.11173,0.10763,0.1053424574525992,0.10442189233625497,0.09937,0.0992,0.10044,0.10298732689469337,0.106420122163459,0.2,0.19269,0.1818051921342871,0.17918,0.17187,0.16518,0.15801,0.14887,0.14153,0.13353,0.12685,0.12,0.11433,0.10793
16-01-2026 10:05,25754.15,0.14244,0.1307,0.12569,0.11996,0.11346,0.10247899150082457,0.10556,0.10204,0.09952,0.09822,0.09824,0.09963,0.09925934287229404,0.10459250614658933,0.19997,0.19314,0.17764387908068063,0.17158455803905048,0.17338,0.16645,0.15231103886899894,0.15018,0.14269,0.1349,0.12799,0.12135,0.11577,0.10965313244978545
16-01-2026 10:10,25768.1,0.15031,0.10511089359777312,0.13218,0.12358,0.09958681300017412,0.11277,0.10856,0.10474,0.10237,0.09420794616712921,0.0998,0.10087,0.098925892157972,0.10645,0.20237,0.1909532052731165,0.18954,0.18223,0.17517,0.16822,0.16104,0.1521,0.14493,0.13691,0.13269093761027048,0.12319,0.11695,0.11015
16-01-2026 10:15,25809.45,0.17053,0.11271352279553369,0.14845,0.13976,0.13346,0.12639,0.12041,0.11533,0.11258,0.10915,0.10741,0.10778,0.10879,0.11139,0.18114925001803098,0.20007,0.19377,0.18647,0.17941,0.17247,0.1469010675760262,0.143585086101489,0.14892,0.14084,0.13404,0.1272,0.12082,0.11367
16-01-2026 10:20,25841.8,0.15819,0.14716,0.13899,0.13187,0.12373,0.10796495411129822,0.11434,0.10228569401304118,0.10763,0.10463,0.10322,0.10351,0.09698258798117598,0.10678,0.1968604181409958,0.2039,0.19723,0.18991,0.1831,0.16873374731535332,0.16939,0.15652101264618815,0.15362,0.14545,0.13802428625077892,0.13178,0.12547,0.11796
16-01-2026 10:25,25852.75,0.16242,0.14949,0.11411287289410774,0.12939,0.12252,0.11715,0.11283,0.1087,0.09892244732787452,0.1027,0.10127,0.10126,0.10209,0.10456,0.2119,0.20486,0.17165605080968882,0.19119,0.1688730892382061,0.16609417747777458,0.17022,0.16149,0.14270410011259801,0.14685,0.14009,0.13271,0.12637,0.11887
16-01-2026 10:30,25857.6,0.15034,0.13945,0.13079,0.11350489406181961,0.11883,0.11293,0.10892,0.1052,0.10288,0.10016,0.0989,0.09916,0.09982,0.10275,0.21194,0.20495,0.19833,0.19135,0.15471383821098927,0.17715,0.14295903940239366,0.16177,0.15466,0.14751,0.12033871578028409,0.13347,0.12712,0.11996
16-01-2026 10:35,25863.75,0.14056829689148873,0.14056,0.13121,0.12583,0.1097329217436715,0.114,0.10955,0.10609,0.10326,0.10069,0.09935,0.09459550010708452,0.09187492382479003,0.10294,0.21288,0.2055,0.16712329391764674,0.19191,0.15442644756336313,0.1782,0.17108,0.16276,0.15562,0.14813,0.14179,0.11666714261210656,0.12811,0.10714224992376041
16-01-2026 10:40,25871.4,0.11897,0.11633,0.10899,0.10727,0.10349,0.10199,0.0993,0.09705,0.09528,0.094,0.09165024081039155,0.09435,0.09576,0.09883,0.17882901797075443,0.20618,0.1999,0.1929,0.1547996365406782,0.17892,0.17202,0.1635,0.15638,0.12540552231719154,0.14258,0.11616438272071468,0.12916,0.12225
16-01-2026 10:45,25855.55,0.12576190213656485,0.13244,0.12971,0.12357,0.11755,0.11201,0.1082,0.1044,0.10165,0.09939,0.09839,0.09844,0.09942,0.10234,0.17810394189470227,0.20522,0.16881355842650217,0.19125,0.18446,0.17775,0.14343444006585887,0.16223,0.13193209456885457,0.14768,0.14126,0.11602135903617423,0.12765,0.12038
16-01-2026 10:50,25847.05,0.14577,0.13897,0.12528250114830722,0.12192,0.11503,0.11031,0.10605,0.10261,0.10005,0.09817,0.09713,0.09634397407302134,0.09760130237464089,0.10168,0.2108,0.20382,0.19754,0.19054,0.16545482975211132,0.15870222484555432,0.15615474154048126,0.16107,0.13957528310809944,0.14671,0.14015,0.13314,0.12674,0.11969
16-01-2026 10:55,25842.9,0.14318,0.1324,0.13342424857104232,0.11551,0.11107,0.10684,0.1110126267583379,0.10230381083508283,0.09825,0.10260331302202927,0.09575,0.09636,0.09761,0.1044525404325569,0.19610363305416237,0.1998854599045628,0.19721,0.18991,0.18287,0.17618,0.16946,0.1609,0.15371,0.14662,0.14015,0.13015144243800653,0.1265,0.1194
16-01-2026 11:00,25831.1,0.14914,0.13191551752290884,0.12683,0.1186,0.11283,0.10897,0.10495,0.10159,0.09804190047228264,0.09536760425116192,0.09635,0.09695,0.09832,0.10148,0.20992,0.20217,0.19686,0.1892,0.1821,0.1756,0.14682096912455586,0.1602,0.15294,0.14593,0.13922,0.12228543142050352,0.11466148463036968,0.1189
16-01-2026 11:05,25828.0,0.15898,0.14145,0.13754,0.1275,0.11895,0.11351,0.10883,0.10513,0.10239,0.09611252154482902,0.09879,0.09902,0.09998,0.10281,0.2093,0.2023,0.1963,0.18895,0.18185,0.16172436795647413,0.15468722250165773,0.15993,0.15249,0.14534,0.13853,0.13165,0.12519,0.113679985021137
16-01-2026 11:10,25825.7,0.13287,0.12163,0.11516,0.11241,0.10781,0.10493,0.1058796423229107,0.09914,0.10261257987758475,0.09583,0.09518,0.09622,0.09783,0.1011,0.20835,0.20105,0.18839154088944285,0.18761,0.18088,0.1747,0.16794,0.15954,0.15263,0.14559,0.13948,0.13255,0.12667,0.12009
16-01-2026 11:15,25823.0,0.1348,0.11791,0.11802,0.11308,0.10815,0.10492,0.10894589230067493,0.09876,0.09692,0.09503,0.0991491505125736,0.09583,0.09765,0.1011,0.20775,0.18771351876492917,0.19365,0.18588,0.17904,0.17256,0.16557,0.15775,0.13929931598304554,0.14429,0.13832,0.13183,0.12611,0.11987
16-01-2026 11:20,25813.0,0.1374,0.12177,0.12075,0.11476,0.10972,0.10533,0.1025,0.09750250831975306,0.09514033977475433,0.0959,0.09368565920233246,0.09673,0.0982,0.1015,0.1774291185628908,0.19854,0.16848710852600463,0.1620952797715697,0.1779,0.17119,0.16423,0.15643,0.14972,0.14286,0.13693,0.1271179414561817,0.12445,0.11825
16-01-2026 11:25,25811.55,0.14089,0.1292,0.12487,0.11889,0.11332,0.10936,0.10597,0.10248,0.1002,0.09808,0.09763,0.09730344776464958,0.09942,0.10261,0.20686,0.19845,0.19273,0.18494,0.170174554548512,0.17108,0.16435,0.15612,0.14943,0.14258,0.13355136963095712,0.12987,0.12411749255246635,0.11761
16-01-2026 11:30,25823.8,0.15411,0.113,0.11435,0.10898,0.10980000040481416,0.102,0.09995,0.0975,0.09647,0.09487,0.09483,0.09594,0.09743,0.10155997383108074,0.20831,0.19913,0.19347,0.18572,0.17835,0.16647632337703092,0.16483,0.15688,0.15027,0.14366,0.13741,0.13085,0.12501,0.11873
16-01-2026 11:35,25810.0,0.12446,0.10941532559973435,0.11493,0.11539709704062093,0.10626,0.10419,0.10133,0.09905,0.09732,0.09597,0.09705563367773573,0.0965,0.09825,0.10142,0.20388,0.19723,0.19164,0.18424,0.17716,0.17024,0.16336,0.13965292432691395,0.14879,0.14201,0.12235369822295833,0.12997,0.12389,0.11763
16-01-2026 11:40,25806.75,0.1389,0.12465,0.11794,0.11677591366981452,0.10622,0.10315,0.10062,0.09812,0.09705,0.09624334308792518,0.09532,0.09634,0.09806,0.10154,0.2045,0.19813,0.1924,0.1843,0.1769,0.16997,0.14959019134951326,0.1438307887385405,0.14868,0.14202,0.13598,0.12931,0.12373,0.11758
16-01-2026 11:45,25794.7,0.14051,0.13091,0.12244855051356615,0.11682,0.1107,0.10674,0.10367,0.10097,0.09913,0.0973,0.0968,0.09763,0.09919,0.10272,0.20353,0.1979,0.19172,0.18358,0.17642,0.16410688533686404,0.16245,0.15443,0.14754,0.14069,0.13437,0.12782,0.12157078868309013,0.11579
16-01-2026 11:50,25794.65,0.14526,0.13098,0.12389,0.11701460442161624,0.1119,0.10766,0.10416,0.10134,0.09948,0.09772,0.0971,0.09817,0.09991,0.10361,0.20397,0.19615479553538923,0.19142,0.18361,0.17616,0.1642161028470709,0.16225,0.15425,0.14738,0.14055,0.13438,0.12772,0.12185,0.11541
16-01-2026 11:55,25797.25,0.11631,0.11333,0.10804,0.10403,0.10069,0.09881,0.09713,0.09555,0.09487,0.09344,0.09364678511203729,0.09565,0.09765,0.10157,0.20337,0.1978,0.1701240707654331,0.18355,0.17697,0.17019,0.16317,0.13740007920429909,0.14836,0.1416,0.1218571623863,0.12902,0.11183758946708436,0.1066281079115707
16-01-2026 12:00,25774.5,0.121426607477299,0.14442,0.13569,0.12757,0.12104,0.11543,0.11063,0.10685,0.1044,0.10161,0.09694859983916376,0.10162,0.10292,0.10615,0.20194,0.19113433213326292,0.1843954685672012,0.18098,0.16890237304537215,0.16691,0.15448517595729705,0.1524,0.14513,0.1386,0.13072067989859723,0.12648709300814,0.12011,0.11355
16-01-2026 12:05,25790.15,0.12782713147040456,0.14723,0.14572,0.13608,0.12841,0.12167,0.11576,0.10216416806371717,0.10792,0.10457,0.10314,0.10357,0.10446,0.10716,0.19515680510773115,0.19612,0.18942,0.18174,0.1703739947234085,0.16733,0.16055,0.15285294091001267,0.14594,0.13939,0.13469419515353642,0.12604,0.12428137689669279,0.1138
16-01-2026 12:10,25810.95,0.15056,0.09150543192877443,0.14114,0.13138,0.12354,0.11753,0.09269973824843634,0.1085,0.09204607327456647,0.09136704580575557,0.1017,0.10199,0.10283,0.10549,0.20417,0.19712,0.19123,0.18259,0.17569,0.16842,0.16154,0.15399,0.14702,0.1405,0.12639908818786297,0.12742,0.12188,0.11662580465153352
16-01-2026 12:15,25821.3,0.13938,0.13234,0.12675,0.11879,0.11084,0.10838,0.10873860180770022,0.1012,0.09985111906113422,0.09792,0.0971,0.0978,0.09951,0.10262,0.20592,0.19919,0.17795621184012828,0.18384,0.17603,0.16828,0.16178,0.15432,0.13580632728955622,0.1412,0.12708325658417324,0.12201080111230993,0.11734011589245878,0.11702
16-01-2026 12:20,25815.75,0.14513,0.1334,0.10737388172068343,0.11959,0.10267702625596858,0.09968767421886957,0.10576,0.10238,0.1004,0.09856,0.09786,0.09855,0.09994,0.10298,0.20463,0.1890246637164574,0.19134,0.18306,0.17587,0.16065840044843746,0.1613,0.14874458039652286,0.14733,0.14068,0.13489,0.1286612003827934,0.12264,0.11623
16-01-2026 12:25,25811.0,0.07388,0.07556,0.07403,0.08059,0.0818,0.08406,0.08529,0.08605,0.08702,0.08707,0.08859,0.09116,0.10042766320569825,0.0983,0.19992556028516806,0.19641,0.19061,0.18234,0.17548,0.1685,0.16209,0.1513311967158045,0.14875,0.13916601754687943,0.12700253943977732,0.13181,0.12120803990477669,0.11679538158353496
16-01-2026 12:30,25738.6,0.15064,0.14403,0.13703,0.12998,0.12139,0.11635,0.11184,0.10782,0.10574,0.10304,0.10235,0.10337,0.1046,0.10804,0.17884109773186202,0.19115,0.18304,0.17546,0.16765,0.16045,0.14597359689759076,0.1465,0.13089608420584473,0.1333,0.12759,0.12143,0.11626,0.11068
16-01-2026 12:35,25771.0,0.13271,0.11957,0.11999,0.11437,0.10674699329217723,0.10232619135923356,0.10036795640648227,0.10111285272125069,0.10077384566632268,0.09743,0.10008852150040745,0.09898,0.10074,0.10431,0.19651949452764794,0.1903702449074896,0.18619,0.17795,0.1699,0.16309,0.15609,0.14932,0.14276,0.13619,0.1323096804516695,0.12469,0.11993,0.11418
16-01-2026 12:40,25768.5,0.11904615553987011,0.11783,0.11523,0.11094,0.10513,0.10293,0.10049,0.10359481554333609,0.09773,0.09643,0.0967,0.09827,0.10039,0.10439,0.19845642305202524,0.19373,0.18564,0.17742,0.17032,0.16289,0.15638,0.14954,0.14292,0.13661,0.13136,0.12545,0.12058,0.11512
16-01-2026 12:45,25759.4,0.13574,0.12873,0.11727,0.11155,0.1062,0.09695949117313782,0.10183,0.09414340338076913,0.09323583134149757,0.09762,0.09773,0.09519185470868485,0.1015,0.10533,0.19968,0.1918,0.17998549692306964,0.17633,0.16985,0.16292,0.15605,0.14955,0.14262,0.13604,0.12911964797499736,0.1246,0.11957,0.11427
16-01-2026 12:50,25750.05,0.15113,0.1299,0.13151,0.12439,0.11706,0.1124,0.10845,0.10559,0.09517191112009427,0.10154,0.09488318818693325,0.10258,0.10427,0.10777,0.19893,0.19105,0.18448,0.17589,0.16936,0.1635768554090839,0.1545,0.14786,0.14082,0.13403,0.12818,0.12194,0.1167,0.11113
16-01-2026 12:55,25759.95,0.13098,0.11788,0.10878,0.10065262392843916,0.10147,0.10013,0.09751891574259312,0.09701,0.09661,0.09593,0.09607,0.09866,0.10065,0.10459,0.20021,0.19008390896531907,0.18499,0.1771,0.17085,0.16355,0.15686,0.14965,0.14307,0.13322437477502821,0.13093,0.12895831183664297,0.1202,0.11467
16-01-2026 13:00,25740.05,0.11584,0.11504,0.12186461519333192,0.1065,0.10353,0.10136,0.09962,0.10547199091405231,0.10456057902960335,0.09708,0.09784,0.09999,0.1022,0.10614,0.1919348664721265,0.19105,0.18404,0.17607,0.16912,0.16179,0.15459,0.1476,0.14118,0.1363224546436461,0.12844516104135256,0.12322,0.11839,0.11323
16-01-2026 13:05,25723.25,0.13718,0.11100678995043653,0.12073,0.11549,0.11086,0.10673,0.10355,0.10198,0.10077,0.0998,0.10027,0.10199,0.10432,0.10812,0.19679,0.18752,0.18262,0.16920945279472427,0.16707,0.15978,0.1526,0.14583,0.13886,0.13222,0.12679,0.12034,0.11985259917698397,0.11048
16-01-2026 13:10,25717.95,0.12929292319053337,0.12359,0.11648,0.11189,0.10762,0.10473,0.10199,0.10044,0.09986,0.09863,0.09951,0.10155,0.10385,0.10775,0.19595,0.18846,0.18113,0.17322,0.16633,0.15906,0.1519,0.14494,0.13801,0.13187,0.12626,0.12043,0.11581,0.11036
16-01-2026 13:15,25715.5,0.12546,0.12116,0.11565,0.1126,0.10896,0.10405,0.10324800013906381,0.09984,0.099,0.10135035407394878,0.09526130545032606,0.10146,0.10356,0.10763,0.19187526963981688,0.18828,0.18058,0.17537574757231253,0.16584,0.15805,0.15146,0.14411,0.1400959098090897,0.13492002768110842,0.12538,0.11965,0.11476,0.10943
16-01-2026 13:20,25705.4,0.12947,0.11802,0.11258,0.10834,0.10184859333117774,0.10232,0.10035,0.09896,0.09863,0.09584777683450736,0.09917,0.10128,0.10405,0.1082,0.19409,0.18625,0.17938,0.17117,0.16438,0.15769510069039,0.15032,0.14401,0.13719,0.12698324700545513,0.12549,0.11984,0.11567,0.1085149547618485
16-01-2026 13:25,25670.15,0.11461037785635697,0.10848630212470023,0.12849,0.10311963322926096,0.11803,0.11384,0.09811249884079747,0.10745,0.10562,0.10372,0.10444,0.10609,0.10041219263617865,0.102651061841127,0.19162,0.17249336070953677,0.17675,0.16848,0.16129,0.15476981662249964,0.14512670106074255,0.14091,0.13484,0.12774,0.12256,0.11649,0.11182,0.10669
16-01-2026 13:30,25701.15,0.13040162925702797,0.12167,0.11776,0.11068,0.10665,0.10372,0.10152,0.10011,0.09928,0.0984,0.09946,0.10177,0.10453,0.10864,0.19291,0.18635,0.1796383232962046,0.17016,0.16550722352317837,0.15684,0.15207381361362082,0.14324,0.13718,0.13102,0.12596,0.12112657138171212,0.11616720226343422,0.11092
16-01-2026 13:35,25687.3,0.14434,0.13011,0.12208,0.1099330798117616,0.11418,0.11021,0.10674,0.10463,0.10289,0.09703249876542937,0.10239,0.10459,0.10163155990821827,0.11112,0.19179,0.18521,0.17755,0.169,0.16225,0.15562,0.14464780916560882,0.1335834238927449,0.13532,0.1298,0.12427,0.11476013045386116,0.1141,0.10873
16-01-2026 13:40,25701.3,0.12901470385227587,0.12412634291797425,0.11376,0.10739,0.10685,0.10394,0.10172,0.10393325975143947,0.10215361364219573,0.09871,0.10273931726422027,0.10235,0.1049,0.1094437537489847,0.1943,0.18368169442083468,0.17877,0.17057,0.16381,0.1569,0.15027,0.14574568215083156,0.13759,0.13193293138045356,0.12613,0.12059,0.11633,0.1111
16-01-2026 13:45,25699.7,0.1373,0.13042,0.11779,0.11529,0.10943,0.1053,0.10285,0.10143,0.10042,0.09952,0.10051,0.10286,0.10561,0.10982,0.1942,0.1865486160883321,0.17866,0.17193572987541778,0.16244,0.15595,0.14943,0.1443493059799231,0.13674,0.13033,0.12474,0.11878,0.11483,0.10907
16-01-2026 13:50,25712.85,0.096,0.09541,0.09935,0.09913,0.09681,0.09661,0.09558,0.09722695229833067,0.09677663562596302,0.09559,0.09745,0.10022,0.10331,0.10789,0.19489,0.18785,0.18054,0.17231,0.16487,0.15825,0.15232,0.14546,0.13945,0.13529709332264409,0.12872,0.1229,0.1191,0.11438
16-01-2026 13:55,25689.85,0.12024,0.11693,0.11188,0.10916,0.1054,0.10117062074628841,0.1014,0.10011,0.09981,0.09737854220728447,0.10065,0.10302,0.10586,0.11021,0.19343,0.17661718340716745,0.17932,0.17,0.16371651432474846,0.157357488436499,0.14998,0.1431,0.13705,0.13101,0.12583,0.12037,0.1177471174580852,0.11085
16-01-2026 14:00,25681.95,0.12937,0.1228,0.11186,0.10728,0.10449,0.10222,0.10041,0.09939,0.09683475616224427,0.09873,0.1004,0.10286,0.10605,0.11042,0.1928,0.1849,0.17867,0.16968,0.1625,0.15605,0.14951,0.1347429191328329,0.1363,0.13023,0.12524,0.11435888419320253,0.11057612323339416,0.10606431150581169
16-01-2026 14:05,25682.85,0.11697,0.10862,0.1064,0.10571870471391166,0.10009,0.09877,0.10255360937736956,0.09708,0.0973,0.10073859326792794,0.09919,0.10199,0.10529,0.10988,0.19376,0.18657,0.17982,0.16796147202313855,0.16379,0.15719,0.15029,0.14367,0.13742,0.13134,0.12618,0.1206,0.11655,0.11155
16-01-2026 14:10,25684.7,0.12427,0.11599,0.11313,0.10470761625840223,0.10579,0.10318,0.10086,0.09999,0.09936,0.09903,0.10061,0.10323,0.110512902739718,0.10992660268806291,0.19436,0.18752,0.18102,0.17225,0.16485,0.15764,0.15094,0.13694778261665094,0.13746,0.13112,0.12593,0.12005,0.11561,0.11130999394083581
16-01-2026 14:15,25676.95,0.1296,0.11748,0.11738,0.10730493984610813,0.10781,0.10494,0.10251,0.10111,0.10068,0.1001,0.10156,0.10398,0.10693,0.1114,0.1929,0.18651,0.18004,0.17128,0.16389,0.1533865660165461,0.15001,0.14276,0.13223535216843801,0.13007,0.12489,0.11683952141193174,0.11431,0.10882
16-01-2026 14:20,25689.4,0.13376,0.12117,0.11415,0.11165,0.10693,0.10432,0.10156,0.10039,0.09677550995768691,0.09924,0.10062,0.09740452265249687,0.10594,0.11044,0.19482,0.1876,0.18081,0.17175,0.15474212600459258,0.15734,0.15051,0.14377,0.13728,0.13077,0.12012809164082365,0.11961,0.11523,0.10722286153717642
16-01-2026 14:25,25707.1,0.10563,0.10337,0.09999,0.1074979497559398,0.09989,0.09852,0.09679,0.09635,0.09596,0.09605,0.09786,0.10066,0.10379,0.10873069520486603,0.19591,0.1837823048608092,0.18305,0.17365,0.16691,0.15974,0.15263,0.14607,0.13954,0.13287,0.128,0.12070047054574318,0.11732,0.11115725644687845
16-01-2026 14:30,25688.2,0.1291,0.12584,0.11783,0.11225,0.1086,0.10543,0.10269,0.10131,0.10008,0.0997,0.10106,0.09979390956688404,0.10627,0.11062,0.1756930779381583,0.18678,0.18041,0.1717,0.16468,0.14687927355308972,0.15022,0.1435,0.13669,0.13054,0.12518,0.11931,0.11504,0.10955
16-01-2026 14:35,25708.0,0.0988,0.09556777267589989,0.10769,0.10343,0.10132,0.09913,0.09727,0.1035002701777859,0.09596,0.10222338577775715,0.1029824789806233,0.10487921672244602,0.103,0.11112336640208365,0.18807568735829952,0.18888,0.18215,0.17312,0.16617,0.15883,0.15184,0.14478,0.13916,0.13226,0.12764292472118413,0.12039243420126954,0.11823487678397665,0.11142
16-01-2026 14:40,25706.4,0.13025,0.11776,0.11254,0.10775,0.10445,0.10217,0.10131834315217995,0.09848,0.09765,0.09744,0.09866,0.10081,0.10407,0.10673587568160582,0.19508,0.18877,0.18134,0.17234,0.16581640511149617,0.15791,0.15124,0.14424,0.13847473003445637,0.13152,0.12614,0.12210135924047344,0.11546,0.10992
16-01-2026 14:45,25707.8,0.11305,0.09922664380281407,0.1079,0.1037,0.09772508601565842,0.09932,0.09747,0.09656,0.0962,0.096,0.09755,0.09962666707266285,0.10137952189907913,0.10763,0.19566,0.17511864136542887,0.1716383841725434,0.16315195963400986,0.16439,0.15805,0.15116,0.14419,0.13795,0.13183,0.12668,0.12112,0.11458471972715192,0.11095
16-01-2026 14:50,25692.95,0.12547,0.11918,0.10981,0.1093,0.10592,0.10255,0.10015,0.09932,0.09851,0.09818,0.09941,0.10159,0.10482,0.10908,0.19487,0.18409444463621744,0.17988,0.1707712334149329,0.16180782077268965,0.15727730256493025,0.15028,0.14363,0.13705,0.13405180516057338,0.12599,0.12031,0.11583,0.11435002997133645
16-01-2026 14:55,25700.95,0.13187491042964072,0.12517100269408843,0.11405,0.10999,0.11093165251912997,0.1074290330724535,0.10469592770346783,0.09834,0.09736,0.09789,0.09887,0.1009,0.10365,0.1081,0.19471,0.18681,0.18024,0.17093,0.16391370226722446,0.15639,0.15009,0.14316,0.13697,0.13133,0.12612,0.11999259892024233,0.11571,0.11054
16-01-2026 15:00,25706.3,0.11793,0.10192,0.10295,0.11114732885241863,0.09969,0.09792,0.09651,0.09594,0.09545,0.09534,0.09684,0.09922,0.1025,0.10705,0.19519,0.18809,0.18052502001839638,0.17142,0.16433,0.15744,0.15132,0.14473,0.13875,0.13248,0.1271706750033582,0.12189266851872843,0.11743,0.11238
16-01-2026 15:05,25694.05,0.11281,0.1108,0.10746,0.10416,0.1024,0.09971,0.09806,0.09725,0.09693,0.09638,0.09698331060849213,0.10026,0.10341,0.1081,0.19419,0.17254716947454635,0.1797,0.1582916629331858,0.15878552103901591,0.15637,0.15045,0.14318,0.12822395946020065,0.13156,0.12665,0.11911372214669196,0.11665,0.11126
16-01-2026 15:10,25691.6,0.11496,0.11011,0.10436,0.103,0.10552475949341428,0.09867,0.09737,0.09678,0.09653,0.09608,0.09782,0.10012,0.1032,0.10803,0.19358,0.179141544074902,0.17879,0.16985,0.16215,0.1559,0.14978,0.14276,0.137,0.129533605337684,0.12388260029502411,0.12112,0.11638,0.10947871887743645
16-01-2026 15:15,25691.75,0.12581,0.11192237826565457,0.11411,0.10245830856813479,0.10641,0.10313,0.10126,0.09949,0.09689866138277209,0.09685614717621047,0.09963,0.10030710907796392,0.10484,0.10931,0.1892696452931998,0.18655,0.17919,0.16989,0.16542142287240305,0.15566,0.15108644929950218,0.144942176296429,0.13686,0.1341049775836437,0.12815790629824758,0.12036,0.11811054443764793,0.11
16-01-2026 15:20,25695.9,0.12636,0.11841,0.11262,0.10271395994379871,0.10512,0.10249,0.10053,0.09765698966312189,0.09793,0.0945824808388045,0.09946,0.10206,0.10478793894006028,0.10555640371689638,0.19487,0.18340077286903445,0.17530320340333147,0.17096,0.1623786244622614,0.15688,0.15081154497331284,0.14363,0.13784073944541195,0.13107,0.1268170165638138,0.12023,0.11537,0.10972
16-01-2026 15:25,25697.65,0.12031,0.1104,0.1066,0.10453,0.09976,0.09915,0.09722,0.09583,0.09506,0.09531,0.09719,0.10021,0.10717679090916359,0.10682931256665792,0.19461,0.1898,0.18118,0.17114,0.16431,0.1551,0.14895,0.14256,0.13677,0.13126,0.12625,0.11962,0.11517,0.10954
19-01-2026 09:15,25549.65,0.14245,0.13519,0.11700298345902199,0.11383537706078818,0.1214,0.11899,0.11806,0.10941657457022969,0.11852,0.11961,0.12266,0.11976822637868988,0.12406450085640504,0.13657,0.20612,0.19843,0.1915,0.18321,0.17385,0.16623,0.15889,0.15008,0.14249,0.1360852156987011,0.12989,0.12629117878315835,0.1187,0.11346
19-01-2026 09:20,25596.45,0.08441,0.08932,0.09374,0.09633,0.09736,0.09986981440869865,0.1011,0.10234,0.10559,0.10566202668027988,0.11308,0.11716,0.11722807272018786,0.12876,0.21017,0.20166,0.19502,0.18657,0.17775,0.17067,0.16256,0.15405,0.15168203706897654,0.14047,0.13504,0.12996,0.12594,0.12153
19-01-2026 09:25,25570.45,0.1024,0.10142,0.10257,0.12109431760546273,0.1170476198608583,0.11454859694521091,0.10414,0.10522,0.10833,0.10942190307880127,0.11044368003861178,0.12016,0.11583102374348875,0.13211,0.20873,0.20057,0.19328,0.18469,0.17673,0.16852,0.16075,0.1447263684993719,0.14424,0.13812,0.13237,0.12696,0.1231,0.11855
19-01-2026 09:30,25544.4,0.1437,0.13407,0.10928618227278523,0.12442,0.11993,0.11696,0.1037685727378623,0.11492,0.11679,0.1189,0.12285,0.12687,0.13188,0.1303747725199036,0.20143190954134135,0.19894,0.1924130155528235,0.18313,0.1769833352439922,0.16833822669492132,0.1592712668408592,0.1504,0.14143,0.13439,0.13141260700609156,0.12151,0.11662,0.11102
19-01-2026 09:35,25579.4,0.09938,0.09619,0.09934,0.12189564271355949,0.11788932090904476,0.10124,0.102,0.10339,0.10655,0.10958,0.1098947251883914,0.11861,0.12437,0.13093,0.21264,0.20463,0.19773,0.18849,0.18053,0.17254,0.16418,0.14523077710815857,0.14696,0.13985,0.12780247092612917,0.12832,0.12423,0.11922
19-01-2026 09:40,25551.95,0.12474,0.12028,0.11453,0.11254,0.11043,0.103668786554283,0.10928,0.1094,0.11187,0.11453,0.11479192656845369,0.12036780002484347,0.12803,0.13125510779789276,0.20806,0.20021,0.19271,0.18764268538290388,0.18035075798650108,0.1672,0.1603542009571683,0.15508315878168819,0.1466492861364426,0.13476,0.12888,0.12960965331862534,0.11862,0.11313
19-01-2026 09:45,25560.95,0.11745,0.11174,0.11006,0.10947,0.10771,0.10715,0.10706,0.10726,0.11016,0.11282,0.11298442978656772,0.12107,0.12643,0.13281,0.20898,0.2042116275668893,0.1856311135470778,0.18423,0.17651,0.16847,0.16008,0.15174,0.14344,0.13618,0.13053,0.12461,0.12019,0.1149
19-01-2026 09:50,25558.35,0.09813,0.10194992764483608,0.10203,0.10231,0.10235,0.10252,0.10324,0.0989747911620504,0.10771,0.11077,0.11091181670348438,0.12005,0.12593,0.13257,0.20877,0.20476817177555848,0.19383,0.18471,0.17721,0.16877,0.16055,0.1521,0.14406,0.13789629901005582,0.13498013335127657,0.12572,0.12158,0.11685
19-01-2026 09:55,25558.2,0.10221,0.10014,0.10275923640450862,0.10229,0.10223,0.09998682163670826,0.10338,0.10459,0.10823,0.11146,0.11594,0.1209,0.12330125444620475,0.13321,0.20929,0.20139,0.19461,0.18508,0.17753,0.16879,0.16056,0.15232,0.14407,0.13937131584999726,0.1319,0.12601,0.12211,0.11727
19-01-2026 10:00,25520.6,0.11102,0.10743,0.10734,0.10683,0.10585,0.1065620494513285,0.10601,0.10768705801404577,0.11123,0.1146,0.11929,0.12411,0.13013,0.13675,0.20707,0.19896,0.19193,0.18325,0.17535,0.16608,0.15924659939032326,0.14947,0.14123,0.13504,0.12974,0.1241,0.11961918967415891,0.11506
19-01-2026 10:05,25510.95,0.12893380876691743,0.12154,0.11737,0.11483653243358695,0.1124,0.11138,0.11069,0.11147,0.11459,0.1124872716709323,0.11446452124740902,0.12648,0.13215,0.13871,0.2057,0.19803,0.18988,0.18129,0.17407,0.16455,0.15632,0.14275702589318148,0.13978,0.13291,0.12676818194852482,0.12118,0.11689,0.11165
19-01-2026 10:10,25528.25,0.11377,0.11102,0.10945,0.10865,0.10732,0.1069,0.10676,0.10798,0.11157,0.11463,0.11918,0.12409,0.12999,0.13649,0.19723830319603097,0.20022,0.19168,0.18279,0.16828586968220463,0.1662,0.1512892998174245,0.14982,0.14134,0.13535,0.13002,0.12434,0.12024,0.11341759005581549
19-01-2026 10:15,25530.4,0.12141,0.11548,0.11096,0.11120744124406892,0.1083,0.10666249516961505,0.1075,0.1084,0.11225,0.11533,0.11829344228084095,0.12455,0.13037,0.13424130017102892,0.20674,0.19922,0.19156,0.18271,0.17824578836177987,0.1662,0.159739417063935,0.14908,0.14128,0.13651334556309694,0.13043651304817364,0.12367,0.11966,0.11389403752150774
19-01-2026 10:20,25543.9,0.10527,0.10863,0.10872,0.11200368768269095,0.10618,0.10562,0.10593,0.10742,0.1109,0.1139,0.11814,0.12134905497697648,0.12856,0.13525,0.20859,0.19591277039017446,0.19336,0.18263712417472033,0.1765,0.16769,0.15962,0.15065,0.14289,0.13678,0.13111,0.1262,0.12128,0.11615
19-01-2026 10:25,25526.15,0.09784,0.10189,0.11676165948866765,0.10252,0.10243,0.10311,0.10435,0.10618,0.11058,0.1142044716503233,0.11839,0.12352,0.12652599891856078,0.13063426598541977,0.20783,0.20095,0.19232,0.18335,0.17583,0.16711,0.15904,0.15084,0.14335,0.13761,0.13253,0.12716,0.12338,0.1189
19-01-2026 10:30,25515.7,0.11207,0.11108,0.10904,0.10873,0.10713,0.107,0.10726,0.10887,0.1126,0.11579,0.11955163689654176,0.12525,0.13067,0.13722,0.20622168418731374,0.1988572767011673,0.19129,0.18263,0.17446,0.16575,0.15768,0.14928,0.14176528173422642,0.13589458500934093,0.13004817801233554,0.12412961500798018,0.12146,0.11627
19-01-2026 10:35,25513.9,0.12452175571200118,0.10845,0.10764,0.10713,0.10687,0.10626,0.10705,0.10863,0.11265,0.11595,0.12018,0.1235606150891218,0.13066,0.137,0.20078679621906387,0.19815,0.19151,0.18248,0.17431,0.16585,0.15774,0.14968,0.14227,0.13557034033675433,0.13027172251247038,0.12639,0.11974814449992885,0.11797
19-01-2026 10:40,25500.4,0.12671,0.12105,0.11872729400945019,0.11492,0.11304,0.11055880426972478,0.11166,0.11259,0.11596,0.1186,0.12238,0.12702,0.13226,0.13833,0.18485063892857015,0.17857664841001825,0.17456385040326172,0.18111,0.17319,0.16441,0.15625,0.14777,0.14052,0.1292891782335393,0.12906,0.12365,0.11946,0.11466
19-01-2026 10:45,25525.55,0.11111,0.10924,0.10772,0.1078,0.10704368522236228,0.10635,0.10664,0.1084,0.11199,0.1149,0.11820101709506438,0.12381,0.12913,0.1355,0.20887,0.20024,0.19115565718414781,0.18344,0.17591,0.16744,0.15888,0.15089,0.14323,0.1369931069063049,0.13255,0.12684,0.12298,0.11823
19-01-2026 10:50,25515.9,0.11522797787886982,0.11866,0.1148,0.113,0.11051,0.10984,0.10947,0.11058,0.11388,0.11648,0.11948104401351402,0.12544,0.13063,0.13669,0.20749,0.19889,0.19183,0.1828,0.17492,0.16565,0.15761,0.14864,0.14145,0.13566,0.1298,0.12429,0.11994,0.11616022257136382
19-01-2026 10:55,25526.35,0.13233,0.12637,0.1266812770545047,0.11995064207248557,0.1144,0.1118,0.11078,0.11234212181907033,0.11317567499966866,0.11657,0.12053,0.12501,0.12999,0.13624,0.20857,0.19956,0.19221,0.17297769944045085,0.17648723204878475,0.16603,0.15766,0.14322633626625614,0.14085,0.13438,0.12854,0.12257,0.11808,0.11313
19-01-2026 11:00,25550.1,0.12151,0.11932,0.11543151849178189,0.11367,0.11488434871417677,0.11359284134295396,0.11186602966014661,0.10928,0.11236,0.11481,0.1185,0.11991072825300926,0.12812,0.1289920745808465,0.21143,0.1927046229127268,0.1943,0.18508,0.17745,0.16863,0.15576438520281233,0.15139,0.14332,0.13704,0.13131,0.12541,0.12046,0.1154
19-01-2026 11:05,25561.85,0.10899,0.10138,0.10069,0.10252,0.10984012712899746,0.10169,0.10215,0.10318,0.10665,0.10970038926799817,0.11449,0.11959,0.12517,0.13184,0.20205930465377492,0.1992696488121257,0.19516,0.18634,0.17262787199168186,0.17074,0.16283,0.1461729581468427,0.14716,0.14106,0.13515,0.12992,0.12089739546491074,0.12077
19-01-2026 11:10,25540.3,0.11046,0.11083,0.10827,0.10789,0.10588,0.10491,0.10375962062954966,0.10638,0.10954,0.11268,0.11737,0.1223,0.12767,0.13403,0.20769,0.20022,0.19262,0.18414,0.17678,0.16983421537304863,0.16,0.15135,0.14463,0.138,0.13236,0.12694,0.12227,0.11743
19-01-2026 11:15,25533.8,0.10798,0.10731,0.1053,0.10503,0.1036,0.10349,0.10402,0.10558,0.10894,0.11228,0.11706,0.12214,0.12774,0.13422,0.2066,0.19961,0.19276,0.18385,0.17612,0.16777,0.16044089310501647,0.1518449491889591,0.1439599966484415,0.13705757037770544,0.13327,0.12465816878757076,0.12329,0.11378256819806136
19-01-2026 11:20,25513.75,0.12529,0.11862,0.11037308069737,0.10937246199060964,0.10825529114666523,0.10728907031012475,0.109,0.10982,0.11303,0.11594,0.11970456816326937,0.12359785343571551,0.13082,0.13599502617552053,0.20025103859795393,0.19808,0.19148,0.18214,0.17366612379360852,0.16531585955030803,0.15801,0.14906046497305184,0.14218,0.13622,0.13042,0.12503915503365573,0.12023,0.11555
19-01-2026 11:25,25514.95,0.12155,0.11439770020371723,0.11206649575566818,0.11269,0.11016,0.10919,0.10884,0.10989,0.11307,0.11606,0.12056,0.12524,0.13056,0.13686,0.20677,0.19908,0.19201,0.18296,0.17563,0.16681,0.15861,0.1503,0.14252,0.13653,0.13071,0.12388633212708516,0.12058,0.11544
19-01-2026 11:30,25517.75,0.1164,0.11895,0.11447,0.11132808249685124,0.11014,0.10824463005191579,0.10842,0.10934,0.11251,0.11579,0.12019,0.1249,0.13011,0.13680991856353514,0.20709,0.1994,0.19234,0.18293176639051853,0.1754,0.16715,0.15874,0.15046,0.14224308141440392,0.13664,0.131,0.12433341742314724,0.12000315268142624,0.11537
19-01-2026 11:35,25523.55,0.13105,0.12514,0.11925,0.11609,0.11285,0.11088,0.10572306354443907,0.1104,0.1108700445949906,0.11588,0.11849229635963832,0.12378428725697854,0.12762557229003843,0.13378965476599594,0.20675,0.19709109010791007,0.19187,0.18327,0.17488,0.16705,0.15852,0.14979,0.14413121272333057,0.13564,0.12973,0.12382,0.119,0.11349
19-01-2026 11:40,25536.55,0.12496,0.12074,0.11594,0.11329,0.11037,0.10856,0.10765,0.10846,0.11115,0.11382,0.11815,0.12287,0.12793,0.13466,0.20479399026314057,0.20095,0.19398,0.18550259917044648,0.17447648632219104,0.16824,0.15825127211818754,0.15023305600254322,0.14335,0.13701,0.1309,0.12512,0.12048,0.11487307725287388
19-01-2026 11:45,25537.25,0.11701,0.11709,0.11663665834060088,0.11106,0.10883,0.10754,0.10676,0.10777,0.11073,0.11367,0.11808,0.1229,0.12826,0.13492,0.20866,0.20064,0.19372,0.18477,0.177,0.16396867647335867,0.16057,0.15202,0.14431,0.13781,0.13158,0.1257,0.12097,0.11573
19-01-2026 11:50,25541.5,0.10974773537148313,0.11365,0.11364,0.1105,0.10792,0.1068,0.10637,0.1072,0.11035,0.11317,0.11783,0.1219638558765219,0.12762,0.13443,0.20815,0.20067,0.19268,0.18491,0.17719,0.16884,0.16039,0.15234,0.14483113913874957,0.13809,0.13205,0.12577,0.12127,0.11592
19-01-2026 11:55,25540.75,0.10867,0.10743,0.10536,0.10369,0.10266,0.10272,0.10312,0.1060669620082602,0.10829,0.11183,0.11688396970749397,0.12165,0.12697,0.13378,0.2079477231533867,0.2002,0.19379,0.18487,0.17745,0.16873003886166787,0.1608,0.1518033215795728,0.14437711462373481,0.13833966041879223,0.1331,0.12732,0.12284,0.11794
19-01-2026 12:00,25527.0,0.10974,0.10841,0.10674,0.10549,0.10385,0.10401,0.10449,0.10618,0.11004,0.11478262735137544,0.11844,0.12351,0.12899,0.13218508839297813,0.2073,0.20016,0.19242,0.18348,0.1743175278782156,0.16289638644538004,0.15509792527114008,0.14707154645519482,0.14449,0.13623130499941372,0.13228,0.12672,0.12091832931767027,0.11728
19-01-2026 12:05,25522.1,0.12219668565547429,0.11073,0.11370616874309575,0.11133062588813564,0.10508,0.1078011211677887,0.10558,0.10727,0.11101,0.11507728776261203,0.11940312972902947,0.1243,0.12967366157700494,0.13635964691094257,0.20782,0.19988134435491783,0.1927,0.18434,0.17697,0.16887,0.1593689939408861,0.15061994696344955,0.14489,0.13817,0.13251,0.12657,0.12221,0.11694
19-01-2026 12:10,25521.0,0.12433,0.11889,0.11494,0.11236,0.10676298281302947,0.10817,0.10804,0.10903,0.1125,0.11537,0.11986,0.1248,0.12991396591880577,0.13657,0.20775,0.19953489175706984,0.19335,0.18459,0.17717,0.16903,0.16024,0.15184,0.14431,0.13714,0.131,0.1247,0.11998,0.11443
19-01-2026 12:15,25533.2,0.13678,0.12256,0.11838,0.11453,0.11132,0.10931,0.10839,0.10893,0.11202,0.1148,0.11916,0.12362,0.12856,0.13528,0.20755,0.20085621507945317,0.19279,0.1851491655679778,0.17679,0.16843275036334493,0.15986,0.15134,0.14366,0.13692,0.13042,0.12428,0.11911,0.11353
19-01-2026 12:20,25542.4,0.11411,0.1095959943611104,0.10266,0.10198,0.10102,0.10115,0.10161,0.10353,0.10747,0.11081,0.11733098579080867,0.12093,0.12651,0.13326,0.20594829255470953,0.20187,0.1949,0.18591,0.17898,0.1707,0.16021606500887364,0.15342,0.14596,0.13906,0.13334,0.12723,0.12264,0.11683973932798206
19-01-2026 12:25,25526.05,0.11773,0.11337,0.11022,0.10788,0.1059,0.10845679575995668,0.10506,0.10649,0.10989,0.11301,0.11802,0.12303,0.12859,0.13131028278566936,0.2081108675795222,0.20069,0.19363,0.18491,0.17726,0.16944,0.16091,0.15195,0.14452,0.13732,0.13175,0.12558,0.12117,0.11557
19-01-2026 12:30,25524.6,0.1156,0.11206,0.11411350371830163,0.10649,0.10471,0.10398,0.10478,0.10605,0.10988,0.11311,0.11825,0.12325,0.12894,0.1336455523798334,0.20828,0.19760547838848846,0.19352,0.18479,0.17714,0.1680470136476507,0.16056,0.15076513046596668,0.14437,0.13743,0.13158,0.12566,0.12152736128252255,0.11576
19-01-2026 12:35,25520.4,0.11317,0.1140851951829962,0.10806,0.10634,0.10473,0.10458,0.10512,0.10677,0.11044,0.11385,0.11905,0.12427,0.12963,0.13648,0.2079,0.20021,0.19313,0.18350289027366393,0.17581738396612925,0.16889,0.15884507274081675,0.15193,0.1447,0.13554393028280592,0.13223,0.12613,0.11930447776197578,0.1169
19-01-2026 12:40,25513.2,0.12541,0.11795,0.11543,0.11233,0.10978,0.10921218826255895,0.10900960450963941,0.10951,0.1127,0.11583,0.12062,0.12569,0.13085012744577296,0.13754,0.1962802465354356,0.19952,0.19169,0.18334,0.17599,0.16763,0.15912,0.14958,0.14208,0.13552,0.12947,0.12357,0.11899,0.11338
19-01-2026 12:45,25525.45,0.11245,0.11086,0.10752,0.10625,0.1046,0.10419,0.1049,0.10643,0.11171978070470061,0.11462734391771995,0.1183,0.12333,0.1283100917334168,0.13545,0.20849,0.20163,0.19299,0.18466,0.17734,0.16901,0.15942,0.15063,0.14358,0.13708,0.13145,0.12577,0.12132,0.11637
19-01-2026 12:50,25519.95,0.13225,0.12577,0.11927,0.11491,0.11157,0.10981,0.10898,0.10782256373173474,0.11256,0.11547,0.12006,0.12495,0.13004,0.1366208898133694,0.20756895688903157,0.19944,0.19209,0.18312,0.17598677602079157,0.16716,0.15768,0.14943,0.14178,0.13477,0.12875,0.12287,0.11815,0.11251
19-01-2026 12:55,25545.2,0.11676,0.11437,0.11059,0.10847,0.10618,0.11038356800560299,0.10519,0.10619,0.11173815037849387,0.11253,0.11723,0.12192,0.12727,0.13345,0.21005,0.19414824005149786,0.19547,0.1810151103463373,0.17924,0.16238870338800895,0.15941949534229571,0.15071949389050007,0.14532,0.13479132044073974,0.13208,0.12633,0.12177,0.11427210619074268
19-01-2026 13:00,25548.85,0.10962,0.11163,0.12094920692672198,0.10731,0.11762511826388067,0.10433,0.10439,0.11064260801074392,0.10896,0.11199,0.1184265403063686,0.12166,0.12697,0.12673997847266125,0.21235,0.1894018802315866,0.18565841441273886,0.18855,0.18082,0.17245,0.1535327470354605,0.15421,0.14696,0.13613345094493728,0.1335,0.1276,0.12278,0.11719
19-01-2026 13:05,25553.0,0.11105,0.1082,0.10615,0.10522,0.10357,0.1020993446060206,0.10356,0.10459,0.10837,0.11157,0.11633,0.12113,0.12647,0.13272,0.21327,0.20541,0.19782,0.18902,0.18215,0.17319,0.16354,0.15452,0.1469714336455248,0.1398,0.13362,0.12765,0.12291,0.11893318223001298
19-01-2026 13:10,25544.5,0.10337,0.10265,0.10198,0.1013,0.10012,0.10054,0.10159,0.1032,0.10731,0.11082,0.11840458804188313,0.12206359356907354,0.12627,0.13267,0.20026102933319373,0.1950619501922069,0.19734,0.18881,0.18155,0.17253,0.15933589809480564,0.1507489086481453,0.14111741946621398,0.13947,0.13366,0.12777,0.12327,0.11802
19-01-2026 13:15,25530.5,0.12054,0.11933,0.11433,0.11157,0.1088,0.10705,0.10690728507142204,0.10769,0.11106,0.11411,0.11878,0.12347,0.12873,0.13503,0.21156,0.20401,0.19485,0.18673,0.17924,0.17003,0.16063,0.1516,0.14386,0.13678,0.1306,0.12447,0.11935,0.11371
19-01-2026 13:20,25540.05,0.11133236543285033,0.10854,0.10901572021903717,0.1046,0.10267,0.10224,0.10289,0.10447,0.1084,0.11177,0.1165,0.12158,0.12702,0.13326,0.21433,0.20503,0.1966,0.18842,0.18086,0.17187,0.1593600158482162,0.15391,0.14603,0.13924,0.13201090458236456,0.12641571471996305,0.12183173436423987,0.11691
19-01-2026 13:25,25531.0,0.11509,0.11809162555618116,0.11268391236603517,0.10686,0.10463,0.10398,0.10429,0.10809262274831269,0.10936,0.11284,0.11758139530925922,0.12271,0.12805,0.13312700177271913,0.21303,0.19937807178535685,0.19606,0.18782,0.17992,0.17115,0.16142,0.15289,0.14481,0.13759,0.13151,0.12532,0.11919203463190013,0.11497
19-01-2026 13:30,25535.2,0.12707,0.12045,0.11491,0.11121,0.10838,0.10671,0.1071706871585184,0.10745,0.11038,0.11301371274124641,0.11785,0.12157242622478825,0.12795,0.1328585139710892,0.21217,0.20341,0.19546,0.18734,0.17957,0.16653507122783373,0.16126,0.15263,0.14467,0.1373,0.13107,0.12426460946440544,0.11976,0.11399154144594463
19-01-2026 13:35,25552.1,0.11146,0.11216,0.10796,0.10693,0.10432,0.10337,0.10342,0.1046,0.1082,0.11146,0.11460353013007771,0.1209,0.12659191011308707,0.13269,0.21298,0.20558,0.19688,0.18916,0.18172,0.17305,0.1613370994766654,0.15501,0.14706,0.13943,0.13343,0.1301890553790473,0.12225,0.11648
19-01-2026 13:40,25558.15,0.10084,0.10274344992935368,0.10424978262916539,0.10217,0.10226405872570879,0.10044,0.10425460387046592,0.10301858881182402,0.10605,0.10954,0.11444,0.11938,0.12445,0.1312,0.21455,0.20664,0.19828,0.18984,0.18241,0.17425,0.16413,0.15593,0.14815,0.1405,0.13288209938081313,0.12854,0.12393,0.11829
19-01-2026 13:45,25544.95,0.14487,0.13666,0.12756,0.11268567515786439,0.11614,0.11251,0.11062,0.11052,0.11243,0.11496,0.11903,0.12358,0.12837,0.12605456739094248,0.20948,0.20197,0.19316,0.18546,0.1781,0.16053645741899805,0.16012,0.15118,0.14295,0.1339441684312837,0.12862,0.12181,0.11596,0.11395004870383174
19-01-2026 13:50,25583.5,0.12838,0.12116,0.12209245045083879,0.11228,0.10902,0.1134736457961534,0.10557,0.10556,0.10766,0.11011,0.10994330687204205,0.11876,0.12347,0.12958,0.21282,0.18281064660455013,0.19832,0.18915,0.16544157991972336,0.17343,0.16467,0.15624,0.14823,0.14042,0.13434,0.12716,0.12208,0.11371550337308521
19-01-2026 13:55,25602.3,0.1106,0.1098,0.10677,0.104,0.10309616034258964,0.10338478552267709,0.09791906121535339,0.0993912201195709,0.10419,0.10667,0.10828395490918286,0.11533,0.12046,0.12655,0.2172,0.20913,0.20067,0.19324,0.18519,0.17687,0.16751,0.1586396920251754,0.15109657891502284,0.14258,0.136,0.12898,0.12389,0.11756
19-01-2026 14:00,25605.6,0.12322,0.10451867842333973,0.12019,0.11659,0.11217,0.10884,0.09788138934833444,0.09898066782178362,0.10793,0.10332763427526707,0.11282,0.11712,0.12165,0.12738,0.21757,0.20907,0.20144,0.19273869661386736,0.18558,0.17699,0.16718,0.15838,0.15118956943980183,0.14124,0.13488,0.1275,0.12188,0.11534
19-01-2026 14:05,25625.95,0.12169,0.11189,0.10482699583678513,0.10345,0.10222,0.10043,0.09994,0.09999,0.10203,0.10432,0.10822,0.11282,0.11773,0.1189581051428712,0.19412922063961563,0.21071,0.20395,0.19544,0.16877562924363881,0.17924,0.16971,0.15372167189895447,0.15254,0.14421,0.13787,0.13055,0.12125924134440295,0.11896
19-01-2026 14:10,25615.15,0.14250397788362634,0.09995,0.09965,0.09834,0.09748,0.09712,0.09703,0.0976,0.10044,0.10772279101940378,0.10738,0.11256,0.11777,0.12431,0.22004,0.21226,0.20365,0.19573,0.18818,0.17891,0.16640993339854987,0.15303508431733992,0.15187,0.1439,0.13771,0.13078,0.12572,0.11855704292981112
19-01-2026 14:15,25589.9,0.13766,0.13118,0.12342,0.11812,0.11379,0.11051,0.10828,0.10703,0.10803,0.10946,0.11277,0.11743,0.11465668892772476,0.12803,0.19754200070114364,0.20806,0.20148,0.17687902736143654,0.16507906242728426,0.1762,0.16675,0.14682737889412806,0.14877,0.13511130593373868,0.13311101975942655,0.12657,0.12068,0.11899489914237638
19-01-2026 14:20,25610.85,0.11315,0.11321,0.10957,0.10694,0.10476,0.10277,0.10251123158992849,0.10149,0.10608454956592202,0.10535,0.10893,0.1136,0.11863,0.12504,0.21923,0.21064,0.2033,0.19293,0.18167219086799472,0.17771,0.16863,0.15558938235279515,0.15143,0.14296,0.13683,0.1295,0.1243,0.11837
19-01-2026 14:25,25607.6,0.10579,0.10267,0.10032,0.10001,0.09933,0.10667080196048857,0.0982,0.10135952887913903,0.10647612713728566,0.10301,0.10743,0.11224,0.11779,0.12574337688221066,0.21751,0.21036,0.20195636714621726,0.19334,0.18599,0.17685,0.16782,0.15877,0.15127,0.14339,0.13723,0.13016,0.12514,0.11767237509765349
19-01-2026 14:30,25603.8,0.12084,0.11134,0.10881,0.10532,0.10358,0.10147,0.1003,0.10042,0.1026,0.10453,0.10834,0.1135,0.11882,0.12533,0.21718,0.20826,0.20189,0.19246193723767896,0.18532,0.17648360449098296,0.16768,0.15837,0.15067,0.14351859019531596,0.13727761837547775,0.12894,0.12526692418553795,0.11796
19-01-2026 14:35,25599.55,0.12345,0.12152,0.11567,0.11125,0.10814,0.10541,0.09834023305968925,0.10339,0.10504,0.10474886401050502,0.11035,0.11404213789145816,0.1185664263156869,0.12651,0.21577253454044207,0.20833,0.2015,0.19188,0.18429,0.1721265228140344,0.167,0.15792,0.15039,0.142,0.13561,0.1285,0.12525950221549584,0.11684
19-01-2026 14:40,25614.95,0.14719339134614168,0.10885,0.10565,0.10395,0.10221,0.10078,0.09969,0.09987,0.1021,0.10379,0.10764,0.11244,0.11784,0.1245,0.21837,0.20946,0.1866387486148623,0.19316,0.18627,0.16473573882748066,0.16874,0.1597,0.15185,0.1427098077965088,0.13747,0.13037,0.12507,0.1193
19-01-2026 14:45,25620.55,0.11037,0.10708,0.10642,0.10373,0.10236,0.10072,0.10166625867257044,0.10005,0.10193261550151837,0.10383,0.10731,0.11241,0.1174,0.124,0.21897,0.18600258062695413,0.20335,0.17880765608003635,0.18659,0.17784,0.15145631083465114,0.16058,0.14620454877812025,0.14412,0.12784982328790043,0.1307,0.12563,0.11969
19-01-2026 14:50,25623.15,0.1085,0.11035,0.10789,0.10536,0.10345,0.1041359101359808,0.1008,0.10025,0.10186,0.10386,0.10726,0.11208,0.11747,0.12387,0.22025,0.21127,0.1867785289435876,0.19481,0.16915091784526007,0.17899,0.16996,0.15719388374244941,0.15287,0.14462,0.1383,0.13097,0.12523,0.11761961257389326
19-01-2026 14:55,25624.2,0.10733,0.11261931760259035,0.10904572857969606,0.10127,0.09954,0.09874,0.09781,0.09807,0.10234642503947232,0.10401275352766073,0.10572,0.11066,0.1161,0.123,0.20155617718709926,0.21316,0.20647,0.19636,0.1889,0.17969,0.15984278992595927,0.16236,0.15414,0.14574,0.13925,0.1319,0.12646,0.11994
19-01-2026 15:00,25629.95,0.07571,0.08335,0.08974,0.09084,0.10333855119750289,0.09157,0.092,0.09314,0.10138558498443297,0.09833,0.10272,0.10621092181880905,0.1141,0.12154,0.22197,0.21378,0.2071,0.197,0.19015,0.16117641692491985,0.17272,0.16368,0.15576,0.14772,0.14142,0.1343,0.11858661777706543,0.12304
19-01-2026 15:05,25604.15,0.09258,0.09554,0.09658,0.09568,0.09561,0.1028165671217974,0.09489,0.09552,0.10381907768950385,0.10054,0.10469,0.11057,0.11936080325350734,0.12372,0.21802,0.20862084573427636,0.20222,0.19224,0.18469,0.17621,0.16796,0.1595,0.15167,0.14429,0.13815,0.13117,0.12627,0.1205
19-01-2026 15:10,25595.95,0.09948,0.10101,0.10084,0.09878,0.09738,0.09655,0.10207676457613299,0.09673,0.09952,0.10683390521118943,0.10649,0.11201,0.11776,0.12506,0.21773,0.20871,0.20256,0.1850551082021046,0.18448,0.1690649054721927,0.16875,0.16006,0.15216,0.14468,0.13511255840128486,0.13201,0.12721,0.12057
19-01-2026 15:15,25590.9,0.07844,0.12778807023967606,0.11744320355089308,0.09114,0.09153,0.09184,0.09221,0.09384,0.09699,0.10038,0.11081951487181045,0.11103,0.11673,0.12435,0.21822,0.20996,0.20319,0.19338,0.16768293981842092,0.17701,0.1570166047739744,0.14732157376770652,0.14490639233646646,0.136289683682155,0.1394,0.1332,0.12822,0.12252
19-01-2026 15:20,25561.25,0.1213371030059951,0.09787,0.09795,0.09701,0.09614,0.09589,0.1098170948103144,0.097,0.10062,0.10386,0.10847,0.11473,0.12446953003519455,0.13090111978731067,0.21484,0.20616,0.19979,0.18962,0.18234,0.17327,0.16539,0.14832288361539026,0.14912,0.1416,0.13589,0.12968,0.12511,0.11944
19-01-2026 15:25,25558.3,0.09554,0.09861,0.09696,0.09634,0.09561,0.09436,0.10396300362132681,0.09501,0.09899,0.10247,0.10776,0.11987978514121879,0.12024,0.12882,0.21267,0.20797,0.19916,0.18901,0.18177,0.16944691282573404,0.16067020770747736,0.1576,0.14997,0.13819399403430452,0.13666,0.13105,0.12566,0.12062
20-01-2026 09:15,25559.3,0.105677309897843,0.10782,0.10653,0.11226590943767918,0.10309,0.1019,0.1017,0.10278,0.10608,0.10934,0.11365912499760639,0.11783959998595125,0.1215432712790554,0.13346,0.21699,0.2019719689267951,0.19314515201561017,0.17915763527032003,0.18281,0.17515,0.15928569464180098,0.15866,0.14211665402002327,0.14448,0.13891,0.13211,0.12705,0.12128
20-01-2026 09:20,25552.55,0.11574452172117251,0.08687,0.11014911993670432,0.10887348773997815,0.09326,0.09455,0.10556441578054866,0.0986,0.10298,0.10721,0.11258,0.11994677663396311,0.1258,0.13053927849643296,0.21040361887185657,0.20639,0.19586325925580447,0.18967,0.18249,0.17475,0.16647,0.15859,0.15205,0.1377960892484056,0.14001,0.13427,0.12977,0.12469
20-01-2026 09:25,25506.85,0.10561,0.10672,0.11994278879836542,0.10338,0.10249,0.10253,0.10265,0.10513,0.10934,0.11327,0.11882,0.1255,0.13235,0.14021,0.2123,0.18023340825552367,0.19446,0.18606,0.17821,0.17054,0.16225,0.1547,0.14799,0.1406,0.13579,0.13023,0.11451081328193531,0.12043
20-01-2026 09:30,25488.8,0.11948,0.11639,0.11324,0.11045,0.10868,0.10942431072235548,0.10704,0.1092,0.11322,0.11306414203941326,0.1223,0.12036536439982157,0.1357,0.14346,0.21217,0.1887932096737172,0.19305,0.18456,0.17625,0.16882,0.15898559836262377,0.15211,0.14485,0.13766,0.12785276681595006,0.12653,0.12177,0.1169
20-01-2026 09:35,25481.8,0.11002352623089283,0.10612,0.10606,0.10502,0.10486,0.10399839446098248,0.10688500679361003,0.10807,0.11262,0.11688,0.12040271869585423,0.12934,0.13647,0.14437,0.21414,0.20424,0.195,0.18618,0.17789,0.16979,0.16114,0.15275250877776306,0.14609,0.13917,0.1344,0.12895,0.12492,0.12093
20-01-2026 09:40,25461.45,0.1239,0.12095,0.1183,0.115,0.11282,0.1114,0.11103,0.10874436689107615,0.11716,0.11684705311477374,0.1228067104976509,0.1328,0.1361522803599019,0.14751,0.21449423407296092,0.20484,0.19571,0.1866729906843938,0.17786,0.1694,0.16066,0.15234,0.14484,0.13754,0.13193,0.12643,0.11808178692817842,0.11715
20-01-2026 09:45,25463.25,0.11886,0.11763,0.11452,0.10913575165771244,0.11093,0.11004,0.10994,0.11251,0.11668,0.12084,0.12269246669899282,0.12923099040922884,0.13976,0.14772,0.21617,0.2068,0.19749,0.18816,0.17992,0.17097,0.16206,0.15357,0.14623,0.13888,0.12815732988109874,0.12791,0.12344,0.11877
20-01-2026 09:50,25462.3,0.12099633718515998,0.10359,0.10437,0.1047,0.10478,0.10524,0.10628,0.10976,0.11486,0.11966,0.12551,0.13248,0.13991,0.14806,0.21566,0.20717,0.19781,0.18694186948155125,0.17986,0.17141,0.16265,0.15482,0.14771,0.14109,0.13045366532138092,0.13128,0.12741,0.11663276554309442
20-01-2026 09:55,25459.95,0.12017,0.11734,0.11509,0.11309,0.11168,0.11066,0.11082,0.11301,0.11729,0.12141,0.12645,0.13352,0.13992,0.1482,0.21354,0.20522760399148965,0.19488,0.18689799915097438,0.17719,0.16798,0.15917,0.15126,0.14375,0.13703,0.1318,0.12653,0.12163068557519459,0.1189
20-01-2026 10:00,25467.2,0.10874534801540409,0.11817,0.10644753853742499,0.11298,0.11161,0.10389360786814049,0.11064,0.11255,0.11189132348010399,0.12051,0.12206749644029176,0.13244,0.13902,0.14695,0.21533,0.20460977662859797,0.19651,0.1877,0.1793,0.17022,0.1615,0.15279,0.14316080768107328,0.1359527062585309,0.13245,0.12718,0.12286,0.11927
20-01-2026 10:05,25465.6,0.12575,0.12217,0.11847,0.1155,0.11323,0.11169,0.11138,0.11299,0.11669,0.11682970766859178,0.12209231428592676,0.13143,0.13808,0.14296271881213773,0.21274,0.20373,0.19436,0.1854,0.17664,0.16787,0.15919,0.15038,0.14302,0.13565,0.1304,0.1248,0.1205,0.11612
20-01-2026 10:10,25484.8,0.1074,0.10682,0.10632,0.10583,0.10569,0.10526,0.10616,0.10868,0.11282,0.11673,0.12245,0.12917,0.13582,0.13301566318372796,0.21481,0.20536,0.19732,0.1883,0.18013,0.17126,0.16273,0.15463,0.14738,0.14062,0.13526,0.12427886271341286,0.12609,0.11601867213173092
20-01-2026 10:15,25468.6,0.12772,0.12327,0.11949,0.11605,0.11314,0.11173,0.10902770521199946,0.11295,0.11646,0.11995,0.12512,0.1299684715596129,0.13793,0.1461,0.21212,0.20321,0.19635302405592053,0.18619,0.17738,0.16858,0.16035,0.15144,0.14432,0.13723,0.1311,0.12532,0.12078,0.11595
20-01-2026 10:20,25485.6,0.11154,0.10884,0.10774,0.10619,0.10572,0.11141090106093555,0.10573,0.10814,0.11145324980306817,0.11595,0.12138,0.12801,0.13389,0.1418,0.21395,0.20507,0.19666,0.16976495746307158,0.17934,0.1703,0.16192,0.15335,0.14566,0.13856,0.13311,0.1275,0.12343,0.11945
20-01-2026 10:25,25487.25,0.10661,0.10795,0.10761,0.10587,0.10469,0.10423,0.10766414516708968,0.10713,0.11101,0.1149,0.11494875649729885,0.12653,0.1219458402987783,0.14058,0.18754565908605272,0.20576,0.19731,0.18871,0.17989,0.1711,0.16216,0.15401,0.14591,0.1364544153541802,0.13349,0.12787,0.11685727170896644,0.11984
20-01-2026 10:30,25478.75,0.11189,0.11147,0.10921,0.10756413688374174,0.10666,0.1061793295736484,0.10726339199409683,0.10901,0.11309,0.11659,0.12183,0.12783,0.13375,0.14165,0.21488,0.2008692085510904,0.1928669120363116,0.18781,0.17961,0.16727877002623862,0.16191,0.15362,0.14269828670520718,0.13855,0.13287,0.12723,0.12353,0.1192
20-01-2026 10:35,25473.7,0.11979933584123317,0.12579,0.11418411328505637,0.1168,0.11332,0.11134,0.11109,0.10900213385311898,0.11489,0.11793,0.12257,0.12839,0.13405,0.14165,0.21389,0.20442,0.19551,0.18693,0.17812,0.16518614880978325,0.16038,0.152,0.14354,0.13397741761687443,0.13003,0.12406,0.11976,0.11477
20-01-2026 10:40,25492.55,0.10672,0.1075,0.10644,0.10503,0.10373,0.10351,0.10944646109868301,0.10662,0.11071733897289744,0.11392,0.11913,0.12533,0.13116,0.13874,0.21694,0.20647,0.17772720985080034,0.18906,0.18062,0.15477107162775772,0.16265,0.1537,0.14615,0.13932,0.1333,0.12777,0.12399,0.11969
20-01-2026 10:45,25480.45,0.11358,0.11198,0.11056,0.10835,0.10654,0.10603,0.10659,0.10888926513283081,0.11211,0.1154,0.1205731198573217,0.12682,0.13350951018313117,0.1398,0.21571,0.2057,0.19716,0.18776,0.17897,0.16961,0.161,0.15226,0.14411,0.13716,0.13185,0.12546751208411186,0.12186,0.11749
20-01-2026 10:50,25478.05,0.10456,0.11441223670447638,0.1052,0.10423,0.10371,0.10367,0.1047,0.10718,0.11123,0.11475,0.11998318554979664,0.12687,0.13248,0.14035,0.20645299157131206,0.20685,0.19856,0.18133031555464682,0.18033,0.17134,0.16222,0.15388,0.14507,0.13858,0.133,0.1275,0.12352,0.11934
20-01-2026 10:55,25465.4,0.11001,0.11867904220199219,0.11532193755388745,0.10717,0.10613,0.10588,0.10683,0.11276131456162347,0.11304,0.11638,0.12194,0.12796,0.13774062960244,0.14169,0.21569,0.20598,0.19799,0.18832,0.17712922488796298,0.17018,0.16098,0.15086865575568037,0.14322792471010634,0.13592784664091007,0.13020476929519265,0.12627,0.12217,0.11789
20-01-2026 11:00,25459.55,0.10868,0.11542993798681746,0.10691,0.10551,0.10506,0.10499,0.10609,0.10852,0.11267,0.1165,0.12191,0.1283,0.13487,0.14197,0.21364070555140113,0.2054,0.1954105055948686,0.18736,0.17861,0.16953,0.15934977471001113,0.15227,0.14379,0.13738,0.1317,0.12624,0.12208,0.11829
20-01-2026 11:05,25453.55,0.11082,0.10903,0.10741208368405014,0.10579111416208813,0.10513,0.10492,0.10752224928634885,0.10871,0.11321,0.11702,0.12277,0.12989747076170446,0.13604,0.14342,0.2126539027023034,0.20524,0.19601,0.18708,0.17858,0.16914,0.15856003591392095,0.15083277217281016,0.14305,0.1366,0.13097,0.12559,0.12122,0.11696
20-01-2026 11:10,25452.35,0.10873440029837533,0.11093,0.1091,0.10713,0.10478944017310977,0.10565,0.10673,0.10914,0.11382,0.11773,0.12347,0.13009,0.1366,0.14428,0.21249,0.20293,0.19392,0.18522,0.17663,0.1674,0.15857,0.15042774503028164,0.14242,0.13592,0.13029,0.12485154785071523,0.1209,0.1166
20-01-2026 11:15,25445.65,0.12009,0.10700057414412371,0.11068,0.10879,0.10702687525563236,0.10679,0.10767,0.11018,0.11439,0.11865,0.12418,0.13069,0.13729,0.1449,0.2119881886921799,0.20226,0.19364,0.18416,0.17559,0.1673178230673641,0.15732,0.14903,0.14108,0.13415290840741234,0.12892,0.12356,0.11863803767973341,0.11507
20-01-2026 11:20,25449.95,0.11642,0.11418,0.11154,0.10934,0.10777,0.1009479689989642,0.10791,0.11005,0.11411,0.11805,0.123333000516554,0.13031,0.13678,0.14464,0.21234,0.20231,0.19334,0.18431,0.17548,0.16635,0.15739,0.15073039763591536,0.14115,0.13428,0.12837,0.12298,0.11879,0.11461
20-01-2026 11:25,25447.1,0.11234887953359028,0.10709277408337087,0.11703,0.1135,0.11081,0.10459391599222109,0.10955,0.11127,0.11507,0.11783513006054196,0.12429,0.13025,0.13698,0.14503,0.21107,0.20205,0.19414470949709015,0.18367,0.17454,0.1673018506291028,0.15634,0.14866,0.14012,0.13309,0.12699,0.12349461159557872,0.11676,0.11183
20-01-2026 11:30,25458.7,0.11605860165422992,0.11182,0.10942,0.1076,0.10639,0.10741508513288217,0.10803090212317673,0.10885,0.11468110608733222,0.1172,0.12297,0.12923,0.13594,0.14388,0.21286,0.20530425912352807,0.1952,0.18574,0.1779506835499883,0.16773,0.15875,0.15054,0.14234,0.13524,0.12935,0.12635391070898278,0.11971,0.11532
20-01-2026 11:35,25466.4,0.11355,0.11138,0.10887,0.10647,0.1051,0.10478,0.10551,0.11257073999101812,0.11214,0.11609,0.12192,0.1302507467827006,0.1352,0.14510563949143349,0.21428540234161883,0.20421,0.19568,0.18664,0.17681,0.1678,0.15921,0.15068,0.1423,0.13516,0.12912,0.12373,0.11943,0.11498
20-01-2026 11:40,25461.5,0.12097,0.11951953276857097,0.112,0.10852,0.10679,0.10562,0.1063,0.1084,0.11251,0.11636,0.12252,0.12877,0.13566,0.14361,0.2145633454214176,0.20279,0.1958458441842703,0.18669582354658876,0.17596,0.16727,0.1579,0.14947,0.14098,0.1376893661357753,0.13176958331984215,0.12192,0.11721,0.11715612539460694
20-01-2026 11:45,25463.2,0.12048,0.11557,0.11228,0.10909,0.1106011484640402,0.10589,0.10971526444196028,0.11227916889405581,0.11649329469841556,0.11682,0.12256,0.12889,0.13567,0.14366,0.21245,0.20660785848520039,0.19501,0.18563,0.17653,0.16721,0.15814,0.1534371054098362,0.14123,0.13391,0.12791,0.12175,0.11723,0.11238
20-01-2026 11:50,25474.5,0.11774,0.11478,0.11608387648570034,0.10766,0.10586,0.11131782476254057,0.10512,0.10724,0.11143,0.11565,0.12162,0.12558445176664182,0.1352,0.14297,0.21369,0.20379,0.19501,0.18616,0.1737156738056107,0.16797,0.159,0.15025,0.14111534564145775,0.13339886882677637,0.12763,0.12330708656744027,0.11707,0.11218
20-01-2026 11:55,25481.0,0.10771,0.103,0.10276,0.10132,0.10055,0.10028,0.10694255286156515,0.10870665636507877,0.10935,0.11412,0.12074,0.1275,0.13459,0.14305,0.2129277445888989,0.20339487042449123,0.19488818873553165,0.18576889990644518,0.17896,0.16935,0.16058,0.15217,0.14355,0.13664,0.13013,0.12432,0.12024,0.11575
20-01-2026 12:00,25467.5,0.09915,0.09916,0.09962,0.09945,0.09935,0.09996,0.1094402547241827,0.11256451682345363,0.10965,0.11489,0.12143,0.12857,0.13616,0.14475,0.21455868497630376,0.20503,0.19685,0.18735,0.1778,0.1687,0.16071069380826022,0.15162,0.14332576865569968,0.13612829988087627,0.13011,0.1244,0.12066,0.11678
20-01-2026 12:05,25450.2,0.09507,0.09683,0.09809,0.09795,0.09876,0.09977,0.10785123947417986,0.1057,0.1111,0.11635,0.12323,0.13027,0.13801,0.14649,0.21282,0.20368,0.1954,0.18582,0.17652,0.16785,0.1592,0.15096,0.14268,0.13450634406917703,0.12987,0.12331354810577419,0.1211,0.11695
20-01-2026 12:10,25433.1,0.1132,0.11044,0.10853,0.10653,0.10577,0.10538,0.1068,0.10975,0.1145,0.11952,0.12627,0.13302,0.14059,0.14884,0.213,0.20233,0.19356,0.1843,0.19106415019575285,0.16616,0.15694,0.1530148761035687,0.15342790639487575,0.13828976510906066,0.13132698634730933,0.1236729387804648,0.11718,0.11337
20-01-2026 12:15,25439.15,0.10619,0.10565,0.10622973882686171,0.10336,0.10326,0.10351,0.10532,0.10852,0.11348,0.11845,0.12495,0.13179,0.13936039792723307,0.14682,0.2137,0.20348,0.19506,0.18538,0.17628,0.1742824338895245,0.1577,0.14914824375143362,0.14148,0.13493,0.12875,0.1233,0.11763112976484484,0.11411934978735805
20-01-2026 12:20,25436.4,0.10857182323217399,0.10776553180366368,0.10402,0.10292,0.10264,0.10533805248856154,0.10609117461526206,0.10912574222136362,0.11297,0.11805,0.12472,0.13187,0.13929,0.14763,0.21345,0.2027092208175829,0.20367940452746788,0.18491780931790713,0.17538,0.16608,0.15717,0.14894,0.14065,0.13405,0.12774,0.12213,0.1182,0.11411
20-01-2026 12:25,25423.6,0.1208,0.11588,0.11273,0.1099,0.10793,0.10478559668420907,0.10829,0.11071,0.11482313577897914,0.12048,0.12691,0.13422,0.14152,0.14968,0.21162083118584715,0.20144,0.19343,0.18337,0.17426,0.16461,0.15543,0.14757,0.13902,0.13232,0.12569,0.11981,0.1178736770523642,0.11409855407521818
20-01-2026 12:30,25431.55,0.10947,0.10847869822662126,0.10553,0.10408,0.10356,0.10387,0.10576,0.1087,0.11885057510215027,0.11914,0.12623,0.13368,0.14167,0.15026,0.2402904293503235,0.20233789201890479,0.19397,0.1843,0.17522,0.16558,0.1569,0.1486,0.14075,0.13438,0.12794,0.1227942452287285,0.11718302144411509,0.12594044621027223
20-01-2026 12:35,25423.05,0.11220469334575164,0.11162,0.10934,0.10644265939550797,0.10628,0.10497340547604896,0.10726998638468735,0.11054,0.11542,0.12063,0.12669484001909415,0.1339995819061126,0.1426,0.15113,0.21167579652788296,0.20148,0.19346,0.18374,0.17481839332225005,0.1649,0.15614,0.14836,0.14033,0.13389,0.12714,0.12128,0.11786137750455887,0.11297
20-01-2026 12:40,25423.5,0.10643,0.10618,0.1114956023881186,0.10452,0.10418,0.1047,0.10697,0.11016,0.11521,0.12012791886357208,0.12754,0.13497,0.14277,0.15133,0.21164314983235477,0.20113,0.1936448492948172,0.18383,0.17468,0.165214449141653,0.15647,0.14846,0.1398482353040106,0.1331770022419259,0.12806,0.12269,0.11854,0.11481
20-01-2026 12:45,25416.4,0.11852,0.11428,0.11149,0.10896,0.10773,0.10729,0.10892,0.11188,0.1167,0.12145,0.12829,0.13531,0.14295,0.1516,0.26045666364994696,0.19996,0.19164,0.18237,0.17329,0.21372490498994784,0.20375208198807077,0.14701,0.13937,0.13277,0.12663,0.12093,0.11667,0.13351203398511627
20-01-2026 12:50,25426.5,0.11311,0.11122,0.10906,0.10681,0.10516599840556395,0.10587,0.10744,0.11062,0.11483342930889659,0.11979,0.1262438731887831,0.13337,0.14056,0.14862,0.21124,0.202,0.1928,0.18391,0.17511302314721555,0.16542,0.15643,0.14851,0.14039,0.13381,0.12721,0.12141,0.1171,0.11314
20-01-2026 12:55,25428.95,0.1147,0.11217,0.10676934819362394,0.10689,0.10592,0.10607,0.10751,0.11028,0.11486,0.11946,0.1261,0.13324,0.14029,0.14881,0.21106,0.20141,0.19312,0.18387,0.17481,0.1652,0.15629,0.14784,0.13991,0.13364,0.12696,0.12199012548324133,0.11649,0.11241
20-01-2026 13:00,25428.55,0.11009,0.10856,0.1069,0.10542,0.1045,0.10516,0.10719295721846368,0.11006056439109152,0.11462,0.11955,0.12619,0.13349,0.14178281728342207,0.14912,0.21205,0.20169752269758895,0.1943,0.18527,0.18222421628418234,0.16656,0.15769,0.14962,0.14138,0.13494,0.12799,0.12204,0.11751,0.11598969471957343
20-01-2026 13:05,25423.7,0.11124,0.11220547145583301,0.11154870693376796,0.10539,0.10648907630118716,0.1048,0.10666,0.1096,0.11432,0.11944,0.12623,0.13368,0.14102,0.15014015124271815,0.21158,0.20228,0.19419,0.18511,0.17453552896474314,0.16629,0.15714,0.14924,0.14094,0.13456,0.12772,0.12092809196068009,0.11728,0.11361
20-01-2026 13:10,25424.7,0.1078,0.10677,0.10565,0.10431,0.10396,0.1043,0.10644,0.10939,0.11488943009631908,0.11943,0.12599,0.13342,0.14167147826863538,0.14945,0.21222,0.20243,0.1935834179130195,0.18492,0.17599,0.16618,0.15632871359838674,0.14959,0.14143,0.13370155623454197,0.12811,0.12231,0.1175566444751714,0.11415
20-01-2026 13:15,25413.05,0.11547606330015113,0.11396,0.11111,0.10903,0.1073,0.10742,0.10895,0.11184,0.12379488338653237,0.12138,0.13345054021946498,0.13515,0.14205,0.15068,0.2115,0.2358417912860467,0.19348,0.18399,0.17438,0.16511,0.15615,0.14777,0.16858427003539628,0.13339,0.12652,0.15115388199552243,0.1359309349055981,0.11188
20-01-2026 13:20,25432.95,0.10549,0.10521,0.10463,0.10332,0.10306,0.10550542333607335,0.10583,0.10895,0.11362,0.12008696788251978,0.12690610330648747,0.13176,0.13839,0.14622,0.21272,0.20298,0.19458,0.18595,0.19131922572957502,0.16723,0.15861,0.15051,0.15358488423111957,0.13619,0.12938,0.12385,0.11719983633528712,0.11571
20-01-2026 13:25,25422.0,0.11166,0.11031,0.10826,0.10659,0.10591,0.10591,0.10720782810787044,0.11048,0.11505,0.11937,0.12564,0.13239,0.13918,0.14686,0.22242188729393988,0.20228,0.1938,0.1840676934376183,0.17549,0.16598,0.15731,0.14858,0.14068,0.13354926744969658,0.12769,0.12213,0.12229615023395102,0.1139
20-01-2026 13:30,25415.05,0.10348,0.10326,0.10286,0.10234,0.10244,0.10378,0.10643,0.10968,0.1265192992668676,0.11975,0.12607,0.13332,0.14008,0.14774,0.21187,0.20201,0.19422,0.1832490399363914,0.17533,0.16572,0.15696,0.14927,0.14108,0.17091794121517379,0.12852,0.1540303929906181,0.11927,0.11595
20-01-2026 13:35,25392.3,0.10629,0.10578,0.10436,0.10439,0.10435,0.10572,0.11840515433932113,0.11231,0.11748,0.12272,0.12934,0.13666,0.14399,0.15221,0.21263,0.20288,0.19494,0.18565,0.1764,0.1668,0.15868,0.15101,0.14296,0.13658,0.13079,0.12511,0.12114,0.12699554662313495
20-01-2026 13:40,25365.4,0.1195,0.11614,0.11303,0.11111,0.10982,0.11059,0.11295,0.11636,0.12121,0.1265,0.13288,0.14036,0.14718,0.15527,0.21121219852830253,0.20149,0.19393,0.18288,0.17352,0.16381,0.15514,0.14686,0.15005205190106352,0.13282,0.1262,0.12081,0.12142309801449462,0.11217
20-01-2026 13:45,25372.15,0.11362,0.11193,0.10892,0.10755,0.10657,0.10757,0.11044,0.11415,0.11937,0.12474,0.13185,0.13917,0.14658,0.15474,0.21139,0.20267,0.20080250048569215,0.18461,0.17568,0.16583,0.16356630670968914,0.14928,0.1483173949427493,0.13548,0.12896,0.12333,0.1187,0.11453
20-01-2026 13:50,25364.1,0.12310194259095328,0.11542,0.11315874910935156,0.11015,0.10898,0.10929,0.11172,0.1156,0.12262399575896199,0.12784071672296968,0.13298,0.14043,0.14763,0.15575,0.21097,0.20219,0.2011156002978916,0.1924564916055352,0.17532236216785338,0.16541810063208792,0.15701,0.14858183428306426,0.14016,0.13401,0.12738,0.12171,0.11726,0.11303
20-01-2026 13:55,25368.4,0.12357325708305932,0.11596,0.11244530275294184,0.11014,0.109262498575545,0.10947,0.11184,0.11536,0.12047,0.12582,0.13258,0.13973,0.14713,0.15527,0.21065,0.20234,0.19506,0.18455,0.17557,0.16568,0.16566728075409334,0.14869,0.14079,0.13478,0.12791,0.1224,0.11736,0.11303
20-01-2026 14:00,25369.7,0.12003549608986958,0.11201,0.10893,0.10744,0.10673,0.10818,0.11086,0.11473,0.12021,0.1271138493943082,0.13214,0.1396,0.1468,0.15515,0.21334,0.20365,0.1959,0.19116689782507512,0.17582704797745172,0.16678,0.15798,0.14922,0.14073,0.13489,0.1281987345197912,0.12547730736893367,0.12055394228137503,0.11486353067122096
20-01-2026 14:05,25359.55,0.12097336468196439,0.11154,0.10917,0.10798,0.10734,0.10897,0.11175,0.11592,0.12161,0.1275862672925042,0.13384,0.1413,0.14810252323318843,0.15808,0.2111132213046233,0.20364,0.19509,0.18532,0.17684,0.16732,0.1586,0.14999,0.14228,0.13639,0.12966,0.12411,0.11977,0.11533202591395177
20-01-2026 14:10,25355.15,0.1183,0.11485,0.11245,0.11151174639506524,0.11,0.10821547134715166,0.11373,0.11751,0.12316,0.1271415142896459,0.13335870399383598,0.1405886704151293,0.15054,0.15889,0.21223,0.20319,0.19546767185007013,0.18513,0.17727821658999174,0.16724,0.15862,0.1515298731953255,0.14221,0.13597,0.12932,0.125043846255017,0.1209238685752218,0.11436
20-01-2026 14:15,25366.45,0.1304621501782628,0.11021,0.11741802239658833,0.10745,0.10704,0.10866,0.11137,0.11521,0.1257204837733064,0.12634,0.13298,0.14005491287048571,0.14814,0.1604900323162163,0.2117265021925239,0.20194,0.19271,0.20902739550683488,0.17576,0.16672,0.15844,0.14803914509333738,0.16040200315355002,0.13675,0.13014,0.13127580327363997,0.12065,0.11665
20-01-2026 14:20,25356.3,0.12201,0.11807,0.10818922373992595,0.11293,0.11176,0.10828644654925375,0.1147,0.11805,0.12277,0.12807,0.13424,0.14166,0.14925,0.15571423031146686,0.21,0.20085,0.1926,0.18335,0.17458,0.16573,0.15718,0.14903,0.14153,0.13538,0.12847,0.12274,0.11845,0.11392
20-01-2026 14:25,25378.65,0.12105,0.117,0.1112133156798119,0.11102,0.10963,0.11063,0.11258,0.11586897009436996,0.121,0.12604,0.13239,0.13931,0.14648,0.15474,0.21293,0.2034,0.19521,0.2034661607972151,0.17705,0.1674,0.15813,0.14975,0.1642061752467417,0.13547,0.12861,0.12265,0.11805,0.11323
20-01-2026 14:30,25385.8,0.11073,0.10874,0.12266896234288406,0.10460976097702651,0.10555,0.10716,0.12000433338670592,0.11346,0.12937044577395115,0.12355,0.13016,0.13685,0.15729952074432024,0.16487426890763365,0.21419,0.20425,0.23990673023065406,0.18659,0.17846,0.169,0.16006,0.15221,0.17512290663646782,0.13853,0.1319,0.12654,0.12214,0.11784
20-01-2026 14:35,25374.45,0.10874,0.10747,0.10589,0.10523,0.10855726285815798,0.10647,0.10924,0.11288,0.1209940811087855,0.1233,0.12981,0.13946709811526833,0.14366,0.1516,0.21543,0.20562,0.19772,0.18902,0.17987,0.1709,0.16238,0.15404,0.15581286458805912,0.14024,0.12855372093484355,0.12795,0.12368,0.11927
20-01-2026 14:40,25356.7,0.12108991832951378,0.10881,0.10683,0.1120539717291906,0.10637,0.1082,0.11121,0.11492,0.12054,0.12572,0.13238,0.1394,0.14656,0.15455,0.21087619574055935,0.20743,0.19928,0.18959,0.18121,0.17213,0.16356,0.1549,0.1474,0.14077,0.13453,0.12876,0.12406,0.11977
20-01-2026 14:45,25345.55,0.11529,0.11294,0.11041,0.10510300323818611,0.10864,0.10987,0.11265,0.11615,0.12108846455765089,0.12605993052913883,0.13376,0.14068,0.14752,0.15514,0.21677,0.20717,0.19801,0.1883,0.17987,0.16997,0.16096,0.15256,0.1447927709367376,0.13852,0.13195,0.12642,0.12178,0.11732
20-01-2026 14:50,25348.5,0.10425,0.10393,0.10305,0.10626287728283657,0.10348,0.10534,0.10893,0.11646519974225046,0.11893,0.12412,0.1315,0.13842,0.14581,0.1543,0.21856,0.20883,0.19912587086484507,0.18946,0.178879178176712,0.17097,0.16189,0.153,0.14558,0.1391,0.13254,0.12607557055789687,0.12282,0.11706939657164928
20-01-2026 14:55,25335.5,0.09571,0.09742,0.09848,0.09992,0.101,0.10445,0.10817,0.1129,0.127093862396389,0.12474,0.13244,0.13951,0.14673,0.15479,0.21849,0.23339873373719205,0.2215496787745245,0.210881649514494,0.18023,0.16993,0.16071,0.15238,0.14526,0.13876,0.13306,0.12801,0.12455,0.12171
20-01-2026 15:00,25288.25,0.1044,0.10407,0.10406,0.10487,0.11094678816627898,0.10966,0.1139,0.11894,0.1255,0.13879863095897874,0.1469009095683262,0.14653,0.16172252870551004,0.16265,0.2131,0.20251,0.19301,0.18224,0.17393,0.1639,0.15496,0.14722,0.14049,0.13464,0.1400633276510038,0.12433,0.12107,0.11819
20-01-2026 15:05,25289.95,0.12302972510858748,0.09853,0.09973,0.10149,0.10418,0.1078,0.11255,0.11733,0.12391,0.1397256506404958,0.1476849895981124,0.14491,0.15284,0.16084,0.21652,0.21808916659301644,0.19639,0.18535,0.17685,0.1773290771708767,0.15847,0.15071,0.14413,0.13867,0.1335,0.12859,0.11701774009624508,0.12319
20-01-2026 15:10,25245.35,0.09945,0.10949022246139993,0.11243628206308408,0.10516,0.1089,0.11311,0.11855,0.12950015380088983,0.13062,0.14496228658755025,0.1442,0.15119,0.15931,0.16759,0.21653,0.2042,0.19461,0.18401,0.17462,0.1790198632019122,0.1576,0.15086,0.14497,0.14046,0.13613,0.13301,0.13092,0.11477615599397885
20-01-2026 15:15,25238.75,0.10515,0.10596,0.10699,0.10871,0.11216,0.10627053153622427,0.12091,0.13568087863128397,0.13628834695573733,0.13918,0.1585912181721592,0.15373,0.16161,0.16897,0.22738,0.21506,0.21115493362467427,0.19277,0.18688052197475824,0.17182,0.16316,0.1497084373753154,0.14824,0.14265,0.12077598505808654,0.13321,0.10746628695136747,0.10233501931116776
20-01-2026 15:20,25191.85,0.12125,0.11886,0.11737,0.10728373859832897,0.11975,0.12228389997418904,0.12685,0.13185,0.13761,0.14411,0.15051,0.15709,0.18639757327514409,0.17198,0.2335848980909826,0.20918,0.20017,0.18901,0.18451133397523015,0.16855,0.15906,0.14710117247452287,0.14289,0.13612,0.13026,0.12498,0.12099,0.11734
20-01-2026 15:25,25185.2,0.12360122214110485,0.11949064104954389,0.1297,0.12673,0.12581,0.12786,0.12951,0.1317807678594599,0.13935,0.14396,0.1538417999775042,0.15751,0.16495,0.17189,0.22553012682051446,0.2088,0.19656,0.18717,0.17528,0.16647,0.15823,0.15255,0.14239,0.1339,0.12805,0.12057,0.11524,0.11045131718282171
21-01-2026 09:15,25171.75,0.13565004236358078,0.15294,0.12504374725345854,0.14119,0.13853,0.13825,0.1395,0.1401447582169245,0.14727,0.15271,0.1723752598906637,0.16575,0.17272,0.18004,0.22163,0.21205,0.20214,0.19239,0.18253,0.17277,0.16299,0.15324,0.14406,0.13532,0.12661,0.11838,0.11024,0.10135
21-01-2026 09:20,25204.0,0.14489,0.13684,0.13149,0.12897,0.12792,0.12825,0.13111,0.13522,0.14083,0.14681,0.15371,0.16135,0.16841,0.17651,0.22981,0.2245952087046157,0.20887,0.19878,0.18866,0.17292036543446027,0.16583609463957755,0.15893,0.14964,0.14123,0.13293,0.12507,0.11766,0.11031
21-01-2026 09:25,25249.5,0.11239,0.11206734294786651,0.10841,0.1092,0.11308918726406127,0.11359,0.11839193704864812,0.124,0.13056,0.1378,0.14569,0.15395,0.16214,0.16992,0.23932,0.22872,0.21026205915182442,0.20844,0.19844,0.17883275533204906,0.16789671778294302,0.16883,0.15985,0.15212,0.14385,0.13775,0.1322,0.11651580677570375
21-01-2026 09:30,25231.8,0.13669,0.11338587099397507,0.12412,0.12087,0.12038,0.120204382927582,0.12475,0.12956,0.13608,0.14246,0.15005,0.15783,0.16532,0.17285,0.23434564172030126,0.2214667905933894,0.20972386601042273,0.20422,0.19388,0.18338,0.1684472731825188,0.16297,0.15255,0.14322,0.13429,0.12583,0.11875,0.11057
21-01-2026 09:35,25229.95,0.11810552534382388,0.11258307385803887,0.10846,0.10857,0.11876278444487316,0.11357,0.11819,0.12409,0.1309,0.13852,0.1577996363760417,0.1555,0.16438,0.17241,0.2393,0.22142029814916211,0.21739,0.20703,0.19181515830447657,0.18647,0.1758,0.16575,0.15633,0.14788,0.13944,0.13261,0.12591,0.12057
21-01-2026 09:40,25195.85,0.12155703854468654,0.12386,0.12034,0.11914,0.11944,0.12178,0.12572,0.13411043894370114,0.13744,0.14442,0.15206,0.17289291829701056,0.1742370912062589,0.17625,0.23126,0.22039,0.20921,0.19894,0.18912,0.17868,0.16028484820169162,0.15788,0.14814,0.13936,0.13038,0.12255,0.11511,0.10959911766159368
21-01-2026 09:45,25195.8,0.12012470310362572,0.12241,0.11905,0.11758,0.11875312967157939,0.12115,0.12508,0.13066,0.1386199200332602,0.14369,0.15164,0.17301957514931227,0.16779,0.17631,0.22882023998333118,0.21955,0.20885,0.19647191256616545,0.18822,0.17803,0.16024328802082163,0.15791,0.14843,0.1399,0.1314,0.12326,0.11657,0.10994
21-01-2026 09:50,25185.15,0.12236,0.11795,0.1294691105175502,0.11528,0.12571508935234454,0.11966,0.13012481559452044,0.1304,0.13697,0.14439,0.15238,0.16083,0.16916,0.17729,0.22539,0.21541,0.20434,0.19499,0.18528,0.17565,0.16525,0.15601,0.1469,0.13448036668759097,0.13028,0.12112005976688037,0.11641,0.11009
21-01-2026 09:55,25177.9,0.11379,0.11152,0.11563379634604093,0.11141,0.11346,0.11718,0.12215,0.1284,0.1397942081586142,0.15298724413183745,0.15437014769643678,0.16066,0.16945,0.17741211550728633,0.22504,0.21521,0.20467,0.20148169679039582,0.19156175492154626,0.17627,0.1728663074227757,0.1575,0.14867,0.14081,0.1418145769504742,0.12667,0.12103,0.1157
21-01-2026 10:00,25151.55,0.12546,0.12104945216325474,0.1204470324507838,0.11892,0.11961,0.12284,0.12739,0.13308,0.13961,0.14673,0.15487,0.16346,0.17209,0.17604571944679354,0.22193,0.21176,0.21435790307799266,0.19167,0.18148,0.1718,0.16211,0.15239,0.14399,0.13558,0.12784,0.12142,0.12605498448456226,0.10876
21-01-2026 10:05,25168.3,0.1537741410029512,0.11538,0.11423,0.11445,0.1641137283114945,0.1846734726262388,0.12884582708759473,0.13075,0.13746,0.14494,0.15349,0.16138,0.16973,0.17714,0.22286,0.21264,0.20243,0.19279,0.18268,0.17313,0.16324,0.1546,0.1458,0.13816,0.13112,0.12476,0.11912,0.11439
21-01-2026 10:10,25142.55,0.12749,0.12315,0.12023,0.12039,0.12189,0.12482,0.17338954306589968,0.13563,0.14202,0.21397746282565894,0.15767,0.16529,0.17225,0.18029,0.21797,0.20761,0.27867127602475084,0.18776,0.17788,0.16848,0.2619285787310309,0.14989,0.14065,0.13289,0.12515,0.11804,0.11153,0.10527
21-01-2026 10:15,25145.8,0.12333,0.11947,0.1175,0.11879996571753404,0.11928,0.12282,0.12764,0.13377,0.1409,0.24937926751049413,0.15653,0.16493,0.1719,0.17995,0.22032,0.21,0.2076768972488284,0.18993,0.23661279505427144,0.17012,0.16051,0.16147453125362776,0.15331120451682903,0.13445,0.12696,0.1204,0.11402,0.1085
21-01-2026 10:20,25143.35,0.1079,0.10745,0.1083,0.11044,0.11423,0.2011982818911649,0.1254,0.13227,0.14021,0.14801,0.15664,0.16499,0.17225,0.18071,0.22032,0.21089,0.20145,0.19248,0.18309,0.17442,0.16525,0.15763,0.14974,0.14271,0.13565,0.13077,0.12584,0.12255
21-01-2026 10:25,25100.4,0.12159,0.11908,0.11899,0.1201,0.12283,0.5095355913670105,0.13228,0.13878,0.14571,0.15384,0.8444747087726616,0.17048,0.17831,0.18593,0.21872,0.2089,0.19884,0.18907,0.17952,0.6299785718290367,0.16056,0.15206,0.1438,0.13602,0.12931,0.12317,0.3371205959549464,0.11316
21-01-2026 10:30,25093.35,0.19466955713008408,0.12031,0.11937,0.12075,0.12372,0.1282,0.13354,0.30245628028651944,0.14693,0.15483,0.16325,0.29715784895902586,0.41388836383669786,0.18642,0.21712,0.2065,0.19696,0.18695,0.26172555426032795,0.1679,0.1584,0.14965,0.1415,0.17030264528373756,0.15894550295491916,0.12053,0.11435,0.10948
21-01-2026 10:35,25094.5,0.11848,0.1171,0.11731,0.12193381510111014,0.13081067013847475,0.12727,0.24471040302627384,0.1979284855725561,0.147,0.15472,0.16342,0.17133,0.17914,0.18757,0.2166,0.20606,0.19642,0.18667,0.17674,0.16751,0.2563315442901696,0.15015,0.14241,0.13525,0.12902,0.12337,0.11888,0.1784364223067383
21-01-2026 10:40,25076.8,0.16621016819265472,0.1126,0.17960870561215375,0.11919,0.12378,0.12957,0.13582,0.14283,0.14989,0.15783,0.16683,0.6302209262167655,0.18316,0.19098,0.21921,0.21009,0.20117,0.19196,0.2762742354590177,0.1754,0.16699,0.16,0.15276,0.14706,0.17913278648663136,0.13814,0.13602,0.13435
21-01-2026 10:45,25011.65,0.12991,0.12886,0.12996,0.13271,0.13656,0.36685954658600756,0.1476,0.15431,0.16135,0.16871,0.17751,0.18442,0.7570604176277316,0.772899566707358,0.2134,0.20348,0.19441,0.18465,0.17497,0.1664,0.15781,0.14998,0.14243,0.2877332876111547,0.2618941490734525,0.1243,0.11945,0.11484
21-01-2026 10:50,25009.05,0.1201,0.12206,0.2887693727372947,0.1298,0.13479,0.37206445025663804,0.14727,0.595045308091275,0.16232,0.16956,0.17816,0.18631,0.8240525395717704,0.20172,0.22256,0.21319,0.20412,0.5436704106854546,0.18603,0.4738970490522656,0.4245072987027982,0.3773568644800276,0.15621,0.1511,0.1474,0.14463,0.14192,0.14173
21-01-2026 10:55,24957.3,0.14328,0.3464931126475309,0.14171,0.14384,0.14722,0.1518,0.157,0.4930632552353033,0.16965,0.17684,0.7034860454391895,0.19209,0.19924,0.20689,0.22052,0.523147896436783,0.20088,0.19093,0.18127,0.4205265917823187,0.16314,0.1544,0.14602,0.13843,0.3014053389478657,0.1235,0.2695166206724015,0.20048591128239418
21-01-2026 11:00,24996.3,0.1347,0.23632624066164679,0.13532,0.13812,0.14231,0.14755,0.15363,0.16007,0.16697,0.17401,0.18197,0.18865,0.19583,0.20379,0.22455,0.21423,0.6133256619117747,0.19389,0.18403,0.4814815676999111,0.16654,0.15824,0.32208069733006933,0.14372,0.3008126818180443,0.13204,0.12724,0.3003580664608432
21-01-2026 11:05,24985.75,0.2912406526862173,0.13763,0.13894,0.14137,0.1458,0.15085,0.1568,0.16288,0.16942,0.17636,0.18417,0.19065,0.19721,0.20514,0.2196,0.20915,0.6656856586760119,0.5575409312628509,0.17801,0.16867,0.4216962562956815,0.15128,0.14394,0.13636,0.12993,0.12302,0.28056456896756937,0.11277
21-01-2026 11:10,25017.2,0.36722315572797615,0.36799593843959805,0.14029,0.41511195400759743,0.14317,0.14704,0.15151,0.6184951411924178,0.16355,0.728550129694226,0.1778,0.18489,0.1916,0.19977,0.22119,0.21052,0.20085,0.19069,0.18073,0.17053,0.1613,0.15209,0.1432,0.13358,0.3045855626036648,0.11749,0.11042,0.10185
21-01-2026 11:15,25046.1,0.14397,0.14016,0.15322592088607703,0.13908,0.14103,0.14436,0.14881,0.15391,0.15965,0.16606,0.17377,0.18004,0.18735,0.1947,0.22158,0.21124,0.20104,0.19101,0.18117,0.2087530756959671,0.16191,0.15273,0.14403,0.13539,0.12731,0.12038,0.11276,0.1399844619696122
21-01-2026 11:20,25060.3,0.13169,0.12981,0.1297,0.13102,0.13391,0.13809,0.1462388735305953,0.14952,0.16854246294779865,0.1789807818938533,0.17068,0.17767,0.2088077010452577,0.22139032716764656,0.22501,0.20973303318276382,0.20584,0.19596,0.18562,0.17611,0.16717,0.1585,0.14967,0.14173,0.13515,0.12908,0.12283,0.11697
21-01-2026 11:25,25041.3,0.12924,0.12753,0.12769,0.12964,0.13366,0.13824,0.14359,0.14983,0.15679,0.16395,0.17192,0.1789,0.18698,0.19456,0.22775,0.21815,0.20868,0.19892,0.18899,0.17966,0.17054,0.1622,0.17152529478860556,0.14682,0.18387384427582884,0.13311,0.12778,0.123
21-01-2026 11:30,25041.05,0.13283,0.13058,0.19867674859915863,0.13195,0.13501,0.13941,0.21546298792571572,0.15084,0.24120730389008538,0.16494,0.1728,0.17992,0.18742,0.32100855291227737,0.22611,0.4034886178683092,0.2440276453496761,0.27025144358957204,0.18746,0.17814,0.21612793667619615,0.16022,0.15174,0.1437,0.13617,0.12995,0.12374,0.1176
21-01-2026 11:35,25049.35,0.13118,0.12936,0.12957,0.13118,0.13391,0.13844,0.14389,0.14995,0.15668,0.2250077042517347,0.17176,0.2386040457816282,0.18645,0.19453,0.22696,0.25298234088866084,0.20769,0.19761,0.18773,0.17863,0.16983,0.16134,0.18260029697200827,0.14528,0.13856,0.13231,0.12686,0.12162
21-01-2026 11:40,25042.9,0.15907352285844714,0.13186,0.13145,0.13247,0.13537,0.19763462196991158,0.14483,0.1505,0.15708,0.16411,0.17186,0.17917,0.18658,0.19412,0.22612,0.21626,0.20649,0.19653,0.18629,0.177,0.16772,0.15908,0.15079,0.14328,0.16662968284757443,0.12979,0.12372,0.14188058415808114
21-01-2026 11:45,25045.15,0.16826361439086834,0.13206,0.18823741925981918,0.13236,0.13523,0.13924,0.14427,0.1499,0.15644,0.16362,0.17162,0.1783,0.18635,0.1939,0.22687,0.21664,0.20673,0.19655,0.18659,0.17713,0.16783,0.15919,0.23839571769097848,0.14292,0.13557,0.12887,0.12235,0.1443335092683548
21-01-2026 11:50,25057.75,0.13374,0.13061,0.12978,0.1313,0.13417,0.13801,0.1433,0.14884,0.15563,0.16264,0.17054,0.17769,0.18521,0.19285,0.22699,0.217,0.19687330546675538,0.18374360782728413,0.18704,0.15749276406081567,0.16813,0.15925,0.15112,0.14337,0.13526,0.12839,0.12245,0.11627
21-01-2026 11:55,25064.55,0.13047,0.1286,0.12848,0.12994,0.13295,0.13718,0.14238,0.14817,0.15471,0.16176,0.1697,0.17657,0.18406,0.19166,0.22742,0.21717,0.29038975498231756,0.19738,0.18712,0.17786,0.16849,0.15966,0.12751254283941316,0.15804257643371752,0.13634,0.13551436833690034,0.12378,0.11829
21-01-2026 12:00,25081.9,0.14194,0.13712,0.13497,0.13424,0.4205007773972446,0.13853,0.14254,0.24217154872379534,0.15337,0.15944,0.16694,0.17378,0.18123,0.18878,0.225,0.21461,0.2048,0.3479679182531507,0.3217856893247578,0.17414,0.16427,0.15487,0.14552,0.36160705423128914,0.18692190707163472,0.1206,0.11306,0.10483
21-01-2026 12:05,25117.2,0.12873,0.12563,0.12408,0.3508332905626695,0.12718,0.13056,0.1351,0.14051,0.14695,0.15358,0.8093930181661477,0.16809,0.17581,0.18372,0.8718017010816831,0.21847,0.20894,0.7681440083089691,0.18906,0.17998,0.17017,0.16139,0.15266,0.14483,0.13702,0.13023,0.12375,0.11802
21-01-2026 12:10,25113.35,0.13919,0.13376,0.13116,0.13082,0.13145,0.13404,0.13797,0.5461186379792642,0.14912,0.15502,0.16263,0.16926,0.17671,0.8757509628902735,0.22408,0.21377,0.20384,0.8175682139365831,0.6396710455562695,0.17402,0.16463,0.15525,0.14665,0.13796,0.12963,0.12258,0.37572731017127453,0.10767
21-01-2026 12:15,25129.25,0.14212,0.13645,0.24495977509321035,0.13138,0.13217,0.28205612825117,0.13796,0.14234,0.1479,0.15374,0.16084,0.16697,0.17331,0.18063,0.5750749102474212,0.2158,0.20614,0.19586,0.450834327826571,0.17534,0.1656,0.15635,0.14722,0.13817,0.13001,0.12186,0.11408,0.10638
21-01-2026 12:20,25163.0,0.13704,0.13153,0.1546041931499608,0.12705,0.20242520550831747,0.30836730022550907,0.13361,0.13822,0.14354,0.14955,0.15667,0.2410724417143664,0.16958,0.17664,0.23038,0.22027,0.21058,0.20048,0.30201683540995383,0.18101,0.17114,0.162,0.15272,0.14432,0.13626,0.1279,0.22562412547796756,0.11349
21-01-2026 12:25,25166.9,0.11646,0.11482,0.11454,0.11565,0.11826,0.24894528560249823,0.12722,0.13303,0.13967,0.14655,0.15443,0.16135,0.16878,0.35766664387450914,0.23888,0.22894,0.3756384899222731,0.20945,0.19993,0.19064,0.18145,0.2154208883629981,0.15054925619363357,0.2270471875043071,0.14943,0.14255,0.13679,0.132
21-01-2026 12:30,25153.65,0.14411,0.11572130073197248,0.13294,0.13066,0.13051,0.13202,0.12493528866768418,0.13924,0.14482,0.1501,0.15725,0.16402,0.17046,0.17743,0.23409,0.22385,0.21446,0.19597417009941448,0.1863933747711412,0.18477,0.17467,0.16519,0.15566,0.14664,0.13804,0.12914,0.12071,0.11267
21-01-2026 12:35,25191.3,0.1472,0.14047,0.13539,0.13212,0.1080575722396316,0.13255,0.13494,0.13883,0.14335,0.14828,0.15471,0.16102,0.18854508876234619,0.17383,0.2341,0.2241,0.20724186379018206,0.1956257981043391,0.19469,0.18542,0.17552,0.16609,0.15689,0.14758,0.13896,0.13075,0.12259,0.11461
21-01-2026 12:40,25225.6,0.1252699546512944,0.1311,0.11496034230953525,0.12561,0.12506,0.1262,0.12875,0.13085492494657255,0.13711,0.14219,0.14804,0.15492,0.16058,0.16847,0.24091,0.23056,0.22149,0.21174,0.20221,0.19333,0.18365,0.1734659321577702,0.16626,0.1591761451566492,0.13850027412443117,0.14166,0.13429,0.1274
21-01-2026 12:45,25260.15,0.14866,0.11138220088369896,0.13502,0.13106,0.12889,0.12878,0.1176731782091101,0.13345,0.13754,0.14228,0.1532688670298768,0.15331,0.15916,0.16562,0.24194309614324577,0.23445,0.22483,0.21557,0.20544,0.19649,0.17031600885453066,0.17763,0.16816,0.15944,0.15062,0.14206,0.13387,0.12606
21-01-2026 12:50,25266.0,0.13933659749358906,0.14299,0.13659,0.10763778366121671,0.11568036584860418,0.12986,0.13099,0.13379,0.1377,0.1423,0.14736,0.15339,0.15914,0.16617,0.24067406008515227,0.23813,0.22897,0.2061450112923917,0.2098,0.20057,0.19091,0.182,0.17238,0.16351,0.15473,0.14632,0.13756,0.12958
21-01-2026 12:55,25281.8,0.13917,0.11774759912917111,0.10624371380364338,0.12593,0.10374077845164945,0.10628626923858082,0.11151925703433288,0.11961085634321363,0.13403,0.13891,0.14462,0.15084,0.15753,0.17909984927252026,0.25027,0.24056,0.23144,0.22236,0.2125,0.20318,0.19394,0.18479,0.17522,0.16673,0.15789,0.14926,0.14108,0.13375
21-01-2026 13:00,25281.3,0.13807,0.13319,0.12776,0.12551,0.12366,0.12413,0.12643,0.12955,0.13415,0.13904853657050076,0.14535,0.15225,0.1586,0.16594,0.25099,0.2412,0.23143,0.22218,0.21278,0.20316,0.19335,0.18437,0.15527905987400528,0.144613994572717,0.15764,0.14886,0.14094,0.13318
21-01-2026 13:05,25288.85,0.12164,0.11875,0.11667,0.11569,0.11150577071628014,0.11798,0.1212,0.12532,0.13069,0.13647,0.14268,0.15515171999260144,0.16261033112885317,0.16431,0.23100052309918195,0.2162306639900134,0.23312,0.19824323509224437,0.21469,0.20515,0.19551,0.18666,0.17799,0.1693,0.16109,0.15329,0.14588,0.13943
21-01-2026 13:10,25221.5,0.14555,0.13388,0.13292,0.12941,0.12723,0.12818,0.12996858450490636,0.13326,0.13677,0.14244,0.16146078540353798,0.15601,0.16247,0.17012,0.24334,0.23292,0.22424,0.21525,0.20452,0.19612,0.18546,0.17645,0.16852,0.15804,0.14967,0.14177,0.13249,0.12413
21-01-2026 13:15,25225.05,0.1338,0.12896,0.12215145871368371,0.12326,0.1228,0.12402,0.12935618521149073,0.13065,0.13568,0.14121,0.14793,0.15501,0.16172,0.16931,0.24435,0.23512,0.22589,0.21678,0.20749,0.19819,0.17607258911009396,0.18004,0.1711,0.1628,0.15452,0.14636,0.13888,0.13236
21-01-2026 13:20,25225.7,0.12872,0.12486,0.1130322244294784,0.12081,0.12085,0.12246,0.12556,0.12964,0.13486,0.14077,0.15253872817267516,0.15468,0.16132,0.16885,0.23919723964042816,0.22916673522135905,0.22782,0.21895,0.20902,0.19978,0.19047,0.18129,0.16217071944534378,0.16424,0.13745041090282317,0.14833,0.14156,0.13545
21-01-2026 13:25,25205.25,0.11406272459506278,0.1299,0.12663,0.12487,0.12494,0.11386481279042533,0.1291,0.13326,0.14319009057379523,0.14405,0.15016,0.1748472846835447,0.16463,0.17223,0.24316,0.2337,0.22373,0.21445,0.18406146304970927,0.17117262378088263,0.18538,0.17635,0.16764,0.15913,0.1512,0.10783365204004926,0.10088467912004068,0.1304
21-01-2026 13:30,25215.7,0.11959259742489663,0.11769100632684215,0.11384,0.11439,0.11611,0.11898,0.1301584755463371,0.12793,0.13384,0.14041,0.16155264170737735,0.17062989936610956,0.16265,0.17059,0.24707,0.23815,0.2075106655281836,0.21911,0.20948,0.20028,0.16338801799719826,0.18238,0.17411,0.16604,0.15871,0.15219,0.14655,0.14146
21-01-2026 13:35,25182.35,0.14827,0.13934,0.13698,0.1338,0.13289,0.13224,0.1312860832465481,0.1378,0.1423,0.14773,0.15379,0.1655012885646609,0.16719,0.17421,0.23129304486396152,0.22763,0.2068452997114895,0.20869,0.1986,0.18997,0.18004,0.17157,0.16251,0.14239233049709385,0.1347808934074569,0.13646,0.12972,0.12058
21-01-2026 13:40,25193.1,0.13324,0.11734532634982421,0.1257,0.12472,0.12518,0.12695,0.12483060080000509,0.13381,0.13901,0.14486,0.16095481925269714,0.1581,0.16516,0.17297,0.24104,0.23161,0.22252,0.21314,0.20345,0.19387,0.18456,0.17598,0.144850110392352,0.15902,0.11601314636007737,0.14393,0.13706,0.13075
21-01-2026 13:45,25192.95,0.13211,0.12832,0.11631310218024314,0.12411,0.12448,0.12634,0.12935,0.13333245782602013,0.13859,0.14451,0.15095,0.15785,0.16523,0.17348,0.24175,0.23225,0.22274,0.21318,0.20349,0.19378,0.18417,0.17565,0.16677,0.15838,0.11556771156048508,0.14335,0.13649,0.13029
21-01-2026 13:50,25179.95,0.12507,0.1225,0.12106,0.12096,0.12254,0.12493,0.12858,0.13335,0.13902,0.15103406189277516,0.15218,0.15955,0.16688,0.1742,0.2418,0.23224,0.22298,0.21312,0.20354,0.19431,0.18498,0.1767,0.16826,0.1603,0.15311,0.14644,0.14051,0.12248242602258327
21-01-2026 13:55,25164.25,0.12508,0.1227,0.12142,0.1675941340853715,0.12362,0.32317296788851096,0.12986,0.13471,0.14081,0.14683,0.15375,0.16127,0.16886,0.17614,0.24014,0.23066,0.2216,0.21187,0.20207,0.29151546177149557,0.2703797912855893,0.17487,0.16677,0.15894,0.15212,0.14506,0.13935,0.13429
21-01-2026 14:00,25141.15,0.14680216627035136,0.12917,0.12692,0.12689,0.12849,0.1309,0.13466,0.13925,0.14488,0.15069,0.15765,0.16457,0.17215,0.17942,0.22865419337794676,0.2242,0.21511,0.2058,0.20821773550712883,0.18634,0.17715,0.16852,0.16474802247916367,0.15275,0.14567,0.139,0.1387743124231238,0.12701
21-01-2026 14:05,25151.55,0.12298,0.12147,0.1203783444217126,0.11955,0.12101,0.12406,0.12791,0.13284,0.13906,0.14643688816075867,0.15267,0.1606,0.16894,0.17604327076976697,0.23437,0.22453,0.21563,0.20635,0.19667,0.18761,0.17836,0.1531753695056086,0.16148,0.15407,0.14726,0.14125,0.12602869555818885,0.1311
21-01-2026 14:10,25141.05,0.2097187205618264,0.12105,0.12018,0.12055,0.12248,0.12586,0.12964,0.13475,0.1797070971882298,0.14735,0.15495,0.16301,0.22319117481870349,0.23447865239077617,0.23095,0.2211,0.23243089641482803,0.24252691327059692,0.19295,0.18376,0.21760673458511182,0.1879412979548276,0.15815,0.15046,0.14392,0.1377,0.17120014341477444,0.12778
21-01-2026 14:15,25139.05,0.14051,0.13525,0.15039973709857007,0.12945,0.12981,0.13115,0.15678271668114513,0.13773,0.14279,0.19509316924192463,0.15467,0.16227,0.16974,0.17697,0.22544,0.21577,0.20643,0.19658,0.18674,0.17739,0.16786,0.15897,0.15036,0.1677933242699617,0.13421,0.12632,0.11937,0.11216
21-01-2026 14:20,25178.3,0.12057404990714145,0.11156,0.11175,0.11306,0.1184195788526715,0.11962,0.12405,0.12924,0.13577,0.15304575376625776,0.14905,0.15704,0.165,0.17713367347513786,0.23348,0.22449,0.20441789684012632,0.20603,0.1965,0.17493944752604057,0.17844,0.17048,0.16261,0.13889018269546596,0.14925,0.14362,0.13928,0.13574
21-01-2026 14:25,25144.75,0.11203,0.11192,0.1129,0.11453,0.11751,0.12133,0.12644,0.13201,0.13842,0.14552,0.15314,0.16094,0.16956,0.17922556753194072,0.22976,0.21196058820030403,0.21204,0.20324,0.19409,0.18498,0.17631,0.16855,0.16094,0.154,0.15727753009671464,0.12638194561335173,0.13846,0.1391253178235245
21-01-2026 14:30,25130.1,0.26254216566473576,0.2491587318852743,0.13004,0.12881,0.12961,0.13109,0.13442,0.13863,0.14401,0.14972,0.15656,0.4881248868908946,0.17098,0.17869,0.22543,0.21582,0.20649,0.19662,0.18686,0.17739,0.16792,0.34454026870595084,0.31382222765478207,0.1418,0.27124742804242524,0.12673,0.11991,0.11289
21-01-2026 14:35,25146.5,0.11995386728691133,0.12594,0.1239,0.12393,0.12532,0.12787,0.1270411351656791,0.13605,0.1419,0.20137094849815948,0.15477,0.16188,0.16945,0.17727,0.22669,0.21725,0.20771,0.19788,0.1858680681403234,0.17837,0.16959,0.1609,0.1526,0.1431191781574597,0.1339111123885664,0.13126,0.12538,0.1188271441265067
21-01-2026 14:40,25152.35,0.12577864134366187,0.11893,0.12232401670302719,0.11882,0.12084,0.12401,0.12676001364365969,0.13315,0.13905,0.14561,0.15369650963213755,0.16013,0.16837,0.17615,0.22728,0.21766,0.2096640960895322,0.1993,0.18797612644941977,0.18086,0.17211,0.15898124629053,0.1523361642604693,0.14438567854496115,0.14301,0.13732,0.13209,0.12002986876109062
21-01-2026 14:45,25149.7,0.12554,0.12304,0.11817127153454472,0.12183,0.1233,0.126,0.12989,0.13161512271013534,0.14041,0.14437350539922705,0.15357,0.16122,0.16874,0.17748,0.22466,0.21461,0.20589,0.19637,0.187,0.17806,0.16955,0.15917269083067426,0.15405,0.14697,0.14065,0.1347,0.12959,0.12474
21-01-2026 14:50,25153.5,0.13667963867504737,0.11637532075465426,0.1182,0.12618665581024116,0.12042,0.12336,0.12527548585453113,0.13215,0.13819,0.14432,0.15163,0.16293589444843817,0.16705,0.17562,0.22362,0.22149415851509957,0.20483,0.19536,0.18592,0.17725,0.16877,0.16103,0.15363,0.14652,0.1403,0.1307426476393167,0.12976,0.12525
21-01-2026 14:55,25147.1,0.12119,0.12098490842168273,0.1192,0.11878,0.12095,0.1252257320698388,0.12738,0.13253,0.13854,0.14477486639319978,0.1525,0.16021,0.16788,0.17644,0.226,0.21577,0.20664,0.19663,0.18824428503576002,0.17788,0.16911,0.16108,0.1528,0.146,0.13932,0.1337,0.12836,0.12385
21-01-2026 15:00,25160.2,0.15126426032322732,0.15349995009456896,0.12599,0.12423,0.1797176581935957,0.12612,0.1293,0.13273,0.13886,0.14424,0.15146,0.15934,0.1679933934822914,0.17493,0.22462,0.3759420461734598,0.20482,0.33440244844942235,0.18445,0.17483,0.16566,0.23578246289834437,0.1482,0.1406,0.2075140533213478,0.1271,0.19919903225506258,0.11472
21-01-2026 15:05,25171.7,0.11706,0.11539,0.1148,0.11552,0.11721,0.12017,0.1241,0.12894,0.13536,0.14201,0.18107427723595781,0.15794,0.16584,0.17458,0.22647,0.21712,0.20732,0.19776,0.18797,0.17755185297464063,0.17025,0.16227,0.15494,0.14792,0.14197,0.13652,0.13194,0.10759129850596015
21-01-2026 15:10,25159.7,0.11404,0.11283,0.11313,0.11384,0.11659,0.2046160677641209,0.21688088018352358,0.23322531286048231,0.1363,0.14291,0.15131,0.1595,0.16735,0.3411488580228089,0.22813,0.21813,0.20858,0.19826,0.18875,0.2126984442934654,0.17086,0.23405866370502393,0.21141384165334695,0.14858,0.14238,0.13678,0.1328,0.12917
21-01-2026 15:15,25148.5,0.1232884580177834,0.1220725812021872,0.11692,0.11701,0.1217465340074913,0.12458016095539126,0.12587,0.13286478011998937,0.13709,0.14341,0.15401119899673707,0.16095,0.16919,0.17746,0.22618,0.21597,0.20606,0.19582,0.18817611398663275,0.17600047377706696,0.16852,0.16038,0.1526,0.14546,0.13760896291733493,0.13043447638362016,0.12898,0.12484
21-01-2026 15:20,25154.25,0.11111,0.11098,0.13372511611660995,0.1123,0.12453466473108459,0.1183,0.12263,0.12762,0.13529,0.14189,0.15119,0.15955,0.16812,0.17634,0.2290982572471457,0.21398,0.20528,0.19525,0.18665,0.17793,0.16939,0.16151,0.15378,0.14632,0.13919914251910095,0.13498,0.1309,0.11877924352690082
21-01-2026 15:25,25150.7,0.12111,0.11857,0.11712,0.11677,0.1183,0.12103,0.12473,0.12919,0.13625,0.14187,0.15383737041553688,0.15893,0.16642,0.17481,0.22706267700954613,0.21134,0.20163,0.19141,0.18815447071764568,0.17105,0.16232,0.1576456172995778,0.14483,0.13698,0.13913659970453066,0.12394,0.11898,0.12109527646203941
22-01-2026 09:15,25332.45,0.10473,0.12011186146770775,0.10454,0.10521,0.10684,0.10947,0.11372,0.11836,0.12544,0.13242,0.14014,0.14997,0.15905,0.16873,0.24221670778491491,0.23565,0.22513,0.21365,0.20268,0.19258,0.1816,0.17114,0.16105,0.15211,0.14424,0.13698,0.13113,0.11641874151683428
22-01-2026 09:20,25329.3,0.12135600991138029,0.11259,0.11074,0.10979,0.11021,0.11218,0.11591,0.12018,0.12695,0.13378,0.14197,0.1518278406518755,0.15953,0.16876,0.24508,0.23648222262940505,0.225628103974344,0.21083,0.19932,0.19300197179566506,0.17772,0.1698219562666648,0.15679,0.14767,0.13855882914463033,0.13125,0.1246,0.11798
22-01-2026 09:25,25334.05,0.1051623029714494,0.13823,0.13143,0.1027057145476179,0.10420036411723296,0.12234,0.12374,0.12643,0.13155,0.13711,0.13975001620081992,0.15203,0.1597,0.16864,0.24449,0.23292,0.22276,0.21093,0.19921,0.18794,0.17635,0.16546,0.15452,0.1477096714437737,0.13472,0.12604,0.12838863526793698,0.10968
22-01-2026 09:30,25400.35,0.1313,0.12552,0.11846,0.12475963686291786,0.11534,0.11588,0.12463301202680711,0.12335,0.13383204693167114,0.13597,0.14327,0.15392636276510815,0.1591,0.1679,0.29877,0.28957,0.27803,0.26802,0.25667,0.24469,0.23145,0.21741,0.19453970927364952,0.18732,0.16935183062489617,0.15747428446912123,0.14582,0.13371228564209428
22-01-2026 09:35,25415.7,0.12572,0.1196,0.11492,0.11249,0.11221,0.11558,0.12023,0.12671,0.13404,0.14122,0.14855,0.15675,0.16402,0.17148,0.30317,0.29661,0.28651,0.18287086771428676,0.26983,0.25848,0.24745,0.23456,0.22072,0.20666,0.19281,0.17783,0.16503,0.1509
22-01-2026 09:40,25405.7,0.12722,0.12223,0.11794,0.11543,0.11462,0.1168,0.12063,0.12524,0.12439944796106288,0.13851,0.13889024208732337,0.15358,0.16068,0.16828,0.29928,0.2891,0.27712,0.23082418160158696,0.25601,0.24365,0.23047,0.18617388327912696,0.20472,0.19126,0.17853,0.16576,0.15406,0.14212
22-01-2026 09:45,25400.1,0.15452,0.14307,0.13348,0.12744,0.12418,0.12365,0.12604,0.12986,0.13537,0.14087,0.14796,0.15554,0.16312,0.1704,0.29,0.2838480086679894,0.26748,0.25775,0.2518206431493851,0.2343,0.22245,0.20936,0.19737,0.18456,0.17194,0.15918,0.14702,0.13419
22-01-2026 09:50,25430.85,0.10962,0.10808,0.10618,0.10596,0.10431483664717306,0.10993,0.10636815662307458,0.1093233522904368,0.12606,0.13221,0.13989,0.13322394953098693,0.15476,0.14910506551436994,0.2845,0.20217434571639079,0.26278,0.1845874086246122,0.24304,0.23201,0.22049,0.20827,0.19722,0.1857,0.17472,0.12254077103488449,0.11713627545609831,0.14369
22-01-2026 09:55,25385.65,0.11006725605993349,0.12983,0.12362,0.10421972016824715,0.11901,0.11909,0.12178,0.12571,0.13161,0.13658,0.14401,0.15158,0.15875,0.16661,0.2655,0.25452,0.24299,0.23352,0.22257,0.21122,0.19957,0.18796,0.17596,0.14357360211319492,0.13463246257213607,0.1302522612005718,0.1348,0.12521
22-01-2026 10:00,25404.05,0.10776,0.10582,0.11966389867836578,0.10378,0.11531019787881616,0.10659,0.11024,0.11494,0.12111,0.1358800244694817,0.13519,0.14291,0.15032,0.1658418809676948,0.26132,0.24963,0.23888,0.22953,0.24339404848973073,0.20862,0.19673,0.18526,0.17367,0.18576741048067813,0.15416,0.14472,0.13716,0.13623135021635652
22-01-2026 10:05,25387.2,0.11719,0.11299,0.11898846802882461,0.10822,0.10842,0.1106757035664335,0.11721480151754991,0.11733,0.12315,0.12883585577252243,0.13748,0.14503,0.15443248355274697,0.16041,0.26225,0.25061,0.23979,0.22998,0.21877,0.20853,0.19724,0.16936222838899959,0.17356,0.16269,0.13958835024951408,0.14351,0.12756644452518456,0.12669
22-01-2026 10:10,25366.75,0.13658,0.11233073093602566,0.12072,0.10854615978898513,0.11568,0.11694,0.11915,0.12345,0.12918,0.13488,0.1328619106096338,0.13999345263287777,0.15688,0.16445,0.21174181661172148,0.24688,0.23518,0.22525,0.17538493367837335,0.1660831301965154,0.19267,0.1482119495398258,0.16968,0.15848,0.12897592880196548,0.13837,0.12908,0.12057
22-01-2026 10:15,25384.2,0.09766,0.11761334958358757,0.11899816010327906,0.09906,0.10208,0.10502,0.10997,0.11552,0.12304,0.12969,0.13847,0.14584,0.1535,0.16136,0.25894,0.2298756150034777,0.23735,0.22862,0.21919,0.20863,0.1801807717633052,0.18719,0.17595,0.16545,0.15665,0.14742,0.12682201876061822,0.13255
22-01-2026 10:20,25330.55,0.13469,0.12744,0.10950577374547898,0.106751520896434,0.10645046137267088,0.11744,0.12075,0.11704784429532286,0.13132,0.13681,0.14468,0.15186,0.15964,0.16747,0.24705,0.23563,0.2284070639708499,0.21547,0.20534,0.19424,0.18383,0.17305,0.16197,0.15146,0.14198,0.13311,0.12342807252054325,0.11953815962828669
22-01-2026 10:25,25335.0,0.09628,0.09735,0.09889,0.10032,0.10334,0.10665,0.11183,0.11726552646665277,0.12565,0.1329,0.14153,0.14544143825351283,0.15712,0.16553,0.24,0.2336709343007353,0.22219321415698345,0.20926,0.19025923628607438,0.18905,0.17911,0.16988,0.1606,0.15157,0.1443,0.13825,0.13302,0.11798855006134712
22-01-2026 10:30,25273.25,0.13945,0.13166,0.12574,0.12204,0.12132,0.12241,0.12217406551452659,0.12998,0.137,0.14404708926124452,0.15175,0.15956,0.16779,0.17688,0.23624,0.22619,0.21609,0.20399,0.19332,0.18496793402372008,0.17284,0.16271,0.1521,0.14205,0.13349,0.12467,0.1169,0.10937
22-01-2026 10:35,25312.45,0.10759377512016964,0.10570290273371027,0.10420153243944788,0.10439,0.10721,0.11117,0.10600841098447332,0.12258,0.13031,0.13765,0.14618,0.15453,0.16222,0.17138,0.23916,0.22825,0.21796,0.20729,0.1962,0.18687,0.17646,0.16749,0.15827,0.14937,0.14221,0.13534,0.12967,0.10590722454351334
22-01-2026 10:40,25290.35,0.12122,0.11683,0.11428,0.11369,0.11429,0.117,0.1155897254816987,0.12077992771905433,0.12844551542489413,0.1408,0.14941,0.15731,0.16522,0.17431,0.23637,0.22582,0.21577,0.20398,0.19285,0.1788024987607874,0.17255,0.16337,0.14259701806762343,0.1446,0.13703,0.1298,0.11968027975973919,0.11738
22-01-2026 10:45,25288.95,0.1135,0.11212,0.1135893974253383,0.11138469091438448,0.11267,0.1144241399249416,0.12097,0.12440553285354719,0.13415,0.14106,0.14966,0.15788,0.16329385692557538,0.16541251970911086,0.23673,0.21821076991051,0.21672,0.20513,0.1944,0.18474,0.17462,0.16521,0.15611,0.14677,0.1396,0.13244,0.12356392814918922,0.12065
22-01-2026 10:50,25270.45,0.11997,0.10602578866844663,0.11448,0.11425,0.11599,0.10749325776715528,0.12413,0.11821343087385917,0.1294449334445384,0.1441,0.15263,0.16325905410997968,0.16839,0.17794,0.23618,0.23164174922806946,0.21531,0.20447,0.1937,0.18389,0.16979010584410043,0.15717719735074226,0.145831521232941,0.14588,0.13804,0.11762247388671587,0.10979520362883526,0.11856
22-01-2026 10:55,25267.3,0.0946,0.09808,0.10061,0.10451,0.10876,0.11403,0.12045,0.12737665451835445,0.13522,0.14329,0.15206,0.16066,0.16887,0.17887,0.23925,0.22912,0.22029056695456878,0.20926,0.18956674364059928,0.19022,0.18099,0.17219,0.1462643409267687,0.15599,0.14955,0.1433,0.13964,0.13687
22-01-2026 11:00,25234.85,0.1185,0.11694,0.11547,0.11648,0.11914,0.12277,0.12787,0.13398,0.14143,0.14793,0.15618,0.1648709683876817,0.1716,0.1813,0.23335,0.22333,0.21319,0.20304,0.19266,0.18352,0.17095111579235844,0.16501,0.15589,0.148,0.13877202987040643,0.13366,0.12873,0.12323
22-01-2026 11:05,25223.35,0.12387,0.12094,0.11987,0.12595635580822503,0.11976542382208605,0.12569,0.13042,0.13189940416207505,0.14347,0.15015,0.15636146021377073,0.16614,0.17361,0.18285,0.23148,0.22185,0.21166,0.20118,0.19055,0.18182,0.17225,0.16791685318698762,0.15447,0.14595,0.1393132339533884,0.1321,0.12579,0.12123
22-01-2026 11:10,25234.6,0.11783,0.11612,0.11658182229660052,0.11679,0.11961,0.12341,0.12742904816436096,0.1344,0.14175,0.14821199860437936,0.15632,0.16431,0.17175,0.18097,0.2324512660183269,0.22345,0.21361,0.20313,0.19275,0.18196230481912,0.1751,0.16645,0.152541280088579,0.14362525626394204,0.14371,0.13697,0.12474684623906547,0.11876140335340012
22-01-2026 11:15,25230.3,0.11734,0.11619,0.11596,0.11705,0.11888461919096541,0.12398,0.12395225024871528,0.13488,0.14284,0.14512937982943294,0.15799277429696976,0.16565,0.17046973753201336,0.17942316831365743,0.23256,0.2218190742958075,0.21276,0.20203,0.19194,0.18383484340259895,0.1733,0.16454,0.15615,0.14857,0.14203,0.13552,0.13174,0.1269
22-01-2026 11:20,25224.65,0.137,0.13082,0.12749,0.12654,0.12208104707894055,0.12968,0.13375,0.13125598597692964,0.1452,0.15148,0.1587,0.16648,0.17362,0.18287,0.22973,0.22960663503291576,0.20875,0.19782,0.18693,0.17738,0.16773,0.15831,0.14919,0.15507940319407046,0.1432846488104053,0.12592,0.11974,0.11326
22-01-2026 11:25,25274.25,0.11029,0.1095,0.11047,0.1123,0.11503,0.11882,0.11682764803496438,0.11982802407319645,0.1372,0.14366,0.15165,0.1597,0.16749,0.18238071136794307,0.2425468243453306,0.23143583921673766,0.21939401389708638,0.20607,0.19547,0.18598,0.17682,0.16159478679671666,0.15010308898135652,0.15095,0.1442,0.13826,0.13343,0.13062
22-01-2026 11:30,25237.65,0.12721,0.12374,0.12201,0.12194,0.12356,0.12649,0.12309942370517793,0.13617,0.1401150198600245,0.14986,0.15778,0.16548,0.17365,0.18226,0.2316,0.22112,0.21067,0.20008,0.18997,0.1752491181944271,0.16987,0.16085,0.15191,0.1438,0.13708,0.13062,0.1252,0.12044
22-01-2026 11:35,25252.75,0.11588,0.11479,0.11479,0.10950176451068445,0.11857,0.12203,0.12717,0.12723967111350729,0.1402,0.14765,0.15566,0.16411,0.17208,0.18127,0.23498,0.22361,0.2135,0.20258,0.18947405260628855,0.18266,0.17321,0.16413,0.15533,0.14776,0.14132,0.13517,0.13073,0.12644
22-01-2026 11:40,25230.6,0.11870720723166843,0.11095,0.1127,0.11542,0.11893,0.12346,0.12878,0.13507,0.14286,0.15035,0.1589,0.16244353267796197,0.17552,0.18424,0.23382,0.22297,0.21283,0.20268,0.19091944998910024,0.18294,0.1738,0.16513,0.15713,0.14558426240698827,0.14431,0.13938,0.1355,0.13284
22-01-2026 11:45,25200.8,0.13034,0.12707,0.12579,0.12618,0.12794,0.13121,0.13519,0.14066,0.14796,0.15439,0.16295,0.17075,0.17877,0.1903016694352585,0.22867,0.22185672061249515,0.20777,0.19708,0.18627,0.17701,0.16714217445510818,0.1585,0.14969,0.14189,0.13525,0.12864,0.10635964590826551,0.119
22-01-2026 11:50,25218.4,0.13011634526061072,0.11799,0.11825,0.12004,0.12293,0.12043075491053197,0.13162,0.13778,0.14525,0.15228,0.16224910017095015,0.16858986140653293,0.17647,0.18503,0.23193,0.22182,0.21127,0.20134,0.1911,0.18159,0.17246,0.16156305718532427,0.15526,0.14788,0.1366210671595476,0.1358,0.13142,0.12799
22-01-2026 11:55,25201.6,0.12001,0.11932,0.11974,0.12163,0.12481,0.12881,0.13424,0.14034,0.1483,0.15507,0.16351,0.17177,0.1796,0.1887,0.23017,0.2196,0.20969334844245435,0.19954,0.18937,0.18024,0.17079,0.16267,0.15446,0.14755,0.14166,0.1361,0.10444875588296733,0.12873
22-01-2026 12:00,25184.35,0.13758,0.13244,0.12988,0.13034,0.12649269933107057,0.12550912768262795,0.13886,0.14457,0.15216,0.14650965151540205,0.16743,0.17523,0.16986904193089064,0.19241,0.22702743199388542,0.21731,0.20632,0.19602,0.18569,0.17362490907958011,0.16609,0.1571,0.14822,0.14008,0.13273,0.12559,0.12063,0.11536
22-01-2026 12:05,25218.75,0.13087,0.12668,0.12499,0.12484,0.12149753834532506,0.11796568186477627,0.1341,0.13956,0.14416581094255582,0.15396,0.16225,0.16797423622135582,0.17781,0.18703,0.2305,0.21984,0.20922,0.19904,0.18865,0.18097886046472417,0.16943,0.16058,0.15135,0.14328,0.13606,0.12929,0.12342,0.11846
22-01-2026 12:10,25226.35,0.12834,0.12438,0.12308,0.11344778265716761,0.1255,0.12883,0.1269242510169788,0.1386,0.14562,0.1453784979529088,0.16094,0.16851,0.17645,0.18564,0.23027,0.21899,0.21670823969380382,0.1981,0.18752,0.17778,0.16817,0.1621263365516868,0.15021,0.14225,0.13511,0.12849,0.12273,0.11839
22-01-2026 12:15,25221.55,0.13087,0.12662,0.12485,0.12467,0.12612,0.12894,0.13336,0.13905,0.14608,0.1450123982403236,0.16142,0.16924,0.16767035927652815,0.1715612325653164,0.2416708561291621,0.21801,0.2212803570748453,0.19688,0.18636,0.17645,0.16673,0.1707266488058773,0.14855,0.1402,0.13314,0.12629,0.12024,0.11566
22-01-2026 12:20,25272.95,0.10777,0.10918,0.11013,0.11252,0.11574,0.11971,0.12478,0.12565568557353607,0.13519812357142463,0.14593,0.15429,0.16213,0.17068,0.178237476574482,0.23702,0.22579,0.21552,0.20511,0.19413,0.18511,0.17556,0.16716,0.15828,0.15104,0.13278345845935588,0.12634997505636095,0.13467,0.13125
22-01-2026 12:25,25240.05,0.13081,0.1093619080513203,0.12305,0.12343,0.12401,0.12723,0.13101,0.13657,0.14324,0.15053,0.15886,0.16678,0.17518,0.18403,0.2314,0.21721760115551036,0.21001,0.19899,0.1862324012257202,0.17866,0.16859,0.15934,0.15022,0.13633260797037774,0.1271500269048123,0.12828,0.12165,0.11719
22-01-2026 12:30,25251.1,0.13184,0.12588,0.12274,0.12196,0.12266,0.11108807917697588,0.117012563161532,0.12372425938851013,0.14101,0.14825,0.1565,0.16431,0.1713840691891561,0.18126,0.23153,0.22096,0.20977,0.19965,0.19042755927780153,0.1792,0.1687368894203357,0.16135147721584253,0.15072,0.14231,0.1349,0.12783,0.12144,0.11654985044044534
22-01-2026 12:35,25259.05,0.11375,0.11285,0.11296,0.11425,0.11663,0.12023,0.12509,0.1311,0.13856,0.14211171776136627,0.15486,0.1580599146820694,0.17196,0.1812,0.23774458492042103,0.22293,0.21239,0.2021,0.19122,0.18161,0.16568588703476733,0.16285,0.15423,0.14655,0.14013,0.13408,0.12891,0.12525
22-01-2026 12:40,25236.55,0.12143,0.11888,0.11785,0.11858,0.12061,0.12433,0.1288,0.1348,0.14199,0.14964,0.1568119375782396,0.16577,0.17465,0.18377,0.23071,0.21957,0.20866,0.19276148495007842,0.18749,0.17785,0.16802,0.15876,0.15014,0.14232,0.1357,0.12925,0.12412,0.11937
22-01-2026 12:45,25253.05,0.11299504648163138,0.1137,0.11324,0.11404,0.11663,0.11700748321951736,0.1228831935085133,0.13136,0.138995038835651,0.146313438763453,0.1546477738852973,0.16360259729074744,0.1720635218592152,0.18119,0.23296,0.22186,0.21098,0.1998,0.18881,0.17943,0.16946,0.16021,0.15147,0.14370195848883632,0.1361,0.1327528201292937,0.12471,0.12011
22-01-2026 12:50,25254.0,0.10616,0.10634,0.10745,0.11055,0.11341,0.11806,0.12397,0.12655270113039635,0.13861,0.14621,0.15300720099730697,0.16191408993295858,0.17242,0.18251,0.23222,0.22122,0.21044,0.19967,0.18813049831434975,0.1784316045141229,0.16946,0.16058,0.15221,0.14482,0.13801,0.12854143480436064,0.1278,0.12496
22-01-2026 12:55,25215.15,0.11693,0.11559,0.11562,0.11762,0.12057,0.12475,0.13009,0.13645,0.14476,0.14780560929665412,0.16112,0.16993,0.17407122467346942,0.18816,0.22672,0.21609,0.20483,0.1943,0.1832,0.17413,0.16332452469630052,0.15541,0.14757,0.14025,0.13412,0.12866,0.12398,0.12216364483947018
22-01-2026 13:00,25215.7,0.12028,0.11817,0.11746,0.11863,0.12125,0.11876444467423199,0.13016,0.13671,0.14473,0.15251,0.16138,0.17026,0.17891,0.18906,0.2264,0.2154,0.20740309404915466,0.19346,0.1825,0.17286,0.16340910280913784,0.15348,0.14544,0.1378,0.13144,0.14496962388182694,0.1203,0.11621
22-01-2026 13:05,25210.35,0.11631,0.10825135551897541,0.10095603925082046,0.11698,0.12032,0.11073144697676801,0.13022,0.13689,0.14524,0.15312,0.16221,0.17072,0.1797,0.19028,0.23462246998382022,0.21559,0.20467,0.1976904401865405,0.18263,0.17306,0.16142929037425305,0.15394,0.1462,0.13844,0.13297,0.12712,0.10937300697747512,0.11964
22-01-2026 13:10,25206.6,0.11138,0.12518896966321766,0.11223,0.12112700366066322,0.11804,0.12279,0.12887,0.13615,0.14524584157219997,0.15277,0.16252,0.17164,0.18067,0.18954627273190156,0.22767,0.21638,0.20602,0.19486,0.1811598224230978,0.17393,0.16423,0.15523,0.14719,0.13983,0.13354,0.12783,0.12334,0.12059
22-01-2026 13:15,25186.75,0.1298287807133104,0.12416,0.12157,0.12197,0.12153039826926672,0.12712,0.13228,0.13881,0.14705,0.15477,0.16365,0.17236,0.18179,0.19077,0.22374,0.21337,0.20264,0.19149,0.1809306412428648,0.17076,0.16041,0.15123,0.14316548898093684,0.13217881503066775,0.12696,0.1203,0.11439,0.10863
22-01-2026 13:20,25195.0,0.11081456176879348,0.11774,0.117,0.11063745210673959,0.12077,0.12443,0.13025,0.13702,0.14521,0.154078316768829,0.16253,0.17128,0.18032,0.19023,0.22537,0.21593972205493356,0.20384,0.19303,0.18168,0.17161,0.16195,0.1531,0.14463,0.13869678259284063,0.13042,0.10702394242037444,0.11923,0.11484
22-01-2026 13:25,25194.95,0.11545,0.11404,0.11425,0.11633,0.11942,0.12361,0.1296131270640429,0.13692,0.14568,0.15438352175186706,0.16349,0.1742236740301852,0.18163,0.19123,0.22589,0.21543,0.20496,0.19431,0.18359,0.17389,0.16421,0.15583,0.14765,0.14,0.13434,0.1064840614137963,0.12492,0.11271866455471254
22-01-2026 13:30,25171.75,0.1432,0.13615,0.1311,0.12962,0.13031,0.13214,0.13489917995472536,0.14176352057111352,0.14993,0.15715,0.16596,0.17461,0.184,0.19342,0.22961562228306104,0.21074,0.2092846570532116,0.19912550786252403,0.17787,0.16798,0.15783,0.14782,0.14656112733263146,0.12957,0.1217,0.11384,0.10646,0.10431155503947614
22-01-2026 13:35,25225.85,0.10471,0.12433122838558569,0.10754,0.12070716638661351,0.11402,0.12321592084278168,0.12522,0.13245,0.1373006749266086,0.14265392948147598,0.15859,0.1672,0.16407301430115712,0.18541,0.2374220584463489,0.22691860774769623,0.20571,0.19599,0.18523,0.17619,0.18175786218811885,0.15805,0.15819150596035295,0.15534251747278688,0.137,0.13167,0.12773,0.12513
22-01-2026 13:40,25195.9,0.12374,0.12197919948547828,0.11883161842253366,0.11976,0.11873068123233727,0.12616,0.13153,0.1382,0.1386551050893007,0.15395,0.16323,0.1729370168753898,0.18046,0.1899,0.22344,0.21331,0.2087391076636196,0.19152,0.1881839974414932,0.17776076219934936,0.16023629878787884,0.15191,0.14299,0.13503,0.12823,0.12177696566862728,0.11572,0.10929693481257338
22-01-2026 13:45,25188.3,0.11988535363757984,0.12541,0.12318,0.12313,0.12513,0.12814,0.128309802402707,0.13966,0.14793,0.1530682067097103,0.16408,0.17146291290276555,0.18112,0.19097,0.22203,0.21151,0.19995,0.18986,0.17852,0.16927,0.16224743091030103,0.14961,0.14032,0.13213,0.12488,0.11745,0.11126,0.10524
22-01-2026 13:50,25206.65,0.11493614803552726,0.12637,0.12402,0.12326,0.12433,0.12728,0.13213,0.13825,0.14571,0.15345,0.1624,0.17180842005758365,0.17913,0.18909,0.2276284188592189,0.21404,0.20291,0.19184,0.18065,0.17112,0.16077,0.1507,0.14105,0.13153,0.12403,0.11657,0.10964,0.10354
22-01-2026 13:55,25236.1,0.11656,0.11359,0.11883941734423194,0.11964330870195912,0.11625,0.12045,0.12573,0.134894473888186,0.1410551609352992,0.14887,0.15822,0.16671,0.17324993156919388,0.18618,0.22795,0.21717,0.20582,0.19499,0.18373,0.17406,0.16392,0.1568865361539982,0.14683006617131733,0.13574,0.13007737835975866,0.12181,0.11645,0.11189
22-01-2026 14:00,25232.35,0.11278,0.11523804335595562,0.11044,0.11770003169886806,0.11992448674243592,0.11889,0.12442,0.13177,0.14082,0.14875,0.15824,0.16729,0.1762,0.17641909079434795,0.23417257257980312,0.22153315084660688,0.20418,0.19241,0.18109,0.18330600500933902,0.16079,0.15092,0.1423,0.13419,0.12787,0.12171,0.12488100835169133,0.11263
22-01-2026 14:05,25228.35,0.11256631481528487,0.10708,0.10712,0.10975,0.11323,0.11804,0.12407,0.13184,0.1409,0.14891,0.15854066000885142,0.16756,0.16812046678279158,0.18734,0.23484164897010862,0.21401,0.21580434839555274,0.19156,0.1946376011142565,0.18306574668303646,0.16046,0.15106,0.14225,0.13464,0.12825,0.12236,0.1183,0.1145
22-01-2026 14:10,25212.7,0.10325,0.10382,0.10594,0.10885,0.11289,0.11798,0.12494,0.1329371866709591,0.14238,0.15053,0.16028,0.16979,0.17899,0.18902,0.22308,0.21967971217899634,0.20205,0.19124,0.18353027285255788,0.17176,0.16192,0.15288,0.14506,0.13776,0.13253,0.12725,0.12369,0.10368071500467464
22-01-2026 14:15,25178.75,0.12182,0.1185,0.11731,0.11826,0.12078,0.12452,0.13073,0.13801,0.14683,0.15506,0.16487,0.17383,0.18321,0.17619898871485923,0.23261706483384811,0.20979,0.19827,0.1869,0.17605,0.16626,0.15609,0.14672,0.15989221779663254,0.12978,0.12368,0.11768,0.13392966455887134,0.12699987854600103
22-01-2026 14:20,25194.65,0.11846,0.11485,0.11075771407223656,0.11535,0.11816,0.11961751242121244,0.1279042616136993,0.1348406201556245,0.14569,0.1526378489395199,0.1636660963334556,0.17242,0.18114,0.19248,0.22875758413806258,0.2170700624103897,0.2056752591328399,0.19417168759349504,0.17536,0.16566,0.16035749273684885,0.14546,0.13666,0.12849,0.12242,0.11004958622677748,0.11085,0.10634
22-01-2026 14:25,25206.4,0.13345,0.12568,0.1217,0.11997,0.12155,0.12397,0.12961,0.13628,0.14473,0.15238,0.16165,0.17013,0.17877,0.19021977568597695,0.22143,0.21092,0.19894,0.18769,0.1820562388514087,0.17235070858482632,0.15369,0.14311,0.14424259789463265,0.13554203671356255,0.11657,0.10903,0.10235,0.09526
22-01-2026 14:30,25236.6,0.14193,0.13211,0.12578,0.1224,0.11967822858506612,0.12343551431502442,0.12701,0.13487403388382407,0.14065,0.1477,0.15648,0.16456,0.1726,0.1840880075776998,0.23048575014241032,0.21403,0.20264,0.19115,0.1791,0.17741039192399374,0.15779,0.14667,0.1368,0.12692,0.11873,0.11061,0.1026,0.09509
22-01-2026 14:35,25267.55,0.13245,0.12446,0.11907,0.1057811136208851,0.11656,0.11849,0.12255,0.12866,0.13621,0.14339,0.15211,0.15998,0.16808,0.17725,0.22783,0.21768,0.21985654740548605,0.19426,0.18242,0.17251,0.16169,0.15087,0.14137,0.13163,0.14246106840259143,0.11555,0.10842,0.10158
22-01-2026 14:40,25289.0,0.11588118217735732,0.11554,0.11269453261003035,0.11038,0.11062,0.11348,0.11844,0.12494,0.13286,0.13989172810044515,0.14849,0.1556,0.16394,0.16583920085941822,0.23326877030864787,0.21954,0.20935,0.19642,0.18545,0.17533,0.1644,0.15399,0.14452,0.13534,0.12744,0.12046,0.11392,0.10707
22-01-2026 14:45,25289.65,0.1265,0.11898,0.11442,0.11143,0.11179,0.11412,0.11793,0.12328,0.1315,0.1394962149628851,0.14695,0.15481,0.16299,0.17293,0.22661,0.2165,0.2098917438209599,0.19358,0.18106,0.17133,0.15961,0.14912,0.13972,0.13057,0.12292,0.11586,0.10908,0.10263
22-01-2026 14:50,25294.65,0.11257,0.10885,0.10433762157575498,0.10211475955014004,0.1025350958566467,0.10929,0.11406,0.12007,0.12843,0.13603,0.14742830100205517,0.15341,0.16192,0.17181,0.22732,0.21666,0.20698,0.19387,0.1822,0.17141,0.17390251840260376,0.1616421309905688,0.14075,0.13205,0.12467,0.11794,0.11225,0.1065
22-01-2026 14:55,25290.85,0.12505,0.1183,0.11366,0.11078,0.11049,0.11193,0.11479,0.12027,0.12826,0.13971109515597108,0.144,0.15238,0.16102,0.17073329990075092,0.22431,0.21334,0.20302,0.19065,0.17886,0.18255621883560338,0.15749,0.1469,0.13782,0.12883,0.12193,0.1152,0.12074984658506875,0.10323
22-01-2026 15:00,25269.5,0.11006,0.10676,0.10425,0.10401,0.1107584591598978,0.10865,0.11289,0.11928,0.12814,0.13594,0.14531,0.15404,0.17139050706341355,0.17172,0.22366,0.21357,0.20234,0.18974,0.1781,0.18293781894897293,0.15686,0.14672,0.14645015891729327,0.12967,0.12325,0.12343929514847937,0.11208,0.10714
22-01-2026 15:05,25256.3,0.13972,0.10834865939725782,0.11550755915060656,0.11811,0.1181463158785779,0.11644,0.11855,0.12337,0.13109,0.13759,0.14609,0.1536,0.16076,0.17157,0.22269,0.21193,0.20212,0.18893,0.17636,0.16553,0.15355,0.14238,0.13331,0.12411,0.11681,0.1094,0.10242,0.09535
22-01-2026 15:10,25297.3,0.12411,0.11729,0.11174,0.10823,0.09982674551414165,0.10824,0.11119,0.11643,0.12445,0.13471087972603538,0.13938,0.14775,0.15498,0.16581,0.25006683792948725,0.21557,0.21798837672816718,0.19217,0.20056780241060887,0.1699,0.15856,0.14748,0.13834,0.12938,0.12225,0.11514,0.10924,0.1003348244599563
22-01-2026 15:15,25297.45,0.13466,0.12452,0.10243583074660229,0.11152,0.10988,0.10975,0.10709556350518397,0.11579697198880833,0.12425,0.13058,0.1434469782493676,0.15598775004058252,0.15617,0.16649,0.2500779069547288,0.21324,0.20198,0.18929,0.2005249894757816,0.16658,0.1554,0.14371,0.14627963750818482,0.12415,0.11671,0.10891,0.10236,0.09474
22-01-2026 15:20,25308.25,0.11313537872475526,0.12651,0.11843,0.11297,0.11042,0.10944,0.11139,0.11523,0.12287,0.12878,0.13797,0.1464,0.1677342251639563,0.16518,0.22618,0.21531,0.20509,0.19178,0.17973,0.16889,0.1573,0.14589,0.13596,0.12591,0.13176375807344284,0.10996,0.10303,0.09568
22-01-2026 15:25,25314.1,0.10936525195598379,0.10706220144321067,0.11396,0.10975,0.10655110933179372,0.10811,0.1098,0.11683756728146862,0.12621871757008016,0.12859,0.13684,0.14746,0.1668435558025041,0.16634,0.24495119930442813,0.21422,0.20312,0.19107,0.17871,0.18667972113047904,0.15573,0.14379,0.13299,0.14246113157673912,0.11524,0.10856,0.10267,0.10805818815345651
23-01-2026 09:15,25292.15,0.11931,0.11649,0.11509,0.10614884887133787,0.11418,0.11547,0.11955,0.12571,0.1277659729980052,0.1387877020549842,0.14691119426891475,0.15545101136297687,0.17459,0.17467713502451349,0.24477,0.23396,0.22297,0.19342612536167753,0.1873955709978595,0.18091391396852807,0.17365,0.16193,0.15213,0.14322,0.13578,0.13011,0.12536,0.12142
23-01-2026 09:20,25265.75,0.15631,0.14353,0.13315,0.10756536864356793,0.1228,0.12116,0.12231,0.12772,0.13584,0.14465,0.1498938942784162,0.16482,0.16496452102556458,0.18469,0.24396,0.23365523523121706,0.22085,0.2079,0.19492,0.18248,0.1840964492133952,0.15744,0.14538,0.13438,0.12516,0.11665,0.10902,0.10073
23-01-2026 09:25,25330.85,0.12813,0.12132,0.11486,0.11163,0.10964,0.10946,0.11183,0.11716,0.12565,0.13566419714045627,0.1441930565478515,0.15603,0.16149863348333476,0.17721,0.24827890152201282,0.24198,0.23026,0.21748,0.2051,0.19247,0.1795,0.16666,0.15364,0.1427,0.13305,0.12516,0.11848,0.11885287248324616
23-01-2026 09:30,25330.3,0.12807736942508338,0.10461,0.10332,0.10229,0.10288,0.10443,0.10828,0.11533,0.12474,0.1352,0.14612,0.15247812642334402,0.16717,0.17867,0.25374,0.2369882327308312,0.22747728361863845,0.21749,0.2051,0.19356,0.1814769606742066,0.1707413094024611,0.15887190680671376,0.1488212501559519,0.13837,0.13156,0.12593,0.12058
23-01-2026 09:35,25299.45,0.12453,0.11639,0.11166,0.10192213475725166,0.10737,0.10758,0.11121,0.11806,0.12835,0.13646303138915566,0.14951,0.16119,0.17159,0.18236,0.25024,0.2347490294056475,0.22499407893227777,0.21401,0.20141,0.18963,0.17321087202119437,0.16441,0.15234,0.14161,0.13315,0.12488,0.1189,0.11226
23-01-2026 09:40,25299.95,0.11211,0.10773,0.10626332716895635,0.10147449072641075,0.10436,0.1056,0.10957,0.11735,0.12694015195025649,0.13748,0.14949,0.16018,0.171,0.1817,0.25295,0.24189,0.22915,0.21597,0.20356,0.19183,0.17915,0.16708,0.15541,0.14557,0.13685,0.12948,0.12378,0.11808
23-01-2026 09:45,25269.0,0.13505,0.12568,0.11863,0.11398,0.11201,0.11176,0.11522,0.12257,0.13271,0.1397341416507934,0.15413,0.16573,0.17087140635088846,0.18534,0.24748,0.22132367803487377,0.22327,0.19770350520400712,0.19701,0.18230332200586166,0.17224,0.15981,0.14748,0.13673,0.1287467720156566,0.12524622099164995,0.11206,0.10445
23-01-2026 09:50,25300.7,0.11435331166102762,0.11069625683773998,0.10102,0.09972,0.10033,0.1043205969316123,0.10912952759781537,0.11544,0.12655,0.13711,0.14907,0.16072,0.16983,0.18175,0.25005,0.23749107358960894,0.22641,0.21445,0.2020219840168292,0.19005,0.1733086285887357,0.16533,0.15422,0.1425279251269698,0.13561,0.12812,0.12267,0.11716
23-01-2026 09:55,25284.3,0.10897566617658239,0.11467,0.10997,0.10683,0.10583,0.10739940023037137,0.11068,0.11894,0.1295,0.14041,0.15111,0.1595115120418121,0.17282,0.18339,0.24955515302851403,0.23659,0.22362,0.21121,0.19951009009281778,0.18583,0.17265,0.16037,0.14893,0.13825,0.12917057177654842,0.12193,0.11334433906616392,0.10906
23-01-2026 10:00,25294.9,0.11551,0.10871,0.10436,0.10219,0.10211,0.10379,0.10796,0.11934777249567287,0.12746096291162037,0.13599929500142563,0.14825,0.1548271432938601,0.17017,0.18201,0.24879,0.23819,0.22575,0.21331,0.19948,0.18824,0.17501,0.16269,0.15122,0.1328036959064514,0.13134,0.12581,0.11644,0.11059
23-01-2026 10:05,25293.15,0.10517,0.10167,0.09968,0.0982,0.09925,0.10135,0.10671,0.11611,0.12728,0.13881,0.14730590267107688,0.16201,0.17172,0.18302,0.23758501864075335,0.23745,0.22507,0.19838313458218018,0.19887,0.18769,0.17481,0.16247,0.14635575235107318,0.14012,0.1305321377423289,0.12392,0.11809,0.11261
23-01-2026 10:10,25285.05,0.11052,0.10843877870624315,0.1024,0.10061,0.10086,0.10313,0.10837,0.11749,0.12893,0.13934,0.1512,0.16325,0.17293,0.18352,0.24508870212194153,0.2364,0.2220916903395346,0.2111,0.19732,0.18653,0.17185860417729815,0.16068,0.1482938765190804,0.13838,0.13478565175052998,0.12203,0.11586,0.10975
23-01-2026 10:15,25283.3,0.09813,0.0969,0.09643,0.09644,0.09796,0.10736241207202199,0.10741,0.11870846111804587,0.12924519949467775,0.1408,0.15197,0.16357,0.16765169771043018,0.18454,0.24748,0.23625,0.22383,0.2114,0.19799,0.18669,0.17432,0.16229,0.15133,0.1424613184184091,0.13319,0.12637,0.12096,0.1163
23-01-2026 10:20,25261.25,0.11266,0.10693,0.10368,0.10196,0.10212,0.10779843900950647,0.1110655686409537,0.11993,0.13215,0.1418302730379092,0.15483,0.16683,0.17642,0.18268539771935052,0.24452,0.23264,0.21969,0.20778,0.19476,0.18301,0.16998,0.15745,0.14593,0.13537,0.12714,0.11906,0.11292,0.10675
23-01-2026 10:25,25266.4,0.12923,0.12084,0.12587748957552003,0.10906,0.1068,0.10733,0.11143,0.12046,0.13632201661331086,0.14234,0.15368,0.1651,0.17515,0.18488,0.23805213687313656,0.23405,0.21999,0.20768,0.19478,0.1828,0.18024300987343853,0.15649,0.1569130904598935,0.13273,0.12314,0.1146,0.10689,0.11859721834233432
23-01-2026 10:30,25303.15,0.11532,0.10978,0.10509,0.10165,0.10087,0.10216,0.10624,0.11495,0.12659,0.13721,0.14878,0.15988,0.16944,0.17992,0.24986,0.23875,0.22534,0.21115897694913163,0.20076,0.1885,0.17043749153617446,0.16166,0.15107572923227183,0.13819,0.12852,0.12019,0.11289,0.11192253694151785
23-01-2026 10:35,25313.0,0.10599,0.10186,0.09907,0.09747,0.10689605068523415,0.0994,0.10381,0.11312,0.12386,0.13501,0.14694,0.15955,0.16936,0.18005,0.252,0.24023,0.21365298412311837,0.20222133208996648,0.1907317566310228,0.1897,0.17706,0.15943484027832372,0.15175,0.14111,0.13216,0.12572380662156588,0.11661,0.10623310324081577
23-01-2026 10:40,25297.7,0.11135,0.11351866627509449,0.10164,0.09885,0.09857,0.10014,0.10756382975668542,0.11392,0.12568,0.1366,0.14834,0.16081,0.17098,0.18154,0.24998,0.23817,0.214509076429216,0.21299,0.20011,0.18782,0.17474,0.16203,0.14709616521925778,0.13919,0.12420647715763057,0.12116,0.11415,0.10767
23-01-2026 10:45,25297.35,0.09821,0.0961,0.09449,0.09374,0.09458,0.09708,0.10329,0.11614480186906374,0.12481,0.13631,0.14170723904113638,0.15986,0.16983,0.1685539449771637,0.25003,0.23822,0.22587,0.19458128840430106,0.20057,0.18858,0.17634,0.16313,0.15174,0.14097,0.13188,0.12401,0.11728,0.09996939009241379
23-01-2026 10:50,25284.35,0.10889,0.10308,0.10893658190216708,0.09792,0.09777,0.10739417467129662,0.10539,0.11485,0.12655,0.13792,0.15103022576331032,0.15946691893519563,0.1723282379157834,0.1813,0.24965,0.236620884953088,0.22462,0.21215,0.19953,0.18702,0.17404,0.16081,0.14871,0.13728,0.12794,0.11977,0.11228,0.10575
23-01-2026 10:55,25278.2,0.11094,0.105,0.10087,0.09864,0.09843,0.10062,0.1063,0.11618,0.12824,0.1389,0.15023891205200934,0.16219,0.172,0.18298,0.24693553765466264,0.23687,0.22382,0.21133,0.19828,0.18614,0.17283,0.15906,0.1493571565309912,0.1357,0.12612,0.1316897392837712,0.1103,0.10344
23-01-2026 11:00,25279.7,0.09949,0.09668,0.10806619327596752,0.09447,0.09556,0.09858,0.11118288001668149,0.11571,0.12772,0.13919309549625378,0.15124,0.16314,0.1738,0.1836,0.24788,0.23718,0.2236,0.21164,0.19899,0.18645,0.17314,0.15991,0.14826,0.13761,0.12834,0.12056,0.11372,0.11589575188455803
23-01-2026 11:05,25270.35,0.11142,0.10533,0.10125,0.09914,0.11299118564431725,0.10778566862904682,0.10775,0.11755,0.12923,0.14062,0.15199797375360224,0.16401,0.17519,0.1786122670158773,0.24668,0.23478,0.22181,0.2094,0.19258011711721443,0.184,0.17078,0.15764,0.14516,0.13386,0.12443,0.1159,0.10893,0.10227
23-01-2026 11:10,25281.6,0.10635,0.12180118619870603,0.09802,0.09604,0.09709,0.09969,0.10605,0.11605,0.12821,0.13898,0.15062,0.1532832511186384,0.17368,0.1835,0.24835,0.23587,0.23021353841710213,0.22055216550735787,0.19733,0.18506,0.17165,0.1587,0.1462,0.13463,0.12497,0.11648,0.10931,0.10249
23-01-2026 11:15,25277.8,0.09535,0.10505217994249785,0.10249853875231091,0.10162371994375553,0.0938,0.10176040433074625,0.10508,0.1156,0.12818,0.1392,0.15124,0.1609410371863005,0.17365,0.18335,0.24587,0.23482,0.22086,0.20872,0.19921954070038878,0.18418,0.17177,0.15952,0.14744,0.13673,0.1287928021194336,0.13218506984981096,0.11301,0.10725
23-01-2026 11:20,25261.05,0.11031,0.10344,0.09958,0.09768,0.09885,0.10159,0.10799,0.11835,0.13355097328261575,0.14178,0.15327,0.1637183302202553,0.17543,0.18648,0.24568,0.23374,0.2202,0.2080030675310787,0.19441,0.18205,0.17017188514074807,0.15658,0.14398,0.13288,0.1314100709484991,0.11444,0.10707,0.11062284576636268
23-01-2026 11:25,25270.95,0.11616117996098219,0.10164,0.09754,0.09611,0.09717,0.10005,0.11645775465326604,0.11709,0.12867,0.14035,0.15238,0.16421,0.17096177191839396,0.18445,0.2390283207916983,0.2268145703301286,0.22117,0.20887,0.19554,0.1829,0.17018,0.15771,0.14458,0.13327,0.12294,0.12200295483586024,0.10649,0.09934
23-01-2026 11:30,25274.7,0.09177,0.08955,0.08944,0.11195323504185255,0.0926,0.09732,0.11520007592153036,0.11568,0.1350039423627796,0.13943,0.15208658689758578,0.16318,0.1688468116218755,0.18476,0.24712,0.23528,0.2218,0.20902,0.19618,0.18467,0.17181,0.15975,0.14731,0.14703915023788647,0.1278,0.13315506830289137,0.12718988642185733,0.10746
23-01-2026 11:35,25252.0,0.0935,0.09162,0.11495582587600951,0.09228,0.09519,0.10037,0.10855,0.11968,0.13853713533328907,0.14375,0.15529,0.16707,0.17758,0.18871,0.24268,0.23094,0.21751,0.20479,0.19155,0.18014,0.16828,0.15635,0.14542,0.13578,0.12799,0.13101547314835246,0.11509,0.11053
23-01-2026 11:40,25221.8,0.10092,0.09778,0.09666,0.12664661250097295,0.10061,0.10582,0.11556,0.12721,0.13961,0.15203,0.16314,0.1631185286044178,0.18383,0.17374562504907443,0.23925,0.22493039746820762,0.21433,0.20188,0.18882,0.18549716156692916,0.16385,0.15167,0.14043,0.13085,0.12271,0.1329405720105898,0.10956,0.10438
23-01-2026 11:45,25210.75,0.09618,0.10774957759433927,0.09747,0.09935,0.10373,0.10955,0.11906,0.13073,0.1424,0.15287019269488963,0.16531,0.17591,0.18161186904283827,0.19675,0.23574,0.22526,0.21174,0.1984,0.18638,0.17499,0.16393,0.15306,0.14354,0.13564,0.12815,0.12247,0.11882,0.11379
23-01-2026 11:50,25193.45,0.11117,0.1073,0.11539684056040464,0.12058785806886319,0.1085,0.12115196579523126,0.12208,0.13307,0.14486,0.1561,0.16703,0.17741,0.18736,0.19852,0.23272,0.22105,0.20822,0.20417397785773633,0.18169,0.16945,0.15821,0.1615346158703371,0.13596,0.12681,0.11883,0.11236,0.10684,0.10173
23-01-2026 11:55,25208.4,0.10773,0.10369,0.1022,0.10292,0.10575,0.11599256726549191,0.11979,0.1304,0.14257,0.15349,0.16351542688558252,0.17532,0.18533,0.19595913178505478,0.23561,0.22389,0.21046,0.19772,0.18489,0.17183,0.16035,0.14834,0.13744,0.12787,0.12511597883115727,0.11298,0.10728,0.0981396863533206
23-01-2026 12:00,25209.75,0.10797773105596757,0.10481,0.10303,0.10346,0.10637,0.11101,0.12304634012095325,0.13257897224759632,0.14275,0.15335,0.16428,0.1752,0.1817441011912977,0.19714,0.23589,0.22355,0.20837809929037354,0.198,0.18517,0.17290535474070393,0.15967,0.1473,0.13627,0.1266,0.12752883959268183,0.11104,0.10492,0.09911
23-01-2026 12:05,25207.8,0.09717,0.1126996758150196,0.10930553394156974,0.09955,0.10375,0.10947,0.11933,0.13061,0.14312,0.1545,0.16511,0.17556,0.1823010065078014,0.1982,0.23501,0.22209,0.20998,0.19729,0.18451,0.17225,0.1607,0.14862,0.13559982563790537,0.12999,0.12296,0.11696,0.11247,0.10886
23-01-2026 12:10,25190.3,0.10602,0.10311,0.10236,0.10405,0.10765,0.12220773806361002,0.12261,0.13353,0.14595,0.15725,0.16089052089320616,0.17872,0.18877,0.18797943858137153,0.23266,0.2181833928671747,0.20675696176614847,0.1943,0.18239,0.16962,0.15765,0.14576,0.13523,0.12612,0.11846,0.11226,0.1090713646371377,0.1021
23-01-2026 12:15,25193.1,0.12044,0.11324,0.1091,0.12288169597241702,0.11003,0.1141,0.12241,0.13313,0.14523,0.14689250680349836,0.16696,0.16176040663454425,0.18781,0.199,0.23385,0.22083,0.20803,0.19529,0.18201,0.16936,0.15689,0.14393,0.13247,0.12203,0.11306,0.10491,0.09748,0.09034
23-01-2026 12:20,25216.55,0.12140384717961326,0.1175193991560658,0.11700924929807469,0.09993,0.10351,0.10881,0.1304999401520469,0.12907,0.14159,0.1485628463320169,0.16402,0.17452,0.18521,0.19582,0.23652,0.22488,0.2115,0.19831,0.19220140679982498,0.17343,0.16068,0.14839,0.13724,0.12774,0.11932,0.11244,0.10652,0.10192
23-01-2026 12:25,25202.7,0.10902,0.10505,0.12260458458022624,0.10354,0.12388668871944014,0.11111,0.1202,0.13111,0.14351,0.15435,0.1652,0.1766,0.175650394161296,0.19783,0.23468,0.22237,0.20902,0.19636,0.1836,0.17585411356622035,0.15822,0.16055572716489405,0.1513133937603207,0.12424,0.11559,0.12453070509018441,0.10184,0.09596
23-01-2026 12:30,25205.2,0.10924,0.10449,0.10241,0.10351,0.1062,0.11118,0.12027,0.13327744928912966,0.14318,0.14600677250655075,0.15526003325698481,0.17632,0.18762,0.19829,0.23837401931799362,0.22218,0.20888,0.20866427442310054,0.18410963644305053,0.17105,0.15802,0.16437927187277102,0.13319,0.12291,0.11407,0.10656,0.09979,0.09415
23-01-2026 12:35,25205.5,0.11402,0.12070474882733763,0.10454,0.10462,0.10685,0.1115,0.12027,0.13105,0.14285,0.14796880098165074,0.16493,0.17635,0.18638,0.19688,0.23527,0.22295,0.20959,0.20325037361802875,0.18372,0.17078,0.1680836777879103,0.14482,0.13307,0.12233,0.11291,0.10468,0.09735,0.11054349184775476
23-01-2026 12:40,25211.7,0.11514,0.10706580448848804,0.10518,0.10499,0.10666,0.11088,0.11947,0.12981,0.14194,0.15277,0.16456,0.17497,0.18622,0.19683,0.23403,0.22129,0.20819,0.19528,0.18287,0.17019,0.15677,0.15202731372103984,0.14301840217618558,0.12064,0.11144,0.12241854507017157,0.09605,0.08937
23-01-2026 12:45,25238.75,0.09531,0.09296,0.09274,0.09478,0.09861,0.10362,0.11331,0.13567554158731682,0.13567,0.14706,0.15868,0.17112,0.18118,0.19242,0.22785149122737328,0.21549866944566187,0.2115,0.19929,0.18696,0.1748,0.16178,0.14858,0.14826729161480307,0.12777,0.11935,0.1118,0.10566,0.10053
23-01-2026 12:50,25208.05,0.11818,0.11130803154362647,0.10589,0.10503,0.10833724517583818,0.11422372493680227,0.11886,0.12907,0.1432394550260721,0.15177,0.16278,0.17508,0.182686657536574,0.19678,0.2337920756175153,0.22163,0.20784,0.19651,0.18341,0.17058,0.16041690498058123,0.14308,0.13085,0.11971,0.12431404279886733,0.10129,0.0937,0.0855
23-01-2026 12:55,25226.8,0.09191,0.09074,0.11721671008568253,0.09436,0.1213714853263782,0.10493,0.126966769608214,0.12694,0.13837,0.15025,0.16205,0.17356,0.1690916727816157,0.19498,0.23641,0.22369,0.21182,0.20039,0.19515366270406997,0.17433,0.16074,0.14707,0.13576,0.12571,0.11721,0.10981,0.10391,0.09895
23-01-2026 13:00,25191.8,0.10732,0.10216,0.10054,0.10197,0.10559,0.12224998097842356,0.12128,0.13301,0.13947756639909498,0.15608,0.16683,0.17872,0.18873,0.19995,0.23239,0.22018,0.20746,0.19582,0.18204,0.16979,0.15628,0.14286,0.13142,0.1209,0.11199,0.12333251971800402,0.09654,0.08989
23-01-2026 13:05,25191.25,0.13497269249570146,0.10077,0.09948,0.10124,0.10514,0.11102,0.12143,0.13657714508474736,0.14478,0.15664,0.16748,0.17944,0.19018,0.20155,0.23409408584359226,0.21953,0.20747,0.19582,0.18203,0.17015,0.15659,0.14283,0.13138,0.12085,0.1118,0.10375,0.0965,0.09041
23-01-2026 13:10,25194.95,0.10157,0.09802,0.09731,0.09991,0.10395,0.1104,0.12939532537009021,0.13232,0.14523784163925826,0.15573,0.167,0.17842,0.18909,0.20112,0.23302,0.21598589826392067,0.20483553687661957,0.1938751866986742,0.18311,0.16964,0.15624,0.14236,0.13117,0.13834282275854745,0.11148,0.1041,0.09747,0.11207373863181193
23-01-2026 13:15,25171.1,0.09416,0.14804056209246882,0.0962,0.101,0.1471471813765485,0.11552,0.12639,0.19119425123697542,0.17919506653315118,0.1611,0.17255,0.18417,0.19448,0.20596,0.29775908198483564,0.21619,0.20472,0.19249,0.22597349399178082,0.16678,0.15381,0.14203,0.13153,0.12279,0.1152,0.10933,0.10496,0.10098
23-01-2026 13:20,25141.7,0.09918,0.10042,0.10271,0.10734,0.11295,0.18555823914666433,0.13196,0.14377,0.1549,0.16568,0.20737995320160818,0.18856,0.19941,0.3282305773212153,0.22429,0.21339,0.2011,0.18918,0.17603,0.16335,0.15068,0.1396,0.12972,0.17368828801807465,0.16474127504411581,0.10861,0.10422,0.09779
23-01-2026 13:25,25138.55,0.09959,0.09975,0.1532211409263573,0.10753,0.1139,0.12191,0.13279,0.14464,0.15683,0.16747,0.179,0.19071,0.20056,0.21212,0.22394,0.21174,0.20072,0.2978136358563292,0.17434,0.1622,0.14993,0.20035272268596244,0.12773,0.11936,0.11245,0.10677,0.16335216920878193,0.09899
23-01-2026 13:30,25095.3,0.10352,0.10563,0.133651011686355,0.11503,0.12248,0.22093941120135263,0.1424,0.15439,0.20679089112822746,0.1774,0.18879,0.20028,0.21161,0.2223,0.22468,0.21272,0.20148,0.18886,0.17617,0.16462,0.15373,0.1436,0.13495,0.18064685062533936,0.1722957412303413,0.11829,0.1758717797492852,0.11441
23-01-2026 13:35,25072.05,0.10627,0.10742,0.11133,0.11663,0.2090273722236723,0.13282,0.14377,0.15568,0.30095171563080886,0.17828,0.3470541202023224,0.20123,0.21156,0.412269405181681,0.22141,0.508941001773112,0.19618,0.4631942346204984,0.1715,0.15941,0.14792,0.13777,0.12862,0.12121,0.11527,0.15148492112279102,0.10719,0.10371
23-01-2026 13:40,25076.35,0.1005,0.10382,0.10953,0.11588,0.12411,0.2949857342485569,0.2654590043306461,0.15623,0.16833,0.17852,0.19002,0.6823254300512678,0.21165,0.2226,0.2251,0.38958992081838506,0.20101,0.18915,0.17594,0.16462,0.15405,0.14446,0.24489984180744567,0.12982,0.12428,0.18519268359393154,0.11991,0.1204
23-01-2026 13:45,25053.0,0.11187,0.15541228259398374,0.11669,0.12201,0.12927,0.13836,0.14889,0.16014,0.17213,0.27940953532761925,0.1941,0.31885478799511036,0.21633,0.22737,0.21884,0.2069684949183554,0.3074973781528264,0.18173,0.16826,0.15582,0.14497,0.20625638697750176,0.17587234709738375,0.11786,0.11116,0.10602,0.10384137573118982,0.09759
23-01-2026 13:50,25055.05,0.11105,0.11255,0.11691,0.12263,0.12998,0.13922,0.14982,0.16105,0.17257,0.18399,0.1948,0.20664,0.34605129898748704,0.22849,0.22043,0.20712,0.2935819075315148,0.18212,0.16866,0.15651,0.14516,0.191485424139558,0.12498,0.11719,0.11063,0.10486,0.10082,0.09960036749355615
23-01-2026 13:55,25054.0,0.11215,0.11334,0.1173,0.17824627928653794,0.12874,0.16501594155914898,0.23418443715376658,0.15952,0.17036,0.18221,0.19365,0.20479,0.2685595493280948,0.2750746839284294,0.21977,0.2081,0.19563,0.18322,0.1706,0.15865,0.14751,0.13711,0.1281,0.12067,0.11411,0.10903,0.1056,0.10223
23-01-2026 14:00,25054.2,0.11441,0.1271696571737106,0.13271887070693042,0.17276871643513672,0.12875,0.13712,0.22620430228603233,0.15833,0.1693,0.18057,0.19126,0.20207,0.21334,0.22331,0.21929,0.20717,0.19529,0.18134,0.20300738939890892,0.18707882275663168,0.14443,0.1335,0.12424,0.1165,0.10991,0.10398,0.09874,0.09436
23-01-2026 14:05,25065.1,0.11171,0.11208,0.11495,0.11976,0.1261,0.13483,0.14508,0.15631,0.16766,0.17854,0.18921,0.2953122143673521,0.21187,0.22187,0.22034,0.20887,0.19703,0.18391,0.2686478827382991,0.15778,0.14614,0.13499,0.12562,0.11815,0.1643965160557219,0.10558,0.10159,0.09656
23-01-2026 14:10,25058.25,0.11362,0.11404,0.11716,0.1215,0.12778,0.13652,0.145634255849063,0.15781,0.16918,0.1801,0.19032,0.20165,0.20222119630835425,0.22438,0.22067,0.2120338296455667,0.19652,0.18292,0.16945,0.15701,0.14502,0.13361,0.12347,0.11525,0.10969,0.10308,0.09849,0.09298
23-01-2026 14:15,25090.65,0.09978,0.10291,0.3481217145958909,0.11374,0.12098,0.12996,0.1401,0.15103,0.16303,0.17347,0.18454,0.19525,0.7705635534330542,0.21772,0.22608,0.2139,0.20107,0.18844,0.17504,0.16301,0.15186,0.14089,0.13175,0.12436,0.11926,0.11535,0.21316470167471094,0.11247
23-01-2026 14:20,25059.65,0.10638,0.10812,0.11765583427878805,0.11766,0.12819782573096378,0.13389,0.14653717158302035,0.15581,0.16723,0.17783,0.18819,0.19926,0.2092223229383913,0.2209522993879159,0.22341,0.21041,0.19825,0.1849514795405641,0.17186,0.15965,0.14814,0.13705,0.12795,0.12066,0.12381170459236689,0.11106,0.10765,0.10473
23-01-2026 14:25,25049.75,0.12059731805196008,0.11518,0.11749,0.12119,0.12738,0.13461,0.1447,0.15513,0.16647,0.17606,0.21575012782076305,0.20665799478486893,0.24048185050931586,0.22056,0.2197,0.20694,0.19409,0.1802,0.18842510868200313,0.15341,0.16108964544178975,0.20604166248409142,0.11907,0.11017,0.10294,0.09634,0.08975,0.08191
23-01-2026 14:30,25077.85,0.11012,0.11027,0.11321,0.11741,0.12437,0.38499837857966246,0.14348,0.15363,0.16489,0.1743,0.18512,0.19678,0.20853,0.2183,0.22389,0.21011,0.19796,0.1842,0.17068,0.15744,0.14487,0.13241,0.28967716314155384,0.11309,0.10574,0.09974,0.0941,0.08855
23-01-2026 14:35,25087.05,0.1078,0.10743,0.4124525599374246,0.11406,0.5107781864146984,0.129,0.6146235946117304,0.6412521220233947,0.6343963684648091,0.17109,0.18275,0.7929953644193222,0.20595,0.21554,0.22344,0.9530264245919455,0.19846,0.18482,0.17106,0.15737,0.14542,0.539774698515975,0.12292,0.4235004271657977,0.10799,0.10227,0.09782,0.0929
23-01-2026 14:40,25094.55,0.12684820930789656,0.1053,0.10947,0.11466,0.12255,0.1531412811375533,0.2472794429439294,0.15227,0.16277,0.17191,0.18385,0.19511,0.2295626659602944,0.2169,0.22589,0.22581932569457566,0.20016,0.18735,0.17383,0.17991650827619815,0.2562475522140082,0.13695,0.12586,0.11704,0.11101,0.10538,0.13560588078273153,0.1819959486319257
23-01-2026 14:45,25081.45,0.10176,0.10398,0.19657662904464177,0.11413,0.41147176486286524,0.13217,0.14255,0.15294,0.2953344000881045,0.17305,0.33670576896252785,0.19652,0.20829,0.21885,0.2247,0.20978,0.19875,0.18541,0.17329,0.1604,0.2781076044751903,0.13823,0.12811,0.3049141546884501,0.11468,0.11013,0.10692,0.1525236786785763
23-01-2026 14:50,25059.3,0.10982753955120145,0.11132892070183857,0.11717,0.11946569771825015,0.12789,0.13662,0.14639,0.15629,0.16695,0.17648,0.18874,0.19922,0.21018,0.22051,0.2219197582053277,0.20545,0.19303,0.18035,0.16728,0.15404,0.14196,0.1415738922798313,0.11889,0.10969,0.12179851379127196,0.09703,0.0915,0.08374
23-01-2026 14:55,25096.0,0.17875693554289615,0.10472,0.1084,0.11268,0.11992,0.12927,0.13943,0.35249303266751447,0.16087,0.17099,0.24345847655858882,0.19457,0.20503,0.21545,0.22446,0.37762766263940833,0.19757,0.18516,0.17236,0.15908,0.33927139403239104,0.13503,0.12398,0.11532,0.10926,0.10437,0.10001,0.09741
23-01-2026 15:00,25071.15,0.10632,0.10791,0.11251,0.11727,0.12556,0.13521,0.14652,0.15761,0.16824,0.17934,0.1912,0.20287,0.21389,0.22422,0.22224,0.3852247150812798,0.19792,0.33316133598517417,0.17151,0.2227518884648815,0.14663,0.13499,0.20282902418997406,0.11609,0.11005,0.10618,0.10368,0.1
23-01-2026 15:05,25059.0,0.1009,0.10433,0.10951,0.11488,0.12411,0.13455,0.14715,0.15877,0.17062,0.1813,0.18520137664014596,0.20477,0.21637,0.22744,0.2193,0.20842910714279483,0.19568,0.18348,0.17207,0.16041,0.15012,0.13935,0.13024,0.12326,0.12055420050200324,0.11648,0.11517,0.11593
23-01-2026 15:10,25045.6,0.11068,0.13398804095537498,0.11676,0.1215,0.13029,0.18188665852428818,0.15104,0.16104,0.17246,0.229065271840853,0.3037131811578238,0.25400848798236686,0.21719,0.22664,0.2909285899330084,0.20548,0.31924049214014566,0.18023,0.2790786048839308,0.15451,0.14377,0.13176,0.25536675672020515,0.11352,0.10779,0.10344,0.1522147745187176,0.09623
23-01-2026 15:15,25061.1,0.10403,0.10756,0.11216,0.11735,0.12658,0.1366,0.14719,0.15763,0.16971,0.18027,0.19149,0.20296,0.21502,0.22596,0.22229,0.20842,0.19569,0.18942907670722975,0.1759353201568478,0.15498,0.14334,0.13215,0.12057,0.11286,0.10961,0.1063,0.11069694507474892,0.1021
23-01-2026 15:20,25040.65,0.1146,0.11616,0.25280982091263177,0.18903733102533718,0.13309,0.2717323647881674,0.15303,0.260718810145155,0.17486,0.18481,0.2994566465626491,0.20832,0.2181,0.22899,0.3724720735203528,0.5435282856597826,0.19313,0.17961,0.1662,0.15292,0.14013,0.12789,0.11618,0.10749,0.23565295247641688,0.0991,0.09488,0.08909
23-01-2026 15:25,25049.65,0.10887,0.11147,0.11604,0.12176,0.13109,0.14980215220490498,0.15154,0.16182,0.17314,0.18434,0.19727,0.20814,0.2205,0.22986,0.21958,0.20286,0.19008,0.17715,0.16433,0.15096,0.13995,0.19411810629276643,0.1330056999513013,0.10726,0.10175,0.09947,0.09448,0.08977
27-01-2026 09:15,25113.05,0.27499,0.30202,0.32281,0.35058,0.38461,0.42786,0.47824,0.52453,0.57367,0.62043,0.7847213833181652,0.70998,0.7397721858294026,0.9913922133734481,0.80455,0.75263,0.70349,0.64961,0.59775,0.55382,0.51257,0.48379,0.46589,0.46533,0.47357,0.49258,0.51278,0.54893
27-01-2026 09:20,24981.3,0.37173,0.38093,0.1624383176889102,0.29285824692244067,0.3138741437156116,0.35318448035695726,0.55918,0.60764,0.6609,0.70752,0.76109,0.80431,0.84893,0.602334122560725,0.722,0.67056,0.63579,0.57755,0.52942,0.47801,0.3673297937440746,0.39554,0.37825,0.3773,0.38901,0.19766816939157283,0.41378,0.19179032185826128
27-01-2026 09:25,24940.7,0.41215,0.41457,0.42548,0.3710399015648249,0.4958,0.53823,0.58329,0.5779768933041172,0.6864,0.73837,0.78617,0.83239,0.877,0.7326375099874454,0.70051,0.5812266023219491,0.60735,0.55241,0.5018,0.4528,0.40457,0.36324,0.28658022238766684,0.32686,0.31923,0.31138,0.2881,0.16579681388807535
27-01-2026 09:30,24944.4,0.43418,0.43019,0.3293860966273593,0.45789,0.39452116062028103,0.53966,0.48245337256740944,0.63551,0.68635,0.6063004191043795,0.79262,0.83608,0.7186060082442506,0.92433,0.69697,0.65541,0.61709,0.56144,0.51004,0.45156,0.3675999671945891,0.35395,0.31876,0.30027,0.31291979293322325,0.25633271349339054,0.23261,0.15552
27-01-2026 09:35,25018.3,0.4495,0.42747,0.41019,0.42032,0.45178,0.45166219451647416,0.52925,0.57595,0.62223,0.67629,0.7456798748644673,0.77034,0.81264,0.85271,0.6523089344708135,0.69537,0.64737,0.60076,0.54814,0.4962,0.44574,0.4003408917197698,0.35472,0.32039,0.29276,0.26448,0.22211,0.12637
27-01-2026 09:40,25090.85,0.4547,0.4137,0.39014,0.38476,0.40993,0.44455,0.48925,0.53745,0.58193,0.63655,0.68678,0.73576,0.76941,0.81462,0.79603,0.74443,0.69617,0.64951,0.60292,0.55029,0.49947,0.45308,0.40468,0.36501,0.333,0.30009,0.26344,0.2039
27-01-2026 09:45,25142.05,0.36816,0.34955,0.3373,0.34272,0.243267690052959,0.40126,0.44811,0.49461,0.54701,0.59015,0.4183570577216525,0.16970396378994193,0.74219,0.78754,0.3160136659941075,0.77235,0.49342484130788783,0.6754,0.63383,0.58196,0.52995,0.3255055759072743,0.43571,0.40108,0.3768,0.35236,0.25567318006960993,0.29136
27-01-2026 09:50,25142.45,0.34662,0.32683,0.31992,0.32756,0.35831,0.39611,0.44871,0.50094,0.54737,0.59426,0.65191,0.1696655078517052,0.74216,0.78114,0.22392140380780187,0.77273,0.72082,0.67648,0.4201204007136327,0.58085,0.53176,0.48237,0.4405,0.40779,0.2658150606430252,0.24370804412094174,0.34076,0.30921
27-01-2026 09:55,25130.4,0.32119,0.31184,0.31403,0.32672,0.36179,0.40499446535615,0.45679,0.51181,0.42537901545015927,0.61344,0.49575017257765475,0.71226,0.75959,0.7934,0.80994,0.7601,0.72919,0.5020186415849843,0.6264,0.56905,0.516,0.46864,0.42882,0.32844493913674283,0.3445692266924733,0.37073,0.23573147631818392,0.33788
27-01-2026 10:00,25139.8,0.32443,0.16094107810613026,0.19487282668697917,0.32502,0.12210303798003737,0.40375,0.19089291626038393,0.51008,0.56064,0.2378144324427305,0.66324,0.70756,0.2834711039479782,0.38806645443685356,0.83447,0.78289,0.28594988646653163,0.68513,0.633,0.58504,0.52821,0.47811,0.431,0.39817,0.37604,0.35656,0.33606,0.31098
27-01-2026 10:05,25125.85,0.30215,0.29677,0.30128,0.32297,0.36228,0.40899,0.46656,0.51932,0.57315,0.62148,0.67629,0.72081,0.6954564234378764,0.80129,0.7888728137056724,0.7155928953370959,0.73296,0.7720188286093316,0.63328,0.57812,0.52108,0.47288,0.43083,0.40016,0.38385,0.37058,0.35888,0.33865
27-01-2026 10:10,25088.75,0.4075,0.39715912921382823,0.35823,0.36103,0.4489155905321318,0.42782,0.48428,0.53178,0.58393,0.63445,0.68859,0.73067,0.7829,0.82034,0.81291,0.76659,0.71267,0.66199,0.6819576293776434,0.55399,0.49687,0.44858,0.39699,0.36248,0.33467,0.3061595942878391,0.27156,0.21831
27-01-2026 10:15,25129.65,0.43897,0.39066,0.36472,0.36018,0.38258,0.41304,0.346809744999832,0.51171,0.56872,0.61118,0.66561,0.71362,0.75313,0.79688,0.84848,0.7956,0.74158,0.69533,0.63808,0.58309,0.53429,0.47852,0.43107,0.38655,0.35069,0.31475,0.27834,0.22729
27-01-2026 10:20,25170.2,0.32589,0.30563,0.11356571678919077,0.31025,0.34257,0.38807,0.15824588416622218,0.49493,0.553,0.59737,0.65279,0.69651,0.74989,0.78886,0.87099,0.21385261091421479,0.78094,0.73318,0.67496,0.62221,0.56933,0.15160924082493968,0.14550026306578048,0.42046,0.126845004514476,0.36053,0.11413633288971405,0.30288
27-01-2026 10:25,25164.05,0.25371,0.26218,0.27617,0.30173,0.34283,0.39283,0.4492,0.50273,0.2001418717365961,0.60586,0.67118,0.2534785908864303,0.16897041585424044,0.79871,0.87468,0.82807,0.77342,0.72691,0.67296,0.61698,0.5619,0.51093,0.20082488153741643,0.42822,0.40896,0.17132363529951203,0.38081,0.37269
27-01-2026 10:30,25123.35,0.3273,0.31534,0.3533763770283881,0.33808,0.4440991177458486,0.42491,0.48153,0.5464673109113632,0.58658,0.63961,0.830963431236627,0.7464,0.79521,0.83545,0.85189,0.79916,0.75078,0.862180571413717,0.64601,0.59014,0.54071,0.49048,0.43891,0.39674,0.3904996343073377,0.33773,0.31402,0.28019
27-01-2026 10:35,25122.35,0.34756732149211705,0.34410168622006637,0.3076,0.33586,0.37908,0.49710696822372213,0.48624,0.54057,0.58795,0.64561,0.7025,0.74763,0.79619,0.82755,0.8585,0.80533,0.75652,0.70959,0.65084,0.6867975637239023,0.6243864086304948,0.49179,0.4435,0.40453,0.38251776976541385,0.35626,0.33601,0.31486
27-01-2026 10:40,25095.65,0.24810259363805437,0.27705,0.30858,0.34517,0.39676,0.45048848473013925,0.5135,0.57223,0.62559,0.5602675519799268,0.4514129140592756,0.7755,0.82494,0.87277,0.82604,0.77517,0.73559,0.66826,0.62248,0.56794,0.48476082134258697,0.46905,0.42666,0.41728,0.41798,0.42719,0.44604,0.47381
27-01-2026 10:45,25027.6,0.33335,0.33817,0.35486,0.5245644997823542,0.44222,0.49912,0.5557,0.61343,0.66951,0.72857,1.2028286125961734,0.82268,1.4509858058232699,0.91224,0.81134,0.75038,0.9596791528936698,0.64989,0.59084,0.53037,0.47477,0.42695,0.37786,0.4715104897260815,0.33006,0.33092771755907524,0.2975,0.26889
27-01-2026 10:50,25020.95,0.39662783694813863,0.3311,0.4188611462691875,0.41388,0.46816,0.4931201307681015,0.58347,0.63393,0.67963,0.74791,0.8027,0.8509,0.89024,0.94593,0.82915,0.6595099313050603,0.6755956952937687,0.65159,0.59194,0.5382,0.48057,0.4304,0.40622202034513083,0.36854,0.36669,0.37527,0.24051891204396839,0.40869
27-01-2026 10:55,24997.0,0.3272,0.2383781632529795,0.18077054110143762,0.4288,0.2142513127408116,0.53983,0.59563,0.64794,0.70518,0.76982,0.81506,0.8733,0.40492791034849523,0.97544,0.80799,0.36385535746177394,0.70166,0.64264,0.58219,0.52396,0.2857894719275631,0.41534,0.37268,0.35504,0.35497,0.16564789359789145,0.1758571790550984,0.3853
27-01-2026 11:00,24984.95,0.3024485211543047,0.2219472128821705,0.15381016867930206,0.44337,0.49355,0.55304,0.60914,0.66918,0.7194,0.7846,0.83519,0.4399486529911336,0.94099,0.99173,0.40217230895126216,0.36207570407522166,0.70616,0.63595,0.57545,0.303203946691584,0.45921,0.40189,0.34996,0.32186,0.31013,0.29312,0.26525,0.201
27-01-2026 11:05,25008.55,0.35938,0.261790582359519,0.39529,0.43643,0.48808,0.3755567476550455,0.60524,0.65624,0.71909,0.77679,0.83301,0.88779,0.93527,0.98664,0.5839417344302542,0.76668,0.72755,0.6388765400948782,0.43515689748846004,0.53754,0.47948,0.42233,0.36786,0.33818,0.32588,0.1977719595490653,0.31009,0.29008
27-01-2026 11:10,25017.35,0.35447,0.38879424616309016,0.3917,0.42552257480027467,0.48639,0.54371,0.45885572350186693,0.66031,0.71616,0.78283,0.83535,0.90092,0.94465,0.7930822334660148,0.84323,0.78659,0.74005,0.66858,0.43706773866316584,0.55235,0.3960620219084522,0.42763,0.37099,0.33704,0.32149,0.23272343533735468,0.29971,0.27694
27-01-2026 11:15,25024.0,0.36044,0.36747,0.38888,0.42815,0.48191,0.53609,0.59681,0.65096,0.70102,0.77263,0.82914,0.88409,1.2341599644590107,0.9822,0.84713,0.79103,0.74571,0.67934,0.61259,0.6118541220431525,0.48546,0.42832,0.37381,0.33669,0.31376,0.29753,0.26785889654836553,0.24735896313711078
27-01-2026 11:20,25044.9,0.32104,0.2598511617016266,0.36439,0.41123,0.46217,0.52086,0.58499,0.63522,0.69429,0.6013218799139678,0.81298,0.87951,0.92713,0.96345,0.85907,0.8038,0.75361,0.68763,0.63226,0.56455,0.51188,0.45302,0.39312,0.36313,0.34214,0.33306,0.32606,0.31835
27-01-2026 11:25,25036.65,0.36696,0.36749,0.38782,0.42691,0.40923570818693683,0.52892,0.58582,0.63827,0.6913,0.76463,0.8207,0.88782,0.93488,1.1502233830754292,1.0403072463283842,0.80684,0.47584117841106005,0.69546,0.5941146709853493,0.57808,0.5149,0.45444,0.39294,0.34485,0.31554,0.21602430227887692,0.26278,0.209
27-01-2026 11:30,25078.55,0.30177,0.31892,0.34583,0.39147,0.4001636880418806,0.50143,0.55908,0.5510517313222041,0.67088,0.73376,0.704501940101003,0.85717,0.91064,0.95374,0.89745,0.84137,0.79065,0.72989,0.4639178769198518,0.61261,0.54192,0.4866,0.42664,0.38602,0.36245,0.34457,0.33544,0.2071083392313603
27-01-2026 11:35,25074.65,0.2015488407902954,0.34012,0.35804,0.39528,0.436,0.49221,0.55529,0.60544,0.66896,0.73161,0.79348,0.84687,0.91508,0.94711,0.90452,0.83873,0.37382969274297645,0.73505,0.67733,0.61641,0.54493,0.48589,0.42361,0.37293,0.33543,0.2573983287841081,0.28242,0.25141
27-01-2026 11:40,25088.45,0.51292,0.44935,0.42746,0.43359,0.45344,0.48777,0.54722,0.59689,0.6496176279228487,0.70847,0.76042,0.7668182891779279,0.86804,0.91268,0.9063574878546298,0.86574,0.7842515130258183,0.75212,0.68852,0.62328,0.56051,0.5012,0.43625,0.38682,0.3401,0.29952,0.25544,0.17427
27-01-2026 11:45,25159.6,0.26014,0.2794,0.30133,0.33437,0.37354,0.43836,0.49435,0.54956,0.60709,0.20780391608249166,0.73216,0.78416,0.16849938296419362,0.86457,0.97798,0.9111,0.85324,0.79336,0.7316,0.2562233149895683,0.22364901336817278,0.2430436522361861,0.48941,0.44602,0.42422,0.41054,0.40549,0.41203
27-01-2026 11:50,25103.25,0.3271,0.32609,0.3415,0.37589,0.41313,0.5884476511062172,0.53389,0.59395,0.5980247088573309,0.69661,0.77721,0.81837,0.87825,0.92405,0.94209,0.87488,0.81721,0.76497,0.69521,0.63118,0.56521,0.50148,0.44941,0.371416574025296,0.38774,0.3088591745347357,0.36494,0.34715
27-01-2026 11:55,25084.4,0.2617445695318271,0.37526,0.37711311363981537,0.4052,0.43891,0.49008,0.55875,0.60674,0.66333,0.71693,0.79863,0.85098,0.91214,1.0189927473305531,0.95193,0.9401476568482011,0.8104885536554842,0.76111,0.69042,0.61931,0.6120093482198243,0.5105625526785407,0.43434,0.39001,0.358766461861156,0.33146,0.30429,0.26015
27-01-2026 12:00,25100.25,0.3932,0.37693,0.37919,0.3732690312058021,0.44151,0.49354,0.5541,0.60307,0.65156,0.7302897944995794,0.77765,0.82725,0.8777577250182524,0.9095236441276402,0.9623,0.88186,0.82452,0.77303,0.6877451172360172,0.7682742056443053,0.571,0.5070286162096297,0.45472,0.40448,0.37113,0.34364,0.31813,0.2672741285869714
27-01-2026 12:05,25122.5,0.35913,0.347,0.35271,0.37884,0.42015,0.47865,0.53933,0.587648518571994,0.65344,0.69809,0.78273,0.82285,0.89728,0.9161034405429715,0.98853,0.90705,0.84928,0.78884,0.72602,0.6541,0.59385,0.5364556883712625,0.47451,0.4313230805623045,0.39439,0.37132,0.3522,0.2970052198206039
27-01-2026 12:10,25117.85,0.37709,0.3605,0.36361,0.38941,0.42902,0.4914596593404838,0.55495,0.59802,0.66477,0.72079,0.78509,0.84864,0.9100705371129475,0.95972,0.98491,0.90182,0.84542,0.79545,0.73937,0.6659,0.6057905931176154,0.54119,0.47988,0.42957,0.39059,0.36109,0.33405,0.3012
27-01-2026 12:15,25117.6,0.30765,0.31365,0.33785,0.38075,0.438,0.49899,0.56222,0.62062,0.6387309247720785,0.73016,0.8091488764769906,0.84696,0.9233,0.97212,1.01025,0.92673,0.85601,0.81432,0.7486,0.67419,0.61091,0.5221439824847982,0.46367634605574604,0.44767,0.41968,0.39999,0.38464,0.37378
27-01-2026 12:20,25109.2,0.39454,0.33002455571815514,0.37656,0.40138,0.5074426004499208,0.51201,0.57587,0.62761,0.68817,0.73425,0.81144,0.8637,0.94107,0.99043,1.00465,0.93314,0.6617880049334558,0.819,0.6788301202025077,0.6835,0.62307,0.55271,0.48838,0.42912,0.37872,0.33881,0.35210830016831945,0.24873
27-01-2026 12:25,25134.2,0.27995,0.29513,0.3340019635644345,0.37419,0.42935,0.4948,0.56462,0.5954279560221969,0.67951,0.73799,0.81575,0.85823,0.94879,0.98686,1.03517,0.94871,0.90214,0.3972894103619824,0.77268,0.72383,0.63977,0.58404,0.51233,0.38478215173638236,0.42482,0.40127,0.38577,0.37778
27-01-2026 12:30,25098.2,0.34532,0.3983137439169806,0.36118,0.4013,0.45691,0.52494,0.59417,0.66049,0.71503,0.76211,0.84146,0.89501,0.98724,1.00813,1.0379,0.95103,0.88906,0.83341,0.76474,0.70024,0.62633,0.56307,0.49249,0.4407,0.39862,0.36573,0.33397,0.29361
27-01-2026 12:35,25099.65,0.32818,0.3356,0.36352,0.41336,0.47017,0.53637,0.5893906205919411,0.66877,0.72412,0.7936750828060123,0.86377,0.92022,1.00022,1.03866,1.04009,0.97827,0.90271,0.8230599967977628,0.77667,0.71739,0.6114087754630582,0.57224,0.51253,0.45385,0.41578,0.3306676332356278,0.3681,0.2822955348507628
27-01-2026 12:40,25084.95,0.34646332970184973,0.35756,0.3851,0.43265,0.48939,0.55081,0.61517,0.6321571035791154,0.7151589140939368,0.81686,0.87549,0.8905252843078899,0.99762,1.04657,1.04478,0.96906,0.90513,0.84759,0.6860534336036656,0.71012,0.62832,0.55539,0.49525,0.42751776440263656,0.3700338166592132,0.33276150292779144,0.34137,0.2747661056828785
27-01-2026 12:45,25083.9,0.2547567503536449,0.33588,0.38006,0.43751,0.49765,0.45239176314215945,0.63201,0.5839004908117634,0.76706,0.82994,0.8029503898570277,0.94517,1.0283,1.06306,1.05972,0.98286,0.91795,0.85952,0.78761,0.7134,0.6369,0.56286,0.50176,0.45209,0.42086,0.40056,0.38685,0.38058
27-01-2026 12:50,25065.25,0.3993,0.39715,0.42182,0.46947,0.52555,0.59988,0.66958,0.15343284112341513,0.78377,0.85703,0.18175180725660636,0.98798,1.04271,0.2145499023124003,1.07631,0.96973,0.90591,0.83859,0.75874,0.69506,0.62552,0.54605,0.12942494565761015,0.41217,0.36272,0.31743,0.11215061146019768,0.10675609466841376
27-01-2026 12:55,25094.45,0.33154,0.3502,0.3889,0.2867451817711435,0.210722360443094,0.58448,0.4221619323956233,0.71484,0.77353,0.84815,0.25540849675557964,0.98176,1.05306,1.10751,1.10123,0.46786659673863473,0.5941191695256106,0.88526,0.80352,0.7374,0.65314,0.57953,0.5093,0.44418,0.40057,0.36528,0.34277,0.3115
27-01-2026 13:00,25087.35,0.32893,0.348,0.4187896792143682,0.45282,0.52299,0.58998,0.66662,0.72416,0.7367099235266318,0.86777,0.94264,1.00345,1.07589,1.13114,1.11403,1.03344,0.95265,0.7523260577849386,0.81111,0.74373,0.66463,0.5487046040180186,0.51132,0.45443,0.408,0.37208,0.33849,0.30072
27-01-2026 13:05,25077.3,0.37491,0.387,0.42388,0.47872,0.5369,0.61433,0.69302,0.74483,0.82368,0.87877,0.93987,1.01338,1.08612,1.13901,1.10891,0.7271397743293065,0.96104,0.90142,0.80672,0.74013,0.66738,0.3171681985319876,0.50256,0.44235,0.3037498692554743,0.34786,0.30785,0.25246
27-01-2026 13:10,25078.6,0.38621,0.39523,0.43152,0.48027,0.54075,0.6185,0.6834,0.75694,0.82697,0.90538,0.98283,1.04564,1.12058,1.15819,1.12954,1.0471,0.96446,0.90732,0.5031774259362666,0.76234,0.68031,0.36890110195475073,0.39666724789126523,0.3264427395909606,0.40577,0.35911,0.31882,0.25628
27-01-2026 13:15,25088.55,0.4377397360806911,0.41003,0.44149,0.48748,0.54588,0.62644,0.70165,0.76234,0.83383,0.88793,0.99268,0.7945634646017136,1.13316,1.14869,1.15813,1.07422,0.99013,0.9322,0.83392,0.77672,0.5733980644815402,0.61558,0.53137,0.46989,0.41386,0.36185,0.2812052752145036,0.26639
27-01-2026 13:20,25085.9,0.43553,0.43431,0.45449,0.49675,0.55424,0.5495535188331384,0.71032,0.6529321977050123,0.86254,0.92093,1.00047,1.0453,1.15693,1.19614,1.15829,1.07399,0.9067402240864229,0.94771,0.7638547417145963,0.78017,0.70546,0.61252,0.48121814427642295,0.4614,0.39462,0.3561162901279422,0.3026,0.23747
27-01-2026 13:25,25098.05,0.46141,0.45251,0.46505,0.50455,0.56244,0.6015576579427626,0.71329,0.78384,0.86895,0.94142,1.01001,1.09028,1.1697,1.21001,1.1315880077950369,1.10515,1.05253,0.97691,0.89784,0.81566,0.73052,0.64864,0.56142,0.47273,0.40676,0.34945,0.30219,0.3218431599551924
27-01-2026 13:30,25112.65,0.36831,0.38375,0.30123048593567237,0.48536,0.55493,0.63535,0.71437,0.79586,0.87378,0.94799,1.03188,0.753745923152866,1.16419,1.22291,1.22766,1.15967,1.08677,0.8132628243078421,0.92938,0.5925127508210586,0.75914,0.68207,0.58743,0.5117,0.44197,0.39028,0.35284,0.36983459507304517
27-01-2026 13:35,25095.5,0.28249,0.31836555240815884,0.42153,0.49482,0.453655594968017,0.65956,0.7536,0.8196,0.7935343583169846,0.98382,0.49015039251232134,1.0074751963646171,0.8744787201529,1.28497,1.21494,0.9169573483453886,1.09508,1.00257,0.93371,0.7538065463942939,0.6562994875517598,0.68561,0.5329749693071416,0.56349,0.3700268732767983,0.52212,0.53098,0.59249
27-01-2026 13:40,25049.05,0.37743,0.42277,0.49073,0.17663922325092626,0.66038,0.74594,0.82367,0.90134,0.97221,1.06132,1.1209,0.5122430663954254,1.27192,1.33216,1.20272,1.13539,1.06165,0.99634,0.92155,0.83142,0.73084,0.64204,0.55651,0.4863,0.42132,0.39112,0.36411,0.33202
27-01-2026 13:45,25044.1,0.42625,0.3746636374795714,0.51533,0.59021,0.5194504867160217,0.6775873226863013,0.641473447610602,0.7029658890802436,0.7735116581092957,1.06364,1.15186,0.9641312724140388,1.0169202557752084,1.34114,0.9456526145552528,0.9002830285394084,1.0821,0.7876083744492859,0.91634,0.83709,0.73498,0.63898,0.55494,0.38540360635370907,0.39944,0.35232,0.30672,0.22099
27-01-2026 13:50,25054.3,0.37171,0.42344,0.49546,0.57747,0.67696,0.75746,0.85059,0.94007,1.0022,1.08021,0.18998667063559,1.26015,1.34868,1.39246,1.314,0.3479517875695832,1.15066,1.06292,0.9819,0.88599,0.77972,0.67892,0.58948,0.50801,0.11512279187099381,0.39785,0.10465909313568977,0.34367
27-01-2026 13:55,25040.65,0.38421,0.43769,0.5432904113952316,0.6083,0.70442,0.8357909536242137,0.89528,0.97861,1.05464,1.13671,1.21434,1.30604,1.37665,1.44131,1.2534667361147331,1.23488,0.6584803645264291,1.1235771531153411,0.99334,0.8386107181038469,0.8160268593494013,0.68166,0.4066415072952816,0.48888,0.40466,0.3211249928352802,0.29989,0.20917
27-01-2026 14:00,25042.35,0.32664,0.4114,0.50478,0.60881,0.70982,0.80406,0.89113,0.96993,1.0818,1.15066,1.22752,1.3206,1.41273,1.50397,1.325997912440209,1.28946,1.18482,1.0946,1.01173,0.9509966215164504,0.8088,0.7601511384866498,0.6073,0.52322,0.44833,0.41858,0.30957825295321095,0.2100267480569592
27-01-2026 14:05,25010.6,0.39868,0.48123,0.2899067446678437,0.67489,0.78007,0.3752155435823926,0.32983342498325086,1.0674,1.15967,0.4760818303432871,0.4506231588556452,1.41135,0.8010047709703773,1.57916,1.35802,1.27511,0.4204120994917278,1.10648,0.99522,0.89362,0.78825,0.67908,0.56582,0.47476,0.2755392897064766,0.32586,0.27633,0.12281
27-01-2026 14:10,25041.35,0.37357,0.45821,0.55878,0.638538262888263,0.77277,0.86212,0.94634,1.05464,1.1223954346914773,1.25296,1.2414172314146328,1.40178,1.49949,1.56997,1.40252,1.2928623415638751,0.840521625678254,1.14421,1.0163,0.91977,0.8388,0.72874,0.5145235338827805,0.51409,0.41328,0.3543,0.31415,0.25836
27-01-2026 14:15,25034.25,0.3695,0.45459,0.56798,0.67166,0.7241221134760979,0.89058,0.7867592393628848,1.08509,1.19427,1.31635,1.37374,1.49623,1.55624,1.62888,1.44116,1.35926,0.6722991359536772,1.18998,1.05823,0.9419,0.6846238275429634,0.73568,0.62576,0.52151,0.41642,0.28347695477308177,0.31669,0.27147
27-01-2026 14:20,25028.4,0.40083,0.48493,0.59172,0.5344879544687128,0.79921,0.89922,1.0028,1.10091,0.8216277013378372,0.8993697313708503,1.38358,1.51294,1.61732,1.131453954260943,1.48547,1.33764,1.3076,0.8008626526501297,1.07166,0.96811,0.8591,0.75421,0.6467,0.5403,0.44549,0.3874,0.34854,0.28994
27-01-2026 14:25,25022.0,0.42522,0.51321,0.62323,0.7317,0.84639,0.5244066228609926,1.04852,1.1661,1.26484,1.37808,1.46805,1.55096,1.65772,1.76347,0.7616048788871748,0.6832462878649893,0.7210863476445738,1.22728,0.5425475692714008,0.4820094469188647,0.88354,0.76492,0.64858,0.5281,0.32929033788104195,0.3051743543688849,0.25357782923741345,0.11719
27-01-2026 14:30,25040.85,0.39181,0.50066,0.62518,0.75971,0.88623,0.99624,1.1264,1.2432,1.34177,1.46343,1.56662,1.66481,1.3918716274783098,1.87057,1.57868,1.49654,0.7917077290209245,1.32053,0.8772564752471201,1.07647,0.944,0.8212,0.5033122222514548,0.57136,0.45098,0.36207,0.30341,0.19523964960745976
27-01-2026 14:35,25042.95,0.54896,0.57786,0.66313,0.76466,0.89905,1.00651,1.09641,1.22306,1.34797,1.50913,1.2211170617308,1.68869,1.77649,1.8546,1.65134,1.52633,0.897144446732243,1.38194,0.9430896170862878,1.12711,0.98879,0.87119,0.74329,0.60591,0.46679,0.3722685988366912,0.3095181988296408,0.10484
27-01-2026 14:40,25097.55,0.33389,0.42508,0.55551,0.67826,0.78645,0.92303,1.03769,1.16763,1.23569,1.42219,0.821481287259901,1.63715,1.0290446667942432,1.83068,1.7994,1.6687,0.9529728367575178,1.47385,1.33685,1.22119,1.06074,0.93888,0.84334,0.69108,0.40733655935798996,0.40992,0.31756,0.26193
27-01-2026 14:45,25108.1,0.37525,0.42842,0.3243569944355222,0.68849,0.8273,0.97349,1.11692,1.23827,1.32278,1.48454,1.58344,1.71158,0.7796001218891406,0.9397461761065785,1.91042,1.71363,0.7505108558375245,1.53578,0.6710568230017818,1.27885,1.15422,1.00505,0.88216,0.40723573660558965,0.58912,0.43418,0.30565,0.20319
27-01-2026 14:50,25122.3,0.32207724900015605,0.4328,0.55658,0.70672,0.84021,0.9529,1.12283,0.7288080670239527,1.34638,1.48257,1.61719,1.79522,1.88216,1.94677,1.134591063029564,1.89989,0.9619697326503144,1.64927,0.8341164625008829,1.37749,1.24586,1.08792,0.94426,0.78047,0.4517279076461659,0.47032,0.31555,0.16639
27-01-2026 14:55,25143.55,0.35345,0.38729,0.52999,0.2205666295729959,0.82563,1.0072,0.28250904920207004,1.2937,1.40702,1.55288,1.69702,1.7779,0.4452388973880906,1.94457,0.34215013525598503,2.06243,0.3464906032725728,1.86546,1.7262,1.55776,1.38835,1.2177,1.08865,0.90835,0.23804140079318084,0.58392,0.39964,0.24166
27-01-2026 15:00,25118.0,0.22867,0.42577,0.35636075134460976,0.76229,0.93694,1.07719,1.24115,1.40258,1.56178,1.66008,1.71452,2.02809,2.10815,2.13811,2.27781,2.11407,1.9501,0.9472929531546643,1.72376,1.54954,1.37437,1.19798,1.01998,0.4715468888498243,0.6876,0.51939,0.32525,0.2998794396937228
27-01-2026 15:05,25134.65,0.20763,0.42034,0.58577,0.74767,0.96576,1.10655,1.2084,1.45281,1.62229,1.78968,1.85084,0.6713362105692808,2.16189,2.31529,2.60916,2.34411,0.6156602582823156,0.41105458110549603,0.6006558086758066,1.68275,1.44213,0.4590105287219042,1.11695,0.95237,0.75249,0.56259,0.35433,0.11644
27-01-2026 15:10,25154.95,0.16803,0.40933,0.16033134432727908,0.82645,0.17594489896323418,1.12661,0.2052102045736569,1.58429,0.2357097734119799,1.96159,2.03204,2.3302,2.38021,2.55189,2.71129,0.3629673758352128,0.3424910931748473,2.13747,2.13017,1.85502,1.65228,1.44843,1.2431,0.97402,0.82574,0.1898917188520832,0.40968,0.17324
27-01-2026 15:15,25174.85,0.14225,0.42629,0.6745,0.81392,1.03772,1.33488,1.47205,0.20659422282111592,0.2273374574303765,2.22048,2.30421,2.50644,0.29334499187838325,2.90515,3.17201,2.95157,2.88296,2.51011,2.4194,2.06703,1.84445,1.62086,1.39592,1.16917,1.00123,0.75534,0.12063272177093252,0.23712
27-01-2026 15:20,25198.1,0.0168,0.39816,0.69406,0.11581063183941068,1.20671,1.47601,1.84647,2.00071,0.14508532468508972,2.6557,2.76165,0.17292947273639495,0.1794649764977035,3.69076,0.22825904925581453,0.21764754667831562,3.40433,3.13418,2.86358,2.59234,2.32024,2.04698,1.77218,1.4953,1.21558,0.12292036975904352,0.68798,0.3404
27-01-2026 15:25,25242.4,0.03726,0.35816,0.73157,1.13908,1.53259,1.91634,2.29252,2.66246,3.02705,0.14722542538795022,3.74259,0.16459002333362693,0.1732740174778252,0.18231933455068197,0.2276099671000457,5.38476,4.97453,4.59339,4.21172,3.82927,3.44575,3.06078,2.6739,2.28444,1.89151,0.12653107232945154,1.08871,0.1107056877073034
