datetime,underlying_price,NIFTY27JAN2625200CE,NIFTY27JAN2625300CE,NIFTY27JAN2625400CE,NIFTY27JAN2625500CE,NIFTY27JAN2625600CE,NIFTY27JAN2625700CE,NIFTY27JAN2625800CE,NIFTY27JAN2625900CE,NIFTY27JAN2626000CE,NIFTY27JAN2626100CE,NIFTY27JAN2626200CE,NIFTY27JAN2626300CE,NIFTY27JAN2626400CE,NIFTY27JAN2626500CE,NIFTY27JAN2623800PE,NIFTY27JAN2623900PE,NIFTY27JAN2624000PE,NIFTY27JAN2624100PE,NIFTY27JAN2624200PE,NIFTY27JAN2624300PE,NIFTY27JAN2624400PE,NIFTY27JAN2624500PE,NIFTY27JAN2624600PE,NIFTY27JAN2624700PE,NIFTY27JAN2624800PE,NIFTY27JAN2624900PE,NIFTY27JAN2625000PE,NIFTY27JAN2625100PE
07-01-2026 09:15,26111.65,0.12662,0.12265749999999999,0.11801,0.11382499999999998,0.10994499999999999,0.10406749999999998,0.0981,0.09621999999999999,0.0956525,0.0938775,0.09202999999999999,0.0904425,0.08913,0.110845,0.15428,0.1731049999999999,0.1681,0.162455,0.1572675,0.1523425,0.1468475,0.14129999999999998,0.13604,0.1310575,0.1262675,0.1213875,0.11638499999999999,0.11149999999999999
07-01-2026 09:20,26141.4,0.09711437499999989,0.10163810748713813,0.10697179830844131,0.10995325679324813,0.10819965624999989,0.10296528125,0.09704478717964257,0.09479191810928524,0.09496434967964255,0.0938390624999999,0.09202462499999989,0.09044609374999989,0.09201082240537878,0.11691448856075776,0.1582326036553789,0.1743520826700872,0.1692840715901745,0.16404012196380624,0.15845382661780397,0.15306184785445107,0.147762748030366,0.14253953125,0.13754540624999997,0.13234213427296254,0.12734570604592532,0.12242260572986685,0.1174190922933572,0.11356497251819513
07-01-2026 09:25,26139.35,0.09431524999999999,0.0969369246572993,0.10225194573299656,0.10572832226956458,0.1037385312499999,0.09993876562500001,0.09596703556159017,0.09331955549818034,0.09295800431159018,0.0920097499999999,0.09026815625,0.08881475482026549,0.09406321739189494,0.12325451407299327,0.16217370755443344,0.17544569027832166,0.1705867248974342,0.16504286246576946,0.15861048266037456,0.1526961999399877,0.1477401703232003,0.14277031249999989,0.13768278125,0.1326456797901497,0.12785151583029955,0.12296700541946357,0.11810779067657759,0.11430968267179983
07-01-2026 09:30,26128.95,0.103586375,0.10519496731016956,0.11029895240508467,0.1123655312499999,0.1087206874999999,0.10521162499999999,0.1004484928870755,0.09565604827415097,0.09459046197164842,0.09347165691914566,0.09162031283457281,0.09003785605006069,0.09143481575550036,0.11707900086081846,0.15936706085816466,0.17598600815557164,0.17111801970278576,0.16519690625,0.15833641419684288,0.15221007839368578,0.14724353919684288,0.14226298140201118,0.1370359628040225,0.1321662001520112,0.12753546875,0.1226915,0.11777608598020768,0.1133583439208308
07-01-2026 09:35,26131.9,0.097530625,0.1018996874999999,0.1087711249999999,0.1111294159095868,0.10859111306917381,0.10571080922489318,0.10071170336103054,0.09531207052614228,0.09327813293052645,0.09223796570222148,0.0912139703041175,0.08978778812226997,0.0881230721405311,0.11112928607026551,0.15688228981749672,0.17665770463499342,0.1715405710674967,0.16547728125,0.158891653295549,0.15302155659109803,0.147808997045549,0.14235631908602486,0.13689723192204978,0.13216313158602488,0.12764890624999997,0.12280003125,0.11793409038540989,0.11367261154163996
07-01-2026 09:40,26145.15,0.08593625960233411,0.0928430336505834,0.09796206249999989,0.1010674720106658,0.10156116277133159,0.09957645493134283,0.09645038988229108,0.09257914350255105,0.09008536187550982,0.08950230125778733,0.08909769526185594,0.08737103578449709,0.08559950164171114,0.10948645394585552,0.15661143625652652,0.17693831001305296,0.17159799875652648,0.16541106249999998,0.15895753124999998,0.15340403125000002,0.14823312499999988,0.1426267001520112,0.13716230655402253,0.13231823140201118,0.1276581562499999,0.12269212466012556,0.11774884674568806,0.11353376470174752
07-01-2026 09:45,26113.1,0.09835912166295485,0.10474968666573867,0.10587075088810213,0.10686700265992838,0.10577231515555016,0.1020510816990303,0.09844943402356436,0.09505984435121,0.0931627098929518,0.09205240830200445,0.09062612910400894,0.08847238370965566,0.08653976331530239,0.10977364842161183,0.1557772210279214,0.17561529801396064,0.1705044062499999,0.164409875,0.15803271875,0.15259484375,0.14714602302301086,0.14132201479602188,0.13614549177301086,0.13137771874999998,0.12635216892946038,0.12103298513393548,0.11602996703712719,0.11168963923055053
07-01-2026 09:50,26110.0,0.11822467310239114,0.11864326202559765,0.11782389157804189,0.11695734270417646,0.11292463567422703,0.10668118944245093,0.10144429266336275,0.09855907064365,0.09725615787464573,0.09531278124999991,0.09302356249999999,0.09091387739410045,0.08911906728820092,0.11099591938548725,0.15518002148277363,0.17456794824138677,0.16970456249999988,0.16370462499999988,0.157227062771031,0.15158156304206213,0.1460181498482131,0.1401568616543642,0.13512501891503972,0.13048583242571513,0.12531163256350705,0.11978270548342419,0.1148798712899,0.1106269999999999
07-01-2026 09:55,26108.9,0.11900616622621618,0.11752660405655388,0.12085528310808892,0.12077640119031505,0.11574167180636315,0.10907724053008741,0.10324084973930944,0.10108613906076794,0.10012810823884727,0.09778601422287676,0.09499803836143839,0.09263809036944404,0.09372837579879227,0.11826890350321302,0.1592579785878255,0.17525373551396065,0.1699080625,0.1639889687499999,0.15756628020438448,0.15157918540876902,0.14626495947739543,0.14069730279613785,0.1351419286121913,0.1303236346780127,0.12569777976840885,0.12019195156511511,0.11468795884184874,0.11065887499999989
07-01-2026 10:00,26140.3,0.09954164645696915,0.10195931786424219,0.11215887689765745,0.11589953504531492,0.11301893939765746,0.10925603614435846,0.10494083847508207,0.10225372476708874,0.10043362236691326,0.09795371236109615,0.09487756560896568,0.0922497938568354,0.09703952219241611,0.12577746927799704,0.16406962526399846,0.1765894062499999,0.1708634999999999,0.1650565312499999,0.15909796902103104,0.1531017505420621,0.14755593777103101,0.14183173531604581,0.13601421496994928,0.13132631774176107,0.1269954630878576,0.12149048195256884,0.11571540140513772,0.1115492499999999
07-01-2026 10:05,26142.95,0.09151240269435298,0.09573597567358813,0.10457777586888978,0.10837829954024723,0.10902142871074877,0.1096624685263152,0.10667291198582879,0.10233148208103719,0.09989136327679798,0.09793761180610414,0.09506836808478278,0.0924348156966887,0.09376877478324841,0.11878489456706628,0.16016382965713513,0.17641600585268777,0.1713475319527148,0.16564328248469684,0.15963359621939377,0.15398431373469687,0.1485164062499999,0.14294344425011593,0.13747876350023194,0.13263775675011594,0.1280195,0.12278069417335266,0.11725048209670533,0.1122171249999999
07-01-2026 10:10,26159.15,0.10431214645696915,0.10307459911424229,0.10311681443294331,0.10204964210028854,0.1036828157714373,0.10676115047378222,0.10348904423118169,0.09775202713064354,0.09606930350288506,0.09570906583899819,0.09371966106287524,0.09125543163602777,0.09263629257900133,0.11769455606615896,0.15895845145431614,0.1757933485624899,0.17192283877374903,0.16649976424248775,0.1601950597349757,0.15481863924248784,0.1496663437499999,0.14428153124999998,0.13897325000000002,0.13390937499999997,0.12914565625,0.12413181249999988,0.11868999999999989,0.1132443749999999
07-01-2026 10:15,26183.8,0.120454375,0.110199125,0.10610877029259808,0.10113369463766374,0.10031720982042118,0.10247272939824356,0.09816224985427696,0.09268852194600541,0.0917719132964484,0.09199919529496746,0.09035242757766603,0.08798658581453059,0.09321704400392172,0.12329021745510181,0.16290253293456805,0.17650109156717167,0.17239564038143732,0.16718008675318063,0.1608079710319099,0.15542050044723887,0.15042702715299447,0.14501745106427694,0.13982853803213843,0.13482671875,0.12987737500000002,0.12484687499999991,0.11956009374999989,0.114259
07-01-2026 10:20,26169.15,0.1346445,0.11792043749999989,0.11062740520716746,0.10485387019573483,0.1029048476748975,0.10210829934126049,0.09697354165493033,0.0928959062499999,0.0919019125948714,0.09121505671893533,0.0892111569032563,0.08709357527919236,0.08886498940058359,0.11579001005116726,0.1600030157657,0.17663054097086658,0.17102646617045228,0.16565385762692095,0.15960574744910397,0.15445624003561928,0.1497136652855668,0.14435309577366498,0.13933801663683243,0.13446653125,0.1294408437499999,0.12432274999999988,0.11904662499999999,0.11379
07-01-2026 10:25,26152.25,0.143200125,0.1242587187499999,0.11246937682091826,0.10632755262375537,0.1048556577101897,0.10259844608278641,0.09779174542543383,0.09460167239309704,0.09310268070666051,0.09163205585902494,0.08924638255146634,0.08724105213701458,0.08632493588100969,0.1100017499999999,0.15678825000000002,0.17599504326362228,0.16957413703307953,0.1641163222006712,0.15885102047744903,0.153889687417091,0.14893962090299445,0.14350879481427697,0.13820847553213841,0.1332066875,0.1283372499999999,0.1231788437499999,0.11793797791770116,0.11316828667080464
07-01-2026 10:30,26130.45,0.1418203749999999,0.12941655266818386,0.11723948197879099,0.10907378793507269,0.10662861641011404,0.1043847523392544,0.10050808830360593,0.09725634325053031,0.09486545200838757,0.09269061509412085,0.08990191997499462,0.08775618019852564,0.08726598530979442,0.11061774246311605,0.1563635161762321,0.17602559295367323,0.17035197680518258,0.16422011741480563,0.15821048762629236,0.15321790277611208,0.14815098768250098,0.142450100365002,0.1370551751825009,0.1320686875,0.1272172187499999,0.12188379745575464,0.11665979445326993,0.11283667316704186
07-01-2026 10:35,26133.05,0.13519494527024095,0.12847158920049911,0.11855017812765305,0.11079791822829078,0.10737952610537767,0.10472013237765843,0.10166833601171442,0.0986669341489543,0.09574110588643629,0.09299834371857658,0.09039025601285348,0.08829935495023712,0.08772785291262096,0.11089550472109867,0.1560241835105865,0.1758892591078769,0.17095439281838906,0.16471985557993138,0.15822867990986283,0.15314210557993138,0.147918694811318,0.14197920212263598,0.136753663561318,0.13193778124999989,0.12681224041967284,0.12110518935996145,0.11580867746199958,0.11221833000438095
07-01-2026 10:40,26144.05,0.12685905007105913,0.12300152495746051,0.11637610809566279,0.11101265723852463,0.10718709498792285,0.10363361877891811,0.10074811776273715,0.09806739021350717,0.09503342236291824,0.0921382257294207,0.08999918102164403,0.08823821596842638,0.08729007421784393,0.11058139703553657,0.15619123977477647,0.17571252122787379,0.17059476173388244,0.16511356502319915,0.1592250919110602,0.15382851470553013,0.14842239393250098,0.142736381615002,0.13740245643250099,0.1323395312499999,0.12692138178296106,0.12123034227167698,0.11645982485050657,0.11291376762414375
07-01-2026 10:45,26141.15,0.131160445270241,0.1228863579915384,0.11762339825505065,0.1135053014648342,0.10753015303891973,0.10274400054946244,0.10048737931000512,0.09877996730367736,0.09633229078457564,0.09344929549812685,0.09123305164802048,0.08948589999483426,0.08803135150728517,0.11077367392324536,0.15637193547061978,0.1756308473013501,0.1701726069408409,0.16493733537893437,0.1593304055376476,0.15388951526882375,0.148584375,0.143124625,0.13768834375,0.13239990624999992,0.12717842791967288,0.12190316833934574,0.11707578639755309,0.11297530891152115
07-01-2026 10:50,26146.85,0.13822199999999998,0.12186361548436835,0.11764770811253658,0.11512480637301394,0.1064315991349708,0.10075538079094631,0.0999659065672742,0.09961820649077568,0.0980660064142771,0.09534148758213859,0.0928527812499999,0.0908125295724204,0.08903202789484103,0.11141837332242041,0.15669377191545736,0.1760085316485837,0.17086184130079546,0.16535080939875327,0.15919081301483895,0.15372028628642503,0.1487805448526703,0.1435414062499999,0.13812240625,0.1328383749999999,0.12754680897087603,0.12215743044175204,0.11704326311361973,0.11214819157097501
07-01-2026 10:55,26168.55,0.13143225,0.1148766562499999,0.11433335871341058,0.11551841417119915,0.10838775220216645,0.10317945276852328,0.1016413245482907,0.0999657872741453,0.0981281562499998,0.09566128125,0.0931470312499999,0.0910298437499999,0.09181066643316838,0.11698380161633667,0.16003208408539898,0.17712180405446135,0.17204682390223058,0.16626178910484657,0.15974002275243832,0.1540188031903369,0.14927931954274518,0.1443074374999999,0.1389123125,0.13362359375,0.12801124877772596,0.122268653805452,0.11724337377772595,0.1122403749999999
07-01-2026 11:00,26160.15,0.1295704655725047,0.1094349601431261,0.11261558787035236,0.1178582069907048,0.11348633787035235,0.10893106250000001,0.1056197812499999,0.10223012121212302,0.09933142992424618,0.09647996541758956,0.09388509466093294,0.09165656295546643,0.09547095836542474,0.12379460423084969,0.1638404896154248,0.1779048125,0.17264953124999988,0.16663746716383973,0.16007957529725006,0.15440640535298092,0.1497207972195705,0.1446037556827899,0.13903448011557992,0.13367631607729852,0.12825192975989316,0.12296508458626068,0.11789052772087602,0.11261474999999999
07-01-2026 11:05,26182.1,0.1261741847591152,0.10191723368977867,0.10714616854083917,0.1140221808316784,0.11034389461281754,0.10570451464395667,0.10211789076682726,0.09932674371386498,0.09648724334318283,0.0937362525020402,0.09142729442460573,0.08933163681559168,0.0902876595020275,0.11629373911633675,0.16062366643316836,0.178311625,0.1730070312499999,0.16720030508602274,0.1606640430357194,0.15445267352967987,0.14958896954629228,0.14463269948879218,0.13907295604496617,0.13349023814273667,0.1280336139905071,0.1234235726202535,0.11859549999999999,0.11309349999999999
07-01-2026 11:10,26166.7,0.1338927911760382,0.11152951992446056,0.1112949477459152,0.11190205410047717,0.1057325746046494,0.10096972973927254,0.09862960064246039,0.09678365525777145,0.09408533418942464,0.09155733365229807,0.0893863831070555,0.08732349036300315,0.08618040120376827,0.11015637499999999,0.15737940624999996,0.17759088368891454,0.17212936112782917,0.16674113368891452,0.1607475961169001,0.1542918775145889,0.14884671667847754,0.14417865971357857,0.1390586363655799,0.13311299190111314,0.12734725368664634,0.12286548621832313,0.11812181249999999,0.11261887500000001
07-01-2026 11:15,26148.15,0.1429140371777889,0.12613264642222033,0.12009620324780032,0.11355989784372811,0.10547676216401836,0.1012802184963583,0.09948878956802817,0.09803144688287793,0.09558467016430766,0.09254922095937756,0.08999042035497601,0.08795098724375436,0.08691318112187713,0.11030517325602285,0.1564704090120457,0.17634920397625511,0.17094224894046448,0.1654736536159009,0.15974205829133745,0.15401528186197788,0.1486282241826183,0.14361350271630913,0.1383939999999999,0.13249402842479094,0.1267055720129094,0.12180305875144587,0.11697795266332742,0.11163187499999999
07-01-2026 11:20,26148.9,0.13912099999999997,0.13209724140125836,0.12559236952130567,0.114619728380451,0.1060616145622661,0.10198275854533331,0.09871723917646293,0.09766313278326813,0.0966671153995042,0.09329049153919661,0.09016547022885485,0.08837433651136961,0.08712774876207949,0.10967663488617001,0.15519392602234008,0.17566736232508462,0.17100836112782916,0.16502264383986653,0.15879942655190388,0.15345287907713173,0.14834311285235957,0.14319433767617978,0.13785193749999988,0.13214843734378073,0.1263542700486013,0.12100447806586004,0.11621180161103965,0.111097875
07-01-2026 11:25,26140.4,0.13665125,0.13350697402907005,0.12957801826453497,0.1189324999999999,0.10902892554391576,0.10437358224170756,0.1010905036384561,0.09968353486666633,0.09870435381521572,0.09529329516357381,0.09190166479872015,0.08998531677436003,0.0883664999999999,0.11029261841679652,0.15519245558359324,0.17550283716679652,0.1710409374999999,0.16519612289566868,0.15870632385840308,0.152565587217601,0.14733766319266758,0.14267462068780093,0.13749809374999988,0.13172900574122215,0.12604783914577183,0.1209309110678771,0.11597735891332742,0.1106615
07-01-2026 11:30,26144.45,0.135467125,0.12874127513341868,0.12795241881670932,0.12153618749999999,0.11145353069908533,0.10636399706897168,0.10406253031328215,0.10179305562729152,0.09946026134519667,0.09628110864851148,0.09324700936511193,0.09118484551859224,0.08926492514069087,0.11128139334654041,0.15639547419308092,0.1761508308465404,0.1712629375,0.16575028125,0.1591057400035134,0.15238083791681883,0.14734495582309728,0.14295654540979183,0.1377281562499999,0.13211332179364813,0.12651952593643864,0.12121661774193285,0.11615319484914233,0.110902375
07-01-2026 11:35,26160.05,0.13597658421606718,0.12460808355401666,0.12375790624999991,0.1200281874999999,0.11234784375000001,0.1059873437499999,0.10177620048349442,0.09890846346698884,0.09626195048349441,0.0936536249999999,0.09134423748205348,0.08965350621410707,0.08782289373205347,0.11049821874999999,0.1567401562499999,0.17663397551340126,0.17145226352680254,0.16609950676340127,0.15991964056706554,0.15378717347195564,0.1484756766751903,0.14330867645277584,0.1380489701824757,0.13278221875,0.12707050308757786,0.12139003742515583,0.11642850308757786,0.111357125
07-01-2026 11:40,26147.1,0.14076461379341165,0.12821290344835276,0.12394419060548038,0.11901909445854969,0.11359536710065808,0.10780690074758875,0.10211818001614556,0.09833948503229112,0.09565968001614546,0.0933194375,0.09107570639069085,0.08925664557355026,0.08747589072502795,0.11028998279216845,0.15648521875,0.17602477814264628,0.17051096253529255,0.16539643439264629,0.1597747499999999,0.1540027187499999,0.14826514954810407,0.14254836159620835,0.1374639932981041,0.13248240625,0.12703869484914232,0.12138877387567319,0.11601721320391925,0.110961875
07-01-2026 11:45,26136.15,0.15022883421606717,0.13289558355401668,0.12253209897000936,0.1155145969610047,0.11149301731676188,0.10713942088054726,0.10195782078827516,0.09829027596698883,0.09576463798349431,0.09352724999999999,0.0912008437499999,0.08920382837810314,0.08753671925620647,0.11034114087810314,0.15623071874999997,0.17537277823845143,0.169538962726903,0.16454168448845144,0.1591497812499999,0.15336824999999998,0.14778547018247568,0.1421399068779501,0.13674565320847323,0.1317786227629987,0.1267249687499999,0.12105795614212178,0.11535553728424373,0.11061149999999999
07-01-2026 11:50,26138.65,0.15253456392615297,0.1337564839176137,0.12031456397763131,0.11264824989462521,0.1090202415901734,0.1042282122266195,0.09909840573951532,0.09614012499999999,0.09392330180772114,0.09169063486544232,0.08960994284730164,0.08795474607033518,0.08674753777192906,0.10989083899117429,0.15585454699643095,0.17497480577338728,0.16920178305748157,0.1642022430305253,0.15879653125,0.15303440625,0.14759603124999998,0.14190863485768146,0.13612523846536304,0.13123788485768148,0.1264750937499999,0.12102344667738836,0.11556836210477692,0.110637125
07-01-2026 11:55,26126.7,0.15281666762623297,0.1356368542520935,0.12072005838849009,0.11233372293284544,0.10858439038714228,0.10417515880203242,0.09967093280478073,0.09673571874999999,0.09422378228548889,0.09165493957097798,0.0895842963598247,0.08793823151129733,0.08681479579958741,0.1099927971126258,0.1555476943473737,0.1746802590383799,0.1693689037846383,0.1641087453436322,0.15815834692848452,0.15222778760696903,0.1467827360253239,0.14128518220667768,0.135820165872837,0.13087362276299871,0.125969625,0.1207817499999999,0.11557128124999999,0.11041999999999999
07-01-2026 12:00,26121.55,0.16180781392615295,0.13965603643490976,0.12306753678430538,0.11404676370802415,0.10965957070837813,0.10588639646493575,0.10171026342862724,0.09814154570395886,0.09549004042975714,0.09312780996214669,0.09088384815266566,0.08887406043754864,0.08741020059026376,0.11022799899765953,0.15549614074643095,0.174748218992862,0.16952389074643096,0.16355956842152564,0.15665494349225995,0.15069115046994283,0.14573816511327464,0.14056912317813228,0.13549185846406614,0.13056621875,0.12551890624999998,0.1204251562499999,0.11524240625000001,0.110001
07-01-2026 12:05,26110.95,0.16729342226430496,0.14239384994641474,0.12646383713758882,0.1180276689144987,0.11252838048673885,0.10821708276965955,0.10371148198696561,0.09939858622717236,0.0968435077434479,0.09484824725324113,0.09235164922764687,0.09000933457809197,0.0910529799167143,0.11619933425973998,0.15825735219347078,0.17437123460112033,0.16886262545224076,0.1625653397960719,0.1553832615406085,0.1498778012463624,0.14558265899754486,0.14064005944367888,0.1354223265968394,0.1303515625,0.12535725,0.1202274375,0.1149334687499999,0.1095874999999999
07-01-2026 12:10,26110.45,0.16699320316320054,0.14451613269713715,0.12901819570456674,0.12012072500297488,0.11386236075175533,0.10933091550017847,0.10509948217862725,0.10092110820395897,0.0981925511220359,0.09578408134670427,0.09312521780536401,0.090817356071589,0.09505881423370569,0.12321890022410045,0.16160606800661975,0.17392556299984505,0.1681161572496902,0.1624174751713707,0.15602753177234893,0.15036848328012078,0.14568526992929748,0.1407425,0.13544503125,0.1302638124999999,0.12523825,0.12018092524187123,0.11531137604681371,0.11060410225228463
07-01-2026 12:15,26107.4,0.16431592226430505,0.1450437034260616,0.12994216568308342,0.12009978409093729,0.11390906167260204,0.10984617558475562,0.1056315937499999,0.10142787499999999,0.09810870025223373,0.09520005675446748,0.09283641900223373,0.09083778124999989,0.09182222719347079,0.11664142313694166,0.15830197719347086,0.17389511688462986,0.1680465150192597,0.16265817938462984,0.1565559631872789,0.15032738547873528,0.14518072514563382,0.14043395910417744,0.13531759374999988,0.13017165625,0.1251191249999999,0.12025240217939966,0.11620950612464083,0.11287818206336636
07-01-2026 12:20,26103.3,0.152931125,0.14253661322183084,0.13003122698731356,0.11969008159550532,0.11360707393681589,0.11005449084270878,0.1058508124999999,0.10130653125,0.09766156930756924,0.09472473236513862,0.0926891167402631,0.09087668861538765,0.08916245368269378,0.11129628124999999,0.15566603124999998,0.17387938616617873,0.16795424108235757,0.16262960491617873,0.15676552129305465,0.1503982785815623,0.14478652453396043,0.1398769111643084,0.13459861417773047,0.1295881715988942,0.12502960759001921,0.12024758149187123,0.11595867030826526,0.11257777929809105
07-01-2026 12:25,26106.55,0.14464385516639852,0.13713625765881937,0.12780252193360978,0.11886678125,0.11290171874999999,0.10915515625000001,0.10494240625000001,0.10076043749999991,0.09761423150223364,0.09496008800446737,0.09260565139534542,0.09048902728622354,0.08893057614311178,0.1110612341526935,0.15529693705538694,0.17359226676354472,0.16757378843933057,0.16225685404610762,0.15688109821762813,0.15092856522149684,0.14494330858387447,0.13897314864627613,0.1332576367048536,0.12895911069889246,0.1251407230279373,0.12041665624999999,0.11547175216589468,0.11087875866357905
07-01-2026 12:30,26108.85,0.14120092984151253,0.1310805881769852,0.12430259174870516,0.11849373426026777,0.11304678124999999,0.1088898125,0.1049395625,0.1012639062499999,0.09836618749999991,0.0957646874999999,0.09281399923872367,0.09012374847744756,0.09149408333074648,0.11623352953473633,0.15744724429340456,0.1731512380611305,0.16690416132300478,0.16160178626469066,0.15684190790212546,0.15154020797569207,0.14544929493385736,0.13882168503197842,0.13345379975517246,0.1295736842713785,0.12540788884001922,0.12046981249999991,0.11545996097887345,0.11073546891549392
07-01-2026 12:35,26106.25,0.13476510516639853,0.12352464539003769,0.11799273022142279,0.11434263461480246,0.11015829733072662,0.10660787591145332,0.10309292233072662,0.09968918749999989,0.09702384375,0.0946439374999999,0.09176529111732928,0.08908042598465868,0.09381266121548482,0.12223722434900447,0.16085533840354257,0.1739029157300352,0.16800789887231163,0.1623982217625981,0.15717569196762812,0.15183846874999998,0.14607064689088067,0.14012157778836148,0.13493758990408086,0.13035522150659995,0.12556515624999998,0.1205019999999999,0.11580234056352304,0.11195698725409238
07-01-2026 12:40,26103.5,0.1282795,0.12140289688381718,0.11609329983231026,0.11123704676026777,0.10718071482318527,0.10340936817683614,0.09919127938411627,0.0961431260304654,0.0941893125,0.09216565625,0.08997561715317318,0.08789976207440077,0.08919403803130481,0.11450203914205276,0.15697117672192862,0.17364261904976233,0.16805573921961892,0.16246033835980947,0.15695609375,0.1514479374999999,0.1459861875,0.14056009375,0.1352969375,0.13026474999999987,0.12505447622026344,0.11969250408113938,0.1152119414753997,0.11186382289564456
07-01-2026 12:45,26084.3,0.132179375,0.1274389999999999,0.1212009374999999,0.11438321875,0.10965132858072661,0.10509635845248233,0.1000586374127846,0.09710348254102888,0.09517065625,0.09288440625000001,0.09074221621974332,0.08871591980834388,0.08706750345745773,0.10920295488085842,0.15359337252400246,0.17238481086000107,0.16673199919599974,0.16142406209799984,0.15623565625,0.15065410772275362,0.14501602794550744,0.13972507647275373,0.1344147452477754,0.12918911549555084,0.12385146570835776,0.11817880507409771,0.11373254459854636,0.11066850832839155
07-01-2026 12:50,26084.8,0.13425928330672549,0.12932739669470805,0.12350589730901326,0.11718928125,0.1123731875,0.1079778135304654,0.1033010958109309,0.0998535322804654,0.09718853125,0.0945505,0.09215016381469587,0.09000457414744627,0.08836990685080472,0.11004806236895864,0.15356068508098844,0.17215788596907383,0.16687960509879896,0.16152196335980945,0.15619375,0.15046168384766612,0.14449218019533236,0.13922962134766614,0.13383949771876674,0.12838396418753356,0.12359178643903018,0.11854591033113938,0.11402487569123518,0.11094430975898649
07-01-2026 12:55,26089.25,0.13272912625697228,0.12644551136721285,0.12235352115148485,0.1185969375,0.11400678125,0.10905053354433222,0.10434784833866452,0.10075115854433221,0.09784631249999999,0.0949836249999999,0.09248102871974331,0.09039502618948674,0.0887146224697433,0.10995999384262899,0.1531063145629195,0.17198144497265674,0.1671349216270715,0.1619646411247051,0.15661590625,0.1508439761934013,0.14487982738680272,0.13931161437713488,0.1338296153652425,0.12868137867928442,0.12406796399777544,0.1191860937499999,0.11446622993416536,0.11080041973666183
07-01-2026 13:00,26099.15,0.13290385353736967,0.12395711232274768,0.12037817247717757,0.1182429299219833,0.11406999999999999,0.10872432579536596,0.10371180784073214,0.10027901329536597,0.09746816684089837,0.09442442743179685,0.09197782309089828,0.09003753125,0.08829949999999999,0.10999894141095115,0.1539760003853827,0.17264649672147034,0.1672471641805975,0.16226085143355862,0.15706262499999998,0.1511600069482737,0.14519385764654744,0.13951060023600048,0.13386078142566651,0.1288290954881528,0.12423625110021304,0.11928490624999999,0.1142925067269889,0.10962102690795579
07-01-2026 13:05,26103.3,0.13036706972037107,0.12104992965187467,0.11812651748572432,0.11651807216655552,0.11208718749999999,0.10695568979433223,0.10257411705553884,0.09925932097808095,0.09622784147043927,0.09314273925712989,0.09094272900356484,0.08916529575987235,0.08745621651974479,0.10975929575987224,0.1544985777363475,0.17332098409740038,0.16791410998575787,0.16266998487470508,0.157210375,0.1513907907715533,0.1454598940431066,0.1399950852052868,0.13427123154392176,0.12870745478664303,0.12420498642645472,0.11957734375,0.1144368125,0.10924937500000001
07-01-2026 13:10,26105.85,0.13171032023064405,0.12073455973689179,0.1170322489605478,0.11544740263340315,0.1105039902994939,0.1048496429577503,0.10112146532899965,0.0985185233243793,0.09563241709662064,0.09270330243179685,0.09055588559089837,0.08858705594376418,0.0868371431375284,0.10939577469376409,0.15453093918430005,0.1738496283686002,0.16850275168430012,0.16278878125,0.15705884374999998,0.15114771804673877,0.1451517798434777,0.1398873103134277,0.134389386402386,0.12890618350470534,0.12444667061900816,0.11976365624999999,0.1145150312499999,0.10925949999999998
07-01-2026 13:15,26097.2,0.13473037499999999,0.12314770047230697,0.11727487006501505,0.11425285746310912,0.10964762658309178,0.1036972025250271,0.09983288887885615,0.0979607062833942,0.09548333121687431,0.09272971875000001,0.09064461101232602,0.08857926930172358,0.08673958056646924,0.10927967227707158,0.15441821875,0.1736091744947469,0.16806375523949388,0.16247867449474687,0.15688040624999997,0.1510358598009056,0.1450394956358887,0.13933546780068856,0.1340501498522647,0.12881888876462905,0.12339023574781435,0.11828528652481198,0.11366773111352864,0.10922649999999999
07-01-2026 13:20,26097.45,0.1355745,0.12742667323291845,0.1211535735679232,0.1145333461870908,0.1087387402994938,0.1036703304577503,0.09957190257327747,0.09707049156293486,0.09464425,0.09213490625,0.09282855810297035,0.09637586388752764,0.09735474233242208,0.11688803166414272,0.15623362636627797,0.17241425414628261,0.16687022704256543,0.1615546778614638,0.15604825368036224,0.15058445496518108,0.14476522202269732,0.13853609224541863,0.13314275350261962,0.12763131440039555,0.12128548306940612,0.11618462843642646,0.11262108548049789,0.10960490365500075
07-01-2026 13:25,26076.35,0.13717175,0.1341189091976074,0.1283354545988037,0.11837171875,0.11024878158305626,0.10504751017539621,0.10101855060162335,0.09812913450928348,0.09553175,0.09303881249999998,0.09675401806683366,0.10665685843892342,0.11358388307328128,0.13218173184712734,0.1617010641459357,0.17160408050611065,0.16602934851222145,0.16059083292914259,0.1549724110960638,0.1495581769792157,0.143937781396445,0.13765216828059856,0.13157852932579414,0.12653730303779226,0.12151790834014979,0.1165283219109514,0.11263319474094097,0.10950259623737019
07-01-2026 13:30,26070.0,0.1392485545570965,0.13749382436205368,0.13227437411138981,0.12193999999999999,0.11290813395991396,0.10712202413771796,0.10296108389569382,0.09995975621788983,0.0971420625,0.094419625,0.09471343935203907,0.0979868146874084,0.1048123527565627,0.12974973760905703,0.16201280688218694,0.17128211753218803,0.16554165748140565,0.1600963980750045,0.15427536992685154,0.14867203352561384,0.1432890154965268,0.1375716670202529,0.13172473818777844,0.12696578421370133,0.12223245182244984,0.11690315223515034,0.11247842255945546,0.10860807326752146
07-01-2026 13:35,26074.55,0.1389631469156871,0.13614276744924003,0.13193067786015913,0.12293428124999999,0.11460771070106081,0.1093278996614052,0.10458679221962788,0.10069057200928337,0.09759716588570312,0.09475742552140615,0.09233022838570301,0.09026690625,0.0911417190204791,0.1155400942909583,0.1562297630289836,0.17129974402837292,0.16587069978123217,0.1601058831341984,0.15340060983806222,0.14798902536380418,0.14353775470476052,0.1383399185571772,0.1327539255019868,0.12764955650099336,0.12253315831806966,0.11707369904753095,0.11223501358461413,0.10854673677504569
07-01-2026 13:40,26074.2,0.1374131260820821,0.13464798010933046,0.13084094909078048,0.12312288944758368,0.1155926870634836,0.11039221787696732,0.10544140581348362,0.1012729999999999,0.09810477294471216,0.09517254588942432,0.09265730419471206,0.0906028125,0.0887996249999999,0.1104219374999999,0.15362116900331563,0.17141911925663128,0.1661547940033156,0.16043996782347172,0.1537515408257335,0.14823152193105185,0.14371385517879,0.13847497034348272,0.13271931568696557,0.12752300159348273,0.12269593749999991,0.11728625815939175,0.11183887122191367,0.10783616961252061
07-01-2026 13:45,26072.8,0.13479851337102078,0.13362648593741375,0.12932705893931729,0.12211898259465853,0.11543292911800444,0.11004795198600899,0.10508396036800444,0.10121896875,0.09821894713570312,0.09528314427140624,0.09273625963570302,0.09068768749999999,0.08892865625,0.11016015330952983,0.1526972127070365,0.170635496735483,0.16575183968596957,0.16019594065661538,0.15424122615454783,0.14892555223122167,0.14367948938529618,0.13814029299611982,0.13241917974223966,0.12738473049611984,0.12278174999999991,0.11760666366139141,0.11221635857278303,0.107367
07-01-2026 13:50,26083.4,0.13273694652498558,0.1320106633272848,0.12825168814439472,0.12055504569758359,0.11356156249999999,0.10827533680134904,0.10327073610269819,0.09993149305134905,0.0973993125,0.09454775,0.0920920312499999,0.0899985697227435,0.08821770194548717,0.10915277539380976,0.1514319481044297,0.1700435604456605,0.1655582551104923,0.16004498555357988,0.15471725356257404,0.14944794759529426,0.14368489122620973,0.13833446283158757,0.13300925318696555,0.12785428284348274,0.1230488124999999,0.11799668749999999,0.11296511554157725,0.10831696216630905
07-01-2026 13:55,26079.6,0.13163987500000002,0.12993372367888018,0.12680033706587648,0.12011775000933335,0.11321284051878178,0.10842812937666642,0.10402309414292271,0.1008260189058463,0.0982558041395899,0.0952099990753723,0.09263162315074469,0.09032518773880552,0.08833353357686641,0.10917514946598869,0.15147257894920194,0.1701909317407372,0.1658912159420839,0.16067858594598616,0.15523558984799304,0.1495814439210739,0.14368210659214778,0.1384879751710739,0.13337584375,0.1281254062499999,0.1231439999999999,0.11802265625,0.11317596099980232,0.1091095939992095
07-01-2026 14:00,26088.65,0.12691075,0.1251317637255246,0.12159542249488488,0.1168036908101053,0.11128268529151764,0.10766611805134904,0.10455979291282777,0.10090094550582179,0.09786610947855663,0.09495135488240497,0.09232852785715838,0.09009779604248586,0.08828304145626256,0.10912560799680007,0.15143619576332457,0.17009317883294114,0.1660205484721342,0.16104762283446086,0.15521078516199924,0.14963580144464564,0.14410647397729207,0.138820080738646,0.13366496875,0.1284688124999999,0.12345359374999999,0.11829074999999989,0.11319420929157714,0.10840596216630906
07-01-2026 14:05,26096.3,0.1204672499999999,0.11985188147176967,0.11740847846232125,0.11450756250933333,0.10991843426878177,0.10627093750000001,0.10283656319706011,0.09858844940922401,0.0955205149504058,0.0929407563638594,0.09059409805191578,0.08867253044146216,0.0871715965065084,0.10872280640586285,0.15210909599187042,0.17070719678541102,0.16599718525328383,0.16103523663217154,0.1551892816738931,0.14960913854866906,0.14428021417344514,0.1392317477117225,0.13411729591597474,0.12880477933194953,0.12386310841597473,0.118809375,0.1135229062499999,0.1081847499999999
07-01-2026 14:10,26100.95,0.11740156271510138,0.11737448442877531,0.1154725625,0.11347952382031624,0.1098296101406325,0.10534814882031625,0.10080533666690035,0.09684610591801428,0.09404035461805438,0.09121879167762889,0.08902131809942512,0.08758420301722124,0.08626806169619348,0.10819729529416673,0.15235486840291537,0.17128460142509574,0.16636489694727602,0.1614057785546376,0.15575294141199925,0.15008980895654073,0.14470542650108228,0.13967990075054112,0.13434041728794424,0.1288120533258886,0.12404704228794425,0.1191814687499999,0.1138766249999999,0.10862499999999999
07-01-2026 14:15,26097.3,0.11987900047548725,0.11893340095360147,0.11542448916945933,0.1120953580954287,0.10838341828608818,0.10392274604007898,0.09967562872089426,0.09624274991240851,0.0936959306793426,0.09105474122849982,0.08878411569386,0.08732564208611877,0.0860913421389646,0.10802321282759059,0.15220485267249206,0.17157129440013544,0.1669519236277789,0.16174708681388944,0.15613203125,0.15055487499999998,0.14483335078150567,0.13936626406301142,0.1341289279474805,0.12894740433194954,0.12410954591597473,0.1190938749999999,0.11380365624999988,0.10868425
07-01-2026 14:20,26090.7,0.12389056271510138,0.1215675456041323,0.11626890360071396,0.11228764749567313,0.10834392681140256,0.10374946966185639,0.10012867989130025,0.09685513269106028,0.09437036322053009,0.0921330570154097,0.08967362590980041,0.08770876827337164,0.08639416812898092,0.10817601398261248,0.15187257729116838,0.17135083138449925,0.16706783057594332,0.1619174062499999,0.15643978125,0.15076271875,0.14466312245122306,0.13883590115244632,0.13367143495122316,0.12875721875,0.12383071874999999,0.11869043749999991,0.1134043125,0.108262375
07-01-2026 14:25,26090.45,0.12352612499999999,0.12130663881647821,0.11590467336831857,0.11245140264005289,0.10906135227538628,0.10398245455077268,0.09970196772772234,0.09650601215467212,0.09443370920233606,0.09234878124999989,0.08988385350677063,0.08787717576354137,0.08647260350677063,0.10839830766475321,0.15218870462896034,0.17143258001366093,0.1670770580494538,0.16218199999999988,0.15682515624999988,0.15093465625000002,0.14504566328150564,0.13956129531301142,0.13404247578150563,0.12856161759141704,0.1233956726828342,0.11843921134141705,0.11343017398363253,0.1085184459345302
07-01-2026 14:30,26098.65,0.1218635,0.12081456397015768,0.11697235798690532,0.11374141525121761,0.10983550736198165,0.1044431084739633,0.09971115854875266,0.09648348987354215,0.09428724493677103,0.09191828124999989,0.08971299711210183,0.0905976005084289,0.09427599765481713,0.11632224473275493,0.1553148373002083,0.17162066218931826,0.16663413970658392,0.16190077139898643,0.15695630705577743,0.1510276790460999,0.14520857684219993,0.14008111654609992,0.13439669507806568,0.1283292438450534,0.1230124337059097,0.11823645343350046,0.1134553900056079,0.1092951370658036
07-01-2026 14:35,26088.15,0.12309749999999998,0.12256665184299945,0.12051085567136108,0.11737841566657423,0.1120112499999999,0.10677225,0.10283134374999992,0.09936165625,0.09645428125,0.0935468796534535,0.09109500839007073,0.09502981506648904,0.10492378811179735,0.12643327951312658,0.158458565927185,0.17127538555504304,0.16584975315786135,0.16111860798854533,0.156637945939743,0.15078586947032624,0.1448282389406526,0.13985533822032625,0.13424217958046103,0.12824075800233917,0.1232332272632952,0.11815228873732754,0.11297281625082616,0.10931602083602136
07-01-2026 14:40,26097.55,0.12211999999999999,0.12162427081558513,0.12078963538117038,0.11677305206558514,0.11077399999999989,0.10662109375,0.10276028125,0.09890925,0.09606596874999991,0.09311779153658152,0.09055139557316315,0.09149967907080672,0.09531775054271528,0.1164516944238048,0.15464934360636468,0.1715614438769244,0.1667654446512757,0.16157699766450867,0.1565690443686882,0.1510022699656807,0.1452406751402575,0.13991821939221516,0.13451679337612327,0.12902739015613138,0.12382244764368576,0.11837885487581877,0.11341121548718008,0.10987067872961216
07-01-2026 14:45,26107.25,0.1245751249999999,0.12351085316657423,0.12118748758314844,0.11460317004511715,0.10844694625708577,0.10527209812854284,0.1011086875,0.0971393749999999,0.09459878124999989,0.0919849421534536,0.08970394680690708,0.09051856858309713,0.09410238071224636,0.11550165177404487,0.15432899706508849,0.1717474604158945,0.16753063261840956,0.16243941921746968,0.15678158526353936,0.1512784378222311,0.14566714656675883,0.1398429806335178,0.13456342781675884,0.12948253124999998,0.12387026774965201,0.11813894174930403,0.11347050522502475,0.10934757490149118
07-01-2026 14:50,26098.4,0.12976987499999998,0.12875753125,0.12455071875,0.11711592250783164,0.11050553251566338,0.10691039125783164,0.10324667948010482,0.09942210896020967,0.09647442948010483,0.09362828124999999,0.09124140389333707,0.09472620897325491,0.10400696092830283,0.12566328991274872,0.15843587602096845,0.1722172539090937,0.16784133668486723,0.16294743473589468,0.1572475484392261,0.15134662970183893,0.14580310206418667,0.14010855763591296,0.13431625787765308,0.12912242353979772,0.12381611479129438,0.11820526083258885,0.11330761479129436,0.10853674999999999
07-01-2026 14:55,26113.35,0.1294474999999999,0.1263617812499999,0.1213980312499999,0.11550081687854283,0.10932104874468856,0.10486039685374854,0.10179143015415033,0.09861927385812104,0.09559165846659938,0.09286324352502585,0.09067049808000846,0.09131108914358169,0.09459181190009722,0.11670303618948318,0.15632604342012713,0.17322433113433605,0.1684486732132358,0.16339026529213582,0.1577982725501427,0.15175977980814984,0.14630323365407483,0.1408453869037634,0.13480886755752686,0.12951179315376346,0.12463926207828124,0.11939133665656237,0.11431341130492556,0.10961547190657736
07-01-2026 15:00,26123.1,0.1220831249999999,0.11878169026097075,0.11521447427194169,0.11107672151097085,0.10567717063049041,0.10136634126098101,0.09859019386059534,0.09569768935722656,0.09299002777413862,0.09080729914701689,0.08899421639333716,0.08747805825994563,0.08610602983987989,0.1085369379732713,0.15379726166022023,0.17363658582044056,0.16917674949415568,0.16420520057485374,0.15829162891403017,0.15242129493924098,0.14694902483166827,0.14153621567087607,0.13605574314513466,0.13064461103979771,0.1255098749999999,0.1203305312499999,0.11531998118521375,0.11104442474085524
07-01-2026 15:05,26133.7,0.11099949999999989,0.11299683340583029,0.1125289793116607,0.1097699896558303,0.10517516498760279,0.10117117372520561,0.09795347748760279,0.0948464909728757,0.09241004444575134,0.09033977222287572,0.0885253125,0.08706558852844619,0.08842986083771151,0.11347979269357855,0.1563681301198121,0.17394507510767293,0.1695809076123438,0.16457636867928954,0.15842000912823978,0.15233850287125228,0.1464706208011806,0.14114207480596408,0.1364552179369158,0.13128737499999998,0.12601940624999988,0.1208521874999999,0.1156397117266443,0.11069359690657728
07-01-2026 15:10,26142.1,0.1035995,0.11109884651097074,0.1108560367719417,0.10733807248356564,0.10352251444518949,0.0996935384725947,0.09612253124999989,0.09317940063117013,0.09126202001234025,0.08953543188117012,0.08784556249999999,0.0864027865777613,0.09094466526312256,0.11933037111384337,0.1594447677493645,0.17418999797020482,0.169678945298645,0.16472606791955696,0.15911628429046892,0.15282844350179026,0.1463467730280905,0.14123203261151354,0.13686851406497885,0.131745,0.12641175319884462,0.1211643813976895,0.1160949281054881,0.11115757462657348
07-01-2026 15:15,26147.8,0.107414,0.1124543437499999,0.10920484375,0.10326755214994639,0.09933441679989269,0.0961455833999463,0.09268592297777858,0.08990562720555728,0.08879498547777859,0.0878778749999999,0.08637490270105942,0.08501486790211885,0.08669996148187845,0.11274414166513236,0.15686457573780765,0.17502484134366403,0.17027412164403743,0.16473529612054305,0.1590744337696527,0.15348876848510967,0.14777657752472556,0.142592425753054,0.13740786216046078,0.13188981249999998,0.1263953195711305,0.1210019516422611,0.11635270949634216,0.11218993470084675
07-01-2026 15:20,26138.3,0.1148515,0.1164594374999999,0.11181229908127244,0.10474144913513976,0.09943787602646204,0.0961773197225948,0.09297724092456322,0.09010970059912662,0.08920230775448242,0.0883257586598383,0.08650581227436635,0.08787900654922348,0.09289043521735729,0.11668417631483292,0.15785059595225184,0.17570231249999999,0.17084463938817457,0.1651424928896007,0.15916672386467784,0.15350305786325158,0.14833290624999987,0.14307953125,0.13712211113195566,0.1311784097639113,0.1259130518308004,0.1209566313976895,0.11609067810548812,0.11118557462657348
07-01-2026 15:25,26139.7,0.11684075,0.11511006333543843,0.1108291089131637,0.10657252949088887,0.10146848349544443,0.0977424375,0.0951299229777786,0.09240434595555728,0.09100141939128419,0.0894978053270111,0.08738229710807506,0.09214844357249825,0.10412236986363409,0.12771383053805174,0.16186225980234623,0.17634262499999998,0.17129929254711443,0.165688616344229,0.1595003670220113,0.15324633644979352,0.14802685572489668,0.14268228124999988,0.1364314413837967,0.1304139765175935,0.1254089726337967,0.12063909375,0.1156721751075781,0.1107497004303127
08-01-2026 09:15,26101.75,0.1143883749999999,0.10696335326012277,0.1014450850863338,0.10157837941254497,0.09982154908127244,0.09717681249999999,0.09518871139490898,0.09237422979684362,0.09052342348887935,0.08883381566686388,0.08691430844715203,0.09128137616789443,0.10222399187415271,0.1259693967420259,0.1616706456970068,0.17687666877847208,0.17115375321701484,0.1648901626840296,0.1588989063325761,0.15286264998112256,0.14753024686556115,0.1422069999999999,0.13619361113195563,0.13014268319231426,0.12448264978339765,0.11953075701767536,0.11522648413770373,0.11130096937227028
08-01-2026 09:20,26109.7,0.1100668749999999,0.10359713670640869,0.09600050585320428,0.09432421875,0.09406859375,0.092499,0.09063704295190414,0.08871873494565433,0.08747905978559611,0.08599505911808662,0.08452784314599152,0.09014372974794226,0.10255071704119093,0.1267190865121509,0.1617680949567753,0.17651118189441461,0.17056100660282986,0.16358307761778548,0.15796053166235036,0.1526251570355007,0.14690976197489675,0.14163725,0.13609496875000002,0.12987251724962745,0.12363811175581928,0.11883295301275618,0.11486187736414241,0.1104690754303127
08-01-2026 09:25,26087.55,0.11476825,0.10922150304976762,0.10144143902488381,0.0961829375,0.0937120624999999,0.09164803125,0.08935111764490897,0.08777997979684353,0.08689948165896015,0.08510684162732354,0.0834919275791924,0.08638020141512776,0.0921691895116812,0.11635848077173051,0.15806086742345024,0.17550727288586293,0.16928155589759886,0.16205894332463353,0.15662820324255652,0.1517428731368264,0.1458203749999999,0.14056149999999998,0.13465367891996244,0.1278879268628176,0.12233783524301885,0.11803720152555262,0.11381421017350654,0.10931512499999999
08-01-2026 09:30,26063.1,0.1292959999999999,0.11377851555611646,0.10701633028290002,0.10440826708656119,0.1005211875,0.0979062499999999,0.0955226874999999,0.09287956249999992,0.09094541659128427,0.08767908242802638,0.08528056410699149,0.08591253634971295,0.08869531559262987,0.11431752222166101,0.15755397906966706,0.1743702999723449,0.16818058314983986,0.16145481191304212,0.1562234649600818,0.15093194199152435,0.14460483656163425,0.13941190265581718,0.13294344484939077,0.1252029871971272,0.11994161943927503,0.11613182634636027,0.11213798766645017,0.10832774999999999
08-01-2026 09:35,26053.95,0.12897633797059357,0.10826413007239699,0.10719019128741936,0.10915472691503,0.10467799294800513,0.10231754839601039,0.10005433669800513,0.0964799375,0.09349011825441786,0.08929487817947279,0.08676610368428798,0.08765683439426818,0.09348921880025142,0.12104941958918182,0.15986903111199696,0.1737756463208752,0.16836421457123374,0.16217850337678016,0.15692122043839007,0.15115996738391155,0.14456974726782318,0.13941352988391154,0.13376371016996247,0.1267307659874279,0.12062350209742718,0.11592520151448042,0.11187284733657818,0.1079757499999999
08-01-2026 09:40,26092.65,0.11449075367183856,0.09905332382331392,0.10340106685072109,0.10582460359869594,0.10106727881927463,0.09905755763854936,0.09667418410576663,0.0936194668229839,0.09139916562777625,0.08859642770726761,0.08668544939068222,0.08674268631156351,0.0919547192490117,0.11962838094363407,0.1595290400620731,0.17462329285496783,0.16987513872870952,0.1639235371337645,0.15808289565454536,0.1521714248809259,0.14593768031163423,0.14044708760195695,0.13504418239227983,0.12859545348437953,0.12169507269714311,0.11640550726459657,0.11264246434072256,0.10899125
08-01-2026 09:45,26077.7,0.11711296297059358,0.10701477408526207,0.10831319670622133,0.10642217150724749,0.10123200421429074,0.09936373901865622,0.09693018489709271,0.09424554014817507,0.09255131694908748,0.09061301934315556,0.08874935118631123,0.08737040777496917,0.09252640788231602,0.12172949602437907,0.1612905096290643,0.17508584555518766,0.1703248124999999,0.16454605077392465,0.1580792890478493,0.15201714471858896,0.1461883128893287,0.14044996494402626,0.13475389824872377,0.129197889802375,0.12361445550585043,0.11842841325660317,0.11402170716317989,0.1099075628218882
08-01-2026 09:50,26070.8,0.1233746249999999,0.11808957603135735,0.11501123809344646,0.10977793140237793,0.1049629163517892,0.10294104802111168,0.1000208740364919,0.096750719183959,0.09457616000844206,0.09258486064110488,0.0906433415602596,0.08846849026358995,0.08942245493370819,0.11535701391703584,0.1584503159667878,0.1752611874999999,0.17030018749999992,0.1645122862098385,0.15796188491967708,0.15186879979804405,0.14614546467641093,0.14047988444057652,0.13480055420474202,0.12987112085237093,0.1252349687499999,0.12013380994211774,0.11556645666911461,0.111869597139516
08-01-2026 09:55,26089.4,0.1224925,0.1178187679503867,0.11288946712118737,0.10649416941463381,0.1015628237662855,0.09924472187264566,0.09639284027751506,0.09315161998455404,0.090985123616578,0.08944994993366624,0.08818402631823892,0.08658505142948665,0.08502657477074964,0.10867069363537478,0.155640375,0.17586465624999997,0.1709280625,0.16510100295308686,0.15850509965617382,0.1527130343977512,0.14735137538932871,0.141287177684145,0.1350574487289614,0.13026470873948068,0.12581865624999988,0.12089096967468142,0.1166714325129534,0.11309709765436182
08-01-2026 10:00,26081.9,0.127105625,0.11829514576922259,0.10996074884416392,0.10166972691910543,0.0963570353345526,0.09425851403975469,0.09190777204822707,0.08923236548957343,0.08751898681772896,0.08628503368976181,0.08540541788202331,0.0845197947788894,0.08652774991166794,0.11372121857333578,0.15845318741166795,0.17582449999999988,0.17072478124999987,0.16531307648472968,0.15904762171945955,0.15306304523472966,0.14761646875,0.14157001877815317,0.13519544380630646,0.13001321100161284,0.12525307194691926,0.12039175216557738,0.11575844004386057,0.11092265563849987
08-01-2026 10:05,26068.05,0.1341443182538368,0.12345432956345918,0.11127988731848497,0.10313697204689748,0.09895646963833976,0.09557070955427185,0.09232698956620418,0.09028501734985658,0.08908011280849394,0.08753015994328457,0.08619611339555976,0.08499613306001226,0.09047101260132524,0.12129151752092991,0.16221829914684494,0.17547671874999987,0.16988110656651542,0.1643421193830309,0.15837754406651544,0.1523639374999999,0.14676096875,0.14125522870991714,0.1353574574198343,0.12948300724335424,0.12399686956687432,0.11934172124794651,0.1149943177973566,0.11022197947335155
08-01-2026 10:10,26050.3,0.13284697324532355,0.12746333706133084,0.11497991033455261,0.10619067481210294,0.10225013549152745,0.09835923961066217,0.09425559532238992,0.09205340037711343,0.09097044105281672,0.08921523615140836,0.08756746874999999,0.08588057473916237,0.0903851938658421,0.1202978822641968,0.16144979438751716,0.1752232187499999,0.1693634822786131,0.1633232145572264,0.1574901385286132,0.15174287499999992,0.14609487499999987,0.14072137499999998,0.135024875,0.12923072347345965,0.12376444694691918,0.11908648828974351,0.11530346214803999,0.11179485506188878
08-01-2026 10:15,26055.25,0.12586431620918648,0.12447620405229658,0.1146479999999999,0.10558347865992734,0.10114735152149447,0.09787495550728362,0.09396017733979338,0.09127393844407691,0.09010112499999991,0.088688875,0.08717975,0.08563945189059252,0.09095111229358882,0.12112952516539974,0.16123202101240353,0.17473699999999986,0.16941320031651533,0.163519181883031,0.15757670031651544,0.1517284687499999,0.14599418749999987,0.14052521874999999,0.13483218749999998,0.12924156250000002,0.12400871874999991,0.11904197396450932,0.1147103477823947,0.11098009941350408
08-01-2026 10:20,26034.9,0.1234874282568077,0.11969832581420192,0.11366197443099582,0.10711246710927498,0.10238907085186762,0.09931772668595595,0.09604614334842966,0.09332915108606214,0.09176611817578698,0.09020111135157417,0.08852514942578707,0.08691184029530546,0.09129605253647696,0.11987545918703756,0.1594681832848127,0.17312840446886632,0.1683294686708927,0.16321659429097302,0.15735734375,0.15124177388244936,0.14541845401489883,0.14005730513244946,0.13449815624999997,0.1287665804212682,0.12335859834253651,0.11855106614779597,0.1141962613650458,0.10994790964796151
08-01-2026 10:25,26034.15,0.12689582892680604,0.12053458223170148,0.1149881079527276,0.10945808354418682,0.10476310616827836,0.10160167476490689,0.09871585668808755,0.09587039728793412,0.09365132883287137,0.09191337205194018,0.09019597175700303,0.09100491442332723,0.10071581951497764,0.12903431358428455,0.1619206707898801,0.17157568629787165,0.1669116910283167,0.1627004545276909,0.15712321875,0.1505076668051836,0.14414106202108765,0.13906949862662454,0.13418847841072049,0.12847912514175086,0.12278978153350187,0.11827295543197015,0.11448655434822118,0.11052545007113083
08-01-2026 10:30,26034.2,0.1262712419870874,0.1209561854967718,0.11504919318099581,0.10932152960927498,0.10477999148088782,0.10143489255062325,0.0983663069407037,0.09528822890812272,0.09290756210665409,0.09146627081700762,0.09009852882173712,0.09410908459026544,0.10957611818043778,0.13742169352235645,0.1649396914736581,0.17225556580448734,0.16733693589517992,0.1628218542557536,0.15696592770527393,0.1503226760938694,0.14383231096932078,0.13871350083994405,0.1342609489868558,0.1289823304212683,0.12346016084253651,0.11855284739779597,0.1140270230980048,0.10926408157979725
08-01-2026 10:35,26040.5,0.1218822499999999,0.1197524999999999,0.11373905817534519,0.10708111635069037,0.10321999567534519,0.10054395942594449,0.09701928491935287,0.09372087009880614,0.09170235784180493,0.09031001043487985,0.08904259149986146,0.0901641486330072,0.10028272632687196,0.1294592830345882,0.1633501663636459,0.17316622733896272,0.16759868152930324,0.16254949934679652,0.15640496549138408,0.15034325510399732,0.1449090389731423,0.1396675066891047,0.1345118221607205,0.12918731249999998,0.12387609375,0.11858393174979599,0.11342376974959197,0.10839725
08-01-2026 10:40,26027.15,0.12279323799920017,0.12174349916403056,0.11539851125919406,0.10781717470444024,0.10431500637764388,0.10184847379297163,0.09744316025819287,0.09376548718831826,0.09192016781154393,0.09036057412745886,0.08892813176764985,0.09014953397751234,0.09722521785039322,0.12319696258393104,0.1599627062995372,0.17271977544017966,0.16707765587813703,0.16202618527225623,0.155958636385781,0.14994081577088755,0.14487819630199794,0.13984025,0.13435434375,0.1288609999999999,0.123605875,0.11819028827586482,0.11292492030172975,0.10830074999999999
08-01-2026 10:45,26033.1,0.12132832873507406,0.12088806558627808,0.11458307574929501,0.10723606356775756,0.1035395781163945,0.10087489488424915,0.09690945864260783,0.09376870029749947,0.09211536809944013,0.09057856656395288,0.08909737510284398,0.09362557357505948,0.10729322613839383,0.13289119258507934,0.16238066665870673,0.17194885812242375,0.1672296546213599,0.16222440363827523,0.15602373819011423,0.1501929040856986,0.14488211707709428,0.13970265625,0.13427321874999987,0.1288349062499999,0.12370606249999999,0.11851430674979589,0.11335176974959196,0.108342
08-01-2026 10:50,26029.85,0.12081961299920016,0.12057998958001387,0.11200897660635516,0.1043151143543203,0.1010211700498542,0.0988765016763183,0.0959880154950555,0.0934886483725278,0.09215188601353415,0.09072689702706858,0.08923657351353424,0.09052702253805515,0.10090317755992435,0.12953897500568307,0.1621171569124153,0.17168265724549903,0.16702386620519433,0.16219517707755102,0.15632698112850896,0.15067609993925446,0.14522234375,0.13982478124999997,0.13409394494851365,0.12825836188188025,0.12316535766821962,0.11848184698485292,0.11383669266138165,0.10912302064552692
08-01-2026 10:55,26018.95,0.12557174999999998,0.12198648045901576,0.11192709616572663,0.10475355094373931,0.10148529772636197,0.09940583065190554,0.0967490613251442,0.09404468691257209,0.09273446108350351,0.09125220503391258,0.0895817768173144,0.08819297036690532,0.09201875495694292,0.11883963832049618,0.15740120414003056,0.17090354848107867,0.16604070053933617,0.1615406915847347,0.1561142018024757,0.15016090360495146,0.14478123305247576,0.1395298205013428,0.13337986141518965,0.1271593540033941,0.12236018701659074,0.11835277460123059,0.11456387716325103,0.1111236782595066
08-01-2026 11:00,26016.4,0.12933175,0.12184519927323477,0.11312042979646973,0.10779789822674281,0.10405071040701597,0.10093673020350792,0.09800828125,0.09514259161579927,0.09339243323159864,0.09159549582282102,0.08971023949127244,0.08846401636147973,0.09248589226986183,0.11848209883895076,0.1562368926300937,0.1703776377994294,0.16595674960121667,0.16123465684413155,0.15559142094366246,0.14925491629070048,0.14395591748468778,0.13908841621362855,0.13344254446760842,0.12789272215591085,0.12313919744718596,0.1189560637593815,0.11527767473298006,0.1119449488515569
08-01-2026 11:05,26011.95,0.13217808500173578,0.1246422362243583,0.11552824244784887,0.10979596454723112,0.10574718664661342,0.10164478082330661,0.09844534060397712,0.0956492558700643,0.0934830524281971,0.09162623049988021,0.08976152280678364,0.08855039060025635,0.09000844952791023,0.11389004491817174,0.15541033204685906,0.17245642055096824,0.16702502015071036,0.16104229478166765,0.15508516611561798,0.14901862042847075,0.14356967113637187,0.13880993323898635,0.1336655400782558,0.12845777939346512,0.12368001409031568,0.11918219562725531,0.11477272924072304,0.11024758656939446
08-01-2026 11:10,26009.35,0.13433511104988158,0.12588248661972185,0.11531966771450301,0.10831660265087682,0.10411581883725074,0.10040308129362537,0.09745507692721268,0.09489324582020733,0.09299026085877654,0.0914052321831682,0.08984596151200151,0.08866600429469187,0.08773312242292419,0.11018656393823584,0.15502337403077662,0.1739224765920196,0.16739797180145297,0.16069590531620612,0.15504027228457853,0.1497866046496307,0.14443429841287325,0.13916632211271068,0.13359992821968134,0.12877716386002389,0.12447479774736127,0.11969323351200632,0.11485359431126152,0.10989012499999999
08-01-2026 11:15,26005.55,0.13673588430850453,0.12545547107712604,0.11327128125,0.1056127495733067,0.10156896902252181,0.09853190807512356,0.09600793547988558,0.09405521782461317,0.09273485133729471,0.09133283708685828,0.090008038440399,0.09168111793537423,0.09618929291068275,0.11878507092584116,0.15828734548033319,0.17480907445133317,0.16855487376971878,0.16165802584642167,0.1561882492315378,0.15152017723815728,0.14643078802679227,0.14099354281283233,0.13552386782557013,0.13068969518905407,0.1257602198327576,0.12048718504715637,0.11569551439857814,0.1109032499999999
08-01-2026 11:20,25984.4,0.13914287051972865,0.12995499600186552,0.1161868067438667,0.1068829658719333,0.10257799919937644,0.09964874839875297,0.09726012419937644,0.0952674687499999,0.0938819375,0.09240627246853436,0.09101201368706874,0.09603744650441869,0.10724051472566302,0.12924531574799517,0.16123309596253826,0.17468377715432182,0.16967486139819035,0.16390281632123116,0.15793907228832627,0.1520576102647783,0.1470078057085502,0.1421877503090575,0.13697213771876635,0.13163243168753283,0.126283200780028,0.12110534487252315,0.11617481306126154,0.11121087499999999
08-01-2026 11:25,25968.0,0.13761539588971874,0.13436423426032615,0.1214684702819252,0.11202478470016089,0.1074377008320405,0.10367931458882704,0.10086775079992905,0.0983733611042008,0.09647496995302794,0.09454654115683475,0.09274805502334744,0.09434566767491445,0.09889621697546155,0.11999146502254196,0.15719920960895598,0.17381226018931134,0.16932353391923427,0.1638063916847155,0.1577663956062265,0.1513372262026342,0.14614191272927918,0.14164400561739035,0.1362720725230626,0.13070008254612528,0.12569263502306258,0.12080721875,0.11575184374999999,0.11062875
08-01-2026 11:30,25968.05,0.13604356371619794,0.13284055114064428,0.12255788027753378,0.11527322951151213,0.11086917829776585,0.10640023812654904,0.10289885125309828,0.09994205645402282,0.0977385010145882,0.09578728552281855,0.09393184131176716,0.09249064472606314,0.09385697324079607,0.11718020857502479,0.1570207786776614,0.17394148084343258,0.168828860404237,0.16207953700807234,0.15673265598409128,0.15145019857150852,0.14567552904636094,0.14062162619962193,0.13530598303420246,0.12996964587937804,0.125136548870038,0.12018570186069809,0.115196007180349,0.11015599999999999
08-01-2026 11:35,25971.65,0.13367833078185723,0.12504559626202444,0.11893213113537263,0.1150213665740822,0.11074722408515378,0.10632643541683409,0.10260784645464652,0.09961811261951367,0.09741387620302794,0.09553219985448454,0.093787591168647,0.0922369375,0.09650120071649652,0.12316107778445061,0.16054386591941133,0.17453183260145735,0.1688726810792005,0.16155318450813919,0.1564896695286768,0.1513136198956896,0.14469584865609061,0.13958008592432694,0.134801978789385,0.1295720442003945,0.12456345510940416,0.11938211601841381,0.1144926673842069,0.1095653749999999
08-01-2026 11:40,25983.85,0.13107714911787216,0.11946598082508253,0.1140524743120754,0.11140751228692866,0.1076274700810528,0.10329672930803138,0.09978280269319034,0.09744084533746313,0.09565336954265091,0.09391714709747782,0.09234416729873891,0.0910131875,0.09248978574079608,0.11678951829855143,0.15802730437471482,0.17507063431695935,0.16913916397429835,0.16156366986223372,0.15616728530157215,0.15138781900480677,0.14536489552685322,0.1402016410301968,0.1352819703154361,0.13003405794184514,0.12483492387692637,0.11951719606200761,0.1146662699060038,0.10973599999999999
08-01-2026 11:45,25973.8,0.128127625,0.12041424999999999,0.11429831811311908,0.110730164040749,0.10670080773285373,0.10135720365346146,0.09786941453440978,0.09652869376481985,0.09521970339691266,0.09355923963652994,0.09204496356826496,0.09079121875000001,0.0923605249082562,0.11665966299315583,0.15788112626154305,0.17486970692664333,0.16953918389735734,0.16273719105422682,0.1567098616663817,0.15170771478101253,0.14638465804300077,0.14091607902150036,0.13549743749999998,0.1302272499999999,0.12513319920922467,0.12001864841844949,0.11507210545922468,0.10996337499999999
08-01-2026 11:50,25958.25,0.12809775,0.12035369104871521,0.11508402526169863,0.11110147539754808,0.10598585348696382,0.10017331056739079,0.09698655949179275,0.09645563222071311,0.09558296329265091,0.09394839709747783,0.09244344854873891,0.09117128125,0.09566965538930329,0.12279222049802893,0.16066734982814795,0.17442200346942222,0.1697228125,0.16381085888900251,0.15741384277800516,0.15174279638900254,0.1464286874999999,0.1409355624999999,0.13519951128640878,0.1297081163228178,0.12492732378640889,0.1201840624999999,0.1153807371640253,0.11066119865610122
08-01-2026 11:55,25958.05,0.12470674999999999,0.11601207034452837,0.11098555846658129,0.10730763178654865,0.10294561604218004,0.09870343838424965,0.09598174802241753,0.09502965701585218,0.09427593749999999,0.0930130625,0.09180859785079917,0.09075872695159835,0.09244087275905538,0.11714188174315593,0.15842147001154308,0.17486420692664342,0.1700324374999999,0.1639227810775637,0.15710424965512748,0.1515656560775637,0.14649990728152584,0.1411986583130519,0.13538168572476753,0.1296631506364833,0.12542065344324166,0.12102920414653699,0.11632719406355109,0.11267601808190796
08-01-2026 12:00,25936.15,0.127478125,0.11876034983089377,0.11365332331910014,0.11012931898017263,0.10613677974617342,0.10218238465677139,0.09883163332510955,0.09712260674079425,0.09645389130215964,0.09534699999999999,0.09410850577545082,0.09293453366126035,0.09198058124616801,0.11393980336035858,0.15702349999999987,0.17522278980119751,0.17003651710239504,0.16368260415123434,0.15630687870007362,0.1504589081000368,0.14546054217367943,0.14029920934735907,0.13499892700851374,0.12972592591966842,0.12556473430373846,0.12091287060383779,0.11588980496498812,0.11238494865610123
08-01-2026 12:05,25896.7,0.136171625,0.12702905000534206,0.12241164590519547,0.11853889805504887,0.11355929277752444,0.1085460187990934,0.10404031541085558,0.101828761924431,0.1011229965626687,0.09974381249999999,0.09805075410079918,0.09638210806396999,0.09504820382554253,0.11613900611237163,0.15777596874999997,0.17495144538009486,0.16938067201018978,0.16332256477366516,0.1559529262871405,0.14935712900993056,0.1440653562856716,0.13909052747226233,0.1342206563367624,0.12940260731762288,0.12483698488612607,0.11982991035116636,0.1148459488953888,0.11047699999999999
08-01-2026 12:10,25920.3,0.13316898953352993,0.12704359813710173,0.12247023908090716,0.11810621221501365,0.113327114230025,0.10877037817926208,0.10493102283581843,0.10257107756700451,0.10110017255215954,0.09941203124999999,0.0977011874999999,0.09617555336035857,0.09503907547071717,0.11629505336035857,0.1583231875,0.17566730828527843,0.1697069291910383,0.1639148707221418,0.1576581557622829,0.15082701802953258,0.1448971209686225,0.14032115568634965,0.1354029593013589,0.1301856562499999,0.12549028696890413,0.12060748018780841,0.11559100571890417,0.1105822499999999
08-01-2026 12:15,25935.5,0.129317055810961,0.12462269160035648,0.11907103227486061,0.1143888753568723,0.11034847125847635,0.10627578008150759,0.10304233357647019,0.10090053527381093,0.0991498124999999,0.09746809374999998,0.09596258703798151,0.09471467407596314,0.09387868078798153,0.11602115625,0.1595193749999999,0.17774780970113177,0.17170419203701176,0.16559436122062793,0.15990069763474804,0.15359716191408473,0.14759732382816954,0.14285900566408474,0.1375358749999999,0.13180558242052515,0.12691650859105028,0.12229570742052503,0.1174134687499999,0.11239312499999998
08-01-2026 12:20,25923.15,0.13080136453352992,0.12555300185492316,0.11959583156481789,0.11502383721501354,0.11094175291492772,0.10651190731006992,0.10307902374056617,0.1010142524921521,0.09932563028692942,0.09759979951846467,0.09604170391290665,0.0946996890758133,0.09388339141290665,0.11671615625,0.16111471874999989,0.17950909375,0.17353287140630888,0.1674940553126178,0.1616528401563089,0.15558534949537478,0.14970307399074978,0.1443890682453749,0.13864059374999987,0.13266942890326622,0.12737517863199427,0.12279444555418971,0.11826122707546173,0.113448375
08-01-2026 12:25,25934.95,0.127907375,0.1238040312499999,0.11876524999999999,0.1142753749999999,0.10994987480912904,0.10583465989206904,0.10267969535675102,0.10071471340463314,0.09918879376164443,0.09732067813082212,0.09563686828798153,0.09430308032596314,0.09343505578798153,0.11655659374999999,0.1615325624999999,0.1801312812499999,0.17424322205288212,0.16796345827086515,0.16174994349341326,0.15606711276202218,0.15030080536285392,0.14478449362626217,0.1390929687499999,0.13332830117052513,0.1280647704157554,0.12310232481993516,0.11854937934856796,0.11414209509545228
08-01-2026 12:30,25935.9,0.12787325,0.12459804374254796,0.11893313449983633,0.11304454402202847,0.10894876487558904,0.10531417578433307,0.10186538548611962,0.10023880313116756,0.09896887405618786,0.09658610242764804,0.09478839746086144,0.09386376227086897,0.09316134375,0.11610871874999999,0.16112762499999989,0.1801665312499999,0.1746089025358276,0.16789827223924647,0.1607440417070018,0.1553779907716934,0.150574495200229,0.14511261393211855,0.13923518749999989,0.13356250868883188,0.12850418195312574,0.12349735200967867,0.11877067967858429,0.11457507205310515
08-01-2026 12:35,25914.7,0.1348502191754548,0.12963006760633836,0.12198201771016463,0.11558405948290507,0.11219109486719077,0.1082847312945136,0.10417040424310045,0.10223150132850325,0.10031462258289146,0.097468159641776,0.0957415101766411,0.09503971626981564,0.09437728125,0.11675621875,0.160992,0.1797969374999999,0.17385548775598908,0.16720858342707917,0.16100236544652033,0.1558133324158238,0.1505077759204573,0.14454421328006378,0.1383224999999999,0.1324143872133478,0.12726393067669567,0.12235766399323768,0.11743407733364279,0.11302109509545227
08-01-2026 12:40,25920.75,0.13700170817732119,0.12994973525099668,0.12244326673189558,0.11668754402202847,0.1130684845147402,0.10940855433405924,0.10582938991811869,0.10311917105312428,0.10061273135725336,0.09837005536984424,0.09671179878039746,0.09546833578495112,0.09465029023620936,0.11693121875,0.16063003125,0.1790352499999999,0.17296436767113402,0.16659167284226814,0.161539711421134,0.15640330430150026,0.14999738985300068,0.14373104952335702,0.13753508419371335,0.13173751779684373,0.12681798264997396,0.12178228231482785,0.1165642069796817,0.11222887499999999
08-01-2026 12:45,25921.8,0.13458184417545482,0.1274690423592832,0.12015763440770981,0.11519435187043585,0.11152973499087186,0.1083282307862151,0.10564888283155846,0.10291070031845145,0.10051008030534445,0.09865088661319112,0.09679722747420057,0.0950578449271906,0.09427626827385499,0.11663694313052198,0.15999977754035175,0.17852535752017587,0.17323067525598917,0.16727606926197838,0.16201570650598918,0.15659089094714035,0.15006903189428078,0.1436277175559815,0.13726443446768222,0.13188451369424453,0.1272828155041637,0.12193578055164465,0.11660167543241184,0.112409125
08-01-2026 12:50,25913.2,0.13250387500000002,0.12862004571411828,0.12068225723205915,0.11568718900306892,0.11217578425613774,0.10864556577449279,0.10599909729284783,0.10341968927142385,0.10120160680038948,0.09930005039244232,0.09733084149042552,0.09542925844637355,0.09458106623929236,0.11669225586746976,0.1596697878523566,0.17842473767617825,0.17372103125,0.16746429622161105,0.16085511283306148,0.15513623186654715,0.14958081012035412,0.1436767338371141,0.13742424044371343,0.13190021397185664,0.1269156384079467,0.12156036232803363,0.11653946568222709,0.1118216249999999
08-01-2026 12:55,25910.65,0.133139625,0.13117239350016668,0.12296772450033355,0.11723083912060261,0.11315654749087177,0.10893807701085675,0.10603991903084171,0.10392831889042081,0.10211743509822942,0.10019502644645903,0.0982813165634557,0.0965170672907985,0.09542849018591851,0.11736100563052199,0.16042130879035174,0.17890770127017588,0.17404218749999992,0.1671019446057001,0.15892059546788745,0.1529404240221667,0.14793682058257845,0.1420645207581554,0.1362219809378259,0.1311970848880889,0.12652929986917638,0.12175817236419001,0.1172777942952965,0.11268184426794811
08-01-2026 13:00,25905.65,0.132189125,0.13128837313194752,0.12451887126389515,0.11829749813194762,0.113087637553027,0.10863752043026523,0.10573981570144907,0.10409777939133076,0.10258867913016338,0.1005872038186064,0.09886665195730175,0.09720414489383929,0.0958401766921002,0.11753061991593668,0.16064695858187336,0.17911240116593666,0.17413887499999992,0.16773435061337516,0.16054559661658976,0.15477387776011006,0.14846918361355543,0.14067614142643486,0.13441146212386254,0.13040009602800465,0.1265351297239169,0.12221562393652649,0.1182616799027087,0.11443385311862225
08-01-2026 13:05,25924.95,0.12954587499999998,0.1280848769204723,0.12301787884094481,0.1172548769204724,0.111587384570487,0.10710447025955283,0.10427847430764425,0.10271547050379072,0.10096807744703414,0.09895076631739964,0.09770684243024075,0.09627544252035825,0.09482696459569519,0.11667714501154425,0.1603896337730886,0.17934370751154427,0.17418732059222697,0.168260583945014,0.1624155811133469,0.15680063026055996,0.1502889492691065,0.14258625063515806,0.13566235574881605,0.131034662918584,0.12678237531170122,0.12187785449923978,0.11734271348782134,0.1128890942679481
08-01-2026 13:10,25922.25,0.1335366249999999,0.12697322486330703,0.12127354347661431,0.11626644361330715,0.11079231438809325,0.10623687548001028,0.10349485137540795,0.1019129304302784,0.09994033680767433,0.09782888580865162,0.09662231107779942,0.09534331105607245,0.0940465328760376,0.11654555741593657,0.16105577108187336,0.17980055741593665,0.17409822676965964,0.16823767228931938,0.1623699333020282,0.1564549130647371,0.15059051903236856,0.1441627488411763,0.1373274039323527,0.13170499884117629,0.1266753446493175,0.12114392633510279,0.1159614124722529,0.111195125
08-01-2026 13:15,25921.8,0.1378005,0.12668601577504568,0.12018512380018255,0.1154945147751064,0.11043031734800601,0.10639667370459123,0.10360177130442902,0.10142816588710898,0.09937987244679894,0.09741159339386526,0.09587721488225348,0.09464007311304685,0.09364895511712469,0.11635833711434324,0.16099701797868665,0.17963839149290678,0.174147241849354,0.1687482268130175,0.16256435279535747,0.1562102864297687,0.1505495387501458,0.1445325657735076,0.13790740624999998,0.132035125,0.12694554802588168,0.12133445105753861,0.11574178928743194,0.1113449999999999
08-01-2026 13:20,25914.55,0.140490625,0.12476685675131559,0.11839499360330397,0.11440599209712919,0.10914496927152381,0.10543693749999991,0.10297294780250577,0.10076345757666191,0.09883873885894039,0.09688707383300683,0.09510153481724824,0.09401260875296319,0.0933307936839373,0.11594772875275892,0.16031433250551788,0.1790771581685309,0.17406470258154394,0.16905224191577187,0.16308280028236855,0.15665873444564887,0.1506606617941919,0.14443014518228503,0.1378081163527466,0.13221873005137325,0.1272710175606759,0.12168391344876017,0.11635133671549247,0.11194787499999999
08-01-2026 13:25,25911.75,0.1452474999999999,0.1258545389026302,0.11877150837924645,0.11436451457047914,0.10782945965714501,0.1040435926065053,0.10258475858847502,0.10111786651461738,0.09923265009231684,0.09716915428754094,0.09555070038049326,0.09440072321587327,0.09616838475641272,0.12147973162716896,0.16316359023509946,0.17918754774290677,0.1742090150071269,0.16894749187856348,0.16256478953779488,0.15591307524470485,0.1500345631260249,0.1437805244405718,0.13698530654291355,0.1317548407714568,0.12688958158149424,0.12134352544341402,0.11656271239234517,0.11193912499999999
08-01-2026 13:30,25888.65,0.146387625,0.12769566516452163,0.12116020585056728,0.11650403006756577,0.10917164866607675,0.10547642345911698,0.10465132464739865,0.1031202141673269,0.10064070667409661,0.0983935752375658,0.0970608035079577,0.0958211875,0.10039592288259677,0.1285785332651936,0.16664111038259674,0.1790066249999999,0.1735244999999999,0.16777199999999998,0.16117467292565196,0.15431336304159382,0.14837223855623177,0.14201807847970607,0.13454534810784663,0.12877887627893222,0.1243942947875375,0.11986004672258363,0.11541912264554796,0.1105205
08-01-2026 13:35,25907.5,0.13699675,0.12301781796501138,0.11937309648250564,0.11644810928321753,0.11047872077188485,0.10698401994411716,0.10533928345544975,0.10310647532637758,0.10052053914088972,0.098430910811922,0.0969121700008222,0.09558669999754914,0.09722101175054972,0.12247814451282563,0.1635235410064128,0.17845543749999987,0.17275414950582618,0.16707951776165256,0.16116200154362123,0.15500338447119716,0.14857652532900956,0.14107455240864947,0.1324323428928526,0.12579263248559328,0.1214663657301637,0.11812543925974714,0.11466679763536629,0.10995975
08-01-2026 13:40,25901.95,0.12994087499999998,0.11919275221213042,0.11808312610606521,0.11610587913509561,0.110574517316387,0.10726270972748685,0.10521969654619555,0.10272536980041362,0.10029733335082734,0.09831578992618036,0.09647564564646756,0.09502659341563494,0.09429805539493409,0.11707396874999991,0.160624,0.17805109374999997,0.1724455821313002,0.16688169551260043,0.1611670508813002,0.15530540625,0.14886578125,0.14159563172972087,0.13375807560376854,0.12711356800204904,0.12185324614684714,0.11799105705401704,0.11466360171263262,0.1104852917098454
08-01-2026 13:45,25914.15,0.12646287499999997,0.11985525546501137,0.1193008170768993,0.11637233210917451,0.11091338124140802,0.10791124228286708,0.1057639413062399,0.10325922532637759,0.10088270065275518,0.09883092133565301,0.09701645651268766,0.09538116874754914,0.0942613457441368,0.11661912499999999,0.160007875,0.1777214687499999,0.1724208682558262,0.16703567401165256,0.1611148057558263,0.15500490625,0.14854159374999998,0.1413428157723343,0.13391547103641255,0.12827720860681122,0.1237292371414768,0.11904615374649812,0.11473820681372154,0.1108326974638689
08-01-2026 13:50,25911.55,0.12455989486687215,0.12317853621671794,0.12036532973497548,0.11567361977319357,0.11123855916682272,0.10811432795396654,0.10545837132536189,0.1030336874999999,0.100766,0.09867062499999989,0.0968714374999999,0.09515412499999999,0.0938098749999999,0.11601837499999999,0.159599375,0.1776615,0.17242209374999987,0.16691087789845668,0.16093606829691345,0.15493225289845663,0.14835809375,0.1409979444535899,0.13375144427249255,0.12864568018421518,0.1244702428653126,0.1192567823123659,0.11410801255219306,0.10984741670984541
08-01-2026 13:55,25926.6,0.11930051102150688,0.12138003922573286,0.11787919535610102,0.11344358928980684,0.10983209582746595,0.1062017504661447,0.10304811801724356,0.1004913385944518,0.09848122985048566,0.09673294030667687,0.09523303974050955,0.0938231291957001,0.0926505207216621,0.11478881446407178,0.15857802369261798,0.1774269789930205,0.17260086351447432,0.16682320542027274,0.1608644108405455,0.15519620542027274,0.14859640624999998,0.14141399538635466,0.1346237407727095,0.12935990163635466,0.1247677499999999,0.11927826879575619,0.1138086625915124,0.10942275
08-01-2026 14:00,25936.35,0.11177064486687205,0.11626064748910654,0.1141935573987853,0.11019298034172725,0.10682049936138974,0.1038737799727797,0.10070648176587371,0.09768512586636137,0.09591417735306211,0.09460471603001594,0.09352320534456243,0.09251817460642187,0.09433371582230725,0.11922430752697094,0.16014632190420536,0.17663663516396452,0.17251446261511338,0.16720565914845667,0.1613660370469134,0.15547722164845668,0.14867111304831004,0.1418202149851168,0.13558912207530338,0.13013283263849662,0.12517965624999988,0.1199284698123658,0.11469443962473179,0.109924
08-01-2026 14:05,25930.35,0.1127922936995867,0.11664599130088826,0.11499808733952505,0.1108279293510194,0.10696560647584263,0.10394808795168527,0.1011982867600139,0.09871796880080469,0.0969102402631915,0.09524322849150998,0.09385159803400496,0.09263255309725016,0.09774473276650752,0.12628894138069266,0.16400529020446766,0.17665057260009911,0.17218381656801363,0.16707928125,0.161086875,0.15474640625,0.14800622029100113,0.14151003433200235,0.13568312654100112,0.13011331213562632,0.12479774927125267,0.11975296751367724,0.11476949825610178,0.10986574999999998
08-01-2026 14:10,25918.0,0.11911889692515151,0.11974071028321089,0.11807552427596142,0.1154078096985929,0.11126695509378547,0.10685107484179217,0.10382755444659952,0.10148793167073102,0.09914668298309766,0.09691378825379086,0.09516833187559769,0.09364835378380354,0.09520194823649196,0.11992995438359476,0.1607762065365453,0.17694731375450887,0.17211048471469625,0.16619904925838236,0.15944340834108475,0.15317335640702218,0.1474420478726299,0.14152763234662005,0.13544817554831,0.12938880018138452,0.12379822536276897,0.11871578395894777,0.1136650300551266,0.10902825
08-01-2026 14:15,25928.1,0.12584372212119327,0.12133923699020571,0.11865496572995368,0.11624209578110015,0.1117398996316117,0.10691404316992281,0.1034725205694113,0.1008280312499999,0.09837118848414173,0.09613875196828343,0.09443840723414162,0.09304214204061223,0.09192069033122456,0.11353397883823747,0.15708682984525046,0.17657439929762522,0.17176409374999987,0.16512807434747684,0.1578984815960821,0.15214289639973333,0.14701985873634468,0.14117108292043307,0.1350376820852165,0.12911624963562635,0.12365390552125256,0.11829966778922671,0.11297127380720084,0.10830124999999999
08-01-2026 14:20,25935.4,0.13210235684909039,0.12393187046227253,0.11979590624999989,0.11429451479642923,0.10837278870758926,0.10371343927589063,0.10035216790570965,0.09830024945041861,0.09634777966953553,0.09440116490173155,0.09271556964163553,0.09142122857595397,0.09048848840190817,0.11271104165107015,0.15688543865023227,0.1761650630751161,0.1710678437499999,0.16493870550838238,0.15889243959108473,0.15339560640702216,0.14723500344690382,0.14050972714373042,0.13436490466970924,0.12890093818006518,0.12363144656300507,0.1184308454314377,0.11334477554987041,0.108583625
08-01-2026 14:25,25922.75,0.1349515511921722,0.12901010654804304,0.12495834374999998,0.11729811291363818,0.1104333586708451,0.10566609735077548,0.1020393868157328,0.10006204977197797,0.09803827512746317,0.09553624655769628,0.09328131571009361,0.09434044449006411,0.09829040723988135,0.12065478269971075,0.1598468652198467,0.17613978124999988,0.1708761874999999,0.16523865625,0.1597515,0.15405753125,0.14746415925155187,0.14036037577887395,0.13382474255309215,0.1282892350559336,0.12306210556032704,0.11830496271952548,0.11360097612872402,0.1084729999999999
08-01-2026 14:30,25906.05,0.1333932999440779,0.13095188748601938,0.1288883437499999,0.12251083009783631,0.11578562894567271,0.11077370509783631,0.10638528379097897,0.10328896820041861,0.10074682783031351,0.09771319240286465,0.09483060516156784,0.09864031249890669,0.10844929200621488,0.1302806900544414,0.1628843418675559,0.1760773124999999,0.17081625,0.16493964576985035,0.1590393852897008,0.15324617701985035,0.14688006301242562,0.14012221592341384,0.13381771155955094,0.12800058970687178,0.12254946836661824,0.11776318730830908,0.113021853119532,0.10789903747812812
08-01-2026 14:35,25930.65,0.1267305,0.12370702061522677,0.12267133512192574,0.11836300950142672,0.11307694628141388,0.10899049999999999,0.10471893749999998,0.10132753125,0.09899303672112458,0.09651774902706584,0.09389301388783386,0.09453750186628443,0.0983859835415543,0.12050442972700914,0.1597363652198467,0.17641153125,0.17108168749999997,0.16468371861531503,0.15829162473063016,0.15291315611531503,0.14714685216633538,0.14057387410224256,0.134151347955479,0.1281229159077758,0.12262389852640818,0.11771484619359848,0.11304539680922816,0.10865441179375694
08-01-2026 14:40,25928.05,0.124246125,0.11723815937600243,0.1154745830604284,0.11307462955578537,0.10919701457435502,0.10550576006245907,0.1019754737812295,0.09933871875,0.09721789905241349,0.09496366131010751,0.09268849773282692,0.09102248274498524,0.09011490351985241,0.11270465624999991,0.15745684374999988,0.1765061664279815,0.1706876453559631,0.16428546482457793,0.1580234405431928,0.15269851714659635,0.14718140625,0.1406042848195798,0.13370851506723852,0.1278646397025443,0.12292865473169212,0.11768924435466618,0.11250475752525131,0.10828591247812813
08-01-2026 14:45,25926.4,0.12425187499999998,0.11746507148796695,0.11498544128925178,0.11240201418622246,0.10775061627488226,0.10315922619069903,0.1002095193453495,0.09827256484771923,0.0962426609454385,0.09421190263148817,0.09240102031461381,0.090859058527921,0.08980693849707605,0.11254887499999988,0.15742365624999988,0.1760505175644855,0.16967266302912676,0.163715052975706,0.15815015986725264,0.152430818851467,0.14675894149527902,0.14069666976957176,0.1338473603538445,0.1277487426489736,0.12292261456470086,0.11772890307870776,0.11240103112529846,0.10813639987153166
08-01-2026 14:50,25932.65,0.12445037499999999,0.11996236603283982,0.11551639354669103,0.11084820279007475,0.10574830185865014,0.10132207256245908,0.09853709878122949,0.09675339334758991,0.09500256794517992,0.09326131794064074,0.09170491503246261,0.09013340003577294,0.08905090959636107,0.1119272812499999,0.15669106249999998,0.1754922601779815,0.16976844781946532,0.16407633385498607,0.1583049872820139,0.15221640088702326,0.14659349731851154,0.14097446875,0.13449160167807894,0.12836673460615794,0.12321128917807896,0.11813054928435598,0.11322429816876893,0.10892829840022798
08-01-2026 14:55,25918.9,0.12765283255252186,0.1218867552766885,0.11441280742523502,0.10837785200728375,0.10456062167414534,0.10121346258458891,0.0980854638810504,0.09584259609771924,0.09412234844543849,0.09251011927671843,0.09107108505278882,0.08981286404092825,0.08904637813948645,0.11185976347234794,0.1558850697637589,0.1739187230709896,0.16890545850085814,0.16412883934378325,0.15826272564543484,0.15205272674055806,0.14620181649527902,0.1403515625,0.13411249999999997,0.12823121874999988,0.12281851422444778,0.11758580969889566,0.11299809973814871,0.10862271705480342
08-01-2026 15:00,25894.05,0.12980150485294317,0.12205137621323572,0.1134993125,0.10753932533128924,0.10464290470226906,0.1017372709106701,0.09818800403969037,0.09527157936828928,0.0929832685595505,0.09138034349232586,0.09068419340103602,0.09040256514756666,0.08993961997331182,0.11208531267571652,0.1547046410567302,0.17150319376218756,0.16649487060418422,0.16231809914872694,0.156845875,0.15071935237644474,0.14458145475288958,0.13868107112644473,0.13271503125,0.12676785680691371,0.12095630283852372,0.1158013477563062,0.11190560497071475,0.10812481298407434
08-01-2026 15:05,25867.85,0.13115095755252187,0.12409123938813038,0.1173575,0.11175462857248797,0.10757326313162419,0.1039827967957843,0.1006700684866481,0.0974372724851658,0.09413252366490917,0.09211131010220998,0.09180739747879384,0.09182567285711321,0.09395863666300974,0.11792027875209947,0.1568772336536347,0.17103425830729127,0.16567721357330573,0.16049802044822647,0.1547132408369063,0.1488305358690153,0.1427717059011244,0.13679620527198394,0.13088086089284343,0.12497117723670481,0.11921112687532309,0.11440868525479667,0.11073642985269969,0.10710218623177188
08-01-2026 15:10,25878.85,0.130415,0.1230916562499999,0.11709435589585018,0.11222021179170046,0.10785826311611889,0.10407572069053742,0.1011937197202686,0.09856592311828928,0.0958882782923627,0.09397745670795028,0.09295747084405181,0.0921329441422572,0.09717028908864965,0.12423220976313495,0.1600866205065675,0.1713902736144563,0.16578685972891266,0.1599802552631422,0.1537948382973718,0.14821961527513067,0.14268001725288962,0.1363940867843244,0.13005843756575924,0.12456665747317333,0.11959211279334618,0.11494264389081127,0.11093977289053625,0.10760764991111016
08-01-2026 15:15,25875.3,0.12992425,0.12169543749999989,0.11468584592766894,0.10921185862524047,0.10523806532307171,0.10238259473109798,0.09992622960559759,0.09765940625,0.09619346713038188,0.09497071551076394,0.09303406422703814,0.09387259847031298,0.10071990326634307,0.1248012120083721,0.1590184351156858,0.17125201582574814,0.16604093790149635,0.16066601124420132,0.1545374283369063,0.14856165166845312,0.1427367809463227,0.13649260171406724,0.13039832933916612,0.1247578758182243,0.1196972969936053,0.11519778505457276,0.11105756967303344,0.10793831122997262
08-01-2026 15:20,25877.45,0.12962725,0.12119146874999999,0.11353176214585017,0.1070283962304324,0.10248725602331402,0.09999939485829563,0.09777895208912742,0.0958609916695637,0.09555711283054993,0.09511494441110006,0.09263770658055002,0.0960226716254749,0.10649163852642457,0.12809039124034616,0.15921389715331816,0.17152815030111918,0.16625112944129547,0.16070400767099835,0.15476279365666848,0.14895175712953612,0.14297663036058678,0.13638937616887398,0.13032629382529193,0.12493946436031554,0.12003065231615796,0.11546216338446567,0.11099981896294425,0.10754170304068345
08-01-2026 15:25,25872.2,0.13206037499999998,0.12098403866983573,0.11189804884924018,0.10630280470887545,0.10371986754937358,0.10049342223135925,0.09656388592291354,0.09548913046145678,0.09617150744346728,0.09566585863693469,0.09290674888899819,0.09281935591806212,0.0973222274753419,0.11899373367255278,0.15635797011367442,0.17247611128337875,0.16688222743467296,0.1601692318510063,0.15419083170158301,0.14925730985180766,0.1440672355625287,0.13748489174726466,0.13081573898515836,0.1256672450305911,0.12132590702234675,0.11652451846822436,0.11176626808858539,0.108037052697933
09-01-2026 09:15,25899.85,0.13707099999999997,0.12137879301247381,0.10851686799842293,0.10341919472036118,0.10384702748167776,0.10078795545940313,0.09578797341880627,0.09524114295940314,0.09555078419978842,0.09416013089957687,0.09176367647411976,0.08946837829866255,0.08927057977433121,0.1114887540639217,0.1542666643778434,0.1733267228139217,0.1676927819944972,0.16054449560283382,0.154818133161944,0.15014580637908392,0.1449252544611849,0.13907374021294494,0.13289649515447322,0.12715783986276677,0.12222743457106042,0.1172424661453192,0.11229747317351105,0.10868840181573164
09-01-2026 09:20,25916.2,0.136030625,0.11913676964415865,0.10499325427975399,0.09953460415120777,0.09906294025956851,0.09679444492873679,0.09366879610747367,0.0925160074287368,0.09124568867760408,0.08943609610520818,0.08854936762313488,0.08773229539106159,0.08753680394553079,0.11032331249999999,0.15412240625,0.17326659374999998,0.16716647379521513,0.15971384082891735,0.15447304152218913,0.15037454094868835,0.14516867042040282,0.13946502271020142,0.13366271874999996,0.12767401978906667,0.12228241457813356,0.11744912512254471,0.11267746066695596,0.10938374999999999
09-01-2026 09:25,25858.55,0.13044975,0.11914801781380778,0.10883235344119853,0.104808750522863,0.1030491874999999,0.10020143749999989,0.0973591874999999,0.09498165625,0.09196810062747604,0.08927907625495218,0.08935085062747605,0.08953136440739573,0.08899963506479146,0.11106623940739573,0.15371406249999997,0.17185018749999997,0.1658656058583472,0.15912779958053405,0.15375684013723567,0.14900414246625873,0.14341628983966345,0.13712864287834828,0.13139659189133504,0.12646830383697075,0.12169787207106032,0.11685909217919885,0.1120809997873374,0.10833924999999989
09-01-2026 09:30,25855.3,0.12439449999999999,0.1202667341843193,0.1150011412378485,0.1109015890137925,0.10735081249999989,0.103868375,0.100776,0.0980239234720771,0.09482445963057365,0.09210193567545157,0.09186765509749092,0.09176306933635803,0.09105222126164428,0.11225872000582214,0.15344143749999997,0.17081862500000003,0.16530748347105367,0.15934249819210755,0.15345879711056995,0.14761984602903236,0.14149935944820355,0.13482591945476985,0.12937795148347758,0.1251837485811123,0.12068509148743452,0.11610472907499131,0.111589835412548,0.1072018749999999
09-01-2026 09:35,25832.05,0.12970987499999997,0.13051087345760962,0.12564146714261631,0.11761695161229976,0.11163987507179038,0.108427176195528,0.10554059061895313,0.10230762214907085,0.09966015041419525,0.09759989941500495,0.09623900263040454,0.09488728134858022,0.09375585381479144,0.11398773940739573,0.15336893749999989,0.16981140625,0.1644725312499999,0.15864540625,0.1528244335512097,0.1470567108524194,0.14098407108966343,0.13457651787834826,0.12883112314133505,0.12362200345860522,0.11855874006432916,0.11419591690716457,0.1099016874999999,0.10527012499999999
09-01-2026 09:40,25822.35,0.13377487499999988,0.14152537499999998,0.13649797513345752,0.1252490774421615,0.11803494022859687,0.1152040486645395,0.11199489877540313,0.10756358078359046,0.104902347474911,0.10298524155261299,0.10061182366107169,0.0983768805805358,0.09678265624999999,0.1159865312499999,0.1537338124999999,0.16909308060945374,0.1635870362189075,0.15800958060945364,0.15208195167585287,0.14578626405977407,0.13978817309198963,0.13402307945806832,0.12791404913148854,0.12201561275669441,0.11683302440921046,0.11203684457429199,0.10757088379028729,0.103055875
09-01-2026 09:45,25853.6,0.13249699999999998,0.1404737450262881,0.13737773254375585,0.12796579968623611,0.12063537131392946,0.11654603369159755,0.11226427819426728,0.1073925688766167,0.10415030861196069,0.10184236523797022,0.09965877746665157,0.09759436714517077,0.09598129679034165,0.11556796089517077,0.15414512499999988,0.1695358525314241,0.16372284742746923,0.1584262622606663,0.1522567065954537,0.14495050102098359,0.13889005934946916,0.13383825734227306,0.12753072063099086,0.12162456816311738,0.11686696511363978,0.11186546559711698,0.10764732654855849,0.10362487499999999
09-01-2026 09:50,25857.2,0.13853778588596374,0.13590034008223323,0.1314733843053712,0.12510098556767943,0.11883278363535901,0.11404901681767937,0.10963496655192777,0.10515925061943561,0.10134047150937033,0.09876949486814485,0.09718490117628244,0.09545401224195656,0.09398733698391322,0.11436534105600243,0.15433693887809166,0.17068819067349952,0.1649659348012279,0.15916353402409456,0.15342031900817324,0.14698729889579443,0.14058186776403025,0.13477989414325192,0.1282282728727211,0.12226176639978321,0.1172404209897688,0.1124843606482988,0.108901463657798,0.105384125
09-01-2026 09:55,25884.0,0.13581670432686718,0.12843179610800498,0.1239481153431736,0.11964117869867415,0.1139793945322599,0.10921941178861508,0.10555475,0.10200677905466708,0.09886735825294898,0.09661356684189647,0.09498030014361464,0.09329208589517078,0.09203301554034164,0.11312472064200901,0.1544848944936764,0.17198104099683825,0.16642411592031642,0.16001935684063284,0.15426605248545128,0.14876618353227894,0.1427873073691532,0.136823632684964,0.13062699853770038,0.1242076468568992,0.11806609668336175,0.11342156125141126,0.1102370899481385,0.10718466623431225
09-01-2026 10:00,25894.2,0.1325346608859637,0.12291841522149086,0.11994109763743362,0.11695768255613648,0.11019091594997192,0.10553439353126905,0.1029174999999999,0.0999775312499999,0.09735394584691034,0.09526245419382079,0.09370413334691034,0.09216540624999998,0.0910684999999999,0.11279289131404577,0.15506418887809165,0.17280848506404578,0.1668959349652211,0.1602051824304423,0.15416659737236135,0.1485199185642804,0.142929118766567,0.13741097521885343,0.13166808135942676,0.12571636023656674,0.11997848239183637,0.11524819719701522,0.11138005897848702,0.1078545582547955
09-01-2026 10:05,25862.35,0.13912625,0.1277083437499999,0.12401953970502945,0.11872894767654867,0.11035099498800893,0.1064030557664897,0.1041546562499999,0.1009395937499999,0.09788645966428051,0.09541116932856111,0.09422378752208939,0.09317972931018714,0.09203353754694754,0.11335101109456927,0.1552695937499999,0.17281231249999998,0.16684562980569523,0.16029479086139053,0.15425491012083012,0.14825588699585204,0.14204368032766398,0.13635469592831126,0.13095687228136446,0.12547392310310074,0.12024334620620145,0.11552304810310071,0.111098104058578,0.10673441623431223
09-01-2026 10:10,25871.6,0.1395135,0.12781224999999988,0.12162553125,0.11536820977075109,0.1089384195415023,0.1051229285207511,0.1019379062499999,0.09880378124999989,0.09624315229783406,0.09420971426326699,0.09322393819125167,0.0926709166509814,0.0917141455421053,0.11290819886694263,0.1551064375,0.1728434999999999,0.166950875,0.160676875,0.1548106249999999,0.1485437049923399,0.14195655384410671,0.13641161771119348,0.13110411260942667,0.12561426878473603,0.12051385006947207,0.11571995628473594,0.11129746426396067,0.10712810705584296
09-01-2026 10:15,25866.2,0.13685354286238588,0.1279891982155964,0.12150765624999989,0.1160684934635918,0.11105913043436533,0.10614631172795526,0.10175954975718172,0.09846974999999998,0.09613315624999999,0.09430127893627112,0.09295291473944957,0.09214334751465517,0.09137775405604599,0.11284176109456917,0.15479502254955413,0.17193886693700322,0.166229353725344,0.16059669683789488,0.15484934374999998,0.14864710761558236,0.14230937148116468,0.1366105451155824,0.13094975,0.12538890625,0.1203151875,0.11543156249999989,0.11109649995191317,0.10738374980765288
09-01-2026 10:20,25855.2,0.14214868685369508,0.1356922967134237,0.12952159374999989,0.1228880737659097,0.11610435620558965,0.11039470986345008,0.10579761492377014,0.101959875,0.09907215625,0.0966371709110024,0.09458296357612087,0.09330388316923434,0.09499174483628552,0.1188412774143391,0.1574978670074998,0.17118648546600726,0.1656307704060237,0.16042858837472035,0.15438624401874712,0.1482459032593736,0.1421280624999999,0.1361487187499999,0.1302327499999999,0.12456821875,0.11948365625,0.1144770930689434,0.10972036915184766,0.10557323205584297
09-01-2026 10:25,25858.65,0.14796616786238587,0.13812104196559638,0.13045743749999988,0.1217692945978928,0.11350982645296744,0.10893308161225626,0.10551967475718171,0.10188053124999999,0.09902165625,0.09633643932752377,0.09399956615504766,0.09280093932752377,0.09762941681321691,0.12474823987643391,0.1614620331127711,0.17314430443700318,0.16733497872534409,0.16112723463493125,0.1542343589577758,0.14803969827444252,0.142347377113703,0.13651684375,0.1305874062499999,0.12496796875,0.11976032757794661,0.11446205825566304,0.10960525877748624,0.1054875
09-01-2026 10:30,25876.25,0.143579875,0.1304690312499999,0.12196778124999999,0.11405191377642764,0.10727054630285539,0.10336350752642764,0.100335125,0.0975439375,0.09532953124999999,0.09336579249340356,0.09161729789242685,0.09042056205464294,0.09242389848778917,0.11747068366433909,0.15867181058216956,0.17443803124999988,0.1685243125,0.16195484075937358,0.15465576552250054,0.1480574462668804,0.14283495900375331,0.1374248125,0.1314432812499999,0.12569232603132416,0.12015275611653034,0.11503700220803173,0.11081957144176896,0.10672537499999998
09-01-2026 10:35,25856.25,0.1372515,0.1260566874999999,0.11825175103385463,0.11277518956770916,0.10828712603385453,0.10410240624999992,0.1004637812499999,0.09757894966212784,0.0952845064955709,0.09361647650475828,0.09209039523900074,0.0931251788141141,0.09767327274510099,0.12011747381860201,0.15800162306992957,0.17317796147269085,0.1672181416953819,0.16117905522269085,0.15454003049022094,0.14792665473044195,0.14249962424022095,0.1371015624999999,0.13097956358094162,0.1248688856916525,0.11944372071842682,0.11479332736150127,0.11050009242962414,0.10618462499999999
09-01-2026 10:40,25848.5,0.1354665719455844,0.12723346261810028,0.11894627027509305,0.11319405040507338,0.10978191226168454,0.1061035312499999,0.1022602812499999,0.09889683445049303,0.09622508343757778,0.09451422602367614,0.09310801307379428,0.09725601615373186,0.10774268144254208,0.12957183357269939,0.16042185099668643,0.17188456286068515,0.16590593822137045,0.16038784411068518,0.15451183426556753,0.14800358347481932,0.14185507040293577,0.13626497744368402,0.13018948758681834,0.12405598870496086,0.11907010839946669,0.11421647003957286,0.10923694426649748,0.105234625
09-01-2026 10:45,25856.0,0.1314054682481341,0.12455718545843235,0.11556882326253819,0.10929059758587961,0.10658565521974021,0.103581584303849,0.10006960994000362,0.09714578597538007,0.0948346240174609,0.09310931459955049,0.09178166356744615,0.09591241694872489,0.10587264967380976,0.12807305533596847,0.16012307871475265,0.17212080522269085,0.16613455388117512,0.16037972334427747,0.1545917871857933,0.14817160474393315,0.14174261573786645,0.13618663599393316,0.1303901260809416,0.12457972091188316,0.11961237608094162,0.11450061963332597,0.10944870801665196,0.1054215
09-01-2026 10:50,25857.85,0.1260074469455844,0.12209477511810028,0.11352466437130922,0.10690455734750563,0.10365140010790061,0.1004168294479822,0.09736332032790276,0.09518856579771551,0.09346770715365159,0.09182763223585654,0.09050314582463101,0.09562070248159084,0.10746651088837118,0.12977468715015736,0.16025642243840926,0.17187625201966328,0.1659993141080694,0.1597819407161387,0.15397750160806928,0.14807525869368404,0.14205389238736815,0.13633188369368404,0.13029314221999655,0.12458137818999321,0.11962984942778601,0.11480284464039454,0.1102664739074207,0.10589375000000001
09-01-2026 10:55,25829.65,0.12581692692915086,0.12656845048228765,0.1175303125,0.10943253124999991,0.10496726221270547,0.10090026385108765,0.09797199489636424,0.09591117893507978,0.0942188987718899,0.09271265059479218,0.09138608009779035,0.09305529917330091,0.09838462619805372,0.1198949215082011,0.15545610437649268,0.17024271499083474,0.16503547468579327,0.1588894181215865,0.15259688093579327,0.14664175,0.141029875,0.1353535624999999,0.12913271569683457,0.12331796264366929,0.11816786949158999,0.11313147314283499,0.1089879536514037,0.105130375
09-01-2026 11:00,25812.95,0.13126625952759657,0.13024142130707425,0.12020210790130115,0.1112745781274271,0.10629490036058838,0.10199026121831589,0.0992473604210072,0.09727244487456613,0.09536937499999991,0.0938259062499999,0.09256104144304801,0.09149555163609603,0.091231760193048,0.11213231451966328,0.15206578528932665,0.16887455545670432,0.16370338812408197,0.15797767843704094,0.15149846875,0.1448966206688923,0.1392153350877848,0.1338955269188924,0.12808429846999655,0.12251690943999319,0.11703269974267307,0.11141533133428012,0.1073945374788227,0.10457068951316742
09-01-2026 11:05,25810.2,0.1308362677485931,0.1249288334427985,0.1168322064723886,0.10992517768912698,0.10544036756473052,0.1016998847241272,0.09922430828775326,0.09716323353379311,0.09504184374999991,0.09348253125,0.0923473749999999,0.09144865625,0.0911560625,0.11218712499999998,0.15209662936513763,0.16824058244636594,0.16280496429731894,0.15774482371609064,0.15184821874999999,0.14494321082070957,0.1387447653914191,0.13344521082070954,0.12780211543838108,0.12231648087676214,0.11728473224749658,0.11227339917155524,0.10835732390474372,0.10565187895591924
09-01-2026 11:10,25819.45,0.12588222049560935,0.11872578654907737,0.11280050087795186,0.10792942658072864,0.10360818011562124,0.09997035204801671,0.09766903799526268,0.09549335589750284,0.09335718749999988,0.09202368749999999,0.0912061874999999,0.09057309311881132,0.09044977998762271,0.11205553061881131,0.15241127445188316,0.16840185234080746,0.16310238132596522,0.15780883876636634,0.15193185190865072,0.1460412184982178,0.13998308508778484,0.1339361092056845,0.12775791481895288,0.12219008277752955,0.11771653149536868,0.11337034374999991,0.1093690619943556,0.10595837297742272
09-01-2026 11:15,25805.3,0.12546155061252207,0.11910576265313041,0.11355247562608387,0.10895276375216782,0.10423007821919043,0.10019250234817861,0.0979099156670376,0.09587735966196557,0.0938866562499999,0.0925643437499999,0.0917206874999999,0.09108375518368828,0.09098491661737655,0.11223934893368818,0.15235231686513753,0.16880366498027533,0.1634715356151376,0.15732579849114028,0.15114347198228065,0.14587426724114028,0.14013918749999998,0.13362675919975098,0.12728479008788313,0.1220370525765132,0.11753717793838106,0.11298943749999998,0.10862385185012409,0.10430740740049639
09-01-2026 11:20,25797.5,0.12768510848996573,0.12193093337249139,0.11613860413100846,0.1108705942037877,0.10597573715786014,0.102288701978391,0.09981917364331001,0.09751699999999999,0.0955288437499999,0.0940224687499999,0.0929467187499999,0.09218434311881132,0.09202531123762271,0.11250378061881132,0.1520424687499999,0.16908384375,0.1636629375,0.15719391032932528,0.15114203940865073,0.1455022853293253,0.1395078125,0.13302773516206987,0.1267950328241399,0.12169689141206988,0.11706803125,0.11231534374999999,0.10790184650032501,0.10368688600130009
09-01-2026 11:25,25799.65,0.12980120979307974,0.12265929451078997,0.11661164432862096,0.11112877966337326,0.1063778175596636,0.10291010806865122,0.1000548749999999,0.09752774999999991,0.0955046874999999,0.09405022821295417,0.09314420642590845,0.09233757196295418,0.09211562499999999,0.11270518749999998,0.15229634375,0.1689184728810649,0.16293118534848366,0.1567588270537723,0.1513943333363536,0.1457866249999999,0.13926774592290192,0.13215095129062018,0.12595897731253433,0.1214950531948161,0.1168785425736443,0.11168156094335582,0.10758073873228646,0.1045549782660318
09-01-2026 11:30,25809.4,0.12701710046425,0.12020060515477791,0.11447464939435768,0.10922841719177077,0.10470583205546956,0.10037826820630652,0.0970991777632875,0.09537685567067965,0.09386725,0.09271602091810935,0.09215291683621868,0.09144502091810924,0.09131178125,0.11234603124999999,0.1521489687499999,0.16809593182919627,0.16143566297972103,0.15559378047185307,0.15107901807132829,0.1459115625,0.13905912750062543,0.13139130949730188,0.12549995524272733,0.1217538669960509,0.11707754476805592,0.11146160675636553,0.10743433195888813,0.1046537610013001
09-01-2026 11:35,25776.0,0.12231636023676329,0.11739410835659314,0.11277858727370117,0.1083137499999999,0.10373916919584071,0.09873879442007134,0.09564438603323573,0.09494637808962021,0.09400467978061519,0.09278810321295418,0.09215720642590845,0.09160775946295417,0.09164199999999999,0.11255240624999999,0.1519602499999999,0.1681122853810649,0.16196590490344806,0.15571245366370112,0.15054174039131807,0.14526553125,0.13903265217290192,0.13187647908987318,0.12544608207732608,0.1213501793266404,0.11737634173992983,0.11244111342545851,0.10810453662998393,0.10450137499999991
09-01-2026 11:40,25764.3,0.12290035046425,0.11717127337398026,0.11254184287895885,0.1083871875,0.10409246642192789,0.0997511134143307,0.09689480170911687,0.09586902960237625,0.09473086937508506,0.09344841790168591,0.09278250307452619,0.09231079841226304,0.09477722421038692,0.11787357342077384,0.15448797421038693,0.1682606562499999,0.16283214470938862,0.15677641441877727,0.15067245720938863,0.14457378124999998,0.13869893749999998,0.13220090428983053,0.12546851430250314,0.12087647198551427,0.11732701822284172,0.11289224101306905,0.10834391952613813,0.10453475
09-01-2026 11:45,25759.6,0.12313803490279655,0.11723605503662696,0.11233093873344058,0.10813923795270192,0.10458180661303809,0.1014657191510977,0.09887273975370754,0.09677146669230659,0.0949641532278816,0.09393154935213475,0.09343362192790011,0.09295406096395001,0.10057016111279986,0.12869375972559974,0.15980212986279985,0.16808990624999998,0.16282674999999988,0.15732031249999998,0.15130706249999987,0.14461628124999998,0.138370625,0.13251492542732196,0.12659021252092958,0.12164139875989305,0.11742401791628543,0.11291775347637474,0.10846366320274958,0.10461625
09-01-2026 11:50,25748.85,0.1217107876798661,0.11704811174287438,0.11235327057990004,0.10830597285420104,0.10536282451033355,0.10276352479016129,0.100158624319479,0.09763958597145236,0.09561331849261441,0.09460043162586737,0.09404539824176363,0.09354061999673792,0.10112337846250435,0.1289947165905341,0.159851295795267,0.1682165625,0.16307996874999992,0.1569908069265094,0.15004486874169987,0.14346072295387166,0.13783496600156994,0.13245048472577764,0.12714583611288882,0.12220396874999989,0.11740292357345561,0.11259018618688148,0.10829110165339562,0.10462425
09-01-2026 11:55,25747.75,0.12518378490279655,0.11970818732604428,0.11482000756372851,0.11038083705236211,0.10662602206491961,0.10359077308831005,0.10069617447473857,0.09838397514235604,0.09672758830997372,0.09543905977998676,0.09452546848755053,0.09393459322510109,0.09648843167475814,0.11905495050268985,0.15480951144375682,0.16855408662827456,0.163743875,0.15699379853491555,0.14875457169217887,0.14205461391164875,0.1368413281622827,0.13163823368375688,0.12669480877585962,0.12182316753048916,0.11666319407861747,0.11177339906003946,0.10781544850618331,0.10403875
09-01-2026 12:00,25743.15,0.127969375,0.12170576246668253,0.11696308688714191,0.11243052123140158,0.10762855041810789,0.10404841132306111,0.101070615431791,0.098849274404712,0.09734218337763302,0.09588952918881646,0.09478947826088989,0.09411470652177988,0.09680296564419691,0.11929964652385253,0.15467829964778412,0.16836792175723847,0.16386090625,0.1579015881765094,0.15046993124169986,0.14336714907469175,0.1373492557432101,0.13169943991345265,0.12613805049659876,0.120939567160568,0.11596118726088189,0.11142604149062452,0.10743245482345573,0.10311675
09-01-2026 12:05,25753.7,0.12300375000000001,0.1187615624999999,0.11479421785290449,0.11089044678168476,0.10614886500465577,0.10242228572321653,0.09976356058035923,0.09755805582029013,0.09605221598886624,0.0948341023515944,0.09404222320487657,0.09367244640975313,0.09927918709166052,0.12493879565184245,0.15787513714333315,0.16859636787827456,0.1639863124999999,0.15821101700288567,0.15097816768238628,0.14428086923815311,0.13878299094069013,0.13280327742455908,0.12642757258504297,0.12129317257301064,0.11682364756097842,0.11236804253048915,0.10816725,0.10375974999999998
09-01-2026 12:10,25746.8,0.12066487499999998,0.11548671810818703,0.11132637337467137,0.10845502992478147,0.1045619371582971,0.10086282970439168,0.0982128937863247,0.09618579639829075,0.09504516775517421,0.09639367326921211,0.10033718766677925,0.10250894305728696,0.10525797474283602,0.12572846651589678,0.15725686343091044,0.16872912843694643,0.16327826920018249,0.15584782319090296,0.14805677436706768,0.14255728096215686,0.13843784183580946,0.13328540406685493,0.12722890188370992,0.12194546656685491,0.11738878124999999,0.11287315625,0.10860009374999999,0.104282375
09-01-2026 12:15,25744.0,0.1231678749999999,0.11511668608125564,0.10961757004347947,0.10683311309319178,0.10378766663096796,0.10041953803076072,0.09765763002474175,0.09583352095720128,0.09493624146322024,0.0991036359277166,0.10851654900923127,0.11348252732880931,0.11390684142215156,0.12894692584051973,0.1572229447499656,0.16839017979874504,0.16168403322665667,0.15324303799433683,0.1465111731275126,0.14183229035642972,0.1375806494610396,0.13265731249999999,0.1266783000648022,0.1209004423781308,0.1163235783118548,0.11207074843737813,0.1077839686277037,0.1037945
09-01-2026 12:20,25738.7,0.118456125,0.11271018685818703,0.10806359553403674,0.10444372424351221,0.10144825306766249,0.0988897984543917,0.09665472410219571,0.0949820528412162,0.0939437834434121,0.09547251908039556,0.09965012933386254,0.10209445139145344,0.1028221790266122,0.12092739799928272,0.15458987604760344,0.16788260691097684,0.16147063239824325,0.15449214377128168,0.1483572749261948,0.14284428035021957,0.13749480110994733,0.1319104870374279,0.12545314082986897,0.11954640579760006,0.11547511389988968,0.11139233539812357,0.10694424157907836,0.10386024999999999
09-01-2026 12:25,25737.5,0.112875125,0.1092344062499999,0.10604496875,0.1023318124999999,0.09933734375,0.09738828124999989,0.09555803125,0.0940027812499999,0.09298006249999989,0.0923882812499999,0.09225871875,0.09268367539589425,0.09371406954178851,0.11418013422779028,0.15165035516379194,0.16693317379633826,0.1620553049288846,0.155999060515568,0.14927784735225158,0.1430869732529868,0.13723300540372202,0.1314509443644985,0.12525802714007733,0.12010629029076834,0.1162231802020678,0.11169672065040122,0.10716676363311091,0.1042723749999999
09-01-2026 12:30,25724.25,0.11344099999999999,0.1091831562499999,0.1058304062499999,0.10264312499999999,0.09995495235701163,0.09799809221402327,0.09607535860701163,0.0944920937499999,0.0935665624999999,0.09302303124999992,0.0929586249999999,0.09357486151005327,0.09482059802010664,0.11486147280950762,0.15150772259890855,0.16694283004945415,0.16235996640784747,0.1562175608626328,0.14978756869735482,0.14346292068521824,0.1374498591896659,0.13209459394559128,0.1262655824273885,0.1211324650090547,0.11688050099554699,0.11239196163821702,0.10839986163051363,0.1048001249999999
09-01-2026 12:35,25712.65,0.114723875,0.11018240624999999,0.1063688124999999,0.1033269375,0.10100163974970992,0.09908527872794796,0.09706345070676622,0.09555831172852808,0.09468565523194146,0.0941136854638829,0.09421659273194134,0.09505681552516025,0.09645166230032062,0.11661514935705627,0.15356485516379192,0.1689168650818958,0.16299477880054894,0.15615408885109788,0.1504259371672083,0.14446908087034502,0.13867334289071187,0.1335302641370262,0.12752735809316268,0.12207902868632546,0.11777513183511834,0.11358451623391119,0.10989346124195555,0.106008625
09-01-2026 12:40,25689.45,0.114485375,0.11075298014160945,0.10687536507080463,0.10388593750000001,0.10172751485701154,0.09971659892783433,0.09787949565362661,0.09676015900077971,0.09586725547967179,0.09511179857440866,0.0953541655127127,0.09642877180743283,0.09793516861486565,0.11808002180743282,0.15481655863684343,0.1697367110236869,0.1629512513294906,0.15522055053435868,0.14991558793640758,0.1451227012903276,0.13948528369563157,0.1339002187499999,0.12796306378024025,0.12275225256048052,0.11848245997507618,0.11426176113967183,0.11029711092767058,0.10633398393133886
09-01-2026 12:45,25685.25,0.1157419999999999,0.11145843362962335,0.10735191994453326,0.1043901875094433,0.10239690625472155,0.1004665693455574,0.0988794415594147,0.0979198188088566,0.09694940180364049,0.09608213128394773,0.0962296656686718,0.09743637464368751,0.0990687701006447,0.11875071960583168,0.15466767208456747,0.16917209050260681,0.16216129132851317,0.1538878167762818,0.14853079973767036,0.14428355256635284,0.13861421875,0.13282668749999987,0.127168125,0.1221609375,0.11784281249999998,0.1136183437499999,0.10956219177784506,0.10553514211138065
09-01-2026 12:50,25678.5,0.121879875,0.11481216401734465,0.11020432215068857,0.10676086031677355,0.10440826618047155,0.10236396973996288,0.10030753636451646,0.09885674129824379,0.09775190246695908,0.09693592151852715,0.09689525168908812,0.09779093619468979,0.09918833945029165,0.11865760663732446,0.1546898074612008,0.16940402293586554,0.16224483683587848,0.15420309654713438,0.14874554599716386,0.14359941514906435,0.13714734478340793,0.13116168956681587,0.12585200103340793,0.1208255648819331,0.1162352235138662,0.1121905648819331,0.10828683973283466,0.10414423393133887
09-01-2026 12:55,25695.15,0.12106763036019355,0.1147438538671667,0.11078156689328074,0.10770104985901234,0.10501639323622211,0.10245865978374852,0.1001070580212719,0.09848252286945475,0.09737278124999989,0.09666917709336506,0.09664272918673034,0.09729627162967398,0.09846965782261782,0.11830486659181826,0.15523816911101876,0.17043324080550934,0.16344096838639272,0.1556241166989653,0.1497791719887522,0.14425355492617967,0.13761196610016502,0.13131030720033005,0.12620409110016503,0.1211545825679574,0.11614018080549872,0.11219880140712517,0.10859329691958383,0.10452949999999998
09-01-2026 13:00,25694.0,0.1185209329014806,0.11446520197537007,0.11098725,0.10792179189825636,0.10505775601948636,0.10228044347668235,0.09997806773793147,0.09833956899979758,0.09711883623463705,0.09644669936731856,0.0965552812499999,0.09949393280544674,0.10509655602371927,0.12506390738109815,0.15759789389237966,0.1704762507091079,0.16404284789867424,0.15646325235926947,0.149686345991018,0.14370172586718136,0.137963264636193,0.1324400903532885,0.12664146773357543,0.1207029055551939,0.11569308292135293,0.11192633170358648,0.10866745336305263,0.1051105
09-01-2026 13:05,25687.3,0.120640395217165,0.11705572380429123,0.11324987499999999,0.10927050254035224,0.1059145675807045,0.103234744159807,0.10091035636346722,0.09897189074632698,0.09755536969007533,0.09689862824776482,0.09703309706000388,0.10266749775089405,0.11362671575645551,0.13341100076022883,0.15991468978841825,0.1692082529857622,0.16270198849508258,0.15609168234406212,0.149421509731884,0.1424657412793882,0.13722937769227633,0.13274304384378124,0.1261715793503701,0.11910232708036608,0.11426581988642173,0.11103943668234645,0.10806795027504124,0.104887125
09-01-2026 13:10,25691.5,0.12100288810488417,0.11732485161022771,0.11366328354200332,0.10959040625,0.10595806066365365,0.10299387302427276,0.10059398816353612,0.09897136177618726,0.09789119608945092,0.09719462036768992,0.09716409725415638,0.10005216201231103,0.10563285293215341,0.12542811833531523,0.1573069876423797,0.16878659265999932,0.16160094849676201,0.1555217766817422,0.14986524110751925,0.14310006174069012,0.13764489600509872,0.13295713925650243,0.1267900917001674,0.12065843442326081,0.11597993003261708,0.11204118958404527,0.10829711826244531,0.104764625
09-01-2026 13:15,25696.8,0.12049370788139206,0.11588203578762592,0.11210796065863894,0.10872408583552272,0.10530462813806954,0.10185459298128369,0.0994442295657823,0.09840257606237787,0.09769945185651338,0.09697352799979242,0.0968916732060422,0.0974945319685044,0.09853632041214755,0.11845795708107366,0.1550181875,0.16927822016826033,0.1624959185399559,0.15595248907513073,0.15054690641850238,0.14437714179809533,0.1382288427009891,0.1329834728679609,0.1273636249999999,0.122080625,0.11747474999999999,0.11259857976412034,0.10797122202824068,0.104654
09-01-2026 13:20,25704.7,0.1206767490539825,0.11528936209414312,0.11115327491532379,0.10788867164957656,0.10493324771280696,0.10194882592384942,0.09959890678293493,0.09828065589766635,0.0973539306968353,0.09656201418841902,0.09644454571238377,0.09708683824544949,0.09818396875,0.1181540312499999,0.15456078124999997,0.16902396874999998,0.16305692991686024,0.1566114535837205,0.15112867991686024,0.14533755097002993,0.13879282835952167,0.13286459755895366,0.1272935701694618,0.12220134374999998,0.11758196874999999,0.11264709410387275,0.10812744612697604,0.10533615667692199
09-01-2026 13:25,25701.95,0.1201641930244206,0.11382938840657444,0.10969601382523458,0.10673446083552272,0.10412589042104545,0.10179086708552272,0.09977062318539243,0.09824352762078493,0.09711624818539241,0.09625320735251026,0.09606219595502075,0.09694756854919759,0.09835894114337443,0.1182899236966872,0.15467471875,0.16920924999999998,0.16352400464667766,0.15729838429335546,0.15134037359728855,0.14538795665122173,0.13913696320678964,0.13306787601235773,0.12752934425617887,0.1226374375,0.11785916857771331,0.11315160877430976,0.10940065859746272,0.10665703712793283
09-01-2026 13:30,25705.5,0.120159875,0.11184043360628668,0.10724165525406253,0.10547901105061272,0.10353528124999989,0.10128565625,0.09925739871266535,0.09765357867533081,0.09664604824354532,0.09590358780456201,0.0959504145164845,0.09711438816442673,0.09865691759324884,0.11843694317162436,0.15485383906153094,0.169609740623062,0.16372342249511754,0.15726291686717309,0.15109746644283167,0.14491479073179175,0.13907812760531002,0.1334776267046586,0.1277558372243285,0.12272083665243326,0.11779993021126099,0.11313401667252199,0.10983679574241444,0.10691133712461377
09-01-2026 13:35,25704.05,0.12049262499999991,0.11099117072657003,0.10669386669821856,0.10613208618294734,0.1042696739697437,0.10155099999999999,0.09909361582368792,0.09719401289737603,0.09630380820773826,0.0956888847681005,0.09598119238405024,0.09710486119668721,0.10076755526876756,0.12293540194747347,0.1568332715245669,0.16905028354834767,0.1630866855813126,0.1565702751142775,0.15097039713274965,0.14517074483325676,0.13868622181062576,0.13260543239246164,0.12703008393301848,0.12196760048465387,0.11711109335994747,0.1129488464215437,0.10985332852563595,0.10710938979169062
09-01-2026 13:40,25707.75,0.11318643401913486,0.10918562528794087,0.10694180015719452,0.10552784268000613,0.10264404081469661,0.0997602499999999,0.0977623813423241,0.09613590391774669,0.09515012583940086,0.09481609654485813,0.09532396203087987,0.0963492499999999,0.10288991346139532,0.1281817019227907,0.1593179520402779,0.1685743896577651,0.16270920632921274,0.15630289800066047,0.15068719361530208,0.14485631077225633,0.1381834742301069,0.13202317500576544,0.1269606348353764,0.12198267621437628,0.11699430412388606,0.11329352706194304,0.1101446743494858,0.10676944739794356
09-01-2026 13:45,25683.75,0.10920589362124547,0.10996934057185777,0.10871071624759673,0.10589355581920724,0.1026374864697437,0.10014945013878773,0.09847827527757545,0.09669742516721573,0.09540848008331838,0.09536950383135259,0.09588943627646224,0.09674465624999999,0.10050298912539302,0.12244409831325496,0.15546141370973934,0.1673603327312861,0.16184820637010505,0.15553723132139288,0.1495511086911606,0.14333943661716322,0.13744232688887917,0.13191129314166225,0.12614956757349366,0.12122034764060227,0.11704616792270806,0.11326422801611707,0.10950575266104035,0.10528726064416151
09-01-2026 13:50,25682.0,0.11655268401913485,0.11385064263448291,0.11032518147704003,0.1070281043149823,0.10445570696764145,0.10239110853047823,0.10058481081095648,0.09866581226357662,0.0975027616694292,0.09731981838956313,0.09735916670323241,0.09792481262362199,0.0992156877472441,0.11800269973539516,0.15212497374089773,0.16607043081900266,0.1610281044291481,0.1551193758060137,0.1493341726817155,0.14337353605895478,0.13757724452299405,0.13145047974630436,0.12460545922405522,0.11976883844623053,0.11651756213946861,0.1127579374999999,0.10865796874999989,0.10424737499999999
09-01-2026 13:55,25665.25,0.12335149999999999,0.11644521646191974,0.11093005126334182,0.1079026093909242,0.10603102458950213,0.10400052524923148,0.10192067549846295,0.10014297424495643,0.0990334592679122,0.09830179029864951,0.09808918627646224,0.0986698555364277,0.09985646107285538,0.11874606934889652,0.15295695887493754,0.16637105006226421,0.16108051624959083,0.15498612845064785,0.148204938781122,0.14213142221018218,0.13691347813040816,0.13141246084403294,0.12528741607754879,0.12025896337448519,0.1163411493904739,0.11228849999999999,0.1081494999999999,0.10374937499999999
09-01-2026 14:00,25689.05,0.11928612567324293,0.11514616853478095,0.11054155287718326,0.10759678815495585,0.10527562239424278,0.10286302458624408,0.10090473667248809,0.09940330164258342,0.09834433536267867,0.09736971455633932,0.09721496874999999,0.09807537512362201,0.0993872814972441,0.118795625123622,0.1541356249999999,0.16811714467252648,0.16236244022045251,0.15499214168310468,0.14646287618317194,0.13975817283575914,0.1357474820373176,0.13199730799955162,0.12684959375,0.12168978124999999,0.1172304375,0.1129400624999999,0.1087976249999999,0.1044345
09-01-2026 14:05,25678.55,0.11717467911980026,0.11460290518311363,0.11011274333603026,0.10714201091837591,0.10476535162155763,0.10199851261044376,0.0999519314708874,0.09862071160616868,0.09765855424144987,0.09684032399572493,0.09916872787259531,0.10466751341662803,0.10815346983470461,0.12526387340990638,0.15654050161923438,0.16879809375,0.1626896377903569,0.15534231778156624,0.1474451643625503,0.1402105934925136,0.1358095573218568,0.13223054195068412,0.1269572886340838,0.12176560851816773,0.11748394488408381,0.1133239374999999,0.1091622187499999,0.104828
09-01-2026 14:10,25674.05,0.11776425067324292,0.1133775772614059,0.10867342426669473,0.10569425497220142,0.10358017024407737,0.10112978125,0.0990222812499999,0.09773825,0.0969247812499999,0.0963508125,0.10168467312626335,0.11278991123675672,0.11890634285829439,0.13318276951137203,0.1591919772635709,0.16884131249999998,0.16275136962539954,0.15604248925079908,0.1490899165282398,0.14214224364624198,0.13712534658396325,0.1325773685905614,0.12680421862534327,0.12157687475068665,0.11748628112534328,0.11350178124999989,0.1093618749999999,0.105052625
09-01-2026 14:15,25669.0,0.11444597366111942,0.11143404439426788,0.10778321498460865,0.10490485123805914,0.10283469211848704,0.100748375,0.09871571022767955,0.0973298892053592,0.09654433522767944,0.09603634374999999,0.09861779037259531,0.10426257591662802,0.10781065733470452,0.12496796715990638,0.1566240328692344,0.1691189374999999,0.1629752620105907,0.15628561777118152,0.14937612635405426,0.1425359370192228,0.13741637475805502,0.13264502083229568,0.1270255698840838,0.12194279601816771,0.11760603863408381,0.11332477527165431,0.10911942554330863,0.10505562499999999
09-01-2026 14:20,25668.65,0.11215510625089567,0.11065039698686742,0.1074803101834312,0.10476826686371611,0.10271577085882388,0.1004597690573732,0.09839643839802859,0.09703184554605718,0.09625912589802849,0.0957677812499999,0.09604056249999991,0.097115125,0.0985347499999999,0.11807328124999988,0.1542709062499999,0.16908771874999998,0.1622295222966187,0.15447132431988447,0.14761072424743282,0.1413559528772882,0.13680757505872235,0.13260613815560113,0.12726203124999988,0.1222341249999999,0.1177846875,0.11328721375839375,0.10906216353675054,0.10550956907985173
09-01-2026 14:25,25671.35,0.11645309866111941,0.11324987063742455,0.10909365473769987,0.1058779696542257,0.10348741155628156,0.10090762765314067,0.09862322726190424,0.09714176702380851,0.09639113351190425,0.09599896874999989,0.09624044413896472,0.09723795077792954,0.09870478788896472,0.11827878124999999,0.1543005937499999,0.16875329843704018,0.16116460978430994,0.15242372037383944,0.14589104473787182,0.1411900211385602,0.13716137500955375,0.1325998333322957,0.12709040624999987,0.1220433437499999,0.11765296874999999,0.11328174402165421,0.10922519398217412,0.10571194875546183
09-01-2026 14:30,25652.65,0.1224825,0.11754840060595555,0.11275595030297775,0.1090123940573731,0.1059135068647464,0.1030903402037719,0.1005315631710835,0.09856131915297087,0.09767254587828608,0.0972719062499999,0.09736757388613265,0.0982433040222653,0.09966576138613265,0.11904603124999999,0.1543661562499999,0.16793775180819406,0.16093538423170112,0.15319903427726658,0.14631585626541302,0.14141795008485997,0.1371427144232065,0.131783814463389,0.12596622267677804,0.12114240821338897,0.1168999375,0.11255078124999991,0.1084444860199629,0.10446744407985173
09-01-2026 14:35,25659.1,0.1215801414334194,0.1179294728583548,0.11377496874999998,0.10957032203799275,0.10594208157598557,0.10341629016424261,0.1012205206252711,0.09920348062179253,0.09807053014434015,0.09750748529313756,0.09768804616053355,0.09866409799691311,0.10005320732693194,0.11903650308679267,0.15367611798561825,0.1674350918048493,0.16188634687408043,0.15502479123588647,0.14731335129936607,0.1414427242021935,0.13699933445167353,0.13148049940591255,0.12546874881182524,0.12087049940591257,0.11684109375,0.11252074999999999,0.10838656249999991,0.1041853749999999
09-01-2026 14:40,25650.4,0.11896097053703238,0.11669822063006768,0.1130863171229047,0.10869513839506013,0.10487977679012045,0.10273127204145892,0.10091886022537438,0.09905510076155263,0.09791880529604469,0.09729529972693567,0.09753743111346784,0.09853821358933208,0.09990764592866426,0.11872912359975235,0.15330891377084033,0.16765562876042017,0.16278259375,0.15654637480325695,0.14933243736441387,0.1428120628190569,0.13711096460953204,0.1311608418843926,0.125567071963889,0.12116047568112849,0.11700140625,0.1126578749999999,0.10856940624999989,0.10446225
09-01-2026 14:45,25668.25,0.11882401643341939,0.11558212487540771,0.1118027322585264,0.10785025760375104,0.10437132770750228,0.10219710135375114,0.10038744233854663,0.09866409331163488,0.09759405537919842,0.09703363142767901,0.09722679377651565,0.0980971244788773,0.09942926744291405,0.11868222183679267,0.15361234261195456,0.16767077387048174,0.1627160683763363,0.15695225,0.15045075,0.1439225625,0.13722205113255498,0.13063927114116583,0.1254430138846663,0.12142238762605556,0.11721834375000001,0.1128261874999999,0.10874503124999992,0.10471174999999999
09-01-2026 14:50,25663.45,0.11891887499999998,0.11485807174580959,0.11084116087290478,0.10731042554741027,0.10433766359482059,0.10189639429741026,0.09983433053727375,0.09822975055616563,0.09713954075050991,0.09660449573161803,0.09680271335304046,0.0976442079560809,0.09900593210304046,0.11857359375,0.1532922206906993,0.16644616808897836,0.16167395535585863,0.1567277892075796,0.1505446875,0.14413974999999998,0.13790358935163197,0.13185987117100353,0.12639456803711088,0.12165487007105176,0.11713482395662475,0.11290324010331232,0.10896868749999991,0.10493424999999999
09-01-2026 14:55,25674.9,0.11967587499999999,0.1147018886234243,0.11022893349684869,0.1069018226568701,0.10404575889123713,0.10119574445802954,0.099092698774315,0.0979816444568024,0.09711382391726707,0.09643067738454143,0.09651450425494683,0.09736641475989374,0.10089798546593172,0.1226377436719697,0.15502036146840362,0.16536414771903546,0.16044981091581462,0.1562904497041979,0.15042682336128282,0.1438824592225657,0.1381049171112828,0.132635375,0.1269608125,0.12151358174153262,0.11663378848306528,0.11260898799153263,0.1088660312499999,0.104843875
09-01-2026 15:00,25668.55,0.121950625,0.11578272748335909,0.11097323621671819,0.10771493219094774,0.10438486215846753,0.10107143202772116,0.09909233319766836,0.09826910790809974,0.09752886178727366,0.09680331249999989,0.09684625,0.09768153125,0.10588318481130542,0.13218905712261092,0.16029143527536655,0.166492886608775,0.16096524057536682,0.1557475745896323,0.1490613920094142,0.14249346729189022,0.13743657669145534,0.13237153124999998,0.12671809374999998,0.12135705260331232,0.11654463645662466,0.11241392856444601,0.10889876752546232,0.10550356241277992
09-01-2026 15:05,25679.0,0.12202201639099443,0.11631079897117289,0.1122276834968486,0.10899672946361609,0.10553460375472921,0.10236727626477554,0.10012907337613078,0.09874915377589258,0.09773131249999989,0.09698662167890251,0.09700327460780507,0.09779540292890253,0.10600919926360097,0.1320714997378853,0.1603475579349677,0.16742133481393937,0.16182121720651219,0.15535858869152638,0.1479287267766835,0.141846450788556,0.13727995410014282,0.13207808574317817,0.1262895464863565,0.12122471074317827,0.1166823124999999,0.11264579361792788,0.10990506276028264,0.10791965209770746
09-01-2026 15:10,25688.85,0.11992476189434058,0.11514394047358503,0.11160737499999988,0.1083404720611904,0.10516460037238082,0.10254556581119041,0.10020416711492967,0.09847902775429872,0.09739989791380821,0.09668252499885541,0.09668894419883246,0.09750776897441613,0.10114284641070721,0.1224367076687146,0.15529181360530722,0.16726665186563502,0.16189127403667003,0.15558706679674966,0.14851509108343391,0.14267154908162394,0.13770937419116902,0.13196004887983864,0.12592289700325957,0.12100574927526075,0.11693408468713608,0.1131927604915106,0.11064504251075234,0.10883500050925275
09-01-2026 15:15,25690.6,0.11939616553492946,0.11419577748435437,0.11017600867531091,0.10660424322984959,0.10369239270969935,0.10150129968015506,0.09934271750992922,0.09781496319665003,0.09695094524504298,0.09633071036722836,0.09643887643811411,0.09736846542890253,0.09899306249999991,0.1182227004376365,0.15320493212527297,0.16776708087450226,0.16290726087373164,0.15638290466140684,0.14908328970324292,0.14342897548286274,0.13844784280214528,0.1327242263391471,0.1264456790903428,0.12093792910518182,0.1172151534451675,0.1137682188374375,0.11045051783703949,0.1073141643186464
09-01-2026 15:20,25695.2,0.12353247481172865,0.11817511593851757,0.1131057162324105,0.10852792355311382,0.10571108488737432,0.10363731705613237,0.10129507457943793,0.09945491103756965,0.09811270974354361,0.09727049728085964,0.09735664022770177,0.0982304999999999,0.0997526249999999,0.11866461737010692,0.15325595349021395,0.16819139862010693,0.163532636390913,0.1570452948582909,0.15072984623024882,0.14525684601061498,0.13977610597364631,0.13409799664046668,0.12757897628656428,0.1215339172439998,0.1176438160718606,0.11402599614972131,0.11001909202288905,0.10590318829211395
09-01-2026 15:25,25688.2,0.1280223180284699,0.12163937810773945,0.11588832195499234,0.11109518228921253,0.10861708098938078,0.10676526843015507,0.10435655040061077,0.10223166866596091,0.10059543161143329,0.09975643282590005,0.09986314468012217,0.10073103124999999,0.1022820937499999,0.12197194297695313,0.15765516720390624,0.17184120071877504,0.16552115743987272,0.1592784099803451,0.1543719723583599,0.14903645056691783,0.1430086957317045,0.13714973849085219,0.13098997446570862,0.12535257393141735,0.12042837066548903,0.11568185489956062,0.11172155216734074,0.10756387387024202
12-01-2026 09:15,25657.45,0.12687187666988622,0.11964871916747144,0.11483682698961774,0.11150451104333811,0.10914169736782292,0.10716651144259791,0.10518146500699072,0.10416042077535542,0.10376292829569708,0.10346802615081391,0.10383717675197686,0.1050775937499999,0.10706399999999999,0.12807146874999997,0.16557440625,0.17918001217929044,0.17135141074949412,0.16514938797059242,0.16006237365986456,0.15434800182081373,0.14831861012267578,0.14230932638231913,0.13641957389196244,0.13120951042439324,0.12569644283265433,0.120601444578717,0.11764599112620457,0.1145788962123421
12-01-2026 09:20,25594.15,0.12855355006211852,0.12266257501552957,0.1182036562499999,0.1151987021285425,0.11262393550708519,0.10965678397863049,0.10710772620017588,0.10720798795296942,0.10794161061848209,0.10802292023289133,0.10886132052186229,0.11037288605457152,0.11264387499999991,0.13306671875,0.16885609374999996,0.1820884452418218,0.17525326548364376,0.16859682271301862,0.16192275494239344,0.1556884087211967,0.1498684687499999,0.14390801094637956,0.13790328849280428,0.13258723880927537,0.12772383337543658,0.12359624404358034,0.1209951340558711,0.11845589557465108
12-01-2026 09:25,25548.3,0.13339226439884364,0.12968122234971086,0.1251901562499999,0.1214156227292951,0.11830312045859032,0.11392925079129873,0.11008034987400714,0.11052117992053383,0.11165010371706054,0.11178461083442527,0.11285530545179012,0.11436759022589504,0.11668315624999989,0.13587740625,0.16867231168178312,0.18059477965920215,0.1746360930230546,0.1684135718480819,0.16150804985489225,0.1547819747272142,0.14866036834953608,0.14300686174574925,0.1370072109157463,0.13132244072196095,0.12683780273060788,0.12277589032705644,0.11897662025037439,0.11535464621234211
12-01-2026 09:30,25559.65,0.13664185516104993,0.13346258879026243,0.1292246875,0.12507906916779407,0.12112400443026922,0.1158450042421376,0.11161947039404795,0.11208701885475103,0.11320513010132743,0.11318157188968715,0.11405105595745078,0.11558137172872539,0.11993324960743956,0.14053556171487921,0.16985239063903468,0.17861075420354283,0.1728802728123004,0.1675714408903527,0.1611885,0.1542319877152767,0.14737124107028565,0.1411694170011244,0.1354348219873178,0.13034104367602117,0.12595738533481876,0.12132641324032624,0.11665485773065248,0.11249712499999999
12-01-2026 09:35,25575.3,0.13800569737015753,0.13303087770054323,0.12825443796600763,0.12412568777319638,0.12000303631599572,0.11511301430849726,0.11167924848688104,0.11172444784482066,0.11233027612416402,0.11231568137508087,0.1131014777831012,0.11473278576655056,0.12152687577697177,0.14449578280394368,0.17169024190209942,0.17862832604589096,0.17301130371639903,0.1672823750456357,0.160869125,0.15445405917476804,0.1474508371321018,0.139822397642323,0.13344122864038496,0.129401504508368,0.12606298930297213,0.12159181972861591,0.11681820195723183,0.112987875
12-01-2026 09:40,25569.55,0.13831717981508787,0.13284210961356993,0.12825878556959597,0.12431090840979794,0.12050636609468095,0.11681193159077799,0.11399115092691695,0.11273165896022393,0.11223791727940391,0.11208736067415377,0.11283550259830764,0.11641042624760731,0.12459594501122205,0.1452520995520836,0.17147225713448422,0.17943863654033831,0.17391044327016913,0.16791256249999997,0.16143553125,0.15528028124999999,0.14899307813973212,0.14167504439837836,0.13446347047211493,0.1297582794827049,0.12640718444391794,0.12210784974103969,0.11744347488271595,0.113461125
12-01-2026 09:45,25560.8,0.13971522420206353,0.13535576865676976,0.13150720646250777,0.1273685876062538,0.1231872499999999,0.11969356249999999,0.11700729674204406,0.11507338397351459,0.11358419022089662,0.11288922798942617,0.1134090937499999,0.11906718607026562,0.12964341714257172,0.14835855732434639,0.17243321434821376,0.1803929636923469,0.1749194193461734,0.16901171874999998,0.16238846875,0.15595075,0.1499403125,0.1437044947830496,0.1371522048895714,0.13142037103981685,0.12652585654311785,0.12146730980396998,0.1165175721382943,0.112782875
12-01-2026 09:50,25588.7,0.135575875,0.13170322797789824,0.12866564345579656,0.12390354047789823,0.11925397989685792,0.11619983479371604,0.11460433480709331,0.1136488585339393,0.11172146483717245,0.11065709736319534,0.11139945979945363,0.11498940750923055,0.12125438822588286,0.14034039128902218,0.17018279822120358,0.18165477493135307,0.17630631363279267,0.17018856249999997,0.1635287812499999,0.15712593749999998,0.15118171874999997,0.14533434374999998,0.13939165624999997,0.13365484667468175,0.12829456834936354,0.12265380954879557,0.11760270781555048,0.11517125326929174
12-01-2026 09:55,25588.5,0.12971834612906005,0.12779115668757804,0.1256434528106261,0.120744101405313,0.11586982860431025,0.11292362595862059,0.11219385392087491,0.11208365362255553,0.11018581888818141,0.109019480769395,0.1099670240316449,0.1122491838057092,0.11528214992253777,0.13410121881454493,0.16748669395655208,0.18137405010327598,0.1762046249999999,0.16990321874999997,0.1633527187499999,0.15713790624999996,0.15128278125,0.14542340624999991,0.13944068749999988,0.1338709773201502,0.12873461089030047,0.12328486512473341,0.11862763103430136,0.11646604670053978
12-01-2026 10:00,25564.15,0.13090127828529066,0.13032848105308925,0.1274791667135332,0.12313063023176654,0.11848910108988314,0.11470429592976639,0.11329632800454714,0.112588422579328,0.11102241067235334,0.1100092127260342,0.11069631167900036,0.1129100197467057,0.11579394282210037,0.13463169720181792,0.16744031871533666,0.18041456943337017,0.17505411713380115,0.168854625,0.16203357622255157,0.15544949619510334,0.14973426372255166,0.1434730412530112,0.13640705175924225,0.13081240992197357,0.12644648582826523,0.12172624421113268,0.1172206466206465,0.1137595740937063
12-01-2026 10:05,25588.7,0.13320522112906008,0.12952761778226493,0.12520818749999998,0.12146268151679493,0.11785587916852994,0.1145325887866749,0.1124112036349399,0.11096756249999999,0.10996733759276417,0.10971671990951995,0.11071833377691134,0.11273423998884465,0.11514801407121372,0.13451838179252482,0.16796081155892909,0.1802373039011024,0.17438335773320587,0.16869908124882071,0.1620990060602708,0.1552842366549653,0.14980869645248263,0.14317412244086694,0.13495406671779878,0.1293700496885435,0.12580946901936252,0.12170125613995506,0.11750233792201215,0.11360003155923191
12-01-2026 10:10,25566.95,0.13666737499999998,0.13030312499999988,0.12517771875,0.12143364302396775,0.11813469229793569,0.11514217427396774,0.1126767812499999,0.1109085625,0.1100238124999999,0.11004846796994666,0.11135436793562481,0.11522258417710021,0.12094760296388503,0.13994168163064766,0.16969591385339866,0.17990400819566046,0.17325148565062365,0.16756532927370896,0.16196418331608348,0.15572965244510326,0.1498218861817601,0.14336137992142806,0.1363511429684508,0.1306811158656294,0.1258453492999229,0.12137559955501417,0.11794334438087416,0.11479696394496454
12-01-2026 10:15,25557.55,0.14155391716682242,0.1339244480417056,0.12825790625,0.12427680651679483,0.12064501928358995,0.11718015026679483,0.1142735625,0.1122434375,0.1111175312499999,0.11082710353882969,0.11165742631382372,0.11733324705121066,0.1297235702794821,0.15077745947118015,0.17369581097261647,0.180192678287946,0.17415560867427676,0.1676916804806362,0.16133960182141943,0.15534025548181551,0.1491905141203554,0.1427981532407109,0.13681560787035538,0.130638463936579,0.12434180718378848,0.12004956469026226,0.11769874299735805,0.1152522176875318
12-01-2026 10:20,25583.3,0.14151825238794,0.13338962559698497,0.127598625,0.1234825937499999,0.1197250624999999,0.11606952115522742,0.11281232568635341,0.1107266931418357,0.10984499384552084,0.10983866695475797,0.1106620921898936,0.11395372655216168,0.12476420861194415,0.14904489152503717,0.17444253529310155,0.18121012504779357,0.1757516874999999,0.16879085257822385,0.16125982143633577,0.15497161922861102,0.149446025670319,0.1436544040090282,0.13764874745920833,0.13092856973763764,0.12401852986866307,0.11949509830455642,0.11692039048381196,0.11379576812055009
12-01-2026 10:25,25574.15,0.13899718057183996,0.13210998264295992,0.12646178125,0.12176349999999991,0.11780262499999988,0.11419551672195016,0.11076153485378128,0.10866477025813684,0.1081873778427304,0.10885511326407463,0.11010828759529978,0.11154836254764983,0.1160490826977167,0.13797139825953858,0.17016070467592703,0.18165063911410506,0.1761045312499999,0.16938163048181562,0.16189004760864628,0.15490532189319747,0.14916865867243315,0.1437623584407814,0.13805338578471493,0.13196795287831775,0.12569868403583564,0.12057175943671798,0.11680218452920008,0.112914375
12-01-2026 10:30,25584.2,0.13526239726107905,0.12873681757317987,0.12351418651582033,0.11940043700791016,0.1157278210953622,0.11244736727959476,0.10986899214900112,0.1081909595754784,0.10753202509552086,0.10818770435330043,0.10955357323697855,0.11103742714291315,0.11345168729884773,0.13352826298080478,0.16837221366276173,0.18205527870638086,0.1762800625,0.16975409375,0.16283317877988768,0.15606532915038693,0.1495444204720594,0.14326289607589082,0.1376802346877125,0.1324301399633818,0.12702299198844527,0.12193820272689058,0.11755317948844529,0.11341837499999999
12-01-2026 10:35,25564.75,0.13460106008562348,0.1271416547176801,0.12201561184911561,0.11872423317377052,0.11516200100511317,0.11179084677410181,0.10988794904737988,0.10862340252355254,0.10773409374999998,0.10798073754764985,0.10912160009529977,0.11108593003930414,0.11404835373330861,0.1340178799916543,0.1685742499999999,0.18202028124999997,0.1762060624999999,0.16972906249999992,0.1629522812499999,0.15646231249999998,0.15006372953471483,0.14357244609374759,0.13745264108335042,0.13210595577431772,0.12703328124999988,0.12216646331816618,0.11790545716856884,0.11397024712894577
12-01-2026 10:40,25572.4,0.13610499999999998,0.12825733902154815,0.12325901492077082,0.11986031210338201,0.11615989809290038,0.11287307969072452,0.1106929148453623,0.10899244977265735,0.10790646204531479,0.10814823127287826,0.1092736939005601,0.11139782502503769,0.11461263184927863,0.13439887547458013,0.16855228125,0.18182296875,0.176012125,0.1695321249999999,0.16272371874999988,0.15611569863800087,0.14986174102600175,0.14380499485138276,0.13761596742676366,0.1319167337133818,0.1267306249999999,0.12187242284790199,0.11781177174074789,0.11430320417977498
12-01-2026 10:45,25556.8,0.133512375,0.1275216111787886,0.12320260245298259,0.12009848644537627,0.11673062141650624,0.11338749901141454,0.1107894062499999,0.1086793264711374,0.1074475591922749,0.10801808151516515,0.1094097994462118,0.11106315805326823,0.11389306294401193,0.13400913679292784,0.1683023988030519,0.18146701635610393,0.17577564880305194,0.1694008437499999,0.1626477812499999,0.15594409369979143,0.14952040614958284,0.14364178119979143,0.137704125,0.13192284375,0.12629909040449633,0.12091697839483374,0.11674455985841499,0.11332287212894576
12-01-2026 10:50,25579.85,0.12724212499999998,0.12305793749999999,0.11952907913383326,0.11730835674026725,0.11467422607903464,0.11134251097260064,0.1087328749999999,0.10703188727265735,0.10620593079531479,0.10687314369996648,0.10839870625473652,0.1099932314500644,0.1126318073451556,0.1331841194725186,0.16802445393306215,0.18116859332577578,0.1756020123523648,0.16969724795965127,0.1628742476469327,0.15580684592603336,0.14959507391126836,0.1440550381321678,0.13823556249999988,0.13257649999999999,0.12645624364543345,0.12049492050124366,0.11692751562688077,0.11429824724277561
12-01-2026 10:55,25554.9,0.12697454636155145,0.12328915596507938,0.11983939426949017,0.11691726006166882,0.11392747731363322,0.11115321714676298,0.10898240624999989,0.10752445747252616,0.10688219619505232,0.10730248335627456,0.108770193131997,0.11073077501252704,0.11340691791405644,0.13328632566327436,0.16758796108004442,0.18049988857097604,0.17446654970580389,0.16874560670137584,0.16199016914058834,0.15444935683407193,0.14830048023525494,0.14298931653064734,0.13745227398887597,0.1316751824934116,0.12500489725275316,0.11921715302810507,0.11651238057681568,0.11494552022087248
12-01-2026 11:00,25550.75,0.12884231933845977,0.12579645489972255,0.12205447405282996,0.11767233632791976,0.11401032658473234,0.1120542900714871,0.11058098207695212,0.1091712711234789,0.10841666724695788,0.10856820565238301,0.10994145786354548,0.11208157536289752,0.11466448400077466,0.1336327228444577,0.16682701924387816,0.17955770788456277,0.1733050732659296,0.1672540204939879,0.16111704938761492,0.1543244597880325,0.14773188755804526,0.14158294883972408,0.13598092900135006,0.12983407147152665,0.12297393989057787,0.11788834141081023,0.11516612045383016,0.1130928722427756
12-01-2026 11:05,25538.1,0.12787562649532658,0.12568533224852316,0.12174721105231523,0.11685757807567258,0.11339843422905979,0.11187872359000628,0.11072170528209624,0.10941563352589577,0.10863445800558967,0.10873097900279484,0.10992779761450017,0.11196890772900045,0.11468832886450019,0.13381054676349624,0.1668135310269925,0.17951205106722187,0.17329027594211688,0.166714132723057,0.16071376733466564,0.1542463665144865,0.1472116958632861,0.1410535734331126,0.1355127508237867,0.12968541472235923,0.12407535586813409,0.11938996302991942,0.11556435864750472,0.11206987499999999
12-01-2026 11:10,25544.8,0.12589534415129874,0.12338060288286931,0.1198088512199871,0.11618736733902128,0.1133176812346263,0.11130928175235981,0.10983036537725775,0.1085534653439342,0.10788165439697729,0.10809392094848866,0.1093102187499999,0.11139446874999999,0.11433293749999998,0.13375540625,0.16682009374999987,0.1794309374999999,0.173443082990682,0.16696754098136415,0.16064617674068202,0.15360920657149674,0.1461780427618541,0.14052352830921797,0.13572012894743204,0.13056777990714288,0.12561006182857137,0.12084606249999999,0.11650521874999999,0.1126428749999999
12-01-2026 11:15,25528.8,0.12684723615783572,0.1226790650258735,0.11901207447282909,0.11636375598641449,0.11380595858660045,0.11141157863554135,0.10980790651128107,0.10867558924260895,0.10813076181053735,0.10851570903026868,0.1099174374999999,0.11223362192494968,0.11537908759989944,0.13421218442494964,0.16608953125,0.17814546874999998,0.17227540625,0.16599434374999988,0.159685,0.1530917415144866,0.14647457812441006,0.14068430670536045,0.13535965759543692,0.13002428001061905,0.12493362252123806,0.12033278001061902,0.11622984374999999,0.11255487499999998
12-01-2026 11:20,25512.25,0.1293525,0.12398104322198898,0.11971130519397796,0.11709557447198889,0.11471235700941453,0.1123239842711039,0.1106103662639642,0.10950339525227484,0.1091207499999999,0.10969671875,0.11117334374999989,0.11360605241304675,0.11692651107609352,0.13478690936129697,0.16498605764650046,0.17658320069825012,0.17085971874999997,0.16417552711431974,0.15747236852390292,0.15155671820484662,0.14605350179526333,0.1402627812499999,0.13427221034260803,0.1284693307744793,0.12334771802113431,0.11912703508926313,0.1152469374999999,0.11151525
12-01-2026 11:25,25509.25,0.12796749999999998,0.12320977541219263,0.11910630082438536,0.11660877541219263,0.1144763125,0.112312625,0.1106908749999999,0.1096734374999999,0.1094872499999999,0.11027428124999998,0.1118536874999999,0.11419893442494966,0.11748821259989944,0.1350542316921344,0.16413752273186752,0.17497186176470103,0.16967078190253865,0.16320798678943757,0.15612439028968014,0.1504668195186083,0.1455895516658454,0.1400339374999999,0.13399194358629157,0.1283241671832023,0.12357822235752966,0.11936684251061894,0.1154040937499999,0.11173025
12-01-2026 11:30,25496.15,0.125720375,0.12146592876399534,0.11830673832241409,0.11602567772936437,0.11378267770484009,0.11187300511631662,0.11050592627779306,0.10974694751389652,0.10978806249999999,0.1106906249999999,0.11237090625,0.11471184374999999,0.118013,0.13576654444825023,0.1642533709646539,0.17391636794276,0.1686888007845591,0.1633278806591674,0.15700705689719255,0.15111506997620142,0.14566998571468343,0.14016285133470993,0.1344262109990109,0.1290947032480218,0.1245117984177229,0.12012542483742397,0.11619318116871194,0.112820125
12-01-2026 11:35,25487.1,0.1272419599444373,0.12229082652997572,0.11933432452193309,0.1170082654895601,0.11447943722912031,0.11251934683606835,0.11108216269301627,0.11037380009650803,0.11052359374999998,0.1114230312499999,0.11307240625,0.11541965624999997,0.11878284374999999,0.136417625,0.16490180319749792,0.17484762699751633,0.16929206315253864,0.16337376005457732,0.1566923214735762,0.14998733063568975,0.14423627965887922,0.1393241247947085,0.1339257629641536,0.12856855717830715,0.1239469117976222,0.11941489721920191,0.11539750418799764,0.11242012500000001
12-01-2026 11:40,25485.45,0.12985535224559833,0.12506959398376166,0.12167701858618105,0.11912187010242,0.11653292770484008,0.11424944261631662,0.11256708252779296,0.11168338501389644,0.1116615937499999,0.1124197812499999,0.11393624999999999,0.11622659374999991,0.1195430312499999,0.13684471875,0.16512003124999997,0.17536981249999992,0.1696704374999999,0.16332087543664475,0.15602153280315334,0.14852905756459717,0.1430201747163136,0.13860311826822488,0.1332255006564028,0.1278445638128056,0.12317761932511476,0.11843798371611396,0.11411158017609188,0.1113645
12-01-2026 11:45,25476.55,0.13203883494443727,0.12733967224017856,0.12358535675203464,0.12077515687875522,0.11801984500751052,0.11548651732303057,0.1137485596637938,0.11271913174476178,0.11234230752524324,0.1128457187499999,0.11424678124999998,0.11645421874999991,0.11966040624999989,0.1368909687499999,0.16509746874999998,0.1751976249999999,0.1693496562499999,0.1630065625,0.15620821756946202,0.14940424711480005,0.1436632477712137,0.13833859322587577,0.1323905312167986,0.1268517811835974,0.1223396874667986,0.11797913080226435,0.11377929285452891,0.1104324999999999
12-01-2026 11:50,25491.7,0.131112125,0.12639321874999998,0.12261662499999991,0.11974758033724847,0.11692181513508607,0.11440929458261416,0.11294399358581764,0.11200520383468524,0.11140560534043477,0.11187721030679047,0.113381875,0.1156082499999999,0.12059291132136292,0.13998460389272593,0.1670915988213629,0.17542687470440232,0.16925374940880483,0.16302762470440232,0.1567817499999999,0.1505899375,0.14466581249999988,0.1387806249999999,0.1324795213081865,0.1267470426163731,0.12233214297509729,0.11827596208382145,0.11459310598048746,0.11156456225430714
12-01-2026 11:55,25495.85,0.1299294999999999,0.12527743749999998,0.12155606249999991,0.1186870006287552,0.1157448114467074,0.11316198145142423,0.11173446275224985,0.11080247980039627,0.1103420686887346,0.11104047475711602,0.11263193749999999,0.11487362499999991,0.12200904903932866,0.14378894182865734,0.16922636153932866,0.17540567862288944,0.16886031899011278,0.16274382086155695,0.1568668054943337,0.15077390625,0.1448433749999999,0.1390361874999999,0.1330336874667986,0.12749687493359738,0.12245549667449368,0.11787089966539,0.1149966371989265,0.11346731196492633
12-01-2026 12:00,25499.2,0.129701125,0.12518887499999998,0.12147061550037039,0.11856635600074071,0.11562373871095942,0.11297356553407857,0.11116984508212092,0.1102823959093242,0.11026305890565485,0.11088903450496201,0.11224825,0.114466,0.11946191132136291,0.13918651014272593,0.16699738007136292,0.17546209918284672,0.16863772728737858,0.16218503202621695,0.1564141226716851,0.15046296875,0.14450859375,0.13870834374999988,0.13288653125,0.12749265625,0.12189215863664403,0.11679344227328804,0.11424374934316635,0.1128744878260896
12-01-2026 12:05,25507.65,0.134071875,0.12969837499999998,0.1257642602508188,0.12238042675163757,0.11893204150081878,0.11536399366064841,0.11257254897055612,0.11184727439722993,0.11201984527538537,0.11202793868806314,0.11290846874999999,0.1148508124999999,0.11781909374999991,0.13556419203864647,0.1651311965772931,0.17548164549099718,0.16882564989903506,0.1623311230016367,0.15602489136557088,0.14981771481061856,0.1438455625,0.13785928124999988,0.1316199170042407,0.12574397323278125,0.1202150965570396,0.11523868779609413,0.11202582886589464,0.10921549013961582
12-01-2026 12:10,25526.3,0.141293375,0.136885375,0.1323068342503704,0.1280615747507408,0.1239246467503704,0.11933965557700282,0.1157121349936207,0.11468622120440411,0.11414965973595767,0.11364157739680207,0.11431694389726131,0.11554328444863057,0.1177825312499999,0.13533659720385027,0.16523413190770056,0.17626135293229458,0.17017998020688863,0.16333401511244333,0.1562058312679979,0.149818853133999,0.14385046875,0.1376514374999999,0.1308528116014794,0.12426722701456899,0.11917361029121956,0.11477485191899824,0.11068097540631835,0.10678975956440687
12-01-2026 12:15,25577.45,0.14542587499999998,0.13802261488611595,0.13301611590138804,0.12876327316666009,0.12488688658333,0.1211247816742367,0.11797454729656966,0.116261218320429,0.11470776519809606,0.11403446924170989,0.11461559473341987,0.11518415292100721,0.11672946110859476,0.13491146946794394,0.16630907157729308,0.1780160982886465,0.1721221874999999,0.16551540231061854,0.15862074212123708,0.15197783749585886,0.14558515162048055,0.13945906018524018,0.13291369646367676,0.12652756340165341,0.12153916241227644,0.11707851058769553,0.1127959060872303,0.10917352844175586
12-01-2026 12:20,25614.85,0.14777325096192426,0.13609737590979015,0.1313172545583315,0.12780994594735395,0.12443519172367692,0.12160184374999991,0.11865251133961494,0.11633774142922976,0.11456938633961482,0.11374937819863065,0.11403015063861464,0.11466799869609988,0.1159205270208785,0.13467467576476264,0.16770275,0.1800888125,0.17437487499999987,0.16835262499999998,0.16195756249999987,0.1550807086989521,0.14831701114790433,0.1423962399489521,0.13619913913401663,0.12993270471705173,0.12477549203205329,0.12023623894901829,0.11614449898037277,0.11283699592149118
12-01-2026 12:25,25653.4,0.14836305475793787,0.1363827535756004,0.13091224842406946,0.12716775696202298,0.12339275488054603,0.12006525279906909,0.11754711077453453,0.1157267812499999,0.1142057812499999,0.1133808749999999,0.11359297345457042,0.11450694308843828,0.1172686542592269,0.13781170542223772,0.17047932189769552,0.18228464485081686,0.17676190624999988,0.17081146875,0.164503375,0.15783677893524017,0.1514341828704805,0.14552131018524028,0.13934459195943608,0.13294950980340922,0.12726670099663834,0.12283433417079342,0.11891875185613182,0.11479217835201429
12-01-2026 12:30,25668.1,0.1471840009619243,0.13756093774048103,0.13136163998434836,0.12657249871869677,0.1223275871570038,0.11856661309531072,0.11675004092265541,0.11611829878300722,0.11509975381601455,0.11396139253300722,0.11389691543457656,0.11488033086915328,0.11948483199955519,0.1419832684580788,0.17313363097122172,0.1835194665781215,0.178373875,0.17257990624999997,0.16597161589870493,0.15927888804740986,0.15353820964870482,0.14756035941424644,0.14102750007849282,0.13509388174219053,0.12918868940547362,0.12415937432711507,0.12039136456344468,0.11582812925543659
12-01-2026 12:35,25690.5,0.14421612499999997,0.1339682913740103,0.1292996076293807,0.12538161138475107,0.12209815084191014,0.11942278404906918,0.11706717327453454,0.11634331768896182,0.11586232287792372,0.114000733236394,0.11336629735093695,0.11477797305957743,0.11740012345213431,0.13796411549294033,0.1718162281476955,0.18452742610081685,0.17928671875,0.1734355625,0.16602256984368402,0.1583929332533835,0.15321409155440108,0.1477814966917219,0.1411556962653546,0.1361092582945149,0.13076848160038163,0.12513724505365895,0.12113420384416336,0.1164453449330705
12-01-2026 12:40,25684.35,0.145076,0.13278807414364296,0.1292880900982507,0.12610191855285838,0.12402271997567132,0.12304464766008492,0.11998296634744339,0.11762326643275323,0.11658653034230525,0.11443171626851315,0.11302536088794435,0.11449339391696978,0.11625419705954848,0.13521140043316257,0.170894,0.18562140624999998,0.17997140625,0.17373221875,0.16579737143097134,0.15735751844208226,0.15211599303063458,0.1475274633731542,0.14168666426787688,0.1363004845128913,0.13097438249890767,0.1259498475204543,0.12156370525262436,0.11668237925543659
12-01-2026 12:45,25727.5,0.1404831249999999,0.13083748479249357,0.12772657181594088,0.12479497133938834,0.12252166639301891,0.121828682217443,0.11915746288991182,0.11614436513110697,0.11482049497062698,0.11327529884479093,0.1121239777189549,0.11329670379725784,0.11525471112556088,0.13492854306278043,0.1719915,0.187652,0.18197590624999999,0.17568662499999987,0.1682425370778139,0.16055339897164345,0.154708162770994,0.14931296443831352,0.143786226061149,0.13797419100753094,0.13239156951506184,0.12802363812862408,0.1236545504921863,0.11918462499999999
12-01-2026 12:50,25724.55,0.14018512499999988,0.13298322721003222,0.12901435795644695,0.12557299623428722,0.1222686200742421,0.11989398162720323,0.11745117623648638,0.1153236627250456,0.11398993537823432,0.11298336625721801,0.1125490578410082,0.11303292935366663,0.11420467586632516,0.1344738379331626,0.17236293749999998,0.18805774999999997,0.18242659374999998,0.1762715,0.1695250073260494,0.16281963965209878,0.15611768992047695,0.14906715982683583,0.14323707656036763,0.13835740411658304,0.13370680488726858,0.12919651716956015,0.12448959664183039,0.12023774999999999
12-01-2026 12:55,25715.5,0.14036825,0.13534454192842324,0.13016874507710402,0.1255490964531464,0.12223111653341354,0.11930917488988674,0.1168828800219772,0.11515959842621876,0.11349274662436341,0.1126749518247198,0.112693555890576,0.11282011907600824,0.11581956984003368,0.13839369132023338,0.17390887691011667,0.18708362499999992,0.18143971874999987,0.17512827233041342,0.1684852946608269,0.16226164733041343,0.15503148900676417,0.14667240068737103,0.1406285572217708,0.13697908715848534,0.13331884786732137,0.1285127441302623,0.12336926951052483,0.11929912499999999
12-01-2026 13:00,25692.65,0.1382612499999999,0.1351820649669217,0.1306042450179776,0.12579180760045883,0.12318215568308566,0.1208761874999999,0.11805366695480629,0.1157482400638675,0.11389043639168618,0.11301172799688378,0.11291654417154254,0.11316301785208593,0.11899042394320355,0.14393644832339614,0.17598633880851414,0.18596992081703878,0.18044566353351923,0.17395747593480831,0.16701692061961665,0.16124978843480833,0.15455463176570355,0.1464687871924583,0.14067526502778463,0.13691594554100853,0.1326323455161534,0.12757815191365857,0.12274511884879308,0.11846324999999999
12-01-2026 13:05,25702.65,0.142057875,0.1364766091721395,0.1318045408775467,0.12730175383295386,0.12438979879147688,0.1218881249999999,0.11883896874999991,0.1163514255519247,0.1145942476321598,0.11351231235854542,0.11303318320822735,0.11340000398766212,0.11682627484568991,0.13892693444806145,0.17297750649737004,0.1851426966745068,0.1799147545872534,0.1738159967906008,0.16697743108120178,0.16127130929060085,0.15512822233879014,0.14810267328325516,0.1420340189951589,0.1367996219947555,0.1317898060588584,0.12704163348055156,0.1227334438657546,0.1182135
12-01-2026 13:10,25710.85,0.140116375,0.1336730062326345,0.1291296427863357,0.12551109184003684,0.12194754592001841,0.1188332032347881,0.11619203146957624,0.1139294532347881,0.11244182856413139,0.11163678212826299,0.11135312807021686,0.11210750186062961,0.11344098020300337,0.1331637078306902,0.16985355474798175,0.1849726320492699,0.18001969478351934,0.1743717012438942,0.16806799623778856,0.1620756074938943,0.15590167619195924,0.1494480086339187,0.1425452094111693,0.13565851572260276,0.1310365351137505,0.1277428434365322,0.12381802404086395,0.11919843285875709
12-01-2026 13:15,25725.15,0.13058472276238517,0.12886989944059624,0.12579642180489253,0.12232674985978517,0.11857017180489254,0.11549979136111056,0.11336027022222124,0.11137210386111057,0.1102584730101854,0.10972978463106889,0.10956119881082252,0.11082598054304532,0.11442738216923526,0.13595316426648327,0.17079313185844405,0.1845481939080898,0.17989721874999998,0.17409021611877842,0.16760184597999636,0.16171963735365724,0.1559360995038543,0.14973299652282998,0.14296225523528616,0.13606065658727604,0.13154991725293852,0.1285458728507481,0.12467944798911057,0.1201108252667262
12-01-2026 13:20,25697.4,0.12594401873790395,0.1279423484344759,0.12564088465900095,0.12175183181800182,0.11840100965900095,0.11581727998620388,0.11384702872240784,0.11207650543288399,0.11092071695749171,0.10963079720122268,0.1088260510727759,0.11261803949254286,0.12416118969732375,0.14865163280242985,0.17589776094751522,0.1842388987322311,0.17927115624999998,0.1730229530651946,0.16589679376415592,0.16006979083272782,0.15496618767099954,0.14883836655178614,0.14281019151683008,0.1374072002599175,0.13258497949032422,0.12840496739694743,0.1241151095432167,0.11941318285875709
12-01-2026 13:25,25704.15,0.1345142227623851,0.13004423164461956,0.1261199387742122,0.12106483096863864,0.11692375899825834,0.11573886932200644,0.11527190653778943,0.11381033742473824,0.11245716776426995,0.11087557874283284,0.10984883347139572,0.11619017897196712,0.13086356411777297,0.1528912634017381,0.17652983792451518,0.18402750280856164,0.17885279827928083,0.1729879036187785,0.16618341096291245,0.1598537500926618,0.1540405253689057,0.14739880639113298,0.14180252894430487,0.13720491827616416,0.1322060958411273,0.1279110263356259,0.12395959261629601,0.11999020023187383
12-01-2026 13:30,25707.95,0.14457762500000002,0.13467433138520948,0.1289720892041749,0.12146336900551648,0.11599876577282159,0.11608350782678968,0.11691605450598253,0.11575885136140016,0.1139696317250123,0.1125872879466801,0.1118607187499999,0.11465081915152647,0.12066053765320628,0.14040027410183298,0.17192119028330025,0.18429651936629424,0.179126134683147,0.1735513749999999,0.16733293192679527,0.16095069090481404,0.1547227209303589,0.14844186333077697,0.1424131794028681,0.13653580851804875,0.1312435729141785,0.12713312839461555,0.12351707491798482,0.12059620577572122
12-01-2026 13:35,25747.0,0.1353479751077115,0.1314962553905973,0.1257371372654921,0.11909174870988162,0.11546952914548889,0.11485901851702443,0.11437774161991901,0.11310990308467263,0.11136867205692333,0.11010231939179571,0.10978746161483034,0.11024150336262156,0.111353,0.13197768749999989,0.16971412965097332,0.18462178578534186,0.17924667889959076,0.17413401904704923,0.16861887128182687,0.16273282652317247,0.15682030929634497,0.1509547327731725,0.14439764723571932,0.13753914818858406,0.1320287808538936,0.1278378310849122,0.12403369499185177,0.12031307523187385
12-01-2026 13:40,25745.1,0.13149210944862552,0.12971157691242666,0.12360584454386662,0.11881247709203717,0.11637761875355507,0.11403099915511436,0.11179949333165208,0.11007539291330427,0.10867432124547605,0.10764990503712747,0.1075461700827829,0.10826962420947947,0.10953846874999999,0.13055018976454097,0.16846637215510235,0.183076759874613,0.1781064386624378,0.1739421999987404,0.16902521382035432,0.16339874999999998,0.15758696874999992,0.15148800578712568,0.1448710856213627,0.1382893492296522,0.13256604019533472,0.12831437750153452,0.12471400876043734,0.12065435823528865
12-01-2026 13:45,25739.05,0.13727886802096545,0.13139784412741515,0.12619473789554686,0.1224803349729733,0.1191423124999999,0.1156396874999999,0.11260424999999999,0.11045521874999989,0.10904376738958702,0.10808007280928622,0.10781565594981127,0.10838919428011208,0.1096119999999999,0.13032080928214335,0.16825472473071235,0.1838962668483896,0.17953046791504282,0.17461606744631517,0.168744936830359,0.16295101714926594,0.15726253124999987,0.15083092726627795,0.14405963578255607,0.138259904030987,0.13315484786945114,0.12850939044477516,0.12445407915427148,0.12060073925695398
12-01-2026 13:50,25735.6,0.13756147380824554,0.12983602918501758,0.12665559453698425,0.12407220736367072,0.1203478125,0.11668387499999991,0.1133989999999999,0.11111218749999989,0.10968767092205998,0.10865125071436217,0.10822564491254415,0.10878776384781738,0.11008902245515069,0.13104276829229408,0.170007410762769,0.18612607321262656,0.18072027415076158,0.17485753515529304,0.16875549803327464,0.1631358175141669,0.1575849687499999,0.15124356828712565,0.14445727379435128,0.13855781147732535,0.1335536590835085,0.12858282497681742,0.12393201767223083,0.11937385823528866
12-01-2026 13:55,25743.25,0.13562564291325396,0.12765723646538604,0.12489054137534442,0.12235236865236997,0.11863102925336055,0.11535449081322721,0.1123615153743646,0.11027737499999989,0.1089684715777116,0.1080089778229138,0.1078299741644291,0.10874421526965888,0.11012999894912742,0.13119883622277237,0.1708348567481537,0.18662399613980876,0.17993853171343815,0.17452003352894654,0.16962908673050622,0.16350722590954045,0.15676775024303177,0.15054648398676493,0.1445020036404899,0.13880998124143965,0.1337806427767029,0.12860556865182043,0.12374062553840406,0.11919712499999989
12-01-2026 14:00,25734.9,0.13432175000000002,0.1275441366200464,0.1241394294900929,0.12176143978893665,0.1185063146653233,0.1149550183569083,0.11178696164340736,0.10983543604648652,0.10863297719916898,0.10778000746314191,0.10785145458420184,0.1113140769458287,0.11728760169899471,0.13838534648191111,0.17346200847224832,0.1868492058207256,0.18044876504603674,0.1753168332804294,0.1701658942549407,0.16280757300253462,0.1546172564968736,0.14832445970884117,0.14336648540730032,0.13862071441590157,0.13382614508951587,0.12846159713507527,0.12323986142391699,0.119010875
12-01-2026 14:05,25732.75,0.1356938118115619,0.12936279972743528,0.12465847653901357,0.12229018531889067,0.11940590599328442,0.11526463263602475,0.11159045526995959,0.10951882244486517,0.10840145499413553,0.10764932992099559,0.10754013809959234,0.113703164462336,0.12559571820947577,0.147004467685673,0.17646558138786894,0.1874337375808753,0.1815731115290342,0.17580779156544243,0.16994819886728355,0.16302816756331728,0.15576779284911763,0.14923664968666744,0.1432761223292515,0.13809079965240798,0.13311334094804725,0.12821757503235287,0.1233443716166585,0.11841862499999999
12-01-2026 14:10,25739.35,0.13714324189924226,0.13066021672481049,0.12457998410930564,0.12064234321861118,0.11734714035930564,0.11391628518404637,0.11085682036809286,0.10866698519760087,0.10750755627710888,0.1068692593690218,0.10670733746093472,0.1099115181076832,0.11625404137632486,0.1380209564960021,0.173426780121893,0.18762412499999997,0.18142527107633205,0.1746306540703678,0.16904474491173915,0.1636518879238419,0.15761442701227688,0.15092863599467168,0.14407190747706655,0.13832435508564314,0.13300697878990794,0.1283006910384865,0.12389089484568833,0.11856850000000001
12-01-2026 14:15,25729.15,0.13884149413854144,0.1344419047846353,0.12886515798992396,0.12383215972984796,0.11941181363106038,0.11560777848473588,0.11296821504606268,0.11088606095246309,0.10934853124999999,0.10831379159225409,0.10788405193450827,0.10854901990073991,0.11222751495261227,0.13600784497976698,0.17329871458564053,0.1871347812499999,0.18067409408411123,0.17361123984156712,0.16808688493080048,0.16255450090762535,0.15580850858433154,0.14948919058072296,0.14380940234557438,0.1383978583717597,0.1328106196989208,0.1274320745662354,0.12275176406313834,0.11791325
12-01-2026 14:20,25736.35,0.13923477145963895,0.1375748803649097,0.13332534375,0.12811346875,0.12256828812777518,0.11756600040666466,0.1148378239300037,0.11301201790111425,0.1112297499999999,0.10969626463814072,0.1088628149903842,0.10938392981634601,0.1180826121909994,0.14683412170379365,0.17844659433624643,0.18665012946869916,0.18101775393958117,0.1749051385947475,0.16870872519880037,0.16179561836006295,0.153518554117637,0.14691777587249016,0.14268266584518333,0.13830033591455165,0.1330327073456883,0.12740153522751263,0.12213704216796036,0.11738924999999999
12-01-2026 14:25,25762.75,0.1367037662074994,0.13200309780187475,0.12741165625,0.12299953124999989,0.11872215130204594,0.11493083385409189,0.11196768255204594,0.10990065624999999,0.1084837812499999,0.10752590859104517,0.10730271520800146,0.10774611089286738,0.11646780582344539,0.14610709684506876,0.17817125900844474,0.18624120242182074,0.18153897621091036,0.1758629777527887,0.1689389242555773,0.16295520823706944,0.15586483306317772,0.14857815711239897,0.1437503932223877,0.1395339011888857,0.13453696874999999,0.12926765943896626,0.12407072512793257,0.11896849999999999
12-01-2026 14:30,25753.1,0.13838842226220194,0.12997163681555043,0.12438934374999999,0.12045853124999989,0.11745927659253699,0.11490727193507391,0.11124888845172103,0.10799738975772145,0.10654488021329221,0.10650425116643114,0.10722617839205381,0.10982675068858581,0.11740948009385484,0.14173223870718746,0.1745911868000146,0.1857437578269473,0.1811241132884736,0.17543349829629462,0.16846677784258918,0.16311340454629464,0.15744154029432225,0.15069765380840777,0.14481718673384858,0.1396147919697631,0.13444359374999998,0.12929871874999999,0.12454089978397609,0.12025672413590438
12-01-2026 14:35,25716.7,0.1448679588805199,0.1379892615448748,0.13147747966237244,0.12624620415130786,0.12228487271352548,0.11880397672312716,0.11449358503384267,0.11025204413548961,0.10814908718201446,0.10808404769808383,0.10887368852741681,0.11426913890418867,0.12463753612441325,0.14569000653263336,0.17496478101965005,0.18585520241206457,0.18044740785212462,0.17457935869253155,0.16815135557498387,0.16208773665674292,0.15616683120558247,0.14994738990476864,0.14397567932738425,0.1384261875,0.13306671875,0.1278055,0.12352675772095117,0.12087865588380481
12-01-2026 14:40,25749.0,0.14161437500000001,0.13783801140370358,0.13058464113365273,0.12454507411912483,0.12068797631784668,0.11706680325552286,0.11354842435918402,0.11059172715345446,0.1089204569345979,0.10824894426683485,0.10817561704777368,0.1107157411462168,0.1184712661154645,0.14250132080607747,0.1754947814155634,0.18698861252888455,0.1810166233017628,0.17501365901687213,0.16895256456685276,0.16258720764571807,0.156566793156702,0.15039967793856351,0.14439360037559804,0.13911620552087753,0.13387481249999997,0.12842112694667504,0.12385674337229918,0.12115233291579595
12-01-2026 14:45,25763.85,0.136895875,0.13395461161367986,0.12716950156397883,0.12112376164401663,0.11741434226661618,0.11459840137973858,0.11196590624999998,0.10983639287520143,0.10862530745057465,0.10763807670676542,0.10696059360160108,0.10708890728428808,0.11364819002311298,0.1414038686429775,0.17682299818394343,0.18765314992494941,0.18169851274599141,0.17630170071713436,0.17050780227429047,0.163935345194221,0.15772442744894452,0.15147987455837938,0.14515043190581858,0.13966830000545166,0.1344730795501816,0.12897122499931993,0.12397439172785879,0.12062808511760163
12-01-2026 14:50,25774.05,0.1404995,0.13576816710689904,0.12965259398525053,0.12354423315802752,0.11879091939565209,0.11593102479442557,0.11335575,0.11080542786896758,0.10914916391777482,0.10784230711456608,0.1070565447352321,0.10723306641501375,0.11059234888597762,0.13516434906888777,0.17399918667845063,0.18809804028624558,0.18211773682249124,0.17671835278624567,0.17063801799388584,0.16369222791612129,0.1572247849663706,0.1512290074307985,0.14510058266958625,0.13902943625832717,0.13339799379704792,0.12827723262660407,0.12397693480144836,0.12091763219925206
12-01-2026 14:55,25796.15,0.1411685,0.1361951874999999,0.13045640625,0.12466310347843061,0.11976555070686122,0.11632432222843052,0.1134992499999999,0.11095791245007201,0.10908531008951686,0.1076608728559449,0.10688160003261636,0.10698824192124169,0.10766778692126215,0.1294777498804767,0.1707645627865309,0.18800695760956232,0.18259517211689172,0.1768711659795205,0.17002611676729668,0.16290449372241816,0.15681759093836742,0.15092769902866704,0.14450827261698357,0.138027928953561,0.13257623322127576,0.12799054861811798,0.1240671143049902,0.12074913010459738
12-01-2026 15:00,25785.15,0.1361698749999999,0.13204993749999996,0.12697496875,0.12197553124999999,0.1178031875,0.11443678124999998,0.11174284424352751,0.10952983046924292,0.10773220073177985,0.10651005345550865,0.10596407412501208,0.10601323517556777,0.10663715624999999,0.1282115861590217,0.16921256733802992,0.18717100119899427,0.18276286376998607,0.17680247522915646,0.1692501149347434,0.16246439793201756,0.1573540475922163,0.15176698498157148,0.1447882186759159,0.13787260872470808,0.13263250684653968,0.1283396235094757,0.12409994579678309,0.11964534887707669
12-01-2026 15:05,25789.75,0.13240726352605733,0.12767019088151435,0.1227864687499999,0.11839954439239334,0.11485433878478678,0.11203001314239333,0.10968484594570285,0.10780236847263366,0.10624562179753128,0.10527069510912872,0.10511345186164216,0.10529526547723567,0.10583372978428505,0.12776708613592597,0.16951987176937627,0.18762740847964057,0.183023796124203,0.1767306181278903,0.1689531669963444,0.16275502293354593,0.15779513982786522,0.1517652000168054,0.1452954565972768,0.13931388966328084,0.13380251341602692,0.12875245287298842,0.12423610066882147,0.11943925
12-01-2026 15:10,25785.05,0.13489170752659022,0.12850430527805662,0.12203610975785185,0.11734276140439852,0.11420123837087805,0.11157302082792211,0.10924006370429844,0.10733490865859707,0.10576081370429845,0.10479805931125331,0.10484362155441497,0.10518677820753598,0.10566011649684079,0.12824149720715744,0.17066812027456127,0.18792275519884832,0.18279591127277758,0.17749102990295576,0.17079693878202654,0.1645231706265837,0.15801845073443516,0.15063225941597325,0.1448051315997817,0.14004580334452998,0.1345370422496534,0.1289933657493068,0.1242276359996534,0.11935024999999991
12-01-2026 15:15,25782.95,0.14010603473846675,0.13219997283335627,0.12462510827859027,0.11948501533776207,0.11628006639170306,0.11341985689239334,0.11068883663106299,0.10841054826212607,0.10659561788106299,0.10529037858546006,0.10488287517245048,0.10508434116868373,0.10568625866185671,0.12888713283016326,0.17161701445302702,0.1884639234799346,0.18312430005225644,0.1778903311388698,0.1719420400255734,0.16570423922785776,0.15828355585044418,0.1511109187783789,0.14583369601864643,0.1408334750249064,0.13491340226462278,0.1289044923592312,0.12368571542459379,0.118919625
12-01-2026 15:20,25786.05,0.13883324959873108,0.13050895941357057,0.12397391232026408,0.11985833482492289,0.11616510710632197,0.11263603516357977,0.11007840820678993,0.10803059374999992,0.1062058125,0.10477265407541551,0.10411656770914751,0.1041768294420482,0.10489110330831627,0.128592125,0.17272939567517887,0.19108400324555738,0.1850530106346135,0.17789030611903778,0.17170830244056998,0.16592763497860014,0.15872596543330852,0.1523141319750159,0.14719302877143772,0.14180393913689746,0.13586955028042458,0.1295112805666066,0.12358203529193931,0.11890287499999999
12-01-2026 15:25,25801.35,0.12599724386821637,0.11913340707830418,0.114972119240875,0.114167246870159,0.1114098132846935,0.1074324429211462,0.10597081086586735,0.10489899184158889,0.10324987556262635,0.1021152213711561,0.10150496286432464,0.1015385545392599,0.10250631012757165,0.12693915625,0.17329834375,0.19333344187351129,0.1868790676984911,0.17945070053678794,0.1729278092221479,0.16714871757614505,0.16101482740497683,0.15446854311252176,0.1479444626402856,0.1421071902338868,0.13690164511695138,0.13118984407998538,0.12531753190997091,0.12003375000000001
13-01-2026 09:15,25853.0,0.11510037499999999,0.11068565237944947,0.1090702920717925,0.10997033169131944,0.10813792989184963,0.10462088683607246,0.10364553085342347,0.10285711683403871,0.10126519203317418,0.10042653921871916,0.09984980085935956,0.09990621875,0.1010793749999999,0.1261548276226471,0.1738619052452942,0.19422677643514583,0.18739142887499757,0.1806915483926763,0.17463338666035513,0.16865566208017746,0.16248402335295278,0.15555992667939259,0.1484191369795034,0.14225391602491916,0.13740644856413414,0.13244845369227867,0.1270066875,0.121387
13-01-2026 09:20,25825.4,0.1101785,0.10994072741975172,0.10739570760217587,0.10651193142235199,0.10488631554280384,0.10253014644112755,0.10178480325085792,0.10125017934158889,0.10046946931262636,0.09996938083703963,0.09983215916851972,0.10030928125,0.10158365624999989,0.12655696100954544,0.17374554701909098,0.1942268716330568,0.18801744624702266,0.18093101743071652,0.17464111986441036,0.16880140754662393,0.16223819093010164,0.1550688034130734,0.1486116321104681,0.1430978871057682,0.13801241006842968,0.13334692935073905,0.12853099999999998,0.12301849999999999
13-01-2026 09:25,25818.35,0.09253399999999999,0.10308459828607675,0.10020564832111593,0.09835547960615523,0.09747827383814667,0.09607838057013833,0.09687450278506918,0.09753347106257859,0.09788584837515717,0.09824123441901739,0.0989063392128776,0.09998757585643879,0.1016126249999999,0.12662406443848584,0.1729333163769717,0.19320906443848584,0.1882457812499999,0.1812798002448746,0.17431828798974924,0.16839300122148448,0.16218906311066048,0.15566262968172373,0.1496859676879054,0.14446038131508782,0.13935683109971092,0.13503102492485541,0.1308761875,0.125715125
13-01-2026 09:30,25766.85,0.0951615,0.10651554572438343,0.10316659230083094,0.10025557637727847,0.0990910707905951,0.09752508809329824,0.09858296900572872,0.09952494247508643,0.09978265167140007,0.10027503299203852,0.10108672681267682,0.10230548840633841,0.10410043749999999,0.1284926644226413,0.17283682884528265,0.1912553756817293,0.1861718600181759,0.18027988056629313,0.17368396361441035,0.16739240754662393,0.16104529096770548,0.15464359315213602,0.14875511010883055,0.14342939580805175,0.13832887099614088,0.1335116643155971,0.12889661388505327,0.1243544999999999
13-01-2026 09:35,25737.7,0.11175272588847755,0.11502953419508767,0.11136050068475246,0.10799448047575617,0.1061264770022016,0.10454535513403843,0.10451668390684067,0.10470468613385368,0.10456147337515717,0.10455214066901738,0.1049699017128776,0.10593154460643871,0.10749496874999999,0.13072928125,0.1734328124999999,0.19069542587535218,0.1844574767507045,0.1784627383753523,0.17221334374999991,0.16579837499999991,0.15956091905448785,0.15317458810897572,0.14695457530448786,0.14132796875,0.13617156249999998,0.13077473935979572,0.12551225996959153,0.12142149999999999
13-01-2026 09:40,25732.1,0.11468812433242419,0.11398207355714567,0.11197306158260216,0.10866095857349364,0.10626064281371572,0.10586164208136564,0.10601222706632496,0.10565964909455501,0.1050169050556521,0.104719,0.10513265625,0.1061056874999999,0.10765896875,0.13049525214139135,0.17259503553278271,0.1902305571504793,0.1846055787681758,0.17828358625908788,0.171656125,0.1652647499999999,0.1590090494448767,0.1525500051397534,0.14629939319487664,0.14069440625,0.13561353125,0.1304721506925266,0.12543270763505326,0.1209774999999999
13-01-2026 09:45,25766.4,0.11296147588847756,0.11022562525831932,0.10888757507240003,0.1054197325703826,0.10288654631836526,0.10324536580746145,0.10408713660378886,0.10391241713774126,0.10285645130723109,0.1024271562499999,0.10300117848447407,0.10415638821894822,0.10596686598447407,0.12919925802307555,0.17155648319660682,0.18971325482398665,0.18495109215045538,0.17871546875,0.17191628125,0.1655746874999999,0.1587293712339481,0.15166284805407482,0.14590111365630512,0.14095544933617846,0.13600437499999998,0.13134558739895927,0.12725615963961054,0.12331981436676734
13-01-2026 09:50,25750.85,0.11240762499999998,0.1099022592319202,0.10845004971384052,0.1063318066832159,0.10482290740259127,0.1041358010451598,0.10384525599338063,0.10380546995516862,0.1033640300556522,0.10315387499999998,0.10364577612357437,0.10475330224714874,0.10663940112357437,0.13009615839139138,0.17236131982589498,0.18987047697761586,0.18409079044300952,0.1769396114873112,0.17018816593480826,0.16451664700727225,0.15815905446328105,0.15115852148151687,0.145266128776787,0.14037884657263627,0.13567352122396295,0.13147742675033114,0.1281838364401917,0.12510343175811722
13-01-2026 09:55,25731.0,0.115796625,0.1139361249999999,0.11219425,0.11135954239233771,0.11063608478467545,0.1086278861423377,0.10690840625,0.1064375,0.10625015624999991,0.10615124999999999,0.10647777482080834,0.10739801839161668,0.11135592532804847,0.13632773851448027,0.17517574265769564,0.18964243430091102,0.1827061748239128,0.17414088694074514,0.16710700799084843,0.16223662335329073,0.15732416182763484,0.15138287123198815,0.14481458910217992,0.13890981455001475,0.13426957323191807,0.13008133739895936,0.12603740963961052,0.12196981436676733
13-01-2026 10:00,25714.65,0.12912112499999998,0.12510203124999988,0.12165137499999999,0.11911135995129557,0.11665587615259128,0.11392270370129558,0.11173281249999999,0.1104386875,0.1096739687499999,0.10916665625,0.10905326723031786,0.109683364562721,0.11615870914786156,0.14288354977883122,0.17756206296337285,0.18841786174081096,0.18192163588151933,0.17461664927409906,0.16767389302676197,0.16207082305324919,0.15683114890987782,0.15084340625,0.14420061497396297,0.13783465533950923,0.1324706845071296,0.1278940816415833,0.12334490625,0.11842824999999998
13-01-2026 10:05,25746.85,0.12582937500000002,0.1221498749999999,0.11855,0.1155149999999999,0.11305331249999999,0.11115660138408509,0.10958904651817027,0.1083671326340851,0.10772281249999999,0.10740840624999999,0.10738037758633426,0.10813749145096258,0.11198868815016265,0.13658000604277437,0.17505236925724002,0.18871267628231903,0.18191445567515466,0.175336048474083,0.1693905913019782,0.16388063472073075,0.15791361754910113,0.15142617259820235,0.14502729674234494,0.1387180750415664,0.13302323750340173,0.12857702915507896,0.12447519141196144,0.12006939064784583
13-01-2026 10:10,25759.95,0.110799125,0.1095189062499999,0.10758034374999999,0.1058489374999999,0.10484575,0.1043102305985997,0.10366686744719938,0.10316482434859969,0.10318796875,0.10345175,0.10394253125,0.10496201760208539,0.10670303520417086,0.13032642385208537,0.17332740625,0.19066489299081094,0.1836247655548691,0.1760531548161018,0.17007874118084013,0.16512455267879653,0.15886994628510795,0.15201126757021613,0.14598027989648898,0.14007115322337707,0.13459295031120588,0.1302900566478043,0.12669066222119163,0.12337069509038856
13-01-2026 10:15,25754.7,0.10960175,0.10888699270877376,0.10673716822938689,0.1046454687499999,0.10358607297738114,0.10298533629634439,0.10237792241054514,0.10216769034158195,0.10236925,0.1026346562499999,0.10322446874999991,0.104294375,0.10870328115917484,0.13525381231834976,0.17576440519555542,0.19067571682276097,0.18465230725722728,0.17783529652257773,0.1712891058826151,0.16547430508088415,0.1589490550425962,0.15206426633519252,0.14620595298584002,0.14041571604855793,0.1345446551669094,0.13000050396111995,0.1265344516835983,0.12325751413629449
13-01-2026 10:20,25761.35,0.122511,0.11925495098781577,0.11504750674390785,0.1112885624999999,0.10858594008678377,0.10657103797576858,0.1055258494411857,0.10502100155220087,0.10464431249999999,0.104435875,0.10461409374999989,0.1054275624999999,0.11288478433870242,0.14230263117740494,0.17870681211434516,0.18972505555128533,0.18422917690110957,0.17807389576078791,0.17140909414517497,0.16529966000985405,0.15892751375008957,0.15220371500017915,0.14593824614791062,0.13999649415467394,0.13427790456447927,0.12933691250622098,0.12519850304826072,0.12146443339866514
13-01-2026 10:25,25770.15,0.13407325,0.12598092464178745,0.11957863419589368,0.11562703125,0.11228674269941172,0.1091792666488235,0.10782924157489009,0.10726812555280459,0.1066229588667693,0.10591572407703821,0.1053207043875952,0.10580192713403969,0.10997854167725452,0.13585883337460164,0.17567772900545767,0.19051242642592953,0.185330371362189,0.1790782310319168,0.1719640029828428,0.16542726155832022,0.15881877044819917,0.1518277405530864,0.14493948574653343,0.13912190914128458,0.13405967334314384,0.128853084442883,0.12453006747095999,0.12129491349807425
13-01-2026 10:30,25804.6,0.132280875,0.11999122124666182,0.11279467312333091,0.11050996874999999,0.1087967672552042,0.10652240951040852,0.10527060194047233,0.10506472556108815,0.10499845927197274,0.10429998685175314,0.10335894970560051,0.10388120570419322,0.10568069265838655,0.12896459765392515,0.17256389545656958,0.19182336506394324,0.1871045178071056,0.18080922250985404,0.17364444810857776,0.16641581152320856,0.15965527403098909,0.15266634770296908,0.1451808037412243,0.1397472964639441,0.1351927472955288,0.12970429126842184,0.12519957800342624,0.1215646215824621
13-01-2026 10:35,25783.95,0.12305524999999999,0.11165686943301367,0.10668165346650679,0.10632753125,0.10557893749999989,0.1040114375,0.10298081137547838,0.10278926991942787,0.1029234701944791,0.10263540738258799,0.10244894759829254,0.10326318711650788,0.10484943738431368,0.12828758443119392,0.17191248810315574,0.1909152906292446,0.1862922148876385,0.18052984881439546,0.17369746406487002,0.1663003348272237,0.15952123551332326,0.15311726646188925,0.14657056063039892,0.14111026987734995,0.13604275200013774,0.13066440969190818,0.12579407320284097,0.1214695
13-01-2026 10:40,25772.4,0.11638053881131594,0.10861385345282892,0.1053649374999999,0.10625460807713394,0.10618655990426787,0.10485101432713394,0.103904125,0.10338060920752001,0.10310580348753534,0.10283124810251057,0.10333724742153902,0.10449085594808749,0.10568681859904369,0.12916490143747378,0.17223972706977309,0.18950832681157814,0.18443960941373194,0.1794203582344532,0.17285206558886979,0.16525620558129903,0.15782490456685233,0.15182734717817997,0.14665578753665043,0.14084055331313913,0.13485594060069594,0.12979734362638784,0.12523935272167086,0.120692375
13-01-2026 10:45,25763.45,0.1167241186881722,0.11224584217204293,0.10857010500851519,0.1082336522479961,0.10770291873076017,0.10585083200159293,0.10462776706054068,0.10409136310045407,0.10330124405022703,0.102597625,0.10300936436623401,0.1040424787324681,0.105316489366234,0.1290234687499999,0.17237875113551235,0.18970081983542045,0.18438494876430345,0.17895756756439543,0.1721529687499999,0.16498859095041973,0.15811379620432536,0.1519248508073914,0.14614789555348587,0.1402374269458254,0.13392446888348578,0.12791898672529928,0.12352611833344292,0.12000675000000001
13-01-2026 10:50,25794.3,0.11869187201750349,0.11674990550437582,0.11325814659777042,0.1107457239935788,0.10876845276766274,0.10618935119567124,0.10424193306642392,0.10352800823521437,0.10243130099260714,0.10145840624999991,0.10167234374999988,0.10245430350482213,0.10391126325964445,0.1280033660048222,0.171953293499071,0.18997089949814205,0.18448404349907105,0.17844915625,0.17141215526461495,0.16442392210196533,0.15830706591008567,0.15240401782273533,0.14613893749999998,0.14020749999999998,0.13385430159121148,0.1271253075336741,0.12258642904371346,0.11991275
13-01-2026 10:55,25765.7,0.11704353261367761,0.11826594565341933,0.11468876125851518,0.11135821761696306,0.10969535475121657,0.10813432471231045,0.10617773714647444,0.10434502362715972,0.10309090030022702,0.10235221874999989,0.10242362499999991,0.10308796909711031,0.10443928194422082,0.12812065659711042,0.17126643862396723,0.18891018974793453,0.18346768862396723,0.17717989733012726,0.16975087307414036,0.16276512151605063,0.15713365063018941,0.15167866110815187,0.1454875625,0.13947796875,0.13369310722664599,0.1277015410345219,0.1226401041391057,0.11897812499999999
13-01-2026 11:00,25784.9,0.11792295820618745,0.11671773955154678,0.11236049999999999,0.1098690937499999,0.10932938323755112,0.10888299903747158,0.1072247546122894,0.10472204506236904,0.10341378125,0.1029371874999999,0.1029666249999999,0.1037296102589433,0.10508343926788669,0.1284182040089433,0.17107497287929607,0.18834825825859225,0.18275224999866801,0.17614298682376223,0.16901976630402346,0.16292419843698355,0.15724753466008565,0.15140473657273532,0.14516890625,0.1391428599787998,0.1337102512075997,0.12811244662289897,0.12294610170497679,0.11963808866711381
13-01-2026 11:05,25771.65,0.12393775,0.1172449999999999,0.11379703124999989,0.11217296874999999,0.11048737100700304,0.10892770563118753,0.10711730070271688,0.10537499978988331,0.10423909621135091,0.10352584375,0.1034284999999999,0.10413069757701494,0.10543877015402987,0.12860160382701494,0.17120369256341042,0.18844810387682093,0.18252579691939064,0.1760111060420877,0.16962868026623476,0.1635895223301273,0.15723987499999997,0.15104053125,0.14481353125,0.13898438764399831,0.1339492943849278,0.12917709592015408,0.12532364488678652,0.1233576425010737
13-01-2026 11:10,25787.85,0.12096626857638654,0.1138715411508464,0.11211120575337478,0.1112557187499999,0.10903831249999998,0.10696544514807234,0.10538044178965734,0.10436417313509756,0.10337198899351255,0.1025155312499999,0.1024873124999999,0.10331036519243826,0.10465057413487652,0.12792852144243827,0.1708487356819269,0.18834375261385394,0.18281460655129897,0.17690996048874397,0.17049946461937193,0.1640414062499999,0.1574290547642702,0.1509187970285404,0.14472152351427023,0.13940624032799012,0.135020786028144,0.13102722592591956,0.1280132487964656,0.12632652486839083
13-01-2026 11:15,25787.55,0.11875312001095983,0.1128115087281867,0.11074061436272344,0.10938899999999989,0.10734440625,0.1054018124999999,0.10372500246135091,0.10274425492270184,0.10202347335645544,0.10136353554020895,0.10141712714510442,0.10220619050372198,0.10343834975744404,0.12704837800372204,0.17069694143944314,0.18860175787888628,0.18302522268944313,0.17703518749999989,0.17040421875,0.16381793749999987,0.1571605240183868,0.15047773553677357,0.14442511776838676,0.13919155078296694,0.1342496338298422,0.12945097610765094,0.12571982742725965,0.12301879427846488
13-01-2026 11:20,25784.1,0.12385314357638653,0.1178060099008463,0.11318848700337487,0.11013027652034393,0.10782777179068805,0.10580024527034393,0.10391818750000001,0.1027117180388582,0.10204411845110543,0.10147398241220303,0.10138835662652271,0.10200307383091663,0.10326787965869949,0.1269308304543498,0.1707283749999999,0.1885377442262551,0.18238386345251034,0.17621968172625513,0.16974240624999998,0.16315765625,0.1565448952421955,0.14997079048439113,0.1439389264921955,0.1383259497824103,0.13263947307866458,0.1273495655600981,0.12302040525663677,0.11885245197117177
13-01-2026 11:25,25786.2,0.126584125,0.12209015624999989,0.11629821584285907,0.11242639655963652,0.1099850518406958,0.10764655010837357,0.10531704537907897,0.10366307032489984,0.1028715975954884,0.1022902578137805,0.10208266365203189,0.10259006123150004,0.1038584922060727,0.12729679297803637,0.1708578437499999,0.18835318625014302,0.18176096625028615,0.17563240500014304,0.169321125,0.162791625,0.1561681424380455,0.149459222376091,0.1434189549380455,0.13760154853217027,0.1318413289813176,0.1269201998661242,0.12254045518328634,0.11806664306523747
13-01-2026 11:30,25793.55,0.12375775,0.12110779443214677,0.11620777154634084,0.112265868930879,0.10993809924595549,0.10754056361756091,0.10484876314059574,0.10314972902153245,0.10252153576014562,0.10207593240855888,0.10200626254281735,0.1024935629102838,0.10591086895237557,0.13151026162033938,0.1725889707146088,0.18830393367347392,0.18222133910614946,0.17573926024431932,0.16938319550903203,0.16312884374999997,0.1568102779779253,0.15028843095585068,0.14392259047792527,0.1380158872824103,0.13233133164760683,0.12711593894798243,0.12283265917146997,0.11910490835473556
13-01-2026 11:35,25814.5,0.11250762499999999,0.11421700975069171,0.11024276577410988,0.10639438880632149,0.10485059084285908,0.10320161648445521,0.10136898287907899,0.10021908836856136,0.09976428778770689,0.09960419081376921,0.09994023628509002,0.10066634757018006,0.10700682995181016,0.13551467524670824,0.17385145685238743,0.18773204388153053,0.18269174223435994,0.17620555350045752,0.16997819862522873,0.16395059374999998,0.15754779853328135,0.15098784706656274,0.14475339228328135,0.13921809375,0.1333125717405037,0.12750592473100747,0.12343429500681305,0.11967801806523756
13-01-2026 11:40,25811.5,0.107689375,0.1098025360305216,0.10512872162783568,0.10212422949171651,0.1019018125,0.10061441498618609,0.09912117372237227,0.09864629222931984,0.09859841073626738,0.09852600884240079,0.09894779876324979,0.09968289644351225,0.10330429274833577,0.12922171754023803,0.17059881228347795,0.18737850085665325,0.18254485065363898,0.17630854726806408,0.16990178925903202,0.16369021875,0.15699895267883246,0.15014334285766506,0.14430695267883248,0.13922790625,0.13340679771266792,0.12759139856754528,0.12337902899708675,0.11932187500000001
13-01-2026 11:45,25782.05,0.11150075,0.10779872634845493,0.10322176367810598,0.10267295450258568,0.1033912499999999,0.10161122819314841,0.09950095638629675,0.09928616569314841,0.09954528124999991,0.09954225205430776,0.10008124256557166,0.10065378217991384,0.1017303448803438,0.12524452957766505,0.1686143589819425,0.18665059628258193,0.1810691460832214,0.17509611991661073,0.16858376786439946,0.1620944419787989,0.15602481639768082,0.14975528456656273,0.14363917353328137,0.13817753125,0.13280514457066084,0.12747553654778465,0.1228332593083588,0.11869335469908837
13-01-2026 11:50,25785.0,0.1116805,0.10444631344183741,0.10064120065661608,0.10110658598771972,0.10210966752294107,0.10099047748618618,0.09935348622237238,0.0990289774861861,0.0992071562499999,0.09952210008466986,0.10036990181208505,0.1010647595849742,0.1020620265723729,0.12561221273832718,0.16886238179702662,0.18593795515496853,0.17956243476291053,0.17385934238145523,0.1673133680322728,0.16053417356454572,0.1553051805322728,0.149828,0.143471625,0.13760964675940465,0.13234560601880943,0.12736293173830057,0.12275602584412998,0.11891019854535345
13-01-2026 11:55,25762.65,0.1200525,0.1096147678578688,0.1035190853059234,0.10243524203824009,0.1029377683401855,0.10226924999999999,0.10108540087811474,0.1005452705062295,0.10035693212811474,0.10040793812434883,0.10096975099242508,0.10175956261180355,0.1030366247437273,0.12630396875,0.16875953124999998,0.18553765116661064,0.17915105233322137,0.17299818241661064,0.16624743378047452,0.15965464881094907,0.1542445039065675,0.1485042652521859,0.14239463262609292,0.13668554809973676,0.13133868994947354,0.1261761031303989,0.12131372998609635,0.11791535469908847
13-01-2026 12:00,25747.9,0.119536125,0.11199699416077608,0.10757377828366879,0.10630310874944185,0.10564760502294106,0.10435183852453797,0.10311095464806654,0.10257479997251907,0.1021883400989905,0.101900875,0.1021943437499999,0.1029404374999999,0.1043695624999999,0.127041412406452,0.16843669981290413,0.185179912406452,0.1788703125,0.17216009374999997,0.16556494038465294,0.15941228701930596,0.1530255679233432,0.14633081757738062,0.1406743137941575,0.1355150505203393,0.1303879172742767,0.12489370891939276,0.11948703056997606,0.116375125
13-01-2026 12:05,25735.35,0.11522226404573453,0.10990875235106995,0.10765416917333663,0.10767565903196305,0.10671460567837088,0.10445114350022076,0.10279239257870387,0.10239653198152406,0.10230374462811474,0.10222315625,0.1026236562499999,0.1034162187499999,0.10489262499999989,0.12713265176689406,0.1677419910337882,0.18445430801689408,0.1783835,0.1716089687499999,0.16522893749999998,0.1592793125,0.1524215087955209,0.1453590488410419,0.13991209321550116,0.1349834188399605,0.13011786566998026,0.12454483861339512,0.11889842722679034,0.11614562499999989
13-01-2026 12:10,25733.45,0.11501821525899213,0.10916024086802277,0.1071852376857308,0.10794371503118172,0.10694073196008304,0.1038386437290164,0.10178005903204314,0.10162968576602162,0.10186515624999999,0.101963375,0.10245556249999989,0.10337040625,0.1072532279617349,0.131791649579922,0.16972233402463915,0.1837970374064521,0.1780134374999999,0.17124319870468904,0.16446039625066095,0.15868210263725463,0.15247971712578548,0.1458457490690056,0.14037381078997013,0.1353630600109345,0.13044999875546717,0.12495168115280855,0.11951736230561721,0.116700375
13-01-2026 12:15,25722.55,0.11384801404573454,0.10932046750008881,0.10858837049784602,0.10867272153196314,0.10737439473456489,0.10493728857901474,0.1026170084395951,0.10225060969170059,0.1025919374999999,0.10253240625,0.1028643124999999,0.10377787499999999,0.11050469799436158,0.13770389598872318,0.1723927604943615,0.18325649999999996,0.1774847444687213,0.17044781962675562,0.16317005789123518,0.15769866602708904,0.15263819551332486,0.14670874318887353,0.14051346251442215,0.13476824433997076,0.1298976690449853,0.12504242290602186,0.1201781117040316,0.11612793856795052
13-01-2026 12:20,25724.7,0.11194574999999998,0.11061287284605825,0.10999079579802908,0.10873046874999999,0.1071976330237771,0.10580355078903789,0.10407748375674433,0.10320972224148355,0.1031136874999999,0.10297178124999999,0.10322643749999989,0.10409940625,0.108075446711735,0.1322042015491945,0.16911525046318399,0.18260390187572445,0.17678455191769998,0.1696974971200644,0.16271135511324233,0.1574319265370914,0.15248556117352918,0.14667027659463136,0.14003226362044133,0.1338777193962512,0.1292356878231256,0.1248774062499999,0.12025139368228839,0.11547719972915388
13-01-2026 12:25,25714.0,0.11390274999999998,0.11424231249999989,0.11265309374999999,0.1102791874999999,0.10785954617627139,0.1058923423525429,0.1048465149262714,0.1043962961606327,0.10412231107126549,0.1037270149106327,0.10377293749999991,0.10479995381111336,0.10665090762222681,0.12791915795745173,0.16582787483960898,0.18052649959127212,0.1748680966545471,0.16873792400986184,0.1621570450994245,0.1566546029347794,0.15139703667840382,0.1456404440890621,0.13938955758054045,0.13342102841242182,0.1284674389686593,0.12378819327489682,0.11934989377943601,0.11487231356795051
13-01-2026 12:30,25723.0,0.11647374999999999,0.11345878124999989,0.11016299999999998,0.1074956562499999,0.10545266839955876,0.10382952429911761,0.10289434636237621,0.10289483460966502,0.10314986354945975,0.10274496637119376,0.10280063446858168,0.10443346508615435,0.1068304926723088,0.12811330446187882,0.16547225611835178,0.17898811253031502,0.17301094792393046,0.16784316004771052,0.16209828973488657,0.15657087146645574,0.1512230412059806,0.14588838991163897,0.1397154707959418,0.1335618206531657,0.12837303099085723,0.1236522422598241,0.11996339502535794,0.11670660720188801
13-01-2026 12:35,25717.45,0.11761974999999991,0.1120273437499999,0.10830878125,0.1059005937499999,0.1042170312499999,0.10306103124999991,0.10202912200991206,0.10168879018045693,0.10190506585383201,0.1018252804559415,0.10229472652265434,0.1040578435021026,0.1087841725344476,0.13258493956258732,0.1684111083271745,0.18069257669493377,0.17443988975133518,0.1679165307436743,0.16140820284045182,0.15613377060254915,0.151488769992841,0.1459597113785884,0.1393495562820833,0.1334810040823577,0.12862994585865492,0.12422239690764361,0.1210312263918244,0.11917576901750421
13-01-2026 12:40,25710.25,0.11254062499999999,0.10808508044748227,0.10539686834874114,0.10386609375,0.1026968437499999,0.1018501249999999,0.10114992796281735,0.10086763717563461,0.10104281243139905,0.10142134464505584,0.10232178588436647,0.10375646033000646,0.11102907936371136,0.13802409861108036,0.1715653726194831,0.1817661874999999,0.17565396790796836,0.16878604668197136,0.16220956307149711,0.15665788897895383,0.15179734218145957,0.14591916518458792,0.1391311199938321,0.1338207814939524,0.1294947699947604,0.12513113081005206,0.12165545690562277,0.11956670262249136
13-01-2026 12:45,25702.9,0.1051925,0.10395325809721989,0.10192990632850964,0.1007310206726496,0.10067193155203732,0.10057087499999999,0.10023178124999989,0.1002544687499999,0.10070646875,0.1014998844595516,0.10270380016910322,0.10407972820955151,0.1085819855302423,0.1328976898104847,0.16876623349842085,0.18134649593635702,0.17558307199114517,0.16935630429593335,0.16338752448583924,0.1577797134257452,0.15233654421287252,0.14643471165867794,0.1400772544868433,0.13494837399765258,0.13049733116948722,0.1259395625,0.12190227939280626,0.11834799257122532
13-01-2026 12:50,25667.1,0.107993625,0.10599167112792848,0.10320682773855744,0.10156629759864477,0.10213703961168687,0.1024325625,0.10183756249999991,0.10167546875,0.1020233125,0.1027093280687006,0.10385971863740122,0.10779500607376857,0.11480959849417947,0.13615297547315502,0.1685971935847539,0.18044773740075526,0.17422235833954797,0.16807805887967153,0.1625736758537644,0.15716540927719186,0.15154410124323095,0.14550576963734976,0.13939937601247104,0.13441540453143278,0.13004007342667645,0.12569442262639893,0.12176636577468136,0.11814058208753402
13-01-2026 12:55,25659.75,0.11342124999999999,0.10881619437475225,0.10566347771992753,0.10375588342795314,0.10369873792968905,0.1036805937499999,0.1028928437499999,0.10254037499999989,0.10269009375,0.10326652331073395,0.10444207787146792,0.11163742372703304,0.12463705231048389,0.14536899712207063,0.1715965306960643,0.18003334517343114,0.1730603578997841,0.1672359846519885,0.16183804144803768,0.15604907248116115,0.15036750998503687,0.144226597819728,0.13793245493925135,0.1328958238971438,0.1290240242831642,0.12523563488467132,0.12173120000192734,0.11876859593033846
13-01-2026 13:00,25645.05,0.11185912459399319,0.11018721595367373,0.10822084335319204,0.10638487690120868,0.10503568063283031,0.10393723436445204,0.10327603905722597,0.1029841562499999,0.10300815625,0.10363403361080821,0.10493147347161644,0.10962400169556244,0.11956283063127521,0.1422548195082877,0.1713699569617667,0.1801226919161708,0.1732711963323418,0.1676122231661708,0.16195431401359595,0.1559446280271919,0.15026038249323095,0.14388599435897642,0.13700101194341882,0.13187025222844825,0.1282156349143709,0.12429904762639893,0.12041252202468136,0.11683733208753402
13-01-2026 13:05,25639.05,0.11002404515514283,0.11115782378878565,0.10982425,0.10853061114247078,0.10691908164828333,0.10480573611915439,0.10402542186334174,0.10393785462731951,0.10397170925463921,0.10445719837731961,0.10563259374999989,0.1101795767011539,0.1226305032570065,0.1480923076605514,0.17450180193466164,0.1807159640642808,0.17436200938867294,0.16864834115435495,0.162776625,0.156316704749505,0.14985190332028894,0.14373783224923883,0.13752808669000674,0.13231957866592758,0.12823453190437578,0.12377275774180396,0.11932714048360801,0.115610625
13-01-2026 13:10,25669.25,0.11233499959399318,0.11065390614849821,0.10894878124999999,0.10843833614388282,0.1074747425949917,0.1052714091712658,0.10389918513308785,0.1038744383654268,0.10427180994622173,0.10472165951151712,0.1057107586159265,0.11288260680836235,0.1282890317346264,0.15130028618171312,0.1748112911082748,0.18106198690158265,0.175084367840616,0.16951958730875785,0.1637330609187638,0.15683133418311646,0.1495325181948494,0.1439088939105436,0.13854479663665492,0.13298831340549436,0.12874003916765006,0.12413370549590233,0.11934503599180467,0.116358875
13-01-2026 13:15,25650.75,0.11801987500000001,0.11289719853826038,0.110981196619862,0.11020999895962535,0.10865765978494159,0.10655131042368643,0.10490424833457415,0.10452012845282091,0.10488357969686875,0.10554552466568214,0.10656037430889018,0.11048753897909741,0.12001426667619552,0.1429601104559934,0.17207209537487012,0.18115762647819864,0.17482957029420776,0.16925555715354973,0.16348722310034863,0.15663494188426924,0.1502827668816262,0.14502864738803287,0.1391323053223626,0.13302949862562927,0.12845865649800706,0.12392529955004952,0.11922284785317565,0.11619725
13-01-2026 13:20,25659.9,0.12098924999999999,0.11538673328194422,0.11232368463337929,0.11038725716336617,0.10839706950352283,0.10644899841469226,0.10492003932217749,0.10422409390556221,0.1042528787875454,0.10487327855902114,0.1060119461159265,0.10781269438023056,0.11546185093720099,0.14131731812125778,0.17299105918772126,0.1821470970043526,0.17591559098433107,0.16961761996074817,0.16221255243872867,0.15507547375971056,0.1501724990712744,0.14533901432234914,0.13918067550292346,0.13319301754814766,0.12814939966255495,0.12363419152276472,0.11936454147338302,0.11580299999999989
13-01-2026 13:25,25660.75,0.1204896249999999,0.1155983235382604,0.11121335595485686,0.10843203495156406,0.1070758162638347,0.10552589096441996,0.10401769352214278,0.10329301204428556,0.10320100602214279,0.1037000624999999,0.10487337499999991,0.10708065126273324,0.11240864352896854,0.13571522667745775,0.17036722156894302,0.18220021675184675,0.1757122294025549,0.16902297935422317,0.16144479756906097,0.15518044421101052,0.15075533118371418,0.14523469825453916,0.1387889240171383,0.13337271263203085,0.12852596999692337,0.12394474770038455,0.11981752540384584,0.11576412499999998
13-01-2026 13:30,25661.85,0.11706124999999999,0.1132150312499999,0.10949136537209367,0.10717982799594887,0.10655978536944091,0.10563304823941012,0.1040882879938243,0.1031576249999999,0.1029774062499999,0.1033848124999999,0.1044919062499999,0.10640719566052208,0.10921954757104436,0.13059792549600968,0.16798180342097493,0.1821126019680525,0.17527827085727202,0.16902993965728588,0.16267180237732018,0.15668172729904561,0.1516529971043043,0.14578657433125744,0.13930236741251487,0.13355298404493368,0.1284096631773525,0.12395678471367615,0.11992684375,0.1156805
13-01-2026 13:35,25679.45,0.11389649999999998,0.1112511249999999,0.10865418139064743,0.10668251903129485,0.10590497249133046,0.10507520720136629,0.1034794335582209,0.10238222241507572,0.10225325204259829,0.10268846917012087,0.10384885958506043,0.1056013124999999,0.10815809375,0.13001057126811694,0.168185017536234,0.18303365743405237,0.176775223796173,0.17045568909453993,0.16348420901986108,0.1564184845508771,0.1507344986821767,0.1454334864339577,0.13960093974709922,0.1334846014065475,0.127860515313095,0.1236399139065475,0.11982978125,0.115598125
13-01-2026 13:40,25665.55,0.11387175,0.1116716683455082,0.10953355644709156,0.10740860079867494,0.10603344831972394,0.10492213993425283,0.10353064936874559,0.102580427852632,0.10250865747476606,0.10279591046767332,0.10382658599066003,0.10562368749999991,0.10817671875,0.12976205599403437,0.16762376823806868,0.1823043222024672,0.17566039028853753,0.16919548195177633,0.16268336515871018,0.15563362761196609,0.14917598997482542,0.14386334501190667,0.1386413816120088,0.13301647221367627,0.1277121006773525,0.12326672221367625,0.11927592172056319,0.11514281188225275
13-01-2026 13:45,25671.3,0.11561675,0.11173082443480771,0.10883304364805657,0.10680638786130532,0.10520752193314502,0.10402810248794009,0.10309475405094087,0.10257017388202724,0.10265729326059092,0.10271850540411723,0.10346470333506044,0.1052410625,0.1078722187499999,0.12942092786039644,0.1672993557207929,0.1814350031632481,0.17359703544045135,0.16704714879235036,0.16178864872475307,0.15563580265598487,0.14898437185070196,0.14339105969345678,0.13829381167873722,0.1330214374999999,0.12801803125,0.1234195624999999,0.11934391577703432,0.11540741310813779
13-01-2026 13:50,25672.15,0.116257875,0.11252963709550828,0.10910696187534415,0.10684691165518008,0.10539770582758995,0.10409565659347976,0.10299256318695951,0.10250060726869366,0.10260071385042777,0.10281788817521378,0.10364953124999988,0.10542362499999999,0.1081186562499999,0.12955609375,0.1672576874999999,0.18178929745843284,0.1745160777885375,0.16711236556366055,0.16055996439834175,0.15433595811986467,0.1480199532719296,0.14272338398152415,0.13798685341467343,0.13284746875,0.12785565625,0.12314126178791474,0.11884813279639288,0.11493093688225275
13-01-2026 13:55,25662.15,0.11306037499999999,0.11178426418897533,0.10868888313442353,0.10632362707987181,0.10544029190831762,0.10433020673676344,0.10306447836838162,0.10238059999485612,0.10232979373971235,0.10287825624485612,0.10405106249999989,0.105893125,0.1086333749999999,0.12984693749999998,0.16645316363772858,0.18020236568512926,0.17371951530055788,0.16673731763354013,0.15962347573158941,0.1537802613117385,0.14862021003839296,0.14329699241835722,0.1378640227493544,0.13277251290885816,0.12804653125,0.12321238296539061,0.11869073468078141,0.11496674999999999
13-01-2026 14:00,25659.5,0.110061625,0.10944343432562971,0.10681925111540491,0.10495991165518011,0.10419326250269209,0.10319701960020411,0.10230311917510206,0.10180510959245653,0.10182184418491308,0.10251567209245654,0.10389530561061575,0.10587211122123161,0.1107791761647716,0.13411152235831147,0.16744352206345414,0.17745079417418758,0.1712796854481841,0.165953852684992,0.1602194699785916,0.1549284993797961,0.14960767447215984,0.14351325150546615,0.13752965375315754,0.13274570616694964,0.12834546875,0.12373626178791484,0.11948155482582958,0.115641
13-01-2026 14:05,25647.55,0.11198714719372307,0.10916055162623556,0.10709447712214666,0.10542787563882952,0.10384109569152863,0.10256412888305738,0.10189125194152865,0.10161446874999991,0.1018556793090681,0.1026717336181363,0.10393016572463988,0.10585609783114355,0.11337598481160038,0.1391594342920572,0.17000155130998104,0.17816830048757692,0.17236293582678164,0.16652123988015258,0.160195311750554,0.1545573372136073,0.14897597095104054,0.1429212381308421,0.13708735382463696,0.1320703812007154,0.1276317466459286,0.12332428124999999,0.1192666874999999,0.11524875
13-01-2026 14:10,25642.55,0.11382506879665114,0.10928546762447007,0.10755827585061473,0.10579616917530725,0.103744525544995,0.10243586358999006,0.10159530679499498,0.1012350937499999,0.1016509786042558,0.10257280268250851,0.10364472516286498,0.10549270669522821,0.11060651991477159,0.1335772363461109,0.16712280870828433,0.17889539059485893,0.17323685392852975,0.1667292502115879,0.1596113583327568,0.15327662228075004,0.1480882243288394,0.14272217033851647,0.136568444531311,0.13079735673491888,0.12628416663367914,0.12227795051081315,0.11827728124999991,0.1141947499999999
13-01-2026 14:15,25631.25,0.11389068454499754,0.10977970302507882,0.10727578252765904,0.10539609438882942,0.1036843437499999,0.10248459040046581,0.10167071205093176,0.10120859040046583,0.10138086680906809,0.10213153841591836,0.10341407015463228,0.10552264854778207,0.10863409374999991,0.12904446151250384,0.16398561052500762,0.17761820032237874,0.1719515401197498,0.16583442630987488,0.1591936708400485,0.15269055915404592,0.14722044953794627,0.14202562372394878,0.13611868414592862,0.13006859620107603,0.12485428379863588,0.12087357807775823,0.11735536258426965,0.113299625
13-01-2026 14:20,25627.6,0.11068579967123818,0.10812860616780946,0.10533481249999999,0.10342081325886765,0.10215325151773541,0.10144954763095021,0.10112143749416512,0.1007933429015686,0.10094377955897219,0.10185517658451652,0.10353626111006087,0.10577363055503049,0.10884990624999989,0.1292872452377993,0.16399283422559863,0.17635441192354442,0.16928114193248925,0.16353573938669197,0.15824234471889692,0.1523693754555727,0.14641933690722883,0.14081796572856226,0.13554031899193306,0.13001249144670604,0.12443734084700417,0.1203373932358177,0.11726739854154368,0.11349099999999998
13-01-2026 14:25,25619.65,0.11188203735127436,0.1106862593378185,0.108156625,0.10557873197505895,0.10363971395011798,0.10292235362552486,0.10265327455093184,0.10225877438669823,0.10237889922246483,0.10328588982325457,0.1049424741740443,0.10693129958702215,0.1098096874999999,0.1299676249999999,0.1641877499999999,0.17575597107678706,0.1674555354199928,0.16131582421835364,0.15678495773387746,0.15180904033267828,0.14551492941445784,0.138591839138141,0.13346413492870357,0.12936600293217698,0.1245841775145923,0.1201713694258686,0.11675066760678755,0.1133486719776238
13-01-2026 14:30,25622.55,0.119366875,0.11755944183648688,0.11464832117297376,0.11115662315963264,0.1081541751462916,0.10672027507314574,0.1058034999999999,0.10487201477948604,0.10457459205897209,0.10502261236051981,0.10638878246334821,0.10836270968359497,0.11289709751225108,0.13396394931160957,0.16533605549030764,0.17604392458779541,0.16937276870725276,0.1626586857645338,0.15664511069981707,0.15119957294440908,0.1448999843726572,0.13767945578671908,0.13231148970546658,0.12841104954140464,0.1238264854700367,0.11907315844007343,0.1155441839098616,0.11296229375929967
13-01-2026 14:35,25644.0,0.12524962499999998,0.12000043698613691,0.11661176329957759,0.11336608471447597,0.11007256802027318,0.10797637231422122,0.10636808285816927,0.1052232445540846,0.1047748437499999,0.1049044687499999,0.1061688969291465,0.10822073135829309,0.11477383726392354,0.13770933367566346,0.16686694009699599,0.17640992175610934,0.17109603124999992,0.1641620225973328,0.15714126394466563,0.15143080384733273,0.1454408238834697,0.13863180941389117,0.13305314717737324,0.1284003176334796,0.12344688650116746,0.11874377379275151,0.11507453757195865,0.11215972717538755
13-01-2026 14:40,25667.6,0.12496937500000001,0.11689035657782872,0.11366601291864468,0.11139045651830021,0.10834546686362673,0.10616794507768473,0.10450407954174275,0.10380942240903314,0.10380010127174652,0.10378882025400757,0.10455217329670342,0.10627295585256111,0.11288659534108557,0.13679163246927864,0.16770789706914205,0.1779157101396685,0.1721920312499999,0.16534749236546004,0.15879629723092015,0.15310636736546002,0.14679100833952036,0.13980130199329477,0.13431151646802839,0.12958644756078927,0.12448160574307043,0.11987841224653527,0.1158121117499055,0.1117478219996224
13-01-2026 14:45,25695.95,0.12283137499999999,0.11514229253179747,0.11121741189089863,0.10883410634415358,0.10630755643830728,0.10433238214823828,0.10284989535816928,0.10232566110949505,0.10252809228491347,0.10246084115359588,0.10271750917409277,0.10418340625,0.11179114816110772,0.1376544838222155,0.16957255441110772,0.17954628124999997,0.17352799999999988,0.16687909374999998,0.1605992187499999,0.15437650295701677,0.14776458087967773,0.1414703385066577,0.13611100870234985,0.1310435603548808,0.12591453072305572,0.12116074973652781,0.11676839276613983,0.11227819606455947
13-01-2026 14:50,25698.45,0.120366375,0.1146390937499999,0.11095115624999989,0.10834943749999991,0.10608688237061846,0.10425542099123704,0.10241245206259895,0.10115841264712278,0.1009302959637271,0.10094560150400765,0.10143105474542288,0.10301168225753739,0.10781936234390928,0.13115203949850351,0.16626649656477072,0.17945963147198107,0.17403776078745567,0.16761778293622748,0.16129314146811363,0.15444395561913957,0.14712192897310739,0.14141167858879578,0.13661167398482807,0.13117125346777259,0.12555013887413052,0.12069798609494328,0.1164554899433804,0.11182643201918058
13-01-2026 14:55,25717.05,0.0999805,0.10189171874999992,0.10198903124999989,0.1010455312499999,0.10075275359951319,0.10046338219902655,0.09847453923441751,0.09680435251980846,0.09685962938490422,0.09765966554334835,0.09896758108669679,0.10062677731001006,0.10308484853332342,0.12493341105605532,0.16331749135891466,0.17946449109964818,0.17496738806490503,0.16906367806955547,0.1627967452847777,0.15600242667348652,0.14820419202623428,0.14173808044683608,0.13711929150891602,0.13216744625148277,0.12638468198492023,0.12166723570987463,0.11779106440876097,0.11302466338860566
13-01-2026 15:00,25754.0,0.08808774999999999,0.09402981221965628,0.0941223431893127,0.09472721846965629,0.09652782792232424,0.09635293730068141,0.09462758552637067,0.09374704898462038,0.09380213618294239,0.09503040231491997,0.09744105523545994,0.0991758672744129,0.1035091265679217,0.12855019294652825,0.1664277785948006,0.18065398216340345,0.17598675250224816,0.17031328551561506,0.16379011021811363,0.15728745730626,0.14983657430138161,0.1422428511930753,0.1370284649570462,0.13304551547686497,0.12823495892111328,0.12352262618890873,0.11888303823059233,0.11338534498009728
13-01-2026 15:05,25708.75,0.10387112500000001,0.10357266336981927,0.09898709473561249,0.09939585392734313,0.10058824064189194,0.09748795099281188,0.09545786305077969,0.09550255181461556,0.09488842329581067,0.09559437000853455,0.09824134332949216,0.10016510019180447,0.10699285887997727,0.13432906150995455,0.16970289744103276,0.18109225000875256,0.17538988433433877,0.1690250454474131,0.1622049013715428,0.155940387250865,0.14933806327671767,0.1425019026479821,0.13703626797618548,0.13239891391482744,0.12761052768600767,0.12272246162201532,0.11754862057817275,0.11192474656866068
13-01-2026 15:10,25746.05,0.10357675,0.102848867936116,0.09862474604754264,0.09807144048432655,0.09891197312684685,0.09643318666571597,0.09455962325957229,0.09452705919838279,0.09432964693640887,0.0949898194739341,0.09700785651406041,0.09886370364020437,0.1056018135550368,0.1329085300146314,0.1691211053322096,0.1813085825529098,0.17566713842262774,0.1687580508222323,0.16152940072183677,0.1556870099719148,0.14994484629666022,0.1439323036893674,0.1380965729693184,0.13282424387719322,0.12803911681224966,0.1230872015513424,0.11812569452567116,0.112867125
13-01-2026 15:15,25745.9,0.0998641249999999,0.09752664629063025,0.09594405752031512,0.09509114669750329,0.09489718189563814,0.09466776744876626,0.09386107600063141,0.09349260042654653,0.09374466960309318,0.09413366609407973,0.09546337757468759,0.09762537064677566,0.10544421088641999,0.13366438312765175,0.1692375811930989,0.18105433811738064,0.17639992318207748,0.16996160303386956,0.1625039924057597,0.15660305873083288,0.15134071752209344,0.14510569341480528,0.13831664947764966,0.13291059689920492,0.12850714232014307,0.12381426072971127,0.1189801195558352,0.11368337499999999
13-01-2026 15:20,25730.9,0.10315274999999999,0.09833509496545989,0.0978725631077299,0.09677895588244231,0.0948703196580276,0.09497152166872799,0.09499603289314273,0.09472162228095307,0.09488383831190614,0.09469771288891293,0.09539722862193885,0.09766052916999807,0.10289967650219001,0.1286658184089377,0.16707431652326038,0.1811135067043912,0.1766076294938976,0.17120458815421302,0.1639924639115874,0.15700697586053564,0.15129862445184017,0.14545235425139416,0.13892183864186852,0.13305007714572903,0.12790928090521936,0.12314390352582842,0.11847100352718481,0.1132005
13-01-2026 15:25,25730.8,0.11384937499999999,0.10482094728972727,0.10186077051986359,0.10014009313729529,0.09803078002459067,0.09717487438729529,0.09667840624999989,0.09655927843134962,0.09653615632424406,0.09606763962351615,0.09680048649969887,0.09901406851907697,0.10407490991087569,0.13020219482175147,0.16935336878906757,0.18336116775638356,0.1781971151281917,0.17284515624999996,0.16568364910829114,0.15770652897871376,0.15131221708752837,0.14597522492208048,0.1401703819938492,0.13434888519579002,0.12880743347978607,0.12358315727770032,0.11883008345482969,0.11375199999999999
14-01-2026 09:15,25671.9,0.13194374999999997,0.11667621285920037,0.10910524705460013,0.1059094687499999,0.10365474999999999,0.1018409999999999,0.1004353125,0.09978262893322959,0.09921432641303182,0.09882835977637469,0.10000550604657246,0.10225912499999999,0.11000229592140952,0.13863818559281918,0.17507767092140952,0.1866888749999999,0.18071809826630958,0.1743423215326192,0.16711135079726575,0.15912789181241307,0.15286408163063675,0.14788502919785868,0.14218402399721744,0.13635318679707703,0.1306919406757233,0.1251843195543697,0.1200647222771848,0.114820375
14-01-2026 09:20,25705.8,0.13206125000000002,0.12150980283171021,0.11440137016585505,0.1097562812499999,0.1066332812499999,0.1043918124999999,0.1026258125,0.10149828124999989,0.10075394321154472,0.10055266767308943,0.10147497446154463,0.103373625,0.1108486448935897,0.1393385710371794,0.1764496136435897,0.1884523701219255,0.18180934397727225,0.17483200446777342,0.16832519970781698,0.16169526707390658,0.15539701624064753,0.14945251201213117,0.14311582620081756,0.1369778086516351,0.13125863870081755,0.1257444374999999,0.12041421875,0.11499037499999999
14-01-2026 09:25,25717.85,0.126047375,0.117325616097738,0.11297768304886896,0.10967081249999999,0.1065585,0.1041886249999999,0.1022867499999999,0.10106984374999989,0.1003656249999999,0.10035299142876392,0.10115479535752792,0.1026406789287639,0.11327599419865221,0.14547964021736223,0.18009345408876762,0.18891821306076434,0.1822475332477231,0.17575388067691688,0.16949565657349136,0.16339109165359073,0.1571236874999999,0.1500478770106177,0.14255695939539828,0.13631491275894328,0.1312760491241627,0.126017,0.12057024999999999,0.115044125
14-01-2026 09:30,25746.8,0.114840875,0.10977095132992905,0.10557426448616934,0.10294882764240974,0.10186807007120482,0.10068278124999999,0.0992215,0.0983040937499999,0.0978514999999999,0.09825347776358337,0.09949886177716696,0.10100510013234751,0.11163134758317028,0.14433353043859726,0.17995288260273942,0.18941394435520195,0.18308989020330668,0.17733779385565873,0.17123363500801075,0.16472033312900536,0.1583675312499999,0.15091171003662873,0.1428561259529939,0.1369106530461016,0.1323945496297363,0.1272425625,0.12180306249999989,0.1162586249999999
14-01-2026 09:35,25737.05,0.10864562499999998,0.1081926562499999,0.10205086018997185,0.0977185016299439,0.09846801643997184,0.09873169179373482,0.09758697733746975,0.09694494179373482,0.0967279687499999,0.0971094601787639,0.09834879535752791,0.10022549712550544,0.10547629536718874,0.13251467154859245,0.17378188603258474,0.18894319947219632,0.18272979688551355,0.17708701824357193,0.1710557708516304,0.1645253541758152,0.1581841562499999,0.15134034576061778,0.14389385857300507,0.1373539978815302,0.13215336558651586,0.12700358585082513,0.12160172316690396,0.11639224999999999
14-01-2026 09:40,25712.25,0.112895625,0.10921692101718669,0.10347437985417163,0.09886543415678316,0.09870113156979822,0.09881462297825605,0.0976304334565121,0.09716756047825605,0.09714828124999998,0.0974732499999999,0.09860165624999999,0.10061584111876402,0.10347130723752795,0.127414442331608,0.1700835461756881,0.18755430574877457,0.181698627821861,0.17567072264825886,0.1684392650714034,0.1606868481972552,0.15432368876442037,0.1487572790196575,0.1424620801428113,0.13579870951805367,0.1304172606965374,0.12551985918340294,0.12017402621105097,0.1153545
14-01-2026 09:45,25691.85,0.1109680757103519,0.11077255280452081,0.11107525475170996,0.1078618017873456,0.1048154980588874,0.10319931679373481,0.10138832108746974,0.10031231679373483,0.09988399999999999,0.0999820624999999,0.10087078125,0.10251530891012689,0.10508083657025379,0.1282713149306736,0.16942034276791193,0.18651790499507517,0.18116999326860156,0.17498499794670677,0.16654951849970184,0.15687811015302214,0.15002196990029754,0.1454022960105118,0.14049344021538404,0.1350756460201899,0.12965951451152877,0.12434208585082512,0.11895959816690396,0.1136927499999999
14-01-2026 09:50,25701.2,0.10699876604393589,0.1076646021839186,0.11221697748724739,0.11259035851718668,0.10930206249999999,0.10657128125,0.1042991874999999,0.10284098419001544,0.10206187463003097,0.10154085919001543,0.10189453124999999,0.10313461541975419,0.1053024495895085,0.12840204725232923,0.16962467040338022,0.18695648280903546,0.1814920905798939,0.17494350518332727,0.1677913876884103,0.16008736133492693,0.15335462626442029,0.1475006009399138,0.1416082804425415,0.1359350795288676,0.13015365624999997,0.124410875,0.1188859374999999,0.1131031249999999
14-01-2026 09:55,25759.55,0.1083712007103519,0.1022243096349501,0.10185213656780309,0.10271035742824408,0.10190255371412205,0.100563375,0.0992554687499999,0.09876037294635001,0.09860367953624381,0.09801258398343764,0.09846040239354376,0.1001119651601269,0.10505634473795557,0.1320913226816953,0.1734158337668499,0.18904572748902176,0.18247275490419942,0.17538729880710174,0.16958100572894083,0.16371508594998416,0.15717635939996832,0.15051327175914767,0.14383193411832712,0.13767665455916359,0.13184853124999998,0.12620959375,0.12105379051911705,0.11619041207646844
14-01-2026 10:00,25727.85,0.1180206249999999,0.11079425179345435,0.10407304025434752,0.10000708038705404,0.09906386873648032,0.09847928124999991,0.09731365624999991,0.09675020294001543,0.09651263419733835,0.09665094189556006,0.09817870028259645,0.10020292496730551,0.10801081493001403,0.137920893714619,0.17631537660755114,0.18867074374564433,0.18189236508295248,0.17507374892897182,0.16899734634166366,0.16265018341575446,0.15608111683150894,0.14948354320566934,0.14287268832982983,0.13674021822481122,0.13093952936979267,0.12544208932190018,0.12073318127679294,0.11738300301114084
14-01-2026 10:05,25713.6,0.121129375,0.11619450544085379,0.10976414469321129,0.10439705536347557,0.10174242565636862,0.10020373284612319,0.0987645625,0.09783981249999989,0.09745699614354376,0.09827479235177447,0.10055715621155131,0.1026341593669164,0.10692854695625939,0.1325496932603653,0.17240422691770174,0.18716286338645535,0.1807504455229109,0.174137338868095,0.16760413846327923,0.16116018643162372,0.15450077464715017,0.14714272999883743,0.14044466735616074,0.1347440236474182,0.12903338893585758,0.12355463330367417,0.11851494944060792,0.11464703707646842
14-01-2026 10:10,25697.45,0.11629844878315795,0.11135726709699383,0.1072816652333671,0.10411999834510242,0.10152219214651842,0.09972343982325915,0.09861127008165246,0.09797519641330492,0.09771989508165237,0.09829768857092969,0.10003444071528907,0.10221156416736724,0.10463921672258626,0.1278319984495783,0.16964512499999998,0.18644131446388867,0.17982039393689708,0.1730738610073314,0.16665664180952638,0.16058126652520335,0.15373735705956,0.14598879772364065,0.13970330551860108,0.1346306920394168,0.12912299811979264,0.12342050394147047,0.1179379472631484,0.11325012500000001
14-01-2026 10:15,25696.35,0.10812276178382288,0.10461380211969969,0.10238487058154527,0.10067918538556613,0.0991482712035529,0.09777131228285833,0.09704615744413378,0.09702363394913739,0.09699885031207377,0.0974371875,0.09884503124999999,0.10102215746550403,0.10395590868100815,0.12767762621550402,0.1695608125,0.18641151353723528,0.17976837275252475,0.17264012223257513,0.16624330535651738,0.16032141733923153,0.15386638399718183,0.1469348766843044,0.1405110158232176,0.1348056875822493,0.1293118519461543,0.12333710420138809,0.11756230215277635,0.113574625
14-01-2026 10:20,25678.3,0.10598332378315796,0.10374601844578941,0.10236705408317924,0.1006312717409995,0.09908049308758654,0.09779860174013202,0.09706274834725863,0.09713672336854533,0.09743465860310074,0.09822774648023903,0.09958938989613302,0.10159675818295193,0.10456457749121914,0.12778737868652615,0.16881389863183324,0.18574049619091657,0.17977389000911964,0.17264811037449537,0.1655566414766668,0.159318168116326,0.15337449700503497,0.1469898749999999,0.14018929114413067,0.13384161353826146,0.12837591614413066,0.12243011600413584,0.11656960700827179,0.11300999999999989
14-01-2026 10:25,25683.35,0.11071819520193868,0.10738623630048465,0.10587239723405724,0.10392425130295814,0.10159687638582494,0.0998842711239943,0.09872611963205993,0.09825840207498965,0.09854411377109634,0.0994990136010547,0.10068421713882027,0.10257556249652523,0.10792748197457125,0.13279206371607355,0.17019231312264702,0.1842533718424187,0.1789516516843143,0.17275461414296894,0.16557029650262978,0.1587352361824835,0.15284900653744568,0.14659871874999997,0.13947966437631995,0.13275586774970688,0.12735199237045378,0.12191906918192302,0.11652364803883249,0.11308385067648091
14-01-2026 10:30,25678.05,0.1123995499200751,0.10922554373001869,0.1068423437499999,0.10480387621637383,0.10260457130951305,0.10041307646990445,0.09886563137676525,0.098205375,0.09827241977144828,0.09892671523023903,0.10033849768457585,0.10257088000983772,0.11051740026220293,0.13854046490160785,0.17308121724153325,0.18329843297080503,0.1781910626782993,0.17302822952557,0.16645005950503494,0.1594465795119142,0.15292891800872357,0.14661805425184432,0.13936507221405023,0.13217577175056444,0.12691367060897782,0.1223539035476504,0.11774558999527085,0.11413027517958947
14-01-2026 10:35,25689.95,0.1104641952019387,0.1060105488702301,0.10332843753487261,0.10261686440385256,0.1016262922458179,0.09898589753007803,0.09710909468811267,0.09670059375000001,0.0967487499999999,0.09732999999999999,0.09941126128010096,0.10229180381020203,0.10921633399874074,0.13675139051735705,0.17271768390136485,0.18406540941059438,0.17892118118953337,0.17328100972779595,0.16688224684620945,0.16006295709618218,0.15312900794236434,0.14688958209618216,0.1403370624301655,0.1337741013573982,0.12832823417429948,0.12347313274706682,0.11874327516912017,0.1140777256764809
14-01-2026 10:40,25691.8,0.11269,0.10925419468911274,0.1052511276338061,0.10427361920654994,0.1037815169041989,0.10069336176724729,0.09827560012676526,0.0975999999999999,0.09747893749999989,0.09795778125,0.10005176980425266,0.10296588335850534,0.11026782247607345,0.1376015336127604,0.17253889645461046,0.18378704402234589,0.17839873484073504,0.17217747764999689,0.16598352756793688,0.1595876167518443,0.1529840147536886,0.14650593385025765,0.13994104044682656,0.1338472915790862,0.12814985521134573,0.12287363073067278,0.117915625,0.11264412499999998
14-01-2026 10:45,25665.9,0.11813769632044051,0.11666347800454095,0.11175945149424345,0.10897280866181663,0.10731897836426255,0.10438251059176462,0.1020467615692667,0.1006173807846333,0.09990212499999991,0.09999590625,0.10132517597143773,0.10354825819287546,0.10830613209083279,0.1329908448188678,0.1701475712795503,0.18314075713439343,0.17733211470484117,0.17173003699673484,0.16527242622966826,0.15842601501691753,0.15221421063345872,0.14561632266491362,0.1386676140798273,0.13226354000307367,0.12622162217631988,0.12111306108815993,0.116332875,0.1109155
14-01-2026 10:50,25695.5,0.12223806104010679,0.11824385101624255,0.1140909527624317,0.11060114825621584,0.10754571874999999,0.10504295193182109,0.10314627886364229,0.1013362644318211,0.1002125937499999,0.10274104876108509,0.10879664434282449,0.11301121410792098,0.11533848466683935,0.13584831682578793,0.17152398193513024,0.18462311336780954,0.1785311017356192,0.17305042586780955,0.1660692583739615,0.15867089174792304,0.15273213337396147,0.14629335758260464,0.1392378089152093,0.13268357535121292,0.12651609178721654,0.12137522882333787,0.11648814710945914,0.11119887499999999
14-01-2026 10:55,25706.35,0.1252835520011832,0.11915909623134983,0.11519641646210813,0.11185608323105407,0.1084223437499999,0.1056717245346333,0.10345607406926671,0.1016238807846333,0.10061342111373456,0.10621834310723637,0.11812987834803204,0.12493388777045934,0.12691942499001463,0.14460166745700492,0.1755294863829195,0.18692012577309622,0.18036343185834747,0.17369279889740627,0.16692960969561368,0.1601357650169175,0.15396405438345873,0.147174040149265,0.13997461154853008,0.1338073138985691,0.12805445374860822,0.12237939358081155,0.11696120841301492,0.11197599999999999
14-01-2026 11:00,25720.95,0.1213939823317645,0.11517433291611774,0.1114386999165883,0.1090159374999999,0.1062341875,0.1037046562499999,0.10168474999999991,0.10025463836437579,0.09978724177779967,0.10238639847355713,0.10780485015082521,0.11148722687582625,0.11366222542579199,0.13495447307578795,0.17297138818513025,0.18789604189541764,0.18095149882296752,0.17393705945968194,0.16778994628213215,0.16158259375,0.15518437499999999,0.1483860092341913,0.14137720596838263,0.13504376736387588,0.12917514125936916,0.12364170668441411,0.11842239710945913,0.113292875
14-01-2026 11:05,25733.0,0.11358968531132677,0.1098228676695906,0.10678722317087941,0.10443099999999989,0.10219778124999998,0.1003924374999999,0.09889256249999989,0.0978930920423043,0.09781184805364125,0.0980032949803694,0.0985393257182451,0.10004310474842522,0.10238641174921256,0.12669534375,0.1702973749999999,0.18738828973974064,0.1806576035416364,0.1747364628640507,0.16868016310092657,0.16213777807754318,0.15569655687030534,0.14901427316306765,0.14235288658153378,0.1358072482340396,0.1296403089680792,0.12458731073403961,0.11982971875,0.11454175
14-01-2026 11:10,25729.2,0.11497133068819605,0.11229610750522562,0.10819109154142825,0.10412309574967993,0.10198601662483997,0.10072113603146363,0.09907505331292737,0.09762155736635511,0.09702164821741768,0.097306688680161,0.09830383109958755,0.09992992610390558,0.10223336930195275,0.12659665624999988,0.17016681250000001,0.18721012619956245,0.18065409170944155,0.17485133607019593,0.16783896506199897,0.1597542411940539,0.1530589886570798,0.14712149112079448,0.1413495397881538,0.13574605501175213,0.13001089125936918,0.12472378937968459,0.11972825,0.1144228749999999
14-01-2026 11:15,25736.25,0.11899481031132678,0.11610974877274746,0.1102640220181567,0.10538242943659512,0.10389579961109362,0.1024999540714053,0.10032016995241595,0.09815572200313735,0.09680796155385873,0.09709651202692932,0.0982490625,0.0998220937499999,0.1021069062499999,0.1262056518800826,0.16951485190085164,0.18744274463237795,0.18158212008428432,0.17517202947442825,0.16724927921905447,0.1579001325798114,0.15091866759850725,0.14561565006775937,0.14019392032273387,0.13530389167123832,0.1299785223605324,0.12466351118026614,0.11977394646818972,0.11464266087275887
14-01-2026 11:20,25743.15,0.1232523749999999,0.11929481463930344,0.11190893516504183,0.10824058140539523,0.10724911880887046,0.10464217433334598,0.10204152773266147,0.09961890621184641,0.09791650344103128,0.09761112746699047,0.09822672024294973,0.09986315699647476,0.10230406249999999,0.12593677816913007,0.1685763843459419,0.18706552793449324,0.1823706360679983,0.1761655848706334,0.16886885508155655,0.16098358373316893,0.1541067576806151,0.14749883888104556,0.14065403193447829,0.13484393322941038,0.1292830897332232,0.12433674298232734,0.11979817583344668,0.11472251350820395
14-01-2026 11:25,25735.0,0.127658375,0.12262098397413074,0.1142857084022289,0.11104408628863964,0.10960867569039474,0.10641168071860689,0.10383181074681903,0.10159999881752654,0.10000406188823396,0.09883679575211402,0.09867440461599414,0.10030717105799697,0.10279253125000001,0.12678987063008262,0.16998311121168058,0.18814042303311318,0.18295768245151528,0.1760349261800714,0.16821140411530258,0.16148942305485944,0.15558918223409737,0.14925655673455496,0.14224904188679013,0.1356306048435885,0.12976467629234129,0.12419558072366726,0.11883130044942,0.11391328587275887
14-01-2026 11:30,25773.9,0.11825249999999998,0.11657491888488174,0.11022268081256714,0.10633076111285221,0.10429519899106937,0.10191099182486696,0.10051159525025408,0.0993413835315074,0.09826151627319057,0.09720620637397497,0.09728171648688626,0.09889778199647477,0.10124415625,0.12640815625000001,0.17156283441928358,0.19003701258856717,0.18404999066928357,0.17606941083226335,0.16699016633382668,0.15991410391010927,0.1545762533869079,0.14974261871747788,0.14393949415625656,0.13742771708428148,0.1315808591235365,0.12540335315578272,0.11955666276863164,0.11598914530501406
14-01-2026 11:35,25764.1,0.11262649999999999,0.11146334558577262,0.10633838585957289,0.10281131637932067,0.10074968517530349,0.09820365115667067,0.09721268134628044,0.09678184612139615,0.0958759614800937,0.09536470512783649,0.09614664959185971,0.09785859374999999,0.10301862563337083,0.13139503251674176,0.17411161721816568,0.18981823316958937,0.18403183533479475,0.1770943011800715,0.1692732166153026,0.16173033007077392,0.1548081019655509,0.14939710552963262,0.14383781140931756,0.13751403641938595,0.13184158070969293,0.12620291072301973,0.12108944121986309,0.11781635409529437
14-01-2026 11:40,25766.75,0.113694,0.11346118749999991,0.1095128697624256,0.10631775513431413,0.10381696794784451,0.10056227454244931,0.09853991071649323,0.0974164062499999,0.09636540249393653,0.09599146123787308,0.09672708999393653,0.09827485828318444,0.1068331011901362,0.138423221280719,0.1772387069592113,0.189225863420888,0.18358072858544397,0.1774129062499999,0.17040582725107853,0.1631913051462614,0.15617790499666806,0.14971582855886634,0.14348162323676594,0.13725331855876982,0.13136669052938493,0.1258963749999999,0.12077719257625347,0.11589389530501407
14-01-2026 11:45,25761.25,0.11522424999999999,0.1175578125,0.11493037763736046,0.11071248927066846,0.10718066913816053,0.10422028379620327,0.10175537907379624,0.0996526527824455,0.09828619469440356,0.09773826438880723,0.09800760094440356,0.09913442521809203,0.10405450731955497,0.1320747077348338,0.17428068238109173,0.18961580099544165,0.18369830674772078,0.1773362187499999,0.17011084181817376,0.16303265238634757,0.15646673374802317,0.1497868463596988,0.14336464192984938,0.13718096874999988,0.13100618749999998,0.1252713124999999,0.11986237635436492,0.11439838041746006
14-01-2026 11:50,25775.3,0.11587391807705517,0.1149105107692638,0.1116522812499999,0.10766975983538042,0.10447034499307752,0.10235462978857754,0.10044876393944442,0.09840393805856387,0.09723647149552378,0.09695216174104765,0.09718019024552377,0.09821363953318443,0.10033512281636899,0.12589001453318444,0.1718766766499942,0.1907064470499885,0.1845370516499942,0.17770516750686816,0.170532818514815,0.16356330118120285,0.15683937956369867,0.1503770108587078,0.14397831271826514,0.13743237499086547,0.13115084373173114,0.12557340624086558,0.12044098983596477,0.11535633434385907
14-01-2026 11:55,25774.6,0.11695143732822723,0.1120537655820568,0.10770115624999989,0.10414062700452527,0.10137382751795573,0.0995210830547811,0.09791653532379613,0.09636005903244552,0.09550878844440355,0.09536060813880723,0.09583610094440356,0.09708871874999998,0.09929718749999991,0.12510018201620807,0.17190236403241613,0.19152449451620807,0.18536921874999998,0.1781317255414981,0.17091066983299621,0.16381246858309637,0.15678070483319656,0.15080146179159823,0.14470381249999992,0.13784198188770283,0.13166330189851583,0.12683863903823286,0.12246283788721939,0.11774590182195953
14-01-2026 12:00,25786.0,0.11173166807705517,0.1078964482692638,0.1040830312499999,0.10094035358538041,0.09863639467076094,0.09701944733538041,0.0956019062499999,0.09447328125,0.09396071874999991,0.0938715,0.09446924999999991,0.09587003124999999,0.10110584970010635,0.13013738464656754,0.17475500144281586,0.19212240399635477,0.1859739687499999,0.17879154250686813,0.17181089751373632,0.16421215397694486,0.15666706669015346,0.1508387059780729,0.14484990776599246,0.13839825074886183,0.13288099905650091,0.12845751349466875,0.12459245279630957,0.12060819205205145
14-01-2026 12:05,25782.1,0.099568125,0.09972168749999999,0.0976615937499999,0.09580946875,0.0945291562499999,0.09342387499999989,0.09275377440796843,0.09233004881593707,0.09204743065796843,0.0920465625,0.0929583245214654,0.09465589904293079,0.10352294129275322,0.1364712593087838,0.17800691830370405,0.19179330701620806,0.1855161562499999,0.1785048749999999,0.1717582812499999,0.16400210516107636,0.1561829915721527,0.14990933321318195,0.1435639561042113,0.13760158729054708,0.1321217424261826,0.12703979429135082,0.1228385503814295,0.11855338349404143
14-01-2026 12:10,25757.05,0.105881875,0.10573159374999999,0.1023301875,0.09963637499999989,0.0978549062499999,0.09610268749999991,0.09519729408603572,0.09464840067207143,0.09387476283603571,0.09348881249999999,0.0944847453237656,0.09633108439753132,0.10396846733962763,0.13514260028172392,0.1762922220158619,0.19003121875,0.18377203124999988,0.17685265714081458,0.16996459553162918,0.1626391528491827,0.15524186641673632,0.14859269848776308,0.14192809305878984,0.13559662674666081,0.12928126035295098,0.12386643630410456,0.11975391021790305,0.11519474119793498
14-01-2026 12:15,25735.55,0.118148875,0.11538655291554417,0.11065446395777204,0.1070330624999999,0.10407618749999999,0.10115609374999991,0.09912961815796853,0.09768767381593708,0.09654180565796844,0.09591034374999999,0.0964478870214654,0.09814896370400442,0.10606689363370383,0.13630548564248984,0.17536985880284692,0.18836827632181027,0.18273311746028828,0.1760464575612743,0.1689243838725488,0.16228159991391058,0.15571534720527241,0.1489548654396975,0.14203097742412257,0.13526481095574508,0.12882242406355743,0.12331783452106314,0.11847268259857513,0.11315361208954196
14-01-2026 12:20,25771.55,0.11044149999999998,0.1076150398105142,0.10466557879324126,0.10263679512366175,0.10037289502375424,0.0979360312499999,0.0961331928992014,0.09489438579840292,0.09421738039920141,0.09397274999999991,0.09458025,0.09655780905342583,0.10189230292260733,0.12916959915082196,0.17151746796237338,0.18831430489558074,0.18344747346484783,0.1772930321408145,0.1703820330316292,0.1637969383908146,0.15708269576600753,0.1501104227820152,0.14334641451600755,0.13691298512439537,0.13087584524879076,0.1252377038743954,0.11971546875,0.11391674999999998
14-01-2026 12:25,25768.3,0.10718649999999999,0.10225967104440926,0.09965364414959064,0.09857544349704184,0.09710344393408832,0.09527853615372406,0.0937873490451566,0.09292018337914104,0.09253237048770839,0.09250484374999988,0.09345901942875252,0.09555255426157053,0.09818464398688327,0.12387802555529888,0.17024778237626864,0.18957628429883636,0.1840979495738012,0.17794934374999988,0.17100345978522571,0.1641028258204514,0.15716640239955829,0.15014554147866507,0.14368100511433257,0.13762575,0.1315963050430194,0.12578145383603886,0.12031868004301939,0.114624375
14-01-2026 12:30,25761.1,0.111720625,0.10651116843086669,0.10259628074860215,0.10039691416403111,0.09880722016893893,0.09686702564244266,0.09497749488195903,0.09392041283659015,0.09345444359707368,0.09328768749999988,0.09426953472408464,0.09632330102478262,0.09859271662731119,0.1244340753266131,0.17102927625356357,0.18982958375712727,0.1839633387535636,0.1778029062499999,0.17061366932786737,0.16352361990573475,0.1570979275938749,0.15054845403201508,0.14382522701600753,0.1374693125,0.1312133058845693,0.12518895551913872,0.11983536838456929,0.11425375
14-01-2026 12:35,25772.4,0.1105378749999999,0.10585158807357721,0.10103323975245997,0.09842686018134272,0.09740457071567131,0.09596700490372406,0.09423454095537634,0.09318197344958051,0.09283181239792813,0.0927908124999999,0.09364858192875251,0.09545661460049688,0.097811702164736,0.12404020074299163,0.17108123527031854,0.1901446580406372,0.18421545402031855,0.17796646875,0.1710542722852257,0.16425663832045143,0.1577978972852257,0.1511845312499999,0.1442430937499999,0.13768421874999992,0.13163230504301948,0.12583295383603899,0.12034289879301939,0.11463787499999999
14-01-2026 12:40,25773.6,0.109770375,0.10454256960471345,0.09800062557254141,0.09482036616611977,0.0940038027478182,0.0930321513280158,0.09214114029900489,0.09160922014574456,0.09147562569787228,0.0916457812499999,0.0925888437499999,0.09434825,0.0968844999999999,0.1234259374999999,0.1709941868447453,0.19048446743949066,0.18424443684474529,0.1776667812499999,0.17096250000000002,0.1643308749999999,0.157666625,0.1509533749999999,0.14410478125,0.1376115312499999,0.1317874062499999,0.12620596874999998,0.1206887812499999,0.11499774999999998
14-01-2026 12:45,25759.5,0.11028612499999998,0.10690821874999991,0.10023696874999999,0.09602660219902731,0.0942015689110848,0.0929281749750876,0.09241855201303008,0.09208053125,0.09188140624999999,0.09202612499999999,0.09307838064213217,0.09495994878426442,0.10021070791671681,0.12908187329916912,0.17316970227458453,0.1894894062499999,0.1831777499999999,0.17660584374999996,0.1698971875,0.1632488124999999,0.1566630937499999,0.15003112499999988,0.14321162499999998,0.1367253437499999,0.13074039511617985,0.1250465402323598,0.11978133261617986,0.11432175
14-01-2026 12:50,25748.9,0.10839162499999999,0.10620471874999998,0.10202453124999998,0.0989124971257504,0.09675507135263359,0.0949820263280158,0.0939208896011326,0.0932400624999999,0.0929113124999999,0.09294878124999999,0.09401257661681847,0.09596212198363714,0.10445064381590034,0.13620135314816353,0.1759137581811392,0.1882031319641148,0.1821253472320574,0.17578165625,0.16885187126751505,0.16203624253503013,0.15569837126751507,0.1492856874999999,0.14246162499999998,0.1359407499999999,0.12971145565155548,0.12367366276051886,0.11846992731637106,0.113523
14-01-2026 12:55,25745.55,0.10640224999999999,0.1034314483564166,0.1012220842128333,0.0995684171064166,0.09780302739519753,0.09618655697952458,0.09476278177345655,0.09372515843912942,0.0933175624999999,0.09347467604048644,0.09457215788550549,0.09628525639955172,0.10413093377009065,0.13526113093111625,0.17502204355747455,0.18750786243383286,0.1816397905919164,0.17549431249999992,0.16833441444661226,0.16128007889322463,0.15520682069661226,0.1490636249999999,0.14204417052633225,0.13537296605266452,0.12954003439251213,0.12360908128294525,0.117947039717351,0.11316824999999998
14-01-2026 13:00,25748.1,0.1039697499999999,0.10262459472207891,0.10110412694415793,0.0994500634720789,0.09787413292622613,0.09640599337817676,0.09478665047767493,0.09350675877572429,0.09304040624999989,0.09351858433672008,0.09487026764969422,0.09629540728922789,0.10458302681945834,0.13642982443640908,0.175896212575262,0.18789802968851793,0.18153311143086356,0.17526924147440304,0.16855315251751507,0.1615813488708433,0.15515124018914128,0.14898316883581303,0.14192108254505023,0.13475212309159498,0.12886459801210604,0.12359575213703573,0.11831660237888222,0.11307524999999999
14-01-2026 13:05,25745.45,0.106315625,0.10396599570250499,0.10087281101087749,0.0987811358564166,0.09722049614519754,0.0956140879546308,0.09429689760327922,0.0932476096734563,0.09260892887961023,0.09285860804265965,0.09405033081579814,0.09568981261038749,0.10098111563499279,0.12953001398871727,0.17284939444097341,0.18828819100924782,0.18117306951849585,0.1750421285092479,0.1690001874999999,0.16203987486074475,0.15517453097148942,0.14858428370183363,0.14134116354096685,0.13415163271986513,0.1278623321047669,0.122746001008361,0.11827220317358125,0.112982
14-01-2026 13:10,25759.75,0.10424898361717473,0.10202704135354161,0.0976818977246239,0.09480947706866516,0.09333776663733041,0.09254233705925714,0.09235687197821732,0.09179035148465868,0.09110333819800712,0.09115609022436276,0.09225471355517298,0.09445478371401343,0.09753388790509006,0.12345785122286064,0.1699859687499999,0.18828276222626072,0.18093599320252152,0.17500263722626075,0.16912440624999991,0.16233748133581305,0.15560908767162612,0.1481121075271152,0.14005370903856118,0.13373862139134632,0.12828181232122704,0.12294659066614845,0.11834109813900885,0.11321925
14-01-2026 13:15,25750.25,0.0926742344766376,0.09682007471524771,0.09512110179804409,0.09226374536231258,0.09075239697462537,0.09044150092840594,0.09063955953774556,0.09047122737721092,0.09022497152086917,0.09044927895431298,0.09164116356269442,0.09384259533046217,0.09686966896354057,0.12297035010677027,0.1695334375,0.18789346236631707,0.18075376848263427,0.17462061861631709,0.16852159374999998,0.16170902367710505,0.15490717235421012,0.14769117526051584,0.14010921014485297,0.13386147623624803,0.12844384449939097,0.12317784295239523,0.11843788487781028,0.1132645
14-01-2026 13:20,25735.95,0.07900053935701383,0.09175400983925341,0.0944353124999999,0.09238163858410253,0.09100633966820515,0.09051220108410253,0.09043809480735962,0.09052190836471923,0.09053737475833339,0.09084428318766535,0.0921217265224093,0.09697479233197932,0.10513908481346672,0.1307656499881487,0.1712637904709436,0.1870209795585534,0.18026642435665993,0.17370762878765963,0.1674771527395531,0.16062473983886397,0.1535535734277278,0.14722412346039035,0.14034817228266425,0.1335453175873852,0.12778470061406993,0.12241856323900896,0.11780401655118636,0.11288725
14-01-2026 13:25,25715.5,0.07111734583281155,0.0908173677082028,0.09587721874999999,0.09386469091570354,0.09253800895312038,0.09193128890913022,0.09141509039766177,0.09118383280189678,0.09131524452594829,0.09178299999999999,0.09311909374999999,0.10131943716805188,0.11848465318667821,0.14594240111920068,0.17628859135057434,0.18596903125,0.17934001526638055,0.17211535775082962,0.1653427159514811,0.15919772464310084,0.15300259360317386,0.14680861742710505,0.13986355870254433,0.13302155490508874,0.12725429833147833,0.12176313550786802,0.116979427128934,0.11209599999999999
14-01-2026 13:30,25717.15,0.06565604295216487,0.08542976073804118,0.09124785962737164,0.09064128702018065,0.09049699282407311,0.09055909434709104,0.08996162266582684,0.08961728125,0.0901888124999999,0.0911295937499999,0.09279134375,0.09793163154626151,0.1120962491334498,0.14288441612811478,0.1760337360409266,0.1849562242255986,0.17789436290506347,0.17056267283906107,0.16352875774461462,0.15795123371430636,0.1527541038792881,0.14665871875,0.1399394998888672,0.1335648747777344,0.12793799656930988,0.1226079308608853,0.11772699278747005,0.1129181094281098
14-01-2026 13:35,25708.2,0.070756017569311,0.08272894189232771,0.08708553838682162,0.08777010802364325,0.08835294949642263,0.08895719721920214,0.08874156735960106,0.08869590625,0.0896250624999999,0.09093037499999991,0.09293265625,0.09563715625,0.10404067955255997,0.13386307785512003,0.17192202330255998,0.18309507295921812,0.17547955339218083,0.16901749637477556,0.16338117065884497,0.15778598221599568,0.1520216087489636,0.14586978125,0.1394195,0.1334068124999999,0.12801640625,0.12289565624999989,0.11825368547342908,0.1138987418937165
14-01-2026 13:40,25665.9,0.09162087499999991,0.09385982653783143,0.09381007520303458,0.09294179579257479,0.09239465030046363,0.0921819875961841,0.09187219692309201,0.0918507812499999,0.09251921874999991,0.09391600301780983,0.09635942478186756,0.099142408302785,0.10740062902214602,0.13598293592435784,0.17125276219093907,0.18143366172559858,0.1743418015843303,0.16761146294224022,0.1619164180338844,0.15610273415907613,0.14976034091740067,0.1431392398761131,0.13616484995925524,0.13031753999508003,0.12554205778204547,0.12077829832880788,0.11615515235702745,0.1115313594281098
14-01-2026 13:45,25656.25,0.09877749999999999,0.09887035761855258,0.09827940273710524,0.09657114295935465,0.09519741443160427,0.09416191034080208,0.0934281875,0.09345590624999998,0.09401440625,0.09568329943410604,0.09897660953534496,0.10210773378332673,0.10669364429532459,0.13112209071151887,0.168073088848282,0.18103093749999988,0.1742089603073914,0.16673129333403444,0.16058108074589475,0.1548913399832209,0.14849643452793843,0.1414491256471975,0.13381523576519597,0.1281055324891244,0.12404958496557433,0.11975975485841743,0.1151895625,0.110267625
14-01-2026 13:50,25665.25,0.0913980769223156,0.09404622420849418,0.09582325370583057,0.09498797059968841,0.09390434374354638,0.09272626562177315,0.0918815,0.0922672187499999,0.093143875,0.09477274383164672,0.09793180486935028,0.10146060228623971,0.10408070279101579,0.12613914541518342,0.16548078024540783,0.18109807762270386,0.17490252891881988,0.1680271840380156,0.1616523125695714,0.1555650154090761,0.14916077841740075,0.14243933345213083,0.13552259961129065,0.12986816482109778,0.1251960516823288,0.12058506737937454,0.11609174390028332,0.111292375
14-01-2026 13:55,25642.0,0.0898299003019609,0.09410338883409951,0.09556685876721864,0.0949176678494114,0.09412069568160426,0.09318053534080208,0.0926256875,0.0929579999999999,0.0938042187499999,0.09511239745690271,0.0974296611813381,0.10063656749196787,0.10406008501753246,0.12605868273547088,0.16434513618019847,0.18010222415398397,0.1749869582092565,0.1687543749999999,0.1620837187499999,0.15518862970199143,0.1481485146857206,0.14181008067034806,0.13599888609150007,0.1305799091548811,0.12531914112167894,0.12025706349335788,0.11571057862167894,0.11095337499999999
14-01-2026 14:00,25653.3,0.09477311882577326,0.09675568595644328,0.0964840625,0.09546624999999989,0.0944218180000376,0.0934685110000753,0.09334692887031507,0.09374597174055484,0.09448348587027736,0.0957512095638369,0.09782098162767389,0.10071795956383689,0.1042792187499999,0.1262078997042998,0.1639509126211667,0.17950558991373222,0.17461394703116376,0.16867074503429832,0.16183279560741856,0.15417712299029196,0.1466613609653274,0.14088847271547092,0.13559079898081716,0.12989279470150866,0.1247024723359176,0.11996056263249251,0.11541352515028332,0.110632
14-01-2026 14:05,25642.2,0.10409379657606428,0.10295541789401602,0.1010809375,0.09931868749999989,0.09694442607506987,0.09474582090013983,0.09475902641989373,0.09540629443964763,0.09592944409482376,0.09705003125,0.0989621249999999,0.1016694374999999,0.1050308124999999,0.12730083022738853,0.16563908741403377,0.18053184257698224,0.17446999382141776,0.1682208638320432,0.16119000997358734,0.15394531469627826,0.1475533951073827,0.14180364026546696,0.1353010988167308,0.12850987479300685,0.12336134398103467,0.11909703147302074,0.11451759374999988,0.10961575
14-01-2026 14:10,25650.55,0.10625954190345765,0.10383855498012964,0.10145028787713269,0.1000047187499999,0.09750366926275057,0.09488180727550125,0.09498731598709842,0.09593182006580424,0.0963345124585649,0.09707862036710842,0.09881318749999998,0.1014986874999999,0.107320039759482,0.13253926701896399,0.169233539759482,0.18179787003429831,0.17534811506859665,0.16849926651274208,0.161325807314306,0.15490989394328084,0.14898876435741853,0.14251789744821192,0.13548424866820638,0.12891475262343516,0.12353397403509889,0.11886144763165807,0.1141862187499999,0.10924687500000001
14-01-2026 14:15,25666.25,0.098957125,0.09720860989100756,0.09564960182050372,0.09514168749999999,0.09398098628551296,0.09258791007102603,0.09283195205503698,0.0939606663637091,0.094672685418846,0.09539945357466095,0.09729503125,0.10020996874999989,0.10921800729727599,0.1378644520945521,0.172230194797276,0.18228971874999989,0.1760296874999999,0.1692798304009626,0.16241541080192526,0.15588659659161336,0.1494568448813017,0.14275485199722454,0.13600410911314736,0.13030799626954773,0.12510766166849493,0.12001068569806762,0.11559738044744643,0.11140128381959893
14-01-2026 14:20,25637.25,0.09952149999999998,0.09791648200426536,0.09650694412713258,0.09546239677991003,0.09443251230982015,0.09377236552991003,0.0937197546040703,0.09427362957524929,0.09515684329983358,0.09631266004020074,0.09839059796154608,0.1013202812499999,0.10734047725948198,0.13231246147700632,0.16851130367556655,0.1813007257080422,0.1752522812499999,0.16865884374999998,0.16197403124999998,0.155126032500386,0.14839665875077218,0.14220124244859791,0.13598382614642374,0.1303059286982118,0.12494373512826126,0.11969428275652252,0.11561030316014485,0.1122061471275345
14-01-2026 14:25,25618.75,0.1078081249999999,0.10570232323159806,0.10347367771319614,0.10095407696876771,0.09878319497433939,0.09778753498716963,0.09729156249999989,0.09731589270778673,0.09820385063384028,0.09937499189432014,0.10112494021826661,0.10621219197050268,0.11431868352266768,0.13566190355423655,0.16769410866652315,0.17986518715849417,0.17422905299404243,0.1677856875,0.16073576983797278,0.15378580586659643,0.14724587577698842,0.14108710080607872,0.13512863605771389,0.12944671875,0.12392771574254675,0.11877248447399821,0.11458925406162865,0.11098222936508965
14-01-2026 14:30,25626.9,0.11343375,0.11107889543300625,0.10783323914101522,0.10420456376292168,0.10159617933482275,0.10006036552991002,0.09897400764972634,0.09886672220613961,0.0997927707820127,0.10072281179451245,0.10210119306891283,0.11007070312212032,0.12390251749054691,0.1450151825727749,0.1709635087544845,0.17960927509414906,0.17383763549593204,0.16780718845191908,0.16046042940700955,0.15317498381401912,0.14690110187669295,0.14070034493936684,0.1347579849696834,0.12920415624999998,0.12365956249999999,0.11859561548863143,0.11439394266029744,0.11065634673213737
14-01-2026 14:35,25635.8,0.11817649999999999,0.11310125179413094,0.10848990240668886,0.10460498693098473,0.1022963675684268,0.10068800117304823,0.09919309162443933,0.09859057243752066,0.09900263126034421,0.0998758433406424,0.10147181906642781,0.1067121010404065,0.11492565791247532,0.1365266689537311,0.1692860400757047,0.18108543868443236,0.17454221838673734,0.16840814519634745,0.16091835345952704,0.15276559519056276,0.14655796932654652,0.14115222316951329,0.13504513305060803,0.1287976872732117,0.1233386808666064,0.11846353043267618,0.11371662886172446,0.10932919554549071
14-01-2026 14:40,25660.55,0.115011375,0.10886354415090993,0.10495805975662648,0.102480799560523,0.10045506520480653,0.09896002718250567,0.0977704057647379,0.09692751123195867,0.09723749147082959,0.09861304340952921,0.10041535246582596,0.10273579697743325,0.10580619733998983,0.1285296619899565,0.16828246874999997,0.1837509697019191,0.17701709565383816,0.17036518845191906,0.16250907696763203,0.15367404182491468,0.14683685278739095,0.14170570047056635,0.13587760492295473,0.12901853226930465,0.12345003114111898,0.1190280486989631,0.11423340832329897,0.1100138237359795
14-01-2026 14:45,25696.2,0.10541730366125203,0.10275443859659406,0.10103199206265508,0.0997822398314669,0.0977369462814963,0.09603943189932472,0.09531179380443927,0.09484585398651783,0.09561822081507011,0.09765886405001206,0.099489139438229,0.10118663248670226,0.1037813237834152,0.1274635625,0.16908753125,0.1854836249999999,0.179004125,0.17228221875,0.165097623049921,0.15747815493422482,0.15003648020880497,0.14346599605962174,0.13758575595672828,0.13130022355065024,0.12533112477438885,0.12050812491202695,0.11610238614191416,0.11211272220584942
14-01-2026 14:50,25697.1,0.10012750019855712,0.10133428686113093,0.09995977385574693,0.09785169156385624,0.09566779669745604,0.09366728064411142,0.09305033758173448,0.09317348593115812,0.09386614007110314,0.09542379340952922,0.09734226622133749,0.09976545554131909,0.10286574195122687,0.1267499305428192,0.1689565625,0.18579112499999997,0.17886371612249263,0.17146696957659857,0.16498900953571904,0.15875630647059816,0.1518027551113692,0.1446418123003524,0.13796706082253696,0.13221802093550455,0.12649695653461873,0.1211417724964303,0.11667154250194565,0.1121356353967935
14-01-2026 14:55,25696.05,0.10061505366125204,0.10230424784038844,0.10029420398037765,0.09731552172748524,0.09536776359592074,0.09329534793330316,0.09211838560787862,0.09239208738823756,0.09305428124999991,0.09418490625,0.09620287839535044,0.09934564930640648,0.10305660092676164,0.1265963925157056,0.1682117812499999,0.18498303124999999,0.17753388399445746,0.16930707090616534,0.1628971029113966,0.15747086214500147,0.1514799354581868,0.1445806063389906,0.13735099575343473,0.1312899939365731,0.12583707531021737,0.12079369169387195,0.1162110074449382,0.11141335340811508
14-01-2026 15:00,25666.15,0.09750562499999998,0.10015902718039127,0.09934816891374224,0.09742082307314803,0.09590418904823399,0.09396265530377777,0.0926335590593216,0.09301927952966074,0.09390965624999999,0.09501781249999999,0.09722541986032232,0.10033039526346375,0.10372068719596061,0.1269855867928192,0.1674268545632202,0.1832556778764405,0.17695632068571288,0.17003800082659856,0.16314261806005692,0.1566610747635268,0.15049678054081372,0.14434882941517066,0.13763459656125884,0.13110233589453937,0.1254742619830331,0.1206652323678198,0.11589607791520345,0.11079368666081392
14-01-2026 15:05,25690.25,0.08964874999999999,0.09410521874999998,0.09492424215557524,0.09439742181115067,0.09390614840557533,0.09307323136460843,0.09257571272921684,0.09301748136460844,0.0939088125,0.0952256690510349,0.09777265272751925,0.1009158608019336,0.10392181462544925,0.12711071875,0.16720457653448687,0.18261552806897396,0.17696330411684238,0.17085995516471103,0.16414109066479401,0.15711219918308736,0.15011739661709328,0.14424430426467869,0.13848328669943588,0.13212850427321549,0.12614264807512643,0.12133639263541358,0.1169346121323008,0.11202187499999999
14-01-2026 15:10,25672.65,0.0968906249999999,0.0977759375,0.09718399373774039,0.09600195622548098,0.09533364998774038,0.09487837499999989,0.09459716896917864,0.09472558793835735,0.0952702196388952,0.09659364772856296,0.0988692820582986,0.10159369860977444,0.10465579486032234,0.12760537499999988,0.1672699795632203,0.1825857091264405,0.17619383790316398,0.16942046667988753,0.16313332708994374,0.1567086001883782,0.1495597572807478,0.14325440149636098,0.1375948989803252,0.1317744753501778,0.1260735555664403,0.12102786588768238,0.11682577950880811,0.11272321865488792
14-01-2026 15:15,25654.0,0.10953324999999998,0.10675590625,0.1043331263218688,0.1020116901437379,0.10011090757186891,0.0987758437499999,0.09800226495818445,0.09769268616636889,0.09778585409298332,0.09877069107063277,0.10068449397152421,0.10325844806853915,0.10635451408104225,0.12864167679819344,0.16739396874999998,0.18235496874999987,0.1757888213323555,0.16881792391471104,0.1622530088323555,0.15575375831925736,0.14860138442427895,0.14206940014078584,0.13617575224397582,0.13025994170383337,0.12486181091533251,0.12004330330201171,0.11580100928368624,0.11206496360554184
14-01-2026 15:20,25659.6,0.11517950535424681,0.11027937633856164,0.10692718048594227,0.10437992347188464,0.10204555548594227,0.10017359375,0.09900313771917862,0.09837415043835734,0.0982338409115808,0.09912259388480445,0.10124025696111405,0.1069332867851589,0.11530344710325087,0.1371273426758725,0.17051729353115574,0.18287148613417428,0.17621888369208716,0.169333125,0.16302346874999987,0.15663227980514016,0.14912201471955738,0.14209625210903518,0.13639432760629308,0.13065484364965202,0.12495325564962007,0.12030147241164307,0.11607486141614287,0.11178957066457156
14-01-2026 15:25,25670.6,0.12436941973044045,0.11579676118261004,0.1110771562499999,0.10791734374999999,0.10491993749999991,0.10253106249999998,0.10080934375,0.09935529036278148,0.09824279882692337,0.0989122890655021,0.10128303483601564,0.11003211215165765,0.12466852709886941,0.14733014093138733,0.1757620814241339,0.1855421568492274,0.17780914169716244,0.16958332434453657,0.16391300893927443,0.15871661043513408,0.15189233035537755,0.1450535136058142,0.1389295613490383,0.13304270119265785,0.12719262132380738,0.12213097337228238,0.1175522863997931,0.11325471891614275
16-01-2026 09:15,25709.45,0.13735397899168034,0.1268747142211317,0.12098281394642336,0.11567293822321158,0.11116131675867591,0.10821813351735192,0.10517334800867591,0.10213064182310773,0.09972322508443163,0.09972374344953988,0.10185709768821598,0.10680780323330749,0.11477942255568367,0.13896518541144476,0.17624951228115585,0.1903792673841743,0.1812452314851083,0.17071627262953915,0.16487836913525672,0.16088872885815428,0.15525817061358904,0.14892950383355416,0.1421058293087613,0.13563230742299834,0.12962859803723548,0.12379302612565928,0.11826347971650394,0.11422647700968362
16-01-2026 09:20,25731.8,0.1380919877774845,0.12596966144500268,0.12067797856280706,0.11453975331907701,0.10946833357839672,0.10748194982454504,0.10426459494023108,0.1010976730840926,0.09935060687833076,0.09909828825438342,0.10030456046514727,0.10208019326000389,0.10733339344110426,0.13525034362220462,0.17728587493610234,0.19231371874999997,0.18345081367367005,0.17359810639677928,0.16737485309039568,0.16225731085751788,0.15594148216261494,0.1490231909037926,0.1415632717788753,0.13558511623801758,0.1304060978150449,0.12426938989667603,0.11824969154436468,0.114087625
16-01-2026 09:25,25713.95,0.1330899736374334,0.1204954924760841,0.11591040680438025,0.11126887290621557,0.10620546617524014,0.1041465655462681,0.10208728528692536,0.09982615582755519,0.09840351127283027,0.09791190348936842,0.0984848731426359,0.09994755878527181,0.10837671181717785,0.13937704192016884,0.1783196928167116,0.1904229583210848,0.18281151878265003,0.17459078756530017,0.16731350936001413,0.16027826650225627,0.15367746752242045,0.14673228322613452,0.1390303573637608,0.13335493984170266,0.12861465721511833,0.12284167328676585,0.11737416087855379,0.11266155452293047
16-01-2026 09:30,25717.25,0.12516225,0.11768001487563723,0.1123711117375763,0.10843599979359815,0.10453087029105776,0.1015354084003516,0.09975625279928818,0.09823471502907416,0.09679689434468679,0.09621263913676645,0.09708664570671485,0.09904045839337373,0.10425147960270514,0.13142455991717814,0.1728579423161615,0.1882053930650296,0.18103752238130444,0.17287853142054566,0.1650706771708245,0.15762367139843522,0.1514727313100569,0.1456093931088424,0.13885371469733224,0.1326692871872434,0.12686134267977378,0.12132645100895934,0.11671750623933227,0.1121302664183926
16-01-2026 09:35,25703.5,0.127090375,0.12315240624999998,0.11623482806119982,0.11051240612239976,0.10669768604535594,0.10329437221831203,0.10051966929165665,0.09836466100425269,0.09701338808600359,0.09660135088925142,0.09772216276168118,0.10004389529481753,0.10503767272510897,0.13187470643357527,0.17292781831268733,0.1876782708210847,0.17995151000077841,0.1709553177582626,0.16344147367315767,0.15762343336799603,0.1518048229956772,0.14541005554335465,0.1387845,0.13213009608203288,0.12564536277263602,0.1203730622991732,0.11585427057824166,0.11097839987868623
16-01-2026 09:40,25700.0,0.1382524999999999,0.1325286543340433,0.12459171491808663,0.11788081058404322,0.11314518749999998,0.1089443124999999,0.10482539609542642,0.10145554164847138,0.09976093689578153,0.09905430197785478,0.09936360658683108,0.10084060888336983,0.108820676367482,0.1391899723917064,0.17697498606286535,0.18795126046396815,0.18060529323828858,0.17207361743578367,0.16401299251330456,0.1583307534944761,0.15242149150586293,0.1449630834404244,0.13786160422021226,0.1309318176606617,0.12391855758675324,0.11836959969152126,0.11370790775209251,0.10842081694665136
16-01-2026 09:45,25718.5,0.13859875,0.13176785596209575,0.12433150303843493,0.11783134620480121,0.11291890065532685,0.1089511800318996,0.10509417676083126,0.10230722208299126,0.10075551349229661,0.09935055636743197,0.09892912305334679,0.09991030635101637,0.10464215167051764,0.13249458459103539,0.17425810830713098,0.18877756952322666,0.18240783163661337,0.17506327213297443,0.16708404684755285,0.16081862104618228,0.15401387441049402,0.14581058740778044,0.13858084057889014,0.1313233544704825,0.12325282253781042,0.11709605041417334,0.11296039484684532,0.10799212500000001
16-01-2026 09:50,25745.0,0.13083325,0.12473544367648279,0.11820376937806103,0.11183691347859352,0.10707899806681855,0.10422341288501664,0.10123865233907817,0.09955664176215738,0.09881059218972683,0.09699253213431629,0.09631293575276995,0.10041309929387555,0.10829810115417339,0.13415978728708353,0.17483481028500014,0.1904790015271827,0.18431434848713052,0.1771099706664836,0.16929064757899148,0.16331724566449562,0.1564636493563652,0.14802198621273036,0.14068099310636512,0.13364596467117068,0.12528415793662642,0.11782421667119075,0.11344853696718464,0.10934187499999999
16-01-2026 09:55,25750.1,0.1304035,0.1240974042354617,0.11720188781023844,0.11202517872734154,0.10783234884112915,0.1044476257548143,0.10075275993160826,0.09828938199089288,0.09754227327882671,0.09604803745406634,0.09549576895203293,0.10613130923454107,0.12646032107669117,0.15205181035666113,0.18138539862799583,0.1916740101922652,0.18486594659487968,0.17777200774793833,0.17045520476164563,0.16438028988082284,0.15730738760360127,0.14878061895720257,0.14150329385360128,0.1347411875,0.1266292418183715,0.11851900868047428,0.11339376065583386,0.1097041249999999
16-01-2026 10:00,25740.5,0.14108724999999997,0.13211837701165052,0.1232782556905953,0.11791730917199134,0.11339872378713037,0.10873550412604398,0.10431707780772545,0.10060046943103038,0.0989120397529502,0.09800916169162328,0.0978591249999999,0.1113670509799556,0.13713009677345916,0.16198605141593703,0.18518286018131927,0.1919522193240932,0.18419504574387394,0.17778270757791537,0.1716984557350392,0.16492415982433814,0.15713963151324906,0.149069133460854,0.14169757638615293,0.13449234375000002,0.1270591275918344,0.11995348749511867,0.11427290018642382,0.10947123188675932
16-01-2026 10:05,25754.15,0.1459835,0.13471959103974915,0.12686332487576768,0.12119000996059179,0.11548057497889991,0.11034646003781064,0.10631329710572741,0.10283567795677134,0.10054732440699797,0.09948064532096332,0.09928923346391623,0.1101467454236504,0.13077641156930214,0.1554951181176526,0.18349672735447328,0.19242023733982846,0.1845057570698859,0.1784561224001757,0.1730042960376459,0.1658509589562641,0.1576333241625283,0.15010402145626411,0.14281746874999987,0.13513096948465858,0.12786628271931713,0.12152859448465847,0.11583763966110379,0.11046768364441535
16-01-2026 10:10,25768.1,0.153243125,0.13858923653586983,0.13221850889293485,0.12711287678314998,0.12072439290628166,0.1152156867131135,0.11065667058998171,0.10700190625,0.10439719042023622,0.10270816209047245,0.10185731542023613,0.10604286220033711,0.11433819947367291,0.13918772128174892,0.17916596747350372,0.19487492047764926,0.1883101907089008,0.18198579490980085,0.17555378496345875,0.1679816903605466,0.15939686047122634,0.1518079623608127,0.14493047975013298,0.13724024833450843,0.129709527919017,0.12347074833450844,0.11756283922168975,0.11136823188675932
16-01-2026 10:15,25809.45,0.1627969999999999,0.1466530291292282,0.13986490518961403,0.13450174038999632,0.1277264250217506,0.12178384762351217,0.11648472801199351,0.11224875504047126,0.10906007973415197,0.10657202942783277,0.10517257721391633,0.10568113378771293,0.10749542382542596,0.132489838428524,0.1790129971640943,0.19897578665575558,0.19317205663247222,0.18635662499999997,0.17906801550165685,0.1707951688308896,0.16166721249980398,0.1541139180135666,0.1480862338429954,0.14089777046726717,0.1333339471845344,0.12704386421726716,0.1207996874999999,0.1138528749999999
16-01-2026 10:20,25841.8,0.16212537499999996,0.14858937575349948,0.13944006706801998,0.13276403404418002,0.12641021062651744,0.12078360875303495,0.11590649580282787,0.1116644424883187,0.10807790444770636,0.10546874713569801,0.1041847187499999,0.10440255946228334,0.10577371267456678,0.13194133942621736,0.18123718492786786,0.20235859118162675,0.19605696618538554,0.18888674565695718,0.18097746974619602,0.17322250209659765,0.16565873952890456,0.15794186148646325,0.15124842692720913,0.14425404956259305,0.13679579776521697,0.13054921138260844,0.12430728124999998,0.11715724999999999
16-01-2026 10:25,25852.75,0.158546375,0.14593325124239806,0.1349802227318684,0.12810534798654233,0.12248828948882998,0.11699132598351576,0.11249160301199353,0.10832192469569843,0.10473318558069,0.10254741965522708,0.1015478124999999,0.10157661916150912,0.10276073832301826,0.13064511885298202,0.18268806188294578,0.20404700014637273,0.19697459465979975,0.1894827988454161,0.18119682434287135,0.17425091960985317,0.16811377750375284,0.16054004323155358,0.15296591352000144,0.14597581724909328,0.13890271997878106,0.1324517818643905,0.12606278124999998,0.11891275000000001
16-01-2026 10:30,25857.6,0.14950404531123465,0.14107342037198867,0.1325290631739933,0.12548337552418032,0.11909313520310111,0.11401210130873403,0.11010637499999999,0.10635224713569802,0.10324568177139602,0.101068372135698,0.09991981598310862,0.09980312576871768,0.10088964733810939,0.12973630630250022,0.18314793749999989,0.20477286071048073,0.1975356589209616,0.19012681389467492,0.18238469500870885,0.17551409170260732,0.16874056736586487,0.16153180566775674,0.1543532701099691,0.14700468572129197,0.13957107983706826,0.13291308580021424,0.12699069461186774,0.12088648942965748
16-01-2026 10:35,25863.75,0.13469972516167675,0.13240405629041913,0.12692506399707207,0.11987991772924048,0.1134473309672647,0.1098636647350963,0.10713928125,0.1039259375,0.10131396874999998,0.09946875219962333,0.09856874071717112,0.09836653350415726,0.09938797865529443,0.1286284521929022,0.18279219329843457,0.2050481920740644,0.19802147209969417,0.19081876494505745,0.18352312029042075,0.17708597624086925,0.17026620719131763,0.16277375984565878,0.15529627036772098,0.147790865367224,0.1402376898366776,0.13315267754256746,0.12778996502178233,0.12312415426555864
16-01-2026 10:40,25871.4,0.12583980785063734,0.12421238946265929,0.1199591249999999,0.11468257005873395,0.10991460886746808,0.10668397630873404,0.1039652499999999,0.101105375,0.09879696874999999,0.09755925650706211,0.09723661024723286,0.0970745072757798,0.0980617723381094,0.12723631656821285,0.18165252053142514,0.20485022635090575,0.19838086967038635,0.19123558032791704,0.18401919723544768,0.1775511265913537,0.17067139969725972,0.16294044083381676,0.1549662276516518,0.14760041984774305,0.14051687238704186,0.13331203466152752,0.12771499906317813,0.12244736442965737
16-01-2026 10:45,25855.55,0.13224154087657417,0.129302411882978,0.12468720957766896,0.1192161516638345,0.11393946875,0.10941021875000001,0.1056517499999999,0.1024478125,0.09989090625,0.09828075219962333,0.09778143808942896,0.09806243756035936,0.0992086946509251,0.12770781464605488,0.181274587081367,0.20408648169889496,0.197546345066423,0.19019448919972656,0.18236803411685393,0.1751959968870957,0.16849000183968982,0.16126658951853726,0.15362656709892944,0.14695118910104632,0.14026694354133026,0.1330430025972185,0.12694501692360916,0.12066025
16-01-2026 10:50,25847.05,0.14191426253940256,0.13525695582419736,0.1278600928786935,0.12091576518934673,0.11501378124999999,0.10994059941718394,0.1056648639801297,0.10241417970870767,0.10002774003468529,0.09823921227784682,0.0977320253488001,0.09856849691583752,0.10275252686012959,0.13357106003556882,0.18336526067272974,0.20297798970174916,0.19688260025282459,0.18893186939131318,0.1796945859489003,0.1725419217833834,0.1669825531656982,0.16032115090636512,0.15292330399811613,0.14649654262405806,0.13985378247888505,0.13266262745777024,0.12631303247888506,0.11978499999999999
16-01-2026 10:55,25842.9,0.14521062499999998,0.13452126698368244,0.1252366687812687,0.11811411727628497,0.1126983125,0.10793996976430131,0.10365730129818154,0.1006699931024596,0.09860719494543825,0.09697945445471717,0.09657532351804061,0.09736327911073601,0.1051926282766911,0.13956017482092387,0.18539570053310175,0.20171140879761001,0.1964205689792947,0.1892953610876012,0.18114981045902626,0.17407345163401333,0.16750344749135265,0.16046070891658717,0.15323024612564537,0.14642970118782264,0.13889719473116574,0.13099106511598788,0.12491532728847843,0.11935012499999999
16-01-2026 11:00,25831.1,0.1500615,0.1370623250093279,0.12779699408096967,0.1204753460508704,0.1143133125,0.10945438066718394,0.10527358273012968,0.1019659986722878,0.09921482722077946,0.09719627350929477,0.09679839914785718,0.0974839062499999,0.10186513440808459,0.13324590919572613,0.18283480723521273,0.20211142451558545,0.19614901706801424,0.1894130312499999,0.1819045449181201,0.1739337929703685,0.1664349199363766,0.15985201563412824,0.15307196874999993,0.1460501249999999,0.13805331445834235,0.12965116029581986,0.12383956968848739,0.11981951988749902
16-01-2026 11:05,25828.0,0.150441875,0.13744199345739733,0.12899677797869866,0.1220341562499999,0.11547446874999999,0.11054789812349207,0.10659157749698404,0.1031577173585664,0.10005957069276677,0.09776552743031049,0.09731293222261803,0.0980387499999999,0.09952540624999989,0.1281181875,0.180625875,0.20210643429410316,0.1952956498382063,0.18858021554410312,0.18082220620058123,0.17238114033925123,0.16546838082675827,0.15944982168808844,0.1526753125,0.14565715624999992,0.13842662641379624,0.13110005348124915,0.12523253969841125,0.12095274790920846
16-01-2026 11:10,25825.7,0.1395295,0.12789787499999988,0.12097893750000001,0.11599925,0.11104784374999989,0.10709949991640137,0.10382481233280284,0.10087255110403828,0.09842665626420753,0.09667004248217198,0.0962271959222689,0.09698460226666744,0.09872356249999989,0.1274358125,0.17966648732952062,0.2005242734933746,0.19349114749818738,0.1871962363343333,0.18034845116812015,0.17307314155625042,0.16621421085814048,0.15910829104908666,0.1518365099081531,0.14522023932907652,0.13883621874999988,0.1323737187499999,0.12627303622187475,0.12055589488749902
16-01-2026 11:15,25823.0,0.13495912499999999,0.1230921874999999,0.11725209374999991,0.1132677499999999,0.10880596875,0.10506174789758713,0.10187116815652802,0.09921804310682235,0.09720941708440933,0.09592610054793857,0.09569711262282156,0.09642721256141068,0.09824453124999989,0.12671728515550346,0.1781580143420526,0.19850392301174433,0.1913888948810235,0.1851849335675073,0.17909192001167884,0.17262665624999998,0.16555843749999996,0.1577400619379587,0.1502413738759174,0.14405149943795859,0.13793395417379337,0.13150150209758676,0.12554523542379334,0.11953749999999991
16-01-2026 11:20,25813.0,0.1376113749999999,0.12598181249999998,0.12002999999999989,0.1154914999999999,0.1104839687499999,0.10637664781447152,0.10296718321719861,0.10014759458935457,0.09801369953499968,0.09676911036255821,0.09657418015576848,0.09714741901897875,0.09879467762739627,0.12662529152795504,0.17733491413543082,0.1974861297265724,0.18984191259238395,0.18324052302044125,0.17739053691059667,0.17123885686344267,0.16432815624999997,0.15678008307907648,0.1495526661581531,0.14297292244776166,0.13625215145049271,0.12963566867795415,0.12390702172917122,0.1184827499999999
16-01-2026 11:25,25811.55,0.143200875,0.12794240625,0.1204823437499999,0.1158327282805668,0.1109660503111338,0.1069631970305668,0.10364620361135367,0.10084652577316132,0.09866169071226176,0.09726237643028376,0.0968754380149568,0.09743397739042428,0.10233172498829475,0.1336392031214985,0.18146274804400445,0.19864297565554973,0.19128926976177152,0.18399262530048807,0.17680185828837083,0.1703499984721322,0.16389390497252404,0.15672053125,0.14966846874999998,0.142673702486041,0.1356992653958754,0.12926463869347138,0.12330616614348057,0.118028
16-01-2026 11:30,25823.8,0.143928375,0.12378642036136009,0.11552591179557212,0.11175992594209014,0.10783204391450375,0.10456649146230579,0.10168349999999998,0.09934174999999999,0.09751499999999999,0.09623530679063289,0.09590557245866216,0.09669150579542565,0.10568005570823287,0.14124734991167306,0.18558337808083658,0.1992019062499999,0.19235493749999988,0.18510401311344266,0.17718226353457028,0.16997217522881253,0.16339897570534226,0.1563695705453147,0.14953645714765734,0.14282218248266393,0.13612820871532794,0.13004656636568837,0.12406439276604889,0.11820275
16-01-2026 11:35,25810.0,0.134931375,0.12078930421984874,0.11404328566699243,0.10984883914470311,0.10620018386820192,0.10349213453056691,0.1008877812499999,0.09870240625,0.09707001081381642,0.09591155670429521,0.095595080967141,0.09645956632666221,0.1016485214829975,0.1328947929659949,0.1805746464829975,0.1982811249999999,0.19175274999999992,0.18471187499999991,0.17724181122252403,0.16961526575949123,0.16171645140428412,0.15450135042019095,0.14853491605287394,0.14224511372563714,0.13563491495127444,0.12980476997563717,0.12403440624999999,0.117879375
16-01-2026 11:40,25806.75,0.13585287499999998,0.1253223677177358,0.11790961621710634,0.11220306375372546,0.10762890194867486,0.10432643749999998,0.10157334374999999,0.0992891562499999,0.09763123607527847,0.09646159144118996,0.09607200590654438,0.09684965054063288,0.09880578125,0.1265198437499999,0.17697453125,0.19797590624999997,0.1915230937499999,0.18428381249999998,0.17676381237716482,0.16860995964678271,0.1600463182272512,0.153252413272814,0.14782714856518045,0.14171628061397865,0.13521677997795753,0.12899984378329174,0.12294359508862616,0.11716674999999999
16-01-2026 11:45,25794.7,0.14125574999999999,0.13038923395883045,0.12144237997479077,0.1145789955730899,0.10985866205712966,0.1062986874999999,0.10315271875,0.10063578125,0.09872635456381641,0.09735280287763291,0.0968943858138164,0.09762903124999989,0.0995720624999999,0.1270649375,0.1768911543355739,0.19751065242114785,0.19114059183557383,0.1839496875,0.17604989501070867,0.16806408958586033,0.16072223847133132,0.15404653822791622,0.14758243183173664,0.1411181875,0.13465806249999998,0.128020596874271,0.12158244374854207,0.11612487499999999
16-01-2026 11:50,25794.65,0.13725625,0.12761185360637564,0.11886075738025542,0.11183779769138363,0.10815501891750386,0.10550146874999991,0.1024911562499999,0.10010749999999999,0.0982711875,0.09714211642130306,0.09704123284260624,0.09778692892130307,0.0996904687499999,0.1271883749999999,0.17663307964968974,0.19662486580627705,0.19015624266348488,0.18350586275689748,0.17600981808416388,0.16854372991832797,0.16153307532425795,0.15428063948018808,0.147403007240094,0.14079723737017844,0.13415775599035695,0.12799154383171502,0.12226036688802636,0.11701251585981302
16-01-2026 11:55,25797.25,0.1266885029664777,0.12371781324161937,0.11807822581982313,0.11197151413964644,0.10797369456982311,0.1049774062499999,0.1021199374999999,0.09986296874999999,0.0981155624999999,0.09730811632057826,0.09762104514115652,0.09824539757057825,0.09992134374999989,0.1272239374999999,0.1761063189040997,0.19515588141834847,0.18826083737439778,0.18226288553362183,0.17567983702392148,0.16858694376619437,0.16091982200103933,0.15322470118181736,0.1468419403465237,0.1401283435994096,0.13297370405774586,0.12747344966059884,0.1229591686654953,0.11831115347958672
16-01-2026 12:00,25774.5,0.1306867805796686,0.13439975764491705,0.13117859375000002,0.12436581249999999,0.1182199062499999,0.11313221874999989,0.10882027088057057,0.10541972926114125,0.10283748963057047,0.10114741417169847,0.10069535959339704,0.10105910167169847,0.10250890624999989,0.12856635345150053,0.175320157857111,0.19341006374745304,0.1869060052295757,0.18078691510764125,0.17391068218981667,0.1670005569450839,0.15946578858093724,0.15202219523634758,0.14574679438058594,0.13884116641251104,0.1314226645000179,0.12552359726339396,0.12057005814173193,0.11556339085981303
16-01-2026 12:05,25790.15,0.1426109487274438,0.14327388246857697,0.14039002576835807,0.13340959375,0.12578834374999992,0.11954028935760513,0.11421447191173491,0.10981283775926876,0.10638438331033082,0.10377436238051932,0.1026363962040778,0.1028943869287503,0.10416734374999989,0.1294452977612119,0.17580463509094962,0.1947827972431653,0.18851172400832927,0.18125735787981695,0.1736548125698305,0.16690960177368513,0.1596586309723115,0.15209189422831335,0.1456670212447717,0.1391086545744733,0.13208248225787325,0.12555521220096122,0.1196866749839259,0.1149028162309197
16-01-2026 12:10,25810.95,0.14640395165377026,0.14044752453407822,0.13635359643531783,0.1298756875,0.1223017499999999,0.11709019215956086,0.11289515519969238,0.10866936167943107,0.10517680671677825,0.1023232196462285,0.10108559281874972,0.10152959374999998,0.1028580937499999,0.1290605097015006,0.17734648815300125,0.1970213606187561,0.1899816705845109,0.1825311669379079,0.17511366329130493,0.16810962852065245,0.16095647464049184,0.15334086455367743,0.146370742685879,0.13958755592787425,0.1324591044240058,0.12618988893299166,0.12107982203967076,0.11713380429992787
16-01-2026 12:15,25821.3,0.143400875,0.13365169816176514,0.1258334440184562,0.11946890076702421,0.11245391906708661,0.10900995399663976,0.10803413610992031,0.10522839458930483,0.10242559244840296,0.09994829224406743,0.0986258098465773,0.09918003125,0.1007904062499999,0.12809321875000002,0.17789733389599133,0.19753786620117905,0.189961543214384,0.18299201090919628,0.17573095799660535,0.1682517909932107,0.1610054888683782,0.15331328070160516,0.14625425003789155,0.13946580118257743,0.13209955717936733,0.12615152001980579,0.12151408895731144,0.1172298162309197
16-01-2026 12:20,25815.75,0.1268425,0.11647690964484529,0.10750850678969066,0.1040365141955272,0.09939841320092835,0.0975470455399288,0.09968573842980016,0.09918941196401466,0.09755200834779369,0.09624747292389683,0.09581290625,0.09719404035641849,0.09963233071283699,0.1268535330652245,0.17647682218769828,0.1967931734162338,0.19004503860459715,0.18305950716725547,0.1754444268872329,0.16789060377446588,0.16012874458380774,0.15224070691584315,0.14580429851455373,0.139376491053549,0.13310555983773442,0.128116069673414,0.12297625060207318,0.11781120603194341
16-01-2026 12:25,25811.0,0.10903237499999999,0.103833990375049,0.09937848075009811,0.0981724632670242,0.09621666906708663,0.09500263820824777,0.09565519203313623,0.09532462499999989,0.0944944999999999,0.09397171874999999,0.0943814999999999,0.09680949216945141,0.10015910933890292,0.12629665755390893,0.1742577896649064,0.19475798942644018,0.18844420889599134,0.18111312499999999,0.17356727049660534,0.16634010233054505,0.15835714305706164,0.1505092401796465,0.14398907507720135,0.1370544877521631,0.13161117594215027,0.12776033657389624,0.1228844004334209,0.11799242254429607
16-01-2026 12:30,25738.6,0.128151125,0.12252246874999999,0.11813565625,0.11412367674582943,0.10994992086161105,0.1066046036476712,0.10451626334269122,0.1028942729440551,0.10064918911764295,0.09881076913655197,0.098732585804325,0.100113114508581,0.10246879946283699,0.12730310152445218,0.17254449020583346,0.19151960940756588,0.18518499286976609,0.1777501874999999,0.1701905624999999,0.1629630105877916,0.1555515979319232,0.1483769431647321,0.14170791015745277,0.13478608896141378,0.12884713772653097,0.12421182026025952,0.11933436082456576,0.1142229560319434
16-01-2026 12:35,25771.0,0.13353840276679793,0.12659422569169948,0.12201043749999989,0.11730423280657035,0.112281749404614,0.10857118141853647,0.10766586675992315,0.10733794564428059,0.10344132274929022,0.09994200940711487,0.09978051697535012,0.10041330536267501,0.1020540312499999,0.12682715815675494,0.17161151601246669,0.19046446380466828,0.18461898094895662,0.1773105312499999,0.1696447499999999,0.16242328008733425,0.15547787267466862,0.14871683415807108,0.14210926439147364,0.13536925608301797,0.1290272477745623,0.12390248326228105,0.11902343749999988,0.113572
16-01-2026 12:40,25768.5,0.1258475811160798,0.12108914527901987,0.11660537499999989,0.11182292674582944,0.10738933208368368,0.10435342609181647,0.10479062556095382,0.10544565573761608,0.10106994546619519,0.09755118743773308,0.09804734167357049,0.09930489839065348,0.10132747461924539,0.12673119365024918,0.17268388017026468,0.1914509637890326,0.18461724916826827,0.17730062814925104,0.1701122187499999,0.16305765624999988,0.1562250625,0.1495059374999999,0.14287162499999997,0.13621517580656173,0.13001072661312346,0.12490530080656162,0.12003349999999999,0.11469487499999999
16-01-2026 12:45,25759.4,0.13524552776679793,0.12706281944169945,0.1203021874999998,0.11440046874999998,0.10941831362247632,0.10598647099495259,0.10512392454664674,0.1038997465105666,0.0997050977486218,0.09768450916870369,0.09883702146076201,0.10050971440208972,0.10263614619780573,0.1280463085071078,0.17390086701421564,0.19141967402124183,0.18344101227826812,0.176353428014134,0.16954351640989634,0.16240097031979295,0.15566648515989642,0.1490791249999999,0.1423429375,0.13549280174432898,0.129122759738658,0.12394498924432888,0.1190381874999999,0.11372612499999989
16-01-2026 12:50,25750.05,0.14268924999999988,0.12973840624999988,0.12246734131001881,0.11719830762003781,0.11172081503209144,0.10779381597822645,0.10544402506437159,0.10242636236323771,0.09913160733590362,0.09841127346625612,0.09941850973999074,0.1010236074238636,0.10334222461924548,0.12875874999999998,0.1739685161336675,0.19106678541658623,0.18353705368216977,0.17650497189925105,0.16924806916924473,0.1618396695884897,0.15514841291924475,0.1486458749999999,0.1415562390852794,0.13457055515013622,0.12838302780493158,0.12291872150057209,0.11789944726049736,0.1127165
16-01-2026 12:55,25759.95,0.132169875,0.12156724120471539,0.11499613984473588,0.11089368107532543,0.10665678243530496,0.10364991333849535,0.10177318008543322,0.09947960537414932,0.09779101134598046,0.0974191259752471,0.09806268776295617,0.09977395325647809,0.10234399999999999,0.12799628352853745,0.17319202541834006,0.1906777940010678,0.18388705211126513,0.1769661249999999,0.16970179765989643,0.16249575156979293,0.15558186015989642,0.14883078125,0.14106545965746425,0.13349847313201912,0.1279375954464292,0.1230298913766579,0.11833802815478366,0.11348725
16-01-2026 13:00,25740.05,0.1245039999999999,0.11739745334884574,0.11212347220928791,0.10858265001993525,0.10527318506001891,0.10256736853408119,0.10063253966840369,0.09912283783056114,0.09827006204223629,0.09785602034599748,0.09839887499999991,0.10015759374999998,0.10276549999999991,0.12787709878676706,0.17230443245720156,0.18995331855410214,0.1831244060628496,0.17576449860836407,0.168715358679182,0.1617904374999999,0.1546775312499999,0.14776684375,0.13989227266623108,0.13203803436234682,0.12675594798649753,0.12237474357710187,0.11760207356294274,0.1129188749999999
16-01-2026 13:05,25723.25,0.13040751800182965,0.12167857319758499,0.11641933365563703,0.11250802245471549,0.1085446874999999,0.10513874999999999,0.10252097840844242,0.1008634719734076,0.09986388372148784,0.09931207765652265,0.0998278437499999,0.1015095625,0.1040955312499999,0.12875147102853746,0.17212450455707493,0.18898597102853745,0.18159252971187612,0.1737869969237522,0.1668575922118761,0.16011506249999988,0.15298453124999997,0.1460483749999999,0.13888045417947803,0.13197880592604688,0.12631596806365938,0.1209850766382144,0.11567379564224765,0.111104625
16-01-2026 13:10,25717.95,0.13062925031983405,0.12309157977890686,0.11743013359947417,0.1129568125,0.10884315624999989,0.10518944809572373,0.10240820869144755,0.10079035434572373,0.09997160111436122,0.09962435775833053,0.10011150592357716,0.10170643677960796,0.1043069999999999,0.128678933592099,0.171602960934198,0.18823637109209898,0.18064986014839923,0.17278512654679848,0.16586720389839923,0.15908334375,0.15196721875000002,0.14465346788693084,0.13733791405851933,0.13118520570624606,0.12587182203465755,0.12041598502622258,0.11511790755244536,0.1101676249999999
16-01-2026 13:15,25715.5,0.1274916430018296,0.12114809825045739,0.11566175,0.11170885674790797,0.10824415099581601,0.10430033411740261,0.10125448598898931,0.09984632111949465,0.09964882453305116,0.09991780372365679,0.10019529009816008,0.10149981090755446,0.1041807499999999,0.128187928861482,0.1706179827229641,0.187381397611482,0.17984444732669053,0.17185176965338125,0.16480994689435577,0.15789315538533025,0.15105137456766513,0.14360753427637357,0.13542002229849803,0.12917491051787522,0.12484201624575077,0.1201503437499999,0.11509557267912048,0.11005091571648211
16-01-2026 13:20,25705.4,0.12890788756153107,0.1215020716826942,0.11619969558492546,0.11248960464923086,0.10983933473215252,0.10590412005672134,0.10218605107005999,0.10094868178502996,0.10097239254203857,0.10118825311368512,0.10134264110125452,0.10494787067385336,0.11229436475680561,0.13581917392297405,0.1723844512159321,0.18580554521893738,0.17844090103263632,0.17080425293843438,0.16298430203280595,0.15529106545860297,0.14901538547643936,0.14285140096835622,0.13524277595595205,0.1285100232511114,0.12387302768209013,0.11932649999999999,0.11443545013279276,0.10966355053117097
16-01-2026 13:25,25670.15,0.13030319953060063,0.12393114876565442,0.11941193070088797,0.11473940051667962,0.11180303225520175,0.10824862332426909,0.10418968940272229,0.10300470407636114,0.10263547930656823,0.10208658361313655,0.10246904180656823,0.10927765814780552,0.12214878492293885,0.14501868915246066,0.17473180088593837,0.18413651413150656,0.17658259398718065,0.1692444195397257,0.16113813384342926,0.1532106179140301,0.1471064264995355,0.14184002875349394,0.13557504615598145,0.12910071731196288,0.12324924800784158,0.11749374092724735,0.11263407397803453,0.10874541571648211
16-01-2026 13:30,25701.15,0.13332670769138813,0.12568937046515846,0.11949255300364611,0.11374550621498085,0.11030009685749027,0.10741417118930621,0.10424081112861246,0.10267060868930622,0.1015417053260855,0.1007223481521711,0.1015242053260855,0.10597381695672121,0.11343075588175737,0.13649418589335086,0.17214914653173402,0.1843101722873629,0.1761371458844683,0.1685523024036042,0.16114299882122515,0.15385194375008437,0.14707299887802128,0.1415174843252921,0.1360992033692095,0.13020903125,0.1236788696123823,0.11681096986361363,0.11214870589008011,0.10939524999999999
16-01-2026 13:35,25687.3,0.13829184358508198,0.12812796872556345,0.11883114432708161,0.11223096832487021,0.109519640412435,0.10732943749999999,0.10467804180850808,0.10293030549413135,0.10129795753355908,0.10040920894115714,0.1015389957156218,0.1037252237736629,0.1091141338818021,0.13497350705981698,0.17264081667371473,0.18475806280315984,0.17701177457300726,0.1694706070397257,0.16235548360088156,0.15499312273700586,0.147365618891953,0.14137576684921072,0.13598078914576955,0.13015492675389354,0.12423549385484475,0.11831233567932287,0.11368670492495171,0.109813
16-01-2026 13:40,25701.3,0.13717032095295575,0.12796692813720256,0.11807495324320243,0.1114299023374413,0.10851770116872064,0.105972125,0.10364225195828104,0.10234861938176397,0.10104496946477046,0.10044403098004791,0.10164824630143529,0.10349563792515072,0.1118176696554594,0.14124812762349137,0.17582596816245635,0.18461250426389733,0.17738080914860974,0.1701206140333223,0.16301393201666114,0.15606057268507648,0.14876770567273895,0.14227191204024836,0.13611829842531034,0.1299765699954489,0.12471715166783677,0.11985195209022463,0.11506150729511222,0.110055
16-01-2026 13:45,25699.7,0.12667620471681332,0.12053090275849636,0.1139948789146465,0.10935621875,0.1060322187499999,0.1031253125,0.10132513393731778,0.10052948538157129,0.09972197520118918,0.09926460437933621,0.1003074299948011,0.10237016812240055,0.10787833507927722,0.13462629515855462,0.17309568270545253,0.18537819525235052,0.17790223188668933,0.17029248727102822,0.1631885717605141,0.15677553124999988,0.1500653494962293,0.14342923024245868,0.1369259248689267,0.13071268199539465,0.12546101287269734,0.1206481249999999,0.1158505937499999,0.1108132499999999
16-01-2026 13:50,25712.85,0.11156574999999999,0.10898571874999989,0.1068991874999999,0.10481325,0.10211746397294066,0.0998465529458814,0.0989974949287306,0.09897775290907784,0.09851475643508875,0.09803434671610362,0.09914049973430275,0.10160565625,0.1048337812499999,0.12916,0.17078462532773211,0.18628596940546416,0.17892399484439328,0.17086534272126433,0.16303284892630324,0.15670005400545792,0.15071546604750852,0.1443613880275013,0.13770646625435717,0.13147491948121298,0.1264462097406065,0.12175477381726663,0.11704501638453337,0.1122804999999999
16-01-2026 13:55,25689.85,0.116651375,0.1129942499999999,0.1093358124999999,0.10617646875,0.10305539733492147,0.10053295091984316,0.09963692696373126,0.09938234267854258,0.09878343963332531,0.09859421974626176,0.09993943691266927,0.1024410312499999,0.10565621875,0.1295860937499999,0.17035188633745943,0.18549283517491896,0.17845694883745944,0.17015376209966135,0.16156963705026134,0.15534817530153855,0.1497652659502917,0.14338436869870644,0.13707260884510378,0.1312400052415011,0.1261974279011673,0.12183554425627025,0.11770736175139783,0.1132963838204313
16-01-2026 14:00,25681.95,0.124256625,0.11772521875,0.11140559610987102,0.10678141096974204,0.10364746633281169,0.10136083460974576,0.10002968355066932,0.09916766783367002,0.0986911598567199,0.0990423174540227,0.10044570001710847,0.1028447812499999,0.10614549999999999,0.12987143749999988,0.17034267625980307,0.18545557126960616,0.17805301900575568,0.16977557042984734,0.1620147596555947,0.15572114775545792,0.14920148217443338,0.1423438577813511,0.13639483514067552,0.1309263124999999,0.12585132989618467,0.12196863996088228,0.11863852043660689,0.114570795813585
16-01-2026 14:05,25682.85,0.12164875,0.11460503124999999,0.10905592409922833,0.10489362944845686,0.10237739284922834,0.10079256834906854,0.09944313669813716,0.09852776239017111,0.09837283081261783,0.09899179825192787,0.1002912239804126,0.1052324462428836,0.11372583758008852,0.13752505518152605,0.17347360134432122,0.1865760937499999,0.17880505534631636,0.17047054819263277,0.16341358659631633,0.1570116875,0.14986885916547327,0.14282118708094663,0.13682054666547327,0.13127728124999988,0.12593225340541678,0.12133597516020694,0.11738719689797095,0.11338615217522999
16-01-2026 14:10,25684.7,0.12380212499999999,0.11638253125,0.11112130796501249,0.10676911593002511,0.1042980892150125,0.10266515666386433,0.10085056332772867,0.09973934416386435,0.09931407528280568,0.09958211931561141,0.10085832528280571,0.10899366570795321,0.12356583997966936,0.1471057765854788,0.1768619148137627,0.1871204999999999,0.17973893649595263,0.17166649799190525,0.16404575219193446,0.15700663139196355,0.14985189456582612,0.14262280660483334,0.1363947203501336,0.13101249261514453,0.12546631930352667,0.12004554485705327,0.11557002352591539,0.1117734418895551
16-01-2026 14:15,25676.95,0.12932212499999998,0.1202326562499999,0.11426631131430007,0.10960906012860036,0.10661824881430007,0.10444081249999998,0.10220818749999991,0.10075448326153877,0.09996837277307753,0.10004345201153866,0.1014340210243119,0.10645583204150741,0.11468923360440042,0.13814221143152605,0.1738408513443212,0.18704396875,0.1798855,0.1718156714827676,0.16353357042507413,0.15617125140184515,0.1496306522756588,0.14261395666308618,0.1358466076278121,0.13023687292092148,0.12458046293794679,0.11906909695566704,0.11462687359313706,0.11048564474136535
16-01-2026 14:20,25689.4,0.126091125,0.1174443749999999,0.1122206660378682,0.10910942582573649,0.1059330097878682,0.10307481249999999,0.10099918749999989,0.09952925576234885,0.09870266777469772,0.09895556826234876,0.10060227509321569,0.10313655018643159,0.10887481713846135,0.13548349034049115,0.1742004030048346,0.18731178441917803,0.18028511095958907,0.17217972939611803,0.16396114948821788,0.15706576703808156,0.15071494069598182,0.14397958636514463,0.13723014148028922,0.13095917576689042,0.12482719139953749,0.11940945834383764,0.11519783850942933,0.11109105365353382
16-01-2026 14:25,25707.1,0.11788499999999999,0.11283581249999991,0.10945292690208,0.10765394755416001,0.10462436440207991,0.10150799999999989,0.0996685937499999,0.09844288951153866,0.09777671652307754,0.09802423326153865,0.09957938894514759,0.1020873091402953,0.11120064965042738,0.1413228107573403,0.17701734454635393,0.1871375183918061,0.18064441139751258,0.17311760898276762,0.16525819980150977,0.15820597890471644,0.15152560683597432,0.1449268124999999,0.13834599999999997,0.13204029714007548,0.12576904293993033,0.12005038195963418,0.1157543137880113,0.11159283551292812
16-01-2026 14:30,25688.2,0.11632962499999999,0.11622154204503062,0.11253011146631339,0.1085293058875961,0.10524060606879804,0.10234728124999991,0.10046932754067492,0.09932196758134984,0.09877646027262384,0.0993067617550367,0.10062890027570282,0.10243401496409109,0.11045657460356276,0.13929406542197012,0.1754454991272691,0.18692521930697478,0.18056645470958896,0.173003625,0.16518588747952226,0.15774324370904466,0.15097119997952227,0.1444898437499999,0.1379558125,0.1312805428200737,0.12451449885100044,0.11892403886634027,0.11477463846235994,0.11071491900954446
16-01-2026 14:35,25708.0,0.11346562499999989,0.11613064557322568,0.11223860403661279,0.1070359999999999,0.1038709374999999,0.10122505593195234,0.09939808425644957,0.09864850071704169,0.0985620355368528,0.09966787631376559,0.10099150954523067,0.10213898647639752,0.1125821361154583,0.14440504000246113,0.17849104196042007,0.1876993792227929,0.18101034374999989,0.1728870857460851,0.16498846582814466,0.15789964316803393,0.15117791933597433,0.14443075685483237,0.13786326370966492,0.130687479799206,0.1230541441529323,0.11751474443229872,0.11396241693329452,0.110619625
16-01-2026 14:40,25706.4,0.118695625,0.11561589241325591,0.1107688212066279,0.10631629920498037,0.10336072340996084,0.10049801330455957,0.09822672448983322,0.09754771293092904,0.09750852277262384,0.0980694805050368,0.09959377622094434,0.10182940420777965,0.1127709505237089,0.14495235580875243,0.1788021400372376,0.18634726653687284,0.1789917915371498,0.1714475640265668,0.16416206826220703,0.15780197572818813,0.15131128124999987,0.14426273061331385,0.13751877372662774,0.13121721093338765,0.1246982674632708,0.11884317290670733,0.11440421470389713,0.11052087499999999
16-01-2026 14:45,25707.8,0.12008475,0.1151951478534454,0.11013080830172269,0.10642047061100936,0.10381022247201882,0.1009209015429619,0.09856542436390489,0.09758727468195245,0.0971793124999999,0.09726696875,0.09907657916663992,0.10239962314036584,0.1080639087263129,0.1343899521980879,0.17245167577711285,0.18327275511544122,0.17509269152406445,0.16814514677318262,0.16205929521521695,0.1567418268696091,0.15074365368733966,0.14406819435483248,0.13735310942862364,0.1313949795427499,0.12600626672945878,0.12034439156124797,0.11512919687013594,0.11124483211656004
16-01-2026 14:50,25692.95,0.12144791562301326,0.11586059669354656,0.1111690432688966,0.10763987898705743,0.10426438865135218,0.10128588492596458,0.09941533859610274,0.09840827583443282,0.09785040624999991,0.09792875,0.09934803134919425,0.10199873130159406,0.10511411855560532,0.1292356998532055,0.17023279267039984,0.18448937752751696,0.17585448943097542,0.1667849733757523,0.15979117251234565,0.1551675635061499,0.14996789729569832,0.14374784374999988,0.13705249941822453,0.13089193633644922,0.12559549079096996,0.12032979831131728,0.11562099354249727,0.1120451091523959
16-01-2026 14:55,25700.95,0.12130882664034509,0.11336198529807884,0.10998631075488015,0.10707602745583285,0.10271643144316973,0.09985796087007015,0.09863272380454291,0.09787880710769348,0.0974287499999999,0.09760053125,0.09876259375,0.1008751562499999,0.1040144375,0.1286708749999999,0.1710207849747092,0.18663303518186874,0.17827064201210727,0.16918033927590537,0.16136984080675748,0.15571401577313962,0.15012040368733967,0.14378199999999997,0.13736175196895872,0.13112016405931184,0.12499591784516582,0.11970591388823107,0.11567267866255833,0.11161383211656005
16-01-2026 15:00,25706.3,0.11743241562301325,0.10913327757532136,0.10617302912068527,0.10434783935387952,0.10118240440229247,0.09879764822098402,0.09754271359610275,0.09680196333443271,0.0963809999999999,0.096585531133409,0.09786553101681808,0.10010574988340899,0.1033483125,0.1282313125,0.17101431074592466,0.18658084397937086,0.17798092707210242,0.1697668735560739,0.16277060058370071,0.156760745866283,0.1506419999999999,0.14405385669046356,0.13770243213092717,0.13136909715617742,0.12473509572154806,0.11962247004595453,0.11603364604012024,0.1116769999999999
16-01-2026 15:05,25694.05,0.11453662499999998,0.10931087499999999,0.10588523393588385,0.10366159074680716,0.10147491718596269,0.09929509162503927,0.09773028125,0.09691649999999989,0.09646399999999991,0.09662973000543051,0.09796633501086104,0.10025385500543052,0.10352543749999998,0.1282736562499999,0.17030852023357684,0.18563213069960405,0.1772333705930908,0.168510526168582,0.16165142468842314,0.15627400239690484,0.15023896874999998,0.14342866840786686,0.13664293068506447,0.13052540695130382,0.12490362832581292,0.12014663524863801,0.11626432920363958,0.1120154604268333
16-01-2026 15:10,25691.6,0.11702624999999992,0.11194412536696563,0.1075998149759908,0.10454488311141882,0.10244814997031369,0.10034131602640284,0.09860674999999991,0.09771816777817219,0.09701752895105228,0.09685830445099713,0.09838752656708734,0.10096432294453163,0.10413498965556123,0.1283465780119207,0.1696700584161186,0.18515582029647484,0.17770441749341162,0.16911811180868194,0.16139142831396006,0.15515176114385248,0.14860297040965145,0.1422858213974471,0.13564122415916693,0.1288125580213984,0.12400074706270506,0.12015562333534634,0.11594021112748999,0.11204271515405258
16-01-2026 15:15,25691.75,0.12336375,0.11628387581118727,0.11078602154225146,0.10665172764835504,0.10423979813673653,0.10224293537503937,0.10017828389589312,0.09888833011721958,0.09749635812423305,0.09670861148038014,0.0987963260529247,0.1048719513562893,0.11358231909639065,0.13726970556522747,0.1722660215602446,0.18452048113604952,0.17748986592989924,0.16929448225644478,0.16099755575405075,0.15383355504910465,0.14662970834733835,0.14097459976819338,0.13524209850738755,0.12831642116348108,0.12338669217335645,0.11958831526051221,0.11499634377907553,0.1107222104268333
16-01-2026 15:20,25695.9,0.1247925,0.11705000036696561,0.11114204016108455,0.10669848620520346,0.10392593060260173,0.10194203124999988,0.09986738742776376,0.09828128638369989,0.0967232198990625,0.09606713035808095,0.09841892407051563,0.11127078526106116,0.1335024106617538,0.15778628342449,0.17956332815141202,0.1843027213010424,0.17706341626447764,0.16956789260317365,0.16151254446312494,0.1542015396184493,0.14714520860854552,0.141279468853519,0.13561883488494858,0.12956933682778016,0.12426857444338366,0.11963607092256061,0.11484727085773747,0.10974375
16-01-2026 15:25,25697.65,0.1270051249999999,0.11799823646223434,0.11034953106513867,0.10669132149357423,0.1057481831406699,0.10460965624999989,0.10248700978637124,0.10075801957274247,0.10061951837291125,0.10150779842308003,0.10348211284939425,0.11636563299273042,0.1403690937306296,0.16472848678448446,0.18494714925167993,0.18944501869031694,0.18180566747678745,0.17377678945759517,0.16559838890635153,0.1579239949832828,0.15080753856021395,0.14418798699486124,0.1377177240582363,0.1317109193566426,0.12610913187358053,0.12072056333640749,0.11572700072598739,0.11051375
19-01-2026 09:15,25549.65,0.12340724999999991,0.11626183520599181,0.1082800030246865,0.10637593793139767,0.1099564790409809,0.11173804285655592,0.1089910454361769,0.10680989176579786,0.10960296358963906,0.11331187916348034,0.11475889209699691,0.12092993991767018,0.13310132585499254,0.15609867326800153,0.18675555356542245,0.19713206249999998,0.1895147187499999,0.1811695625,0.172700875,0.16479840624999997,0.1571699375,0.1492875569507279,0.14153898218601219,0.1350649810198404,0.12952126956042326,0.124067427551734,0.11920696377586695,0.114445625
19-01-2026 09:20,25596.45,0.10246712499999999,0.10202808021223433,0.10102045695500006,0.10196453287825538,0.10694173488576554,0.11110951664559349,0.10834810128579561,0.10605923303095612,0.11138065054898201,0.11754721773468695,0.11844226575671621,0.12162576327788538,0.12870247693185008,0.15095924883449788,0.18744418749999997,0.20097621875,0.19337525,0.1852508125,0.17689834375,0.1690124375,0.16085585391854168,0.15202143734658735,0.14409769531627742,0.13817218176695956,0.13295394560471518,0.12783687645197483,0.12332675072598738,0.11890562499999999
19-01-2026 09:25,25570.45,0.107936125,0.1058031131544056,0.10513011826359869,0.10645187619073049,0.1091277948110281,0.1109299102758759,0.10823168474002945,0.10699594819364426,0.11227596360956975,0.11815710181348263,0.1195649065482558,0.12304649315254436,0.1315630602364847,0.15496055379041745,0.189061232354186,0.2004864294058772,0.19271601832765053,0.18410554370903176,0.17502505036699717,0.167151795573804,0.1594392273500084,0.15100502867128893,0.14367288802402173,0.13756019456904672,0.13172018148663742,0.12658673136831872,0.122079625,0.117469375
19-01-2026 09:30,25544.4,0.1233652499999999,0.11616860045973887,0.11198149991199578,0.11367619593638674,0.11437837529276051,0.11156628573791602,0.1089194575415518,0.10959600061226639,0.11317058453044665,0.11748237522258922,0.12103880935383828,0.12465746020837601,0.1335354647930158,0.1593898743626319,0.1914627142829375,0.2003969755287812,0.19257528722428013,0.18329272984364933,0.1731556968638886,0.16533323396577734,0.15835108725522198,0.15040526641112037,0.14322077123929627,0.13607940965794432,0.1291294130658887,0.12414287840794429,0.11977759374999998,0.114755875
19-01-2026 09:35,25579.4,0.11592899999999999,0.11091542565440561,0.10935076337695857,0.11197110393488158,0.11149977873291408,0.10754399409063388,0.10611846101369277,0.10769801069364426,0.11025396874999999,0.11502075846110872,0.12058605381549672,0.12351880099766714,0.13102017094665896,0.15843134459881153,0.1925646620374837,0.2022148044058772,0.1940131171980414,0.1846804382082105,0.175733105254182,0.16762985381169648,0.15831214400502047,0.1494615031889657,0.1432994705123211,0.13665165565029752,0.12960131814651124,0.124980954632731,0.12088550953965022,0.115826125
19-01-2026 09:40,25551.95,0.116985625,0.11297678124999999,0.11093649519154268,0.11065356576973907,0.10901089079690096,0.10670669005075586,0.10663268233205109,0.1080382187499999,0.11020334375,0.11517685067972631,0.1208961579130175,0.12355548253685567,0.13168772216927532,0.1599237812314214,0.19241346564789058,0.2001080869987398,0.19159148982496166,0.18293235832730131,0.17541468876377708,0.1670401386048149,0.1562593167125718,0.14757980172261684,0.1420497870472673,0.13614417421578803,0.12985992935412752,0.12479503249274612,0.12012649312712155,0.11499675
19-01-2026 09:45,25560.95,0.114592875,0.11161050043629678,0.10956123459314827,0.1083236874999999,0.10709647087640406,0.10630137925280822,0.1066235510523822,0.10787253535195632,0.11003017392597816,0.1143313765951507,0.11942825883358085,0.12276263788170921,0.12904118532657693,0.15461770311659534,0.18843887420291916,0.19719615588103007,0.1896204833235867,0.18294341134096587,0.17566042988718486,0.1674435894878924,0.15821327814748876,0.1499450982033582,0.14259376176763083,0.13557878598609197,0.12972587341190334,0.12476795844772749,0.11995619703965021,0.11494275
19-01-2026 09:50,25558.35,0.1036874999999999,0.10364429139787915,0.10377091523066911,0.1038403463544863,0.1037632640854394,0.1038729031708789,0.10451494296128597,0.10606920150169315,0.10852299137584656,0.11243545462772689,0.11722119050545388,0.12164179451368673,0.1268652735219196,0.15039883988595973,0.1868507819086134,0.1987591570016068,0.19166456202737325,0.18477649943437988,0.17690671874999997,0.1687418749999999,0.1604129375,0.15212234374999997,0.14336206076883487,0.13525348422050865,0.1297672861345125,0.12560564393283882,0.12119084374999999,0.116486625
19-01-2026 09:55,25558.2,0.10333337499999999,0.10264340915410868,0.10283180202877222,0.10318840871781193,0.10346649033903879,0.10390063692807767,0.1046026681100621,0.10630332429204663,0.10897283402102331,0.11255805844747789,0.11704033564495578,0.1223721255638101,0.1284588217326646,0.1514186921163322,0.1877419447774341,0.20050213955486834,0.1929811322774341,0.184959875,0.1766429062499999,0.1680506701377489,0.15942471527549779,0.1513895138877489,0.14311554294962758,0.13555905651768227,0.13022964043648172,0.1255982480722903,0.12090571115772651,0.116645375
19-01-2026 10:00,25520.6,0.11020706271081737,0.1091464557821907,0.10808622060567678,0.10707458964789451,0.10684087189928422,0.10702825050516035,0.1074302044758378,0.1090490646965152,0.11178531994376355,0.11535351002843054,0.11953814164534309,0.12448508722337831,0.1304000547719197,0.15266971488595985,0.18755868750000002,0.199496,0.19167365625,0.1835204062499999,0.17517671875000002,0.16608922477818178,0.15686758698625639,0.1488905933879673,0.14163218664942476,0.1349088425040958,0.1291698810995956,0.12375979981830851,0.11872433025655336,0.11477499999999999
19-01-2026 10:05,25510.95,0.11450135572917536,0.11474724518229376,0.11283585936376687,0.11040584372753386,0.10953391560604478,0.10928104998455589,0.10926515383732305,0.11060485144009019,0.11358569879300566,0.11754108631284649,0.12149952528181093,0.12581469641692516,0.13134531249999998,0.15298690912234864,0.18680000574469732,0.19842306537234866,0.19061787500000002,0.18212801023368058,0.1736013329673614,0.1647808481658322,0.1555707049856449,0.14734845867483523,0.14048131037134184,0.13398439642007026,0.1278808240901407,0.1225965488739336,0.11784161527646642,0.11336999147495985
19-01-2026 10:10,25528.25,0.11621081271081737,0.1142639844277043,0.1116518327857169,0.10943738432143389,0.10852374773329394,0.10812017364515399,0.10814325869757695,0.1095337812499999,0.11251483447050595,0.11641694451598125,0.12061132312044458,0.12520990057496928,0.13278373447640862,0.15635586346011437,0.18839452349100294,0.19865395700729704,0.19108128124999998,0.18186066701575823,0.17275030278151665,0.16427113352586195,0.15558635170009985,0.14794811636988903,0.14095549604520918,0.1340473568929909,0.12832535669003228,0.12358417091235786,0.11918921686314382,0.1147132424525755
19-01-2026 10:15,25530.4,0.11576225,0.11285484374999989,0.10977980676512092,0.10750158228024194,0.10695661382029123,0.10688495786034052,0.10712065080517032,0.1087135625,0.11160684374999989,0.1153851430119543,0.1199825180055143,0.12492210697516548,0.13469993286366685,0.1611496546364712,0.1914038782378491,0.19899312734452945,0.1912288387790969,0.18205739332693022,0.173217847649841,0.1650626062125677,0.156546719443301,0.14898401597165037,0.14148368088648905,0.13406793361969901,0.1286904183299307,0.12443297809672071,0.12018700679555852,0.11595302718223427
19-01-2026 10:20,25543.9,0.10733862500000001,0.1082776150135258,0.10736760288517228,0.10551067322976676,0.10519272530569743,0.10557514239515409,0.10612588369757704,0.10794718749999999,0.1111273060566236,0.11496335910079802,0.11951451842527443,0.12698104935280521,0.13867071613881782,0.1628554612560691,0.19167581205820888,0.19930437218850475,0.19124580973537206,0.18259398213670347,0.1746463277250479,0.16687608209536198,0.1584200382317957,0.15033528474089786,0.14273885861531646,0.1359712690779591,0.13054130605996864,0.12587939559732605,0.12135022650856074,0.1167857810342432
19-01-2026 10:25,25526.15,0.10298425,0.1053438364772678,0.1059925623334177,0.10497439648503179,0.10442798312888191,0.1047783125,0.10564403124999991,0.1076947187499999,0.11127722917779957,0.1154460572162247,0.11967915888065606,0.12961001732555,0.1449538303917172,0.16657759862754642,0.19144648763992442,0.1988942067790886,0.191397684776319,0.18316380308601296,0.1751466984180065,0.16709199999999996,0.15876465625,0.15008898538927704,0.1418263956550647,0.13562500404261826,0.13082235954678853,0.12644167513959562,0.12219900311963769,0.1176222499999999
19-01-2026 10:30,25515.7,0.11006010550613987,0.10861117264006087,0.1077065112770518,0.10688533376352591,0.1061698749999999,0.1060679374999999,0.10677812499999989,0.10874984374999999,0.11210989980662361,0.11621808722620873,0.12080551964657642,0.12797314866917706,0.13763671413288978,0.15824927597786898,0.18690503863985206,0.1971802557807571,0.19082822042806982,0.18296684374999989,0.1745904062499999,0.16624012500000002,0.1579691874999999,0.14872005651840192,0.1392030072564117,0.13250869830423967,0.12849734958520936,0.12511842027698641,0.12132898159365663,0.117298375
19-01-2026 10:35,25513.9,0.11857482532936203,0.11282170768759148,0.10964569021050204,0.10892378260525101,0.10827547875727066,0.10762173876454133,0.10824113500727056,0.1102185,0.1132543437499999,0.11691353636062533,0.12162729305226411,0.12688413327265177,0.13178159533101322,0.1515651395033099,0.18348663971636306,0.19549174774327094,0.1895791656006923,0.1821790118204745,0.1739584374999999,0.165605,0.15733984375,0.14878929788927703,0.1400712918080367,0.13282307638440694,0.12813172202144962,0.12439151195687642,0.12021680418251017,0.116780125
19-01-2026 10:40,25500.4,0.12089773050613996,0.1150999783855109,0.1111563415179519,0.11061808903430241,0.11005673038251428,0.1087289871890494,0.10920320633186137,0.11122815624999999,0.1140520624999999,0.1176252726389815,0.12200199614199289,0.12667745561704105,0.13158966961402968,0.15154577677516015,0.18313748574378796,0.19431653833641194,0.18808678904210066,0.1815043034243164,0.17391609375000003,0.16556843749999997,0.1572233124999999,0.14918424999999988,0.1414391658624932,0.13458949263405887,0.12942880018063815,0.12491910549472224,0.1203621079212994,0.116294
19-01-2026 10:45,25525.55,0.11675417178323638,0.11382654430106004,0.11124590896050204,0.11049614142439372,0.10987122764555596,0.10859694133368401,0.10864772875727055,0.1104279687499999,0.11320759374999989,0.11722001906245225,0.12187353812490459,0.12583473781245225,0.130468375,0.15210700251866163,0.1861430197498443,0.19718204627466976,0.18924863712445317,0.18221457683096595,0.17477190625,0.16639328124999989,0.1579543437499999,0.1498366562499999,0.14217709430649444,0.13569115736298887,0.13059481305649442,0.125860875,0.12143005342766991,0.11739946371067972
19-01-2026 10:50,25515.9,0.12043634025768044,0.11740250342400028,0.11403910300102715,0.11224627544864013,0.11110072783251959,0.10981001202532636,0.10967589755347426,0.11126841879753069,0.11375714493463847,0.11726037380996085,0.12169046898875771,0.1257164376193788,0.1303736875,0.15269924999999993,0.18795468749999988,0.19943559637379368,0.1905571604117712,0.18177965644535632,0.17388512340057385,0.16611024974319502,0.15757703585550875,0.14906132171101752,0.1417321898902881,0.13555727681955884,0.12999184153477936,0.12483709375,0.12049617566905979,0.11705707767623938
19-01-2026 10:55,25526.35,0.1266596717832364,0.12115586190465366,0.11556854397497367,0.11375213622140593,0.11277200646324309,0.11086129606567666,0.11059618372891664,0.11230417790806782,0.11445304900025356,0.11692793980809545,0.1206899864829529,0.1251453405817952,0.1323406687597419,0.15713317648239228,0.19044143149742007,0.19983181151244794,0.1907803926652092,0.18101416239503312,0.17308697343811089,0.1659478698847629,0.15712541062494592,0.14839443357679155,0.1414562355095457,0.13542693749999998,0.12949075000000002,0.12397253124999999,0.1191811784276699,0.11489771371067971
19-01-2026 11:00,25550.1,0.12110624999999998,0.11552769626569787,0.11086915881326262,0.11051018513407622,0.1103120524237298,0.10824445300426234,0.1077423328549891,0.1093429809320013,0.11197618684547578,0.11500608251225664,0.11867321660972806,0.12326147439778151,0.13336293554785064,0.161214934823869,0.1923709546642161,0.19964511700266474,0.19220992897754155,0.18372163069579472,0.1754022021490382,0.1675605632581327,0.15854152774345043,0.15015426431478449,0.14352101071203946,0.13748387499999998,0.13157446875,0.12580938285587534,0.12051579696175084,0.11613625
19-01-2026 11:05,25561.85,0.112312625,0.10808986455871983,0.10572044786743985,0.1061641904824679,0.10632802320746983,0.10479441469787654,0.10427775096833589,0.105847502304181,0.1091749923160614,0.1131678283821228,0.11690840095960722,0.12137500478709164,0.1290906687597419,0.15410753707659586,0.18805677067150695,0.19920662682801074,0.19311416436690354,0.18524066105093415,0.1763814199591917,0.16846813182328085,0.16011294765558085,0.15177365567341483,0.1452767996828574,0.139494875,0.13366759375,0.12777828381298775,0.12233838012597553,0.118701375
19-01-2026 11:10,25540.3,0.10952187499999999,0.1076963749999999,0.10630343749999999,0.10576289064855604,0.10514406254711212,0.10410521025227516,0.10400370170743829,0.1057398821037191,0.1089430419108372,0.11279083382167449,0.11694076066083721,0.1217354999999999,0.12733978125,0.15011772562594922,0.18639586102518207,0.19962732642251646,0.1926497535232836,0.18461232062423202,0.17589789703833672,0.16681321723479758,0.15755865542957476,0.1495758930546435,0.14347432985400493,0.13818646644878674,0.13280802689496835,0.12727934406472521,0.12249800329373106,0.1186810279102216
19-01-2026 11:15,25533.8,0.11268012499999999,0.11016470787173703,0.10746342914206192,0.10606545161253485,0.10535032222820967,0.10491229593482129,0.10542437690526607,0.1071814541064443,0.1100322499999999,0.11387045760394383,0.11862256402378812,0.12353213023574464,0.13054457442129164,0.1545219223060743,0.18823819279597465,0.1992589148452917,0.19193743749999997,0.1833833826971468,0.17437492464973808,0.1644331921314278,0.1537612245251242,0.1457298641477829,0.14051213798024378,0.13613905247889704,0.13107710174075174,0.12553354488120627,0.12158887996993603,0.11799543011733198
19-01-2026 11:20,25513.75,0.120290625,0.11458180844912658,0.10953781414128583,0.10782894419201072,0.10748165966235834,0.1071677687785175,0.10778178112262354,0.10937665625,0.1120162812499999,0.11603742766398133,0.12109254942100556,0.1257298471000672,0.13437126977338162,0.159561543716059,0.18983482914110197,0.19840936110538163,0.19131037499999998,0.1821377374094825,0.17244287205428538,0.16395244816094331,0.15533476562705117,0.14720376805870103,0.14114595485603376,0.1360659664487867,0.12998714413524662,0.12389553943940641,0.12004904232225862,0.11642815291022161
19-01-2026 11:25,25514.95,0.12121512499999999,0.11670229068104117,0.1125285351126489,0.11084459056732444,0.10993919501866603,0.10902869354304023,0.10903966017470894,0.1102978125,0.11289128125,0.11657723885394393,0.12111822027378813,0.12579644273574472,0.1347281769751989,0.16020831491388876,0.19068567034988193,0.19889403984529172,0.19118800191256713,0.1823199490222811,0.17368689120498193,0.16591891174338902,0.15805078142342177,0.149748426705317,0.1423423808347319,0.13635864290471553,0.12963741227238235,0.12294634874735133,0.11891471067755546,0.1154495
19-01-2026 11:30,25517.75,0.1211025,0.11884975025897082,0.11570576465310885,0.11322143825285332,0.1113175461025877,0.1098603122257451,0.10928867698971198,0.11028795655288903,0.11288437485332534,0.11878341936423646,0.12781336819794908,0.13467230176735645,0.14406438834692822,0.16820707512071464,0.19393968893495672,0.19903614205837838,0.19099260815170602,0.18244016799503365,0.17471188087251677,0.16701974999999997,0.15865553125,0.14985455554607066,0.14177761109214132,0.13590446179607066,0.12957037456848758,0.12263606250585088,0.11820781380623872,0.1149401249999999
19-01-2026 11:35,25523.55,0.12612425,0.12217565625,0.11800183755812468,0.11459911261624936,0.11201334154045633,0.11013052557263729,0.10930419544827971,0.11025059310375472,0.1127189322415614,0.12143933491041746,0.13629090272704547,0.1456621144331039,0.15174240880946496,0.17021961326676008,0.1932850129651837,0.19869125591224335,0.19090544825902117,0.18202267890307494,0.17416167485423573,0.16648280179554964,0.15760824357403602,0.14894485571556867,0.14152721015069922,0.13575604064874902,0.12994920905937254,0.1238175985713317,0.11896336702137039,0.11485656322729884
19-01-2026 11:40,25536.55,0.12451825,0.12062254382393324,0.11665371264786668,0.11339491882393334,0.1108701562499999,0.10904244100122626,0.10832591325245274,0.10926320655288904,0.11160765610332533,0.11725004436423647,0.126177524447949,0.1330238642673565,0.1378166221751333,0.15753890124870523,0.1887358272063231,0.19969359427995909,0.19160561443703006,0.18176141826439512,0.1736889779920769,0.165854235171676,0.15664308642941535,0.1489033719701952,0.14273274110994832,0.1367829485330151,0.13084771874999998,0.12523162499999999,0.12037364349403347,0.1160558239761343
19-01-2026 11:45,25537.25,0.11783057974676758,0.11654971878433397,0.11419339769528424,0.11149535509764211,0.10925559374999999,0.1077678437499999,0.107290625,0.10830381249999989,0.11071609375,0.113987625,0.11824898342189913,0.12318399809379833,0.1285339209218991,0.15125532511214354,0.1876196189742872,0.20062104386214355,0.1926348715714042,0.18372389382794055,0.17525063864408932,0.1668204832003913,0.1585396780264568,0.15088792858321018,0.1438372621359824,0.1375704260163907,0.1315814062499999,0.1259031875,0.12089795330682465,0.11616318822729885
19-01-2026 11:50,25541.5,0.11266941312443372,0.11256955335504173,0.11131599389786667,0.10913685632393333,0.10719903125,0.1061477812499999,0.10618880073996648,0.10759391397993297,0.11005986323996647,0.1135598950389902,0.11831128468165224,0.123281040496334,0.12830168210367185,0.1509106696954411,0.18735633939088225,0.20038354469544106,0.1929499375,0.18503293749999988,0.1765460797744332,0.16788609704886662,0.1594922764463968,0.15049529984756752,0.14258874670105515,0.13714116179726155,0.13199123702181043,0.12650059374999997,0.1214048437499999,0.11635462499999999
19-01-2026 11:55,25540.75,0.1098373297467676,0.10894289493669185,0.10754584375,0.10582896875,0.1045284999999999,0.1040999687499999,0.10486435722782064,0.10686680820564128,0.1095970494661858,0.11353110311555084,0.11844417543790532,0.12306312298261887,0.13019927443665116,0.15469808214574238,0.18860072874722866,0.19986909386623822,0.1928133749999999,0.18393478967455965,0.17381763750066556,0.16497812605582682,0.15697060691507747,0.14811488630959946,0.1410445417713217,0.13646298802709675,0.1320867226300178,0.12703454376723783,0.12195999378447575,0.11730349999999999
19-01-2026 12:00,25527.0,0.10996448726709662,0.10849593756853497,0.10680166218098672,0.105282002106691,0.10429596760945263,0.10412674886397526,0.10491792517195411,0.10692591397993295,0.11044495917255712,0.11503358236037566,0.11943553317297927,0.1260317498773659,0.14042456973840228,0.16733182477573103,0.1937231393325281,0.1995325051306144,0.19224988646758662,0.18236190184639506,0.170684912683088,0.16157552178033355,0.15453329168648816,0.1481136111576558,0.14247010637779617,0.13701297530067263,0.13200819933768462,0.12688482043284163,0.12172379711568315,0.11735599999999989
19-01-2026 12:05,25522.1,0.11426311001147675,0.11187933074360364,0.10948023186060228,0.10760725716322725,0.10635696137303201,0.10589715624511897,0.10628514841544644,0.10797428124999998,0.1117419142140747,0.11656162759449548,0.12066063754676651,0.13004491321087794,0.14745199930402839,0.17134781272446037,0.1940973292695756,0.1989907411092229,0.19187962055461139,0.1835901959245597,0.17414369166223376,0.16494321016737656,0.15614811629357697,0.14953223286116069,0.14400994415803886,0.1378236013215052,0.13190630066075254,0.12641154376723784,0.12125974378447575,0.116424625
19-01-2026 12:10,25521.0,0.12430036226709662,0.11847690631853489,0.1143194434309867,0.11150210910129614,0.10933890034866289,0.10806032460858048,0.10788178068198763,0.10918687499999999,0.11218888315567807,0.11610141801756033,0.12020974906808632,0.12743945376811522,0.137658287131061,0.1594546055763887,0.18935831478105225,0.19886520104762706,0.19179385067458815,0.1843790315515493,0.17645439310643873,0.16787596617870573,0.15895101579719167,0.15116411113092265,0.14422682480677257,0.13754475,0.1312046249999999,0.12540315624999998,0.12011568749999998,0.11481237500000001
19-01-2026 12:15,25533.2,0.128439,0.12001894006210728,0.11439915753105363,0.11109579691422608,0.10877665632845217,0.10734620316422608,0.10704143749999989,0.108273125,0.11094143749999999,0.1146174916931696,0.11903282713633931,0.12380165177448038,0.12921338266262147,0.15160214936014688,0.18689070137316957,0.1993696849098307,0.19212253400405174,0.18425155987710898,0.17630480811686464,0.16782480446364692,0.15944189939236325,0.1518774356070265,0.14453862499999998,0.1376432187499999,0.1312658437499999,0.12539175,0.12008584550152607,0.11495300700610456
19-01-2026 12:20,25542.4,0.120353875,0.11424653033465833,0.10924037454232921,0.1063845,0.10476499928570988,0.10389002982141986,0.10426059303570988,0.106049,0.10901159375,0.11320718394016449,0.118158492880329,0.12269230894016449,0.12969271948390843,0.15408041384774995,0.18826308039485715,0.20014889093209817,0.19332219255185723,0.1853066565515493,0.17742408060643872,0.16867696593738693,0.15968153425778142,0.15219321127605867,0.14521471875,0.13840440625,0.13220343749999988,0.12649909374999999,0.12143252360863672,0.1166875944345469
19-01-2026 12:25,25526.05,0.11636437499999999,0.11229337362492087,0.10859914965668081,0.10616280856281358,0.10442061355262194,0.10346666460524388,0.10416195730262195,0.10621299999999999,0.10920487499999999,0.1131988979431696,0.11800379588633919,0.12295158544316959,0.13472373434361884,0.1633839111103111,0.19273853495952603,0.19988924271259448,0.19325766576976058,0.185445875,0.17726621232313264,0.16871064150329187,0.15995637683574518,0.15188327220414535,0.1447075120485593,0.13810809375,0.13198118749999999,0.12615881874305246,0.1208658267376311,0.11633988200610455
19-01-2026 12:30,25524.6,0.1155287499999999,0.11231146348768656,0.10911246539948832,0.10677606202043004,0.10514731178570988,0.10438615482141986,0.10499749928570988,0.10689840625000001,0.10990456250000001,0.1137311875,0.1183681874999999,0.12357153125,0.13587293656934687,0.1650802500075154,0.1938058791138293,0.19951019198250003,0.1920890918750855,0.18378679086647132,0.17548427115039175,0.1673679416725358,0.15898155057326036,0.15099369980760158,0.1438992247581768,0.137380471906933,0.13148342345346645,0.12534872060049593,0.1194920037009919,0.115985625
19-01-2026 12:35,25520.4,0.11665412499999998,0.11358307924043329,0.11033226808943701,0.10782890231281357,0.10612007871198462,0.1052533826842978,0.10573227923264159,0.10769163151032848,0.11077043749999999,0.11459140624999999,0.11924381249999991,0.12462708757380112,0.13261806576363394,0.1568977432425387,0.18958314900914092,0.1996186434761955,0.19125644163114713,0.18183472520483124,0.17416064764863556,0.16687220607956585,0.15837712777417667,0.15066819454836106,0.1434408362614854,0.13648946092585207,0.13087994921292598,0.12496072220967622,0.11910191316935245,0.1157932499999999
19-01-2026 12:40,25513.2,0.11942499999999999,0.11534937021725644,0.11203777885862826,0.10951953125,0.10738133846859767,0.10599737060476358,0.10633056955373414,0.1087749805656186,0.1124367368939724,0.11603780059379398,0.11998703809787176,0.12554736721264897,0.13185045317529792,0.15309305017792896,0.18718402218056002,0.1996475892152799,0.1917103718182462,0.18295210336647122,0.1753168412782037,0.16760448817815973,0.15885425689636207,0.15055494094818103,0.14301907970346656,0.13619947190693302,0.13036595470346646,0.12477726436585357,0.11946280998170712,0.1149261249999999
19-01-2026 12:45,25525.45,0.12023049999999999,0.1161474374999999,0.1125535625,0.10979409375,0.10768367246198461,0.10645407018429781,0.10659455225816705,0.10904298938864855,0.11327644964641195,0.11672510525996563,0.11986264671634819,0.1251500074817198,0.13330033616549836,0.15646364114096883,0.1891654287123221,0.20000724125513158,0.19238112499999996,0.18408929715551442,0.17602000056102887,0.16783735965551444,0.15905237499999988,0.15048075,0.14296225,0.13636412499999997,0.13034915624999988,0.1248674374999999,0.1198323437499999,0.114743125
19-01-2026 12:50,25519.95,0.12386862499999998,0.1193323124999999,0.11492021875,0.11142496874999999,0.10912106645317726,0.10788210165635453,0.10744953511486513,0.10889743015758345,0.1122910549279751,0.1156503190299514,0.11926163184787175,0.1242096966547727,0.1338937727430436,0.1598782121073064,0.19102544303024543,0.19970026368688243,0.1922622289572374,0.18376245801216198,0.17481818325276716,0.16564863368326926,0.1570433819484226,0.14966962698668612,0.1426358124569266,0.13581108126512814,0.129937931257564,0.1246764374999999,0.11962140912532317,0.114579886501293
19-01-2026 12:55,25545.2,0.11874312499999999,0.11585743713970734,0.11245424927941468,0.10958072978058822,0.10775643283615352,0.10684455024966462,0.1065506715924527,0.10785600297446973,0.11064872133475667,0.11389386741960378,0.11802955629251173,0.12280813752125581,0.1322442418341291,0.15960638173671565,0.19169069643003284,0.1996617934501841,0.19245295345626195,0.18501915175881395,0.17582225704247795,0.16480438171718065,0.15567359075005985,0.1498898077118162,0.1434832955205446,0.13624319356759174,0.13082536240879586,0.12609906249999991,0.12107016589545136,0.11617053858180568
19-01-2026 13:00,25548.85,0.1116553749999999,0.11057852058514253,0.10850204117028527,0.10663502602814227,0.1051808313413266,0.10443627135365399,0.10492479999619478,0.10673729001789295,0.1093602351631825,0.11279562670682818,0.11726324779134172,0.12195838952067085,0.13234216008141889,0.16170007016283777,0.19413105209126535,0.2009667617421906,0.1938005259864065,0.18745955353562746,0.17942298135470314,0.16915926547181362,0.15940475367357543,0.15229574327813988,0.145001155209075,0.1376898661077927,0.13242360065195757,0.1275956874999999,0.12266916481294221,0.11822440925176894
19-01-2026 13:05,25553.0,0.108886375,0.10741878088970731,0.10581834302941476,0.10447966728058822,0.10315169939177704,0.10251889586091163,0.10336982137255084,0.10537875827507083,0.10824801976253538,0.11238236814842596,0.11752857102781025,0.12223075636034232,0.1293382866130285,0.15549219245175355,0.19157173521546256,0.20293790406769513,0.19602314413566443,0.18899354721374875,0.1812748124999999,0.17165518945468794,0.16092199473786414,0.15187262740428875,0.14450771218739103,0.13861060508993273,0.1333883400236542,0.1279747187499999,0.12329438757263134,0.11958167529052564
19-01-2026 13:10,25544.5,0.109271875,0.10775865624999999,0.1061016875,0.10456115625,0.10324344150214977,0.10259146292173273,0.10310519508701599,0.10510164241743301,0.1083201875,0.1130188913863762,0.11883558849381787,0.12345872157850689,0.12762008697106525,0.15041790295419635,0.18815341466595595,0.20268746421932257,0.19622304625756298,0.18868456249999987,0.18068665624999997,0.17038756270173375,0.15846039460328393,0.14931437705821987,0.14326507111352357,0.13829105720685367,0.1329286874999999,0.1272731875,0.12231419318761892,0.11779202275047583
19-01-2026 13:15,25530.5,0.11485540019943921,0.11293020326196392,0.11069717517420832,0.10787182196210417,0.10560056249999988,0.10436477040958876,0.10428182206917776,0.10617720790958887,0.10942674999999999,0.11354151187717014,0.1185486709852985,0.1233338063390864,0.12819620973095802,0.1515976324376126,0.18967734160483724,0.20337987964683635,0.19572357672961177,0.1878202812499999,0.1797582187499999,0.16996229036708943,0.15924182156266734,0.1507491682896982,0.14412350210975255,0.13738853792882152,0.13040499287577118,0.12447018060880559,0.11980257424305513,0.11549362499999999
19-01-2026 13:20,25540.05,0.11569391754612869,0.11317595123774893,0.11160276709623308,0.10806290619708311,0.1049426249999999,0.103949923667433,0.10424788771048737,0.10620009816867564,0.10926529037562126,0.11306865825733682,0.11764684776467375,0.12253009575733684,0.1301727845678695,0.1567847253857391,0.1933486949613724,0.20416269578700583,0.19590100414350292,0.18801509374999992,0.1799105312499999,0.1704738571228851,0.16065499549577028,0.15264563837288508,0.1454581874999999,0.13724399078178703,0.12877098754117844,0.12236653079148842,0.11826365583658976,0.11568925000000001
19-01-2026 13:25,25531.0,0.11762290019943919,0.11410842054692015,0.11211401375936181,0.10855768359055437,0.10542043749999991,0.10442063909164409,0.10484859276360908,0.10678529950228567,0.10969903386865129,0.11362973413235326,0.11839777602914663,0.1231451955645557,0.13548811957632645,0.16687865164378926,0.1979056285667432,0.20332219923969713,0.19549856836984858,0.18795071874999988,0.17953642404719625,0.17021004015593597,0.16102493317028285,0.15290841081154316,0.14527912499999998,0.13761414166318933,0.13023310246835812,0.12368851988449109,0.1186654517737116,0.11595561102818584
19-01-2026 13:30,25535.2,0.1205173749999999,0.11643380290867059,0.11288639796114075,0.10950751850453695,0.10686974999999989,0.1054187679920555,0.10532179510973234,0.10695450499329813,0.11001022906561524,0.1140076410580668,0.1186272403980535,0.12349695318424164,0.1357879973718581,0.16673530488283536,0.197843695558741,0.20369560203700582,0.19572594164350293,0.1879689999999999,0.1793215097359076,0.16979327897021146,0.16101471623269997,0.15316241574839604,0.1454183749999999,0.1381888437499999,0.13166190479139628,0.1254778802785002,0.1202333197115457,0.11648884411493712
19-01-2026 13:35,25552.1,0.11264512499999998,0.11295391108921096,0.11043405992631607,0.10736326021866933,0.10536970417839137,0.10432160141009396,0.10470223825834367,0.10615711917899273,0.10856414640487784,0.11234405976988009,0.11698239605420027,0.12198337850203417,0.12962631368409694,0.15607374920947553,0.1933577584547619,0.205167125,0.19698903125,0.1890067499999999,0.18084386154719623,0.17145916020926838,0.16209273577694777,0.1542654371148757,0.146836,0.13925867957269267,0.13245151742830716,0.1268830898885362,0.12199131103996817,0.11707611102818584
19-01-2026 13:40,25558.15,0.11381937499999999,0.11631757484194016,0.11312545003973196,0.1083585261517567,0.10636628536010904,0.10572932788815219,0.10635591174485926,0.10741044775887583,0.10866797375763072,0.11175823042074182,0.11620071084148374,0.12106840247310094,0.12859035447232817,0.15525016153757917,0.19300897911761,0.20506568749999998,0.1968450937499999,0.1888076249999999,0.18081028725028647,0.17190027149896916,0.16271671249707875,0.15447141574839615,0.146665379731487,0.13859801167629474,0.13143685261327992,0.12624718912362362,0.12189374023020962,0.11772546210023296
19-01-2026 13:45,25544.95,0.1304965,0.1264163342370325,0.11949226611582192,0.11310143440421672,0.1109040371713417,0.10991843976662466,0.10881237067414277,0.10884144883734853,0.11014436461654724,0.1132215982907377,0.11752104033147552,0.12180337954073772,0.13131653936524326,0.16007710998048658,0.19429303393776742,0.20323945789504838,0.19537977582252405,0.18730305557117238,0.1787880438140307,0.1702829209145442,0.16196912017168588,0.15365293749999998,0.1453993344722344,0.1375090672671616,0.13056128736761985,0.12471067957269266,0.12046890522438632,0.1185838708975457
19-01-2026 13:50,25583.5,0.128073625,0.12188971827413156,0.11574372286929652,0.11159339463188409,0.11070241730816482,0.1100378274871152,0.10766732072167534,0.10670569560210129,0.10816236259609548,0.11188654504296486,0.11672759008592982,0.12019670129296486,0.12635747911761,0.1534974894852201,0.1919994621858214,0.20436080988642277,0.1969780143182113,0.18883454060469682,0.18006768095968023,0.17218217760526985,0.1637265999943838,0.15463646511894688,0.14670099673708886,0.1397784428437262,0.133136285981487,0.12676884375,0.12193099170679678,0.11928959182718729
19-01-2026 13:55,25602.3,0.11782000000000001,0.11448176527872099,0.11157875173609272,0.1095809682035485,0.109253524033134,0.10850447545333365,0.10594865066315232,0.10482437082020428,0.10604612237053712,0.10952816841384526,0.11428902586501499,0.11772945068872814,0.1217378749999999,0.14815965624999988,0.19180940082252412,0.20777339539504838,0.19985474226475256,0.1916837697056292,0.18357514008457326,0.17556318057117234,0.16587075711853083,0.15552177648453644,0.14768671911348005,0.14159816849747453,0.13515612500000002,0.12867874999999998,0.12298985544531021,0.11779767178124123
19-01-2026 14:00,25605.6,0.11985937499999999,0.11544791373578132,0.11290057297173756,0.11076263945158392,0.10873459670230674,0.10665643219366362,0.10451782742443885,0.10411788274868386,0.10549630425378559,0.10811909359527702,0.11199353927306054,0.11609300540028139,0.12333970008902025,0.1527122106490774,0.1949653522810938,0.20939709172103665,0.20134068897755758,0.19277111720038848,0.1848526987181042,0.17692930174527327,0.1672589401590199,0.1569929679815836,0.1487561779861074,0.1422133064135437,0.1356379374999999,0.12884116733522405,0.12250411592044823,0.11672699999999998
19-01-2026 14:05,25625.95,0.12088421365435227,0.11225156828963045,0.10764146968073543,0.10540086024514278,0.10347828125,0.1018186542797086,0.1008429917562899,0.10122770817345396,0.10322110195572701,0.10609961876770872,0.10953035625885423,0.113835625,0.12476443736783448,0.1577915988690134,0.19796716688452326,0.21032031788334424,0.2028813726922283,0.19416256207137692,0.18563691231606844,0.17722786951622163,0.16704268460600796,0.1574185610246596,0.15036984204850176,0.14376722530054847,0.13688875,0.12991827285944277,0.12364019605831886,0.1190991013577327
19-01-2026 14:10,25615.15,0.12289841307804196,0.11247826400540833,0.10691800897179583,0.10439775448589787,0.10257409375,0.10126121874999999,0.1005698749999999,0.10095693749999989,0.10322820641549599,0.10650250658099208,0.109690675165496,0.11387843588600062,0.12188132186102169,0.15189262436065398,0.19529602668224563,0.21059085079661255,0.2026178007679373,0.19376224936840925,0.18563394018300625,0.17654427941572745,0.16523138742631455,0.1561326301030498,0.1497560765094298,0.14280772829739083,0.1360450998462771,0.12984633488361186,0.12459972682407816,0.12145256861451968
19-01-2026 14:15,25589.9,0.12687683865435226,0.12008802216358802,0.114808125,0.11094775,0.10795053125,0.10581225162000792,0.1044885657400158,0.10436632083176131,0.1058904639448028,0.1081715640043451,0.1111406692712958,0.11555870202431727,0.12091474779863441,0.14764424511243232,0.19241405492623023,0.20963573058811508,0.2010182306449143,0.19129147970897364,0.18350914248320435,0.17591772749844659,0.16566105879832332,0.1560382716087419,0.1483398903491445,0.14056650794686396,0.1339648292654546,0.12840532102801516,0.1235467627593405,0.1204478010373621
19-01-2026 14:20,25610.85,0.117223125,0.11445871875,0.1110622499999999,0.1080440624999999,0.10567083685487981,0.10401153913293502,0.10322984688418385,0.10378824620225942,0.10538073650930843,0.10690457241317758,0.10973212499999999,0.11435552963600061,0.12247378553808383,0.15258786624374157,0.1954476506672342,0.20980736336065176,0.20113135308808927,0.19181494261264168,0.18367733685131932,0.17636708054169087,0.1671713566050859,0.15746586946017177,0.14954884010458735,0.1421769470473907,0.13537488109627696,0.12931785504838772,0.12395928031336448,0.1195967462534582
19-01-2026 14:25,25607.6,0.1111123749999999,0.10752759375,0.10480396875,0.10299906249999989,0.10154880383710276,0.10041201554421345,0.10017249823154152,0.10144072610440934,0.10333943800553415,0.10505377967555556,0.10819843749999991,0.11299024999999999,0.12459603470660341,0.15854538191320683,0.19866540970660337,0.20951110223543096,0.20070415383791362,0.19242581685368126,0.1844992360418042,0.1761686881970644,0.16740163002518607,0.15867935648745468,0.15040063011724575,0.1425383173920404,0.1358084197885253,0.1298701166121357,0.12445773223337347,0.12004555519643623
19-01-2026 14:30,25603.8,0.1178855,0.11242640625,0.10850290624999999,0.1057527499999999,0.10359618060487981,0.10177560517814487,0.10080241647460347,0.10149966912148788,0.10324669815750019,0.10545870633750543,0.10919930517183607,0.11438082675970113,0.1225141454704403,0.15212414459616252,0.19442131096140142,0.20869189663273532,0.20033549302626616,0.19188042319730472,0.1835224397148569,0.17467231051748522,0.16660328025874255,0.1587535,0.1497312406546198,0.1408176818666156,0.13423754801937188,0.12867984752810735,0.12297658515415484,0.11859341485076873
19-01-2026 14:35,25599.55,0.1203959940191619,0.11606081100479046,0.11188074999999999,0.10838134374999998,0.10569493749999989,0.10337427943011462,0.10185543386022936,0.10213968568011461,0.10382165160823655,0.106204553216473,0.11024471406405878,0.11575841967933943,0.12088490199121198,0.14684210712831042,0.19122040597123122,0.208279673247979,0.20035601489177868,0.19216129087146688,0.1833464385627719,0.17409319714144034,0.1663739266957202,0.15881931249999998,0.15003668107836865,0.1415758695517407,0.1349443208683756,0.12883038781676812,0.12263735459352934,0.11769025
19-01-2026 14:40,25614.95,0.11496278941077898,0.11151322860269468,0.1083738749999999,0.10578240624999999,0.1037012187499999,0.10194060069978739,0.10084235764957478,0.10118185443173777,0.1027834741140555,0.10510468703225961,0.10882383642183606,0.11387198300970111,0.11920282545435781,0.14645778581399757,0.19197372467710003,0.20856968091749903,0.20014771106882534,0.19254200385525666,0.18440343612929666,0.17516212387971872,0.16699890724501668,0.15926560958329244,0.15059336465551765,0.14251901676126344,0.1360482904087244,0.13012674396212465,0.1242896679946674,0.118808375
19-01-2026 14:45,25620.55,0.1105982440191619,0.10843462350479044,0.1064047187499999,0.10437706249999999,0.10255562936794435,0.10114146670793561,0.10034001406203823,0.10062030832688475,0.10205179445967563,0.10429853785483778,0.1077298437499999,0.1123937812499999,0.11786721875,0.14620709375,0.19270943772288465,0.209312142237,0.20070972394895478,0.19273394620666767,0.18507425179877357,0.17662330058590306,0.16760954201012462,0.15906880805546392,0.15082982999750938,0.1432427575531267,0.13655284348997876,0.13072176808006425,0.12541023125441086,0.12015117501764373
19-01-2026 14:50,25623.15,0.10866624999999999,0.10687582167100608,0.10542630863832327,0.1039472443685468,0.10227827939229807,0.1008444155159984,0.10003880535510239,0.10046959889604892,0.10212400029105706,0.10420693033817394,0.10732767221176355,0.11191909374999989,0.11744284375,0.14596680233830048,0.1932624946583822,0.2107144598262006,0.20229128015494632,0.19392016920148616,0.18587652173082772,0.17780234583760574,0.16858431323830883,0.1596108347114951,0.15201143359581049,0.1448152320529785,0.1377863511795819,0.1313740818397909,0.12583364112817153,0.12097356451268625
19-01-2026 14:55,25624.2,0.100098125,0.09854964198327673,0.09887356712155677,0.09942738850172504,0.09888659903150337,0.09788024356766829,0.09733928561794425,0.09872877629352488,0.10136440694989565,0.10315786001921641,0.10605282964033536,0.11098404430497916,0.11651672527748952,0.14525317983992742,0.19360085967985483,0.2125204607437944,0.20476181180773412,0.19627654878208628,0.18755377150892008,0.17852736045696863,0.16964215719098918,0.16158429215565642,0.15394252304093498,0.14641284374999997,0.1393182187499999,0.132453916260909,0.1262437825262289,0.12117067501764374
19-01-2026 15:00,25629.95,0.08722637499999998,0.09009154042100619,0.09288077738832326,0.0945216072203751,0.09485391072419228,0.0943694828928994,0.0942416850205355,0.09641569135827627,0.09963933617831626,0.10143250453180344,0.10477879354884577,0.11061634885347393,0.11639233369570115,0.14518965851760993,0.1935887924918808,0.21240211546886006,0.2047986878152797,0.19644568750000002,0.1873462514002222,0.1780073990897763,0.16991398147888606,0.16237877128933187,0.15440415624999998,0.1468505312499999,0.1399194374999999,0.13291338890569346,0.12644793406138707,0.1217005
19-01-2026 15:05,25604.15,0.09021212499999999,0.09351684375,0.0952863125,0.09551426608177944,0.09516171747211119,0.0946121751372022,0.09455610593518872,0.09642799550913254,0.0994101931842045,0.10170898390596611,0.1052999105700655,0.11127006520134736,0.11766364207022609,0.14596902089636826,0.192508107604829,0.20995396520965812,0.2020327955719127,0.1935882821841673,0.1848943415609602,0.17641643218775327,0.16860184109387663,0.16082184374999997,0.152834625,0.14535463915688368,0.13846068456376748,0.1321600554177927,0.1263822700218179,0.12111987499999999
19-01-2026 15:10,25595.95,0.09284425,0.09712674879913742,0.09800976652444787,0.09667026141658608,0.0955759037705355,0.09500785303630088,0.09496924476099523,0.09637284785098564,0.09911256035825845,0.10250125232023279,0.10672628298871362,0.11190914485029282,0.11799843110861892,0.14626354367930938,0.19221909406527984,0.20937240688055958,0.20106722832146462,0.19182077687226495,0.18309960258590122,0.17447946612510895,0.1655052150173304,0.1575569855899299,0.1505069594308574,0.14374283020995057,0.13746654722219714,0.1321000247152167,0.12689071874999988,0.1210165
19-01-2026 15:15,25590.9,0.08597933233894649,0.09468293404861941,0.09676401185667426,0.09506641174982186,0.0940744062499999,0.09391323030527933,0.09419817936055865,0.09570110530527931,0.09851756029257586,0.10268986396311519,0.10777307829850268,0.11539237860357046,0.12626047625265197,0.1542093280784825,0.19468829955143765,0.20926374999999997,0.2011375942170836,0.19168679408498807,0.18255541086012037,0.17302978394704221,0.1620275186818518,0.1534743769996026,0.1477139601423005,0.1424486812373481,0.1373761665245083,0.1322533579068837,0.1269724374999999,0.121325375
19-01-2026 15:20,25561.25,0.08812114253872402,0.09512953443381839,0.09687329777444777,0.09576451141658607,0.09496499999999988,0.09477403512804285,0.09510910150608587,0.09649297262804284,0.0993054375,0.10332988242098337,0.10869509484987532,0.12053297786972152,0.13791145843482347,0.16440529430506667,0.19679800756107269,0.20764,0.1996890625,0.1907361333598951,0.18154402091974675,0.17200900597569727,0.16234615081967096,0.15436951050296835,0.1478912358532488,0.1418713618470054,0.13643757284289945,0.1311421249999999,0.12581290625,0.12045175
19-01-2026 15:25,25558.3,0.09612937413046395,0.09921015603261593,0.09916429535430311,0.09779487195860645,0.09715960785430311,0.09704440477584994,0.0972790283017002,0.09833849852585005,0.1009704375,0.10525271036126595,0.1117313844502652,0.12117706615289453,0.13150327620149518,0.15666405868903754,0.19318390181513825,0.20516394675152758,0.19692732999387874,0.18913972878797713,0.18061161605288192,0.17106424815335913,0.1631017518284641,0.1565469412084514,0.14924185744793803,0.142242550693322,0.13657391425777385,0.1312059374999999,0.12579796875,0.12049649999999999
20-01-2026 09:15,25559.3,0.09979735456733922,0.10121502349132949,0.10136869807855242,0.09934206035862049,0.09841042212956279,0.0989684707779236,0.09966025405584729,0.10092784577792359,0.1036160312499999,0.1084874600749038,0.11600906782477376,0.122884250392905,0.1293872701549813,0.15574418132357876,0.19291177350440994,0.20248744848591316,0.19385996996866292,0.18786577073294136,0.18139153375737066,0.17288039817812367,0.16456215875637778,0.15747961446065895,0.1500674295447256,0.14341671629210603,0.13809307392982878,0.13268631249999988,0.12725903125,0.121933125
20-01-2026 09:20,25552.55,0.09914889802281937,0.09968166185804127,0.1018302437553759,0.09998386295374223,0.09790246280070275,0.09882839683704749,0.10040616867409499,0.1021647718370475,0.1051880624999999,0.10990299161126595,0.11674783777294181,0.12381896257264058,0.13411858573693286,0.1627266096595767,0.19574644337496167,0.2025380547056603,0.19401618893738237,0.1876408680550005,0.1812516182819254,0.17347338222133285,0.16520885819266576,0.15755226064910716,0.150061524113712,0.14332597544410128,0.13811857975816344,0.13296472342303742,0.12767516559607495,0.1228683749999999
20-01-2026 09:25,25506.85,0.10610942008082705,0.10616340914298611,0.10680546301297764,0.10444701365761708,0.10214917837117685,0.10223074711594227,0.1031985234206105,0.10523909990842624,0.10882969238883049,0.11336438477766109,0.11908206048321957,0.12580273618877796,0.1345913756382664,0.16012571760550978,0.19338062092850775,0.2019903726939346,0.19382043405499844,0.18642731597793902,0.178803625,0.17072847859610887,0.16248011344221783,0.15502904109610885,0.14790678012869293,0.14103837452140539,0.13539915865673166,0.13012057788336526,0.12488780848869205,0.12060337499999998
20-01-2026 09:30,25488.8,0.11535069831142286,0.11241296811815112,0.11028021208059081,0.10806444979029536,0.10685233436700727,0.10685473876596138,0.10705728693090075,0.10863916378194663,0.11239703218846751,0.11731599892971586,0.12293320321515146,0.12911835089502557,0.13563223942112235,0.158391125,0.19212614615132922,0.20176060480265853,0.19331495865132925,0.18538874999999988,0.1772424687499999,0.16874954972560907,0.15984260468591568,0.15219674769500402,0.1456145052346974,0.1390051831757269,0.13302346010145388,0.12786881284876447,0.12307550934607497,0.1186954999999999
20-01-2026 09:35,25481.8,0.1186835699515664,0.11337957998789155,0.11052640624999999,0.1089224375,0.10846022627091224,0.10909565833612789,0.10941373336432236,0.11058952180391031,0.11426648641691936,0.11978881017541647,0.12558127318594578,0.13126914971281262,0.13778051600887475,0.16008289200175033,0.19335844324693302,0.20339355864473707,0.19435777745198643,0.18552588679227888,0.17735152152113942,0.16908872859610874,0.15994920067154886,0.15159390305477113,0.14497405597933105,0.13881015801401922,0.13299700352803864,0.1279022252263698,0.12329391567470102,0.11907512499999989
20-01-2026 09:40,25461.45,0.12081807331142286,0.11714801832785567,0.11431287021474054,0.11205477167948108,0.11082068332607221,0.11054429000461008,0.11088003764636986,0.11267948897423614,0.11670030127261728,0.12255361767281298,0.12835208831240041,0.1338065542562368,0.14020835525916156,0.16169213297755344,0.19426757031713762,0.2047091757835688,0.1954695541519925,0.18597360830398507,0.17784130415199248,0.16979846874999996,0.1609728802346973,0.15254988546939474,0.14524809898469732,0.1384530616151742,0.13233359198034841,0.12723760163721218,0.12262108004407594,0.1184325
20-01-2026 09:45,25463.25,0.11792111209516781,0.11527405927379188,0.11285586771153172,0.11089395417306354,0.10984618021153172,0.10942346874999989,0.1100220017548035,0.1125257222596071,0.11668207527808876,0.12243232820948691,0.12898724593280614,0.1348794277989998,0.14085359427110264,0.1626639545017503,0.19585721856608612,0.206153953033043,0.19667139518909585,0.18712829037819162,0.17887783268909585,0.17067184375,0.1620029062499999,0.153817125,0.14629103125,0.13865987861706963,0.1319688197341393,0.12766425832942016,0.1238204368693185,0.1194740847784703
20-01-2026 09:50,25462.3,0.11444968857879198,0.11103914089469794,0.10924352646474055,0.10836686542948107,0.10788918271474053,0.10786034374999988,0.1088268124999999,0.1116167187499999,0.11581990625,0.12097785561642108,0.12716827710403444,0.13363008110880545,0.1403556596211921,0.16279484375,0.19599862271035834,0.20579230792071668,0.1961464226394972,0.1866109123582777,0.17851345617913883,0.1704763125,0.1618838124999999,0.15386415625,0.14652862500000002,0.13907522299953484,0.13257866474906982,0.1287033909773057,0.12535452918838036,0.12120777293135551
20-01-2026 09:55,25459.95,0.11867192527036474,0.11514204659196699,0.11301231804875156,0.11138009652437572,0.11024652641138655,0.1098637090727731,0.11034812016138654,0.11281036038159795,0.11686972076319588,0.12139379142729342,0.12681389334139095,0.13311652479569536,0.14007353125,0.1624780625,0.19465865960253526,0.20352166295507063,0.1945958769496545,0.18588705969423833,0.1776517798471191,0.16938209375,0.1607238124999999,0.1521289574210108,0.1438969296160437,0.1372217162262657,0.13208562953844363,0.1278485742607041,0.12398233620160433,0.12004583477847029
20-01-2026 10:00,25467.2,0.12359290280833009,0.11978007394017645,0.11697269647618778,0.11422556698809384,0.11240536759359142,0.11171451643718283,0.1116187113435914,0.1136993788698482,0.11780432274049395,0.12233039955852235,0.12734631512495564,0.13289320318707892,0.14139135097993755,0.16586895195987517,0.19616102518406606,0.20296391090825694,0.1945776168804164,0.18649941660257582,0.17789331767628788,0.16920621874999991,0.16044503124999998,0.15100214436486598,0.14157521283546512,0.13524893007633204,0.13118008035573303,0.12676798047777077,0.12239480470554162,0.11843399999999998
20-01-2026 10:05,25465.6,0.12101556317519685,0.11793879981817502,0.11534025554875156,0.11296378402437574,0.11128124516138653,0.11046030282277318,0.11055049516138654,0.11254336038159794,0.1166122312254854,0.12147906398949615,0.12628631332892815,0.13155762018331935,0.14477544514249377,0.17412114028498765,0.20084501605634214,0.20398054807769672,0.19525828966384837,0.18673606249999997,0.17801737499999998,0.16928662499999989,0.1605884375,0.15176736367101082,0.14333030461604368,0.13676508071905497,0.1314275130036529,0.12630805895926162,0.12200573293738208,0.11784518883100485
20-01-2026 10:10,25484.8,0.116584125,0.1144156562499999,0.1123983437499999,0.1106728437499999,0.10934446875,0.10846380935355371,0.10873918120710752,0.11099918435355371,0.11480606500079754,0.1193311500876631,0.12455288855552177,0.13057877435124454,0.14424871833440994,0.17394021365364343,0.2011082474518217,0.20448663885486526,0.19556437145973082,0.18705270135486535,0.17855612499999998,0.16990218749999988,0.16133234375,0.15316693749999988,0.1456832499999999,0.1390011249999999,0.13246840398128915,0.12665655796257855,0.12256139155894985,0.11823945031064241
20-01-2026 10:15,25468.6,0.11905125,0.1161236874999999,0.11358999999999991,0.11143546874999999,0.109914906903124,0.10880579369305125,0.10863436667673024,0.11104374785764685,0.1149056609416878,0.11884126797084389,0.12411212642466883,0.13052575284933768,0.13934762795361638,0.1641325968078951,0.19599578277894755,0.20396607667917607,0.1947019612653256,0.1861878487431227,0.17814390165697325,0.16975918749999988,0.16121312499999987,0.1529889062499999,0.1454330625,0.1386580937499999,0.13230806072963083,0.12668421520926174,0.12222254543738206,0.11779868883100493
20-01-2026 10:20,25485.6,0.11421187499999999,0.11220578124999998,0.11037775,0.1086622187499999,0.10764989947006369,0.10736013895635782,0.10761064200252425,0.10986410013599042,0.1136761139895205,0.11763465283776514,0.12275216256859811,0.12899693592534062,0.13558992376690654,0.15831588199253616,0.1931977798507541,0.2045036694052424,0.19533578235935592,0.18625427315411563,0.1783123483996251,0.1701930625,0.16158571874999997,0.15327787499999992,0.14538720376520384,0.1383777200304077,0.13255232876520384,0.12738090768429708,0.12277562786859425,0.118711375
20-01-2026 10:25,25487.25,0.10903487499999999,0.108762625,0.10805084576300641,0.10693797277601297,0.10602264418630296,0.10634498091953438,0.10735181656917926,0.10896683954378521,0.1120916921916878,0.11652816404485472,0.12194091714802163,0.12802827491983632,0.13468916394165087,0.1574780203913958,0.1923316360842459,0.20375595765204152,0.1955929748906003,0.18749013218420743,0.17906928581683984,0.17029983081973293,0.16189482165986646,0.15357374849457292,0.14514029610170195,0.13816581546968482,0.1328688616125559,0.12791419067055154,0.12337838134110309,0.11959537499999999
20-01-2026 10:30,25478.75,0.11184135342640479,0.11233338131843709,0.1110095525445283,0.10987844495354891,0.10878717583650077,0.108560930814868,0.10919864721087016,0.11024287008971387,0.11293375697806725,0.11709989271800483,0.12222144168600978,0.12803565041016404,0.13449842163431822,0.15772647574253615,0.1922708200197233,0.20216500562783968,0.19416051714801758,0.18729111348952412,0.17836657979936607,0.1687353158487323,0.16088654854936607,0.15278299173800344,0.14404163073433926,0.137352348754668,0.13210320975833229,0.12701793893429708,0.12246762786859425,0.118299875
20-01-2026 10:35,25473.7,0.1133265904688948,0.11481949423022939,0.1125986014890179,0.1111439443890187,0.11012039353317896,0.10934454595465419,0.10971072060293988,0.11098009173206085,0.11374377912305668,0.11728750355945396,0.12183603124999991,0.12748253125,0.13376846875,0.15751490624999998,0.19340085299310505,0.20368301117141568,0.1946433383635161,0.18708721143520549,0.1777819916663223,0.16776145208264476,0.1601753354163223,0.152615435994573,0.14418217635553512,0.13713870097735123,0.13134799186638904,0.1261322812499999,0.12150115624999999,0.11699062499999999
20-01-2026 10:40,25492.55,0.11078247842640479,0.11131669381843709,0.10971471092367177,0.10814282421183584,0.106983,0.10676066853704412,0.10781505792860058,0.10976470693012486,0.11279772672262459,0.1162485307498493,0.12079736813158616,0.12660848649347317,0.13294097985536021,0.15703111492768007,0.19433253124999988,0.2054485742882985,0.19564655482659707,0.18759885553829847,0.17848368341674814,0.16854864808349632,0.16070321466674806,0.15316828124999998,0.1451915372431283,0.13816648073625676,0.13210454546756897,0.1268343914488812,0.12232438322444056,0.11799899999999999
20-01-2026 10:45,25480.45,0.1098085,0.10989005222854066,0.10848040111427033,0.10666874999999991,0.10546374999999991,0.10535829201675799,0.10649616536565758,0.10877702074049503,0.11193299470104938,0.11604127044284322,0.12135506501677845,0.12715985317089268,0.13336889132500687,0.1569796847377684,0.19390954065053007,0.20589404351520957,0.19651851914597107,0.18760835934710843,0.1789135124314308,0.1698872668306977,0.16136032091534883,0.15311940625,0.14516049999999991,0.138327625,0.13235919745665817,0.12705267616331636,0.12261591620665818,0.118451875
20-01-2026 10:50,25478.05,0.10799662499999998,0.10934436899157854,0.10761966500609214,0.1058395078402019,0.1051439687499999,0.10503059375,0.10613217756447271,0.10861282387894554,0.11187327131447272,0.11635475963611319,0.12208570677222648,0.1279011586056735,0.13411539168912062,0.15718783205698827,0.19336327242485588,0.20602630808742786,0.1971279167723917,0.18718815380923617,0.17852577605129738,0.17042228901445278,0.16103574229907558,0.15116851615752586,0.14305212476852555,0.1370240309094472,0.1318383613724834,0.1270432833475522,0.12272228947444055,0.11855624999999999
20-01-2026 10:55,25465.4,0.10839974999999999,0.10895071088048128,0.10714210265380494,0.10582892522570943,0.10545587499999991,0.10543425,0.10667284407353517,0.10929309439707044,0.11257918782353517,0.11672218894847815,0.12211269039695628,0.1284235421594764,0.13520836267199665,0.15798993384553472,0.19351006751907285,0.205538664389667,0.19667320277634318,0.18702030960871663,0.17791328340892626,0.16946174463320327,0.15919366817941386,0.14810795726525955,0.1402394846856882,0.13521909464193593,0.130863915511463,0.12662320840758848,0.12245571874999991,0.11832937499999999
20-01-2026 11:00,25459.55,0.10950412499999988,0.10883276128436306,0.10714070858551066,0.10587944735048238,0.10541546060369723,0.10556114788423013,0.10682829070648815,0.10937748151028584,0.11285174493802781,0.11704937499999998,0.12251543654897376,0.12909943838982763,0.1357821608827341,0.15789787160122218,0.19257058136868416,0.20420333849173597,0.19552856436478797,0.18683500869684677,0.1781535780289057,0.16825640435869957,0.1574729536689476,0.14850106161452944,0.14187426169990397,0.13618871840944713,0.13104438439804283,0.12627845439867086,0.12194153124999989,0.117879125
20-01-2026 11:05,25453.55,0.1110411082110408,0.10933704953868717,0.10744741987781099,0.10596428421611277,0.10528620272126347,0.10556146358221191,0.1068981669618597,0.10940461473092984,0.11307134375,0.11752221875,0.12336881697667886,0.13012985270335772,0.13650406697667875,0.15818240527790065,0.1921396855558014,0.20359308278303126,0.19517794876026123,0.1865430837551306,0.17794303124999988,0.1674721908491132,0.15627767390707167,0.14832018151680385,0.14270382345884525,0.13682637499999997,0.13091334308957533,0.12561546742915086,0.12123818683957532,0.117190375
20-01-2026 11:10,25452.35,0.11463389051914301,0.11124384813561386,0.10889006643594035,0.10711718449277649,0.10593685681868928,0.1060122991167261,0.10729798326846034,0.10986502288423013,0.1136714375,0.11821065624999999,0.12388418654897376,0.13043187309794754,0.13707421779897377,0.15890629651485316,0.19215978052970625,0.20288429651485312,0.19435731249999988,0.1855039999999999,0.17639824651361358,0.16658951291911553,0.15664737071341406,0.14821437622393596,0.14168215959787234,0.135688400363697,0.12976208194564678,0.12439515277500321,0.12010175400861135,0.11632212499999998
20-01-2026 11:15,25445.65,0.11774610821104078,0.11318636271189546,0.11044738657956754,0.10846703322765365,0.10694904390737937,0.10678105063179764,0.107891664952072,0.11037403124999999,0.11414184375,0.11888960699748179,0.12458271399496357,0.13067795074748179,0.1372895625,0.15905169453130932,0.19169038906261873,0.2020792570313093,0.19353721874999988,0.18458521875,0.1750740745300933,0.16547468031018664,0.1567036366761913,0.148422280542196,0.14092640761386838,0.13441015968554088,0.12875271980734582,0.12358373905499684,0.11902173009126737,0.11532412499999999
20-01-2026 11:20,25449.95,0.1168103862464441,0.11430570801666941,0.11234075885252921,0.11028079620597753,0.10842532540458982,0.1077459809412469,0.1085454829926346,0.1108470625,0.114518058419924,0.11953052605796574,0.12528584560615938,0.13091325296811773,0.13726940624999998,0.1593548833891637,0.19219876677832748,0.20192576587365352,0.19276376496897957,0.1839689449844898,0.17471434430709015,0.16518634486418027,0.15627094702697708,0.14783645543977403,0.14048436540173553,0.134012119113697,0.12806939671890877,0.12278028232152685,0.11816006878187321,0.1140589999999999
20-01-2026 11:25,25447.1,0.11403955516766844,0.11405630937554254,0.11327042904181273,0.111294625,0.10916585462106679,0.10821296931746072,0.10890106227172075,0.11115406762099879,0.11492229850643879,0.1196166876233441,0.12472008491005884,0.13036520074748176,0.13701431249999999,0.15945268749999988,0.1924287296184061,0.20153570933410547,0.19215857356299268,0.1835367858232226,0.17417981558743836,0.1649271489970886,0.15667944834219513,0.14859587716323105,0.14095798545661553,0.1341341562499999,0.12771771218285013,0.12207079936570023,0.11760893093285006,0.11331912499999999
20-01-2026 11:30,25458.7,0.11234663814415022,0.11211510128815377,0.11085872087605808,0.10892396874999999,0.10740596620297178,0.10707773592771899,0.10804635462503426,0.11048366124817842,0.11418511723719518,0.1183275993092278,0.12350532078418096,0.1298186809785139,0.13834869255924565,0.16249882029249482,0.19382782632755283,0.2018775137920658,0.1935491162965089,0.1845800469839125,0.174736739292322,0.16612404758637583,0.15825294154347644,0.15008590625,0.1421109062499999,0.13498971874999988,0.1285281145752602,0.12288560415052038,0.11855711457526011,0.11441037500000001
20-01-2026 11:35,25466.4,0.11467722109658124,0.11197469498151477,0.10961300735368472,0.1075005624999999,0.10608344083889111,0.10578792300310935,0.10689176226046548,0.10952501391283957,0.11295685386226399,0.11704327629567175,0.1228955865420417,0.1297196418340835,0.14025783519675353,0.16600665982280308,0.19530674079987687,0.2020273366971424,0.19354997211285593,0.184697063373977,0.17588582155240712,0.16737462947592927,0.15889903125,0.15037609375,0.14195932034770303,0.1343038357467356,0.12821394048550033,0.12324159262160579,0.11899341375542076,0.11516035988113102
20-01-2026 11:40,25461.5,0.119091375,0.11407223316892212,0.11093799158446097,0.10852166491699766,0.10662654858399544,0.10617984393223512,0.10747857168957786,0.10996024711049615,0.11302312021320834,0.1170374220270526,0.12268232486425695,0.1292601184785139,0.13786172380924563,0.16155629643206826,0.1927903482287446,0.20093890769239342,0.19155674152941077,0.18337809565621074,0.17586002982752824,0.16733215624999997,0.15816277591157243,0.14927186432314488,0.1406398689170212,0.13259428165067896,0.12674912803501137,0.12228606438978121,0.11809404756588815,0.11458269026355278
20-01-2026 11:45,25463.2,0.11994562499999999,0.1150933133617347,0.11138641716241515,0.10875687373404432,0.10682966374374872,0.10653642724266894,0.10828033295622108,0.11069532528136138,0.1134033986740665,0.1171546927703269,0.12264836685795646,0.12922385871591294,0.13602558560795647,0.15853561792623552,0.19191824203047722,0.20158125147919848,0.19280581117245593,0.1844270531388334,0.1758039260821199,0.1671671192407857,0.1578426493834759,0.14819449165070078,0.1396806006451523,0.13268545642343538,0.12692852850960587,0.12179352837686604,0.11720391288305095,0.11304960988113101
20-01-2026 11:50,25474.5,0.116008625,0.11200111906491249,0.10849398812982516,0.10637537773191023,0.10495513946791105,0.10480931477511764,0.10660974304416208,0.10897685332667963,0.1118809975337744,0.1161215157770526,0.12220444088337747,0.1291926317667549,0.13586778463337745,0.15769495378615397,0.190390850808522,0.20053502382682759,0.19289401529233516,0.18478136521608465,0.1759979047867879,0.16767339680857885,0.15898896341157243,0.14917802096090585,0.13995678405035572,0.13332692136428356,0.12782350570990675,0.122277152943291,0.11756896709664545,0.11307537499999999
20-01-2026 11:55,25481.0,0.108059125,0.10525923615436515,0.10342000355873042,0.10237392365436516,0.1016355448343903,0.10269499369073354,0.10557817077326709,0.10780307106189514,0.11040666164497118,0.11509015624999999,0.12140521060795646,0.12841957746591293,0.13559477310795648,0.15639198276648272,0.18711781742974823,0.1977093851056438,0.19143601940241922,0.18461317111527217,0.17706316514601678,0.16854787538223942,0.1596984497829075,0.1505663236274758,0.14152644204648204,0.13469861913489806,0.12926516123720622,0.12394448957553635,0.11941257291276812,0.11514674999999999
20-01-2026 12:00,25467.5,0.100214,0.09981340624999999,0.0997653125,0.09964324999999989,0.0996296249999999,0.10176280361043348,0.10544174821915238,0.1076878981070043,0.11038176599828542,0.115431125,0.1217901875,0.12883984374999988,0.13648303124999991,0.15819812376573175,0.1901125823181034,0.201135070657257,0.19404103184276114,0.18600181215750575,0.1775408924196301,0.16826105633900307,0.15904545642800622,0.15023545842034342,0.14134804789597735,0.13457382704793372,0.12957566114451793,0.1246613973224425,0.1204666986612212,0.11657574999999999
20-01-2026 12:05,25450.2,0.100344875,0.1006273125,0.10070637499999999,0.1005464687499999,0.1006553749999999,0.10245842366817179,0.10550254468598527,0.10809184961745494,0.11169941609964155,0.11714996875,0.123581125,0.1306866562499999,0.1383802499999999,0.1608650553181423,0.1935822668862846,0.2036686178181423,0.19502928125,0.18562999948037368,0.17615215521074742,0.1672065993718275,0.1576585041981446,0.14756514203135973,0.13877436067318571,0.1324799356229494,0.1277412466935466,0.12338015125288049,0.11968409223376632,0.1160593749999999
20-01-2026 12:10,25433.1,0.10722924999999998,0.10613342888490243,0.10503457651980495,0.10403805388490242,0.10359021874999999,0.10427541477810265,0.10621770455620543,0.10920697727810266,0.11347737499999991,0.1189276875,0.12526418749999998,0.13250559699471912,0.14028841273943832,0.1623415344947191,0.19424321875,0.20333106249999988,0.19413693749999988,0.18446863700924715,0.17446229083094655,0.16561542063415152,0.1554158889077383,0.14368860422744983,0.1354721434993627,0.13044649124934152,0.12600498950973144,0.12205703014025963,0.1186224606388351,0.11533940275704435
20-01-2026 12:15,25439.15,0.10837802859747062,0.10691025927422595,0.10547257200315846,0.10430647437715275,0.10408594545141484,0.10508228789010358,0.10699246073507865,0.10983765210550574,0.11382340880911586,0.11900706249999991,0.125282,0.13278845947516865,0.14076966895033746,0.16255033447516867,0.19356063844162974,0.2013463359460547,0.19206025155842507,0.18370573602557883,0.17437093078737312,0.165027873151215,0.15561128654099068,0.14582878936829893,0.1383372009369807,0.13276808687669234,0.12737009514674968,0.12268350454537232,0.11899836514837382,0.11601966662083489
20-01-2026 12:20,25436.4,0.11081631979440895,0.108415932012643,0.10637913185937412,0.10492046013490242,0.10472796139152767,0.10620375757071358,0.10840931261067924,0.11090363664363852,0.1143533400304552,0.11920596981831003,0.1254301874999999,0.13272562824471912,0.14047816273943833,0.16216794480721058,0.1918648141538487,0.1980864654300861,0.18906269916862395,0.18219111334992727,0.1743583363324843,0.16542637737490437,0.15659650381879334,0.1482722552626822,0.1406603307563411,0.1339123125,0.12767275,0.12254364583018391,0.11887151407390271,0.11569351465413906
20-01-2026 12:25,25423.6,0.11516240359747071,0.11226991148718009,0.10931142091890608,0.10707678124999989,0.10595029337840448,0.10626807749408297,0.10806168366206828,0.11125040579774076,0.11556138494358607,0.12038419119223501,0.12639374999999992,0.1335804062499999,0.141229125,0.1618681942035451,0.19062417574379,0.1986314529397396,0.19086577545349492,0.18296023654520516,0.17436658874120495,0.16533134374999997,0.1564285625,0.1480725937499999,0.14024903125,0.13324237499999997,0.12698528729028857,0.12244638436378794,0.119815864929737,0.11701045729210763
20-01-2026 12:30,25431.55,0.1114607273125928,0.11116263764575302,0.10854794991169187,0.10603697525577897,0.10523182560052083,0.10555406622329382,0.10709480602869348,0.11069409373388847,0.11570421941171517,0.12116728418532927,0.12784947365715443,0.13499442387589358,0.1422314371982109,0.16190820912113313,0.1899941404708419,0.1994141223282841,0.19269884722857536,0.18385557531425262,0.17418827562850522,0.1651390128142526,0.15655681249999998,0.148301625,0.140637875,0.13375093749999997,0.12760929295748014,0.12325730658855841,0.12067390037287427,0.11776303927279225
20-01-2026 12:35,25423.05,0.1072003051120472,0.10899973631076942,0.10769083227226836,0.105345062626478,0.105012051097846,0.10595528770540696,0.1075141690180169,0.11073003839267084,0.11569606413752213,0.12228269418491175,0.12983982725771165,0.1365071162651333,0.14304486775393982,0.16259334628903915,0.19086474772314824,0.19980364580724347,0.19222693360119902,0.18313528663325454,0.1732230306574759,0.16424036284938193,0.15632024209709586,0.1480325754006948,0.13983001053306293,0.13318932611404136,0.12761992827196186,0.12269897300528707,0.11876204616434084,0.11516322309852982
20-01-2026 12:40,25423.5,0.10932322731259278,0.10938433963558643,0.10840708449276591,0.10642978931321725,0.1055805298121208,0.10623531839649365,0.10795610399029323,0.11114214027803095,0.1162160363446907,0.12273368466885315,0.12938269750184514,0.1359456426258936,0.14317846844821086,0.16299514112740515,0.19132793850481034,0.19963135711839003,0.1911692757319697,0.18258982255523745,0.172654849345776,0.16243231233855818,0.15481500289679867,0.14702359179129995,0.13827685716519175,0.13192592647577567,0.12718422776211974,0.12224945542157799,0.11793670647217569,0.11456630751607896
20-01-2026 12:45,25416.4,0.11436374999999999,0.11195784594265057,0.10986041063530122,0.10792871286461778,0.10679135884393423,0.10687427317196711,0.1084301562499999,0.1117762688343299,0.11657942315792481,0.12223050797488355,0.1284492593133127,0.1351183431620239,0.14256896874999997,0.16282711343137318,0.1915439143627465,0.19994967765943777,0.19147190970612915,0.1824789875820314,0.17197650886626195,0.16139192432957522,0.15380342172623201,0.14693275205964682,0.1391718855330628,0.13256998236404136,0.12703320348167324,0.12181190624999991,0.1176837965878331,0.11484068635133245
20-01-2026 12:50,25426.5,0.11477249999999992,0.11209630523360374,0.10951198546720747,0.10771766402163632,0.10686031132606524,0.10681026503803256,0.10817737499999999,0.1116078360416767,0.11620920333335363,0.12149991697878235,0.12789728687421106,0.13437623718710553,0.1413249375,0.16243152940696226,0.19264549631392452,0.20131702940696228,0.1925277812499999,0.18282704767718988,0.17249359937017558,0.16332005154854498,0.1554472144453234,0.14783462083976392,0.14039618749999988,0.13352296875,0.12708351127459708,0.12135930379919405,0.11701205690361677,0.11355655751607896
20-01-2026 12:55,25428.95,0.1132275,0.1107831188058609,0.10826770636172181,0.10665423572782803,0.10600317134393422,0.10644761001886367,0.10833739756890615,0.11140727218145258,0.115382542793773,0.12044873699635388,0.12678568632404785,0.1338000448285495,0.14124884083305117,0.16260704541652551,0.19305861518110679,0.20152563661221376,0.19289517768110687,0.18361530688262115,0.17380330126524232,0.16512980688262116,0.1568271562499999,0.14846815625,0.14078931249999999,0.13390384375,0.12723716308068828,0.12125104491137642,0.11684788836514617,0.11320577613783168
20-01-2026 13:00,25428.55,0.11145799999999989,0.10875732170024417,0.10683828792604252,0.10568438545019515,0.10510142438249637,0.10610684742517745,0.1087197653496875,0.11156845312258691,0.11499080738182868,0.11994721875,0.12633362499999998,0.13398358723653023,0.14387430762621656,0.1668330097928423,0.19490015256665538,0.20131525757699897,0.19316720691349945,0.18399752924227925,0.17386683973455846,0.16544252924227923,0.15743340625,0.1490918125,0.1413751875,0.13442240625,0.1276738159610996,0.12161947567219936,0.11732221198463819,0.11407083409415425
20-01-2026 13:05,25423.7,0.110149875,0.10698059561046844,0.10556274754058283,0.1049451197550968,0.10448508777972884,0.105300427611761,0.10757333506890625,0.11075324638046116,0.11487920994178996,0.12000149303333846,0.12634096875,0.13410237003580058,0.14631323506805127,0.1714760162787007,0.19761167267755692,0.20185598043860636,0.1931065528338921,0.18393780503037288,0.1741193911579606,0.16534691809186938,0.15703950752577817,0.14904898813788903,0.14136596780560945,0.13412377936121905,0.12757149000735205,0.12159514250425645,0.11716803743774293,0.11407565113783168
20-01-2026 13:10,25424.7,0.10884800089334946,0.10789745418997783,0.10679089620883503,0.1057081427165914,0.10507220563249639,0.10553216531624819,0.10733956250000001,0.1108268223100291,0.11556701962005833,0.12077063184624778,0.12700508782243713,0.13470129685251062,0.14468242028574024,0.1674649098726041,0.1955506540450114,0.20150935609731566,0.19222186826906504,0.18385252207149036,0.17494385301577117,0.1652500548916404,0.15603497551750972,0.14827014071732658,0.14051727257954347,0.1331261644083718,0.12702857453142005,0.12109851493746064,0.11630555001786115,0.1134826249999999
20-01-2026 13:15,25413.05,0.10776200855371997,0.1090961896384299,0.1083189062499999,0.1067199375,0.10602826980991858,0.10655850836983734,0.10808955105991866,0.11124403984454115,0.11627538604211533,0.12235266820765679,0.12851127516713237,0.13475212152632474,0.14188068048854993,0.16318701211927497,0.19339167447146982,0.20132744276933234,0.19260617462425517,0.18400679849950327,0.17461528434622128,0.1654002240609997,0.15663369502577817,0.14807739110936935,0.13991433624857005,0.13327402608269934,0.1272200557617007,0.12079200671505969,0.11589143706184589,0.1133287499999999
20-01-2026 13:20,25432.95,0.10773500089334946,0.10794121897333729,0.10700359375,0.105670125,0.10543509477718865,0.10632026764508663,0.10766862595860723,0.1104401312612534,0.11578581808200294,0.12256122092872009,0.1282670752936074,0.13332624427634618,0.1397599374999999,0.16136727748752702,0.19285466961690953,0.20215728802123792,0.19359591920617472,0.18397443162972538,0.17415298081649278,0.1658607600010867,0.1578161249999999,0.14884432129083128,0.14048321967062055,0.13419694421874717,0.12835538027147533,0.12198380500658748,0.11690466921562262,0.11437049999999999
20-01-2026 13:25,25422.0,0.108251875,0.107304,0.10611478124999989,0.10503309374999999,0.10481661355991867,0.10562010697824736,0.10728402952673881,0.1104907893258544,0.11542309403792161,0.12100793089523455,0.12663424879648172,0.13265275247172437,0.1394476249999999,0.1606874357619018,0.19217959027380369,0.2021397170119019,0.19329081189119462,0.18342295345550008,0.17439884623741603,0.16608761092311064,0.15762215625,0.14905882801042689,0.140965460337686,0.1341805303940912,0.1282806666160144,0.12248410750489237,0.11767081561223813,0.11481675
20-01-2026 13:30,25415.05,0.106090125,0.10541365625,0.10459165624999989,0.1039722499999999,0.1040045937499999,0.1052750829950463,0.10775497849009272,0.11146740754150233,0.11621046159291203,0.12111644954645602,0.1269366249999999,0.13383103125,0.1410186874999999,0.16224049623752704,0.1932092737250541,0.20245865248752704,0.1933467033183749,0.1837401253867499,0.1749515158183749,0.16628756249999999,0.15761521875,0.14948046875,0.14168414396197793,0.13475047542395585,0.1286946964785913,0.1232851883244842,0.11907836030556226,0.1158576898257362
20-01-2026 13:35,25392.3,0.10876,0.10752671874999999,0.1063167187499999,0.10556415624999989,0.10557649999999989,0.10718415557800817,0.11012046740601641,0.11360240879545255,0.11809278768488868,0.12340865946744439,0.1296165312499999,0.13667853124999998,0.14406465625,0.16466308718297276,0.1940961431159456,0.20257468093297276,0.1938539050911203,0.1845048101822408,0.1751928113411203,0.1661398437499999,0.1575765,0.14948387884979297,0.14180484226714257,0.13513242298490624,0.1291709156167388,0.12384224542591324,0.11959601543692353,0.11592444593057488
20-01-2026 13:40,25365.4,0.11496612499999999,0.11258003124999999,0.11033440624999999,0.10877018749999989,0.1082206562499999,0.10930550490433696,0.11191772855867403,0.11541859865433696,0.1199579374999999,0.1255125625,0.13199303124999998,0.1391179374999999,0.1465439374999999,0.16610741475972937,0.19378695451945882,0.20163139819427656,0.19301718561909426,0.18390607718454705,0.1745956562499999,0.1649932380268411,0.15598316355368222,0.14780638493369427,0.14025557506370645,0.13394092815685316,0.1281664374999999,0.12271939636879213,0.11814937144401828,0.1140228148257362
20-01-2026 13:45,25372.15,0.11451971678776479,0.11294246627604192,0.11055926165820149,0.10891822457910069,0.10838431249999991,0.10916146874999991,0.1115988124999999,0.11570094908115204,0.12099636937088719,0.1265049852483181,0.13264843995858294,0.1397096562499999,0.14720034375000002,0.16685043093297275,0.1944545493659456,0.20043970178913323,0.18930920242159036,0.18049532529817983,0.1728464829881917,0.16392747494147272,0.15499983456078062,0.14698988539836394,0.13985054737654876,0.13388429835293444,0.1281760937499999,0.12260867707754877,0.11789597915509765,0.11361324999999999
20-01-2026 13:50,25364.1,0.11202020553949665,0.11249896023937556,0.11033081770900281,0.1090117318734972,0.1088384897879916,0.10943569801899575,0.11175296874999989,0.11626250257412565,0.12218226880669801,0.12751318614101897,0.1330779199084466,0.13995187499999998,0.14747109375,0.16726196875,0.19493081249999988,0.19975913307699827,0.1866383566034344,0.1773145675672518,0.1707285133817923,0.1632596478874469,0.15509048822063462,0.14714385317192522,0.14028808386822972,0.1342073653704687,0.1281407187499999,0.12250603125,0.11772409375000001,0.11338625000000001
20-01-2026 13:55,25368.4,0.11138547685721226,0.11247088928054616,0.11045410263248628,0.10906297917402329,0.10892491821556038,0.10958983410778009,0.1118864374999999,0.11596966783115202,0.12152384916953181,0.12723275734560735,0.13307601350722764,0.1398679062499999,0.14739040625,0.16731156249999998,0.19517518749999987,0.2018025788561088,0.1907777020635272,0.180401541474014,0.17229036716384277,0.16441964310769772,0.15586048285961968,0.14794002056984898,0.14095248192067975,0.13466139148737638,0.12900683904120885,0.12400711518992875,0.11963696315700993,0.1156114858050936
20-01-2026 14:00,25369.7,0.11156560756910708,0.11155037187455544,0.1097429399645573,0.10820832425127451,0.10794658353799161,0.10902588551899575,0.1116111249999999,0.1155582187499999,0.12120610728521712,0.12753996457043437,0.13344620103521712,0.1403094227960376,0.1482373455920752,0.16797270911590684,0.19561366638973854,0.2034507550698691,0.19362091548503588,0.1823598003098525,0.17352910416459705,0.1659916378598114,0.15748264954006172,0.14916741852003082,0.1416804687499999,0.1355160134194637,0.13065870011740927,0.12652420857773747,0.12287784287820036,0.11951601458839439
20-01-2026 14:05,25359.55,0.11374307174154867,0.11212764293538709,0.11003665600767291,0.10839215576534585,0.1082238259817826,0.10961727744821927,0.11233735747410958,0.116421125,0.12270103201111263,0.13000348660043365,0.13609729137439813,0.14274560171213463,0.15058942814724569,0.16929030929568886,0.19562335465100095,0.2029281517365269,0.19361186371409303,0.18359533013683454,0.1747507792754959,0.1668032759417278,0.1582406434685482,0.1495255994370965,0.14214983096854822,0.13597892273737638,0.13010275590915346,0.12484840767134162,0.12090414502732719,0.1176506258503943
20-01-2026 14:10,25355.15,0.1163268158610924,0.11337624430094045,0.11087161631987506,0.10898779913274782,0.10885593440709829,0.11037986001711637,0.11301552375855814,0.11727474223024076,0.1240633057922485,0.1318919538824455,0.13852283594474965,0.14468346380599023,0.15256022348098977,0.1720373870256751,0.19665301844945365,0.2018785515395696,0.19252373879086238,0.18338168265053542,0.1748075081944023,0.16673119326824956,0.15764123849720818,0.14815913752051565,0.1413824345494065,0.13590016052609905,0.12913614498509327,0.12266464285502883,0.11854949382537712,0.11536757228239788
20-01-2026 14:15,25366.45,0.11763593091862051,0.1139087476239158,0.11135309204619435,0.10960163940960652,0.10921934703222501,0.11049578829910438,0.1130180972745522,0.11740328545632178,0.12349793251210829,0.12961274373345946,0.13628775969356624,0.14350384095357824,0.1546638591974727,0.17729829301616878,0.19868135475297413,0.20107468615761961,0.19194313880268093,0.18261011442220476,0.1744440538304728,0.1665011350499224,0.15704237197894436,0.14725081591031866,0.14057414088380377,0.13561472820242962,0.12923717803290405,0.12304693981133198,0.11897493927395172,0.11545775
20-01-2026 14:20,25356.3,0.12020185862985212,0.11599487401402989,0.11272069371313378,0.11109056560656684,0.11065672745360977,0.11147757990721965,0.1138956972540731,0.11786374433116732,0.12262961051094486,0.12768330473024075,0.13404507615203567,0.1414577460540716,0.15363356519141977,0.1774564347319886,0.1992697148458254,0.20160470665322067,0.1925264326057244,0.18312283396144893,0.1747886826057244,0.1664688125,0.1573889575404172,0.14842038406168037,0.1410817705021088,0.13519034398084576,0.12902741427700545,0.12323592230401104,0.11868566427700547,0.11440449999999991
20-01-2026 14:25,25378.65,0.11882699999999999,0.11492746725694153,0.11159013416010552,0.11010221029938626,0.10976865819666487,0.11064018016809737,0.11335136529641765,0.11734527833582696,0.12167679495257795,0.12645928529551376,0.1324535312499999,0.1414275748158774,0.15431920442674174,0.17599771565585118,0.19909258604498684,0.20306663760867155,0.1933009066546325,0.18399774423325024,0.17592647518728918,0.1674819375,0.1585680312499999,0.14976568981243765,0.1417714108748754,0.13552059606243763,0.12962171874999998,0.1239162499999999,0.11907918749999999,0.11448875
20-01-2026 14:30,25385.8,0.11270837499999999,0.1102399656317786,0.10818329692889085,0.10719929166542258,0.10705508632128699,0.10835223707523554,0.11125256704498111,0.11559031017929068,0.12059230121267374,0.1251506969561052,0.130895174250294,0.14250502046200145,0.1582133044732972,0.1786984320617663,0.20040678630017644,0.20421516109548457,0.19449938313879067,0.1859807204911273,0.17793962344782133,0.16918878124999992,0.1603592187499999,0.15146894243777492,0.14336863487554993,0.13724911754416894,0.1315277564627879,0.12610292510639393,0.121526125,0.11708474999999999
20-01-2026 14:35,25374.45,0.10986764967239943,0.10808605788023018,0.10649240988549451,0.10563452035959929,0.10591723666123622,0.10750802504221352,0.1102735261344247,0.11475388788055337,0.12022784337668223,0.12502731231334102,0.13106972400064992,0.14047561656717739,0.15114161178010377,0.1716363010159045,0.1985056442069574,0.20558801251330078,0.19689815021734328,0.18841370010867153,0.1797564687499999,0.17086109374999991,0.1621922499999999,0.1534462801383108,0.14547065402662168,0.13904599451823435,0.13304574125984708,0.1278068393799235,0.12341640624999999,0.11904912499999999
20-01-2026 14:40,25356.7,0.11174357427583043,0.10953645606895752,0.10711413073818839,0.10556923117935357,0.10640397639414184,0.10853393845297667,0.1112704062499999,0.11570473901554293,0.12133804434149907,0.12662693413636913,0.13255249056070711,0.13952406725058805,0.14653445550029404,0.1669717596576015,0.197136363065203,0.2065733534076015,0.19832559375,0.18936946874999988,0.18040503125,0.17147137499999987,0.1626973437499999,0.1540593646569902,0.1462100418139806,0.1396660085133843,0.13360506896278793,0.12815033135639392,0.12348443749999989,0.119069375
20-01-2026 14:45,25345.55,0.11176739967239945,0.10980441241809984,0.10703335653140028,0.10501711931280078,0.10620973153140029,0.1087737187499999,0.11176821857189809,0.11656188255506394,0.12238523294903102,0.12770344252046242,0.1332510610545973,0.13986496874999993,0.1471028437499999,0.16812153115462916,0.1986063435592585,0.20704130501217602,0.19758382896509358,0.1884982860276693,0.17955843059024523,0.17063876217012255,0.1618843749999999,0.15314173456856006,0.14526712538712036,0.13885379706856016,0.13282485013914686,0.12716860652829387,0.12267828178793266,0.11887460159514301
20-01-2026 14:50,25348.5,0.10484374999999999,0.1044009687499999,0.10319714987328577,0.10237708099657161,0.10381927487328577,0.10653962499999989,0.11019474796156432,0.11552757317212789,0.12114912501997582,0.12631377236982538,0.1323257538104131,0.1392814687499999,0.14667518749999992,0.1684461562499999,0.19891853618508065,0.20497078898275842,0.19416174808025777,0.1863282482233599,0.17853032096157734,0.17009663052079738,0.1615028749999999,0.15290687025125335,0.14527849050250682,0.13875712025125334,0.13252992366285113,0.12697253482570234,0.12316801434700916,0.12051286273663206
20-01-2026 14:55,25335.5,0.09980212499999999,0.1004459374999999,0.10086884017374603,0.10145960232257849,0.10308712162391886,0.10603985947508632,0.1100990935718981,0.1157427792697899,0.12217161138833935,0.12804819785384403,0.13422730451233902,0.14119300474369922,0.1486825072895133,0.16973572239475662,0.1975833941328098,0.20128631928283403,0.19050522842456868,0.1838554939519972,0.1771250465975753,0.16872251217012255,0.1598239687499999,0.1516078125,0.1443925625,0.13794356748029674,0.13200992259974062,0.1270318927585907,0.12347837553793267,0.12080410159514302
20-01-2026 15:00,25288.25,0.10156245169463851,0.10140464417365953,0.1018698124999999,0.10289787193176987,0.10476905636353984,0.10807052818176986,0.1123852499999999,0.11780295387842564,0.12512101244012758,0.132982040401509,0.13930995274633798,0.145320025015993,0.15264613946892416,0.17219392910946207,0.19750856393129923,0.20149658943482915,0.19169773449574312,0.1836260501621959,0.17501606821152052,0.1656864540830757,0.15708157079153776,0.14954884375,0.1427061875,0.13659849291697193,0.13107551708394385,0.1264618159003215,0.1229375209666991,0.12021349999999999
20-01-2026 15:05,25289.95,0.1015141497986747,0.10104833002090305,0.10166227426330197,0.10334153854354289,0.10597046895017273,0.1097271719750863,0.11437747145303587,0.11975209915607186,0.12714029239268398,0.13581884796751006,0.1423564518660757,0.1478126159829705,0.1549396322895133,0.17412644114475662,0.19869277021532536,0.20295757168065084,0.19377498896532536,0.18484440625,0.17449808216838814,0.1644868830867763,0.1568054259183881,0.1501820625,0.14374618749999998,0.1381678174802968,0.13315663496059366,0.12882107585138544,0.12554575700926945,0.12335896106836919
20-01-2026 15:10,25245.35,0.10120570169463851,0.10204427939691466,0.10325646317414133,0.10543883662500916,0.10886459930927367,0.11316988611854722,0.11826885839847784,0.12433512304511415,0.13109056683301976,0.13824795234204343,0.1448495884194632,0.15105480770452953,0.1583139062499999,0.17751334375,0.20245015274621855,0.20621632048449573,0.1955248389803354,0.1856205644141235,0.17505430036724967,0.16584254621830402,0.15841427688797247,0.15142371322970608,0.14553988786485297,0.14039599055979363,0.13560410611958734,0.1320532631378089,0.12953961417050164,0.1276092760578854
20-01-2026 15:15,25238.75,0.1076199999999999,0.10802463632123446,0.10867226001827403,0.11032061932840037,0.11370033330208475,0.1180266013442255,0.1230179979752998,0.1294140639169869,0.13553523402971002,0.14136685322089654,0.14803944537967526,0.15477621936123004,0.16195658207308217,0.18095913962021187,0.2065353846673416,0.2103334614937472,0.19837781957015296,0.18697257334775996,0.17569796662298734,0.167727598807924,0.1600221834553466,0.1514275879154528,0.1455726064577263,0.14020193801375452,0.1346752197775091,0.1310677953414364,0.12857562456898586,0.12629776465448916
20-01-2026 15:20,25191.85,0.12117504062375166,0.11965672429630071,0.11820989877196156,0.11798692715356021,0.11987728987299899,0.12305037134243776,0.12726556246374285,0.13279782720175354,0.13812478965093547,0.14392393117700053,0.15075634012058972,0.1574307936673857,0.16444618471418176,0.18199302475132154,0.20563748978846141,0.20988716613628908,0.19907115498411676,0.18718294607616948,0.17539145591822217,0.167283868584111,0.15939919060976965,0.1505150687195393,0.14357956560976964,0.13721995930979364,0.13103307486958746,0.12605853390445926,0.12204741832258262,0.11848457653300588
20-01-2026 15:25,25185.2,0.13774016167789396,0.13469049367639033,0.1306079124876023,0.12812250074605858,0.12797710555263758,0.12929145834533137,0.1326275683825911,0.13739061591985074,0.1416140423349254,0.14728497914830213,0.15444758329660427,0.1605299420598432,0.1669088633230822,0.18327548049348294,0.20497594141388356,0.20906604883194174,0.1989985312499999,0.18804306253759223,0.1771948125751844,0.16805356253759213,0.15976204841436703,0.15135209682873405,0.14301198591436706,0.13516681249999987,0.12808187499999998,0.121461375,0.11544851574013115,0.10986056296052463
21-01-2026 09:15,25171.75,0.1487470367696284,0.14367256098628653,0.13790845425221454,0.13464215015351652,0.13355978125,0.13373465624999997,0.13618502557333784,0.1402801761466757,0.14450321307333786,0.1501991749004694,0.15723263105093876,0.1634557374004694,0.169929,0.18666715197243208,0.2084442349346402,0.2121445452019842,0.202358462239776,0.19250321874999998,0.1818427569611717,0.1711588478764131,0.16216120611931117,0.15396617770406965,0.14519778125,0.1365535937499999,0.12844534375,0.1206551874999999,0.11311963584077361,0.10561004336309447
21-01-2026 09:20,25204.0,0.13976011135170607,0.13488834903346764,0.1298371419519425,0.1276024681445833,0.1275164090669373,0.12849229141855192,0.1313820999994007,0.13531523621855163,0.1401693637292341,0.1464373580304971,0.15352037231099425,0.16072645178049708,0.1680774375,0.18740921874999997,0.21337665172739959,0.21827632805719469,0.20827516968219015,0.19916908710239517,0.18732934356353542,0.17403701420423445,0.1652628102178625,0.15895163957716346,0.15095546875,0.1423969062499999,0.13423759375,0.1265896875,0.11899225518010906,0.11077439572043643
21-01-2026 09:25,25249.5,0.12588000000000002,0.12222663501873525,0.11865355188436758,0.11785279752135173,0.1188489847667973,0.12070902561024953,0.12482222450551439,0.1292556361407103,0.13441303124999998,0.1412584062499999,0.14873403124999998,0.15656815625,0.16439468749999991,0.18551266297180838,0.21532824657052882,0.22242012308882383,0.21258140835329437,0.20416265011319107,0.1925527936902418,0.1784449254080568,0.16939509474538794,0.16365311927757298,0.15597240625,0.14737928124999988,0.1393248437499999,0.13208834375,0.12477863974024118,0.11610230896096474
21-01-2026 09:30,25231.8,0.1297880369154995,0.12129816268312425,0.11697096735212457,0.11646739964239061,0.11702685650383064,0.11818330409057247,0.12224969973921569,0.12770732126008325,0.13360884374999993,0.14108761297202393,0.14918150719404796,0.15675711297202394,0.16427193749999988,0.18486270893768167,0.2136235385357892,0.22130430108447782,0.21325769731231498,0.20468674196231723,0.1937669328168484,0.18217523782255546,0.17233171049005627,0.1640995455979765,0.155456375,0.14646153125,0.1380697499999999,0.13049275,0.12325916143010907,0.11547564572043642
21-01-2026 09:35,25229.95,0.134659155900922,0.12195430531471059,0.11577044566973996,0.11537134412235386,0.11680926546880166,0.11814077982054134,0.12161675922514634,0.1273657702521054,0.13383640075105258,0.1420129618986846,0.15117539941999755,0.15895859773233892,0.16604471979942345,0.18664984756020583,0.21509340120640852,0.2217931723842357,0.21312448053647934,0.20320814455672007,0.1919603838397527,0.18233850452116465,0.17268909395257664,0.1629383126012883,0.15373615625,0.1447629375,0.1363726249999999,0.12873265625,0.12228944445091756,0.11725827780367057
21-01-2026 09:40,25195.85,0.13524071193037626,0.1238607339621194,0.11804460611476264,0.11709744897527415,0.11831461670054849,0.12045001147527423,0.1241799533049586,0.12988823424972917,0.13648795233458222,0.14373725311183577,0.1526439684347841,0.16166061454363811,0.16880649442101994,0.18760700282161216,0.21451188247811814,0.22070933751182548,0.21038734924092703,0.19950420708787167,0.18921878399849473,0.17925052946051442,0.1688167766482837,0.1593085133241418,0.150394,0.14148787499999999,0.13304190624999998,0.12525287499999999,0.11928152523360736,0.11597472593442977
21-01-2026 09:45,25195.8,0.13076112244968802,0.12309146534691934,0.11888208821899471,0.11777719113629605,0.11863038780359751,0.12136224728291371,0.1256648825132827,0.1315971761791203,0.13838813709285236,0.14483775879589977,0.15280109121276939,0.1618533670139365,0.16937330413956447,0.18684870185006877,0.21158734702334248,0.2177310485116712,0.20716920611744621,0.19599088098489256,0.1868179873674462,0.17686560405390103,0.16601202060780207,0.15684741655390103,0.14810315368144214,0.13920511986288425,0.1308861196255904,0.12316699438829654,0.11668237914506582,0.11156352780367056
21-01-2026 09:50,25185.15,0.12237351285422703,0.11797222940085528,0.11537288987459698,0.11508684100660121,0.11657397963860534,0.11993643183282011,0.12480991527703478,0.13147794386808426,0.13960326464840925,0.14680331678873526,0.15365526020438375,0.16127243186336407,0.17046803516975723,0.18975482401323818,0.21212778197882462,0.21572982998147025,0.20475923294088172,0.19336060476933334,0.1842829482160215,0.17521746942689947,0.16510256732865933,0.15623258053932962,0.14762912261160893,0.13852971498066008,0.1303211085556631,0.12353606261578183,0.11747326517916985,0.11138674999999999
21-01-2026 09:55,25177.9,0.118597,0.11465574918021897,0.11321052537515987,0.11405833412410646,0.1160716338681457,0.11952171406518784,0.12443998176223002,0.1321418677637314,0.14205564636784182,0.14984187897393608,0.15561242012481255,0.1621068418861018,0.17406999504738324,0.19604733384476647,0.21452637004738323,0.21405850931316012,0.20227169914134946,0.19038759841047817,0.1815272616495486,0.17325959553070772,0.16362001617689595,0.15518658621344794,0.14718855993144214,0.13805211057670366,0.12970538230322917,0.12383489271429676,0.11862193741850982,0.1127193749999999
21-01-2026 10:00,25151.55,0.12196439872095582,0.1159069294755746,0.1143173475968986,0.1163796436639772,0.11961503663431394,0.12308207464373142,0.1270226372591475,0.13281439743332843,0.14057385936878553,0.14811873914892348,0.15514106580051037,0.16267113680561737,0.17459943563927038,0.19559387127854086,0.21321477938927036,0.21225671795540668,0.20103657337594566,0.19056294427324105,0.18146244649027193,0.17236197327579633,0.16276404377645287,0.15391586563822643,0.14565653124999992,0.1372052510074421,0.1294336895148842,0.12331196454489435,0.11775523957490469,0.1117453749999999
21-01-2026 10:05,25168.3,0.12434175638316552,0.1185368656410674,0.11635666135527405,0.11834136788712113,0.1226709806521678,0.12666779964064992,0.12991647565291864,0.1336214520824059,0.1393201507038668,0.1468215201577337,0.1547836507038669,0.16282618749999997,0.17191604440700806,0.18963346381401622,0.20931885690700808,0.2108802280147979,0.20042664352959608,0.1908710405147979,0.18138728124999992,0.1714407076708214,0.1617107278416428,0.15278708267082142,0.1443865312499999,0.13641534374999997,0.12912815625,0.12255709511218082,0.11659628397436164,0.110886875
21-01-2026 10:10,25142.55,0.12529589872095584,0.12107844343023884,0.11874002655529457,0.11924052289174603,0.12203478193960861,0.12599608668790438,0.1304303175974934,0.1349967665127464,0.1411432696578418,0.14887028931568366,0.1565726759078418,0.16413165624999998,0.17171843749999988,0.18754503125,0.20705309374999992,0.20886387193991046,0.1982213063798211,0.18857843899635973,0.1790371028628984,0.16918214289458075,0.15911213381563757,0.14983152935896246,0.14186364812353838,0.13442111424208195,0.12717603125,0.12032868749999999,0.1140619062499999,0.108203125
21-01-2026 10:15,25145.8,0.120653375,0.11789881249999991,0.11643905047749346,0.11683606970498694,0.11936856613017756,0.12364478600987512,0.12860340006169782,0.1342814109545068,0.14142980029274943,0.14938697558549882,0.15713573779274942,0.16473815624999996,0.17234337499999997,0.1880626562499999,0.2073446874999999,0.2090456432677305,0.19848259903546106,0.1887037586030393,0.17901366817061765,0.1698864167561302,0.16005166533394427,0.1500126295984478,0.14234521887834822,0.13575492194302338,0.12888290625,0.12235865625,0.1164609687499999,0.11106975
21-01-2026 10:20,25143.35,0.114816,0.1134934062499999,0.11336224530529465,0.11479111561058923,0.11866285585021874,0.12394612733984837,0.12866942304492418,0.13439771875,0.14187122764139917,0.15006397785580028,0.15839358528740277,0.1662091475730017,0.17381528124999998,0.1892711562499999,0.20796381249999987,0.20998154474418473,0.20010471448836953,0.19051004930063392,0.18082357433415772,0.17161472874896774,0.16266357861063369,0.15378142227083097,0.14603914812353846,0.13908970799208195,0.1324555625,0.12657248336324511,0.12147393547649032,0.116983
21-01-2026 10:25,25100.4,0.11830497897236399,0.11701658849309093,0.1169132187499999,0.11836512499999989,0.12199932540964988,0.12700574456929997,0.13207608239495042,0.13809688897060088,0.1451129757353004,0.15320804496400386,0.16233422352916566,0.17075077231018104,0.17797608513888064,0.19157914764386136,0.2077623125,0.20883465625,0.19905143749999987,0.1891469176530546,0.1789542475715246,0.16939436718388523,0.16098244351541527,0.15286159375,0.1443324044097919,0.13609822084886544,0.12955860346835518,0.12427891637171831,0.11925178993487345,0.11451612499999998
21-01-2026 10:30,25093.35,0.12077699957048893,0.1195196248926222,0.11940020823131439,0.12094643819718477,0.12399596251310133,0.12865599496755634,0.13493919301233212,0.14146090332636346,0.1475458789843566,0.1548930538230017,0.164281921066984,0.17368772085139322,0.18087826879384158,0.19287413393643055,0.20707381249999998,0.20714643749999997,0.1972272499999999,0.18687344954885768,0.1764457455689747,0.1672868943016699,0.15880363134184647,0.1504062205602936,0.1413390683005926,0.13231003095538663,0.12607895075899564,0.12149681521744662,0.11704505680886047,0.11369411032948082
21-01-2026 10:35,25094.5,0.11955862896651237,0.11790962409525117,0.11863282328436221,0.12090970194740001,0.12401805145620566,0.1291919812038244,0.136308605595429,0.1427268228980191,0.14847921131686967,0.1557071875,0.16478615085136883,0.17394035559659918,0.18135200863909182,0.19364177264386137,0.20747878125,0.20731575,0.19761681249999988,0.1872109835633937,0.17695824837678747,0.1685151125650954,0.16042460175340334,0.15232972275170165,0.14437340440979177,0.13646405687994073,0.13028871303050593,0.12596196681035687,0.12318078794523929,0.12277002678095768
21-01-2026 10:40,25076.8,0.12202058814495961,0.11973216751530144,0.12104121793943758,0.12362161492624635,0.12717153349678195,0.13265879318491755,0.13916572223903284,0.14563363231240348,0.15228014972737647,0.1599581875,0.16902145918467706,0.17846002901679514,0.18651349482410406,0.1976641455865312,0.20884053309454512,0.20769315624999998,0.19835081249999997,0.18780132003864417,0.1775059838272884,0.17003700934893776,0.16293581612058716,0.1552367830602936,0.14837571645433742,0.14185121269209822,0.13572071352118406,0.13130262353342326,0.12863068383237017,0.1271498603294808
21-01-2026 10:45,25011.65,0.1252391499941484,0.12519095444985323,0.12742686515263235,0.12986957320131617,0.13400539064391015,0.13995953128782054,0.1459072949243431,0.1524838710608657,0.15930540428043286,0.1666605624999999,0.17513536100021107,0.185006911995551,0.1946373322389371,0.2037964974920653,0.21047249749846816,0.20749724999999988,0.19764420410410288,0.18720544286854474,0.17695925820278632,0.16755488242538125,0.1597164305169209,0.15338544435073645,0.1483330625357037,0.14362503608502947,0.13812960877550515,0.13287669590532694,0.12892984374999988,0.12586
21-01-2026 10:50,25009.05,0.127935125,0.12866229509230354,0.13249659556744983,0.13525405909753205,0.13945609738172682,0.14579231976345383,0.15182297060661012,0.15852224644976648,0.16476193572488318,0.17143150702143262,0.17944088904286531,0.18857515358376847,0.1977656699692168,0.20680571275142606,0.21334803506431965,0.21022934768954904,0.19965998604200197,0.18911162439445484,0.17802049050643806,0.16568233739628066,0.15751402135707657,0.1532866500121543,0.14962342607148493,0.14559113875457577,0.1405685968961392,0.13631905590660176,0.13459045758121502,0.13424902983925285
21-01-2026 10:55,24957.3,0.135737,0.13300846750731699,0.13626545577519805,0.139976668847693,0.1438033384493345,0.1491790518986692,0.15509187871044128,0.16165392427221337,0.1679278215111067,0.17475193657369326,0.18251346689738654,0.190295383624479,0.19796836285157154,0.20758425955078574,0.21507561784108054,0.21134420306762738,0.20070081921611582,0.19105759434367195,0.17957511842503815,0.1672985193509022,0.16035926630985084,0.15487761596378763,0.1481699700469548,0.1426000310237981,0.1370008750714938,0.13316658059755937,0.1339201150062954,0.1367490655306811
21-01-2026 11:00,24996.3,0.13694132802561765,0.1350474377327631,0.1371051622381793,0.14062578125,0.14455087499999988,0.149543625,0.1553868167234,0.16176172719680013,0.16836366047339998,0.17549303827143262,0.18294720154286523,0.19003872577143263,0.19718103125,0.20726965625,0.2153901269697745,0.2104150752676508,0.1985069566477939,0.18994694537173348,0.1801253055145834,0.16912335718085517,0.1621186401334078,0.1546913054715385,0.14596352680243685,0.13965304442057358,0.1338708745387104,0.12870560942582324,0.12680839481779188,0.12809557701942326
21-01-2026 11:05,24985.75,0.13670873204908107,0.13734902862912643,0.1387531739494136,0.14122068978197103,0.14473051676598547,0.14936499999999997,0.15517716013513808,0.16154157027027632,0.16810044648811726,0.17516866645595852,0.18215606760297914,0.1888246249999999,0.1958626874999999,0.20594778125,0.2141330937499999,0.20897451122719127,0.19653387501576527,0.18771246634995647,0.17931042523492546,0.16940229262095147,0.1607590547212741,0.15261585013691673,0.1443665619761024,0.1368510257561457,0.129855177036189,0.12324740167057968,0.11770042553963259,0.11449319693864847
21-01-2026 11:10,25017.2,0.14055078900339368,0.1401472120102149,0.14019083702713747,0.14156701863226018,0.14393631008796798,0.1475070624999999,0.15294064016714748,0.15913771783429487,0.16539807085531208,0.17226970512632933,0.17879255568816466,0.18512274999999986,0.19219834375,0.20312762499999998,0.2130042187499999,0.20991637697601848,0.19898556597385297,0.18931350101965028,0.17980097707574708,0.1698616065531826,0.1606597804445715,0.15207812019532005,0.143466375,0.13443885078997153,0.12596110782994316,0.11890465726073868,0.11232797935475945,0.106228465652901
21-01-2026 11:15,25046.1,0.14041059246613677,0.13819012714987258,0.137160667118098,0.13809949492226653,0.14034526676598544,0.1440204789703891,0.14917452432591644,0.1550972051310616,0.1616428233859712,0.16815817133047756,0.17427541397004062,0.18199117424719108,0.19135984982982862,0.2034456144180839,0.21370047545286946,0.21151641698484622,0.2017984428674231,0.1921191249999999,0.18162164939553216,0.17135029879106445,0.16252733689553217,0.1540208749999999,0.14518974999999998,0.13646957014903477,0.12844351529806947,0.12147244514903469,0.1150845846371295,0.10938671354851799
21-01-2026 11:20,25060.3,0.13402462499999998,0.13212492970632408,0.1315942031626482,0.1329441172063241,0.13582612499999988,0.14045750121086026,0.14609218992172052,0.15242838363963063,0.15986904202420307,0.16631043676209484,0.1720043396666621,0.18141132267800147,0.1936642108080424,0.20661226608208008,0.21609214475107985,0.21371431484808112,0.20463867304904057,0.1954281875,0.18526569630393117,0.1754453613578624,0.16657475880393124,0.15775865223954516,0.14900874197909048,0.14110135763271625,0.13397222328634203,0.127699549143171,0.12194874141322515,0.11659609065290101
21-01-2026 11:25,25041.3,0.1306745,0.1292447382392947,0.12918441397858946,0.13094636323929468,0.1342696562499999,0.13909874937301975,0.14481487374603966,0.15121730855678417,0.1584721834845901,0.16529018941788726,0.17185978386706138,0.1802652992471911,0.19093963369001565,0.2054868071384578,0.2169889255075365,0.21439572341878038,0.205140649355141,0.1967636897015536,0.18774168595328974,0.17833324057430838,0.16912419989861688,0.1600959866433031,0.15147377338798942,0.14377969680653066,0.13671390147507181,0.13093529448753594,0.125744375,0.120285375
21-01-2026 11:30,25041.05,0.1315855,0.13001480295001994,0.12986707465003988,0.13155177170001994,0.13474412500000002,0.13941094806107826,0.14502870862215655,0.1512501849464185,0.1583766758834462,0.16553667236087174,0.17265793074427369,0.18008123851301575,0.1893833018356053,0.20490414640819485,0.21630853132265937,0.21186661544180332,0.20259669027992977,0.19550777295869762,0.18749949000200908,0.17824082949320813,0.16881394023641624,0.1600208595070019,0.15160806002758756,0.1441030479069648,0.13724422328634195,0.131103080393171,0.1254948124999999,0.1198372499999999
21-01-2026 11:35,25049.35,0.13184064678803833,0.13061074368630432,0.13053585147858945,0.13199295698929475,0.13504244673338117,0.1395702888693931,0.1448561750386426,0.1507863299459988,0.15805943263863964,0.1656851241471749,0.17299927453997332,0.18040767197614008,0.18827236984825693,0.20242878647037388,0.2156295555056353,0.21351542358587078,0.20444428068868614,0.19627056470155366,0.18727006095328982,0.1779824280743084,0.16884235614861687,0.15974649341738423,0.15102106818615166,0.14381960652256695,0.1373253323589824,0.13113388492949116,0.12567963169122767,0.1208210267649111
21-01-2026 11:40,25042.9,0.1324094004476351,0.13155228108340333,0.13144892444298903,0.1326093059714945,0.13562575396326376,0.1400586954265276,0.14488997271326376,0.1504401249999999,0.15721863961276578,0.1646439042255316,0.1721129619942737,0.17952426976301564,0.18676644738150783,0.20033059375,0.21565633416234273,0.21606488707468555,0.20648005291234273,0.1967794375,0.18690393749999998,0.17744662499999989,0.1683888437499999,0.15922236678145893,0.1505063273129179,0.14301070945454478,0.1361335603461716,0.1299569364230858,0.12496798708172221,0.12142119832688938
21-01-2026 11:45,25045.15,0.13346106021771456,0.13205591345194295,0.13166379679502857,0.13267664839751428,0.13542735298338124,0.13957204971676251,0.1444220092333812,0.1500384375,0.1565234062499999,0.16370684375,0.17117659375,0.17856946874999988,0.1860830937499999,0.20006499999999988,0.21594471874999988,0.21602727087307272,0.20509004816325657,0.19543022120729503,0.1862498870157784,0.17675507369733437,0.16779703684866715,0.1588469691212019,0.15015087574240382,0.14261391655069303,0.13555892610898237,0.12893063492949114,0.1234193134270688,0.11930450370827558
21-01-2026 11:50,25057.75,0.13299064833723437,0.13099531180580312,0.1304447369429891,0.13165652472149447,0.13439943750000002,0.13841346875,0.14341534375,0.14919525,0.15570103124999998,0.1628820937499999,0.1703566562499999,0.1777355937499999,0.1852002187499999,0.19947618749999999,0.2159747187499999,0.21512556197596183,0.20260595721606423,0.19382585350424286,0.18594085550856276,0.17649807573884455,0.16776739724442222,0.1586740399697451,0.14945167140756707,0.1422200666558987,0.13525588518492704,0.1281535874337007,0.12252563113901652,0.11747722468866482
21-01-2026 11:55,25064.55,0.13397074999999997,0.13162565625,0.13076134375,0.13158191837948005,0.1339600242589602,0.13786526212948008,0.14285932774003396,0.14854496798006794,0.15477626524003396,0.16167256249999987,0.16901984374999987,0.17631293749999988,0.1836884999999999,0.19823034374999998,0.215316625,0.21501718217630617,0.20258776716101515,0.19310044075575533,0.18510209558235724,0.17622993290997802,0.16729831809866721,0.1571944448908663,0.1468453631197304,0.13970900226013452,0.13310795419073873,0.12561797337566372,0.1199941969661955,0.1146135
21-01-2026 12:00,25081.9,0.1360785,0.132914,0.1315863312413892,0.13185668107162915,0.13315146216909074,0.13634151858885077,0.14111026395165405,0.1465519029033082,0.15239520145165406,0.1591970249631612,0.16663567492632259,0.1735558687131613,0.1806458125,0.19545185983762264,0.2134332821752452,0.215406374028371,0.20383230725461435,0.19214141697282716,0.18367753144480506,0.17593375128584376,0.16682840625,0.15698748846253477,0.14703062838008465,0.13891015448400998,0.13190329639475548,0.12447348179514565,0.11770585621685031,0.11115937499999999
21-01-2026 12:05,25117.2,0.134351625,0.13081975,0.12959182432307084,0.13021631702562184,0.13104219233203107,0.13346529337948007,0.13799158422904728,0.14342954345809455,0.1492209279790473,0.1562898841290933,0.1640292057581868,0.1705728528790934,0.17846487015127194,0.19478117718044652,0.2128774314070772,0.21559918687790258,0.20465608706281585,0.19247699158420414,0.18435334697996075,0.1768944424585724,0.1676166875,0.15843909375,0.14952096686909108,0.141077544431455,0.1334480007556365,0.12614389670336656,0.11904082202018781,0.11242925
21-01-2026 12:10,25113.35,0.137401625,0.13281830311091342,0.13029471871321602,0.13030546559369185,0.13150304519002787,0.1339525841472773,0.1379894585559312,0.14311377046458504,0.14860771335729248,0.1550304937131613,0.1622326124263226,0.1689060874631612,0.17824062908439056,0.19612274612156178,0.21338313623995164,0.2147107379527805,0.20387909563354073,0.19225820997861004,0.18394016430659793,0.1758008624615286,0.16626768749999998,0.15708196875,0.14825912499999988,0.13974278124999992,0.1317045312499999,0.12401488223283917,0.11657810821567835,0.10982175
21-01-2026 12:15,25129.25,0.140217625,0.13424138868639293,0.12994665237278596,0.12972013574154193,0.1319787424174558,0.13484502491946485,0.13791087979617123,0.1420458254780265,0.1473518189890132,0.1533816875,0.16022805704581464,0.1670335203416293,0.1746974584470866,0.1917202981755244,0.21216011089723313,0.2157578391229806,0.20597614013410206,0.1954758224650286,0.186049380777751,0.17655738594682444,0.166793625,0.15748437499999998,0.1484482812499999,0.13973912499999988,0.1314636249999999,0.12348590350234646,0.11576436950469296,0.108375
21-01-2026 12:20,25163.0,0.13335875,0.1279920540190584,0.12410004553811678,0.1246266675751771,0.1281226925620823,0.1318799194558086,0.1345265904498449,0.13817840624999997,0.1437778125,0.1501124999999999,0.1573206178775903,0.1644476107551807,0.17268334975686225,0.19256809187370172,0.21657370685958763,0.22055114100373047,0.21052024452714516,0.20115679565316838,0.1918412842791916,0.1820311577645958,0.17149816204007998,0.16065963818712853,0.15150345342946525,0.14420492170786506,0.1373808819254482,0.13022246531182147,0.12308389937364292,0.1161975
21-01-2026 12:25,25166.9,0.1279146249999999,0.12321083823257713,0.1212317043307441,0.12191485386478595,0.12505653673128644,0.1292204585976158,0.13210207647196798,0.13598134505048962,0.14186690624999998,0.14841381249999988,0.15562199454581466,0.1628096140916293,0.1737611058052578,0.19786694126888632,0.22257670500944315,0.22471118145105531,0.21350353652106305,0.2041925001925254,0.19564517912608287,0.18668140900356517,0.17548264931228216,0.16277455711102096,0.15343325725197596,0.1476750341700176,0.14249184096678041,0.1361462112422525,0.12933285998450514,0.12301299999999998
21-01-2026 12:30,25153.65,0.1382769999999999,0.13117683886913098,0.12859621630956544,0.12795449054505154,0.12865771062118891,0.13107138504777938,0.13395031916219802,0.1379594666905561,0.14324696875,0.14921849999999992,0.1558629999999999,0.1628232660507955,0.1716000764808628,0.1931939798093393,0.21984163812927185,0.2242920336167833,0.21272764517015794,0.20249262908535842,0.193922269627376,0.1856524708453922,0.17569178704007998,0.1646659819371285,0.15528373467946524,0.14765642170786503,0.14046475692544821,0.13283840624999999,0.12509496874999998,0.117721625
21-01-2026 12:35,25191.3,0.1446079741766642,0.13735577781441916,0.13322800265609588,0.13089744148637428,0.13009443352812272,0.131246546189551,0.13407905039279772,0.13810172188412656,0.14250664154181839,0.1476195,0.1537519687499999,0.1605518627833374,0.16737935056667486,0.18761245653333739,0.21760421875,0.2246645836492024,0.21334667997086945,0.2039033584539518,0.19552748034210515,0.1867269994598203,0.1770370454816326,0.16727102846326533,0.1578596335138621,0.14829985271976215,0.1399631913428361,0.1326609266553033,0.12499753124999999,0.117186875
21-01-2026 12:40,25225.6,0.14343925870631036,0.1359927646067659,0.1318481263469738,0.12919936229963802,0.1279156998401031,0.12869808770164817,0.13148863055037077,0.13546168838095185,0.13931746748717766,0.14403563742637282,0.1499774936027456,0.1561508097271683,0.162511907101591,0.184939803925432,0.21931863824927292,0.2294201836028471,0.21947373724848626,0.21028138106234065,0.20130632079206495,0.1917846260152293,0.18137795289775185,0.17161871524981592,0.1623587523727479,0.15226121884105343,0.1443900331657431,0.13845427208014427,0.13150774999999998,0.124044125
21-01-2026 12:45,25260.15,0.14508008062523334,0.13757010272074122,0.13332802120958215,0.1302904814028406,0.12852223326686635,0.12883021043100115,0.13083462041835078,0.13406114752190304,0.1378556727918184,0.14275146003461367,0.14849529506922737,0.1539796162846137,0.15978096875,0.1833697347100867,0.22077262567017353,0.2337379222100867,0.22472791531412464,0.21491786187824935,0.20564919656412473,0.19602792165208582,0.18580948253580423,0.17670273136535114,0.1678745085138621,0.15840969646976227,0.1500686600928361,0.14267223915530333,0.13497081249999998,0.12721425
21-01-2026 12:50,25266.0,0.14336661030736333,0.13909755087972947,0.1344853602228186,0.13062506062029686,0.12949208029322434,0.13018032481052122,0.13155296392494115,0.13385702531184202,0.13719170624763716,0.1417875436763728,0.14725364985274572,0.1529181686763728,0.16160646113745575,0.188822666660048,0.22562063740772847,0.23712411938513633,0.22793626674701242,0.21787737724402498,0.20894939174701255,0.19989434476522927,0.19032634578045848,0.1812579072652293,0.1722593437499999,0.16329321875,0.15458084374999986,0.14600924999999998,0.13769503125,0.129734375
21-01-2026 12:55,25281.8,0.13978760644856913,0.13616247603824996,0.13162215695414134,0.12831908860551675,0.12818104316296275,0.12943212453954206,0.1308341667075482,0.13275356322475312,0.1356681178790227,0.1401228732684914,0.1456818428842457,0.15179290624999991,0.16413677758016543,0.19595849233174756,0.2315422456729986,0.2399802496714165,0.23058816531412463,0.22095195562824943,0.2117304153141246,0.2025290625,0.1931858749999999,0.18352691277409286,0.17386066247040666,0.16524843036853487,0.15702443067222085,0.14855609375,0.14037812499999988,0.13262425
21-01-2026 13:00,25281.3,0.1344291249999999,0.13021807012728678,0.12633694369719412,0.12429646241003194,0.12429798493616506,0.12505191556930675,0.12678448836174805,0.12973795940524535,0.13380709578123304,0.13900546656719157,0.14545807653261755,0.15279127713555468,0.1619941419115,0.18973318012990295,0.22791650102032876,0.23977645311330575,0.23102092966465004,0.22169466718347447,0.21271513046673718,0.20361124999999988,0.1941643125,0.18410758021115267,0.1740151815135308,0.1658532786436034,0.15832295859122517,0.150169875,0.14227496874999998,0.13479974999999988
21-01-2026 13:05,25288.85,0.1312207499999999,0.1264824374999999,0.12334503124999999,0.12233751179060784,0.12259861733121585,0.12276356680835887,0.12436973503550199,0.12826980501775093,0.1332331866342457,0.13891433547818605,0.1464912826435777,0.15517851068039454,0.16159042592157138,0.18430533315313866,0.2221983809252982,0.23644397201362327,0.22866921458764758,0.2194004600239962,0.21094008938699813,0.2023741562499999,0.19286106249999987,0.18337556902409274,0.17405784997040677,0.1655274303685348,0.15753486817222093,0.1495221875,0.14171675,0.1343118749999999
21-01-2026 13:10,25221.5,0.13708075,0.13115447174532366,0.1281026934906474,0.12590334389464627,0.12483046304864526,0.12491305359647469,0.1264722066443042,0.13043958769715203,0.1354046562499999,0.14108929475300905,0.14825299525503996,0.15585207188856384,0.16245964952404415,0.18555628910499128,0.22200660238287295,0.23432817186330576,0.22582386716465003,0.21655810468347447,0.20749078671673718,0.19811269843570628,0.1882697093714127,0.17953360468570628,0.1710839999999999,0.16215137499999988,0.15362728124999997,0.14547853125,0.13742249999999998,0.129718375
21-01-2026 13:15,25225.05,0.135384125,0.13169916466181508,0.12987489182363024,0.12619238341181507,0.1238885625,0.12470091433150335,0.12698670366300668,0.13098594558150334,0.13597896874999998,0.1419900199356473,0.1488520398712947,0.15539051993564731,0.1620421249999999,0.18564789185572908,0.22172639376866632,0.23374370572014497,0.22558826630720788,0.216742125,0.20732599999999998,0.19718389094998237,0.18710784439996497,0.17843544869793143,0.170042802995898,0.16146116514559272,0.1531792772952874,0.14548957614764363,0.1382186875,0.13113924999999998
21-01-2026 13:20,25225.7,0.13121656971065665,0.12904375871281465,0.12779520132030098,0.1244734287851505,0.12247996716941942,0.12370878364148878,0.12671416577471922,0.13096338742926336,0.13600485750322713,0.14243202263924595,0.14972569655315177,0.15621897081840638,0.16254941502788686,0.18528321489161187,0.2202379987254728,0.23263675902611008,0.225630225192249,0.21683838794882782,0.2069734456582579,0.19747076965573856,0.18823212913201484,0.17872471918117255,0.1694946664909325,0.16122073019025757,0.15317902562393423,0.14629419795672188,0.14022075057080632,0.13351674999999988
21-01-2026 13:25,25205.25,0.13226786753483138,0.1280429420926411,0.12461899193506334,0.12236079455373108,0.12178907874292727,0.12354873270131438,0.12744788542384686,0.13172331739007923,0.13653232809923893,0.1433644231933165,0.1514495504137235,0.15827640152135586,0.16411893837632932,0.18692811060572923,0.2223922687686663,0.23353782912294563,0.2245968568628092,0.2152245451186306,0.20527615948141228,0.19581390372439014,0.18677585961786342,0.1780906576570046,0.16965945924589798,0.16142657139559263,0.15348681915543305,0.1467367349634902,0.1409460358012562,0.134226125
21-01-2026 13:30,25215.7,0.13619201832062094,0.12947430030481247,0.12397538223732857,0.12188587499999991,0.12224840466941943,0.12473896239001023,0.1289267420217619,0.1326133474277848,0.13706320125322702,0.14444064126057457,0.15330980450551174,0.15999773710914028,0.16517228573758957,0.1878610393588226,0.22339204746764535,0.23315838828658564,0.22246935410552587,0.2138239556265908,0.2051567269082579,0.1947610716768921,0.1846551394243218,0.17712796920685978,0.16969001405114906,0.16149496639835526,0.1540619036276149,0.1469676143079877,0.14045106307080635,0.13387425
21-01-2026 13:35,25182.35,0.1407533844902219,0.13433968191374332,0.12963604289559394,0.12748653125,0.1272538124999999,0.12885489914691428,0.13192426704382856,0.13530077414691422,0.13970921874999997,0.1462845548176893,0.15403233393807833,0.16056031592308867,0.16627906805269965,0.18792215608266064,0.2210061246653213,0.23005459271070902,0.219885529506097,0.2112256241280485,0.20255956249999987,0.19260538115905557,0.1828303560681112,0.17410752330079401,0.16520126271233282,0.1573381035788333,0.15061817508762199,0.1428765670793829,0.13521128124999998,0.12795437499999998
21-01-2026 13:40,25193.1,0.13654125,0.13205452887179359,0.1284240745953187,0.1269314046896146,0.12712071874999997,0.1287389638782733,0.13178448997238165,0.1354701508099435,0.13998556221583505,0.1461150443577731,0.15306308175179137,0.15942293668026317,0.1659484617862449,0.1881241331088226,0.22108385996764535,0.23063138194881566,0.22114009142998603,0.21182959258999295,0.2024075624999999,0.1928865624999999,0.1836410937499999,0.17382428295805333,0.16403073621725586,0.1566544296859291,0.15005662630230412,0.1424705561255774,0.1351515625,0.12822537499999997
21-01-2026 13:45,25192.95,0.13070637499999999,0.12703332767355488,0.12398226639313117,0.12341789128756907,0.1245069374999999,0.12657498740510115,0.13005939523468008,0.13438092200405632,0.13940124428271575,0.1455416417414215,0.15209371815812828,0.15862027527494502,0.1657633749999999,0.1885645624999999,0.2222029999999999,0.2321323124999999,0.2226853437499999,0.21313740625,0.20351706249999987,0.1939504687499999,0.1847037499999999,0.17548057964173838,0.16649734678347683,0.1585975701411969,0.1512536372489169,0.1442314592494585,0.13783195535364262,0.13194594641457072
21-01-2026 13:50,25179.95,0.126744375,0.1239724671896146,0.12223841247947843,0.1223617671401129,0.12382829738387645,0.1262544198172546,0.1296514127494624,0.1341650306816702,0.14000376331036174,0.14650290218905326,0.15282004484452666,0.15958215625,0.16699031250000002,0.1893329374999999,0.22228615624999992,0.23193084375,0.22247375,0.21286224999999998,0.20264380704787538,0.19225393935137394,0.18338748880912137,0.17566532525562292,0.167660375,0.15965147136109115,0.15223066147218245,0.14551203386109124,0.13964922203173644,0.1346590131269459
21-01-2026 13:55,25164.25,0.12524359371993704,0.12406564842998424,0.123370790405814,0.123796487061628,0.12544805869067438,0.12817375531972086,0.13139917453486039,0.1357445,0.14158335510823825,0.1479963039664765,0.15460429260823827,0.1616912499999999,0.1691114375,0.1900947919787628,0.22063558395752564,0.2294199794787628,0.22024975,0.21051479813826493,0.19934702336920207,0.18799946012551255,0.17967323019647885,0.17301082809874926,0.16545294684369194,0.15788005154684592,0.15084696874999998,0.14392865184985476,0.13777372780335234,0.1331576964145707
21-01-2026 14:00,25141.15,0.12494812822301872,0.12529184035031024,0.12487668843936045,0.12478279574505398,0.12613385988387654,0.12883820106725472,0.13235566303362725,0.1369366874999999,0.14292377299094575,0.14950976473189148,0.15597721049094573,0.1629584999999999,0.17232106957691765,0.19371877964636372,0.21966628806197455,0.22555304674252846,0.21668365625,0.2068626935819542,0.19624131921178392,0.18624457043332807,0.17727464559460226,0.16876049948277047,0.16121456559785258,0.15442782940618585,0.1476665625,0.13987443920636844,0.1326565034127369,0.12971037500000002
21-01-2026 14:05,25151.55,0.12472912637041689,0.12355688084899036,0.12273263601277226,0.12232438050638605,0.12347849999999991,0.1263209062499999,0.1301939999999999,0.13530483980362584,0.14212603963986878,0.1491951223688599,0.15531629753261691,0.16394816996311054,0.17910736401355756,0.2024525101165465,0.22224654554486223,0.2230542063551077,0.21299423280938892,0.20369495812800825,0.19499087533322917,0.18561377839772564,0.17440323121507484,0.16449647944861379,0.15859846753984555,0.15295505154684594,0.14623746874999996,0.13750034665549954,0.12938678706099907,0.12934012499999997
21-01-2026 14:10,25141.05,0.12954048664842913,0.12498183669921378,0.1224083050742131,0.1225166525371065,0.12421465624999989,0.12680155156357853,0.13040160312715707,0.13565253132685678,0.1422933555220757,0.14868627175431642,0.15495620849551908,0.1661246388658233,0.18305222928712886,0.20336232322678777,0.22005935780548222,0.21950348013455162,0.2079778485128596,0.19902388162206402,0.19165395074375605,0.18182560603407089,0.1696361934095569,0.16049872496690126,0.1554875019488279,0.14968788496482532,0.1425703643574127,0.13369837191534004,0.1255275875806802,0.12485874999999999
21-01-2026 14:15,25139.05,0.13258098020362324,0.12612772146864992,0.12213751533548829,0.12306308187349763,0.12561842966150694,0.1275421585831376,0.13050063750476834,0.13534761168101,0.14154240128549353,0.14783881441010946,0.15406372167824178,0.16292470121311053,0.17581953825492766,0.1962844416205238,0.2166795108287066,0.2181507269101548,0.207329857877009,0.19844122252355326,0.18984135338415964,0.17980500391438167,0.1699646645562092,0.16174302092911544,0.15467425368569507,0.14746496670173526,0.14015846772586762,0.13262975756938963,0.1257343276387793,0.1214699999999999
21-01-2026 14:20,25178.3,0.12302483143326427,0.11803980210086691,0.11593871973510184,0.11784267275000597,0.1211048445149102,0.12359459882103359,0.12700610312715704,0.13214198906357855,0.1387262786844061,0.14578449486881226,0.15219455993440606,0.1592454062499999,0.17298577304126508,0.19863254608253028,0.22009315742669602,0.22015482970086292,0.2102358499954332,0.2021062796800011,0.1927408830528074,0.18256839110561493,0.1746880080528074,0.16732534374999997,0.15920984934707022,0.15167937591105754,0.14509958271681261,0.13917159133873325,0.13429661092651285,0.13007167796241953
21-01-2026 14:25,25144.75,0.11546623534183761,0.11567807672484567,0.11656046206969305,0.11825391795575346,0.12079021091150695,0.12385616795575347,0.12792537499999998,0.13318365624999998,0.1394622869444481,0.14636891763889637,0.1535305824368313,0.16118493473476628,0.17436219852908807,0.19878133732341,0.21904203233607858,0.2191373836325572,0.21010737936699364,0.20184015628380994,0.19256048057746047,0.18295264865492097,0.17423366342733038,0.16594049262842606,0.15823524539303957,0.15182509713042044,0.14558817765176793,0.1389315856915224,0.13395410704808117,0.13016264996955904
21-01-2026 14:30,25130.1,0.11697294243109654,0.12179766002115436,0.12403371220669,0.1246868437499999,0.12592537499999998,0.12869059313592157,0.13262831127184319,0.13702543688592153,0.14250886751728292,0.14898995378456614,0.1560651621583406,0.1635942142821151,0.17233117901321995,0.19144851874432484,0.21359373750759333,0.21695445627086182,0.20779210313543084,0.1980923919928093,0.18812356523561874,0.17911217324280934,0.1696267068260283,0.15992822054704706,0.1516187723715632,0.14543959398069717,0.14002469159065908,0.13254926644641443,0.12529662113435658,0.11924946879379429
21-01-2026 14:35,25146.5,0.1187662064847784,0.12289727600603523,0.12409146881060182,0.12426958149545432,0.12553578124999998,0.1290224328769103,0.1336124282538207,0.1372627766269103,0.14232093247241515,0.14930119075709905,0.1560192545893356,0.16267857304703495,0.1697886704923831,0.18769256249999997,0.2118526875,0.21674776125712306,0.20695377251424624,0.1963606850587112,0.18574269135317623,0.17760279880158802,0.16876692461693996,0.15846703194725267,0.1490829570023786,0.14222788951564722,0.13824485022846913,0.13259415413488793,0.12520599960424195,0.117851623416968
21-01-2026 14:40,25152.35,0.12063179443007528,0.12095216141614026,0.1205973006172428,0.1210050253086214,0.12278109374999999,0.12669628796004534,0.13174509440924953,0.13567935618836285,0.1406354563024409,0.14787349880368453,0.1550301529175223,0.16151318567712003,0.16874128124999999,0.1871739374999999,0.21165134375,0.21632883244995627,0.20633688364991262,0.19634530754415508,0.1863307626883976,0.17845925634419874,0.16913582034814093,0.15792978210190475,0.14955560319746078,0.14409893714607427,0.14024549761668076,0.13557170191430343,0.12946172745867154,0.1227831598346864
21-01-2026 14:45,25149.7,0.12310727772966647,0.12143937066178226,0.12014888081784882,0.12060506922540468,0.12240501494247048,0.12563854705247315,0.1302262978046657,0.13485107945191177,0.1401693360645595,0.146877434291949,0.15413970641015823,0.16137601440383037,0.16871798492078088,0.18668268749999997,0.2102333993707697,0.21460290374866248,0.20528914063501585,0.19615183828513255,0.18676987280601898,0.17822460827800948,0.16882227545323308,0.15902938794115287,0.15194107181112718,0.14636636286172822,0.1407492426773372,0.1352551782776328,0.1300198079546671,0.12479637526340283
21-01-2026 14:50,25153.5,0.12240674418632823,0.12131585540406378,0.11993438545062741,0.12005604444590759,0.12180519694889048,0.12491887847030746,0.1290263099910643,0.13358839682281867,0.13931636391200306,0.14599494084568876,0.15338359498457052,0.16123578037345238,0.1685130308117262,0.18614843749999999,0.20934197492485937,0.21360941859971885,0.20479291242485936,0.19557960719777698,0.1858752768955541,0.17730595094777707,0.1689539125604071,0.16071798137081417,0.15343006881040708,0.14667243749999997,0.14004716908317313,0.1340766506663463,0.12923879408317315,0.12479637499999999
21-01-2026 14:55,25147.1,0.12155031846480804,0.12141490675612632,0.12081428788743258,0.12063877562788912,0.12211640530425791,0.12517439973390934,0.12867661135424932,0.13296360623917916,0.13904312791197368,0.1459545683239474,0.1529106128327546,0.1605792562067205,0.16840933890109844,0.1863226301151587,0.20979285822977586,0.2142566227095518,0.20489403119612687,0.19466390197515654,0.18447819130126014,0.1763001185424545,0.16826126745263498,0.15983828490527,0.152067392452635,0.1449560355603952,0.13829959775960707,0.1322924971838561,0.12705799958047226,0.122014125
21-01-2026 15:00,25160.2,0.12082199926219495,0.12093445677572104,0.12122613473008612,0.12114205637914852,0.12195755957120033,0.1245480125049547,0.1279336655629031,0.13228162499999999,0.1381165251268452,0.1449738574475911,0.15219120201464648,0.15995447639583046,0.16810661965385976,0.1862003879519299,0.20983783504359252,0.21449407633718512,0.20472851837710537,0.19450234886480253,0.1845054616455137,0.17563123503067074,0.16713637716700847,0.1586956890011233,0.1508918757505616,0.14379431709403176,0.13715244668806353,0.13117282172691452,0.12555689705246176,0.11964330114678483
21-01-2026 15:05,25171.7,0.11760087764242151,0.11691528391869407,0.11695281350404428,0.11746687074294802,0.11924463634074611,0.12278860423368093,0.12674464606924007,0.1309819835856811,0.136477488652324,0.14371176952072773,0.15181200779145546,0.15940558713588643,0.16867381622230077,0.18907446084912544,0.2124725461009895,0.21626719896801228,0.20652294432535712,0.19670197093270192,0.18634657003579394,0.17641410663888604,0.16798986790106835,0.15987733502830195,0.1525615388117278,0.1463340851754465,0.1402320711207906,0.13464525640622318,0.12953118212803688,0.12424171174552447
21-01-2026 15:10,25159.7,0.11443292384962847,0.1139577763075012,0.11433277267254702,0.11567118437360772,0.11868014170193178,0.1231305714700608,0.12736841094325702,0.1312970961660196,0.13646548686449947,0.14380609521156917,0.15223722167313847,0.15992653271156917,0.17102839515333157,0.1935667278066632,0.21542633265333164,0.21742728124999997,0.20757584374999988,0.19716541866566464,0.1862426240586004,0.17685227337020673,0.16851706031503907,0.15971889533775466,0.15273921991220515,0.14726620451569825,0.1414744545904338,0.1362129338704286,0.13171966092017065,0.12746467614678492
21-01-2026 15:15,25148.5,0.11262719350970504,0.11339121496326957,0.11488138183005862,0.11679776566819224,0.11955097392932239,0.12235709795937508,0.12593892165187026,0.13077991400906663,0.13652517261401664,0.1441254869995832,0.1528841302491664,0.1608029244995831,0.17008724349198326,0.19013716165265165,0.21271890532935334,0.21609689341868493,0.2063052499999999,0.19531620507673245,0.184382114015999,0.17625526905180033,0.16867371974152423,0.16017526887303185,0.15276633385909283,0.14630037312266703,0.1401915238102804,0.13494835834771343,0.13047921131116344,0.12638383806445877
21-01-2026 15:20,25154.25,0.11385654884962847,0.11429974750696625,0.11533899632147701,0.11661631401189933,0.11882482751886406,0.12085778285042517,0.12400477719809455,0.1293644581081981,0.13573607280409905,0.14328033265934353,0.15183704031868694,0.16003105140934343,0.1679796562499999,0.1862913678911031,0.20987198578220617,0.21423986789110308,0.2043739375,0.19427610892459027,0.18437894138631142,0.17572777474885193,0.16780098817036476,0.15985543551646786,0.15172935838323393,0.14479932287703726,0.13901451263754908,0.13296240039398619,0.12815295906878338,0.12528161874123586
21-01-2026 15:25,25150.7,0.1148447499999999,0.11426749542475316,0.11377274937451354,0.1140223153423223,0.11572633680179535,0.11826044965089763,0.12177846875,0.12689024999999998,0.13319615625,0.14040849341843933,0.14860420558687856,0.1569726184184392,0.16520634374999987,0.18557133629042605,0.21274411008085214,0.21832814879042606,0.20787521874999998,0.19794915741446706,0.1881055960789342,0.17817084491446716,0.16915166721556973,0.1606730219311396,0.15151510471556973,0.14414837287473545,0.138213839499471,0.13105424787473544,0.1259024168204797,0.12455741728191914
22-01-2026 09:15,25332.45,0.10957011489267277,0.110277545765263,0.10957841477104731,0.1093622187499999,0.11065665624999999,0.11323384375000001,0.116983375,0.12198743749999999,0.1282709375,0.13542485714167493,0.14367176314934138,0.152559423623658,0.16124804886599148,0.18519379673241504,0.2187711472464853,0.22705054115969037,0.21684660875958514,0.2073704208728906,0.19666445987889541,0.185608973981014,0.17530402895456576,0.16529439918704317,0.1560700433435216,0.1476636009067542,0.13976813931350837,0.13282047590675417,0.12751695575963368,0.12415869803853485
22-01-2026 09:20,25329.3,0.11263946090389924,0.11542511995930341,0.11414138351626736,0.11178267463460494,0.11188978394540064,0.11414291233539872,0.11742012499999999,0.12184940624999999,0.1277119374999999,0.13473474962133122,0.14304517140695977,0.15176096894992555,0.1600127971642971,0.18531655170404035,0.22091807426752905,0.22887613149064903,0.21878327824487256,0.21045770056771212,0.19919613595599242,0.18714064691198495,0.17597580468399673,0.16499152495600858,0.1563302043468222,0.147419011475123,0.1375986660937922,0.13066187815016175,0.12478444252389649,0.11838251679418928
22-01-2026 09:25,25334.05,0.12483286629332872,0.1266280915733321,0.12289197574019721,0.11761617052443396,0.11643175757827617,0.1186255458009748,0.12157012226387084,0.12534697335806502,0.13062704320225912,0.13705100431670397,0.14494659657606015,0.1530099637553969,0.1603240373949112,0.1885060624999999,0.2316471787816551,0.24435468192727533,0.23377529625958518,0.223901199363965,0.21246386061104416,0.2004734087220884,0.18871451432133174,0.17611794439133296,0.1647763583618216,0.15403637900363087,0.1420501235493892,0.13287730889719823,0.12603155515917508,0.11836509872618604
22-01-2026 09:30,25400.35,0.12947413456220144,0.12610975239055028,0.1209352924955935,0.11662755982658604,0.11583408591639117,0.1182220227980982,0.12196065842539881,0.12654529637045955,0.13239784056552026,0.1385066542790914,0.14612206105659034,0.15452362324918667,0.16146753056392768,0.1962966249999999,0.25514015624999997,0.27735403125,0.2673411356074614,0.25713761496492277,0.24613166685746138,0.23432162499999998,0.2219898749999999,0.2072225231722011,0.19209786321322012,0.17835703829019764,0.16342793997297855,0.1514564462299138,0.14323139599115442,0.13431088928946391
22-01-2026 09:35,25415.7,0.1274015,0.12178518749999999,0.11709072365949562,0.11438907231899136,0.11419219240949563,0.11663070175693536,0.12093349726387083,0.12683446634493623,0.1337716229260016,0.14051177657696118,0.14803295000684044,0.15569742654679963,0.16255161352891961,0.2007497187499999,0.26635659375,0.2924439375,0.28329484294454527,0.2741686546390907,0.2635051241945453,0.25160125,0.2390916391170776,0.22498597770491302,0.21067866305859298,0.1967935379225874,0.18214667101735832,0.16885857667922724,0.1574463937952452,0.14573884872618603
22-01-2026 09:40,25405.7,0.1333475,0.1268426875,0.1214914999999999,0.11809996874999999,0.1170893749999999,0.1186030624999999,0.12211581249999989,0.12793041541834693,0.13486464333669385,0.14164168534131208,0.14893285234593018,0.15556473867296505,0.16211184374999998,0.19978490624999992,0.2631401991626117,0.28727389832522343,0.27762198744163885,0.2679625037530244,0.25662070516896707,0.24464802094496987,0.2318967055482771,0.21856275484655413,0.20607858054827702,0.19344581249999987,0.18027571874999998,0.1673693749999999,0.15484312500000003,0.142321875
22-01-2026 09:45,25400.1,0.1373724999999999,0.1300746874999999,0.12397687499999999,0.12067177915688419,0.11976737081376848,0.12073850915598033,0.12433314783083164,0.12897894240124624,0.1336105175563818,0.13937753622583163,0.1469266616743662,0.15448178738185112,0.1649149474045533,0.20458968191621585,0.2599635452452483,0.27719059607428065,0.26717023431625464,0.25701102576553037,0.24611305519371804,0.23542402820730185,0.22345095161707768,0.21076659073415538,0.19865763911707757,0.18652234374999987,0.17325339689953229,0.15951954961168693,0.14784318977477706,0.13832962499999998
22-01-2026 09:50,25430.85,0.1210415637026346,0.1202397034256586,0.1167001426632665,0.1149271080022772,0.11656735051475473,0.11899191991058823,0.1237367264549965,0.12798603620546045,0.13071468823530807,0.13574590625,0.1438809178684581,0.15244396073691635,0.16737547419690735,0.20948014390689834,0.25648169527164527,0.2670586841363921,0.25655299508598806,0.24628707698055385,0.23691967928273175,0.22731927094496987,0.2158238749999999,0.2039009687499999,0.1917571584787937,0.1795559693446062,0.16618687450114838,0.15208180187734466,0.14224337773570034,0.13704475000000002
22-01-2026 09:55,25385.65,0.11085341713213973,0.11691492338145415,0.11585820684721729,0.11210953376234961,0.11323466087672465,0.11608652611226912,0.11962011658083174,0.12398341816437497,0.12885628312293962,0.13514209683060055,0.14206848298674551,0.1494260878928907,0.16344132702711658,0.20204556616134253,0.24633594185045934,0.25674500503957637,0.2459343347629559,0.23524267763331108,0.22499873353711886,0.21495713814697545,0.2038526249999999,0.1921535312499999,0.17977363299711635,0.16734593344185325,0.15591080146538566,0.14539471540629953,0.13713617514699122,0.13075019479487246
22-01-2026 10:00,25404.05,0.11119918870263458,0.11488132389345992,0.11572513359886917,0.11112089064507796,0.10972544781106727,0.1120275099401877,0.11459791883994737,0.11866332294681682,0.12605483163916553,0.1344678820283312,0.13977680038916554,0.1456364010259633,0.16040431391496132,0.19837692475203267,0.24117313686303463,0.25116353124999996,0.24043828124999989,0.2293194566933143,0.2179684446366288,0.20799861294331431,0.1973581366352058,0.1855109295204117,0.17390246793285474,0.1625995943353816,0.1524578141955885,0.1435444204979696,0.135366087109622,0.12810624638866547
22-01-2026 10:05,25387.2,0.1195555,0.11761421804757338,0.11633939113197947,0.11177444534803067,0.11029943633953357,0.11303173689084953,0.11564996861988365,0.11902450993506876,0.12605505640446776,0.13473294537085467,0.14055333840242945,0.14656075706492735,0.15739840925620904,0.19058167891599087,0.2359026187047697,0.24944826016610322,0.23879978124999998,0.22762227594501688,0.21620045453056808,0.20615145622608566,0.19546673432876105,0.18355906962645344,0.17249607653485158,0.16176990369052816,0.15143716659118145,0.14180368191771794,0.13286242828959763,0.12603619479487246
22-01-2026 10:10,25366.75,0.12273137499999999,0.12110360458312047,0.11563801582026836,0.11046450088793335,0.11062390903540963,0.1135332750894441,0.11656929383994737,0.12070569794681671,0.1268281736290281,0.1345712534475616,0.14213706672978563,0.14889012490896247,0.15577819527367365,0.1847982179062968,0.23104661027555168,0.2466293949101032,0.2366906327648849,0.22605697894830182,0.2146366736019955,0.20400054287567682,0.1933297528660291,0.18269077052150057,0.17209733462745455,0.16141035569592188,0.15135899264184385,0.14125575607165872,0.13178345700147354,0.12486875000000001
22-01-2026 10:15,25384.2,0.1156981249999999,0.11770353968279923,0.10993083133025897,0.10461060837431749,0.10654508069041681,0.11060408037328666,0.11492606684640784,0.1200350711928156,0.12625641059640785,0.13342039506191902,0.1412790007479617,0.14869925381016627,0.1558975543741236,0.18451385391610314,0.2285691871677414,0.24236632647589446,0.23306238211297756,0.22404858918676254,0.21368430323661694,0.2020942952210489,0.19047175006376266,0.18100360717063999,0.17131570563935053,0.16089744450629237,0.15133857651258484,0.14205876310149707,0.1343946360594183,0.12973474547603625
22-01-2026 10:20,25330.55,0.116773,0.1141268706120408,0.10618360888608958,0.10257436172580973,0.10559650280550967,0.11101540464094958,0.11666352283257776,0.12231151441515563,0.12819702283257778,0.13471115625,0.14273860550637518,0.15093508601275038,0.15814366800637517,0.18422475,0.22364688786657227,0.23463262215124953,0.22497223695278223,0.216201033272206,0.20613456120820203,0.1954818506206924,0.18481004628318268,0.17496388251659128,0.16509846874999992,0.15514937499999998,0.14614209375,0.1390663896201112,0.13462372159887945,0.13118214443462836
22-01-2026 10:25,25335.0,0.11565525,0.1118412216543968,0.10798581582542716,0.10686073456095024,0.10890631451320676,0.1123300781291197,0.11751300156398428,0.12449344736046926,0.1304867905606001,0.13663628776656414,0.14557794043026925,0.15465312434397446,0.16150471842198721,0.1846016875,0.2187463616063616,0.2269806062273266,0.21738909638556844,0.20804926481051095,0.19719870223103003,0.18766963407433732,0.17865025113921482,0.16887712499999988,0.1590065312499999,0.1496635,0.14136253124999998,0.13468920640875254,0.12941072383270918,0.12390449406081623
22-01-2026 10:30,25273.25,0.12595697779525206,0.12101868723821149,0.1167406665432713,0.11397182801571455,0.1140210937499999,0.11530284770726144,0.11857231225767288,0.12568642514356118,0.13291956976935232,0.13967437460240503,0.14823680843257764,0.15696142976275035,0.16467513675637507,0.18687893749999998,0.21838463010168738,0.2260654361174643,0.21596841942986636,0.20554951901819046,0.1943448745817297,0.1841791261011564,0.17495656337352766,0.1654673124999999,0.1556914687499999,0.14645287499999998,0.13818390625,0.1306871249999999,0.12347472539633439,0.1159467765853377
22-01-2026 10:35,25312.45,0.12795794433687313,0.1222437708028888,0.1168397694640733,0.1127992826531586,0.11262499999999999,0.11526011186490304,0.11948434539485599,0.12585990144395542,0.1329132174212372,0.14009052151551676,0.14811000325828202,0.15632378125,0.1645694374999999,0.18720587499999988,0.21904337499999998,0.22729171874999987,0.2167238124999999,0.20578909374999999,0.19467505116728384,0.1841176648345678,0.1745647074172838,0.16519116190534028,0.15563898006068055,0.14681163065534028,0.1389515625,0.1321788185523692,0.12548848438728288,0.11681126413017694
22-01-2026 10:40,25290.35,0.12047597779525207,0.11693188604873561,0.11439603050135294,0.1127856157503056,0.11323435629772767,0.11687780501881083,0.12227036297806489,0.12780335784542227,0.1337614282784219,0.1406805496029479,0.14857581250000002,0.15890448606358443,0.17121505587979285,0.1933079973188323,0.22026322687882982,0.22612469250241166,0.2158757993762058,0.205152,0.1938889280225735,0.18324048104514706,0.17380374052257347,0.1645154532907521,0.15501871908150444,0.1464719220407522,0.1389330624999999,0.13342294900988166,0.1282935075047239,0.11875993793984194
22-01-2026 10:45,25288.95,0.11687012499999999,0.11390747430326591,0.11411840007760272,0.11478763933435902,0.11552371921808195,0.11874430518578669,0.12368476591604885,0.12939392294729812,0.1355791395506084,0.14233674070136998,0.1503457041688637,0.1634791291756509,0.18060435894261637,0.20167986578373467,0.2220690522717882,0.22461852209776512,0.21497987042388245,0.20485634374999998,0.1939305812780689,0.1829380896613381,0.17227247411261543,0.1628772245583176,0.1542208852837971,0.14613278270482555,0.13862584726995586,0.13362147464383034,0.12936121997779304,0.119377
22-01-2026 10:50,25270.45,0.112408,0.1090997500009444,0.1103279520532918,0.11243460023459094,0.11439443400364936,0.11803577908323215,0.1238237777002477,0.13099404826471261,0.13737613517852984,0.143804053197449,0.15204779836011978,0.1628081140338241,0.17491851048991264,0.1959416223188323,0.22076182123099355,0.22491076148752343,0.21481852928993792,0.20494010998813167,0.194553053164695,0.18362703896621121,0.17218621705531315,0.1624381221452438,0.15452851766000325,0.14781411581120873,0.14112333343884984,0.13590915627467293,0.1318130622327963,0.1234049999999999
22-01-2026 10:55,25267.3,0.106301625,0.10584124041947583,0.10733696395973792,0.10992699999999998,0.1132168625336312,0.11766544381726257,0.12421336610179075,0.13186382658873635,0.13830732997299436,0.14499572570241745,0.15349545300309186,0.16216940600618385,0.17027117175309184,0.191244125,0.21990985667121693,0.22560457205521992,0.21468016784678903,0.20468038128955435,0.19468285765353646,0.18522460415509392,0.17567576428079718,0.16582509684092964,0.1570569459027703,0.1508703010278808,0.14510888579709305,0.13915486387024825,0.1345240536534917,0.129281875
22-01-2026 11:00,25234.85,0.114099125,0.11347659374999998,0.11366097859059457,0.1153758824666003,0.11815957916141648,0.12187083153541096,0.12742561595731738,0.13423223191463482,0.1407806159573174,0.14789690142342,0.15651171474355494,0.16487494396684993,0.17244141189671489,0.1919795312499999,0.21851471875,0.22387625528078406,0.21335260431156833,0.20315189123813168,0.193178709414695,0.18369973893741415,0.1742239706097909,0.16492312250751773,0.15647568260592942,0.14971736399602795,0.1434864975357839,0.1365647487678919,0.1307048125,0.1259945
22-01-2026 11:05,25223.35,0.121160125,0.11914130783041219,0.11860479366371796,0.12004322236184452,0.12223435755418403,0.12538252860589927,0.1305367408763068,0.1366517902618517,0.14317343073448235,0.15075573949966395,0.15869724402750557,0.16598300838075325,0.17339124883422816,0.19196752160278813,0.21670844945557627,0.22218949035278812,0.21240984375,0.20205746875,0.19156782153704974,0.1815420475472249,0.17210270727464877,0.16274375393000803,0.15403772576986385,0.14713398402558386,0.14109636711236528,0.13453468468967553,0.12886125024430822,0.12455633798871624
22-01-2026 11:10,25234.6,0.119148125,0.1175494238882796,0.11716442011715397,0.11848400325624966,0.12094431671415591,0.1253818727443077,0.13128667435553454,0.13660184703848788,0.14390175568610486,0.15292756770057242,0.15956301306427162,0.16721136470828937,0.17800501343060407,0.1961935359573164,0.2173060041434015,0.2216108008924417,0.2125194999247181,0.20244784374999988,0.19096583030835873,0.1802014106167175,0.17241753245801625,0.1637944080080424,0.1539127173258502,0.14689084712199635,0.1417285073003239,0.13637978905051468,0.13205675547426043,0.1288795826592674
22-01-2026 11:15,25230.3,0.12212562499999999,0.1199845578304122,0.11898083441082438,0.11909599082573455,0.1208016784906446,0.12589434431058608,0.13223269505238616,0.13730346865898096,0.14487944011685927,0.1543874197035779,0.16076338632215334,0.1700108546955006,0.18452671883344074,0.20241399812389668,0.21882949359339327,0.2200324849892378,0.21099068481822478,0.20138368749999988,0.1896868539670068,0.1786223016840136,0.1709735727170067,0.16312594587418613,0.15379161391706814,0.14623846936551008,0.14020484922656015,0.1344126464024968,0.12949709399430823,0.12516521298871625
22-01-2026 11:20,25224.65,0.125987125,0.1228150624999999,0.1211511874999999,0.12030384642353328,0.12101166159706658,0.12605815229176193,0.13306544544773705,0.1384116295407883,0.14392718795770898,0.151074741128762,0.15810038826823633,0.16663271328486928,0.1786247637003108,0.19738086913892627,0.2154677836324172,0.2169243578528478,0.20870982550638922,0.2002559651983774,0.1899346277659329,0.17967147428186583,0.16997919851966703,0.15995596219477856,0.15122282212410249,0.14458746729539249,0.13836340072892148,0.13179633286658687,0.125859,0.12062250000000001
22-01-2026 11:25,25274.25,0.120652125,0.11844903124999999,0.1176057499999999,0.11787445826597868,0.11944901028195756,0.12467149664077108,0.13220413409025994,0.13746643731931432,0.14142596961701814,0.1473153467631714,0.1548083125,0.1626387812499999,0.17310964039882537,0.19302689539125484,0.213043087580015,0.21583861674377014,0.20874641281838743,0.20146653491220284,0.19223729282295515,0.1822815856459105,0.17120094264699895,0.15916790327266855,0.15084485326175823,0.14584323765561807,0.14020096699641685,0.13392014165393215,0.1285104999999999,0.12407924999999999
22-01-2026 11:30,25237.65,0.1205006249999999,0.11862996875,0.11806419541627419,0.11893357833254861,0.1208056329162743,0.12485093607901052,0.1309663235607197,0.13650342778194455,0.14161687919777247,0.148139182647537,0.15582143750000002,0.1637996249999999,0.1730975940197067,0.19271504047461524,0.21574817245386124,0.21981731476108132,0.210734928960506,0.20109794926942842,0.19059484405337143,0.18094642339359,0.1713952591650036,0.16115786844477858,0.15271864962835496,0.14621000818731036,0.13987743749999992,0.1338190624999999,0.12868346874999997,0.12428275
22-01-2026 11:35,25252.75,0.11848615981875818,0.1166254462046895,0.11669673295965899,0.11834552841931809,0.12046917045965899,0.12389112255898097,0.12937683435247893,0.1357698665411862,0.1420510327608598,0.1490215342631715,0.1571883891676619,0.16558643458532382,0.1737054204176619,0.1928981562499999,0.21822015624999996,0.22307593749999996,0.21255353124999987,0.20037605794500424,0.1883021587129637,0.18012692484091475,0.17256748032295513,0.1636697812499999,0.1548868093898775,0.14702621252975512,0.14080093438987748,0.13543778124999997,0.1306808125,0.1265349999999999
22-01-2026 11:40,25230.6,0.11912698486251815,0.1167033087156295,0.1167724766662743,0.1187168595825485,0.1214296641662743,0.12520659374999998,0.13041444587394813,0.13676826674789616,0.143601008373948,0.1509670937499999,0.1595391365811475,0.16829358566229494,0.17728384291294605,0.19652785016359725,0.21897023456917006,0.22179199397474295,0.21153877823737147,0.1995676103557586,0.18761312696151716,0.17962496278938733,0.17206526736725747,0.16332757118362864,0.15447351615130828,0.14644850105261664,0.14085770365130826,0.13637736778520326,0.13216689182040664,0.128033
22-01-2026 11:45,25200.8,0.1244145884397793,0.12186874085994474,0.1212579999999999,0.1224582812499998,0.12523115471248242,0.12912643442496502,0.13345643596248252,0.13905540624999987,0.145947,0.15388101611021443,0.16289491999181369,0.17101797915298386,0.18067049518904468,0.20015396483532016,0.21903772904763916,0.2194015245099581,0.20939890287997903,0.19881912111689154,0.188046960983783,0.1787194791280708,0.16947438023692762,0.16046390519031714,0.15235881735444634,0.1446377880182362,0.1381418353668396,0.13345778980314096,0.12942252237931992,0.124422125
22-01-2026 11:50,25218.4,0.12256711195173094,0.12097162173793267,0.1207818749999999,0.1221781874999998,0.12550527127232977,0.12992035504465954,0.13406617752232977,0.13946303124999998,0.1464379375,0.1550158974541583,0.16478642011128286,0.17237230411009033,0.17979161278476455,0.1976550689135972,0.21805873456917008,0.21974274707679833,0.20931831569148232,0.1995451906020554,0.1897915937499999,0.1800915086836286,0.1700629593152519,0.16062629882961754,0.15325547319799432,0.1460727852903264,0.13903044558065292,0.13385189972309328,0.1296903851155336,0.12603062499999998
22-01-2026 11:55,25201.6,0.12422980362102114,0.12256610715525525,0.1222574687499999,0.12364200231001934,0.1265150462182113,0.13044961675636416,0.1351606353481723,0.1411701562499999,0.14843618335287756,0.15660478906596967,0.1652134641770293,0.17310461044558353,0.1806437866095698,0.19671157752208424,0.21658805453832142,0.21868766652765162,0.20795584101698178,0.19843102988349096,0.1889279966632551,0.17912768082651018,0.16977741087782394,0.16091067217913768,0.15309810171456875,0.14583795048848097,0.13908436972696198,0.132967056564674,0.127891712152386,0.125378875
22-01-2026 12:00,25184.35,0.13181349999999997,0.12850896875,0.12688546875,0.1275078380702058,0.12944275198481373,0.1322179585090098,0.13671610709440193,0.14312910118040106,0.15075508957505798,0.15828975060891262,0.1658095997138221,0.17412369397927957,0.18243403170986014,0.19747180623302843,0.21557829325576314,0.21757400910493696,0.20729844370411074,0.19724909685205538,0.18675272637906065,0.17626845275812142,0.16753800762906065,0.15923590625,0.1506885624999999,0.14282884375,0.13571562499999998,0.12907059039756352,0.12341455579512699,0.11927162499999999
22-01-2026 12:05,25218.75,0.13186275,0.12814099999999998,0.12633242548082646,0.12691870841059189,0.12880108983704225,0.13151549092121112,0.1356946998195307,0.14181545492806208,0.1493380224025952,0.15643485243779345,0.1639714543540738,0.1723776237707434,0.1800820044522571,0.19605426502208423,0.2161580545383214,0.21866438169037533,0.20817136509242934,0.19791299504621457,0.18707204636618688,0.1764197489823738,0.16769167511226737,0.15929847624216095,0.15055184749608042,0.14248253125,0.13514590625,0.128519875,0.12277884374999999,0.11770712499999998
22-01-2026 12:10,25226.35,0.12954174999999998,0.12610306249999997,0.12469963297077448,0.12534353969486958,0.12693979583766143,0.13007276309670918,0.13468966385604025,0.1400865473032984,0.14691945405747756,0.15433344832375193,0.16183046419624175,0.1707392207536383,0.18061371493717204,0.19758334430638488,0.21691523931797488,0.21858568526873798,0.20774788589809567,0.19764483357404775,0.18743417947870716,0.1772487652074143,0.16803118133737974,0.15914981621734503,0.15034337685867247,0.1422424375,0.13497518749999987,0.12837131249999997,0.1226301875,0.11775824999999998
22-01-2026 12:15,25221.55,0.12478287499999999,0.12240212499999989,0.12148105048082655,0.12216575721165301,0.12396192548082645,0.12726829705559636,0.13267453249703676,0.1393611133486924,0.14586112231392812,0.15236570554194415,0.159649804885268,0.16981121956259124,0.18436414259428957,0.20385323287854162,0.2200464162245795,0.21970371324685237,0.2091783699882324,0.19886973186911613,0.1887271875,0.17882381249999987,0.16953850262110734,0.16060263024221474,0.1516911901211073,0.14283942240098682,0.13459314180038875,0.128435360147817,0.12411989074841508,0.1200109999999999
22-01-2026 12:20,25272.95,0.11872825,0.11678922829893729,0.11681320789946868,0.11821434374999999,0.12050590624999989,0.12396075,0.1301219279450234,0.13846597055579118,0.14482575712839635,0.14994865811951322,0.15696125610188455,0.16611642075450558,0.18066517458873216,0.2040012823586377,0.22273142289342562,0.22229996084417525,0.21199052777599708,0.20161729376677068,0.19125466493186866,0.18143698871593425,0.17214486035417878,0.1631871269583577,0.15424194535633695,0.14428927354910182,0.13481002427243613,0.12974600540619954,0.127447482180707,0.124208125
22-01-2026 12:25,25240.05,0.12558262499999998,0.12075873492396684,0.1197694299619834,0.12065315624999999,0.12268973314829212,0.12646271676702808,0.13143662556007843,0.1374158166836494,0.1433480205137149,0.149569627021408,0.1571033125,0.1655220358950383,0.1760852813643957,0.1967954550436764,0.21889364436756234,0.2210984320864865,0.21082668479324318,0.20049404919804872,0.18998712964609757,0.17942952273206622,0.16893899855528308,0.16010835775851395,0.15175941701833467,0.1421121578285283,0.13364020356221226,0.1285301145131855,0.1248413467265295,0.1211410739124576
22-01-2026 12:30,25251.1,0.127299,0.12262957204893736,0.1207059891494686,0.12074884374999999,0.12304531801201428,0.12762061403764113,0.1318318923719921,0.13580902717911814,0.14169868525026436,0.14920757133502302,0.15716486262975643,0.16595306550825853,0.17475902512978275,0.19248333216270855,0.21582438383220365,0.2204956309275883,0.21038279267432422,0.19980622688112754,0.18924251626225522,0.17736863935252822,0.16524364270408692,0.15735326674397188,0.15085455901344372,0.14275824936007828,0.13539949371368204,0.12925623560576185,0.12410148821477919,0.1204567028591169
22-01-2026 12:35,25259.05,0.11987037499999999,0.11776699999999989,0.11684362499999999,0.11741762499999998,0.11984129564829211,0.12395606051702808,0.1285480621742345,0.1337135316405534,0.14089083620534348,0.14933463982842726,0.1575316326598982,0.16588285171070755,0.17404773040398633,0.1916358603326943,0.21534508637531216,0.22078898068765598,0.21077193989102147,0.19991919734486865,0.18968870001667268,0.17827571845327211,0.16674441576814156,0.15901891011494312,0.1523861139872482,0.1448343749999999,0.13791459374999998,0.13168275,0.1264990184781143,0.1225510739124576
22-01-2026 12:40,25236.55,0.11785151152666534,0.11647012788166633,0.1159696249999999,0.116815,0.11942461339604783,0.12354472451463239,0.12816620259112121,0.1349152299860015,0.1444672590458202,0.15355931768105033,0.16118987492753753,0.16818232292146915,0.17506079638621536,0.19253519682252823,0.2160437786578793,0.22056970182893948,0.20963792140383722,0.1984195928076744,0.18848576515383722,0.17858047755409884,0.1684965176081978,0.15974369630409888,0.15140311498191739,0.14340969871383477,0.13647375653034033,0.13032050184684596,0.12531407904842293,0.12094224999999999
22-01-2026 12:45,25253.05,0.11392503205894458,0.11331232051473611,0.1133477812499999,0.11458725,0.11792534934915844,0.12299387294024013,0.12804117989556188,0.1362223952125911,0.14789646597776565,0.15766514194645512,0.16532591341380515,0.171325306157137,0.17622646760595992,0.1930252224858275,0.21694503125,0.22121971874999988,0.2100556898910215,0.1982907719511789,0.18700587655752207,0.1776016343255939,0.16896493357822903,0.16008871875,0.15102673114423842,0.14269396228847694,0.13533331153015268,0.12890175452182842,0.12465398663591416,0.12108612499999999
22-01-2026 12:50,25254.0,0.11059001152666534,0.11048131538166624,0.1112184687499999,0.1131891875,0.11659408214604781,0.12138747451463239,0.12737332576887891,0.13537428884151678,0.14450210556116416,0.1540621936345243,0.16388564308156506,0.17112546610919713,0.1766709779255528,0.19350036763333817,0.21646775,0.2201581562499999,0.20926271875,0.19698278137387895,0.18430618565752763,0.1749615072064671,0.16748389543586734,0.15931026126304887,0.15090680248191737,0.14314041746383485,0.13578559868834977,0.12938731116286487,0.1257309815951587,0.1232272415549054
22-01-2026 12:55,25215.15,0.11516775,0.11432403125,0.11460496874999988,0.11637728124999999,0.11955064091220226,0.12390093807440453,0.12939993547475925,0.13615318287511402,0.14381368288961555,0.15258337271310332,0.1618220745216878,0.17041025169227225,0.1787327977866017,0.1952139799799725,0.21501921875,0.2167054157098491,0.20542130016969828,0.19428796412898483,0.18317846791650058,0.173252313441914,0.1643636980608691,0.1560778666163199,0.1483163125,0.141020125,0.13421536202166787,0.12825175529333577,0.12422937873622084,0.12159781685821207
22-01-2026 13:00,25215.7,0.1185415,0.11758746262855972,0.11710567305424209,0.11830274240997475,0.12167551506809839,0.12624059263619686,0.13099370256809836,0.1370994687499999,0.14491519650509782,0.15322004926019583,0.1616437277550978,0.17046531013974942,0.1797387765294989,0.19586526822962055,0.21389872867974227,0.21448560235637978,0.20269774272142632,0.19229067764332664,0.18279661043840897,0.17262003824623728,0.1624965764924746,0.1538966007462373,0.1462085625,0.1389085,0.13230728869251954,0.12638699868341668,0.12182287917800103,0.1185218665549054
22-01-2026 13:05,25210.35,0.116082,0.11698000910734102,0.11647667941212844,0.11763208557544819,0.12099656670515559,0.1255134455305969,0.13063159776529845,0.1373565935656187,0.1454899996312375,0.1535171873156187,0.16197356249999992,0.1708719375,0.18120681385825835,0.19828650711254758,0.21475038515032027,0.21482298260588004,0.20351071041512872,0.19192239799385602,0.18186548383172227,0.17237729600210908,0.1626670809179264,0.1540462279589632,0.146316125,0.1390582187499999,0.13265879354542545,0.1268750052241066,0.12224197356193692,0.1190509999999999
22-01-2026 13:10,25206.6,0.1127702663144265,0.11683347113134575,0.1172855136794372,0.11840232154696728,0.12097757440868848,0.12484789005882105,0.1304238532490197,0.1379928400529467,0.1465993363558935,0.15435671505294668,0.16258753125,0.17165134374999996,0.18334917241036053,0.2017188654105922,0.2166595885901029,0.21530889558987104,0.20448036043840898,0.19212866991854163,0.18056363352185625,0.17168526141811097,0.16297771850277493,0.15369324201767282,0.14525544625229547,0.1382277910807349,0.13198005571972465,0.12609582754837756,0.12124693634675512,0.117523875
22-01-2026 13:15,25186.75,0.11077950449859697,0.11786972113201603,0.11955325624548263,0.12020874265743163,0.12229965596446579,0.1258836376738332,0.13129546875,0.1384391873156187,0.14693353090962036,0.15532253112238445,0.16340493752838287,0.172038875,0.18233247010825834,0.19908265896651667,0.214571801482673,0.21375635024882925,0.20330755012441465,0.19162801565654197,0.17982875006308408,0.17064614065654196,0.16192621875,0.1519345451281046,0.14275869236802038,0.1359362493517271,0.1290650681907966,0.12213965090797076,0.11726252857898538,0.112945375
22-01-2026 13:20,25195.0,0.11016656565301917,0.11609270391325471,0.11799935081218749,0.11901569768515691,0.12147362418375096,0.1254769773567627,0.13108533759196214,0.13790607504598099,0.1469148563436511,0.1565560564373022,0.16446978854500316,0.172556239402704,0.18141665095135195,0.1968195312499999,0.21313292988028507,0.21309345351057013,0.20308336738028504,0.192605296985822,0.18156131272164408,0.17167098448582202,0.16237396875000001,0.15301805464128534,0.14439290013562217,0.13725894884738815,0.1287141878900584,0.12059845032401428,0.1176802298157456,0.11564083111495407
22-01-2026 13:25,25194.95,0.11998853422460135,0.11980832105615033,0.119488411676942,0.12029488585388401,0.122614599176942,0.12660302983068447,0.13219092526904458,0.13879307354603568,0.14769932347793152,0.15738482199051193,0.16570090668377088,0.17420755387703005,0.18270651131351498,0.19721004562319955,0.21305989137081388,0.2128186423942949,0.20209720069347784,0.1919934053213284,0.1819470950245312,0.17195640625,0.1623850312499999,0.15339861212507666,0.1449991193104677,0.1373019022457055,0.1281550896287774,0.11982035788692612,0.11841197389937266,0.12043411732363864
22-01-2026 13:30,25171.75,0.127468,0.12634395540885116,0.12387846889209965,0.12349235737534817,0.12528733838249065,0.12871324983388469,0.13324422597265514,0.1399090234245662,0.14914393840230622,0.15739638817101043,0.16469737893603537,0.17357692906077044,0.18286690526748484,0.19618476854056394,0.21024654008939295,0.2100860282778812,0.19973382042443222,0.19028538446030505,0.18104931860685852,0.17062318942685684,0.1602960038537137,0.15121143660470351,0.1421490727639756,0.13403671649441126,0.12704010141542688,0.12027270226428922,0.11775669895588627,0.12080545379496667
22-01-2026 13:35,25225.85,0.118371,0.12216634232919074,0.11989934130339706,0.11975934477614392,0.12246147975555799,0.12648550162431008,0.130865051759565,0.13865726127504036,0.14964329660376507,0.1567774639607642,0.1622869772707139,0.17114159568177345,0.18115447522684391,0.1944494804495041,0.20860809419359413,0.20967227618695083,0.200929438586448,0.19133171821868972,0.1806810278867777,0.16931449147998204,0.1590905682962906,0.15129586831309752,0.14249651100813698,0.1347129159828467,0.13022164961619517,0.1253851581773528,0.12145812432503982,0.12096486844545377
22-01-2026 13:40,25195.9,0.12084977667179342,0.12169766791123365,0.11888602987741008,0.11900587391620303,0.12194452112340932,0.12637468137344568,0.1317511540465229,0.13938989694804915,0.149189133254394,0.15650465312969986,0.16280130965993653,0.17124792280793574,0.18064424589106745,0.19519738643928058,0.21079846338682623,0.21109152069958786,0.20082546961355366,0.18964234791785115,0.17726181376128167,0.16590402192603504,0.156883913411318,0.150283368223337,0.14274332540837353,0.13491948344161028,0.129119282841146,0.12345056511572731,0.11844189053534807,0.11535536940993786
22-01-2026 13:45,25188.3,0.1280943162873891,0.12522901668147224,0.12262674559454519,0.12242068307800566,0.12435883043636792,0.12834547887664893,0.13393409606692985,0.14024963622758374,0.1481090587281835,0.1563020559990102,0.1638562660424531,0.17189245490501504,0.18076266495250753,0.19568611071314282,0.21155947142628573,0.2116758823172376,0.20077157445818952,0.18946350039736123,0.17800630786224642,0.16696088491582245,0.15704329266797148,0.149169924321129,0.14133659375,0.1329884375,0.1255055634636764,0.1185513144273528,0.11238569080765741,0.10727525937592418
22-01-2026 13:50,25206.65,0.125327530752937,0.12340499117861967,0.12231403605891306,0.12216574664666974,0.12326391282814207,0.12653450498835317,0.13223108727987554,0.13923951439038276,0.14643606551262217,0.1539014120318324,0.16200633574726025,0.17082821806023674,0.1799778272329047,0.1949746873519628,0.21175676085021045,0.21331567730010526,0.2030241562499999,0.192002375,0.1813119999999999,0.17082242246926083,0.15985548855662268,0.14937518326797228,0.14054246574311988,0.13248451839899952,0.12477887092298015,0.11797473233649002,0.11180865624999989,0.10592687499999999
22-01-2026 13:55,25236.1,0.11811998101289824,0.116614485119069,0.11715117667783663,0.11828821736292724,0.1192656535169254,0.12212837134374982,0.12854333042016355,0.13718800762553915,0.14444343024058756,0.15092531553521193,0.15911028176058772,0.16878612357001851,0.17914933155573645,0.19520796102477975,0.2125055438112028,0.21437594723444625,0.20448368720171745,0.1935922812499999,0.18258942628521818,0.1721927900704363,0.1609533342173361,0.14915671630504623,0.14046411506373865,0.13347351600042007,0.1261750436192193,0.12012814454401988,0.11492402671882035,0.110082625
22-01-2026 14:00,25232.35,0.11179620454816701,0.11072826429752107,0.11193648855127038,0.11441066387905334,0.11640482807097817,0.11957580441776275,0.1256330148031692,0.1337594781520296,0.14176600564455147,0.14975903862717485,0.1586922739129676,0.16815886025355048,0.17899735697799826,0.195240898706087,0.21095739038866326,0.21216674277418926,0.2029156828491451,0.1918935591637821,0.18007004641988078,0.16987853353880644,0.16041332758734494,0.15033344829871131,0.14171290324311978,0.13446358089899954,0.12765137092298015,0.12175895265729168,0.1168133156416031,0.112898375
22-01-2026 14:05,25228.35,0.10635741926436917,0.10695797657161094,0.10835462657392354,0.11099372148607825,0.11430105838366385,0.11867096509374982,0.12509679649504457,0.13311809299008925,0.14129045274504456,0.1502436793906484,0.1599349212812969,0.1692721968274265,0.17930249582101881,0.19470132470879575,0.21018205981774155,0.21072304152588503,0.20085967169930263,0.18923016618890676,0.17684124124764003,0.16801838992837234,0.1605321274530349,0.15168309375,0.1431479062499999,0.1356634375,0.12924840624999998,0.12368856023441022,0.11909525025295106,0.11532601913652249
22-01-2026 14:10,25212.7,0.10804220454816692,0.1082810823870417,0.10930515625,0.111590625,0.1151338437499999,0.12001203125000001,0.12716090047588816,0.13573801970177637,0.14356774422588814,0.15188652758148383,0.16136949266296757,0.17078019395169294,0.18073563941326035,0.19599111320016271,0.21040088546526642,0.20973992569550454,0.19990341770081316,0.1885629152166514,0.17676167969776854,0.16821798193597418,0.16022426139139315,0.1510954824837906,0.14263902746758125,0.13547073248379055,0.12944068749999998,0.12459271226329341,0.12102509066452655,0.11762916455175902
22-01-2026 14:15,25178.75,0.116611625,0.11492941677104421,0.11477655229208861,0.1159411667710442,0.11939462507330831,0.1252284386198823,0.13183568760129752,0.1387513096361818,0.14655817595890752,0.15561512941072578,0.1645269439391035,0.1728790236558271,0.18298684402680881,0.19665525579742565,0.20670378949145146,0.20478453883894565,0.1959882434497606,0.18614930123065637,0.17620223785744743,0.16653308363962854,0.15672300436237527,0.14745763122430386,0.13894853933623236,0.13162278529311616,0.1251564831021767,0.1200786541679495,0.11733283493917673,0.11454277863923172
22-01-2026 14:20,25194.65,0.122818125,0.11954946404651888,0.11825770934303798,0.11816646404651888,0.12167325674099747,0.1287646784623714,0.13487659152434844,0.13996276837557284,0.1475755279595916,0.15755047027634123,0.16593740239170263,0.1729233615023546,0.18295009889399175,0.19586629928290775,0.20334570027232957,0.2003709359916678,0.19221234178874305,0.1831507629546875,0.1736044978678306,0.16348587564273093,0.15333172506804005,0.14402132095823514,0.13504655970151108,0.1274135640851401,0.12045868941720851,0.11400901420186436,0.10987974174915487,0.10596797751313028
22-01-2026 14:25,25206.4,0.131903875,0.12575085427104432,0.1219359897920886,0.12053601774890675,0.12230648704238385,0.12662195337444565,0.13176514945077947,0.13766928830844477,0.144941915295039,0.15354897316072577,0.16191450643910352,0.16967630490582708,0.18141312960510694,0.19858486216053922,0.20962803581840772,0.2066677297167095,0.19691350878538372,0.18531571753094817,0.17271110364295605,0.16225362880977018,0.1534770375473002,0.14337879054335295,0.1327554692802658,0.12466982347403556,0.11784462565811184,0.11062440370435352,0.10412648310217672,0.097851125
22-01-2026 14:30,25236.6,0.1376645,0.12960346874999998,0.1239085355340178,0.12148246862436327,0.12177342778144784,0.1235879355758769,0.127705400024743,0.13414129327993682,0.1409082716399684,0.1482025624999999,0.15648074999999997,0.1648130312499999,0.1764479230466822,0.1962445029671636,0.21327301804428053,0.21287902240338688,0.20192582480917554,0.18998610484306208,0.17725541435550488,0.16598432952058692,0.1567796544785563,0.14665859845550328,0.1360385322339297,0.12688559982351882,0.11887199676726186,0.11134017447216932,0.10398137499999999,0.09667174999999999
22-01-2026 14:35,25267.55,0.13258836021125636,0.12499266282089397,0.11969080467714646,0.11725433577791593,0.1173049586100622,0.11927810850456336,0.12342532084452663,0.12962425916235237,0.1368150279464898,0.14450167173062725,0.15230714836531362,0.16012834374999999,0.17083032736517414,0.19172371182400827,0.2134610353024941,0.21560177464590666,0.2043619976044933,0.19337481130224665,0.18243707213141835,0.17144545676283682,0.16110997838141833,0.15091678125,0.141017875,0.13137781166216395,0.12258059207432793,0.11528081166216397,0.10839334375,0.1013425
22-01-2026 14:40,25289.0,0.12636572388804032,0.11943743557776555,0.11485904474552888,0.11273273192379113,0.11288344178401782,0.1153118437499999,0.1197102812499999,0.12587153125,0.13392381877582563,0.14237954380165133,0.1495053500258256,0.15664671874999997,0.1680981619027471,0.1907546911650489,0.21384605287185618,0.2168425233731076,0.20609518702710622,0.19488468726355312,0.18407956249999988,0.17343175000000002,0.1627600312499999,0.1523588437499999,0.14267053124999998,0.13349664322216942,0.1252331926943388,0.11814242447216941,0.111460375,0.10471162499999999
22-01-2026 14:45,25289.65,0.12249161021125629,0.11689200726140477,0.11354145590254763,0.1118422310424968,0.11164532571171329,0.11350294586317342,0.1174991874999999,0.1235124062499999,0.13159666596696357,0.14038320130922577,0.14792046721756094,0.1550391506252986,0.1647367614857665,0.18642583127109352,0.2119167218348873,0.21631139614569428,0.20524664444226792,0.19393043159613393,0.18284228125,0.17129454707323263,0.15941527712929526,0.14930210053889248,0.14080302673282996,0.132405625,0.12457978125,0.11757112499999998,0.11100371874999998,0.10460362499999999
22-01-2026 14:50,25294.65,0.11884237499999999,0.11481936830270803,0.11296859561254163,0.11182995842239532,0.11107994696799771,0.11203902835543607,0.1155622499999999,0.12150774999999989,0.12937088995671714,0.13832857504567353,0.14669760522119557,0.1541048263822392,0.16391374128174246,0.18621738881348496,0.21173571003174238,0.21571441548396528,0.20459454971793067,0.19299072798396527,0.18118632561436784,0.16837495594325005,0.1555184299922838,0.14615329461228874,0.13905240119888718,0.13132015625,0.12373406249999991,0.11702514499274247,0.11085310248548495,0.1048042499999999
22-01-2026 14:55,25290.85,0.11852587499999999,0.11409928194051078,0.11130702911638783,0.11006849141233029,0.11007455448754,0.11134634150108676,0.11471053124999989,0.1206029999999999,0.12860153190793536,0.13739568319116946,0.14550389565853275,0.1535592821400083,0.16592553652063954,0.18958036599715022,0.21233258599122024,0.2142589374999999,0.2032449374999999,0.19141724999999987,0.178691441163326,0.16600477314988474,0.15532103079262127,0.14611644025512746,0.13748764366529984,0.12988318346623498,0.1225968272950761,0.11585182542937261,0.11038691897351666,0.10493525
22-01-2026 15:00,25269.5,0.12066437499999999,0.11264265907623955,0.109045270523144,0.10908498591652417,0.11017767551968262,0.11186905650984126,0.11528415624999991,0.1211319062499999,0.12885557842263734,0.13711209434527483,0.14527676592263736,0.15408254236146346,0.1648836072546694,0.18584493117494844,0.20953999128174247,0.21307124999999988,0.2019470312499999,0.1899609999999999,0.17702506507652635,0.1648236926530528,0.15519525257652636,0.1452989960174667,0.13522474203493354,0.1278038710174667,0.12061846691543149,0.11341554757360559,0.10834800690091656,0.10341125
22-01-2026 15:05,25256.3,0.128968375,0.1158223187474769,0.11105500424852892,0.11136404397146166,0.11169601352653592,0.11290149113826796,0.1160770625,0.1214427187499999,0.1288621310775603,0.13681757465512084,0.14450269357756038,0.15244878776470966,0.16106507552941932,0.18079756281064285,0.20678601884186637,0.21226334044615286,0.20118103705043933,0.1891729887644867,0.17688888883641543,0.16565028883002955,0.1552923858578812,0.14471996471623488,0.13488096068246985,0.12677640221623498,0.1192599210450762,0.1120386545901524,0.10580721232466136,0.09946629011834104
22-01-2026 15:10,25297.3,0.13032299999999997,0.11959204529819872,0.11345841796706244,0.11123480282841154,0.11043666189953902,0.1113404530769511,0.11445938616541775,0.11937940594929086,0.12655083955618823,0.13499835903152557,0.14275311805246355,0.14980404334088482,0.15763577417481317,0.17758467771013184,0.20488507417026366,0.21160882392377528,0.20077051117728695,0.18863563845825196,0.17669895323921675,0.16669242974460838,0.1566715625,0.14577077296340404,0.135923264676808,0.12728286671340394,0.11961696875,0.1125556875,0.10559604190750418,0.09811454263001718
22-01-2026 15:15,25297.45,0.1301894932555467,0.12287747542295441,0.11597432921813551,0.1116651613329009,0.10996280594766641,0.11067890155760297,0.1138286628393446,0.11822473617737984,0.12422982799936538,0.13256244022790262,0.1416663597411321,0.1497549955662174,0.1576794549328469,0.17733135643800368,0.2048416617111687,0.212376474380804,0.20191447455043932,0.18929069616512478,0.17693476152981022,0.16676606826490512,0.15656093749999989,0.14536616589278792,0.13504164428557583,0.12561472517020947,0.11722327480484314,0.11041327802742155,0.10384238502958516,0.09642429011834107
22-01-2026 15:20,25308.25,0.12478512190004695,0.12183061971552579,0.11694407707819586,0.11251673056062625,0.11022165742733414,0.11017115396584859,0.11303230397508354,0.11831628007259301,0.12409966797866176,0.130657564745229,0.13912104540733,0.14963223594242064,0.1599927531278848,0.17966642824180012,0.20703812753052878,0.2142289231402644,0.20333662499999988,0.19094429322886,0.17846418694459995,0.16714708795261987,0.1562386629868798,0.14515352296340406,0.13483390535095816,0.12453105047758338,0.11495125800590866,0.10847880866587926,0.10335143587670405,0.09845686850681652
22-01-2026 15:25,25314.1,0.11682206575818647,0.11679472508582586,0.11484067372245926,0.11206663352095607,0.11059477759395304,0.11082974472231667,0.1144077508818927,0.12273526329417245,0.13114607960113608,0.13632394439782897,0.1425044695603265,0.15348141389878636,0.16654726314586402,0.18816855164147708,0.21414820423424208,0.21924515669119643,0.20640528908677414,0.19174920108603946,0.17884597329961577,0.16861028093821,0.15921453213785938,0.1489485,0.13887881589812112,0.12944419107366384,0.12044346570296426,0.11370730927742156,0.1096811164774512,0.10842509090980496
23-01-2026 09:15,25292.15,0.12621166970357503,0.12248437044444863,0.11850743973938639,0.1152671145488851,0.11462173003244319,0.11574828183866695,0.1191752615596657,0.12847009226456124,0.14028339295042588,0.14699059390450056,0.15221240731688818,0.16188655222411327,0.17600590633723004,0.20067388961994956,0.22579814945716206,0.22885214717166757,0.21407612554471062,0.1961001451638767,0.1827896369217476,0.17467808522194028,0.16677893792769297,0.15686162494491387,0.14642867192415002,0.13718868759829997,0.12893779692415003,0.12201503124999999,0.11684221712670405,0.1133929935068165
23-01-2026 09:20,25265.75,0.14082975,0.1322532187499999,0.12412483892764946,0.11835227160529892,0.11697921392764946,0.1177131249999999,0.1200238749999999,0.12666782115318861,0.13726852965451183,0.14664261283573896,0.15385272337154723,0.16361782597342794,0.17618544642359152,0.19980338697630254,0.22830031295056832,0.23445504928596375,0.221699004161177,0.20667438858603934,0.19370218538124961,0.18304696978234009,0.17228430483121795,0.16076973343086226,0.14926034375,0.138853,0.12985890625,0.12210984374999999,0.1151985038718288,0.1086311404873155
23-01-2026 09:25,25330.85,0.13125175083070523,0.12324184395767623,0.11666114945924436,0.11245183016848884,0.11111405570924437,0.11168103125,0.1143073124999999,0.1199491562499999,0.12987015097189164,0.14146467978567245,0.15048417950341358,0.1601828661601671,0.17107718934332497,0.19464766979440337,0.22759526619041975,0.2369406966839318,0.22660622223305524,0.21509759581793036,0.20273196874999996,0.18891190511790487,0.1740084632604303,0.16113761838177276,0.15034070296825672,0.14073997199339217,0.13245532926438267,0.12494,0.1181779822429901,0.11204780397196058
23-01-2026 09:30,25330.3,0.11938121236261155,0.11254386559065284,0.10826095791300663,0.10619057207601348,0.10576523916300663,0.10702909375,0.1106059374999999,0.1171146249999999,0.12703720317878472,0.1384061767802436,0.14892666295072413,0.15948060190510882,0.16965631243509577,0.19472792526641042,0.22832269662291466,0.23562873413469052,0.2258593549492695,0.2162233545503355,0.20436903125,0.18906133279697743,0.17144365352995825,0.15861864797236963,0.14983503090351502,0.1420799117748669,0.13541342686074065,0.12881618749999998,0.1225780976218288,0.1168768904873155
23-01-2026 09:35,25299.45,0.11886425083070522,0.11301002644742945,0.10956287973225044,0.1071765557452413,0.106011358502744,0.10710915625,0.11096346874999999,0.11843520452109776,0.12875027299182804,0.13920643242036285,0.14951248054737618,0.16035104569548722,0.1708197728477436,0.19619218749999998,0.22910115120026758,0.23535276612591288,0.22493760990102277,0.21495030747537747,0.20299546875,0.1890282474599214,0.17391361669446334,0.1618394919737892,0.15198892171825673,0.14291478449339218,0.1351161417643827,0.12802878125,0.1216586249999999,0.11561824999999998
23-01-2026 09:40,25299.95,0.12050799999999999,0.11571598399050705,0.11319157144913417,0.11038900342674693,0.1078801972181198,0.10831490625,0.11222359374999999,0.12045587808611077,0.13133116157769778,0.14117828264706317,0.15087174915547613,0.1616709869767457,0.1724204114534914,0.1972652369767457,0.23021733679072148,0.23749888540266928,0.22573266481132923,0.2137311455775369,0.2013632475570837,0.18893608896980138,0.1764721484028177,0.16456634011194465,0.15321106249999997,0.14276007704534083,0.1338848262163265,0.12657692129663053,0.11994482837564475,0.113460625
23-01-2026 09:45,25269.0,0.1266924661373001,0.1192706558002114,0.11366901546393365,0.10998634543247467,0.10885182290707046,0.11078331381388157,0.11458015332063351,0.12125181671355949,0.1312415991467734,0.14173452223025362,0.15212647135457788,0.1630610550933326,0.17369820393666519,0.19765230509333248,0.2291167308644666,0.2357329617289334,0.22393668231881023,0.21114131187121163,0.19807136186702334,0.18584297186361873,0.1737652858392957,0.16237265917583224,0.15080176003852827,0.13955450782202064,0.13112914397725017,0.12458986714255171,0.11768368969879378,0.11070574999999999
23-01-2026 09:50,25300.7,0.12605130538008524,0.11674869395542097,0.10906477755519974,0.1053322499999999,0.10657505711101285,0.11098367143694139,0.11474010904084403,0.11969965096491557,0.12882281516635655,0.1398171615827133,0.15110224422507013,0.1622598763441727,0.1726418405122049,0.19654421508986697,0.2279237342738369,0.23467415920830986,0.22369771367574967,0.21048980511071347,0.1963783027658889,0.18443443260094122,0.1725369679562922,0.16176537488868195,0.15044430508516793,0.13872970952984534,0.13092739467983192,0.1250234365448317,0.11861197049370975,0.112217625
23-01-2026 09:55,25284.3,0.12182411690491941,0.11360335475236305,0.10752550651306653,0.1045577499999999,0.10520727873002031,0.10844432590250255,0.11332633553152917,0.12130760833320349,0.1310235210630216,0.14050866462015915,0.15112803670184133,0.16239289634109474,0.17242654192054732,0.19579529701321546,0.22780636679632263,0.23570709255299852,0.22447439776989145,0.21081042452601556,0.19671906780203122,0.18509230245184782,0.17340753710166462,0.16174787792583228,0.1501231193371087,0.13870323701343265,0.13042202226553895,0.1241010106802342,0.11768921218203819,0.11134712499999999
23-01-2026 10:00,25294.9,0.11512735391868484,0.1091538072296712,0.1049899062499999,0.10289596874999991,0.10290871255575942,0.10498683136151897,0.11179371710821098,0.12348058192953423,0.1339020810998373,0.1421452656034871,0.15188208571852627,0.16255403544297875,0.17228105535518481,0.19562425604784456,0.22814010584568906,0.23663134979784448,0.22470258258325257,0.211126971314275,0.19833875737879228,0.1867198998977698,0.1746069375,0.1620814395622703,0.1497621519819292,0.13858510870986587,0.13030898847302583,0.12380217886685113,0.11711748586806489,0.11070637499999988
23-01-2026 10:05,25293.15,0.10889637499999999,0.10398335079251768,0.10134869102125885,0.10029728125000001,0.100673875,0.10310431249999999,0.10942864491658513,0.11972874614074168,0.13039608356302157,0.14089188146329465,0.1521460778635878,0.1625584531351811,0.1722811493960227,0.19542719957967367,0.2272047116593474,0.23564806158626708,0.22332925524985037,0.20995623697992055,0.19841096873666353,0.1867488965839783,0.1740398556679567,0.16137841493983585,0.14923092726029535,0.13863180132404487,0.13018448804063334,0.1235162518710264,0.11742699999999989,0.111451
23-01-2026 10:10,25285.05,0.10630674999999999,0.10132996787030224,0.09976449956015111,0.099554875,0.10055784353676255,0.10368734332352522,0.10979484104422325,0.119533817934044,0.13002586209570596,0.14043318515173156,0.15183731821521787,0.16316994747339958,0.1737879204815812,0.19634389006326403,0.22698942214494686,0.23454383531073247,0.22217617480977078,0.20968407065476422,0.19810842633325249,0.1856733585672153,0.1726623421344306,0.16049879486807098,0.14881860683470088,0.1383661922456803,0.1301305904406803,0.12352350622884531,0.1176740624999999,0.111984875
23-01-2026 10:15,25283.3,0.10452349999999999,0.10095969454251758,0.09943840977125874,0.0991723125,0.10144443623529864,0.1061544568878696,0.11279681502054578,0.12298076748200125,0.1334424584646169,0.1426644262878573,0.15289412843726674,0.16457228053227407,0.17761330812988882,0.20153230393955662,0.2295691806185432,0.23448798503319462,0.22221303651318675,0.20986979950659332,0.19759362499999988,0.18510661533397832,0.1725373869179566,0.16055795314429072,0.14865774931986495,0.13790229644911925,0.13020957117989307,0.1239088737403264,0.11793946874999992,0.11247625
23-01-2026 10:20,25261.25,0.1131445,0.10800104224004164,0.10412502198008339,0.10251766724004165,0.10442411273182914,0.10909348114920783,0.11450746536038864,0.1228077250659302,0.1339844686391799,0.14469330041706002,0.15470377240080024,0.16551314774079062,0.18005136958654483,0.2056520245943489,0.23072687514222578,0.23313788489363102,0.2209843125,0.20837709374999988,0.19587846874999998,0.18318283718549833,0.17031701812099678,0.15795717493096612,0.14605250347392504,0.1356601187114469,0.12743004673298958,0.1201244999999999,0.1136934413912832,0.10824214056513311
23-01-2026 10:25,25266.4,0.12199099999999999,0.1146186344911448,0.10846301898228963,0.1055430407411448,0.10548102058824436,0.10771000059376114,0.11222384567278909,0.12052999978549052,0.13193042792370321,0.14278867224275174,0.15313200343726674,0.1638567812499999,0.17584952831534062,0.1998418350797606,0.22814177271349934,0.23356299719907933,0.22107831378302364,0.20789778381604732,0.19592443878302357,0.18273781628554545,0.16871163257109098,0.15596332185009634,0.1439564173791018,0.1340720680645508,0.1255940312499999,0.1172721562499999,0.11037584106673223,0.10502223926692919
23-01-2026 10:30,25303.15,0.11640775,0.11049579224004163,0.1054976782300834,0.10281615327277349,0.10224059706546358,0.10356667353273175,0.10808684375,0.11669790144633675,0.1275565216426736,0.13839165144633675,0.1494901875,0.1605916562499999,0.170931125,0.19526360364363105,0.22878830103726225,0.23603516521289844,0.22074244711872865,0.2069134016220944,0.1970968331650722,0.1855957426800043,0.17139454264182644,0.15808871370411615,0.1463480018330138,0.13687337393315877,0.12808978590964648,0.11939325931929294,0.1125202272425358,0.10682501533155757
23-01-2026 10:35,25313.0,0.10947887499999999,0.10418956732939272,0.10102384616469631,0.09954817800656511,0.09950623101313025,0.10135878403416353,0.10622949330519692,0.1144752310275984,0.1248839999999999,0.13611759375,0.14781418749999997,0.15933212499999988,0.16995703125,0.1953804374999999,0.23044656249999998,0.2363143648624212,0.2187435664246002,0.2056786816373285,0.1973776859505414,0.18758728009299347,0.17433024766421554,0.1604244201613148,0.1490411442003892,0.13960970636215714,0.12999024811899818,0.12119169460859017,0.11473299359360963,0.10889795291019586
23-01-2026 10:40,25297.7,0.10695625,0.10109248107023655,0.09875317803511818,0.09793636103273183,0.09803487831546367,0.10058855922531793,0.10661498454244492,0.11530959325713147,0.12532327565727264,0.1367259603733284,0.14888751449665685,0.16011202287332843,0.17255565888888127,0.19984506777776248,0.23222690888888117,0.2366712706815234,0.2212517213897433,0.20880704157735513,0.19884522046157457,0.18793381709243911,0.17523475396669605,0.16169823526669638,0.1497156461333048,0.13961664037602475,0.13009651824508725,0.12189770361201341,0.11543742407811963,0.1094914276738927
23-01-2026 10:45,25297.35,0.10386725,0.09936711996825356,0.09693517019241799,0.09621011513886073,0.09686916921060529,0.0998002569488091,0.10650679324503672,0.1161440237360672,0.12617400572923437,0.13873046712524792,0.152852984793023,0.16322616161446896,0.17628480897365092,0.20506192414974708,0.23394016448916666,0.23679158390258337,0.22363076095357873,0.2108869854149138,0.19950130924754178,0.187921375,0.17529356249999997,0.16243711549006612,0.1503467622301325,0.139720424366535,0.13041961775293745,0.12246052762646868,0.11570145229402408,0.1097814341760965
23-01-2026 10:50,25284.35,0.106840375,0.10191266405695543,0.09827101561391105,0.09710485155695552,0.0979765253602854,0.10080392572057091,0.10673917601755815,0.11604755131454529,0.12677974440727263,0.1408143216164311,0.15658639640581704,0.16676859035576194,0.17574996809867868,0.20033488408404898,0.2300741907481808,0.23528296448000385,0.22356685857412395,0.21139586908110922,0.19920749704055454,0.1870355,0.17418115625,0.161016449939687,0.14861971237937402,0.13797048118968702,0.12859088340428446,0.12020789180856895,0.1131271854837239,0.10681883331775795
23-01-2026 10:55,25278.2,0.10773374999999999,0.10305041892104785,0.09967761909209578,0.09797020017104784,0.0982774192106052,0.10145556338760064,0.10771758789338538,0.11663878746639005,0.12786888364695984,0.14148401336206962,0.1550129575757868,0.16498319055737093,0.17346451860086068,0.19612515665892127,0.2274330006258856,0.23519878023750773,0.22376771786637656,0.21147499999999989,0.198878,0.1861954374999999,0.17312053124999988,0.15942879559036077,0.14663618493072175,0.13632660809036085,0.12706365344631304,0.1184488693926261,0.1114641710837301,0.1051249455496683
23-01-2026 11:00,25279.7,0.10504274999999999,0.10158119125536087,0.09925060126072174,0.09770913000884081,0.09808801030704967,0.10186659802936372,0.10879720140149832,0.1175323624257043,0.1288911654959113,0.14200586306348661,0.1535145733892392,0.16349059457166384,0.17537547172533538,0.200520778613536,0.23009261080106563,0.23568227266286515,0.22350624999999988,0.21057868904660354,0.19771665934320712,0.18527843904660354,0.1724938124999999,0.159230262439687,0.14689727487937412,0.13637319993968702,0.12705450840428448,0.11875557930856893,0.11184956877383796,0.10567399147821428
23-01-2026 11:05,25270.35,0.1073825,0.10325435249584479,0.09998881942120302,0.09848326543461634,0.09933652936295187,0.1025027424850056,0.1086043997408731,0.11759891246638995,0.12886563364695983,0.14147006296049625,0.15380449253474873,0.16474348702584796,0.17856665242116673,0.2055686134830619,0.23263447861653086,0.23445572491219796,0.2206222415008944,0.20766022451295,0.19561231167200885,0.18395641624775527,0.1715896874999999,0.15863803124999987,0.14641271874999998,0.13537428124999998,0.1257629375,0.1174834374999999,0.11029917388741706,0.1037364455496683
23-01-2026 11:10,25281.6,0.104941625,0.10239298525273155,0.09906447987324501,0.09720826091157675,0.098215914803604,0.10158351735650226,0.10750788305151107,0.11681681249999999,0.12815284374999997,0.13991984580749883,0.15307709858558102,0.16565812849866526,0.17679478494591858,0.20085447470067086,0.23027537797533537,0.2332648096743325,0.21778526739671408,0.20519304934338645,0.19467278519396072,0.18369950607295582,0.1715465,0.15875134375,0.1465209687499999,0.1348624588073386,0.12434354855340572,0.1162558456847957,0.10989309968872848,0.10356825
23-01-2026 11:15,25277.8,0.10151550000000001,0.10054389701916303,0.09802585781847249,0.09617925490210877,0.0973291309923834,0.1014153201904946,0.10757562884524724,0.11712589896433526,0.1289211729286706,0.14021949271433526,0.15315381198495742,0.1662661864699149,0.1754984369849574,0.19718793749999997,0.2279424062499999,0.23349422491219798,0.21907863306029746,0.20546551750804246,0.19371284798398497,0.1825516681848664,0.17051245287164932,0.15833689831082465,0.1466478437499999,0.13423755132883577,0.1225287325617032,0.11508462363689892,0.11045627858124168,0.10557146970884079
23-01-2026 11:20,25261.05,0.10515683719148766,0.10194557370988615,0.09882591945288628,0.09719135340809681,0.09818240449655434,0.10219616205285005,0.108926042101436,0.11874434281327487,0.1304673625265351,0.14151346251326755,0.15367971485361115,0.16653117649470126,0.1765340521785689,0.19740169092381576,0.22599792937018046,0.23224587008135028,0.21970575697881845,0.20602303003897565,0.19371922493401625,0.18153181098975407,0.16859308167680376,0.15676786896340186,0.14533053124999998,0.13303861090017977,0.12164139091317704,0.11384788662581433,0.10866302901770289,0.10415993961954292
23-01-2026 11:25,25270.95,0.10236954800223588,0.09921563700055887,0.09677982318268474,0.09600692761536961,0.09711407318268474,0.10176935486896771,0.10973495973793554,0.11923572810547983,0.13026893397302422,0.14162682552362024,0.15337218268903136,0.1658777455865977,0.17703365850453393,0.19722816127913045,0.22408097544987285,0.23088970952193233,0.2201350185907335,0.20770550186880576,0.19528007905940292,0.18265842956082456,0.16974770287164934,0.15747780456082464,0.14525513289565778,0.13347873712498187,0.12305388931598073,0.11429610286107851,0.10775606422306339,0.1025990947088408
23-01-2026 11:30,25274.7,0.09498396219148765,0.09317702893878632,0.0925567533567111,0.0933085165406789,0.09520286407488221,0.10061728419190022,0.10930597463380064,0.1199039615567185,0.13186132347963644,0.14299313274947842,0.15411603576932023,0.16594283999730516,0.17717014422529012,0.19840679749898193,0.22606136687018047,0.23220005758135026,0.2204537285975066,0.20787984374999988,0.1952525625,0.18296509375,0.1707001874999999,0.1584283125,0.14604664080882246,0.134877437867645,0.1256414542674357,0.11725594995144314,0.11082086577704671,0.106260625
23-01-2026 11:35,25252.0,0.094851375,0.0930925470351792,0.09275954020257707,0.09393687679961642,0.09660972738221855,0.10213683821895155,0.11076720768790319,0.12264174752161328,0.13566472485532347,0.14644195533976986,0.15718361626340682,0.1686796872709216,0.18056409246710636,0.20278579548953474,0.22745660918338834,0.23001495323267415,0.217583476616337,0.20499546874999997,0.1920287090223397,0.17952129304467965,0.16779683402233972,0.1562105,0.1447929453956578,0.13472279704131554,0.1266158114170753,0.11949839231426641,0.11324399906428026,0.10834025
23-01-2026 11:40,25221.8,0.09803199999999998,0.09697787541302501,0.0963457053984324,0.09740145860201098,0.10061850698054829,0.10640328124999998,0.11528046874999999,0.12688837239474315,0.13976125092174352,0.15160754090925757,0.16265138361625744,0.1739551397970762,0.18713433985615974,0.20841414525709182,0.2270135275369636,0.2256923883959113,0.21380477232295564,0.2017120624999999,0.18839013310201422,0.17547157870402857,0.16424800810201426,0.15337453124999997,0.14274440624999998,0.1334816875,0.12601479594920098,0.11977649814840208,0.11365235844920109,0.1080755
23-01-2026 11:45,25210.75,0.100865875,0.10081117020307132,0.09994282981141073,0.10091212584820183,0.1047511405985423,0.11097036838465703,0.11968713731732845,0.13054178125,0.14318301520025278,0.15570071790050544,0.1661965706394433,0.1769238201058118,0.18913848146110304,0.20711291186153308,0.22420670293338835,0.22350464073267406,0.21086659997070537,0.19789449670873654,0.1853720511267081,0.17344469929467954,0.1620821572601735,0.15115505272566754,0.14123519823783376,0.1326140312499999,0.12523580278288476,0.11922948056576967,0.11387270903288488,0.108690875
23-01-2026 11:50,25193.45,0.10679287500000001,0.10468233590382191,0.1030302430274022,0.10375499613756013,0.10788066839983154,0.11435399579381414,0.12211485727190703,0.13207774999999997,0.14398938113225723,0.15610987372530755,0.16703291655384353,0.17714968378986887,0.18874974574953285,0.20674896201183846,0.2233514760913813,0.2222900937499999,0.20886320524386667,0.19506419173773346,0.18300279899386668,0.17157565624999999,0.15964197439415884,0.1480888237883178,0.13811644314415886,0.1291029571590729,0.12100797681814576,0.11489720715907283,0.10971018160487617,0.10435285141950473
23-01-2026 11:55,25208.4,0.10719708338622448,0.10490964013233021,0.10349502515322836,0.10410991119913435,0.10792004197439461,0.11487150221994052,0.1232716290093311,0.1326728354296987,0.14318289074759366,0.15489629901859545,0.16660378553719088,0.17677301295953354,0.18951098851808787,0.20944483521336113,0.22522227938621145,0.22245805779146896,0.20902702018730626,0.19610633575020558,0.18356016662594293,0.17097896154314937,0.15909936650940845,0.14763142772566754,0.13698882323783368,0.12678405925090255,0.11776833725180491,0.11176284050090246,0.10654403302130525,0.10057413208522108
23-01-2026 12:00,25209.75,0.10223797380112792,0.10290308196644113,0.10259817901126905,0.10315208983545968,0.10636023793886504,0.11362995694349232,0.12391711317033327,0.1336803385156499,0.14314672559994385,0.15402423646079313,0.16523712917158637,0.17671973105569416,0.18947296528118343,0.20749616552766378,0.2241417885913813,0.22238309156535255,0.20893715188070514,0.19695659156535247,0.184208893350323,0.1708443179506461,0.15929748710032302,0.14789777083452474,0.13678879166904948,0.12705166664627224,0.11865297912349511,0.11252158331174751,0.10731511910487618,0.10180647641950472
23-01-2026 12:05,25207.8,0.1004299583862245,0.10162104546122373,0.10169691380122653,0.10246717391259506,0.10598826944056777,0.11291290531564703,0.1224603305571843,0.1328905854296987,0.14371242199759365,0.15505808655664394,0.166160298113288,0.1776784862175713,0.19036163601496492,0.20765410429714803,0.22261112562942373,0.21976035826635265,0.2072077247237654,0.19606374914372596,0.18383885577157466,0.17111377404314937,0.1593424182715747,0.14733548684473888,0.1361514736894778,0.1277516079019012,0.12073511711432461,0.11437516463128147,0.10909749339823825,0.104938875
23-01-2026 12:10,25190.3,0.10734287499999999,0.10518886976615907,0.10386069935341706,0.1044461930197556,0.10825311759235037,0.114733569500405,0.12280984725020246,0.13309334374999998,0.14517754770591856,0.1575667867475767,0.16897069621146427,0.1792007117819632,0.19141957647501767,0.20967706119763097,0.22220326783872613,0.21654813624711125,0.20468946823235515,0.1945178917391995,0.1827586562499999,0.17034071875,0.15814381249999998,0.14606767708452476,0.1350518854190495,0.12611233333452473,0.1185477187499999,0.11140502230857913,0.10519207586715829,0.10091249999999999
23-01-2026 12:15,25193.1,0.11426553779622084,0.10971737704835059,0.1065651090135438,0.10571418005454224,0.10844389499952643,0.11460863201141087,0.12303661195111834,0.13303559313027524,0.14543370694162425,0.15825406293989253,0.16884360913548088,0.17858360721778116,0.18919887827367887,0.2065736733862207,0.22232165687942373,0.2196173629748837,0.20716654664082726,0.19496857258146877,0.1821184499584235,0.1699760062292117,0.157938375,0.1457691875,0.13457453125,0.1247006562499999,0.11611499999999988,0.10843354357411907,0.10159027464823826,0.09588325
23-01-2026 12:20,25216.55,0.1116494388126987,0.10804463969038665,0.10531028698771719,0.10407130900995014,0.10618349229083882,0.11260316552548033,0.12191826535226968,0.13180471080113484,0.14384145062815046,0.1564902762563009,0.16647302896221716,0.1765460350303961,0.18720417880859197,0.2042504096122625,0.22281809374999992,0.22304493749999998,0.2101563437499999,0.19616197429615229,0.18208893372373589,0.17018563205901469,0.15837781094498685,0.1456661653514156,0.13474960326216426,0.12563170122430425,0.11721326963795416,0.10975507052590842,0.10342073838795417,0.09775425
23-01-2026 12:25,25202.7,0.10903478779622085,0.10583377979319275,0.10400463269426938,0.10388130890107279,0.10633679818921143,0.11214369534988095,0.12137507700722809,0.1321775933736304,0.14412774619480928,0.15649105599122895,0.16672176438806266,0.1769194906852302,0.1880570724305295,0.20448128336395774,0.221914681797386,0.222263919023693,0.20888831795653812,0.1943548537665358,0.1810101517171472,0.16930751396083954,0.156580439807644,0.14286263522742287,0.13252623894298377,0.1245735204695148,0.11631862071284615,0.10878955392569233,0.10254105821284616,0.096945625
23-01-2026 12:30,25205.2,0.11032299999999999,0.10566075799393995,0.10377216233275569,0.1043917477815359,0.10704181569869088,0.11232642347434539,0.12157129632160296,0.133127873893206,0.14570025870970896,0.15875708399929353,0.16859609333426914,0.17730119383534415,0.18774644422452524,0.2039038704146367,0.22083876535474808,0.2213621170523741,0.20689951219379066,0.19091890830697117,0.1794547339140014,0.16906994563514546,0.1555954010274858,0.14221975865773348,0.1320260729388765,0.12320554497430436,0.11441580088795417,0.10659525802590844,0.09997036188939076,0.09422261900574609
23-01-2026 12:35,25205.5,0.11315075,0.10608203331284419,0.104078032281422,0.10493128124999998,0.10725549999999989,0.1123209999999999,0.12094104699667753,0.13186178149335503,0.14443646432650425,0.15723052350461894,0.16711326376975763,0.17622218884496543,0.18662278124999987,0.203599700273693,0.22157211929738607,0.22179773152369298,0.20725288576903586,0.19202592066231958,0.18083771526753134,0.16933919009906462,0.15487857552471745,0.14186019287092555,0.13148504181696644,0.12208916474594132,0.1131552828857182,0.10505528452143653,0.09808713319152532,0.09222502622322831
23-01-2026 12:40,25211.7,0.110164375,0.10318396830648228,0.1017183122782411,0.1029553124999999,0.10534168749999989,0.1103990624999999,0.11913364360494248,0.13013478720988506,0.14136028075362073,0.15261436804735637,0.16353891839867812,0.17426978124999998,0.1850749687499999,0.20210855632469624,0.21994132313993736,0.22047438355578555,0.20839078134619837,0.19560973546130744,0.18351375835565373,0.17085012270289335,0.15618143751346983,0.14131224434485928,0.12983985446088225,0.12182661242659948,0.11397519769474566,0.10599248913949132,0.09897782119618216,0.0927984940057461
23-01-2026 12:45,25238.75,0.10545125,0.09907949794446624,0.0983247645972331,0.10020872889472011,0.10300869260223304,0.10816644852030559,0.11758872988687621,0.1293943049725859,0.13968568722292113,0.14977409607441874,0.16115253125,0.17278837891394727,0.18394619532789452,0.20011741525115134,0.21691518106140167,0.218557284361191,0.20897592088699338,0.1975862187499999,0.18516781249999997,0.17228298852100316,0.15844752079310112,0.1436978124750505,0.1312015166548103,0.12306928047408193,0.11567940218016663,0.1077168285436607,0.10068812663571822,0.094309875
23-01-2026 12:50,25208.05,0.10650925,0.0992611596107641,0.09942496842737097,0.10157459680616898,0.10416529374199973,0.10956692928388295,0.11864727392941452,0.12953199271722332,0.14010528217079415,0.15063563178292577,0.16183365625,0.17407701513773016,0.18583296777546035,0.2018415409473975,0.21882538710987923,0.22019541554075658,0.20953933549054457,0.19720165566393175,0.18412546757786363,0.17125137371035992,0.1579972485928562,0.1447958955741046,0.13280813630535288,0.12305342615575099,0.11455996600614905,0.10631877987807448,0.09900109374999999,0.09226399999999998
23-01-2026 12:55,25226.8,0.101809,0.0984036851584204,0.09939987680281738,0.10107037072238347,0.10427738194646101,0.11112607064273956,0.12054972040601113,0.13053787621356727,0.14124233273762696,0.15234824449381343,0.16346484375,0.17571174193529254,0.18753126512058518,0.20403920804158887,0.22163161971259268,0.22208980985629634,0.2101071874999999,0.19671267469132286,0.18280866188264594,0.17072144446232612,0.15833007079200634,0.14543161352100317,0.13384784374999997,0.12361223152222416,0.11463818222186394,0.10668832612705548,0.09982059417741561,0.093603875
23-01-2026 13:00,25191.8,0.1035120610915962,0.10052994102089162,0.09996294524598526,0.10131517799941914,0.10540134590842401,0.1126387900369811,0.12222189075919405,0.13335927469793357,0.14465960248264823,0.15522939716392506,0.16604803125,0.17761813148584663,0.18884998172169332,0.20485583498186483,0.2209180632420362,0.22051201599601808,0.20869009375,0.19584678066393174,0.18250403007786364,0.17009971816393177,0.1574080625,0.1443899062499999,0.13269143749999998,0.12242171874999999,0.11332084962902397,0.10530819925804796,0.09840266212902399,0.0921652499999999
23-01-2026 13:05,25191.25,0.10562707583405478,0.1014343627085136,0.0999943125,0.10159390625,0.10572609715371069,0.11288453471379402,0.12337344434811486,0.13556606310953384,0.14681041501134592,0.15681954618984356,0.1674352187499999,0.17871046875000002,0.18981203125,0.2052268659517242,0.21867442062168158,0.21605731272158904,0.20464823496814452,0.19383285324962674,0.18219128258311396,0.16965221874999992,0.15638384374999997,0.1433059687499999,0.13133495289680988,0.12074471829361987,0.11179204707422549,0.10397468835483112,0.09727806074912035,0.0919376162868189
23-01-2026 13:10,25194.95,0.1010276860915962,0.09895302490989379,0.0985548954434974,0.101170579174064,0.10613753334812809,0.11385764086183521,0.12532599211692563,0.13830708422426005,0.1495170013488279,0.15857025380372222,0.16852840624999998,0.17977921875,0.190914375,0.20606121034223343,0.21725722107477163,0.21176853510982946,0.20030305394274062,0.19101795446584516,0.18045866922232928,0.1686283693219333,0.1557417812499999,0.14295946874999998,0.1310665011403167,0.12056722103063344,0.11235000114031671,0.1054939999999999,0.0999665527506104,0.09657021100244188
23-01-2026 13:15,25171.1,0.0971121249999999,0.09800717097388312,0.09917994486194161,0.1032079414637204,0.10989512028683063,0.11791000658887249,0.12919173302142878,0.14285306037762113,0.15382443289461573,0.16258551410087996,0.17289581640643792,0.18386917382821896,0.19495092763438782,0.20856381283672545,0.2174992814885204,0.21270046683781466,0.2014982662181445,0.18997327655337418,0.17761850419060887,0.16584707955374745,0.1538658437499999,0.14193021874999998,0.13078991903383433,0.12094479420069122,0.11366211254987926,0.10810133113302237,0.10332268532170465,0.0993631162868189
23-01-2026 13:20,25141.7,0.09808512500000001,0.0999598935012451,0.1026252569219982,0.1068029005383144,0.11351896922151576,0.12208938842083933,0.13233543395997288,0.14434244635274263,0.1554797109457295,0.1661728821287931,0.17771183264844195,0.18836730694922088,0.19944779398127832,0.21194628230877213,0.21849821392370913,0.21324781934621534,0.2013609609787528,0.18825332252943916,0.17551348087261956,0.1635221505719333,0.15138311915873984,0.13980586331747968,0.12912354923795175,0.11963600167615761,0.11302746311467965,0.10821561722045248,0.10343723265543721,0.09883262499999991
23-01-2026 13:25,25138.55,0.100426,0.10282272855401954,0.10676976960803919,0.11062450980401954,0.11662732931821662,0.12555631488643335,0.1355796105682166,0.14688492140934636,0.15862128031869274,0.16998656398756543,0.181455535156438,0.19245726757821896,0.20344355263438774,0.21451726151877565,0.21906045888438774,0.21247971874999996,0.19979904367671686,0.18646671235343373,0.17456248117671685,0.16307059375,0.1508374229430039,0.13937228338600785,0.12901642515074557,0.1196468231548286,0.11335792093643211,0.10876310615861194,0.10427619983853353,0.10236724999999999
23-01-2026 13:30,25095.3,0.10323974999999999,0.10609758755073219,0.11048851885146448,0.11524136947168064,0.12215723915877766,0.13120488255471008,0.14112942531688077,0.1528978318596776,0.16510125746935525,0.17626166512221325,0.18745013527507134,0.19839945826253566,0.20902807292586525,0.21814136460173078,0.2194590905584114,0.21116662901509226,0.19893737788757593,0.18627622051005951,0.1743198290050298,0.1629224062499999,0.15148546290873985,0.1409142383174797,0.13064281567032543,0.1208773738503056,0.1153695013268625,0.11207671358172842,0.10828818602616386,0.1082065
23-01-2026 13:35,25072.05,0.10424649999999999,0.10699495895936076,0.11127973041872162,0.11740769235040477,0.12615908049934219,0.13604804748973504,0.1455822557956194,0.15649928470562222,0.16832058358287932,0.17972678834546596,0.19153983681852071,0.20229440272496263,0.21201173517817049,0.21990472043540488,0.21877416600920804,0.2086568928330112,0.19715681669169663,0.18554545930038205,0.17354454215019102,0.1620472187499999,0.15103493749999997,0.14045178919226226,0.13056670820524202,0.12287747394001963,0.11810012107096093,0.11466956804740784,0.11154489401937555,0.110215125
23-01-2026 13:40,25076.35,0.10457075,0.1073461475571163,0.11185198002855812,0.11826668817094843,0.12787964154473602,0.13941317659745128,0.14896068124448844,0.15818047676510494,0.1693729869009191,0.18091956333153317,0.19300333013570245,0.20454685540908069,0.2139300058741378,0.22072495835173064,0.2179447909381652,0.20641915517761597,0.1959059305946092,0.18546642395557003,0.17323546177627688,0.1615210937499999,0.1505495933595222,0.13895115141906592,0.12889427275956508,0.12354983970002133,0.11915031639365384,0.11486857171557059,0.11276597550017942,0.11101874999999999
23-01-2026 13:45,25053.0,0.1089748749999999,0.11105407124467828,0.11522117624733909,0.1211644062499999,0.12939783425842713,0.13968859893103697,0.1497797263367923,0.15995021166418252,0.17171599179310842,0.18354354608621706,0.19506278373752578,0.20697566041963478,0.21726535125601779,0.22263692028080026,0.21703210028817213,0.20375732059424387,0.19289627782397117,0.18281015126789946,0.17050418749999988,0.15837459375,0.1470363945592672,0.1353076751126425,0.12536854154748325,0.11945876099410799,0.11429220812905397,0.10951390296795217,0.10648346437243225,0.10310450629476035
23-01-2026 13:50,25055.05,0.1115059999999999,0.1133976788071163,0.11734898165062954,0.12308081574414269,0.13084374322509384,0.14075993817348964,0.1508191515379117,0.1608945174674446,0.17221516816235857,0.18382977382471713,0.1951013396848594,0.20724611298801238,0.21866802239468458,0.22351726691533488,0.21778744398624772,0.20522870459809936,0.19277535394594172,0.18145128234792798,0.169298625,0.15710187499999997,0.14566333067835305,0.13477149830277935,0.12541069207049918,0.118110180696073,0.1118665625,0.10666190767826278,0.10266489942731419,0.09890671128315456
23-01-2026 13:55,25054.0,0.1124255,0.11507954489471488,0.11885076563853798,0.12378616215586088,0.13148678285759205,0.14252414951064904,0.15241436457493843,0.16071313071307586,0.17077756249999998,0.18211878125,0.19338440624999997,0.20514220899739583,0.21628001826683407,0.22168659704148064,0.21792885027204234,0.20737026221912674,0.19472743068825343,0.1815638251536111,0.16818285458301907,0.15652323911258462,0.14612384946542592,0.13593864775275172,0.12682090200137583,0.119108625,0.11256634374999999,0.10720049999999999,0.10296681407369009,0.09935600629476035
23-01-2026 14:00,25054.2,0.1132319999999999,0.11643467654358035,0.11956257007628027,0.12333578966092726,0.12965726482147288,0.1396403917647978,0.15015062122052814,0.1592316585587528,0.16923368749999998,0.1803644375,0.1917915808970714,0.20335556026117413,0.21376622006729606,0.2198921141893553,0.217506404736162,0.20775665624999998,0.195439875,0.18050064924895304,0.1650199915763327,0.15416481665580614,0.14516997432842646,0.13511865625,0.12589062499999998,0.11779413100464875,0.11082416825929751,0.10552309975464877,0.1011008124999999,0.096751625
23-01-2026 14:05,25065.1,0.112804875,0.11472698239471486,0.11749682784238018,0.12163575531354535,0.12778127316264767,0.13668935764749496,0.14726959029499004,0.15769526389749497,0.16833990625,0.1792890625,0.1910346640224737,0.20331398198439066,0.21373097190136017,0.21985765393944323,0.21764321888021787,0.20787953151043592,0.19587062513021797,0.1813581502523069,0.1662127792186641,0.1551542951804071,0.14535369746405002,0.1347165624999999,0.12523525,0.11665296557606568,0.10926464990213146,0.10427021557606568,0.10003681249999999,0.09518725
23-01-2026 14:10,25058.25,0.1098793749999999,0.11205191711571122,0.11577674048142246,0.12017988586571123,0.12633409375,0.13530433041894396,0.14576606708788792,0.15634386166894396,0.16717878125000002,0.1780879375,0.18926083089707138,0.20184366911548182,0.21375515803974948,0.220482351071339,0.21843047726153433,0.2087829545230689,0.19691910226153445,0.1839472403937768,0.1703384807875536,0.1583203028937768,0.14702640624999988,0.13604778125,0.12641584374999998,0.11829675600464876,0.11169013700929752,0.10651591893324326,0.10218813835718911,0.098459125
23-01-2026 14:15,25090.65,0.10463449999999999,0.10883352392541837,0.11438523535083693,0.11862515976017267,0.12441861541950841,0.1334437961523594,0.14381566438521046,0.15438925406760518,0.1652079687499999,0.1761069999999999,0.18684043749999998,0.19954658823898616,0.21240469856555416,0.2200169761641495,0.21978286596779958,0.21128865651043596,0.19855129130439314,0.1854336448483502,0.17285754117417515,0.1609707812499999,0.1494349999999999,0.13868275,0.12933215625,0.12168437796351637,0.11579428717703275,0.11113169206883067,0.10759072196062856,0.1060028749999999
23-01-2026 14:20,25059.65,0.10642814986918205,0.11033744182433439,0.11543312121407777,0.11983178357070606,0.12586850842733438,0.13463895252311378,0.14486574036889316,0.15524738580944655,0.1657478437499999,0.1775029630667613,0.18992359968531156,0.20229756067156568,0.21328580068205416,0.2197754402568507,0.21915446987781198,0.21048106249999998,0.1968639495692293,0.18262933774234175,0.17015113927699563,0.15833837541600274,0.14617151830004813,0.13565266366373752,0.126968113425809,0.11907969076145726,0.11264781902291461,0.10812400994005186,0.1043577321071891,0.10114849999999999
23-01-2026 14:25,25049.75,0.11083968655292882,0.1130602291104994,0.11631123994453454,0.12063484955702142,0.12710791077947964,0.1356734650756367,0.14525208490185146,0.15539951977094002,0.16588703124999998,0.17861411408178826,0.193142580554373,0.20477351154145385,0.2132273848345236,0.21896567435323608,0.2179222408375816,0.20865184375,0.19530454117417514,0.18092979038061838,0.16729311348871126,0.15422449598537458,0.14094498288694873,0.1299068306063351,0.12109580186425024,0.11321629415527372,0.10635716217703275,0.10050912796351637,0.0949047499999999,0.08890674999999999
23-01-2026 14:30,25077.85,0.11029639986918204,0.11141239892068011,0.11398341040676924,0.11853102009476726,0.12573548663112258,0.13544562658298653,0.14607853175143767,0.15609815468917337,0.1653496766486619,0.17570699943444124,0.188291874747434,0.2001161113195212,0.20954335691378576,0.21717884477493724,0.2179949872157949,0.20909825568158977,0.19648479971579488,0.18315496985388305,0.16929875220776633,0.15588575041600275,0.14258747020802415,0.13007111412725836,0.1197522345773139,0.11214616729435145,0.10576601344839123,0.09965662499999998,0.0938600624999999,0.08800612499999999
23-01-2026 14:35,25087.05,0.10757588975527743,0.10855457407261687,0.11137176576759515,0.116447031262117,0.12436045051411664,0.13561506280420285,0.148161062742949,0.15784731940618796,0.16514896449967384,0.17327719716802914,0.18439425276890228,0.19704096867546678,0.20763827279422653,0.2162480568876621,0.2178466796022436,0.20902379670448734,0.1973435858522437,0.18522996874999992,0.17096112529808433,0.1566089879411263,0.14379548545563053,0.13229164322197703,0.12232091863180021,0.11445509900306622,0.10814866953065443,0.10297819694551141,0.09822497317200057,0.09264331712391054
23-01-2026 14:40,25094.55,0.10465209840640274,0.10673619100413527,0.11062495780506919,0.11626379268739569,0.12500384086947358,0.13596695268517017,0.1463613355646663,0.15560786688261502,0.16441237242371076,0.17373600830697322,0.1849342419156606,0.19707323742768817,0.20809602656547077,0.21710125075167414,0.21844908996559612,0.20946433618119237,0.19795908996559614,0.1862604999999999,0.1714719381589233,0.1554686706106942,0.1431021349025943,0.1345168231087994,0.12544016841679204,0.11675843301763225,0.11079621650881613,0.10676973962955166,0.10232466726665534,0.09477800203020827
23-01-2026 14:45,25081.45,0.10462975280446658,0.10761094029856988,0.11248399800573118,0.11832469261387742,0.12658988043376082,0.13559538095545454,0.14431806003143177,0.1547455836472796,0.1655739344106342,0.17599818632633288,0.1872262194920317,0.19808547913367788,0.20862530127532422,0.217398390167032,0.2179471096181737,0.20899690689823766,0.19699003680943392,0.1847638125,0.17118740654808434,0.15628108527613216,0.14337224148424116,0.13433972833242316,0.12488186938085313,0.11581444938699778,0.1104808186101256,0.10656586372326254,0.10097943453870961,0.09185828759074698
23-01-2026 14:50,25059.3,0.10782184706529992,0.10931607720638116,0.11335568265930379,0.11867985762372975,0.1259158371775076,0.13449640514347844,0.14440527045961846,0.1555911075567613,0.1657449037346673,0.17621466789116128,0.18791067125727393,0.19834003875363684,0.20835109375,0.2164194472491333,0.21542067253487787,0.2057446908223553,0.19442818428661088,0.18269221874999997,0.16981734374999988,0.15608404531844478,0.1426876573053977,0.1318782411554611,0.12214195722893298,0.11350921064272061,0.10746368710416675,0.10225411702187093,0.09639375782065407,0.08932378128261642
23-01-2026 14:55,25096.0,0.10765245872603031,0.1081669032071556,0.11129294586212074,0.11639069694859339,0.12355170784929669,0.132693,0.1440052047659987,0.15573815953199746,0.1651166110159987,0.17571266835412902,0.18809680545825813,0.19847023085412901,0.20827374999999992,0.21685455202936987,0.21457172892347506,0.2027261767588405,0.19308264410085169,0.1832874759722327,0.17037736177270715,0.15651516982368519,0.14330194636382793,0.13261767578490122,0.12298688534010546,0.11471502665968893,0.10846773980550227,0.10332451052775113,0.09888903125,0.0947785
23-01-2026 15:00,25071.15,0.10512553137761863,0.10713778909440465,0.11088928125,0.1164804999999999,0.12425175,0.13403671874999998,0.14546130170961843,0.15712575966923692,0.16754083295961844,0.17939428121236048,0.19223184367472096,0.20248806246236048,0.21225034374999988,0.220061875,0.2144178351845612,0.2001592016191225,0.1918341227722922,0.18333507517546188,0.17069368293177367,0.15786831801569448,0.1460806687492604,0.1354831962113661,0.12551815026751453,0.11728855775904486,0.11131180900057526,0.10791260762528754,0.10560978124999999,0.10316825
23-01-2026 15:05,25059.0,0.10450999999999999,0.10715079796580208,0.11174575835790099,0.1179765624999999,0.12601854421661315,0.1360666196832263,0.14752304421661316,0.1591208125,0.17100606166390234,0.18618723372991844,0.2002494394724081,0.2078070494106705,0.21573537575427837,0.22303390842258664,0.21639656811807187,0.20047417412912924,0.19028726558050588,0.18265911950377609,0.17166202876430273,0.15914075294397934,0.1474205612865908,0.13694513655286525,0.12742583560573062,0.1186652560403432,0.11214489522495595,0.11121824775624856,0.11150116278754121,0.107467875
23-01-2026 15:10,25045.6,0.106777875,0.10871771787177303,0.1134767651858865,0.11994274999999989,0.1277434530051449,0.13736043726028985,0.14856098425514488,0.15998840625,0.17262482216494207,0.1892655371946089,0.20298255528542777,0.20888441264679758,0.2160948848910365,0.22422027124992833,0.22073044617349397,0.20511925900516648,0.1905684262244928,0.18311308054802006,0.17428334632532796,0.1592164204201999,0.1450075312499999,0.13443732375941864,0.12496433501883739,0.11630821263470627,0.11003171525057527,0.11112478478076772,0.11310457306096024,0.102302875
23-01-2026 15:15,25061.1,0.10811975,0.10951997451648424,0.11133201132237555,0.11717525752690224,0.12999445935983223,0.14330815024344434,0.14924534241788345,0.15558522209232264,0.16964240708506373,0.18348067258043443,0.19380631717344016,0.20469251951118644,0.21605593825427838,0.2179944364577698,0.20496044208630104,0.193011462960038,0.18877533623525136,0.18424784443231226,0.17460244031413613,0.15812619353556848,0.1426960624999999,0.13134558917092737,0.12100242834185494,0.110040453866385,0.10194688564091518,0.10571007496966243,0.1098572330484097,0.097616
23-01-2026 15:20,25040.65,0.1107287499999999,0.11093385408571857,0.10928351642147008,0.11458287683578401,0.13906360728429273,0.16258203556852024,0.15698202970209044,0.15181177383566066,0.1678604181678302,0.18048902495421257,0.1883998311584251,0.20335861870421254,0.2178395624999999,0.21156655703829974,0.18420348079617713,0.17389157172745506,0.1829026222045058,0.18102812510987168,0.16879004626495878,0.1544621141400153,0.14611000482041853,0.14486037579302968,0.1341258621248038,0.10879562462373037,0.09178373569307564,0.09585962741447233,0.09974961288586902,0.09234137499999999
23-01-2026 15:25,25049.65,0.1496843749999999,0.15670958280068215,0.16302687796447457,0.17397178877690223,0.20590225738761592,0.23968474629901187,0.2417173591956672,0.24412000334232267,0.26613300167116116,0.28288553015915613,0.29725906031831234,0.31679399292566307,0.32339830979752293,0.3230036030807084,0.3259474470056368,0.3202739788767059,0.30784863167076126,0.29008440625,0.26811775,0.24760271874999987,0.24067263565566208,0.24826809879248682,0.23642591561798726,0.20272431717662012,0.18568247939091517,0.18955667719545752,0.1948118125,0.19865899999999997
27-01-2026 09:15,25113.05,0.25851225,0.2807937395313854,0.3098974680995728,0.3367124964453439,0.3656698852059844,0.39819001831730094,0.4261237134884731,0.4588458125,0.4985474999999999,0.5294724413844484,0.559456476518897,0.5933268146709374,0.5855699419773132,0.5735169515951593,0.6042343516543351,0.6041565937500001,0.5634518125,0.5211584374999999,0.47939778124999993,0.44366716549218355,0.4177401483047857,0.3995016037852133,0.38154251837480374,0.36693420990219255,0.3706648086366024,0.38523449227320467,0.4021789351477069,0.43595475604441825
27-01-2026 09:20,24981.3,0.358354,0.3835536199509574,0.42900472794759636,0.46852015814994685,0.4901215478594777,0.5125642145547136,0.5498634940965975,0.5981088044961077,0.6467244647480539,0.6909437071143933,0.7352895079787868,0.7795975448809,0.7712150623582954,0.7232458301670702,0.7049260747969412,0.6826413134433195,0.6383491567216596,0.59039746875,0.5392245625,0.49695105168009,0.4590441971101801,0.4179093839618977,0.3914242895636152,0.3875740510318076,0.4017228681045947,0.4178026112091894,0.4357931223437698,0.49266214195670033
27-01-2026 09:25,24940.7,0.407782375,0.41806277345476633,0.4478048997435241,0.4844134396381538,0.5111871316355702,0.5407439662584899,0.5856436118932434,0.6364092626403102,0.684491908256368,0.7333859065739714,0.7814553282869857,0.8267665002275799,0.8378295667836752,0.7844593203846104,0.7056359752658682,0.646561974124706,0.6064723464373529,0.5619463124999999,0.5099129375,0.46005461988703295,0.4132574272740659,0.3710164580231341,0.3421773637722021,0.33030358940799986,0.32681122546550945,0.32173366586532265,0.3214441350069806,0.34636677334107463
27-01-2026 09:30,24944.4,0.43258637499999997,0.4280968743306313,0.43505155534927703,0.45898676594887533,0.49370559517427043,0.534813016967704,0.5804654336935551,0.6264895792179457,0.6758402167508645,0.7306327930460197,0.7801013613336077,0.8220671003987335,0.8552065713575936,0.8269976949721701,0.7319757342765588,0.657590268525307,0.6163730004716597,0.5690919375,0.51633846875,0.45910026267545645,0.4030449276654554,0.36101577458634887,0.33193634812815764,0.3084463630538997,0.28450333424021573,0.2616191699141553,0.2352335893843439,0.19443964175324926
27-01-2026 09:35,25018.3,0.4470965,0.42717250267338086,0.4173618803467617,0.42715559059843067,0.4588208992225556,0.5001951998715075,0.5398890225255474,0.5817437902015457,0.6307530157869857,0.6877427264264314,0.7412625929919057,0.78136097633004,0.81932890670516,0.8179424157377632,0.7550371747703661,0.6944507592601831,0.6510169687499999,0.6024673125,0.5514117500000001,0.49716736064484934,0.4415066369323714,0.3935429419301946,0.3576306343926726,0.3264222200218988,0.29562251057890715,0.2653257673421179,0.22159357053510945,0.1517065
27-01-2026 09:40,25090.85,0.43291175,0.40468340625,0.38741512499999997,0.39084668973099623,0.41586408021381793,0.451418184984647,0.49135707575182525,0.5362563749999999,0.5844507499999999,0.6400839933655155,0.6981500040202272,0.7417251841939075,0.7767269860391961,0.7960348479711088,0.7773896646922173,0.7349700769914018,0.6881747705405864,0.6425042290202931,0.5958869374999999,0.545282375,0.49219727518945194,0.4414968628789038,0.3998188064394519,0.36499709375,0.33367928124999996,0.3012264209948768,0.2590596232397537,0.206258375
27-01-2026 09:45,25142.05,0.3835974999999999,0.362024625,0.3499842812499999,0.35748376808957083,0.3828582236791417,0.41616626808957086,0.45816315625,0.506497,0.5548029999999998,0.6111763118634165,0.6762394763306061,0.7247997983209626,0.7556276338537731,0.7815705493221579,0.7859309736443159,0.7566071739985955,0.7098685306028751,0.6653068943836367,0.620987445664398,0.5729060197071991,0.5209724706313789,0.4698714100127578,0.4291240956313789,0.39521476619336343,0.3654996538636745,0.33718437726751266,0.3053240139674557,0.2748276249999999
27-01-2026 09:50,25142.45,0.34569612499999997,0.3314191874999999,0.32623115625,0.33767253348099624,0.3670735412973268,0.4066987634016646,0.45202147433533424,0.5026039477045808,0.5529107391591617,0.6055783718607062,0.6664237510887577,0.7174477922091393,0.7511390590265069,0.7781356736790724,0.7863491911081448,0.7628376839493657,0.7186768000921939,0.6693042823446848,0.621364080493961,0.5755566192211768,0.5267937166249095,0.4778886207498189,0.4369239034429064,0.40175696243100023,0.37466905398863054,0.354901520097583,0.3331435751132908,0.31177974999999997
27-01-2026 09:55,25130.4,0.3279991249999999,0.31760334475057933,0.31729443912030164,0.3332375313864431,0.368207011126065,0.4142887716731568,0.46166307002719215,0.5121405234373001,0.5657772376491552,0.61783239685753,0.6683292238699644,0.7172283080648336,0.761127430136816,0.7921733487258052,0.7964448818275126,0.7677724360649341,0.7205196202015358,0.6702524088804019,0.622409269212688,0.5743300197071989,0.52377146875,0.47576365624999983,0.43300371230820384,0.39771049771647987,0.37528744873529574,0.35925913556192723,0.3405050104928675,0.324682125
27-01-2026 10:00,25139.8,0.31836899999999996,0.30936493806707005,0.31181318450277196,0.3326442174068741,0.37006433019009977,0.41689092883720613,0.46765232881364405,0.5169824374437357,0.57002736732333,0.6247230176139259,0.6709015365761851,0.7221452998617952,0.776371156337225,0.8053384537502843,0.801797779944705,0.7694232615818473,0.7206997337302882,0.6730420678002754,0.6280872869009757,0.5785783749999999,0.5253627812500001,0.47582403124999995,0.4327657180679969,0.3996899217009336,0.37830240794787623,0.3612047104613977,0.34235463729291615,0.32394037499999995
27-01-2026 10:05,25125.85,0.332462125,0.3194642041618924,0.32006391570095816,0.339693353343192,0.37471495519303494,0.41911550643684936,0.4705524639306639,0.5219655913403319,0.573629904705219,0.6266910594104381,0.6752963109552189,0.7280747921079251,0.7803205468167402,0.8033545911420301,0.7929475485403766,0.7626892612086212,0.717994906108265,0.6672938600949985,0.6203777974962037,0.5720215131580106,0.519107625,0.46913965625,0.426189,0.39365625,0.3706898427863062,0.3514547793226124,0.33008309278630615,0.303497625
27-01-2026 10:10,25088.75,0.38995349999999995,0.3605376398829027,0.34931400744145125,0.35989982682544513,0.3877945286508904,0.4278463824438855,0.4769401737368805,0.5269500243684402,0.57635296875,0.6274135937499999,0.67763596875,0.7269875446755241,0.7732214018510482,0.8031493320937186,0.8016727836690535,0.769616267583523,0.7216235286820325,0.6676445339164442,0.6143747332847835,0.5641520504677076,0.51277709375,0.4618880312499999,0.4162124062499999,0.3793918125,0.3499298136592033,0.3221477523184065,0.28977615740920315,0.24902349999999995
27-01-2026 10:15,25129.65,0.40463937499999997,0.37068469132909376,0.35355160916621786,0.35666243512452966,0.37904280016349795,0.4213068349889662,0.47351465106443413,0.519763825532217,0.5657789687499999,0.6158688437500001,0.665769625,0.71366634375,0.7582536249999999,0.80147578125,0.820508821713591,0.7927259246771821,0.7438141654635911,0.6930867319080106,0.6382091200660212,0.5850367631580106,0.5302588837182308,0.4735064904243141,0.4262851421939361,0.3883124344221903,0.3536811406549813,0.3214825229372884,0.285771438396983,0.243109875
27-01-2026 10:20,25170.2,0.33560375,0.32089470246298885,0.3173798111759778,0.32731710871298886,0.354871,0.40343568098556115,0.4596480807211221,0.5094319950938557,0.5582813157165892,0.6075951266082945,0.6596213690796277,0.7126085082468862,0.7568310030048891,0.8030328013376308,0.833481296682675,0.8129718433653499,0.767523515432675,0.72023375,0.6664575937499999,0.6120807812500001,0.5522754534824049,0.487995418112485,0.44072785077775595,0.40947136339726387,0.37885589409769155,0.35185415784526103,0.3277292611458006,0.30150725
27-01-2026 10:25,25164.05,0.28833037499999997,0.2880810600050003,0.29624993251000065,0.31832175021667186,0.355311099173343,0.4039230095741786,0.45916028282764587,0.5166740963203167,0.5706064341077239,0.620023290045183,0.6769897194323454,0.7349444626147009,0.7765556283529129,0.8146410838779206,0.839348071713591,0.8173119559271821,0.768395812663961,0.7184215131507398,0.66608192845037,0.61234040625,0.5560486024682307,0.49646630876302034,0.44702965387134846,0.41768238051042667,0.3927978573486635,0.367339135576062,0.3498562745916047,0.33414137499999996
27-01-2026 10:30,25123.35,0.3125766256654456,0.30353472025262296,0.30844471337180634,0.3346316845291277,0.3782437088745061,0.42729360206898015,0.47900592825767063,0.5344858821146666,0.5862673497197752,0.6388131413078078,0.6967616484786538,0.7487405541963992,0.7903442530048891,0.8254977388376309,0.8375211250000001,0.8078439374999999,0.755812558942923,0.7031286178858459,0.6479642125394247,0.5895256317661117,0.5381670527427185,0.4918273197739515,0.44518602165168647,0.4131683965694472,0.3895327735857229,0.3590393430656339,0.3326541583485149,0.310392875
27-01-2026 10:35,25122.35,0.331306314049155,0.30956065070056477,0.3138921594749674,0.3432172932988911,0.39440817097328085,0.45241280256154726,0.4999650284025696,0.5475282257052634,0.6020356401250353,0.6607440936670129,0.713667074266815,0.7572590391222055,0.7999234375,0.8330845625,0.83382734375,0.7982025000000001,0.7477433034503699,0.6952357319007398,0.6342673880452686,0.5656607082265993,0.5134210376685028,0.47893553903680214,0.44215171875,0.4145218434821466,0.3977337494642932,0.3756476247321466,0.35673012499999995,0.34437650000000003
27-01-2026 10:40,25095.65,0.3268887446055557,0.3102404415185336,0.3236658899296955,0.35998358699224653,0.4139856088557032,0.47540550571915985,0.5248000653595799,0.5732803124999999,0.634464185286366,0.6996834438339501,0.7489491755588026,0.7864519722732001,0.8290622980239634,0.8513615240119816,0.8270914375000001,0.7777845451046096,0.7265343089592191,0.6742791076046096,0.6172283098465019,0.5519308189493667,0.4952754583592282,0.4575998242563632,0.42598439576031355,0.4042862328639537,0.39676286733770855,0.3924731503748107,0.387897620140742,0.38739087499999997
27-01-2026 10:45,25027.6,0.3280455908568041,0.33179216612501705,0.35710677441832556,0.396242118604203,0.4455349117306694,0.5028972545179518,0.5559813928839759,0.60769571875,0.6661979335224036,0.7293890294584283,0.7825963208496459,0.8244472549664227,0.8682547476056032,0.8781957488028015,0.8230526640936998,0.7499315899878366,0.6965809064445734,0.6505379805504367,0.5982601562500001,0.5394072014936153,0.4830841842372305,0.4349485071585384,0.39751108320790784,0.37538596817104647,0.3693166437023338,0.3638403933324561,0.34994430244209584,0.350761
27-01-2026 10:50,25020.95,0.3279424700591413,0.35188992170914185,0.3870720676155284,0.42515096147985293,0.47460684414592036,0.5313237531312285,0.5820953289542199,0.6319586249999999,0.6868745625,0.7462580261511188,0.8018578960522377,0.8517171393022551,0.9001819138022725,0.9032263631511364,0.8247783901243033,0.7334038383614355,0.6833352250999615,0.643107745612829,0.5901863125,0.5312730085484885,0.474646642096977,0.42356226153147636,0.3837165892262895,0.36391110700361523,0.36050595936340796,0.3476069620489956,0.3343891707887078,0.36993237500000004
27-01-2026 10:55,24997.0,0.3431408012710818,0.37162092746672476,0.4056029526374765,0.442433479845883,0.492443172789438,0.5463021779172255,0.5968446235150042,0.6494384999999999,0.7056904999999999,0.7639119374999999,0.8197088830014494,0.8760615913368197,0.9290719399192909,0.9197043065704351,0.8224153185007195,0.7324788636110907,0.68840319666608,0.6416169828191945,0.5821298851854052,0.5191831165701009,0.461194608833986,0.41320505811421354,0.3748290800798462,0.35361249316492305,0.3475460181141472,0.3321399273239491,0.3182912690554564,0.347083875
27-01-2026 11:00,24984.95,0.37079846564535557,0.38330727986161156,0.41044356042392627,0.44705169560531505,0.49694675728640236,0.5533998539044391,0.6067400355908252,0.6607696874999999,0.71804884375,0.7760775624999998,0.8338682051874147,0.8911294370139841,0.9416348522157241,0.9232177730540929,0.8193212189207757,0.7394711985967369,0.695675005559941,0.6345415822472813,0.5709089111025435,0.5131766706378985,0.4598239458620832,0.40980044604848853,0.36569240625,0.33783996874999994,0.3226755072300673,0.30593726414639927,0.2850622566025965,0.26592775
27-01-2026 11:05,25008.55,0.36683680588718465,0.375879899983979,0.4034434408013057,0.4444508006742028,0.4964781424535535,0.5573728113359007,0.6122860938852756,0.6628581671448835,0.7193236875,0.7781774999999999,0.8361578830014494,0.8914275160028989,0.9362260791507995,0.9195442671132176,0.8320637886426888,0.7618032792931237,0.7085638257695531,0.6336073124448922,0.5709926863594387,0.5237562917097975,0.47152801584459647,0.4176244872045956,0.3703679374999999,0.3383788437499999,0.3170633219376175,0.30053126887523507,0.28794494693761746,0.26580275000000003
27-01-2026 11:10,25017.35,0.357054,0.3707498447901466,0.3995340146010149,0.44307209066188324,0.49222373717176676,0.5507397071071826,0.6103205574418892,0.6611336984255319,0.715654,0.776131375,0.8348540624999999,0.8916649090723208,0.9332950642379412,0.9186226529668262,0.8491737182591124,0.7842975329579064,0.7282599357190417,0.6560513366532916,0.5883878383851412,0.5326292596914707,0.4759175472454749,0.42291225625489565,0.3763988749999999,0.3415170937499999,0.3175867657620904,0.30239400222094454,0.29736167352749804,0.28686599048752065
27-01-2026 11:15,25024.0,0.34966462499999995,0.367979465632167,0.3921623344241285,0.43146610946609,0.480694195358045,0.5372736983948835,0.5970531467897671,0.6510364796448835,0.7088507224458116,0.7724114448916234,0.8301197224458118,0.8871448203835512,0.9360914619164522,0.9300903689322508,0.8632116336493497,0.7953245624999999,0.7410614375,0.6779197095824807,0.6085844844359461,0.5429262023290455,0.48559966468017596,0.4325242684545956,0.38313193749999996,0.34654193749999995,0.3228846464379317,0.3107801491529201,0.3079864622877803,0.30181803818294034
27-01-2026 11:20,25044.9,0.3413035,0.3645244314313725,0.3852565282156862,0.42133394751729136,0.4721508637845826,0.5280992287672914,0.5855156874999999,0.6406344687500001,0.7028854012617942,0.7692086775235888,0.8253442137617942,0.8800587215723208,0.9259310685171054,0.9214317306596685,0.8638117045573045,0.8005297702774963,0.745451367620152,0.686259648044345,0.6231407132042216,0.5614022055806361,0.5044948784856834,0.44744890624999994,0.3942455625,0.35564784374999997,0.33248503440311655,0.31891013325299705,0.3061665984185244,0.2893497404875206
27-01-2026 11:25,25036.65,0.34057137499999984,0.3568753782070494,0.3791645484785247,0.4185509802903944,0.47000305433078876,0.5231522615403944,0.5796178089739754,0.6363331804479513,0.6944606251697872,0.7594716958889869,0.8219512244405387,0.8767498759973634,0.9127199202312354,0.905811515153611,0.8632506133635154,0.8099293277186762,0.7543299623050728,0.6949337070998612,0.6339952956446496,0.5780757728223249,0.5215020625,0.46126699999999987,0.40567078125,0.36298096874999997,0.3372307273647842,0.31899423597956844,0.29191804467656624,0.2535843942471284
27-01-2026 11:30,25078.55,0.33973815262804197,0.3423553506570104,0.36342181249999994,0.4050779956682131,0.45665311633642625,0.5090236519182131,0.5673782915477354,0.627292489345471,0.6814528227977356,0.7447216765468033,0.8118715093436067,0.8659771765468034,0.9079365316224637,0.9184135403373478,0.8851068608073045,0.8314398525471522,0.7759463759094638,0.7159260013229056,0.6538998767363473,0.5976289071181737,0.5391350625,0.47793025,0.42193996875,0.3772686875,0.34639786058830013,0.32395812742660024,0.29851888602750276,0.2602186017568104
27-01-2026 11:35,25074.65,0.401622975546198,0.37382615013654946,0.3769389062499999,0.4061549778837503,0.4472272682675006,0.4967522591337503,0.5537508089739756,0.6126270233074526,0.6699402759429781,0.7297680001068646,0.791401507002151,0.8483467297622116,0.898394098757424,0.9219280114364573,0.8984916166229147,0.8459728351407848,0.7901646474086552,0.7339177134166892,0.6744592169247232,0.6134007959623615,0.55066615625,0.48865912499999997,0.4309239374999999,0.382240875,0.3421504036067213,0.3095657759634426,0.2805476896685034,0.24163064424712846
27-01-2026 11:40,25088.45,0.4252221526280419,0.39308213190701047,0.38650128124999994,0.40329796874999996,0.4346649374999999,0.4802702499999999,0.53448234375,0.5918810555973189,0.6533909149641658,0.7116434131363751,0.7663726717464656,0.8234610164550249,0.8727576164792372,0.905004200518582,0.9069738712848641,0.8685851247036542,0.8119701593724442,0.7554439234362221,0.6892267010694811,0.6147641535255276,0.5504863001554736,0.4970776002622893,0.446480971312862,0.40000128125,0.35957501368518346,0.32550358987036687,0.2917020449351835,0.2490587499999999
27-01-2026 11:45,25159.6,0.3360782499999999,0.33465212499999997,0.3450750625,0.36958415624999996,0.4086295640378415,0.4609964405756829,0.5167057515378414,0.5737889106881455,0.6377485849720903,0.700089750379744,0.7529186748532233,0.8063829688858111,0.8565929227493498,0.8996924390574202,0.9219678666229146,0.8923400578868088,0.8335862491507027,0.7748175777003514,0.6986844658509584,0.6106393410169558,0.5453499299489419,0.5026106065008501,0.4641591434664622,0.42718605849711333,0.397785874771792,0.37747369104647066,0.35941134552323534,0.340153
27-01-2026 11:50,25103.25,0.3261545254950092,0.3311247941536878,0.347410606809871,0.3752042565299354,0.4179015609652285,0.47452134068045704,0.5315419672152285,0.5885562025685818,0.648327271406692,0.7081330288576382,0.7665468037695282,0.8223028742511499,0.874975324847924,0.9179681519423983,0.9231886691360169,0.8767880119782373,0.8186429018352973,0.7655225451474524,0.6969802010694812,0.6166884790634233,0.5465608441487722,0.4956201491351996,0.45417330717454724,0.4167839660668348,0.3903185562340776,0.3746060797943619,0.3595591716829413,0.3418965
27-01-2026 11:55,25084.4,0.3758627537258098,0.37076705319499415,0.38083128089283813,0.4035884049950511,0.43976702165359616,0.4919905968256829,0.5494304077878415,0.6045927553286441,0.6607229498503033,0.7214444149646742,0.7832110016930149,0.843415543383118,0.9028853833177197,0.9425573552360856,0.9252555575881407,0.8597262304255772,0.8025573027411835,0.7525969375526286,0.6853678612131252,0.6116464419352398,0.5408171877727647,0.48478072359048474,0.4414224999887565,0.3998882258653304,0.36660139700822625,0.34383310841468784,0.3181743892247567,0.28272592480608544
27-01-2026 12:00,25100.25,0.3843671504950092,0.3750484504036878,0.3820226923946974,0.40555527144958814,0.44138333558482634,0.4914699375,0.5503703201542101,0.6060777965584201,0.6610686742256117,0.7225425518928031,0.7813209790714014,0.8422451353732083,0.9110316119736676,0.9565648178277102,0.9431028715176435,0.8821426057282373,0.8215566830852973,0.7601329629851019,0.6839969070237504,0.6168521673224484,0.5561683456681202,0.4975296345256505,0.4496676569181711,0.40691805377706664,0.37238103778125203,0.3470037364284791,0.3160547289972035,0.2710284159888141
27-01-2026 12:05,25122.5,0.371487125,0.36192603124999995,0.3676781451157547,0.39234057148150947,0.43409256730200935,0.48921359437250916,0.5493573042376664,0.6069807016028235,0.6595476649944266,0.71643034713603,0.777041157943015,0.8392106162379112,0.9077175680593013,0.9597465686548685,0.9585300543334787,0.90589346875,0.8428614375000001,0.7810862604503652,0.7120338612131252,0.6452204297706507,0.5802838392389899,0.5184677817667024,0.46571024893404206,0.4202953297968776,0.38732732114843876,0.3630984375,0.33210547244192223,0.28651001476768906
27-01-2026 12:10,25117.85,0.3563325,0.350892375,0.3602040624999999,0.3884087812499999,0.43674465200382595,0.4975249915076519,0.5548822221580361,0.611025293366885,0.6678094387711396,0.7251835014774337,0.7866623843379377,0.8497609025585116,0.9129320445439459,0.961735332919263,0.9648630925148602,0.91464909375,0.8512609375,0.79599171875,0.73505278125,0.663928767774254,0.5901473381031257,0.5259739233928666,0.47454487474766616,0.4323027741079649,0.39943872117429363,0.37357346874999997,0.3472117475254194,0.3153371151016778
27-01-2026 12:15,25117.6,0.344778375,0.3391507948506328,0.3558403036753164,0.393030947528362,0.4453397234929788,0.5050980106508713,0.5627342034362547,0.6224717133397643,0.6826178329295286,0.740304004910643,0.8005990206417571,0.8607960519256717,0.9209331144595864,0.9698465103547933,0.97541584375,0.9250718037747249,0.8596780137994495,0.8038008017114882,0.7416407771235264,0.673588955382259,0.6007156462539373,0.5287028936658001,0.47572527210177196,0.43840694224441323,0.4053182187499999,0.3788942972694057,0.35581200078881153,0.326842875
27-01-2026 12:20,25109.2,0.34668849999999996,0.3382517862734105,0.3611751475157753,0.4001629412057594,0.45017690782275877,0.5081360632863794,0.5696656437116885,0.6320758154818419,0.6872754498286181,0.7434930327274337,0.8057133843379377,0.867666035918969,0.93025621875,0.98059465625,0.9867515,0.93727423564676,0.8697417221866054,0.8082624927405125,0.7467406990082492,0.686835567807582,0.6212836493070468,0.550989224123471,0.4886176337865361,0.43819881743084643,0.39993344596073455,0.37323750416131807,0.3479154458226361,0.30907875
27-01-2026 12:25,25134.2,0.3226905,0.3308840465836521,0.36197665139292823,0.3983507204290968,0.44609898880672416,0.5080083225283621,0.5769255331389957,0.6425964412779914,0.6939680643889956,0.7491239375,0.8131899062499999,0.87836240625,0.94330015625,0.9925443125000001,0.99886559375,0.9517479600247248,0.883040234523638,0.8176415869098652,0.759792779097715,0.7022919041867633,0.6363728124999999,0.56944478125,0.5014172752816237,0.44248995681324743,0.4058707752816237,0.3810762660194057,0.35661696953881167,0.32714024999999997
27-01-2026 12:30,25098.2,0.325723875,0.3357717817854825,0.36373973902181134,0.4036665341693799,0.4563123749999999,0.5231351286386424,0.5947954322389736,0.6580053848120196,0.7130922438724491,0.7734742940715211,0.8364532564107604,0.90159190625,0.9662432812499999,1.00990528125,1.0107053125,0.9617692812499999,0.8916805153737807,0.8256952807475614,0.7669477028737808,0.7029041739280516,0.6311990353561031,0.5661860176780514,0.5036160709607346,0.44787639192146905,0.40843623033421356,0.37862203749695805,0.35085667881202853,0.31907407775419855
27-01-2026 12:35,25099.65,0.33780256911538653,0.3468451836111311,0.3730001144161421,0.41745731249999996,0.47383325,0.5422420014643676,0.6172730319962875,0.6823180664284609,0.7413888990019485,0.8041286256318252,0.8641698319924532,0.9264375451820704,0.9875787569660353,1.0259447499999998,1.02106709375,0.96998821875,0.8981271783915372,0.8284600050629408,0.76768875620127,0.7005634505155593,0.6248605419713856,0.5616707084856927,0.503082743862873,0.44687954199596003,0.4057555708935553,0.3759715537507219,0.3487207161418903,0.31545924060654645
27-01-2026 12:40,25084.95,0.3493478827567249,0.3556291581891812,0.3834934687499999,0.431002625,0.49089576718965844,0.5583558817679595,0.6339009546966409,0.7093385058384344,0.7683348763712522,0.8229867416547422,0.8843244673765913,0.9460808794031901,1.001841349280183,1.03748846875,1.02939034375,0.97596603125,0.9076154207306953,0.8389580376589901,0.7717198756258942,0.7036747451256511,0.629792504106103,0.5614803301780517,0.49758450617056105,0.4399919135568592,0.4046588076615403,0.38201871183474745,0.360236449658455,0.34129055239579903
27-01-2026 12:45,25083.9,0.3702864244348453,0.3681556686087113,0.39546921874999985,0.44534549999999995,0.5101682534587187,0.5808608506674375,0.650825815139125,0.7213440364398016,0.7795341690883846,0.839531889084561,0.9070223339771788,0.9651493024376422,1.017796215368949,1.0527100418058277,1.0399585209029139,0.9812714687499999,0.9130678437499999,0.8469933045298664,0.776243234059733,0.7052964920298663,0.6324194375,0.5591530179103872,0.49221562343364716,0.4382145599063472,0.4018170261600753,0.3795981566898728,0.36705950511117547,0.3590756611687189
27-01-2026 12:50,25065.25,0.3752114405016599,0.3805476101254149,0.41358537050509,0.4699274238855556,0.5312615659454998,0.5970164461168808,0.6659092727876501,0.7277151683594185,0.7842497666236151,0.8555575630331188,0.9301489385662376,0.9855757817831188,1.035572891601178,1.0712408769523558,1.0512237965684006,0.9795931260506547,0.9093130059496416,0.8484746286162095,0.7791450625,0.7074893437499999,0.63425759375,0.5580825034071717,0.4875916943143432,0.4313960346571715,0.38720659374999994,0.35956787104245574,0.3501599592019613,0.3407453684681991
27-01-2026 12:55,25094.45,0.347013125,0.36839576453813067,0.4161425651927761,0.48342732161409585,0.541322662052386,0.6001048410777727,0.6686562605309034,0.7295786162153268,0.7895667507772918,0.8636304455976012,0.9383443447291399,0.9969590629895698,1.051751114652914,1.0918777918058276,1.0681675361594059,0.9883231108751315,0.9173908996038448,0.8616472463582632,0.7965255048730578,0.7254229375,0.6486842650285328,0.5704730479674527,0.500591144599307,0.442352486660387,0.39530828124999995,0.3618158799061109,0.3389981184485063,0.31474780954513765
27-01-2026 13:00,25087.35,0.34047012499999996,0.3678408857553414,0.4160511732657729,0.4752549346408971,0.5346327362558414,0.6004862867375639,0.6697685202243765,0.7370721897588889,0.8059929530434016,0.873366816506095,0.9397574612187888,1.0051341368593942,1.0684622499999998,1.109366375,1.0876298555712622,1.0150179647587343,0.9412631169967569,0.8754434495023603,0.8082702854430756,0.7383905624999998,0.6581870944758337,0.5759626264516674,0.5082285944758337,0.4513485809782056,0.4026505057064114,0.3650090809782056,0.3302475624999999,0.2918185
27-01-2026 13:05,25077.3,0.36667350000000004,0.3879099207881306,0.4259482165762612,0.4764916082881306,0.53787390625,0.609512625,0.6803161874999999,0.7490743201080312,0.8194376089660625,0.8854809138580313,0.950655625,1.0199930625,1.0860321875,1.1225731249999997,1.0978306358747194,1.0285088967494387,0.9579953594977774,0.8871575838094683,0.8114350592497626,0.7414285428133522,0.6593883547224373,0.5668760218061443,0.4956944619084899,0.4423344118848565,0.39474025165663346,0.35510235334656,0.3141444687499999,0.264829
27-01-2026 13:10,25078.6,0.3880237324840558,0.4034194643710139,0.43563784375,0.48408896874999985,0.5457794062500001,0.6174659687499999,0.6886950000000001,0.7571324375,0.8264744687499999,0.8981539374999999,0.9732685095432013,1.0467002378364025,1.1075927595432014,1.1373927499999998,1.1141991068540398,1.0465721824580796,0.9734683568540397,0.8992322048374104,0.8198415034248207,0.7488485580787817,0.6632289859931312,0.5646811520870602,0.49163775822429423,0.4431286939312824,0.40015328602049394,0.35602175634162636,0.30848685072684123,0.257773875
27-01-2026 13:15,25088.55,0.40786530338580756,0.4186594820964519,0.4461674999999999,0.49119881249999986,0.5541068381742987,0.6290873950985973,0.7019815971496745,0.7716050492007517,0.8379909152253758,0.9077584687499999,0.9881261312928662,1.0661076688357323,1.1255155062928661,1.1529066874999998,1.1331739375000003,1.067348077642749,0.9907075927854981,0.9156634379967087,0.8360940957079189,0.760166855019096,0.6774299072613424,0.590425890360447,0.5160788013109258,0.4579672747601984,0.4066933150450478,0.3536278110322088,0.30275478056981486,0.25712037499999996
27-01-2026 13:20,25085.9,0.4344604824840558,0.4385257456210139,0.45927196874999987,0.5002285625,0.5664675541781574,0.6463247333563148,0.7187706611895145,0.7895949015227144,0.8571327945113573,0.92351178125,0.9965102282932012,1.0719561753364024,1.1407776345432012,1.1716857720672302,1.1454505128844608,1.0801729930406756,1.0089544419468908,0.936549192642156,0.8559694120874214,0.7793078561600819,0.7019532064827425,0.6165332752845226,0.5336724065863028,0.4644164532931514,0.40301349504865464,0.3463394467107299,0.302645923803821,0.2694173121133003
27-01-2026 13:25,25098.05,0.4331522499999999,0.4394177648048006,0.4629016233596013,0.5039483585548006,0.5698551342468937,0.6498189559937873,0.7210222994722695,0.7926259867007517,0.8674518839753759,0.93943528125,1.0142966830458715,1.0911722098417431,1.1584231517958716,1.1887293563459824,1.1651192439419653,1.1089424964887318,1.0415999299276422,0.9663687569676438,0.8861101965931226,0.8061893287801358,0.7284576931197642,0.6452461224719018,0.5586322761938036,0.48111121622190184,0.41453186383153423,0.3588163214130684,0.33257812374278584,0.34732428964500645
27-01-2026 13:30,25112.65,0.370039,0.4075560655361675,0.4496419617918965,0.5024917759786918,0.5729623951132358,0.6496269140880215,0.7239152589376023,0.8030228924478648,0.8840826598957295,0.965794779791262,1.0576098047134348,1.1375198090108871,1.1889876907550587,1.2150095086814394,1.196408879902869,1.141172131104047,1.0691455251089368,0.9890444411810572,0.9040006206946563,0.813340338546606,0.7385824142808289,0.6675427629364892,0.5861644804462772,0.5125703196341931,0.45332028382210887,0.41255734503605435,0.4113221777124341,0.4671560858497365
27-01-2026 13:35,25095.5,0.3254205,0.39456148466544705,0.45381040746748297,0.5261016057750914,0.6082652531579058,0.6823628676151735,0.75738734375,0.8415648132400169,0.9260652827300336,1.0142352418412108,1.11534308482797,1.1937789348548207,1.2380986421305067,1.2526271760024623,1.2121168162380607,1.1435120699761214,1.0748047783802044,0.9997272055342876,0.9096994842815195,0.8088743675135268,0.731029918608926,0.6629502095175025,0.5876832413154549,0.5239946062308478,0.4774065648962406,0.45674196994812033,0.46462594762495407,0.5007280404998162
27-01-2026 13:40,25049.05,0.3664765,0.4262984262379326,0.4913549649193589,0.5836254181396009,0.6867784225019468,0.7680152552670624,0.8363183847602388,0.9064980673951961,0.9768760728030478,1.052286340907164,1.1416719724463258,1.224707695531411,1.280120866847434,1.280647301276797,1.211140463210868,1.1316151355982003,1.066976701178267,0.9951601241161793,0.9135598716145805,0.8212108137013325,0.7314804331081922,0.6479952004364892,0.5662577491714459,0.49459591958453064,0.4421178337972777,0.4117218762860544,0.390188125,0.36751199999999995
27-01-2026 13:45,25044.1,0.401702,0.4504742766258364,0.5120472968654767,0.6149679530099571,0.7439121501690681,0.8367946390935956,0.8982872140094751,0.9559936252125215,1.010011287742493,1.0755327587907773,1.163025678691462,1.2514862389660038,1.3135441356406499,1.308242212017299,1.224977059669444,1.140204290610544,1.0784627929394834,1.00575636317787,0.927957150338935,0.84312115625,0.74644865625,0.65163090625,0.5610287239582681,0.47557528050510106,0.41156198288539836,0.3681545988336572,0.3246695949901838,0.276496125
27-01-2026 13:50,25054.3,0.3876319999999999,0.44405145390829887,0.5128335002401374,0.6043167317666576,0.7146958381133284,0.8101959974790606,0.8865818445976461,0.9574821124473312,1.0229367254073183,1.100912892713102,1.193467885729453,1.2764663277220478,1.3422099496445372,1.351775211190724,1.2760256712645692,1.1815097398620342,1.110164636015301,1.0396442493228675,0.9563654800217353,0.8586874080801122,0.761245370968058,0.6685385640866047,0.5757441639110423,0.4862482506666817,0.41564663356794146,0.36846218336368425,0.32344180344268,0.28258975
27-01-2026 13:55,25040.65,0.367568375,0.43732680240829785,0.5200978548165961,0.606748521158298,0.7019954671405849,0.7999759967811698,0.8858194046405847,0.96677675,1.04781790625,1.130387618758257,1.2161537375165141,1.298870025008257,1.3750853125,1.3920118206809606,1.3189444653690852,1.2216441013987271,1.1347129977973454,1.0590650744700472,0.9692031856920831,0.8554988943667176,0.7595456783474973,0.6712162360617104,0.5802776905039071,0.4974741920703201,0.4287169585208268,0.37686492098497587,0.3188974603617241,0.25189627939996784
27-01-2026 14:00,25042.35,0.35742237499999996,0.44119983877394187,0.5341128337978838,0.6282269012739419,0.7301513608951048,0.8329834391141938,0.9178069830430732,0.9998197798239843,1.0913838176023298,1.1777696707571752,1.256260763707361,1.3394821878332834,1.4257693670615357,1.4404195119917964,1.3545427819220572,1.2549190611936043,1.166565292323075,1.0816238864484229,0.9846835305953254,0.8719505083434718,0.7709106698666688,0.6722303116204666,0.5825538470778044,0.5035610662733937,0.43352328970687193,0.37814801936499853,0.3090898480785602,0.21249456498940267
27-01-2026 14:05,25010.6,0.3756068749999999,0.4659966536972578,0.5678697787410725,0.6690458463903715,0.772524672039888,0.8764758949449428,0.9615252503098929,1.048451690820497,1.1516835785006354,1.2460682236451697,1.321078157087298,1.3961253552485604,1.4804708936360258,1.4911142166209879,1.386144890163075,1.266444092937058,1.1805456258467912,1.100008872019833,1.0026911926934978,0.897246041636996,0.7952437892338952,0.6845526439577432,0.5798003107942942,0.49214678559164293,0.4155602006793889,0.3543649764286203,0.28632857202784384,0.18629615439996786
27-01-2026 14:10,25041.35,0.378567,0.4690137815832833,0.5773779258142185,0.6914911339892199,0.7922607054266149,0.886003369762467,0.9768266883805763,1.0768013140897597,1.1865405647089702,1.2808430216143445,1.3584525620650592,1.433503102637132,1.5116170545615355,1.522583902280768,1.4152077140604862,1.2845248292706701,1.2006924538598809,1.1264001823996974,1.026859625,0.9189868847164072,0.8178848944328145,0.7061996988259776,0.5915491594691406,0.49763347966502725,0.4168382034965704,0.35163931657676983,0.2969332161356563,0.2292804999999999
27-01-2026 14:15,25034.25,0.3779075,0.4686629375,0.5771816282400668,0.6967562841720589,0.8018607461239172,0.896246359924721,0.9939005707155917,1.098262719561648,1.2113970342142977,1.3064209385854466,1.3850670425934088,1.4719573133934079,1.5492246368324267,1.5522412736648539,1.4533736748895518,1.3326441688620676,1.2426019455408726,1.1559030679740412,1.0529295969881116,0.9398284556889002,0.8313826926278005,0.7277937815658487,0.621758401753897,0.5207986071269484,0.43253109783934574,0.36693600817869143,0.32020062908934566,0.272743
27-01-2026 14:20,25028.4,0.39918174999999995,0.49040715625,0.5991650376067065,0.7153775460740456,0.8200709860030189,0.9193453324231817,1.0182205468499574,1.1277932157281767,1.2498788153670701,1.344559465686976,1.419068142835627,1.51242884375,1.5952271182611546,1.5845783150684873,1.4690097616759774,1.3523833773657747,1.268453785632357,1.167644153288276,1.0561320770284535,0.9537243952747282,0.8527866018657313,0.7493081972164071,0.64240978125,0.5271562382449158,0.4197445685317202,0.3505493030967151,0.3032730723279329,0.24452525
27-01-2026 14:25,25022.0,0.41149249999999993,0.5086819375,0.61943603189351,0.73612018878702,0.8507719430304556,0.961192197273891,1.0633066611369453,1.1712640025666359,1.2864629209398648,1.3880306466798222,1.4766521658065932,1.5724892699615178,1.6692137705054633,1.6564416169258194,1.5040708617494045,1.370588187584286,1.2976484031035402,1.1971678435747604,1.0708388571869196,0.974562382048023,0.8863447200490793,0.7713707076309584,0.6502048215119168,0.5218022326328774,0.39325100430971976,0.312145888798258,0.2556164118382259,0.16944293865277488
27-01-2026 14:30,25040.85,0.437068,0.5286873125,0.63591721875,0.7555023124999999,0.8779969754250467,0.9942129821000936,1.1049491004250467,1.2164908749999999,1.33101546875,1.448730813680312,1.5553265023606246,1.651641630832089,1.7500741968035536,1.7472539269479552,1.6000242996648233,1.450746896551776,1.3592456145437968,1.2624637730406718,1.1393389690429299,1.0377288112958403,0.939806207432917,0.8092475214736975,0.6758991054473948,0.5528248222186132,0.4264114002136031,0.32204577553114566,0.2420103648934679,0.13906962096929193
27-01-2026 14:35,25042.95,0.46055775,0.53389859375,0.6308295937499999,0.7459371562499999,0.8664335624999999,0.98183453125,1.0945240625000001,1.20969371875,1.33299215625,1.4736659773861716,1.5968898922723433,1.6878180365035085,1.7759422744846738,1.7912027466173368,1.6860686562499998,1.5395567774844303,1.4269849299688604,1.3389039339440436,1.2288547504192262,1.1161246564596132,1.0008254374999999,0.8710887701309583,0.7424950402619167,0.609325677054081,0.46361589487712185,0.3347690301542395,0.24432739428279765,0.15630681365277488
27-01-2026 14:40,25097.55,0.394792125,0.4783405840003825,0.5879686367507649,0.7048917090003824,0.82545978125,0.95075725,1.0733296562499999,1.1871591875,1.3053246875,1.4533182775746172,1.5886485551492349,1.691883357519822,1.789406627471842,1.8290867963580701,1.7701018113314329,1.6312959282980066,1.499804294096013,1.421732541601614,1.3248204766072158,1.2002349570536082,1.0706915,0.9429223124999999,0.8147967145507307,0.6627383680894168,0.5077138903441809,0.38391009369369866,0.2906615722088684,0.210670375
27-01-2026 14:45,25108.1,0.37777435933814546,0.4550037179538029,0.5722175062385331,0.6965876906192666,0.82208353125,0.9583505,1.0981647325393427,1.2203170588286856,1.3304241387893425,1.4613188103033756,1.5952809018567524,1.7211368766590809,1.8315387222335242,1.885041118684076,1.8555572110903995,1.7257702359885743,1.5835052566588639,1.5057469403232526,1.4129205302376413,1.284621358868821,1.1512912499999999,1.014876125,0.8698766107831942,0.7070525578347475,0.5581768458199123,0.43378243001835903,0.3167655,0.20840074999999997
27-01-2026 14:50,25122.3,0.39736666274747945,0.4506157809372523,0.5671203322019015,0.7097897249026556,0.8397976017011366,0.9810840383912818,1.1387577947642684,1.2690049431046917,1.373967686731705,1.495696,1.631811625,1.7676723590849643,1.8768358107513619,1.9322034366094638,1.9359665023047015,1.8453513192183792,1.7100127912134901,1.6298671623508834,1.5356743147382763,1.3969426417441384,1.252953,1.10496575,0.9521250583007307,0.7753019735700503,0.6045076784879083,0.4710862319685887,0.33701590625,0.19300662500000001
27-01-2026 14:55,25143.55,0.34133960933814544,0.43021388936315197,0.5746718436071121,0.7358265698783771,0.8708381195498808,1.0224722082202018,1.1894681177297466,1.3214360170488877,1.4355800137893426,1.5587182187499997,1.6918770625,1.8372426168958251,1.9500662650416505,2.0114768045154436,2.0467394377392387,1.986491013902604,1.8579477272990728,1.771362788158442,1.668076668301604,1.51321493740925,1.34939103125,1.18840603125,1.0291264115465841,0.8428144847678696,0.658346828645987,0.5155020366747015,0.37322215432072015,0.22727249228288063
27-01-2026 15:00,25118.0,0.25330825,0.4226873726422031,0.5983074094855427,0.7632124197944761,0.9166522267011364,1.0713890383912814,1.2306111392825638,1.3874559133912818,1.53321046875,1.65323384375,1.7894254142167287,1.961340847088712,2.079751326527237,2.165377177967732,2.224706318624955,2.133169357757205,1.9581758272837722,1.835486761997001,1.7252754921715938,1.5741535152636377,1.393520336910326,1.214968298820652,1.04928552789488,0.8738908293324378,0.6980274607112131,0.5314459786133294,0.3660642901431709,0.21963303557268363
27-01-2026 15:05,25134.65,0.203222,0.41928774954880543,0.6151665615976111,0.7886637451211719,0.958073678644733,1.1137011976927988,1.277647935490865,1.4657844199830468,1.6438849357252288,1.778202092862614,1.9267260932685584,2.1077080615371164,2.228883874518558,2.3536256249999994,2.432606444008341,2.2954565383614223,2.071974943220316,1.9270339018540883,1.82377678245121,1.6768306982143573,1.4757448154728259,1.2794855996956513,1.10852794576941,0.9332359480931682,0.7464241247791734,0.5534868952151789,0.35843714880330957,0.1631588672828807
27-01-2026 15:10,25154.95,0.17131225,0.4216694273472617,0.6468940421945235,0.8300768550598613,1.007698417925199,1.1883746031235554,1.3957056125648384,1.6209999371012382,1.8124460819017847,1.9574178944544287,2.1069991642167287,2.2803143284334575,2.424861539216729,2.5865860625000003,2.666386872939491,2.5397898503349836,2.350166259875266,2.1999877570171837,2.061994958551048,1.872874515263638,1.647774930660326,1.4396719550706516,1.2361791181603259,1.03247715625,0.8293188315536189,0.6099775296019039,0.38717062704295124,0.1749215
27-01-2026 15:15,25174.85,0.11857837499999989,0.4106136062701897,0.6668815778039114,0.87666220736962,1.0868128876582646,1.3170049789427989,1.5756737558568084,1.845512507648563,2.0680455874584305,2.233802883546243,2.39100065625,2.558072046875,2.7400808125000005,2.944869453125,3.03776233984375,2.9733923982282606,2.822005776925272,2.6183794997907612,2.4059161562499995,2.1627219687499997,1.91154240625,1.6807548749999999,1.4448407812500002,1.2150004374999999,0.9799701507325892,0.7150119833218097,0.4624004519458508,0.2464775
27-01-2026 15:20,25198.1,0.051453624999999906,0.385114625,0.6982056807799123,0.9859914240598245,1.2589620870299125,1.550398375,1.8561054492429265,2.159410279794483,2.444639696235185,2.6805430063086284,2.903122609375,3.086896640625,3.2877943125,3.51244865625,3.641382103623008,3.7216323791210173,3.627013041123009,3.34918728125,3.062604125,2.7688796250000003,2.4742501875,2.1861583125,1.89644309375,1.6081779375000003,1.2582302656249997,0.8965243352446662,0.6486949829893324,0.4047328124999999
27-01-2026 15:25,25242.4,0.03726,0.3712875,0.7400950000000001,1.1355799999999998,1.5301499999999997,1.9144475,2.29096,2.6611225000000003,2.97892625,3.2919825,3.6574812499999996,3.8790687499999996,4.062082500000001,4.3090975,4.6198225,5.00560875,4.9818025,4.5932575,4.211525,3.8290024999999996,3.4453875,3.0603025,2.673255,2.2835725,1.74737125,1.2060674999999998,0.9535,0.714555
