id,value
07-01-2026 09:15||NIFTY27JAN2624100PE,0.1624702999906063
07-01-2026 09:15||NIFTY27JAN2625500CE,0.113829334234476
07-01-2026 09:15||NIFTY27JAN2625800CE,0.0981445268216133
07-01-2026 09:20||NIFTY27JAN2624000PE,0.1693102780855214
07-01-2026 09:20||NIFTY27JAN2624200PE,0.1584486810502521
07-01-2026 09:20||NIFTY27JAN2624800PE,0.1273509464638247
07-01-2026 09:20||NIFTY27JAN2625000PE,0.1174383569254779
07-01-2026 09:20||NIFTY27JAN2625300CE,0.10204751391743
07-01-2026 09:20||NIFTY27JAN2625400CE,0.1071062469095893
07-01-2026 09:20||NIFTY27JAN2625800CE,0.0971715473823164
07-01-2026 09:20||NIFTY27JAN2625900CE,0.0948716076682279
07-01-2026 09:25||NIFTY27JAN2624300PE,0.1526960096882961
07-01-2026 09:25||NIFTY27JAN2625100PE,0.1141776219861201
07-01-2026 09:25||NIFTY27JAN2625300CE,0.0971958322105557
07-01-2026 09:25||NIFTY27JAN2626500CE,0.1226024179750309
07-01-2026 09:30||NIFTY27JAN2623900PE,0.1759881125686357
07-01-2026 09:30||NIFTY27JAN2624300PE,0.1522598736240538
07-01-2026 09:30||NIFTY27JAN2625900CE,0.0956375339263266
07-01-2026 09:30||NIFTY27JAN2626400CE,0.0915368890169417
07-01-2026 09:35||NIFTY27JAN2623900PE,0.1766747738312559
07-01-2026 09:35||NIFTY27JAN2624600PE,0.1369400963196153
07-01-2026 09:35||NIFTY27JAN2625100PE,0.1136170311564564
07-01-2026 09:35||NIFTY27JAN2625900CE,0.0952670459562106
07-01-2026 09:35||NIFTY27JAN2626100CE,0.0921853415240458
07-01-2026 09:40||NIFTY27JAN2625100PE,0.1134198395562925
07-01-2026 09:40||NIFTY27JAN2625600CE,0.101883880187789
07-01-2026 09:40||NIFTY27JAN2625800CE,0.0969097118145914
07-01-2026 09:40||NIFTY27JAN2625900CE,0.0929381989807269
07-01-2026 09:40||NIFTY27JAN2626200CE,0.0892062976133687
07-01-2026 09:45||NIFTY27JAN2625000PE,0.1160696496499621
07-01-2026 09:45||NIFTY27JAN2625200CE,0.0984317494333607
07-01-2026 09:45||NIFTY27JAN2625900CE,0.0949925549392224
07-01-2026 09:45||NIFTY27JAN2626400CE,0.0865240821720143
07-01-2026 09:50||NIFTY27JAN2623800PE,0.1555533484159629
07-01-2026 09:50||NIFTY27JAN2624500PE,0.1402152641495597
07-01-2026 09:50||NIFTY27JAN2624900PE,0.1198065028951956
07-01-2026 09:50||NIFTY27JAN2625200CE,0.1181414814946198
07-01-2026 09:50||NIFTY27JAN2625500CE,0.1171021844800854
07-01-2026 09:50||NIFTY27JAN2625600CE,0.1130267166369236
07-01-2026 09:50||NIFTY27JAN2626400CE,0.0891619540207296
07-01-2026 09:55||NIFTY27JAN2624300PE,0.1516495849541628
07-01-2026 09:55||NIFTY27JAN2624700PE,0.1303584214141925
07-01-2026 09:55||NIFTY27JAN2625000PE,0.1147357528174677
07-01-2026 09:55||NIFTY27JAN2625500CE,0.1205312139724157
07-01-2026 09:55||NIFTY27JAN2625800CE,0.1033155912213725
07-01-2026 09:55||NIFTY27JAN2625900CE,0.101127264308277
07-01-2026 10:00||NIFTY27JAN2624600PE,0.1360429046788023
07-01-2026 10:00||NIFTY27JAN2625000PE,0.1157206491925302
07-01-2026 10:00||NIFTY27JAN2625900CE,0.1023042791371881
07-01-2026 10:00||NIFTY27JAN2626100CE,0.0980120383656456
07-01-2026 10:00||NIFTY27JAN2626500CE,0.1250952175265356
07-01-2026 10:05||NIFTY27JAN2625200CE,0.0919019960889998
07-01-2026 10:05||NIFTY27JAN2625500CE,0.1083757454976171
07-01-2026 10:05||NIFTY27JAN2626300CE,0.0924181515717825
07-01-2026 10:10||NIFTY27JAN2623800PE,0.1593622651767035
07-01-2026 10:10||NIFTY27JAN2623900PE,0.175833219750049
07-01-2026 10:10||NIFTY27JAN2624200PE,0.1602366410614787
07-01-2026 10:10||NIFTY27JAN2625500CE,0.1022808619361774
07-01-2026 10:10||NIFTY27JAN2625600CE,0.1038766450832128
07-01-2026 10:10||NIFTY27JAN2625700CE,0.1067910143799174
07-01-2026 10:10||NIFTY27JAN2625900CE,0.0979239123511859
07-01-2026 10:10||NIFTY27JAN2626000CE,0.0961795945966022
07-01-2026 10:15||NIFTY27JAN2623900PE,0.1765011166565139
07-01-2026 10:15||NIFTY27JAN2625700CE,0.1025587362574962
07-01-2026 10:15||NIFTY27JAN2626100CE,0.0923552899892206
07-01-2026 10:15||NIFTY27JAN2626200CE,0.0905964410757392
07-01-2026 10:15||NIFTY27JAN2626500CE,0.122591267727901
07-01-2026 10:20||NIFTY27JAN2624000PE,0.1710163039511995
07-01-2026 10:20||NIFTY27JAN2624200PE,0.1596881340623935
07-01-2026 10:20||NIFTY27JAN2624300PE,0.154456158487162
07-01-2026 10:20||NIFTY27JAN2624500PE,0.1443844641495199
07-01-2026 10:20||NIFTY27JAN2625500CE,0.1047351352902441
07-01-2026 10:20||NIFTY27JAN2625700CE,0.1020105242908947
07-01-2026 10:20||NIFTY27JAN2626100CE,0.0911802805363384
07-01-2026 10:25||NIFTY27JAN2624000PE,0.1695836137485721
07-01-2026 10:25||NIFTY27JAN2624100PE,0.1640872881338316
07-01-2026 10:25||NIFTY27JAN2625600CE,0.1051029361895016
07-01-2026 10:25||NIFTY27JAN2625700CE,0.1027965132397836
07-01-2026 10:25||NIFTY27JAN2626100CE,0.0916567594456198
07-01-2026 10:30||NIFTY27JAN2624200PE,0.1582389831757615
07-01-2026 10:30||NIFTY27JAN2625100PE,0.1127610845317816
07-01-2026 10:30||NIFTY27JAN2625500CE,0.1091261001237206
07-01-2026 10:30||NIFTY27JAN2625600CE,0.1066640078136207
07-01-2026 10:30||NIFTY27JAN2626000CE,0.0948467663825732
07-01-2026 10:30||NIFTY27JAN2626200CE,0.0901579039280055
07-01-2026 10:30||NIFTY27JAN2626300CE,0.0879548066381803
07-01-2026 10:35||NIFTY27JAN2623800PE,0.1563706312932775
07-01-2026 10:35||NIFTY27JAN2624200PE,0.1582549037850883
07-01-2026 10:35||NIFTY27JAN2624500PE,0.1420320866864937
07-01-2026 10:35||NIFTY27JAN2625000PE,0.1158581310510871
07-01-2026 10:35||NIFTY27JAN2625400CE,0.1186459506839527
07-01-2026 10:35||NIFTY27JAN2625500CE,0.1108537053855701
07-01-2026 10:35||NIFTY27JAN2626100CE,0.0929886878814301
07-01-2026 10:35||NIFTY27JAN2626300CE,0.088305773243991
07-01-2026 10:40||NIFTY27JAN2623900PE,0.1757266231595353
07-01-2026 10:40||NIFTY27JAN2624900PE,0.1212639093940491
07-01-2026 10:40||NIFTY27JAN2625100PE,0.1129052492271056
07-01-2026 10:40||NIFTY27JAN2625200CE,0.1271159526240351
07-01-2026 10:40||NIFTY27JAN2625400CE,0.1164385356071702
07-01-2026 10:40||NIFTY27JAN2625600CE,0.1072184313376828
07-01-2026 10:40||NIFTY27JAN2625800CE,0.1007642653597643
07-01-2026 10:40||NIFTY27JAN2626100CE,0.0921922981444856
07-01-2026 10:40||NIFTY27JAN2626300CE,0.0882767687911977
07-01-2026 10:45||NIFTY27JAN2624000PE,0.1702099439651261
07-01-2026 10:45||NIFTY27JAN2625100PE,0.112988176088996
07-01-2026 10:45||NIFTY27JAN2625300CE,0.1229840661129568
07-01-2026 10:45||NIFTY27JAN2626000CE,0.096372544275066
07-01-2026 10:45||NIFTY27JAN2626400CE,0.0880539166172549
07-01-2026 10:50||NIFTY27JAN2623900PE,0.1760534572617694
07-01-2026 10:50||NIFTY27JAN2624200PE,0.1592317500654219
07-01-2026 10:50||NIFTY27JAN2625600CE,0.1064818236811757
07-01-2026 10:50||NIFTY27JAN2625800CE,0.0999323168021513
07-01-2026 10:55||NIFTY27JAN2624300PE,0.1540361857698588
07-01-2026 10:55||NIFTY27JAN2624900PE,0.1223060584114323
07-01-2026 10:55||NIFTY27JAN2625500CE,0.115696067978064
07-01-2026 11:00||NIFTY27JAN2624200PE,0.1601121274762586
07-01-2026 11:00||NIFTY27JAN2626500CE,0.1230733655573313
07-01-2026 11:05||NIFTY27JAN2624300PE,0.1544644734239631
07-01-2026 11:05||NIFTY27JAN2624600PE,0.1390862980528657
07-01-2026 11:05||NIFTY27JAN2624800PE,0.1280380427511947
07-01-2026 11:05||NIFTY27JAN2625200CE,0.1264592738774136
07-01-2026 11:05||NIFTY27JAN2626000CE,0.0965284429047655
07-01-2026 11:05||NIFTY27JAN2626200CE,0.091458793079827
07-01-2026 11:10||NIFTY27JAN2624400PE,0.1488764988071186
07-01-2026 11:10||NIFTY27JAN2624800PE,0.127357135008783
07-01-2026 11:10||NIFTY27JAN2625200CE,0.1336243317756844
07-01-2026 11:10||NIFTY27JAN2625500CE,0.1119511120997637
07-01-2026 11:10||NIFTY27JAN2625700CE,0.1010833954877106
07-01-2026 11:10||NIFTY27JAN2625900CE,0.0968711504104736
07-01-2026 11:10||NIFTY27JAN2626300CE,0.087404974463156
07-01-2026 11:15||NIFTY27JAN2624000PE,0.1709935334090405
07-01-2026 11:15||NIFTY27JAN2624800PE,0.1267274620377719
07-01-2026 11:15||NIFTY27JAN2625400CE,0.1200441026439933
07-01-2026 11:15||NIFTY27JAN2626100CE,0.0925124371600247
07-01-2026 11:15||NIFTY27JAN2626300CE,0.0879235860447753
07-01-2026 11:20||NIFTY27JAN2623800PE,0.155497901224362
07-01-2026 11:20||NIFTY27JAN2624200PE,0.1588399621555925
07-01-2026 11:20||NIFTY27JAN2624900PE,0.1210307953244955
07-01-2026 11:20||NIFTY27JAN2625300CE,0.1321146923280999
07-01-2026 11:20||NIFTY27JAN2625700CE,0.1020299197360405
07-01-2026 11:20||NIFTY27JAN2626000CE,0.096682903767854
07-01-2026 11:25||NIFTY27JAN2623800PE,0.1552681302919827
07-01-2026 11:25||NIFTY27JAN2624400PE,0.1473583606764647
07-01-2026 11:25||NIFTY27JAN2624800PE,0.1260838463258531
07-01-2026 11:25||NIFTY27JAN2625300CE,0.1333824923437274
07-01-2026 11:25||NIFTY27JAN2625700CE,0.104569399989724
07-01-2026 11:25||NIFTY27JAN2625800CE,0.1014327781876779
07-01-2026 11:25||NIFTY27JAN2625900CE,0.1000126131927089
07-01-2026 11:25||NIFTY27JAN2626000CE,0.0988500104363605
07-01-2026 11:25||NIFTY27JAN2626200CE,0.0919130373503359
07-01-2026 11:30||NIFTY27JAN2624300PE,0.1523933740644077
07-01-2026 11:30||NIFTY27JAN2624400PE,0.1473252772013729
07-01-2026 11:35||NIFTY27JAN2624900PE,0.1214186126914696
07-01-2026 11:35||NIFTY27JAN2626300CE,0.0897086988684803
07-01-2026 11:40||NIFTY27JAN2624000PE,0.1705259269908744
07-01-2026 11:40||NIFTY27JAN2624500PE,0.1425935114825109
07-01-2026 11:40||NIFTY27JAN2625200CE,0.1409498844695114
07-01-2026 11:40||NIFTY27JAN2625900CE,0.0983457947745766
07-01-2026 11:45||NIFTY27JAN2624000PE,0.1695499949280894
07-01-2026 11:45||NIFTY27JAN2625000PE,0.1153981101144309
07-01-2026 11:45||NIFTY27JAN2625500CE,0.1156662044217633
07-01-2026 11:45||NIFTY27JAN2625600CE,0.1115859550076854
07-01-2026 11:45||NIFTY27JAN2626400CE,0.0875162115591201
07-01-2026 11:50||NIFTY27JAN2624000PE,0.1692210335551811
07-01-2026 11:50||NIFTY27JAN2624600PE,0.1361638943637606
07-01-2026 11:50||NIFTY27JAN2625700CE,0.104318669846145
07-01-2026 11:50||NIFTY27JAN2626400CE,0.0867804888568135
07-01-2026 11:55||NIFTY27JAN2623900PE,0.1747163185873463
07-01-2026 11:55||NIFTY27JAN2625200CE,0.1530121178799664
07-01-2026 11:55||NIFTY27JAN2625400CE,0.1207463985436112
07-01-2026 11:55||NIFTY27JAN2626100CE,0.0916616411342434
07-01-2026 11:55||NIFTY27JAN2626300CE,0.087939258044688
07-01-2026 12:00||NIFTY27JAN2624300PE,0.1507115665850709
07-01-2026 12:00||NIFTY27JAN2624500PE,0.1406219410862553
07-01-2026 12:00||NIFTY27JAN2625500CE,0.114201970923114
07-01-2026 12:00||NIFTY27JAN2625600CE,0.109803327023532
07-01-2026 12:00||NIFTY27JAN2626400CE,0.08743126704652
07-01-2026 12:05||NIFTY27JAN2624200PE,0.1554275491823797
07-01-2026 12:05||NIFTY27JAN2624300PE,0.1498560600801306
07-01-2026 12:05||NIFTY27JAN2625300CE,0.142514302407436
07-01-2026 12:05||NIFTY27JAN2625900CE,0.0996132144993416
07-01-2026 12:05||NIFTY27JAN2626000CE,0.0970023465903238
07-01-2026 12:05||NIFTY27JAN2626300CE,0.0902668964982016
07-01-2026 12:05||NIFTY27JAN2626400CE,0.0913451233559727
07-01-2026 12:10||NIFTY27JAN2624000PE,0.1681730305449019
07-01-2026 12:10||NIFTY27JAN2625200CE,0.1670306600566211
07-01-2026 12:10||NIFTY27JAN2625600CE,0.1138723574340721
07-01-2026 12:10||NIFTY27JAN2626500CE,0.1225447373510935
07-01-2026 12:15||NIFTY27JAN2624300PE,0.1503673828297339
07-01-2026 12:15||NIFTY27JAN2625000PE,0.1161901073921701
07-01-2026 12:15||NIFTY27JAN2625100PE,0.1130034517558017
07-01-2026 12:15||NIFTY27JAN2625300CE,0.1451019949435325
07-01-2026 12:15||NIFTY27JAN2625500CE,0.1202138622134647
07-01-2026 12:15||NIFTY27JAN2625600CE,0.1139741299461483
07-01-2026 12:20||NIFTY27JAN2624000PE,0.1680070561575616
07-01-2026 12:20||NIFTY27JAN2624400PE,0.1448048908151427
07-01-2026 12:20||NIFTY27JAN2625100PE,0.1126063978970954
07-01-2026 12:20||NIFTY27JAN2626100CE,0.094721629646945
07-01-2026 12:25||NIFTY27JAN2624400PE,0.1449542386315804
07-01-2026 12:25||NIFTY27JAN2624600PE,0.1333061251474548
07-01-2026 12:25||NIFTY27JAN2624700PE,0.1290056966642596
07-01-2026 12:25||NIFTY27JAN2625300CE,0.1371887636381399
07-01-2026 12:25||NIFTY27JAN2626300CE,0.0905132346389021
07-01-2026 12:30||NIFTY27JAN2623800PE,0.1579120531104201
07-01-2026 12:30||NIFTY27JAN2624000PE,0.1670003934273168
07-01-2026 12:30||NIFTY27JAN2624100PE,0.1616187528163809
07-01-2026 12:30||NIFTY27JAN2624500PE,0.1388694951780226
07-01-2026 12:30||NIFTY27JAN2624600PE,0.1334626665217253
07-01-2026 12:30||NIFTY27JAN2625200CE,0.1412241140453828
07-01-2026 12:30||NIFTY27JAN2626300CE,0.0901275679502228
07-01-2026 12:35||NIFTY27JAN2625100PE,0.111957846873628
07-01-2026 12:35||NIFTY27JAN2625300CE,0.1236633961731806
07-01-2026 12:35||NIFTY27JAN2625400CE,0.1181233455667219
07-01-2026 12:35||NIFTY27JAN2626300CE,0.0890742036967008
07-01-2026 12:35||NIFTY27JAN2626500CE,0.1215527860354503
07-01-2026 12:40||NIFTY27JAN2625100PE,0.1118590179088064
07-01-2026 12:40||NIFTY27JAN2625700CE,0.1035393873312703
07-01-2026 12:45||NIFTY27JAN2623800PE,0.1539651001602046
07-01-2026 12:45||NIFTY27JAN2624000PE,0.1668024979464714
07-01-2026 12:45||NIFTY27JAN2624900PE,0.1183143534198405
07-01-2026 12:45||NIFTY27JAN2625000PE,0.1138568114864605
07-01-2026 12:45||NIFTY27JAN2625800CE,0.1000765147184234
07-01-2026 12:45||NIFTY27JAN2626400CE,0.0870712950783809
07-01-2026 12:50||NIFTY27JAN2624400PE,0.1445392138267388
07-01-2026 12:50||NIFTY27JAN2624700PE,0.1284250029203398
07-01-2026 12:50||NIFTY27JAN2625100PE,0.1109508541277438
07-01-2026 12:50||NIFTY27JAN2626300CE,0.08999523349739
07-01-2026 12:55||NIFTY27JAN2623800PE,0.1534276036772107
07-01-2026 12:55||NIFTY27JAN2623900PE,0.1719144976344441
07-01-2026 12:55||NIFTY27JAN2625100PE,0.1108081386759146
07-01-2026 12:55||NIFTY27JAN2625200CE,0.1329476585489483
07-01-2026 12:55||NIFTY27JAN2625300CE,0.1265241269629089
07-01-2026 13:00||NIFTY27JAN2624000PE,0.1672745349883454
07-01-2026 13:00||NIFTY27JAN2624400PE,0.1452332652431308
07-01-2026 13:00||NIFTY27JAN2624600PE,0.1338917782505545
07-01-2026 13:00||NIFTY27JAN2625300CE,0.1239060626938562
07-01-2026 13:00||NIFTY27JAN2625800CE,0.1037299273490549
07-01-2026 13:05||NIFTY27JAN2623900PE,0.1733597630335341
07-01-2026 13:05||NIFTY27JAN2624700PE,0.1287198090692535
07-01-2026 13:05||NIFTY27JAN2625200CE,0.1305544471989102
07-01-2026 13:05||NIFTY27JAN2625400CE,0.1181672587787285
07-01-2026 13:05||NIFTY27JAN2626100CE,0.0931620518976519
07-01-2026 13:10||NIFTY27JAN2624400PE,0.1451975038547883
07-01-2026 13:10||NIFTY27JAN2624700PE,0.1289123292520091
07-01-2026 13:10||NIFTY27JAN2625400CE,0.1170394222167671
07-01-2026 13:10||NIFTY27JAN2625900CE,0.0985384017237345
07-01-2026 13:10||NIFTY27JAN2626400CE,0.0868732246907752
07-01-2026 13:15||NIFTY27JAN2624600PE,0.1340746124620396
07-01-2026 13:15||NIFTY27JAN2625400CE,0.1173956371141564
07-01-2026 13:15||NIFTY27JAN2625500CE,0.1143303672170785
07-01-2026 13:15||NIFTY27JAN2625700CE,0.1038300575317691
07-01-2026 13:15||NIFTY27JAN2625800CE,0.0999457831006703
07-01-2026 13:15||NIFTY27JAN2626400CE,0.0867411279582676
07-01-2026 13:20||NIFTY27JAN2624000PE,0.1669076150321131
07-01-2026 13:20||NIFTY27JAN2624500PE,0.1385523433342531
07-01-2026 13:20||NIFTY27JAN2624800PE,0.1214634999360981
07-01-2026 13:20||NIFTY27JAN2624900PE,0.1164083648851787
07-01-2026 13:20||NIFTY27JAN2625000PE,0.11272974855692
07-01-2026 13:20||NIFTY27JAN2626300CE,0.0967431159239083
07-01-2026 13:25||NIFTY27JAN2624200PE,0.1550211446163691
07-01-2026 13:25||NIFTY27JAN2624600PE,0.131659818043239
07-01-2026 13:25||NIFTY27JAN2624700PE,0.1265894492987832
07-01-2026 13:25||NIFTY27JAN2625100PE,0.1094430524041309
07-01-2026 13:25||NIFTY27JAN2626300CE,0.1059172235146739
07-01-2026 13:25||NIFTY27JAN2626400CE,0.112740855257441
07-01-2026 13:25||NIFTY27JAN2626500CE,0.1316265658669093
07-01-2026 13:30||NIFTY27JAN2624000PE,0.1655882204997568
07-01-2026 13:30||NIFTY27JAN2624400PE,0.1433413900860303
07-01-2026 13:30||NIFTY27JAN2624600PE,0.1317343437833342
07-01-2026 13:30||NIFTY27JAN2624900PE,0.1169325124361446
07-01-2026 13:30||NIFTY27JAN2625300CE,0.1374217082919544
07-01-2026 13:30||NIFTY27JAN2625700CE,0.1072924270980398
07-01-2026 13:30||NIFTY27JAN2625800CE,0.1030900720861261
07-01-2026 13:30||NIFTY27JAN2626500CE,0.1294539712106983
07-01-2026 13:35||NIFTY27JAN2623900PE,0.1713329444339777
07-01-2026 13:35||NIFTY27JAN2624200PE,0.1534078939863422
07-01-2026 13:35||NIFTY27JAN2624300PE,0.1479502233929885
07-01-2026 13:35||NIFTY27JAN2625100PE,0.1085106767214958
07-01-2026 13:35||NIFTY27JAN2625200CE,0.1389547378254126
07-01-2026 13:35||NIFTY27JAN2625300CE,0.136142996828593
07-01-2026 13:40||NIFTY27JAN2624300PE,0.148233335288684
07-01-2026 13:40||NIFTY27JAN2625000PE,0.1118781857773977
07-01-2026 13:40||NIFTY27JAN2625700CE,0.1104331474893248
07-01-2026 13:40||NIFTY27JAN2626100CE,0.0951915456591229
07-01-2026 13:45||NIFTY27JAN2623900PE,0.1706522913753199
07-01-2026 13:45||NIFTY27JAN2624200PE,0.1542715958698526
07-01-2026 13:45||NIFTY27JAN2624600PE,0.132468450284424
07-01-2026 13:45||NIFTY27JAN2625200CE,0.1348192755956388
07-01-2026 13:45||NIFTY27JAN2625400CE,0.1293157584556829
07-01-2026 13:50||NIFTY27JAN2623800PE,0.1517626011167515
07-01-2026 13:50||NIFTY27JAN2623900PE,0.1699319409866404
07-01-2026 13:50||NIFTY27JAN2624100PE,0.1600826491687451
07-01-2026 13:55||NIFTY27JAN2624400PE,0.1437354944066849
07-01-2026 13:55||NIFTY27JAN2625100PE,0.1090658809104448
07-01-2026 13:55||NIFTY27JAN2625300CE,0.129850609808576
07-01-2026 13:55||NIFTY27JAN2625800CE,0.104001696748571
07-01-2026 13:55||NIFTY27JAN2626400CE,0.0883309744559888
07-01-2026 14:00||NIFTY27JAN2623800PE,0.1517407927226784
07-01-2026 14:00||NIFTY27JAN2623900PE,0.170030594222653
07-01-2026 14:00||NIFTY27JAN2625400CE,0.1217652823047416
07-01-2026 14:00||NIFTY27JAN2625500CE,0.1169153358361748
07-01-2026 14:00||NIFTY27JAN2625900CE,0.1008653314824186
07-01-2026 14:00||NIFTY27JAN2626200CE,0.0923148884711122
07-01-2026 14:05||NIFTY27JAN2624000PE,0.1660145140193648
07-01-2026 14:05||NIFTY27JAN2624200PE,0.1552259964628485
07-01-2026 14:05||NIFTY27JAN2624400PE,0.1443241293332218
07-01-2026 14:05||NIFTY27JAN2625900CE,0.0988353007142797
07-01-2026 14:05||NIFTY27JAN2626000CE,0.0956926351351839
07-01-2026 14:05||NIFTY27JAN2626300CE,0.0886782576584648
07-01-2026 14:10||NIFTY27JAN2623800PE,0.1527182583160135
07-01-2026 14:10||NIFTY27JAN2624000PE,0.1663916924416614
07-01-2026 14:10||NIFTY27JAN2624700PE,0.1288372650779083
07-01-2026 14:10||NIFTY27JAN2626100CE,0.0914925857123183
07-01-2026 14:10||NIFTY27JAN2626200CE,0.0892316865181872
07-01-2026 14:10||NIFTY27JAN2626400CE,0.0862920677058765
07-01-2026 14:15||NIFTY27JAN2625200CE,0.1199121769051732
07-01-2026 14:15||NIFTY27JAN2625600CE,0.1084429891056843
07-01-2026 14:15||NIFTY27JAN2625900CE,0.0962783132656695
07-01-2026 14:15||NIFTY27JAN2626200CE,0.0887975337945765
07-01-2026 14:20||NIFTY27JAN2623800PE,0.1522431623127668
07-01-2026 14:20||NIFTY27JAN2624500PE,0.1388864879574247
07-01-2026 14:20||NIFTY27JAN2625400CE,0.1162581147890346
07-01-2026 14:20||NIFTY27JAN2625700CE,0.1037672379052723
07-01-2026 14:20||NIFTY27JAN2626300CE,0.0877276621738192
07-01-2026 14:25||NIFTY27JAN2623900PE,0.1714568154977841
07-01-2026 14:25||NIFTY27JAN2625400CE,0.1159409116558261
07-01-2026 14:25||NIFTY27JAN2625700CE,0.1039771040701915
07-01-2026 14:25||NIFTY27JAN2625900CE,0.0964886395180045
07-01-2026 14:25||NIFTY27JAN2626300CE,0.0878655502821591
07-01-2026 14:30||NIFTY27JAN2624800PE,0.1230440729604928
07-01-2026 14:30||NIFTY27JAN2625100PE,0.1092573837980603
07-01-2026 14:30||NIFTY27JAN2625300CE,0.1209205786984846
07-01-2026 14:30||NIFTY27JAN2626300CE,0.0907641799599782
07-01-2026 14:35||NIFTY27JAN2624000PE,0.1659260447047832
07-01-2026 14:35||NIFTY27JAN2624100PE,0.1610653362014535
07-01-2026 14:35||NIFTY27JAN2624400PE,0.144879200899446
07-01-2026 14:35||NIFTY27JAN2624700PE,0.1282775280538098
07-01-2026 14:35||NIFTY27JAN2625000PE,0.1130256407857118
07-01-2026 14:35||NIFTY27JAN2626400CE,0.1041562173555496
07-01-2026 14:35||NIFTY27JAN2626500CE,0.1255962262899759
07-01-2026 14:40||NIFTY27JAN2623800PE,0.1550054367137427
07-01-2026 14:40||NIFTY27JAN2624100PE,0.1615780800004265
07-01-2026 14:40||NIFTY27JAN2625100PE,0.1098337123699855
07-01-2026 14:40||NIFTY27JAN2625400CE,0.120745381394423
07-01-2026 14:40||NIFTY27JAN2626200CE,0.0905323709728092
07-01-2026 14:45||NIFTY27JAN2623800PE,0.154531439985286
07-01-2026 14:45||NIFTY27JAN2624000PE,0.167544535165017
07-01-2026 14:45||NIFTY27JAN2624200PE,0.1568134941770384
07-01-2026 14:45||NIFTY27JAN2624500PE,0.1398876577083781
07-01-2026 14:45||NIFTY27JAN2624900PE,0.1181534579256434
07-01-2026 14:50||NIFTY27JAN2623900PE,0.172259474586727
07-01-2026 14:50||NIFTY27JAN2624900PE,0.118241828920318
07-01-2026 14:50||NIFTY27JAN2625600CE,0.110398042208573
07-01-2026 14:50||NIFTY27JAN2626400CE,0.1032427236689637
07-01-2026 14:50||NIFTY27JAN2626500CE,0.1248324265432439
07-01-2026 14:55||NIFTY27JAN2624100PE,0.1634328176284626
07-01-2026 14:55||NIFTY27JAN2624300PE,0.1518048207711396
07-01-2026 14:55||NIFTY27JAN2624600PE,0.1348570774535667
07-01-2026 14:55||NIFTY27JAN2625900CE,0.098617046492552
07-01-2026 14:55||NIFTY27JAN2626300CE,0.0914220787426208
07-01-2026 15:00||NIFTY27JAN2623900PE,0.1736830743255585
07-01-2026 15:00||NIFTY27JAN2625100PE,0.1109930407989934
07-01-2026 15:00||NIFTY27JAN2625700CE,0.1014287867165587
07-01-2026 15:00||NIFTY27JAN2626000CE,0.0930259286811031
07-01-2026 15:00||NIFTY27JAN2626400CE,0.0861120422380533
07-01-2026 15:05||NIFTY27JAN2624200PE,0.1584872605922373
07-01-2026 15:05||NIFTY27JAN2624500PE,0.1411597203482628
07-01-2026 15:05||NIFTY27JAN2625400CE,0.1125646462962553
07-01-2026 15:05||NIFTY27JAN2626000CE,0.0924119183166369
07-01-2026 15:05||NIFTY27JAN2626400CE,0.0885457120058328
07-01-2026 15:10||NIFTY27JAN2623800PE,0.1594704913792038
07-01-2026 15:10||NIFTY27JAN2624000PE,0.1697211856638588
07-01-2026 15:10||NIFTY27JAN2624400PE,0.1463830761828474
07-01-2026 15:10||NIFTY27JAN2624500PE,0.1412359487473676
07-01-2026 15:10||NIFTY27JAN2626500CE,0.1187133093826452
07-01-2026 15:15||NIFTY27JAN2624200PE,0.1590984826031884
07-01-2026 15:15||NIFTY27JAN2624900PE,0.1210282048089272
07-01-2026 15:15||NIFTY27JAN2625100PE,0.1120948549880369
07-01-2026 15:15||NIFTY27JAN2625600CE,0.0994693074838405
07-01-2026 15:20||NIFTY27JAN2624100PE,0.1651851308755899
07-01-2026 15:20||NIFTY27JAN2625900CE,0.0901101067951014
07-01-2026 15:20||NIFTY27JAN2626300CE,0.0879918951557662
07-01-2026 15:25||NIFTY27JAN2624700PE,0.1304365321955095
07-01-2026 15:25||NIFTY27JAN2625500CE,0.1065025170169513
07-01-2026 15:25||NIFTY27JAN2626100CE,0.0894931715660846
07-01-2026 15:25||NIFTY27JAN2626400CE,0.1032854334527676
07-01-2026 15:25||NIFTY27JAN2626500CE,0.1268332807396029
08-01-2026 09:15||NIFTY27JAN2624100PE,0.1649354758198019
08-01-2026 09:15||NIFTY27JAN2624300PE,0.1529026816629473
08-01-2026 09:15||NIFTY27JAN2625100PE,0.1112610495468357
08-01-2026 09:15||NIFTY27JAN2625300CE,0.106991078953777
08-01-2026 09:15||NIFTY27JAN2626300CE,0.0914876474471491
08-01-2026 09:20||NIFTY27JAN2623800PE,0.1617677043368279
08-01-2026 09:20||NIFTY27JAN2624100PE,0.1635633551577697
08-01-2026 09:20||NIFTY27JAN2624800PE,0.1237594857083391
08-01-2026 09:20||NIFTY27JAN2624900PE,0.1189219875337131
08-01-2026 09:20||NIFTY27JAN2625300CE,0.1037513799251705
08-01-2026 09:20||NIFTY27JAN2625900CE,0.0890450398868521
08-01-2026 09:20||NIFTY27JAN2626000CE,0.0876775995106482
08-01-2026 09:20||NIFTY27JAN2626400CE,0.1017936254485614
08-01-2026 09:20||NIFTY27JAN2626500CE,0.1258721568545611
08-01-2026 09:25||NIFTY27JAN2623900PE,0.1755354694883639
08-01-2026 09:25||NIFTY27JAN2624100PE,0.1620025635911366
08-01-2026 09:25||NIFTY27JAN2624200PE,0.1566525555048692
08-01-2026 09:25||NIFTY27JAN2625300CE,0.109097604054387
08-01-2026 09:25||NIFTY27JAN2626200CE,0.0835421520523248
08-01-2026 09:25||NIFTY27JAN2626400CE,0.0925641836471767
08-01-2026 09:30||NIFTY27JAN2624100PE,0.1614646593758879
08-01-2026 09:30||NIFTY27JAN2624700PE,0.1254378108086201
08-01-2026 09:30||NIFTY27JAN2624800PE,0.1202300124186839
08-01-2026 09:30||NIFTY27JAN2624900PE,0.1163714534681174
08-01-2026 09:30||NIFTY27JAN2625000PE,0.112250459969492
08-01-2026 09:30||NIFTY27JAN2626200CE,0.0856179741580709
08-01-2026 09:30||NIFTY27JAN2626300CE,0.0861163367603159
08-01-2026 09:35||NIFTY27JAN2623900PE,0.1738464855238616
08-01-2026 09:35||NIFTY27JAN2624100PE,0.1622432742600635
08-01-2026 09:35||NIFTY27JAN2624400PE,0.1446308447924944
08-01-2026 09:35||NIFTY27JAN2625300CE,0.1081300107517511
08-01-2026 09:35||NIFTY27JAN2625400CE,0.1070872201722547
08-01-2026 09:35||NIFTY27JAN2626100CE,0.0894657761024342
08-01-2026 09:35||NIFTY27JAN2626200CE,0.0869313130070712
08-01-2026 09:35||NIFTY27JAN2626500CE,0.1203783273578986
08-01-2026 09:40||NIFTY27JAN2623800PE,0.160110510581642
08-01-2026 09:40||NIFTY27JAN2624800PE,0.1218704010405969
08-01-2026 09:40||NIFTY27JAN2624900PE,0.1166250439206979
08-01-2026 09:40||NIFTY27JAN2625000PE,0.1127356403756512
08-01-2026 09:40||NIFTY27JAN2625200CE,0.1150469087478919
08-01-2026 09:40||NIFTY27JAN2625700CE,0.0991598151862467
08-01-2026 09:40||NIFTY27JAN2626200CE,0.0867669797506659
08-01-2026 09:40||NIFTY27JAN2626400CE,0.0922172915004868
08-01-2026 09:45||NIFTY27JAN2624200PE,0.1581144134635187
08-01-2026 09:45||NIFTY27JAN2624600PE,0.1347986475979539
08-01-2026 09:45||NIFTY27JAN2625400CE,0.1082781982542259
08-01-2026 09:45||NIFTY27JAN2625900CE,0.0942832855898311
08-01-2026 09:45||NIFTY27JAN2626500CE,0.1210468061213034
08-01-2026 09:50||NIFTY27JAN2624400PE,0.1462124538858431
08-01-2026 09:50||NIFTY27JAN2625100PE,0.1119186950696978
08-01-2026 09:50||NIFTY27JAN2625500CE,0.1097285934160016
08-01-2026 09:50||NIFTY27JAN2625600CE,0.1048943289787202
08-01-2026 09:50||NIFTY27JAN2626400CE,0.0895054229209682
08-01-2026 09:55||NIFTY27JAN2624200PE,0.1585322081542527
08-01-2026 09:55||NIFTY27JAN2624600PE,0.1350717160725713
08-01-2026 09:55||NIFTY27JAN2625000PE,0.1166252704641515
08-01-2026 09:55||NIFTY27JAN2625100PE,0.1130843148422161
08-01-2026 09:55||NIFTY27JAN2625300CE,0.1179333521539858
08-01-2026 09:55||NIFTY27JAN2626000CE,0.0910106323878254
08-01-2026 09:55||NIFTY27JAN2626200CE,0.0882023295930574
08-01-2026 10:00||NIFTY27JAN2624600PE,0.1352163398597007
08-01-2026 10:00||NIFTY27JAN2625900CE,0.0892996413758419
08-01-2026 10:00||NIFTY27JAN2626100CE,0.0866287895534059
08-01-2026 10:00||NIFTY27JAN2626200CE,0.085626547760057
08-01-2026 10:05||NIFTY27JAN2624800PE,0.124036162595899
08-01-2026 10:05||NIFTY27JAN2625500CE,0.1031902747483869
08-01-2026 10:05||NIFTY27JAN2625800CE,0.092395399591657
08-01-2026 10:05||NIFTY27JAN2626000CE,0.0891038818930838
08-01-2026 10:05||NIFTY27JAN2626500CE,0.1205637669412647
08-01-2026 10:10||NIFTY27JAN2624100PE,0.1633855570986181
08-01-2026 10:10||NIFTY27JAN2625000PE,0.1153027909547738
08-01-2026 10:10||NIFTY27JAN2625100PE,0.1118498575169112
08-01-2026 10:10||NIFTY27JAN2625200CE,0.1327937775115753
08-01-2026 10:10||NIFTY27JAN2625600CE,0.1021263035613369
08-01-2026 10:10||NIFTY27JAN2625800CE,0.0941808868931727
08-01-2026 10:10||NIFTY27JAN2626400CE,0.0906020173386762
08-01-2026 10:15||NIFTY27JAN2625100PE,0.1110079524776687
08-01-2026 10:15||NIFTY27JAN2625700CE,0.0981936871266949
08-01-2026 10:15||NIFTY27JAN2625800CE,0.0942371808704026
08-01-2026 10:15||NIFTY27JAN2626500CE,0.1204389015448193
08-01-2026 10:20||NIFTY27JAN2625200CE,0.1235334345094196
08-01-2026 10:20||NIFTY27JAN2626400CE,0.091532099673052
08-01-2026 10:25||NIFTY27JAN2623900PE,0.1716710354947488
08-01-2026 10:25||NIFTY27JAN2624000PE,0.1668289778648543
08-01-2026 10:25||NIFTY27JAN2624400PE,0.1441441025134693
08-01-2026 10:25||NIFTY27JAN2624800PE,0.1228423109835936
08-01-2026 10:25||NIFTY27JAN2625000PE,0.1144631410685657
08-01-2026 10:25||NIFTY27JAN2625100PE,0.1105166561181358
08-01-2026 10:25||NIFTY27JAN2625200CE,0.1268674778096883
08-01-2026 10:25||NIFTY27JAN2625500CE,0.1096018751232975
08-01-2026 10:25||NIFTY27JAN2625600CE,0.1050135009415908
08-01-2026 10:25||NIFTY27JAN2625700CE,0.1017013495999907
08-01-2026 10:25||NIFTY27JAN2626100CE,0.09189088857252
08-01-2026 10:25||NIFTY27JAN2626500CE,0.1287177868504042
08-01-2026 10:30||NIFTY27JAN2623800PE,0.1651921481228836
08-01-2026 10:30||NIFTY27JAN2624000PE,0.1673304706417961
08-01-2026 10:30||NIFTY27JAN2624400PE,0.1438736798466178
08-01-2026 10:30||NIFTY27JAN2624500PE,0.138750583644941
08-01-2026 10:30||NIFTY27JAN2626000CE,0.0928989633657596
08-01-2026 10:30||NIFTY27JAN2626400CE,0.1090798137397171
08-01-2026 10:30||NIFTY27JAN2626500CE,0.1371581027566246
08-01-2026 10:35||NIFTY27JAN2624000PE,0.1675971962282888
08-01-2026 10:35||NIFTY27JAN2624200PE,0.1564368513745106
08-01-2026 10:35||NIFTY27JAN2625800CE,0.0970878289513855
08-01-2026 10:35||NIFTY27JAN2626300CE,0.0903107844270461
08-01-2026 10:35||NIFTY27JAN2626500CE,0.1291197878840539
08-01-2026 10:40||NIFTY27JAN2624000PE,0.1671271029150434
08-01-2026 10:40||NIFTY27JAN2624300PE,0.1499784701688774
08-01-2026 10:40||NIFTY27JAN2625000PE,0.1129710758413891
08-01-2026 10:40||NIFTY27JAN2625500CE,0.1077804099468472
08-01-2026 10:40||NIFTY27JAN2625900CE,0.0937495651134432
08-01-2026 10:40||NIFTY27JAN2626100CE,0.0903462738609941
08-01-2026 10:40||NIFTY27JAN2626300CE,0.0905379485667282
08-01-2026 10:40||NIFTY27JAN2626400CE,0.0978957050453127
08-01-2026 10:45||NIFTY27JAN2623900PE,0.1719711296521076
08-01-2026 10:45||NIFTY27JAN2624200PE,0.1560464959657696
08-01-2026 10:45||NIFTY27JAN2625200CE,0.1214375031856849
08-01-2026 10:45||NIFTY27JAN2625300CE,0.1209846871519907
08-01-2026 10:45||NIFTY27JAN2625600CE,0.1035134237583624
08-01-2026 10:45||NIFTY27JAN2626400CE,0.1066533154142734
08-01-2026 10:45||NIFTY27JAN2626500CE,0.1323042534633114
08-01-2026 10:50||NIFTY27JAN2623900PE,0.1717156222234228
08-01-2026 10:50||NIFTY27JAN2625500CE,0.1043986924931878
08-01-2026 10:50||NIFTY27JAN2625800CE,0.0960196066444268
08-01-2026 10:50||NIFTY27JAN2626100CE,0.0907308989860079
08-01-2026 10:50||NIFTY27JAN2626500CE,0.1292577697217363
08-01-2026 10:55||NIFTY27JAN2624000PE,0.1660512595877553
08-01-2026 10:55||NIFTY27JAN2624700PE,0.1272786370133469
08-01-2026 10:55||NIFTY27JAN2624800PE,0.122471074120299
08-01-2026 10:55||NIFTY27JAN2625100PE,0.1111556917305918
08-01-2026 10:55||NIFTY27JAN2625400CE,0.1119261843938331
08-01-2026 10:55||NIFTY27JAN2625600CE,0.1015089007829858
08-01-2026 11:00||NIFTY27JAN2623800PE,0.1562476596745665
08-01-2026 11:00||NIFTY27JAN2623900PE,0.1703393937021073
08-01-2026 11:00||NIFTY27JAN2624000PE,0.1658958924078241
08-01-2026 11:00||NIFTY27JAN2624300PE,0.1492915198181063
08-01-2026 11:00||NIFTY27JAN2624600PE,0.1334628646834605
08-01-2026 11:00||NIFTY27JAN2625000PE,0.1152482862695751
08-01-2026 11:00||NIFTY27JAN2625100PE,0.1119752053018678
08-01-2026 11:00||NIFTY27JAN2626200CE,0.0897196727656618
08-01-2026 11:00||NIFTY27JAN2626500CE,0.1180136866507921
08-01-2026 11:05||NIFTY27JAN2623800PE,0.1555065765062074
08-01-2026 11:05||NIFTY27JAN2624200PE,0.1551040156481427
08-01-2026 11:05||NIFTY27JAN2624400PE,0.1435944568547549
08-01-2026 11:05||NIFTY27JAN2624800PE,0.1237290252284656
08-01-2026 11:05||NIFTY27JAN2625400CE,0.1154937556195321
08-01-2026 11:05||NIFTY27JAN2626000CE,0.093479614264925
08-01-2026 11:05||NIFTY27JAN2626200CE,0.0900218382277987
08-01-2026 11:05||NIFTY27JAN2626300CE,0.0887238084474867
08-01-2026 11:10||NIFTY27JAN2624000PE,0.1674507224363037
08-01-2026 11:10||NIFTY27JAN2624200PE,0.1550471306396558
08-01-2026 11:10||NIFTY27JAN2624400PE,0.1444745252403417
08-01-2026 11:10||NIFTY27JAN2624600PE,0.1336864675877859
08-01-2026 11:10||NIFTY27JAN2624700PE,0.1288322889358931
08-01-2026 11:10||NIFTY27JAN2625200CE,0.1342590575078299
08-01-2026 11:10||NIFTY27JAN2625600CE,0.104126056534435
08-01-2026 11:10||NIFTY27JAN2625900CE,0.0951136396030395
08-01-2026 11:10||NIFTY27JAN2626000CE,0.0931746759726499
08-01-2026 11:15||NIFTY27JAN2624100PE,0.1617187097746021
08-01-2026 11:15||NIFTY27JAN2624200PE,0.1561609861935144
08-01-2026 11:15||NIFTY27JAN2624900PE,0.1205218905140769
08-01-2026 11:15||NIFTY27JAN2625200CE,0.1367719499169053
08-01-2026 11:15||NIFTY27JAN2626200CE,0.0900184680328623
08-01-2026 11:15||NIFTY27JAN2626400CE,0.0965475379012072
08-01-2026 11:20||NIFTY27JAN2624300PE,0.1520310841178287
08-01-2026 11:20||NIFTY27JAN2625700CE,0.0997068169897838
08-01-2026 11:20||NIFTY27JAN2626400CE,0.1064899633075242
08-01-2026 11:20||NIFTY27JAN2626500CE,0.1283884453231821
08-01-2026 11:25||NIFTY27JAN2623800PE,0.157605560818072
08-01-2026 11:25||NIFTY27JAN2624300PE,0.1513479650016364
08-01-2026 11:25||NIFTY27JAN2624400PE,0.1461576603736727
08-01-2026 11:25||NIFTY27JAN2624700PE,0.1307406770669251
08-01-2026 11:25||NIFTY27JAN2625400CE,0.1214113652711118
08-01-2026 11:25||NIFTY27JAN2626200CE,0.0927393392354813
08-01-2026 11:30||NIFTY27JAN2623800PE,0.1571155927947289
08-01-2026 11:30||NIFTY27JAN2624100PE,0.1621045786675892
08-01-2026 11:30||NIFTY27JAN2624200PE,0.1567460388795983
08-01-2026 11:30||NIFTY27JAN2625200CE,0.1358711588526591
08-01-2026 11:30||NIFTY27JAN2625400CE,0.1226416753165241
08-01-2026 11:30||NIFTY27JAN2625500CE,0.1153335519057164
08-01-2026 11:30||NIFTY27JAN2625800CE,0.1029140401034122
08-01-2026 11:30||NIFTY27JAN2626000CE,0.0979464659240328
08-01-2026 11:30||NIFTY27JAN2626100CE,0.0959363805159903
08-01-2026 11:35||NIFTY27JAN2623800PE,0.1602846111588785
08-01-2026 11:35||NIFTY27JAN2624100PE,0.1615369459100915
08-01-2026 11:35||NIFTY27JAN2624400PE,0.1447437710475743
08-01-2026 11:35||NIFTY27JAN2624500PE,0.1396218829656934
08-01-2026 11:35||NIFTY27JAN2624700PE,0.1296126017557649
08-01-2026 11:35||NIFTY27JAN2624900PE,0.1194225602667532
08-01-2026 11:35||NIFTY27JAN2625200CE,0.1338351813406804
08-01-2026 11:35||NIFTY27JAN2625300CE,0.1251207730982181
08-01-2026 11:35||NIFTY27JAN2626500CE,0.1225464851361137
08-01-2026 11:40||NIFTY27JAN2624100PE,0.1615561530779803
08-01-2026 11:40||NIFTY27JAN2624200PE,0.1561256597934384
08-01-2026 11:40||NIFTY27JAN2624400PE,0.1453672039129607
08-01-2026 11:40||NIFTY27JAN2624900PE,0.119532965371272
08-01-2026 11:40||NIFTY27JAN2625600CE,0.1077098616174191
08-01-2026 11:40||NIFTY27JAN2625800CE,0.0998215004962883
08-01-2026 11:45||NIFTY27JAN2624200PE,0.156721757967914
08-01-2026 11:45||NIFTY27JAN2625500CE,0.110775958221974
08-01-2026 11:45||NIFTY27JAN2625900CE,0.0965556739458887
08-01-2026 11:45||NIFTY27JAN2626100CE,0.0935880657808613
08-01-2026 11:50||NIFTY27JAN2623800PE,0.1606944097844587
08-01-2026 11:50||NIFTY27JAN2625700CE,0.1003040980628171
08-01-2026 11:50||NIFTY27JAN2625800CE,0.0970872309463496
08-01-2026 11:50||NIFTY27JAN2626500CE,0.1221819132636358
08-01-2026 11:55||NIFTY27JAN2624200PE,0.1571307233218295
08-01-2026 11:55||NIFTY27JAN2624700PE,0.1296797783085829
08-01-2026 11:55||NIFTY27JAN2625100PE,0.1126093762124308
08-01-2026 11:55||NIFTY27JAN2625400CE,0.1111190176807551
08-01-2026 11:55||NIFTY27JAN2625600CE,0.1030555049881829
08-01-2026 11:55||NIFTY27JAN2625800CE,0.0960575621257159
08-01-2026 12:00||NIFTY27JAN2624500PE,0.1402942711680604
08-01-2026 12:00||NIFTY27JAN2624700PE,0.1297162982898367
08-01-2026 12:00||NIFTY27JAN2625000PE,0.1158881706048455
08-01-2026 12:00||NIFTY27JAN2625500CE,0.1102704972564844
08-01-2026 12:00||NIFTY27JAN2626300CE,0.0929685830310015
08-01-2026 12:05||NIFTY27JAN2624000PE,0.1694059000261317
08-01-2026 12:05||NIFTY27JAN2624200PE,0.1560351363892032
08-01-2026 12:05||NIFTY27JAN2624500PE,0.1391569546425675
08-01-2026 12:05||NIFTY27JAN2624900PE,0.119887584673195
08-01-2026 12:05||NIFTY27JAN2625300CE,0.1268298437913214
08-01-2026 12:05||NIFTY27JAN2625800CE,0.104075078783934
08-01-2026 12:05||NIFTY27JAN2625900CE,0.1018581205612879
08-01-2026 12:05||NIFTY27JAN2626400CE,0.0949844630954675
08-01-2026 12:10||NIFTY27JAN2624000PE,0.1697469577645569
08-01-2026 12:10||NIFTY27JAN2624400PE,0.1449326928568782
08-01-2026 12:15||NIFTY27JAN2624100PE,0.1656382954914484
08-01-2026 12:15||NIFTY27JAN2624400PE,0.147605404762086
08-01-2026 12:15||NIFTY27JAN2625200CE,0.129471532693955
08-01-2026 12:15||NIFTY27JAN2625400CE,0.1192940220316412
08-01-2026 12:15||NIFTY27JAN2625500CE,0.1145604667578146
08-01-2026 12:15||NIFTY27JAN2625700CE,0.1063624337538071
08-01-2026 12:20||NIFTY27JAN2624800PE,0.1273958808411867
08-01-2026 12:20||NIFTY27JAN2625800CE,0.1030631367166911
08-01-2026 12:20||NIFTY27JAN2626300CE,0.0946872248728004
08-01-2026 12:25||NIFTY27JAN2624100PE,0.1679995622939999
08-01-2026 12:25||NIFTY27JAN2624400PE,0.1503252133669097
08-01-2026 12:25||NIFTY27JAN2624900PE,0.1231431133345004
08-01-2026 12:25||NIFTY27JAN2625700CE,0.1058196253467421
08-01-2026 12:25||NIFTY27JAN2626000CE,0.0991735607004206
08-01-2026 12:30||NIFTY27JAN2624200PE,0.160819272405865
08-01-2026 12:30||NIFTY27JAN2624300PE,0.1553736125110373
08-01-2026 12:30||NIFTY27JAN2625100PE,0.1145057486173949
08-01-2026 12:30||NIFTY27JAN2625700CE,0.1054209623381849
08-01-2026 12:30||NIFTY27JAN2626000CE,0.0990164201507125
08-01-2026 12:35||NIFTY27JAN2624800PE,0.1272948118161597
08-01-2026 12:35||NIFTY27JAN2625000PE,0.1174695574378944
08-01-2026 12:35||NIFTY27JAN2625400CE,0.1220197066474837
08-01-2026 12:35||NIFTY27JAN2625500CE,0.1156018805357644
08-01-2026 12:35||NIFTY27JAN2625800CE,0.1041550748428491
08-01-2026 12:35||NIFTY27JAN2626100CE,0.0976444403825069
08-01-2026 12:35||NIFTY27JAN2626200CE,0.0958790522354096
08-01-2026 12:40||NIFTY27JAN2624100PE,0.1666436709328552
08-01-2026 12:40||NIFTY27JAN2624400PE,0.1500258679461878
08-01-2026 12:40||NIFTY27JAN2624800PE,0.1268411730972378
08-01-2026 12:40||NIFTY27JAN2625000PE,0.1165805162073665
08-01-2026 12:40||NIFTY27JAN2625200CE,0.137025296454137
08-01-2026 12:40||NIFTY27JAN2626000CE,0.1006165816097432
08-01-2026 12:45||NIFTY27JAN2624400PE,0.1500785821021969
08-01-2026 12:45||NIFTY27JAN2624600PE,0.1372945272246956
08-01-2026 12:45||NIFTY27JAN2625000PE,0.1166088704525818
08-01-2026 12:45||NIFTY27JAN2625300CE,0.1275793904622432
08-01-2026 12:45||NIFTY27JAN2625800CE,0.1056935349595337
08-01-2026 12:45||NIFTY27JAN2626200CE,0.0970227444934394
08-01-2026 12:45||NIFTY27JAN2626300CE,0.0952466363700274
08-01-2026 12:50||NIFTY27JAN2623800PE,0.1600046406966795
08-01-2026 12:50||NIFTY27JAN2624900PE,0.1216057829272176
08-01-2026 12:50||NIFTY27JAN2625600CE,0.1121450631838194
08-01-2026 12:50||NIFTY27JAN2626300CE,0.0956493313547395
08-01-2026 12:50||NIFTY27JAN2626400CE,0.0947381291724085
08-01-2026 12:55||NIFTY27JAN2624200PE,0.1590379871747786
08-01-2026 12:55||NIFTY27JAN2624300PE,0.1529814333314705
08-01-2026 12:55||NIFTY27JAN2624400PE,0.1479321509332979
08-01-2026 12:55||NIFTY27JAN2626100CE,0.1002233724502606
08-01-2026 13:00||NIFTY27JAN2624200PE,0.1605351202875174
08-01-2026 13:00||NIFTY27JAN2624500PE,0.1407960758793128
08-01-2026 13:00||NIFTY27JAN2624600PE,0.1345011997467484
08-01-2026 13:00||NIFTY27JAN2624700PE,0.1304527870509221
08-01-2026 13:00||NIFTY27JAN2625000PE,0.1182281651897598
08-01-2026 13:00||NIFTY27JAN2625100PE,0.1143867022274156
08-01-2026 13:00||NIFTY27JAN2625400CE,0.1244368007264214
08-01-2026 13:00||NIFTY27JAN2625800CE,0.1057017920429767
08-01-2026 13:05||NIFTY27JAN2623800PE,0.1607177498052462
08-01-2026 13:05||NIFTY27JAN2624600PE,0.1356390046245188
08-01-2026 13:05||NIFTY27JAN2625700CE,0.1072960785070454
08-01-2026 13:05||NIFTY27JAN2625800CE,0.1044454021477474
08-01-2026 13:05||NIFTY27JAN2626000CE,0.1012065367030404
08-01-2026 13:05||NIFTY27JAN2626100CE,0.0993178604409714
08-01-2026 13:05||NIFTY27JAN2626200CE,0.0980655982733129
08-01-2026 13:05||NIFTY27JAN2626300CE,0.096445695031649
08-01-2026 13:10||NIFTY27JAN2624100PE,0.1682955726309148
08-01-2026 13:10||NIFTY27JAN2624900PE,0.1211889469163293
08-01-2026 13:10||NIFTY27JAN2625400CE,0.1212757478041855
08-01-2026 13:10||NIFTY27JAN2625700CE,0.1063873631639311
08-01-2026 13:10||NIFTY27JAN2625800CE,0.1036027924847193
08-01-2026 13:10||NIFTY27JAN2626100CE,0.098019668049809
08-01-2026 13:10||NIFTY27JAN2626200CE,0.096760568488986
08-01-2026 13:15||NIFTY27JAN2624300PE,0.1562291918012072
08-01-2026 13:15||NIFTY27JAN2625000PE,0.115757012821382
08-01-2026 13:15||NIFTY27JAN2625900CE,0.1014480883231138
08-01-2026 13:15||NIFTY27JAN2626300CE,0.0946510203021524
08-01-2026 13:20||NIFTY27JAN2623800PE,0.160636252244659
08-01-2026 13:20||NIFTY27JAN2624000PE,0.1741250649035395
08-01-2026 13:20||NIFTY27JAN2624400PE,0.1506978585500406
08-01-2026 13:20||NIFTY27JAN2625000PE,0.1163645975983785
08-01-2026 13:20||NIFTY27JAN2625300CE,0.1248693486280293
08-01-2026 13:20||NIFTY27JAN2625400CE,0.1184263422370137
08-01-2026 13:20||NIFTY27JAN2626200CE,0.0951074767818067
08-01-2026 13:25||NIFTY27JAN2624600PE,0.1369925959825554
08-01-2026 13:25||NIFTY27JAN2624900PE,0.1213417428400508
08-01-2026 13:25||NIFTY27JAN2625400CE,0.1189659840062367
08-01-2026 13:25||NIFTY27JAN2625500CE,0.1145194922486756
08-01-2026 13:25||NIFTY27JAN2625900CE,0.1013786850071052
08-01-2026 13:25||NIFTY27JAN2626000CE,0.0995785689135034
08-01-2026 13:25||NIFTY27JAN2626100CE,0.0973660124328164
08-01-2026 13:30||NIFTY27JAN2624300PE,0.1544070148404646
08-01-2026 13:30||NIFTY27JAN2624400PE,0.1484087589778
08-01-2026 13:30||NIFTY27JAN2625600CE,0.1092495924462963
08-01-2026 13:30||NIFTY27JAN2625700CE,0.1055371172367596
08-01-2026 13:30||NIFTY27JAN2626100CE,0.0983577997144196
08-01-2026 13:30||NIFTY27JAN2626500CE,0.1278878862379315
08-01-2026 13:35||NIFTY27JAN2624600PE,0.1326303061658756
08-01-2026 13:35||NIFTY27JAN2624700PE,0.1260087564516
08-01-2026 13:35||NIFTY27JAN2624800PE,0.121641933926595
08-01-2026 13:35||NIFTY27JAN2624900PE,0.1182039352491967
08-01-2026 13:40||NIFTY27JAN2624100PE,0.1669309327076524
08-01-2026 13:40||NIFTY27JAN2624800PE,0.1219333962046381
08-01-2026 13:40||NIFTY27JAN2624900PE,0.1180729957117582
08-01-2026 13:40||NIFTY27JAN2625300CE,0.1191960479682306
08-01-2026 13:40||NIFTY27JAN2625600CE,0.1107010217929389
08-01-2026 13:40||NIFTY27JAN2625700CE,0.10735584775458
08-01-2026 13:40||NIFTY27JAN2626000CE,0.1003078752887411
08-01-2026 13:40||NIFTY27JAN2626200CE,0.0966951874742782
08-01-2026 13:40||NIFTY27JAN2626300CE,0.0952018954779751
08-01-2026 13:45||NIFTY27JAN2624600PE,0.1339799083778168
08-01-2026 13:45||NIFTY27JAN2624700PE,0.1283105069753333
08-01-2026 13:45||NIFTY27JAN2625100PE,0.1107907608157691
08-01-2026 13:45||NIFTY27JAN2625600CE,0.1110347763151957
08-01-2026 13:45||NIFTY27JAN2625700CE,0.1080121930637173
08-01-2026 13:50||NIFTY27JAN2624600PE,0.1337411949386928
08-01-2026 13:50||NIFTY27JAN2625500CE,0.1156791522219877
08-01-2026 13:55||NIFTY27JAN2624200PE,0.1609110174944586
08-01-2026 13:55||NIFTY27JAN2624600PE,0.1346538337651377
08-01-2026 13:55||NIFTY27JAN2625000PE,0.113848803627972
08-01-2026 13:55||NIFTY27JAN2625200CE,0.1192154952469734
08-01-2026 13:55||NIFTY27JAN2625700CE,0.1062184409341099
08-01-2026 14:00||NIFTY27JAN2623800PE,0.1605361592286967
08-01-2026 14:00||NIFTY27JAN2623900PE,0.1767022974675031
08-01-2026 14:00||NIFTY27JAN2625300CE,0.1164824476098884
08-01-2026 14:00||NIFTY27JAN2625400CE,0.1143243340250136
08-01-2026 14:00||NIFTY27JAN2625900CE,0.0979577506940006
08-01-2026 14:00||NIFTY27JAN2626000CE,0.0963380399993317
08-01-2026 14:00||NIFTY27JAN2626100CE,0.0949878002637815
08-01-2026 14:00||NIFTY27JAN2626200CE,0.0939183561686185
08-01-2026 14:00||NIFTY27JAN2626300CE,0.0927060034353418
08-01-2026 14:05||NIFTY27JAN2623900PE,0.1766744239331135
08-01-2026 14:05||NIFTY27JAN2624500PE,0.1415549418484429
08-01-2026 14:05||NIFTY27JAN2625300CE,0.1166539877778492
08-01-2026 14:05||NIFTY27JAN2626000CE,0.0969253645024986
08-01-2026 14:05||NIFTY27JAN2626200CE,0.0941184412577828
08-01-2026 14:05||NIFTY27JAN2626300CE,0.0928233504667494
08-01-2026 14:05||NIFTY27JAN2626500CE,0.1255853973124299
08-01-2026 14:10||NIFTY27JAN2624800PE,0.1238438944964837
08-01-2026 14:10||NIFTY27JAN2625000PE,0.1136888270380634
08-01-2026 14:10||NIFTY27JAN2625200CE,0.1191506837553972
08-01-2026 14:10||NIFTY27JAN2625300CE,0.1197310013428183
08-01-2026 14:10||NIFTY27JAN2625700CE,0.1068020477719397
08-01-2026 14:15||NIFTY27JAN2623800PE,0.1574195744742418
08-01-2026 14:15||NIFTY27JAN2624200PE,0.1579542984703358
08-01-2026 14:15||NIFTY27JAN2624300PE,0.1521406881632503
08-01-2026 14:15||NIFTY27JAN2625000PE,0.1129872333083074
08-01-2026 14:15||NIFTY27JAN2625200CE,0.125928718931023
08-01-2026 14:15||NIFTY27JAN2625600CE,0.1116960464309409
08-01-2026 14:15||NIFTY27JAN2626100CE,0.0961231442529175
08-01-2026 14:15||NIFTY27JAN2626400CE,0.0919118023423205
08-01-2026 14:20||NIFTY27JAN2624500PE,0.1405643618365111
08-01-2026 14:20||NIFTY27JAN2625000PE,0.1133596167208082
08-01-2026 14:20||NIFTY27JAN2625700CE,0.1037991919465963
08-01-2026 14:20||NIFTY27JAN2626400CE,0.0905119262507137
08-01-2026 14:25||NIFTY27JAN2624600PE,0.1338363999855656
08-01-2026 14:25||NIFTY27JAN2624800PE,0.1230833032177779
08-01-2026 14:25||NIFTY27JAN2625200CE,0.1350097370378942
08-01-2026 14:25||NIFTY27JAN2625600CE,0.1105675895947927
08-01-2026 14:25||NIFTY27JAN2625900CE,0.1003184508711311
08-01-2026 14:25||NIFTY27JAN2626000CE,0.0982272898975184
08-01-2026 14:30||NIFTY27JAN2624500PE,0.1401785559468173
08-01-2026 14:30||NIFTY27JAN2626200CE,0.0947751831382996
08-01-2026 14:30||NIFTY27JAN2626400CE,0.1076495948550977
08-01-2026 14:30||NIFTY27JAN2626500CE,0.1294279958027119
08-01-2026 14:35||NIFTY27JAN2624200PE,0.1582998320720869
08-01-2026 14:35||NIFTY27JAN2624800PE,0.1226524858405451
08-01-2026 14:35||NIFTY27JAN2625100PE,0.1086146871967973
08-01-2026 14:35||NIFTY27JAN2626100CE,0.0965377487215629
08-01-2026 14:40||NIFTY27JAN2624200PE,0.158050846955967
08-01-2026 14:40||NIFTY27JAN2624600PE,0.1337451179786416
08-01-2026 14:40||NIFTY27JAN2625000PE,0.112522689783069
08-01-2026 14:40||NIFTY27JAN2625300CE,0.1174787772055116
08-01-2026 14:40||NIFTY27JAN2625400CE,0.1158041746369958
08-01-2026 14:40||NIFTY27JAN2625500CE,0.1132512023699488
08-01-2026 14:40||NIFTY27JAN2626200CE,0.0929490789950151
08-01-2026 14:40||NIFTY27JAN2626300CE,0.091218828734407
08-01-2026 14:45||NIFTY27JAN2624000PE,0.1697296458286301
08-01-2026 14:45||NIFTY27JAN2624700PE,0.1277933163455247
08-01-2026 14:45||NIFTY27JAN2625000PE,0.1124416782703237
08-01-2026 14:45||NIFTY27JAN2625300CE,0.117444840970828
08-01-2026 14:45||NIFTY27JAN2625700CE,0.1031411852452841
08-01-2026 14:50||NIFTY27JAN2624100PE,0.1641011493905338
08-01-2026 14:50||NIFTY27JAN2624300PE,0.1522521427727733
08-01-2026 14:50||NIFTY27JAN2625100PE,0.1088873237986626
08-01-2026 14:50||NIFTY27JAN2625400CE,0.1156646056669833
08-01-2026 14:50||NIFTY27JAN2625500CE,0.1109790709334463
08-01-2026 14:50||NIFTY27JAN2626000CE,0.0950383934003619
08-01-2026 14:50||NIFTY27JAN2626200CE,0.0917252694253027
08-01-2026 14:55||NIFTY27JAN2626300CE,0.0898054051592443
08-01-2026 15:00||NIFTY27JAN2623900PE,0.1716178421911383
08-01-2026 15:00||NIFTY27JAN2624000PE,0.1664864036392839
08-01-2026 15:00||NIFTY27JAN2624900PE,0.1157949682057319
08-01-2026 15:00||NIFTY27JAN2625100PE,0.1080641584424544
08-01-2026 15:00||NIFTY27JAN2625200CE,0.1298889599851453
08-01-2026 15:00||NIFTY27JAN2625600CE,0.1049431147319685
08-01-2026 15:00||NIFTY27JAN2625700CE,0.1019600848704463
08-01-2026 15:00||NIFTY27JAN2626300CE,0.0906985177116035
08-01-2026 15:00||NIFTY27JAN2626400CE,0.0901372906836731
08-01-2026 15:05||NIFTY27JAN2624400PE,0.1428439875538827
08-01-2026 15:05||NIFTY27JAN2624800PE,0.1193547775985898
08-01-2026 15:05||NIFTY27JAN2624900PE,0.1145263038580865
08-01-2026 15:05||NIFTY27JAN2626000CE,0.0943312901663172
08-01-2026 15:05||NIFTY27JAN2626100CE,0.0924848676064821
08-01-2026 15:05||NIFTY27JAN2626200CE,0.0919498129015277
08-01-2026 15:10||NIFTY27JAN2624000PE,0.1658196257920726
08-01-2026 15:10||NIFTY27JAN2624200PE,0.1538422201493852
08-01-2026 15:10||NIFTY27JAN2624600PE,0.1300939166104512
08-01-2026 15:10||NIFTY27JAN2625100PE,0.1076409761961784
08-01-2026 15:10||NIFTY27JAN2625700CE,0.1041030446365371
08-01-2026 15:10||NIFTY27JAN2626100CE,0.0939850566665681
08-01-2026 15:10||NIFTY27JAN2626300CE,0.0921285146372468
08-01-2026 15:10||NIFTY27JAN2626500CE,0.1235803004607796
08-01-2026 15:15||NIFTY27JAN2624800PE,0.119725488547327
08-01-2026 15:15||NIFTY27JAN2625100PE,0.1079734410491089
08-01-2026 15:15||NIFTY27JAN2625500CE,0.1092308281791925
08-01-2026 15:15||NIFTY27JAN2626100CE,0.0949684416295526
08-01-2026 15:20||NIFTY27JAN2624000PE,0.1662704424774857
08-01-2026 15:20||NIFTY27JAN2624500PE,0.1364467533537818
08-01-2026 15:20||NIFTY27JAN2624800PE,0.1200570600303587
08-01-2026 15:20||NIFTY27JAN2625000PE,0.1110470630481949
08-01-2026 15:20||NIFTY27JAN2625600CE,0.1025375858286831
08-01-2026 15:20||NIFTY27JAN2626100CE,0.0950979344066819
08-01-2026 15:20||NIFTY27JAN2626400CE,0.1057686401457337
08-01-2026 15:20||NIFTY27JAN2626500CE,0.1272917419807026
08-01-2026 15:25||NIFTY27JAN2623800PE,0.1567708490947156
08-01-2026 15:25||NIFTY27JAN2624100PE,0.160248669524628
08-01-2026 15:25||NIFTY27JAN2624300PE,0.1492984631522377
08-01-2026 15:25||NIFTY27JAN2624600PE,0.1308640319249931
08-01-2026 15:25||NIFTY27JAN2625100PE,0.1080083669778005
08-01-2026 15:25||NIFTY27JAN2625800CE,0.0966954869938552
08-01-2026 15:25||NIFTY27JAN2626100CE,0.0956747425235731
09-01-2026 09:15||NIFTY27JAN2624400PE,0.1449593027274756
09-01-2026 09:15||NIFTY27JAN2625000PE,0.1123495074630741
09-01-2026 09:15||NIFTY27JAN2625400CE,0.1084759148496508
09-01-2026 09:15||NIFTY27JAN2625500CE,0.1033464936168763
09-01-2026 09:15||NIFTY27JAN2625800CE,0.0956535075434612
09-01-2026 09:15||NIFTY27JAN2626300CE,0.089400090816672
09-01-2026 09:20||NIFTY27JAN2624100PE,0.1597314336333619
09-01-2026 09:20||NIFTY27JAN2624200PE,0.1544136541395193
09-01-2026 09:20||NIFTY27JAN2624800PE,0.1222785125668416
09-01-2026 09:20||NIFTY27JAN2625000PE,0.1126397157423634
09-01-2026 09:20||NIFTY27JAN2625300CE,0.1193578151259327
09-01-2026 09:25||NIFTY27JAN2624100PE,0.1591599643619164
09-01-2026 09:25||NIFTY27JAN2625000PE,0.1121275288352579
09-01-2026 09:25||NIFTY27JAN2625400CE,0.1087409340084419
09-01-2026 09:25||NIFTY27JAN2626100CE,0.0892747385362394
09-01-2026 09:30||NIFTY27JAN2624300PE,0.1476762394897358
09-01-2026 09:30||NIFTY27JAN2624500PE,0.1349200046475412
09-01-2026 09:30||NIFTY27JAN2624600PE,0.1294367119006671
09-01-2026 09:30||NIFTY27JAN2625300CE,0.1206088279464257
09-01-2026 09:30||NIFTY27JAN2625400CE,0.1152269558048485
09-01-2026 09:30||NIFTY27JAN2626100CE,0.0921846717950826
09-01-2026 09:30||NIFTY27JAN2626400CE,0.0910615637585148
09-01-2026 09:35||NIFTY27JAN2624800PE,0.1185859949833979
09-01-2026 09:35||NIFTY27JAN2626000CE,0.0997029852816585
09-01-2026 09:35||NIFTY27JAN2626200CE,0.0962729809423889
09-01-2026 09:40||NIFTY27JAN2625500CE,0.1252629729656712
09-01-2026 09:40||NIFTY27JAN2625600CE,0.1180713527423943
09-01-2026 09:40||NIFTY27JAN2625700CE,0.115128143177275
09-01-2026 09:40||NIFTY27JAN2625900CE,0.1074535602021341
09-01-2026 09:45||NIFTY27JAN2624000PE,0.1637617038001737
09-01-2026 09:45||NIFTY27JAN2624300PE,0.1450208958001461
09-01-2026 09:45||NIFTY27JAN2624400PE,0.1389274479085672
09-01-2026 09:45||NIFTY27JAN2624700PE,0.1216423668096943
09-01-2026 09:45||NIFTY27JAN2624900PE,0.1118973616860504
09-01-2026 09:45||NIFTY27JAN2625600CE,0.1206069541683643
09-01-2026 09:45||NIFTY27JAN2625900CE,0.1074400259156214
09-01-2026 09:50||NIFTY27JAN2624100PE,0.1592007815432695
09-01-2026 09:50||NIFTY27JAN2624400PE,0.140614997497955
09-01-2026 09:50||NIFTY27JAN2624600PE,0.1283404242161986
09-01-2026 09:50||NIFTY27JAN2624700PE,0.122329755633849
09-01-2026 09:50||NIFTY27JAN2624900PE,0.1124763756352571
09-01-2026 09:50||NIFTY27JAN2625300CE,0.1358766431338499
09-01-2026 09:50||NIFTY27JAN2625600CE,0.1188228094655445
09-01-2026 09:50||NIFTY27JAN2626000CE,0.1015274472841016
09-01-2026 09:50||NIFTY27JAN2626100CE,0.098917458578079
09-01-2026 09:50||NIFTY27JAN2626400CE,0.0939841117757298
09-01-2026 09:55||NIFTY27JAN2623800PE,0.1548209994458972
09-01-2026 09:55||NIFTY27JAN2624800PE,0.1182207309874041
09-01-2026 09:55||NIFTY27JAN2624900PE,0.1136513562904114
09-01-2026 09:55||NIFTY27JAN2625000PE,0.1103433293239357
09-01-2026 09:55||NIFTY27JAN2625200CE,0.1358504880265159
09-01-2026 10:00||NIFTY27JAN2624100PE,0.16023129922681
09-01-2026 10:00||NIFTY27JAN2624300PE,0.1485561474571403
09-01-2026 10:00||NIFTY27JAN2625100PE,0.1078098440097851
09-01-2026 10:00||NIFTY27JAN2625500CE,0.1171584817821657
09-01-2026 10:00||NIFTY27JAN2626100CE,0.0953411791803826
09-01-2026 10:05||NIFTY27JAN2624500PE,0.1364176520777935
09-01-2026 10:05||NIFTY27JAN2624800PE,0.1203104271021286
09-01-2026 10:05||NIFTY27JAN2625600CE,0.1102470947188964
09-01-2026 10:05||NIFTY27JAN2626100CE,0.0953431442661134
09-01-2026 10:10||NIFTY27JAN2624400PE,0.1419862259656477
09-01-2026 10:10||NIFTY27JAN2626300CE,0.0929333076695938
09-01-2026 10:10||NIFTY27JAN2626400CE,0.0918937784366987
09-01-2026 10:15||NIFTY27JAN2625100PE,0.1073462215073336
09-01-2026 10:15||NIFTY27JAN2625600CE,0.1111036929092181
09-01-2026 10:15||NIFTY27JAN2626200CE,0.0932188043429971
09-01-2026 10:15||NIFTY27JAN2626300CE,0.0923445804849018
09-01-2026 10:20||NIFTY27JAN2623900PE,0.1713153099509752
09-01-2026 10:20||NIFTY27JAN2624000PE,0.165624482024092
09-01-2026 10:20||NIFTY27JAN2625200CE,0.1421635241573648
09-01-2026 10:20||NIFTY27JAN2625700CE,0.1103303924643164
09-01-2026 10:25||NIFTY27JAN2624200PE,0.1542818170879029
09-01-2026 10:25||NIFTY27JAN2625000PE,0.109649828386774
09-01-2026 10:25||NIFTY27JAN2625600CE,0.1134269907164554
09-01-2026 10:25||NIFTY27JAN2626200CE,0.0939497499846122
09-01-2026 10:25||NIFTY27JAN2626500CE,0.124094433372536
09-01-2026 10:30||NIFTY27JAN2624300PE,0.1480646562547229
09-01-2026 10:30||NIFTY27JAN2624900PE,0.1150203932179482
09-01-2026 10:35||NIFTY27JAN2624300PE,0.14796785595611
09-01-2026 10:35||NIFTY27JAN2624800PE,0.1194696970300175
09-01-2026 10:35||NIFTY27JAN2626300CE,0.0932358847306381
09-01-2026 10:40||NIFTY27JAN2624000PE,0.1659693646892707
09-01-2026 10:40||NIFTY27JAN2624700PE,0.1241012733282971
09-01-2026 10:40||NIFTY27JAN2625000PE,0.1092745494815422
09-01-2026 10:40||NIFTY27JAN2625500CE,0.1131382880505859
09-01-2026 10:40||NIFTY27JAN2626000CE,0.0964018489942801
09-01-2026 10:40||NIFTY27JAN2626100CE,0.0946401921388577
09-01-2026 10:40||NIFTY27JAN2626400CE,0.1069850046140594
09-01-2026 10:40||NIFTY27JAN2626500CE,0.128762777751072
09-01-2026 10:45||NIFTY27JAN2624400PE,0.1417981232406158
09-01-2026 10:45||NIFTY27JAN2625000PE,0.109480042697215
09-01-2026 10:45||NIFTY27JAN2625200CE,0.131429216985939
09-01-2026 10:45||NIFTY27JAN2625400CE,0.1156968317089136
09-01-2026 10:45||NIFTY27JAN2625500CE,0.109377261980622
09-01-2026 10:45||NIFTY27JAN2626300CE,0.0961251639336847
09-01-2026 10:50||NIFTY27JAN2624100PE,0.1598094784318535
09-01-2026 10:50||NIFTY27JAN2625800CE,0.0976703715705866
09-01-2026 10:50||NIFTY27JAN2625900CE,0.0955983267385653
09-01-2026 10:50||NIFTY27JAN2626000CE,0.0936985463123073
09-01-2026 10:50||NIFTY27JAN2626400CE,0.1067131175417531
09-01-2026 10:50||NIFTY27JAN2626500CE,0.1289244980726719
09-01-2026 10:55||NIFTY27JAN2623800PE,0.1559254917404802
09-01-2026 10:55||NIFTY27JAN2624700PE,0.1233592656218621
09-01-2026 10:55||NIFTY27JAN2624900PE,0.1131406436577997
09-01-2026 10:55||NIFTY27JAN2626300CE,0.0931626569915503
09-01-2026 11:00||NIFTY27JAN2624900PE,0.1115735052262284
09-01-2026 11:00||NIFTY27JAN2625000PE,0.1075558504197869
09-01-2026 11:00||NIFTY27JAN2625200CE,0.1311220235241958
09-01-2026 11:00||NIFTY27JAN2625700CE,0.102219266542211
09-01-2026 11:00||NIFTY27JAN2625800CE,0.0993974584275049
09-01-2026 11:05||NIFTY27JAN2624000PE,0.1628665393388694
09-01-2026 11:05||NIFTY27JAN2624400PE,0.1388212605473422
09-01-2026 11:05||NIFTY27JAN2625100PE,0.1057147860027344
09-01-2026 11:05||NIFTY27JAN2625300CE,0.1249417964133364
09-01-2026 11:05||NIFTY27JAN2625500CE,0.109899836419603
09-01-2026 11:05||NIFTY27JAN2625700CE,0.1016478718985646
09-01-2026 11:10||NIFTY27JAN2623900PE,0.1684159434591473
09-01-2026 11:10||NIFTY27JAN2624700PE,0.1222124742421428
09-01-2026 11:10||NIFTY27JAN2625100PE,0.1059821138776404
09-01-2026 11:10||NIFTY27JAN2625200CE,0.1260534627104918
09-01-2026 11:10||NIFTY27JAN2625500CE,0.1080366610882105
09-01-2026 11:10||NIFTY27JAN2625800CE,0.0977259663007424
09-01-2026 11:15||NIFTY27JAN2624200PE,0.1511951271668674
09-01-2026 11:15||NIFTY27JAN2624600PE,0.1273124447790245
09-01-2026 11:15||NIFTY27JAN2625700CE,0.1002075545384574
09-01-2026 11:15||NIFTY27JAN2626400CE,0.0909790764173075
09-01-2026 11:20||NIFTY27JAN2625200CE,0.1277285039449461
09-01-2026 11:20||NIFTY27JAN2625500CE,0.1108820961439661
09-01-2026 11:25||NIFTY27JAN2624600PE,0.125980654230476
09-01-2026 11:25||NIFTY27JAN2625100PE,0.1045510608412524
09-01-2026 11:25||NIFTY27JAN2625600CE,0.1063304743830305
09-01-2026 11:30||NIFTY27JAN2624000PE,0.1615476643590805
09-01-2026 11:30||NIFTY27JAN2624100PE,0.1555743819916711
09-01-2026 11:30||NIFTY27JAN2624500PE,0.1314855421972054
09-01-2026 11:30||NIFTY27JAN2624600PE,0.1255431820480998
09-01-2026 11:30||NIFTY27JAN2624900PE,0.111576296495274
09-01-2026 11:30||NIFTY27JAN2625000PE,0.1075752935588348
09-01-2026 11:30||NIFTY27JAN2625300CE,0.1202048785338898
09-01-2026 11:30||NIFTY27JAN2626200CE,0.092188521371685
09-01-2026 11:35||NIFTY27JAN2624100PE,0.1557312582925219
09-01-2026 11:35||NIFTY27JAN2624600PE,0.1254290641233049
09-01-2026 11:35||NIFTY27JAN2625200CE,0.122548294277841
09-01-2026 11:35||NIFTY27JAN2625300CE,0.1174894347944745
09-01-2026 11:35||NIFTY27JAN2625700CE,0.0989712767283405
09-01-2026 11:35||NIFTY27JAN2625800CE,0.0958277939923358
09-01-2026 11:40||NIFTY27JAN2624600PE,0.1255702012575051
09-01-2026 11:40||NIFTY27JAN2624700PE,0.1209707633102629
09-01-2026 11:40||NIFTY27JAN2625000PE,0.1083797616144436
09-01-2026 11:40||NIFTY27JAN2625300CE,0.1171718629454641
09-01-2026 11:40||NIFTY27JAN2625800CE,0.0971149171415528
09-01-2026 11:40||NIFTY27JAN2625900CE,0.0960227967366188
09-01-2026 11:45||NIFTY27JAN2625900CE,0.0969947438953258
09-01-2026 11:45||NIFTY27JAN2626000CE,0.0951448187920607
09-01-2026 11:45||NIFTY27JAN2626200CE,0.0934311507681295
09-01-2026 11:45||NIFTY27JAN2626500CE,0.1283401050147977
09-01-2026 11:50||NIFTY27JAN2625000PE,0.1083165024705362
09-01-2026 11:50||NIFTY27JAN2625200CE,0.1217968309437638
09-01-2026 11:50||NIFTY27JAN2625400CE,0.1125072596894844
09-01-2026 11:50||NIFTY27JAN2625500CE,0.1084108591338213
09-01-2026 11:50||NIFTY27JAN2626000CE,0.0956186188962175
09-01-2026 11:50||NIFTY27JAN2626500CE,0.1286501015084664
09-01-2026 11:55||NIFTY27JAN2624200PE,0.1488249690727857
09-01-2026 11:55||NIFTY27JAN2624300PE,0.142111291684694
09-01-2026 11:55||NIFTY27JAN2624500PE,0.131677733971089
09-01-2026 11:55||NIFTY27JAN2624900PE,0.1117790873076206
09-01-2026 11:55||NIFTY27JAN2625400CE,0.1148318414531298
09-01-2026 11:55||NIFTY27JAN2625600CE,0.1066615915184454
09-01-2026 11:55||NIFTY27JAN2625800CE,0.1007385869152467
09-01-2026 11:55||NIFTY27JAN2626300CE,0.0939508458699543
09-01-2026 12:00||NIFTY27JAN2623800PE,0.1550573860319886
09-01-2026 12:00||NIFTY27JAN2624400PE,0.1374066622624331
09-01-2026 12:00||NIFTY27JAN2624800PE,0.1160112878908016
09-01-2026 12:00||NIFTY27JAN2625600CE,0.1075678574565037
09-01-2026 12:00||NIFTY27JAN2625800CE,0.1010352603601261
09-01-2026 12:00||NIFTY27JAN2626300CE,0.0941030834867734
09-01-2026 12:05||NIFTY27JAN2624600PE,0.1264607933271019
09-01-2026 12:05||NIFTY27JAN2625500CE,0.1108965984634512
09-01-2026 12:05||NIFTY27JAN2626000CE,0.0960713037528063
09-01-2026 12:05||NIFTY27JAN2626500CE,0.1243592260568786
09-01-2026 12:10||NIFTY27JAN2624200PE,0.148032853254947
09-01-2026 12:10||NIFTY27JAN2624300PE,0.1425475764168086
09-01-2026 12:10||NIFTY27JAN2625500CE,0.1084430316754017
09-01-2026 12:10||NIFTY27JAN2625900CE,0.0962145420288162
09-01-2026 12:10||NIFTY27JAN2626300CE,0.1028948298337679
09-01-2026 12:15||NIFTY27JAN2623800PE,0.1572187201544725
09-01-2026 12:15||NIFTY27JAN2624100PE,0.1533749899132357
09-01-2026 12:15||NIFTY27JAN2624200PE,0.1464995981618397
09-01-2026 12:15||NIFTY27JAN2624300PE,0.1418469177761382
09-01-2026 12:15||NIFTY27JAN2625400CE,0.1097350808445429
09-01-2026 12:15||NIFTY27JAN2625500CE,0.1069142905023105
09-01-2026 12:15||NIFTY27JAN2625800CE,0.0978392152479357
09-01-2026 12:15||NIFTY27JAN2625900CE,0.0959833024803285
09-01-2026 12:15||NIFTY27JAN2626200CE,0.1078682701125294
09-01-2026 12:15||NIFTY27JAN2626300CE,0.1126744517086154
09-01-2026 12:15||NIFTY27JAN2626400CE,0.113091552451237
09-01-2026 12:15||NIFTY27JAN2626500CE,0.128262167938952
09-01-2026 12:20||NIFTY27JAN2624000PE,0.1615041901953823
09-01-2026 12:20||NIFTY27JAN2624700PE,0.1196580801343415
09-01-2026 12:20||NIFTY27JAN2624800PE,0.1155799404084149
09-01-2026 12:20||NIFTY27JAN2625000PE,0.1069886013422839
09-01-2026 12:25||NIFTY27JAN2624200PE,0.1493333370730533
09-01-2026 12:25||NIFTY27JAN2624400PE,0.1372637355968421
09-01-2026 12:25||NIFTY27JAN2624600PE,0.1252857582615278
09-01-2026 12:25||NIFTY27JAN2625000PE,0.1071890932015811
09-01-2026 12:30||NIFTY27JAN2623800PE,0.1518352774019462
09-01-2026 12:30||NIFTY27JAN2624400PE,0.1374955723195031
09-01-2026 12:30||NIFTY27JAN2624900PE,0.1124240956751139
09-01-2026 12:30||NIFTY27JAN2626400CE,0.094823645295426
09-01-2026 12:35||NIFTY27JAN2624100PE,0.1561778065071986
09-01-2026 12:35||NIFTY27JAN2624300PE,0.1445050308709438
09-01-2026 12:35||NIFTY27JAN2624700PE,0.1220833124767276
09-01-2026 12:35||NIFTY27JAN2624900PE,0.113573542975218
09-01-2026 12:35||NIFTY27JAN2625700CE,0.0990957910784484
09-01-2026 12:35||NIFTY27JAN2626400CE,0.0964536308475848
09-01-2026 12:40||NIFTY27JAN2624100PE,0.1552351671710876
09-01-2026 12:40||NIFTY27JAN2625800CE,0.0978628787161561
09-01-2026 12:40||NIFTY27JAN2626100CE,0.0951023916369033
09-01-2026 12:45||NIFTY27JAN2623900PE,0.16920368191027
09-01-2026 12:45||NIFTY27JAN2624100PE,0.1538814698414508
09-01-2026 12:45||NIFTY27JAN2624200PE,0.1485129233143052
09-01-2026 12:45||NIFTY27JAN2625100PE,0.1054913535345109
09-01-2026 12:45||NIFTY27JAN2625300CE,0.111614368555107
09-01-2026 12:45||NIFTY27JAN2625800CE,0.0991287448631802
09-01-2026 12:45||NIFTY27JAN2625900CE,0.0982392785612244
09-01-2026 12:45||NIFTY27JAN2626000CE,0.0971137448557127
09-01-2026 12:45||NIFTY27JAN2626400CE,0.0990537868624079
09-01-2026 12:50||NIFTY27JAN2623800PE,0.1549403953600091
09-01-2026 12:50||NIFTY27JAN2624100PE,0.154232844873656
09-01-2026 12:50||NIFTY27JAN2625300CE,0.1146802980778245
09-01-2026 12:50||NIFTY27JAN2625500CE,0.1067044331840467
09-01-2026 12:50||NIFTY27JAN2626200CE,0.0968616474545963
09-01-2026 12:55||NIFTY27JAN2624100PE,0.1556347804831602
09-01-2026 12:55||NIFTY27JAN2624500PE,0.131352286635698
09-01-2026 12:55||NIFTY27JAN2624800PE,0.1161598146307613
09-01-2026 12:55||NIFTY27JAN2625600CE,0.1051926353523732
09-01-2026 12:55||NIFTY27JAN2625700CE,0.1025740963131189
09-01-2026 13:00||NIFTY27JAN2624200PE,0.1497011546166807
09-01-2026 13:00||NIFTY27JAN2624900PE,0.1118979804479447
09-01-2026 13:00||NIFTY27JAN2625200CE,0.118611463229323
09-01-2026 13:00||NIFTY27JAN2625600CE,0.1050831367857389
09-01-2026 13:00||NIFTY27JAN2625800CE,0.099999859076775
09-01-2026 13:00||NIFTY27JAN2626400CE,0.1053840162969678
09-01-2026 13:05||NIFTY27JAN2623900PE,0.1692432134502068
09-01-2026 13:05||NIFTY27JAN2624100PE,0.1561110188498071
09-01-2026 13:05||NIFTY27JAN2624300PE,0.1425202073487164
09-01-2026 13:05||NIFTY27JAN2624400PE,0.1372909863050398
09-01-2026 13:05||NIFTY27JAN2624700PE,0.1193170049699926
09-01-2026 13:05||NIFTY27JAN2624800PE,0.1145454934635488
09-01-2026 13:05||NIFTY27JAN2624900PE,0.1112969136279325
09-01-2026 13:05||NIFTY27JAN2625000PE,0.1082031463659733
09-01-2026 13:05||NIFTY27JAN2626000CE,0.0975485750771445
09-01-2026 13:05||NIFTY27JAN2626400CE,0.1129988966737341
09-01-2026 13:05||NIFTY27JAN2626500CE,0.1326664581323104
09-01-2026 13:10||NIFTY27JAN2624000PE,0.1616969506856555
09-01-2026 13:10||NIFTY27JAN2624100PE,0.1554506075605028
09-01-2026 13:10||NIFTY27JAN2624300PE,0.1431064899147722
09-01-2026 13:10||NIFTY27JAN2625200CE,0.1210185196807224
09-01-2026 13:10||NIFTY27JAN2625900CE,0.0989771136298292
09-01-2026 13:10||NIFTY27JAN2626100CE,0.097201532963253
09-01-2026 13:10||NIFTY27JAN2626400CE,0.1059095643902608
09-01-2026 13:15||NIFTY27JAN2624100PE,0.1559704829014712
09-01-2026 13:15||NIFTY27JAN2624400PE,0.1382778992334359
09-01-2026 13:15||NIFTY27JAN2625000PE,0.108002012068643
09-01-2026 13:15||NIFTY27JAN2625300CE,0.1159079547548105
09-01-2026 13:15||NIFTY27JAN2625700CE,0.1020476850582847
09-01-2026 13:15||NIFTY27JAN2625800CE,0.0997458474618392
09-01-2026 13:15||NIFTY27JAN2625900CE,0.0985368122104557
09-01-2026 13:15||NIFTY27JAN2626100CE,0.0971681914926486
09-01-2026 13:15||NIFTY27JAN2626200CE,0.0970262646310337
09-01-2026 13:20||NIFTY27JAN2624100PE,0.1566407945086629
09-01-2026 13:20||NIFTY27JAN2625000PE,0.108168053820561
09-01-2026 13:20||NIFTY27JAN2625200CE,0.1206743163135685
09-01-2026 13:20||NIFTY27JAN2625600CE,0.104944546543871
09-01-2026 13:25||NIFTY27JAN2624500PE,0.1331268666794265
09-01-2026 13:25||NIFTY27JAN2625100PE,0.1066467903637894
09-01-2026 13:25||NIFTY27JAN2625300CE,0.1137944731560612
09-01-2026 13:25||NIFTY27JAN2626200CE,0.0960466783659431
09-01-2026 13:30||NIFTY27JAN2624300PE,0.1449480936884628
09-01-2026 13:30||NIFTY27JAN2624900PE,0.1131301907857836
09-01-2026 13:30||NIFTY27JAN2625900CE,0.0977111968922443
09-01-2026 13:30||NIFTY27JAN2626400CE,0.0986547628432554
09-01-2026 13:35||NIFTY27JAN2623900PE,0.1691073402101787
09-01-2026 13:35||NIFTY27JAN2624100PE,0.1566252302053327
09-01-2026 13:35||NIFTY27JAN2624400PE,0.1387373542801917
09-01-2026 13:35||NIFTY27JAN2624600PE,0.1270850913625847
09-01-2026 13:35||NIFTY27JAN2625100PE,0.1071674742203905
09-01-2026 13:35||NIFTY27JAN2625300CE,0.111016547708053
09-01-2026 13:35||NIFTY27JAN2625400CE,0.1067204391390596
09-01-2026 13:35||NIFTY27JAN2625900CE,0.0971467187629991
09-01-2026 13:35||NIFTY27JAN2626100CE,0.095644219901675
09-01-2026 13:40||NIFTY27JAN2624500PE,0.1320486242135689
09-01-2026 13:40||NIFTY27JAN2624800PE,0.1170003555623773
09-01-2026 13:40||NIFTY27JAN2625100PE,0.1067497385950821
09-01-2026 13:40||NIFTY27JAN2625300CE,0.1092899462326375
09-01-2026 13:40||NIFTY27JAN2625500CE,0.1056102062616
09-01-2026 13:40||NIFTY27JAN2626500CE,0.1276094600102068
09-01-2026 13:45||NIFTY27JAN2623900PE,0.1673971644708341
09-01-2026 13:45||NIFTY27JAN2624100PE,0.1555917585577558
09-01-2026 13:45||NIFTY27JAN2624300PE,0.1434194933860081
09-01-2026 13:45||NIFTY27JAN2624400PE,0.1375013596799665
09-01-2026 13:45||NIFTY27JAN2625200CE,0.1093488079914564
09-01-2026 13:45||NIFTY27JAN2626000CE,0.0954146249512675
09-01-2026 13:50||NIFTY27JAN2623800PE,0.1524209592681819
09-01-2026 13:50||NIFTY27JAN2624600PE,0.1247160653329347
09-01-2026 13:50||NIFTY27JAN2624700PE,0.1198560865251302
09-01-2026 13:50||NIFTY27JAN2625400CE,0.1103603608072913
09-01-2026 13:50||NIFTY27JAN2625800CE,0.100614092258515
09-01-2026 13:50||NIFTY27JAN2626100CE,0.0973224111428857
09-01-2026 13:55||NIFTY27JAN2624000PE,0.1611554959504187
09-01-2026 13:55||NIFTY27JAN2625400CE,0.1109715370514768
09-01-2026 13:55||NIFTY27JAN2625500CE,0.1079158481991667
09-01-2026 13:55||NIFTY27JAN2626400CE,0.0998016745607874
09-01-2026 14:00||NIFTY27JAN2624200PE,0.1465436013437428
09-01-2026 14:00||NIFTY27JAN2624300PE,0.1397755002457232
09-01-2026 14:00||NIFTY27JAN2624400PE,0.1357549936839026
09-01-2026 14:00||NIFTY27JAN2625500CE,0.107651353435098
09-01-2026 14:00||NIFTY27JAN2625800CE,0.1009510937464543
09-01-2026 14:00||NIFTY27JAN2626000CE,0.0983780986482539
09-01-2026 14:05||NIFTY27JAN2624100PE,0.1553678751125606
09-01-2026 14:05||NIFTY27JAN2624300PE,0.1402132636078913
09-01-2026 14:05||NIFTY27JAN2624400PE,0.1358402879620165
09-01-2026 14:05||NIFTY27JAN2625200CE,0.1171895379784108
09-01-2026 14:05||NIFTY27JAN2625400CE,0.1100774881089533
09-01-2026 14:10||NIFTY27JAN2624300PE,0.1421510019233237
09-01-2026 14:10||NIFTY27JAN2624700PE,0.1216022419744357
09-01-2026 14:10||NIFTY27JAN2625300CE,0.113396228879934
09-01-2026 14:10||NIFTY27JAN2626300CE,0.1121153733438943
09-01-2026 14:10||NIFTY27JAN2626400CE,0.1180546085277708
09-01-2026 14:10||NIFTY27JAN2626500CE,0.1324477678892725
09-01-2026 14:15||NIFTY27JAN2625500CE,0.1049105232859944
09-01-2026 14:20||NIFTY27JAN2624100PE,0.1544593452176854
09-01-2026 14:20||NIFTY27JAN2624300PE,0.1413925471051745
09-01-2026 14:20||NIFTY27JAN2624400PE,0.1368595270150213
09-01-2026 14:20||NIFTY27JAN2625000PE,0.1090965687488024
09-01-2026 14:20||NIFTY27JAN2625200CE,0.1122399210274926
09-01-2026 14:20||NIFTY27JAN2625400CE,0.1074916659692855
09-01-2026 14:20||NIFTY27JAN2625900CE,0.0970201327058548
09-01-2026 14:25||NIFTY27JAN2624100PE,0.15247263666478
09-01-2026 14:25||NIFTY27JAN2624200PE,0.1458553802887074
09-01-2026 14:25||NIFTY27JAN2624300PE,0.141166613048952
09-01-2026 14:25||NIFTY27JAN2625100PE,0.1056745778150343
09-01-2026 14:25||NIFTY27JAN2625300CE,0.1133161975979891
09-01-2026 14:25||NIFTY27JAN2625600CE,0.1035641455483825
09-01-2026 14:30||NIFTY27JAN2624000PE,0.1609804126166757
09-01-2026 14:30||NIFTY27JAN2624200PE,0.1462862912877536
09-01-2026 14:30||NIFTY27JAN2625900CE,0.0985283435885758
09-01-2026 14:30||NIFTY27JAN2626300CE,0.0982110754350492
09-01-2026 14:35||NIFTY27JAN2624200PE,0.1473551085816199
09-01-2026 14:35||NIFTY27JAN2624300PE,0.1414781137203065
09-01-2026 14:35||NIFTY27JAN2624600PE,0.1255050997148263
09-01-2026 14:35||NIFTY27JAN2625800CE,0.101228193678299
09-01-2026 14:40||NIFTY27JAN2623800PE,0.1533926392881243
09-01-2026 14:40||NIFTY27JAN2625200CE,0.1189859157315137
09-01-2026 14:40||NIFTY27JAN2625600CE,0.1048832728984614
09-01-2026 14:40||NIFTY27JAN2625900CE,0.0990408911397992
09-01-2026 14:40||NIFTY27JAN2626100CE,0.0972853617028216
09-01-2026 14:40||NIFTY27JAN2626400CE,0.0998825358953199
09-01-2026 14:45||NIFTY27JAN2624500PE,0.1307582369358588
09-01-2026 14:45||NIFTY27JAN2624600PE,0.1255193801514617
09-01-2026 14:45||NIFTY27JAN2625300CE,0.1156149582984347
09-01-2026 14:45||NIFTY27JAN2625600CE,0.1044083377800356
09-01-2026 14:50||NIFTY27JAN2623900PE,0.1664555379258457
09-01-2026 14:50||NIFTY27JAN2626000CE,0.0971375648633371
09-01-2026 14:50||NIFTY27JAN2626300CE,0.0976247750659481
09-01-2026 14:55||NIFTY27JAN2623900PE,0.1653692560579258
09-01-2026 14:55||NIFTY27JAN2624000PE,0.1604067975104942
09-01-2026 14:55||NIFTY27JAN2624800PE,0.116655231846273
09-01-2026 14:55||NIFTY27JAN2625600CE,0.1040627867709449
09-01-2026 14:55||NIFTY27JAN2625900CE,0.0979893784513521
09-01-2026 15:00||NIFTY27JAN2624000PE,0.1610036032460315
09-01-2026 15:00||NIFTY27JAN2624300PE,0.1425140045610551
09-01-2026 15:00||NIFTY27JAN2625400CE,0.1109733384207177
09-01-2026 15:00||NIFTY27JAN2625600CE,0.1045915753239691
09-01-2026 15:00||NIFTY27JAN2625700CE,0.1013621552280613
09-01-2026 15:00||NIFTY27JAN2625800CE,0.0992329453511398
09-01-2026 15:00||NIFTY27JAN2626500CE,0.1318347108540366
09-01-2026 15:05||NIFTY27JAN2624200PE,0.1479874298204326
09-01-2026 15:05||NIFTY27JAN2624300PE,0.1418695908679151
09-01-2026 15:05||NIFTY27JAN2625000PE,0.1099658888392385
09-01-2026 15:05||NIFTY27JAN2625100PE,0.108035308468188
09-01-2026 15:05||NIFTY27JAN2625600CE,0.1055195914134975
09-01-2026 15:05||NIFTY27JAN2626500CE,0.1317171070050597
09-01-2026 15:10||NIFTY27JAN2623800PE,0.1556557055561662
09-01-2026 15:10||NIFTY27JAN2624000PE,0.1619715581239996
09-01-2026 15:10||NIFTY27JAN2624600PE,0.125953734021042
09-01-2026 15:10||NIFTY27JAN2625000PE,0.1106857847687857
09-01-2026 15:10||NIFTY27JAN2625100PE,0.1089309534673518
09-01-2026 15:10||NIFTY27JAN2625200CE,0.1200023733750646
09-01-2026 15:10||NIFTY27JAN2626200CE,0.0966789636225735
09-01-2026 15:15||NIFTY27JAN2624200PE,0.1491361510813
09-01-2026 15:15||NIFTY27JAN2624300PE,0.1434669856213107
09-01-2026 15:15||NIFTY27JAN2624500PE,0.1327617581559547
09-01-2026 15:15||NIFTY27JAN2624700PE,0.1209598825592309
09-01-2026 15:15||NIFTY27JAN2624900PE,0.1137809372792761
09-01-2026 15:15||NIFTY27JAN2625200CE,0.119373500660306
09-01-2026 15:15||NIFTY27JAN2625900CE,0.0980505551201187
09-01-2026 15:15||NIFTY27JAN2626000CE,0.0971302158621273
09-01-2026 15:20||NIFTY27JAN2623800PE,0.1535553313565118
09-01-2026 15:20||NIFTY27JAN2624700PE,0.1215848744859268
09-01-2026 15:20||NIFTY27JAN2625100PE,0.1059181720358821
09-01-2026 15:20||NIFTY27JAN2625200CE,0.1237369783605492
09-01-2026 15:20||NIFTY27JAN2625300CE,0.1182597862803251
09-01-2026 15:20||NIFTY27JAN2625600CE,0.1057337216531356
09-01-2026 15:20||NIFTY27JAN2625800CE,0.101332430260285
09-01-2026 15:20||NIFTY27JAN2626100CE,0.0972948697645237
09-01-2026 15:25||NIFTY27JAN2624100PE,0.1593780512576411
09-01-2026 15:25||NIFTY27JAN2624200PE,0.1544682987085848
09-01-2026 15:25||NIFTY27JAN2624400PE,0.1431388684769354
09-01-2026 15:25||NIFTY27JAN2625500CE,0.1110212631677539
09-01-2026 15:25||NIFTY27JAN2626000CE,0.1007844867843726
09-01-2026 15:25||NIFTY27JAN2626100CE,0.0999037833855718
12-01-2026 09:15||NIFTY27JAN2624000PE,0.1713235043397273
12-01-2026 09:15||NIFTY27JAN2624900PE,0.120562192051297
12-01-2026 09:15||NIFTY27JAN2625200CE,0.126971017372688
12-01-2026 09:15||NIFTY27JAN2626000CE,0.1039501867217188
12-01-2026 09:15||NIFTY27JAN2626100CE,0.1036051007137567
12-01-2026 09:20||NIFTY27JAN2624200PE,0.1619490669400332
12-01-2026 09:20||NIFTY27JAN2624600PE,0.1379161881121258
12-01-2026 09:20||NIFTY27JAN2624800PE,0.1277122229640468
12-01-2026 09:20||NIFTY27JAN2625000PE,0.1209144165710788
12-01-2026 09:20||NIFTY27JAN2625100PE,0.1183616528172374
12-01-2026 09:20||NIFTY27JAN2625200CE,0.1285889535420804
12-01-2026 09:20||NIFTY27JAN2625600CE,0.1126389958997461
12-01-2026 09:20||NIFTY27JAN2625800CE,0.1071279187432166
12-01-2026 09:25||NIFTY27JAN2624700PE,0.1313501442990253
12-01-2026 09:25||NIFTY27JAN2625800CE,0.1101151064458634
12-01-2026 09:25||NIFTY27JAN2626200CE,0.1128120574270551
12-01-2026 09:30||NIFTY27JAN2623900PE,0.1786410624863091
12-01-2026 09:30||NIFTY27JAN2624000PE,0.1729735725920506
12-01-2026 09:30||NIFTY27JAN2624400PE,0.1474099135058452
12-01-2026 09:30||NIFTY27JAN2625200CE,0.136698434201088
12-01-2026 09:30||NIFTY27JAN2625600CE,0.1210543241216803
12-01-2026 09:30||NIFTY27JAN2625800CE,0.1116307319570536
12-01-2026 09:30||NIFTY27JAN2626000CE,0.113162907968035
12-01-2026 09:35||NIFTY27JAN2623900PE,0.1786193088353615
12-01-2026 09:35||NIFTY27JAN2624500PE,0.1399411737935654
12-01-2026 09:35||NIFTY27JAN2624600PE,0.1335199906883756
12-01-2026 09:35||NIFTY27JAN2624700PE,0.1294411538801802
12-01-2026 09:35||NIFTY27JAN2625000PE,0.116851835827765
12-01-2026 09:35||NIFTY27JAN2625700CE,0.1152250205419783
12-01-2026 09:35||NIFTY27JAN2625800CE,0.111891468585527
12-01-2026 09:35||NIFTY27JAN2625900CE,0.1118131859154352
12-01-2026 09:35||NIFTY27JAN2626200CE,0.113101572351036
12-01-2026 09:35||NIFTY27JAN2626500CE,0.1438860225181681
12-01-2026 09:40||NIFTY27JAN2623900PE,0.1794315401968889
12-01-2026 09:40||NIFTY27JAN2624600PE,0.1344668206415288
12-01-2026 09:40||NIFTY27JAN2624700PE,0.129765967708123
12-01-2026 09:40||NIFTY27JAN2625200CE,0.138446191840122
12-01-2026 09:40||NIFTY27JAN2625400CE,0.1284133594990666
12-01-2026 09:45||NIFTY27JAN2623900PE,0.1804352689501245
12-01-2026 09:45||NIFTY27JAN2624800PE,0.1265893469496117
12-01-2026 09:45||NIFTY27JAN2625000PE,0.1165904235765804
12-01-2026 09:45||NIFTY27JAN2626400CE,0.1288691894421201
12-01-2026 09:45||NIFTY27JAN2626500CE,0.1475306774898002
12-01-2026 09:50||NIFTY27JAN2625000PE,0.1176478902243029
12-01-2026 09:50||NIFTY27JAN2625400CE,0.1286492290065204
12-01-2026 09:50||NIFTY27JAN2625900CE,0.1137350690721167
12-01-2026 09:50||NIFTY27JAN2626000CE,0.1118034679350394
12-01-2026 09:55||NIFTY27JAN2623800PE,0.1677451921527351
12-01-2026 09:55||NIFTY27JAN2625000PE,0.1185571579414715
12-01-2026 09:55||NIFTY27JAN2625100PE,0.1163570469433519
12-01-2026 09:55||NIFTY27JAN2625400CE,0.1258074237058259
12-01-2026 09:55||NIFTY27JAN2625700CE,0.1130781657801958
12-01-2026 09:55||NIFTY27JAN2625900CE,0.1121396693122726
12-01-2026 09:55||NIFTY27JAN2626200CE,0.1100292235759105
12-01-2026 09:55||NIFTY27JAN2626400CE,0.1152917194892855
12-01-2026 10:00||NIFTY27JAN2624800PE,0.1265067384482453
12-01-2026 10:00||NIFTY27JAN2625200CE,0.1308601417049037
12-01-2026 10:00||NIFTY27JAN2625700CE,0.1146079143784335
12-01-2026 10:00||NIFTY27JAN2626100CE,0.1100089381521266
12-01-2026 10:00||NIFTY27JAN2626200CE,0.11074364623419
12-01-2026 10:05||NIFTY27JAN2623900PE,0.180234461047875
12-01-2026 10:05||NIFTY27JAN2624300PE,0.1553023436108768
12-01-2026 10:05||NIFTY27JAN2624600PE,0.1350633881263467
12-01-2026 10:05||NIFTY27JAN2624700PE,0.1294797897825
12-01-2026 10:05||NIFTY27JAN2624800PE,0.1258365165391301
12-01-2026 10:05||NIFTY27JAN2625100PE,0.1135464771419655
12-01-2026 10:10||NIFTY27JAN2624000PE,0.1733628892634422
12-01-2026 10:10||NIFTY27JAN2624100PE,0.1675449356175227
12-01-2026 10:10||NIFTY27JAN2624900PE,0.1213817698827498
12-01-2026 10:10||NIFTY27JAN2625600CE,0.1182092479970661
12-01-2026 10:10||NIFTY27JAN2626300CE,0.1153212429268831
12-01-2026 10:10||NIFTY27JAN2626400CE,0.1212407374615071
12-01-2026 10:15||NIFTY27JAN2623800PE,0.1738120850846832
12-01-2026 10:15||NIFTY27JAN2624500PE,0.1428937441985619
12-01-2026 10:15||NIFTY27JAN2624800PE,0.1243894673982801
12-01-2026 10:15||NIFTY27JAN2625000PE,0.117688537732947
12-01-2026 10:15||NIFTY27JAN2625100PE,0.1152141034681532
12-01-2026 10:15||NIFTY27JAN2626200CE,0.1116241062108866
12-01-2026 10:15||NIFTY27JAN2626400CE,0.129151628509704
12-01-2026 10:15||NIFTY27JAN2626500CE,0.1502417137777954
12-01-2026 10:20||NIFTY27JAN2624200PE,0.1612799923685438
12-01-2026 10:20||NIFTY27JAN2624800PE,0.1241056635727157
12-01-2026 10:20||NIFTY27JAN2624900PE,0.1195739776722079
12-01-2026 10:20||NIFTY27JAN2625200CE,0.1415415856890631
12-01-2026 10:20||NIFTY27JAN2626500CE,0.1486131713786373
12-01-2026 10:25||NIFTY27JAN2623800PE,0.1704998596252521
12-01-2026 10:25||NIFTY27JAN2624300PE,0.1549538248629197
12-01-2026 10:25||NIFTY27JAN2624400PE,0.1491537654613364
12-01-2026 10:25||NIFTY27JAN2624900PE,0.120609132259059
12-01-2026 10:25||NIFTY27JAN2625200CE,0.1387734290458973
12-01-2026 10:25||NIFTY27JAN2625800CE,0.1108648103664797
12-01-2026 10:25||NIFTY27JAN2625900CE,0.1088626911876608
12-01-2026 10:25||NIFTY27JAN2626000CE,0.1082742730802542
12-01-2026 10:30||NIFTY27JAN2624500PE,0.1432862492940484
12-01-2026 10:30||NIFTY27JAN2625200CE,0.1353294059991487
12-01-2026 10:30||NIFTY27JAN2625800CE,0.1098975252992123
12-01-2026 10:30||NIFTY27JAN2626200CE,0.1095636802523852
12-01-2026 10:35||NIFTY27JAN2624600PE,0.1374994153948607
12-01-2026 10:35||NIFTY27JAN2625400CE,0.1220036386126078
12-01-2026 10:35||NIFTY27JAN2625700CE,0.1117951741077706
12-01-2026 10:35||NIFTY27JAN2626400CE,0.1140285951185898
12-01-2026 10:40||NIFTY27JAN2625000PE,0.1177851461309136
12-01-2026 10:40||NIFTY27JAN2625100PE,0.1142797455308985
12-01-2026 10:40||NIFTY27JAN2625300CE,0.1283712004728664
12-01-2026 10:40||NIFTY27JAN2625400CE,0.1234069581189949
12-01-2026 10:40||NIFTY27JAN2625500CE,0.1199661400891543
12-01-2026 10:40||NIFTY27JAN2626400CE,0.1146214774490336
12-01-2026 10:45||NIFTY27JAN2624400PE,0.1496013085795202
12-01-2026 10:45||NIFTY27JAN2625000PE,0.1168144601049265
12-01-2026 10:45||NIFTY27JAN2626000CE,0.1073989650549347
12-01-2026 10:45||NIFTY27JAN2626200CE,0.1094533558254664
12-01-2026 10:45||NIFTY27JAN2626300CE,0.1111123221219026
12-01-2026 10:50||NIFTY27JAN2623900PE,0.1811877751097304
12-01-2026 10:50||NIFTY27JAN2624900PE,0.1204951762633034
12-01-2026 10:50||NIFTY27JAN2625500CE,0.1175051280039743
12-01-2026 10:50||NIFTY27JAN2625600CE,0.1147963258682071
12-01-2026 10:50||NIFTY27JAN2626200CE,0.1084638814762649
12-01-2026 10:55||NIFTY27JAN2624000PE,0.1744845615435253
12-01-2026 10:55||NIFTY27JAN2624300PE,0.1544738038777282
12-01-2026 10:55||NIFTY27JAN2624400PE,0.1482927885686505
12-01-2026 10:55||NIFTY27JAN2624900PE,0.1192185613164227
12-01-2026 10:55||NIFTY27JAN2625100PE,0.1148867166073393
12-01-2026 10:55||NIFTY27JAN2625500CE,0.1169022211594572
12-01-2026 10:55||NIFTY27JAN2626200CE,0.1087656352681892
12-01-2026 10:55||NIFTY27JAN2626400CE,0.1133935482404184
12-01-2026 11:00||NIFTY27JAN2623800PE,0.1670809764462081
12-01-2026 11:00||NIFTY27JAN2624000PE,0.1733353099312704
12-01-2026 11:00||NIFTY27JAN2624500PE,0.1416344666122622
12-01-2026 11:00||NIFTY27JAN2624800PE,0.1231360574912256
12-01-2026 11:00||NIFTY27JAN2624900PE,0.1180918218173103
12-01-2026 11:00||NIFTY27JAN2625000PE,0.1152642489546552
12-01-2026 11:00||NIFTY27JAN2625200CE,0.1287879571226879
12-01-2026 11:00||NIFTY27JAN2625400CE,0.1220374625678563
12-01-2026 11:00||NIFTY27JAN2625600CE,0.114001494809888
12-01-2026 11:00||NIFTY27JAN2626000CE,0.1084046606846249
12-01-2026 11:00||NIFTY27JAN2626300CE,0.1120624211882911
12-01-2026 11:05||NIFTY27JAN2624100PE,0.1667727541837781
12-01-2026 11:05||NIFTY27JAN2624700PE,0.1297108222028114
12-01-2026 11:05||NIFTY27JAN2625200CE,0.1278227859640206
12-01-2026 11:05||NIFTY27JAN2625500CE,0.1169513508085635
12-01-2026 11:05||NIFTY27JAN2625600CE,0.1135768498410157
12-01-2026 11:05||NIFTY27JAN2625700CE,0.1119423080070093
12-01-2026 11:10||NIFTY27JAN2624400PE,0.1462332878299993
12-01-2026 11:10||NIFTY27JAN2624500PE,0.1405548968311812
12-01-2026 11:10||NIFTY27JAN2625200CE,0.1259414703096703
12-01-2026 11:10||NIFTY27JAN2625800CE,0.1098508504186907
12-01-2026 11:10||NIFTY27JAN2626000CE,0.1079052637777625
12-01-2026 11:15||NIFTY27JAN2625400CE,0.1190477644139637
12-01-2026 11:15||NIFTY27JAN2625700CE,0.1115232599818592
12-01-2026 11:15||NIFTY27JAN2625800CE,0.1098998389992029
12-01-2026 11:20||NIFTY27JAN2624800PE,0.1233947441482708
12-01-2026 11:20||NIFTY27JAN2626400CE,0.1168823159385518
12-01-2026 11:25||NIFTY27JAN2623800PE,0.1643975700459706
12-01-2026 11:25||NIFTY27JAN2624200PE,0.1561903115897567
12-01-2026 11:25||NIFTY27JAN2624300PE,0.1504708234206257
12-01-2026 11:25||NIFTY27JAN2624700PE,0.1283687412035539
12-01-2026 11:25||NIFTY27JAN2625400CE,0.1191135010115347
12-01-2026 11:30||NIFTY27JAN2623900PE,0.1740101129612035
12-01-2026 11:30||NIFTY27JAN2624000PE,0.1686524610685554
12-01-2026 11:35||NIFTY27JAN2624200PE,0.1567270430395073
12-01-2026 11:35||NIFTY27JAN2624400PE,0.1442564199948136
12-01-2026 11:35||NIFTY27JAN2624700PE,0.1286124894642467
12-01-2026 11:35||NIFTY27JAN2624900PE,0.1194465258681108
12-01-2026 11:35||NIFTY27JAN2625300CE,0.1222958475585314
12-01-2026 11:35||NIFTY27JAN2625600CE,0.1144814416952813
12-01-2026 11:35||NIFTY27JAN2625800CE,0.1110883750534941
12-01-2026 11:40||NIFTY27JAN2624300PE,0.1485550586069779
12-01-2026 11:40||NIFTY27JAN2624400PE,0.1430138337947914
12-01-2026 11:40||NIFTY27JAN2625000PE,0.114117996218076
12-01-2026 11:40||NIFTY27JAN2625200CE,0.1299677750813486
12-01-2026 11:40||NIFTY27JAN2625300CE,0.1251344200160926
12-01-2026 11:50||NIFTY27JAN2624700PE,0.1267697984371648
12-01-2026 11:50||NIFTY27JAN2625600CE,0.1169542424258923
12-01-2026 11:50||NIFTY27JAN2625800CE,0.1130280747041192
12-01-2026 11:50||NIFTY27JAN2625900CE,0.1120809024105093
12-01-2026 11:55||NIFTY27JAN2624000PE,0.168901010112836
12-01-2026 11:55||NIFTY27JAN2624900PE,0.1178956232010482
12-01-2026 11:55||NIFTY27JAN2625100PE,0.1134462112739989
12-01-2026 11:55||NIFTY27JAN2625700CE,0.1131613232397092
12-01-2026 11:55||NIFTY27JAN2626000CE,0.1103412990504275
12-01-2026 11:55||NIFTY27JAN2626500CE,0.1432269559733374
12-01-2026 12:00||NIFTY27JAN2624100PE,0.1622259422947106
12-01-2026 12:00||NIFTY27JAN2624900PE,0.1168056887241327
12-01-2026 12:00||NIFTY27JAN2625100PE,0.1128388334315454
12-01-2026 12:00||NIFTY27JAN2625900CE,0.1103108143155086
12-01-2026 12:05||NIFTY27JAN2624000PE,0.1688765131841056
12-01-2026 12:05||NIFTY27JAN2624900PE,0.1152593700114303
12-01-2026 12:05||NIFTY27JAN2625500CE,0.1224714299708932
12-01-2026 12:05||NIFTY27JAN2625800CE,0.1126376085852649
12-01-2026 12:05||NIFTY27JAN2626000CE,0.1120331484782439
12-01-2026 12:10||NIFTY27JAN2623800PE,0.165503140413263
12-01-2026 12:10||NIFTY27JAN2624200PE,0.1562785824120434
12-01-2026 12:10||NIFTY27JAN2624700PE,0.1244460453759723
12-01-2026 12:10||NIFTY27JAN2624800PE,0.1193234552737435
12-01-2026 12:10||NIFTY27JAN2625000PE,0.11076407073853
12-01-2026 12:10||NIFTY27JAN2625800CE,0.1156895320498356
12-01-2026 12:15||NIFTY27JAN2625100PE,0.1092242974064327
12-01-2026 12:15||NIFTY27JAN2625900CE,0.1162703171065383
12-01-2026 12:15||NIFTY27JAN2626200CE,0.114626608101219
12-01-2026 12:20||NIFTY27JAN2624400PE,0.1483734995488513
12-01-2026 12:20||NIFTY27JAN2624700PE,0.1299724893112521
12-01-2026 12:20||NIFTY27JAN2625100PE,0.112854069755088
12-01-2026 12:20||NIFTY27JAN2625300CE,0.1360495391646937
12-01-2026 12:20||NIFTY27JAN2625500CE,0.1277536306831661
12-01-2026 12:20||NIFTY27JAN2626400CE,0.1158805099838629
12-01-2026 12:25||NIFTY27JAN2624800PE,0.1272321447224569
12-01-2026 12:25||NIFTY27JAN2625200CE,0.1484475877438303
12-01-2026 12:25||NIFTY27JAN2626300CE,0.1145405311848353
12-01-2026 12:30||NIFTY27JAN2623800PE,0.1731491191375727
12-01-2026 12:30||NIFTY27JAN2624800PE,0.1292724218424719
12-01-2026 12:30||NIFTY27JAN2624900PE,0.1242274206544726
12-01-2026 12:30||NIFTY27JAN2625500CE,0.1264311575314809
12-01-2026 12:30||NIFTY27JAN2625700CE,0.1184965799330763
12-01-2026 12:30||NIFTY27JAN2626500CE,0.1413617808051156
12-01-2026 12:35||NIFTY27JAN2624300PE,0.1583480931870005
12-01-2026 12:35||NIFTY27JAN2624600PE,0.1411483459933687
12-01-2026 12:35||NIFTY27JAN2624900PE,0.1251125367974174
12-01-2026 12:35||NIFTY27JAN2625100PE,0.1163770085260574
12-01-2026 12:35||NIFTY27JAN2626000CE,0.1159572822759712
12-01-2026 12:35||NIFTY27JAN2626300CE,0.1148108013621172
12-01-2026 12:40||NIFTY27JAN2624300PE,0.1574490960930283
12-01-2026 12:40||NIFTY27JAN2624400PE,0.1522076096614553
12-01-2026 12:40||NIFTY27JAN2624500PE,0.1475439647302441
12-01-2026 12:40||NIFTY27JAN2625000PE,0.1216488577202785
12-01-2026 12:40||NIFTY27JAN2625300CE,0.1326176633292087
12-01-2026 12:40||NIFTY27JAN2625500CE,0.1259051389533971
12-01-2026 12:40||NIFTY27JAN2626000CE,0.1164318261625253
12-01-2026 12:40||NIFTY27JAN2626200CE,0.1129537270588946
12-01-2026 12:45||NIFTY27JAN2624300PE,0.1604906089201587
12-01-2026 12:45||NIFTY27JAN2624500PE,0.1492510311574655
12-01-2026 12:45||NIFTY27JAN2624800PE,0.132387913525513
12-01-2026 12:45||NIFTY27JAN2625000PE,0.1236175196009312
12-01-2026 12:45||NIFTY27JAN2625300CE,0.131089694107507
12-01-2026 12:45||NIFTY27JAN2625700CE,0.1219866427859726
12-01-2026 12:45||NIFTY27JAN2625800CE,0.1192796114777634
12-01-2026 12:45||NIFTY27JAN2626000CE,0.1149183686076163
12-01-2026 12:45||NIFTY27JAN2626200CE,0.1122216732673944
12-01-2026 12:45||NIFTY27JAN2626400CE,0.1152937976179864
12-01-2026 12:50||NIFTY27JAN2624500PE,0.1490293665509633
12-01-2026 12:50||NIFTY27JAN2625300CE,0.1329242075456122
12-01-2026 12:50||NIFTY27JAN2625800CE,0.1174038761123172
12-01-2026 12:55||NIFTY27JAN2624500PE,0.1467008167532258
12-01-2026 12:55||NIFTY27JAN2624600PE,0.1406229138755803
12-01-2026 12:55||NIFTY27JAN2624700PE,0.1370078060046562
12-01-2026 12:55||NIFTY27JAN2625000PE,0.1234127466056169
12-01-2026 12:55||NIFTY27JAN2625400CE,0.1301921192585754
12-01-2026 12:55||NIFTY27JAN2625900CE,0.1151873462417621
12-01-2026 12:55||NIFTY27JAN2626200CE,0.1127107693375697
12-01-2026 13:00||NIFTY27JAN2624200PE,0.1670637915745858
12-01-2026 13:00||NIFTY27JAN2624500PE,0.1464445343216817
12-01-2026 13:00||NIFTY27JAN2624600PE,0.1406363485616838
12-01-2026 13:00||NIFTY27JAN2625500CE,0.1258183451064318
12-01-2026 13:00||NIFTY27JAN2626000CE,0.1139566798375296
12-01-2026 13:00||NIFTY27JAN2626100CE,0.1130915232791814
12-01-2026 13:00||NIFTY27JAN2626300CE,0.1131573269577675
12-01-2026 13:00||NIFTY27JAN2626500CE,0.1432429284951416
12-01-2026 13:05||NIFTY27JAN2623900PE,0.1851757153321206
12-01-2026 13:05||NIFTY27JAN2624200PE,0.1669984315715099
12-01-2026 13:05||NIFTY27JAN2624500PE,0.1481145519111702
12-01-2026 13:05||NIFTY27JAN2624900PE,0.1270764227508784
12-01-2026 13:05||NIFTY27JAN2625300CE,0.1363991940999825
12-01-2026 13:05||NIFTY27JAN2625500CE,0.1272952448856228
12-01-2026 13:05||NIFTY27JAN2626400CE,0.1168936574356052
12-01-2026 13:10||NIFTY27JAN2624700PE,0.1357043352520227
12-01-2026 13:10||NIFTY27JAN2624800PE,0.1310686930723506
12-01-2026 13:10||NIFTY27JAN2626400CE,0.1134482593584383
12-01-2026 13:15||NIFTY27JAN2623800PE,0.1711555386849129
12-01-2026 13:15||NIFTY27JAN2624500PE,0.1497428377936965
12-01-2026 13:15||NIFTY27JAN2624700PE,0.1360666776854379
12-01-2026 13:15||NIFTY27JAN2624800PE,0.1315511648701242
12-01-2026 13:15||NIFTY27JAN2625100PE,0.1200192094628028
12-01-2026 13:15||NIFTY27JAN2625500CE,0.1224601601344113
12-01-2026 13:15||NIFTY27JAN2625800CE,0.1134754242927124
12-01-2026 13:15||NIFTY27JAN2626100CE,0.109770318198516
12-01-2026 13:15||NIFTY27JAN2626300CE,0.1109321168653489
12-01-2026 13:15||NIFTY27JAN2626400CE,0.1146265624550932
12-01-2026 13:20||NIFTY27JAN2624200PE,0.1659880564480512
12-01-2026 13:20||NIFTY27JAN2624300PE,0.1600302153943773
12-01-2026 13:20||NIFTY27JAN2625000PE,0.1241807347332051
12-01-2026 13:20||NIFTY27JAN2625200CE,0.1260507074470476
12-01-2026 13:20||NIFTY27JAN2625500CE,0.121619106251332
12-01-2026 13:20||NIFTY27JAN2626200CE,0.1088169098373648
12-01-2026 13:20||NIFTY27JAN2626500CE,0.1482685982898042
12-01-2026 13:25||NIFTY27JAN2624300PE,0.1598634129824985
12-01-2026 13:25||NIFTY27JAN2624500PE,0.1474329519724212
12-01-2026 13:25||NIFTY27JAN2624600PE,0.1418073676518375
12-01-2026 13:25||NIFTY27JAN2624800PE,0.1321742541573124
12-01-2026 13:25||NIFTY27JAN2625500CE,0.121230002692323
12-01-2026 13:25||NIFTY27JAN2625800CE,0.1153651669203834
12-01-2026 13:25||NIFTY27JAN2626000CE,0.1125266178059407
12-01-2026 13:25||NIFTY27JAN2626400CE,0.1301899885026288
12-01-2026 13:25||NIFTY27JAN2626500CE,0.1521937642077951
12-01-2026 13:30||NIFTY27JAN2623900PE,0.1843669105900773
12-01-2026 13:30||NIFTY27JAN2624400PE,0.1547687026129519
12-01-2026 13:30||NIFTY27JAN2624800PE,0.1313500322308795
12-01-2026 13:30||NIFTY27JAN2624900PE,0.1272232898579097
12-01-2026 13:30||NIFTY27JAN2625100PE,0.120613408616064
12-01-2026 13:30||NIFTY27JAN2625300CE,0.1343898542282869
12-01-2026 13:30||NIFTY27JAN2625500CE,0.1213930138699839
12-01-2026 13:30||NIFTY27JAN2625600CE,0.116058089991871
12-01-2026 13:30||NIFTY27JAN2625700CE,0.1160508495077031
12-01-2026 13:35||NIFTY27JAN2624700PE,0.1375257568687412
12-01-2026 13:35||NIFTY27JAN2624900PE,0.1277915747951055
12-01-2026 13:35||NIFTY27JAN2625500CE,0.1192527141744591
12-01-2026 13:35||NIFTY27JAN2625600CE,0.1155978379637193
12-01-2026 13:35||NIFTY27JAN2625900CE,0.1131461177420316
12-01-2026 13:40||NIFTY27JAN2623900PE,0.1831469452313633
12-01-2026 13:40||NIFTY27JAN2624000PE,0.1782269957685176
12-01-2026 13:40||NIFTY27JAN2624100PE,0.1740306203335152
12-01-2026 13:40||NIFTY27JAN2624800PE,0.1326210837322655
12-01-2026 13:40||NIFTY27JAN2624900PE,0.1283493946652483
12-01-2026 13:40||NIFTY27JAN2625200CE,0.1316287676157791
12-01-2026 13:40||NIFTY27JAN2625400CE,0.1237093586533812
12-01-2026 13:40||NIFTY27JAN2626100CE,0.1078010776091292
12-01-2026 13:40||NIFTY27JAN2626200CE,0.1076646138462719
12-01-2026 13:45||NIFTY27JAN2623800PE,0.1684025301630823
12-01-2026 13:45||NIFTY27JAN2623900PE,0.1836656476891931
12-01-2026 13:45||NIFTY27JAN2624600PE,0.1441050079785449
12-01-2026 13:45||NIFTY27JAN2625100PE,0.120531489411832
12-01-2026 13:50||NIFTY27JAN2624200PE,0.1687953351113532
12-01-2026 13:50||NIFTY27JAN2625200CE,0.137627870841953
12-01-2026 13:50||NIFTY27JAN2625300CE,0.1298795137976073
12-01-2026 13:50||NIFTY27JAN2625400CE,0.1266628860875135
12-01-2026 13:50||NIFTY27JAN2626200CE,0.1082025307957561
12-01-2026 13:55||NIFTY27JAN2623800PE,0.171012429178489
12-01-2026 13:55||NIFTY27JAN2624000PE,0.1799803002998075
12-01-2026 13:55||NIFTY27JAN2624100PE,0.1746260665841316
12-01-2026 13:55||NIFTY27JAN2624700PE,0.1388237928211886
12-01-2026 13:55||NIFTY27JAN2624900PE,0.1286165162858591
12-01-2026 13:55||NIFTY27JAN2626100CE,0.1080255267846662
12-01-2026 13:55||NIFTY27JAN2626400CE,0.1101327063844618
12-01-2026 14:00||NIFTY27JAN2624000PE,0.1804609519172252
12-01-2026 14:00||NIFTY27JAN2624400PE,0.1546752129266738
12-01-2026 14:00||NIFTY27JAN2624500PE,0.148310935225759
12-01-2026 14:00||NIFTY27JAN2624600PE,0.1433406589567668
12-01-2026 14:00||NIFTY27JAN2625000PE,0.1232709068820839
12-01-2026 14:00||NIFTY27JAN2625400CE,0.1241978923049857
12-01-2026 14:00||NIFTY27JAN2625600CE,0.1186386509801851
12-01-2026 14:00||NIFTY27JAN2625700CE,0.1150451303123474
12-01-2026 14:00||NIFTY27JAN2626300CE,0.1115015463094414
12-01-2026 14:00||NIFTY27JAN2626400CE,0.1176806117006078
12-01-2026 14:05||NIFTY27JAN2624400PE,0.1557551951413235
12-01-2026 14:05||NIFTY27JAN2624600PE,0.143265624063618
12-01-2026 14:05||NIFTY27JAN2624800PE,0.1331564879093824
12-01-2026 14:05||NIFTY27JAN2625800CE,0.1115500149562831
12-01-2026 14:05||NIFTY27JAN2626000CE,0.1083689455795652
12-01-2026 14:05||NIFTY27JAN2626200CE,0.1075114530730169
12-01-2026 14:05||NIFTY27JAN2626400CE,0.1248008105450174
12-01-2026 14:05||NIFTY27JAN2626500CE,0.1460609828947336
12-01-2026 14:10||NIFTY27JAN2624100PE,0.1746117962542145
12-01-2026 14:10||NIFTY27JAN2624600PE,0.1440737132909947
12-01-2026 14:10||NIFTY27JAN2624800PE,0.1329980253907373
12-01-2026 14:10||NIFTY27JAN2625200CE,0.1371673552269844
12-01-2026 14:10||NIFTY27JAN2625500CE,0.1207608276655496
12-01-2026 14:10||NIFTY27JAN2626400CE,0.1165963721023567
12-01-2026 14:15||NIFTY27JAN2624100PE,0.1736295342962497
12-01-2026 14:15||NIFTY27JAN2624200PE,0.1680573902082317
12-01-2026 14:15||NIFTY27JAN2624900PE,0.1274517128457028
12-01-2026 14:15||NIFTY27JAN2625800CE,0.1129753980857336
12-01-2026 14:20||NIFTY27JAN2624400PE,0.1536663024995871
12-01-2026 14:20||NIFTY27JAN2624500PE,0.1469132447025663
12-01-2026 14:20||NIFTY27JAN2624600PE,0.1426907009101527
12-01-2026 14:20||NIFTY27JAN2625000PE,0.1222180760617665
12-01-2026 14:20||NIFTY27JAN2625200CE,0.139184351522454
12-01-2026 14:20||NIFTY27JAN2625700CE,0.117474964736038
12-01-2026 14:20||NIFTY27JAN2626200CE,0.1088056670104993
12-01-2026 14:20||NIFTY27JAN2626500CE,0.1463287537999716
12-01-2026 14:25||NIFTY27JAN2623900PE,0.1862565601395153
12-01-2026 14:25||NIFTY27JAN2624200PE,0.1689503976116398
12-01-2026 14:25||NIFTY27JAN2624500PE,0.1485253058627272
12-01-2026 14:25||NIFTY27JAN2624600PE,0.1436887794932391
12-01-2026 14:25||NIFTY27JAN2626300CE,0.1077648211031353
12-01-2026 14:25||NIFTY27JAN2626500CE,0.1456014243269128
12-01-2026 14:30||NIFTY27JAN2623900PE,0.1857581533094687
12-01-2026 14:30||NIFTY27JAN2624200PE,0.1684577253752333
12-01-2026 14:30||NIFTY27JAN2625200CE,0.1385422033847087
12-01-2026 14:30||NIFTY27JAN2625700CE,0.1150414652849991
12-01-2026 14:30||NIFTY27JAN2626200CE,0.1072617529732663
12-01-2026 14:35||NIFTY27JAN2624500PE,0.1500217478990876
12-01-2026 14:35||NIFTY27JAN2625100PE,0.1209799830010117
12-01-2026 14:35||NIFTY27JAN2625900CE,0.1102588100620767
12-01-2026 14:35||NIFTY27JAN2626000CE,0.1082892677215833
12-01-2026 14:35||NIFTY27JAN2626100CE,0.1081145034691155
12-01-2026 14:35||NIFTY27JAN2626400CE,0.123815935705361
12-01-2026 14:35||NIFTY27JAN2626500CE,0.1447815276750343
12-01-2026 14:40||NIFTY27JAN2624100PE,0.1750538357325549
12-01-2026 14:40||NIFTY27JAN2624300PE,0.1626256725171823
12-01-2026 14:40||NIFTY27JAN2624500PE,0.1503955926321557
12-01-2026 14:40||NIFTY27JAN2625100PE,0.1211068460539694
12-01-2026 14:40||NIFTY27JAN2625300CE,0.1378113851493888
12-01-2026 14:40||NIFTY27JAN2625600CE,0.1207160323723347
12-01-2026 14:40||NIFTY27JAN2626400CE,0.1188770599864925
12-01-2026 14:45||NIFTY27JAN2624000PE,0.1817015173849389
12-01-2026 14:45||NIFTY27JAN2624600PE,0.1451572845526094
12-01-2026 14:45||NIFTY27JAN2625000PE,0.1240113940581754
12-01-2026 14:45||NIFTY27JAN2625300CE,0.1340514276717806
12-01-2026 14:45||NIFTY27JAN2625500CE,0.1212562192419376
12-01-2026 14:45||NIFTY27JAN2626000CE,0.1087925125177859
12-01-2026 14:45||NIFTY27JAN2626100CE,0.1078594485251316
12-01-2026 14:45||NIFTY27JAN2626200CE,0.1070853324391909
12-01-2026 14:45||NIFTY27JAN2626500CE,0.1406708136557789
12-01-2026 14:50||NIFTY27JAN2624000PE,0.1821430180409452
12-01-2026 14:50||NIFTY27JAN2624400PE,0.157250334451403
12-01-2026 14:50||NIFTY27JAN2624800PE,0.1334326665957255
12-01-2026 14:50||NIFTY27JAN2625100PE,0.1209644979695794
12-01-2026 14:50||NIFTY27JAN2625600CE,0.1187703723922854
12-01-2026 14:50||NIFTY27JAN2626000CE,0.1091371066355695
12-01-2026 14:50||NIFTY27JAN2626300CE,0.1073206064687915
12-01-2026 14:50||NIFTY27JAN2626400CE,0.1107735843582758
12-01-2026 14:55||NIFTY27JAN2624300PE,0.1629273375157094
12-01-2026 14:55||NIFTY27JAN2624500PE,0.1509634648167142
12-01-2026 14:55||NIFTY27JAN2624700PE,0.1380182244396584
12-01-2026 14:55||NIFTY27JAN2624900PE,0.1280160412893135
12-01-2026 14:55||NIFTY27JAN2625100PE,0.1207011158701381
12-01-2026 14:55||NIFTY27JAN2626200CE,0.1068691073112996
12-01-2026 15:00||NIFTY27JAN2623800PE,0.169260213336191
12-01-2026 15:00||NIFTY27JAN2623900PE,0.1872501127080553
12-01-2026 15:00||NIFTY27JAN2624300PE,0.162470632753743
12-01-2026 15:00||NIFTY27JAN2624700PE,0.1379213674107639
12-01-2026 15:00||NIFTY27JAN2624800PE,0.1326655540717822
12-01-2026 15:00||NIFTY27JAN2626000CE,0.1078552978811604
12-01-2026 15:00||NIFTY27JAN2626100CE,0.1066084716925614
12-01-2026 15:05||NIFTY27JAN2623800PE,0.1693993096620545
12-01-2026 15:05||NIFTY27JAN2624200PE,0.1690821544696632
12-01-2026 15:05||NIFTY27JAN2624300PE,0.1626917334043081
12-01-2026 15:05||NIFTY27JAN2624900PE,0.1287696883310229
12-01-2026 15:05||NIFTY27JAN2625900CE,0.1078113471729399
12-01-2026 15:05||NIFTY27JAN2626200CE,0.1051319533872327
12-01-2026 15:10||NIFTY27JAN2624000PE,0.1828078694788616
12-01-2026 15:10||NIFTY27JAN2624500PE,0.1506589398264598
12-01-2026 15:10||NIFTY27JAN2624600PE,0.1448119134203201
12-01-2026 15:10||NIFTY27JAN2625200CE,0.1349005133110209
12-01-2026 15:10||NIFTY27JAN2625600CE,0.1142489114209854
12-01-2026 15:10||NIFTY27JAN2625900CE,0.1073746820522699
12-01-2026 15:10||NIFTY27JAN2626200CE,0.1049870253611175
12-01-2026 15:10||NIFTY27JAN2626300CE,0.1053898555330002
12-01-2026 15:10||NIFTY27JAN2626400CE,0.1057578350689987
12-01-2026 15:15||NIFTY27JAN2623900PE,0.1885536316920611
12-01-2026 15:15||NIFTY27JAN2624000PE,0.182921052693963
12-01-2026 15:15||NIFTY27JAN2624500PE,0.1510904684343071
12-01-2026 15:15||NIFTY27JAN2624900PE,0.1289294140212129
12-01-2026 15:15||NIFTY27JAN2625200CE,0.1398497840019859
12-01-2026 15:15||NIFTY27JAN2625400CE,0.1246725285151139
12-01-2026 15:15||NIFTY27JAN2625500CE,0.1195419499292404
12-01-2026 15:20||NIFTY27JAN2624100PE,0.1780070419042066
12-01-2026 15:20||NIFTY27JAN2624200PE,0.1715632591064101
12-01-2026 15:20||NIFTY27JAN2624400PE,0.1587702262795679
12-01-2026 15:20||NIFTY27JAN2624500PE,0.1522611496135977
12-01-2026 15:20||NIFTY27JAN2625000PE,0.1236348544181327
12-01-2026 15:20||NIFTY27JAN2625200CE,0.1386179885690819
12-01-2026 15:20||NIFTY27JAN2625300CE,0.1303556195812344
12-01-2026 15:20||NIFTY27JAN2626200CE,0.1042103084207139
12-01-2026 15:20||NIFTY27JAN2626300CE,0.1042452026025351
12-01-2026 15:25||NIFTY27JAN2624200PE,0.1729366026908335
12-01-2026 15:25||NIFTY27JAN2624600PE,0.1479816438257626
12-01-2026 15:25||NIFTY27JAN2625400CE,0.1150783753579025
12-01-2026 15:25||NIFTY27JAN2625500CE,0.1142458782031832
12-01-2026 15:25||NIFTY27JAN2625700CE,0.107479465279831
13-01-2026 09:15||NIFTY27JAN2624000PE,0.1874185732623229
13-01-2026 09:15||NIFTY27JAN2624700PE,0.1422509462245573
13-01-2026 09:15||NIFTY27JAN2625500CE,0.1102358438446372
13-01-2026 09:15||NIFTY27JAN2625600CE,0.1083097538198497
13-01-2026 09:15||NIFTY27JAN2625800CE,0.1038714984813228
13-01-2026 09:15||NIFTY27JAN2625900CE,0.1030291995813519
13-01-2026 09:15||NIFTY27JAN2626100CE,0.10047767341668
13-01-2026 09:20||NIFTY27JAN2623800PE,0.1737937785823726
13-01-2026 09:20||NIFTY27JAN2624500PE,0.1551379132776168
13-01-2026 09:20||NIFTY27JAN2624600PE,0.1486060975767684
13-01-2026 09:20||NIFTY27JAN2624800PE,0.1380825747360428
13-01-2026 09:25||NIFTY27JAN2623800PE,0.172769592993266
13-01-2026 09:25||NIFTY27JAN2624200PE,0.1743315363438973
13-01-2026 09:25||NIFTY27JAN2624400PE,0.1621556528641303
13-01-2026 09:25||NIFTY27JAN2624600PE,0.1496142747950494
13-01-2026 09:25||NIFTY27JAN2624800PE,0.1392865263921449
13-01-2026 09:25||NIFTY27JAN2625300CE,0.1033893828412504
13-01-2026 09:25||NIFTY27JAN2625500CE,0.0986345151340798
13-01-2026 09:30||NIFTY27JAN2624500PE,0.1546836006252565
13-01-2026 09:30||NIFTY27JAN2625300CE,0.1063621397574513
13-01-2026 09:30||NIFTY27JAN2625500CE,0.1002362063440054
13-01-2026 09:30||NIFTY27JAN2625700CE,0.0975790374449259
13-01-2026 09:30||NIFTY27JAN2626000CE,0.0998076081909805
13-01-2026 09:30||NIFTY27JAN2626200CE,0.1010922455495935
13-01-2026 09:35||NIFTY27JAN2624000PE,0.1845052323669826
13-01-2026 09:35||NIFTY27JAN2625000PE,0.1255822165803052
13-01-2026 09:35||NIFTY27JAN2625300CE,0.1148658690731205
13-01-2026 09:35||NIFTY27JAN2625700CE,0.1046175465365425
13-01-2026 09:35||NIFTY27JAN2625800CE,0.1045621978191183
13-01-2026 09:40||NIFTY27JAN2625200CE,0.1147053507437534
13-01-2026 09:40||NIFTY27JAN2625400CE,0.1118472521082252
13-01-2026 09:40||NIFTY27JAN2625600CE,0.1061672421531821
13-01-2026 09:45||NIFTY27JAN2623800PE,0.1717478474433632
13-01-2026 09:45||NIFTY27JAN2624500PE,0.1516552176789981
13-01-2026 09:45||NIFTY27JAN2625400CE,0.1090191663910126
13-01-2026 09:45||NIFTY27JAN2625800CE,0.1043101025773048
13-01-2026 09:45||NIFTY27JAN2625900CE,0.1040807029903676
13-01-2026 09:50||NIFTY27JAN2623900PE,0.1898945248353195
13-01-2026 09:50||NIFTY27JAN2624500PE,0.1511549219153583
13-01-2026 09:50||NIFTY27JAN2624600PE,0.1452432657160338
13-01-2026 09:50||NIFTY27JAN2625000PE,0.1281365449341405
13-01-2026 09:50||NIFTY27JAN2625100PE,0.1249682196737448
13-01-2026 09:50||NIFTY27JAN2626300CE,0.1047426245068347
13-01-2026 09:55||NIFTY27JAN2624100PE,0.1743214122174909
13-01-2026 09:55||NIFTY27JAN2624200PE,0.167004382998248
13-01-2026 09:55||NIFTY27JAN2624300PE,0.1622244848691757
13-01-2026 09:55||NIFTY27JAN2624700PE,0.1389168761650001
13-01-2026 09:55||NIFTY27JAN2625600CE,0.1107451282843263
13-01-2026 10:00||NIFTY27JAN2624200PE,0.167666799609079
13-01-2026 10:00||NIFTY27JAN2626300CE,0.1095975976921898
13-01-2026 10:00||NIFTY27JAN2626500CE,0.1421412685603391
13-01-2026 10:05||NIFTY27JAN2624000PE,0.1819899180818679
13-01-2026 10:05||NIFTY27JAN2624800PE,0.1330600044625692
13-01-2026 10:05||NIFTY27JAN2626400CE,0.1120465848026579
13-01-2026 10:10||NIFTY27JAN2624100PE,0.1761608237809761
13-01-2026 10:10||NIFTY27JAN2624200PE,0.1700142250274328
13-01-2026 10:10||NIFTY27JAN2624500PE,0.1520139876086692
13-01-2026 10:10||NIFTY27JAN2624700PE,0.140054563832052
13-01-2026 10:10||NIFTY27JAN2625100PE,0.123219043499721
13-01-2026 10:10||NIFTY27JAN2625800CE,0.1037625823383082
13-01-2026 10:15||NIFTY27JAN2624500PE,0.152098796669298
13-01-2026 10:15||NIFTY27JAN2624800PE,0.1345975004386752
13-01-2026 10:15||NIFTY27JAN2624900PE,0.1300394650067919
13-01-2026 10:15||NIFTY27JAN2625100PE,0.1231468036199707
13-01-2026 10:15||NIFTY27JAN2625800CE,0.1024173111115273
13-01-2026 10:20||NIFTY27JAN2623900PE,0.1897719563115821
13-01-2026 10:20||NIFTY27JAN2624100PE,0.17812884314246
13-01-2026 10:20||NIFTY27JAN2625300CE,0.1192862200821296
13-01-2026 10:20||NIFTY27JAN2625700CE,0.1066060908826882
13-01-2026 10:20||NIFTY27JAN2626500CE,0.1415359415775038
13-01-2026 10:25||NIFTY27JAN2623900PE,0.1905537469923123
13-01-2026 10:25||NIFTY27JAN2624200PE,0.1720241686013302
13-01-2026 10:25||NIFTY27JAN2624500PE,0.1518694306808618
13-01-2026 10:25||NIFTY27JAN2624700PE,0.1391599289689678
13-01-2026 10:25||NIFTY27JAN2625100PE,0.1212859490201043
13-01-2026 10:25||NIFTY27JAN2625700CE,0.1090565089802187
13-01-2026 10:30||NIFTY27JAN2623800PE,0.17260172301739
13-01-2026 10:30||NIFTY27JAN2624400PE,0.1596639683862759
13-01-2026 10:30||NIFTY27JAN2624600PE,0.14517723586188
13-01-2026 10:30||NIFTY27JAN2624700PE,0.1397277631860257
13-01-2026 10:30||NIFTY27JAN2624900PE,0.1297062507253662
13-01-2026 10:30||NIFTY27JAN2625300CE,0.1200895688273534
13-01-2026 10:30||NIFTY27JAN2625900CE,0.1052401423939407
13-01-2026 10:30||NIFTY27JAN2626000CE,0.1052805725087042
13-01-2026 10:30||NIFTY27JAN2626100CE,0.104443308859819
13-01-2026 10:30||NIFTY27JAN2626400CE,0.1056939265855228
13-01-2026 10:35||NIFTY27JAN2623800PE,0.171659790367454
13-01-2026 10:35||NIFTY27JAN2623900PE,0.1908211268870039
13-01-2026 10:35||NIFTY27JAN2624300PE,0.1663098038835532
13-01-2026 10:35||NIFTY27JAN2624600PE,0.1465559373218143
13-01-2026 10:35||NIFTY27JAN2625000PE,0.1258063134891023
13-01-2026 10:35||NIFTY27JAN2626000CE,0.1030987251084845
13-01-2026 10:35||NIFTY27JAN2626100CE,0.1027628184983288
13-01-2026 10:40||NIFTY27JAN2623900PE,0.18937961417205
13-01-2026 10:40||NIFTY27JAN2624000PE,0.1845266429280163
13-01-2026 10:40||NIFTY27JAN2624400PE,0.1579325149200657
13-01-2026 10:40||NIFTY27JAN2624500PE,0.151801808036345
13-01-2026 10:40||NIFTY27JAN2624800PE,0.1348811595075622
13-01-2026 10:40||NIFTY27JAN2626300CE,0.1044642752416854
13-01-2026 10:45||NIFTY27JAN2623900PE,0.189717466991694
13-01-2026 10:45||NIFTY27JAN2624900PE,0.1279550372994571
13-01-2026 10:45||NIFTY27JAN2625200CE,0.1167202702380322
13-01-2026 10:45||NIFTY27JAN2625600CE,0.1076404130737835
13-01-2026 10:50||NIFTY27JAN2624900PE,0.1271867033595285
13-01-2026 10:50||NIFTY27JAN2625000PE,0.1226327931469085
13-01-2026 10:50||NIFTY27JAN2625500CE,0.1109269648342874
13-01-2026 10:50||NIFTY27JAN2625600CE,0.109077343039375
13-01-2026 10:50||NIFTY27JAN2625700CE,0.1063896489843241
13-01-2026 10:50||NIFTY27JAN2625900CE,0.1036138529477886
13-01-2026 10:55||NIFTY27JAN2624300PE,0.1628838274682854
13-01-2026 10:55||NIFTY27JAN2624400PE,0.1571913360928644
13-01-2026 10:55||NIFTY27JAN2625200CE,0.1170356293917955
13-01-2026 10:55||NIFTY27JAN2625700CE,0.1080248907966016
13-01-2026 10:55||NIFTY27JAN2626400CE,0.1043989178473987
13-01-2026 11:00||NIFTY27JAN2623900PE,0.1883819211648091
13-01-2026 11:00||NIFTY27JAN2624200PE,0.1690292483457295
13-01-2026 11:00||NIFTY27JAN2625000PE,0.1229759684314278
13-01-2026 11:00||NIFTY27JAN2625700CE,0.1090973527640425
13-01-2026 11:00||NIFTY27JAN2625800CE,0.1073654488786123
13-01-2026 11:00||NIFTY27JAN2626400CE,0.1051241512188324
13-01-2026 11:05||NIFTY27JAN2624100PE,0.176065188642626
13-01-2026 11:05||NIFTY27JAN2624800PE,0.1340235624858231
13-01-2026 11:05||NIFTY27JAN2625100PE,0.1234159946987046
13-01-2026 11:05||NIFTY27JAN2625800CE,0.107048580755769
13-01-2026 11:10||NIFTY27JAN2623900PE,0.1883758241510516
13-01-2026 11:10||NIFTY27JAN2624800PE,0.1349104114031119
13-01-2026 11:10||NIFTY27JAN2624900PE,0.1308693692616351
13-01-2026 11:10||NIFTY27JAN2625000PE,0.1278390792594302
13-01-2026 11:10||NIFTY27JAN2625100PE,0.1260977701628066
13-01-2026 11:10||NIFTY27JAN2625900CE,0.1043719432122349
13-01-2026 11:10||NIFTY27JAN2626400CE,0.1046440952463722
13-01-2026 11:15||NIFTY27JAN2624500PE,0.1505163508461301
13-01-2026 11:15||NIFTY27JAN2625100PE,0.123059511172714
13-01-2026 11:15||NIFTY27JAN2625200CE,0.119082928140925
13-01-2026 11:15||NIFTY27JAN2625300CE,0.1129583401153704
13-01-2026 11:20||NIFTY27JAN2624900PE,0.1273693948599077
13-01-2026 11:20||NIFTY27JAN2626100CE,0.1014790722081663
13-01-2026 11:25||NIFTY27JAN2624000PE,0.18181867077321
13-01-2026 11:25||NIFTY27JAN2624500PE,0.149521388349149
13-01-2026 11:25||NIFTY27JAN2624800PE,0.131881657113122
13-01-2026 11:25||NIFTY27JAN2625600CE,0.1099620558636618
13-01-2026 11:25||NIFTY27JAN2626000CE,0.102860608668369
13-01-2026 11:25||NIFTY27JAN2626200CE,0.1020737182228134
13-01-2026 11:25||NIFTY27JAN2626400CE,0.1038339858563572
13-01-2026 11:30||NIFTY27JAN2625100PE,0.1190608836245484
13-01-2026 11:30||NIFTY27JAN2625500CE,0.112170228632319
13-01-2026 11:30||NIFTY27JAN2625800CE,0.104929144472705
13-01-2026 11:30||NIFTY27JAN2625900CE,0.10321552440108
13-01-2026 11:35||NIFTY27JAN2623800PE,0.1735940021038809
13-01-2026 11:35||NIFTY27JAN2623900PE,0.1877838413584383
13-01-2026 11:35||NIFTY27JAN2624100PE,0.1762421780500482
13-01-2026 11:35||NIFTY27JAN2624900PE,0.1275228348235119
13-01-2026 11:35||NIFTY27JAN2625300CE,0.1142043548819027
13-01-2026 11:35||NIFTY27JAN2626000CE,0.0997776054561728
13-01-2026 11:35||NIFTY27JAN2626300CE,0.1006578489570269
13-01-2026 11:35||NIFTY27JAN2626500CE,0.1348709696651144
13-01-2026 11:40||NIFTY27JAN2623800PE,0.1705506363791123
13-01-2026 11:40||NIFTY27JAN2624500PE,0.1501703855368417
13-01-2026 11:40||NIFTY27JAN2624900PE,0.1275889086953395
13-01-2026 11:40||NIFTY27JAN2625300CE,0.110100680507318
13-01-2026 11:40||NIFTY27JAN2625400CE,0.1053736433106158
13-01-2026 11:45||NIFTY27JAN2623800PE,0.168517854563406
13-01-2026 11:45||NIFTY27JAN2625000PE,0.122894982739719
13-01-2026 11:45||NIFTY27JAN2625400CE,0.1030973459088636
13-01-2026 11:45||NIFTY27JAN2625800CE,0.0994280598354047
13-01-2026 11:45||NIFTY27JAN2626200CE,0.1001996062408527
13-01-2026 11:45||NIFTY27JAN2626300CE,0.1008765269530407
13-01-2026 11:45||NIFTY27JAN2626400CE,0.1018019915602542
13-01-2026 11:50||NIFTY27JAN2624000PE,0.1796101335162768
13-01-2026 11:50||NIFTY27JAN2624300PE,0.1605551293383951
13-01-2026 11:50||NIFTY27JAN2625100PE,0.1187672270350205
13-01-2026 11:50||NIFTY27JAN2626200CE,0.1005885431304742
13-01-2026 11:50||NIFTY27JAN2626300CE,0.101231941498813
13-01-2026 11:55||NIFTY27JAN2624300PE,0.1596849847468255
13-01-2026 11:55||NIFTY27JAN2624800PE,0.1313692000446497
13-01-2026 11:55||NIFTY27JAN2625000PE,0.1213528960735348
13-01-2026 11:55||NIFTY27JAN2625400CE,0.1035908395600332
13-01-2026 11:55||NIFTY27JAN2625500CE,0.102551266088616
13-01-2026 12:00||NIFTY27JAN2624500PE,0.1463583203657168
13-01-2026 12:00||NIFTY27JAN2625000PE,0.1195118069636424
13-01-2026 12:00||NIFTY27JAN2625900CE,0.1025477592536799
13-01-2026 12:05||NIFTY27JAN2623800PE,0.1679535662577793
13-01-2026 12:05||NIFTY27JAN2624500PE,0.1453883578854997
13-01-2026 12:05||NIFTY27JAN2624700PE,0.1350452322709016
13-01-2026 12:05||NIFTY27JAN2625000PE,0.1189583327704775
13-01-2026 12:05||NIFTY27JAN2625300CE,0.1098917901509592
13-01-2026 12:05||NIFTY27JAN2625800CE,0.1027548210059394
13-01-2026 12:10||NIFTY27JAN2624500PE,0.1458473574589107
13-01-2026 12:10||NIFTY27JAN2625000PE,0.1195083420853
13-01-2026 12:10||NIFTY27JAN2625200CE,0.115043342884435
13-01-2026 12:10||NIFTY27JAN2625500CE,0.1081741116573899
13-01-2026 12:10||NIFTY27JAN2625600CE,0.1071038233199115
13-01-2026 12:15||NIFTY27JAN2624200PE,0.1632703841026318
13-01-2026 12:15||NIFTY27JAN2624300PE,0.1577468507684827
13-01-2026 12:15||NIFTY27JAN2625300CE,0.1092342558358764
13-01-2026 12:15||NIFTY27JAN2625800CE,0.1025810211895869
13-01-2026 12:15||NIFTY27JAN2626500CE,0.1370188448281752
13-01-2026 12:20||NIFTY27JAN2624100PE,0.1697108039330974
13-01-2026 12:20||NIFTY27JAN2624700PE,0.1338922598643231
13-01-2026 12:20||NIFTY27JAN2625100PE,0.1153842374483792
13-01-2026 12:20||NIFTY27JAN2625700CE,0.1058696405050537
13-01-2026 12:25||NIFTY27JAN2623800PE,0.1660699043082247
13-01-2026 12:25||NIFTY27JAN2624200PE,0.1622414644005471
13-01-2026 12:25||NIFTY27JAN2624300PE,0.1567134198153859
13-01-2026 12:25||NIFTY27JAN2624500PE,0.1457053516870895
13-01-2026 12:25||NIFTY27JAN2625700CE,0.1057826412712877
13-01-2026 12:30||NIFTY27JAN2623900PE,0.1791751479199251
13-01-2026 12:30||NIFTY27JAN2624000PE,0.1731611960378537
13-01-2026 12:30||NIFTY27JAN2624100PE,0.1677813404372906
13-01-2026 12:30||NIFTY27JAN2624400PE,0.1512310549581686
13-01-2026 12:30||NIFTY27JAN2624700PE,0.1335672837236664
13-01-2026 12:30||NIFTY27JAN2624900PE,0.1236565999509575
13-01-2026 12:30||NIFTY27JAN2626000CE,0.1031739646276202
13-01-2026 12:30||NIFTY27JAN2626400CE,0.1068342659000723
13-01-2026 12:35||NIFTY27JAN2624200PE,0.1614860178226598
13-01-2026 12:35||NIFTY27JAN2624300PE,0.1561056359931956
13-01-2026 12:35||NIFTY27JAN2624600PE,0.1393415577585663
13-01-2026 12:35||NIFTY27JAN2624800PE,0.1286490369937948
13-01-2026 12:35||NIFTY27JAN2625100PE,0.1191377444075209
13-01-2026 12:35||NIFTY27JAN2625900CE,0.1016689146571184
13-01-2026 12:35||NIFTY27JAN2626100CE,0.1018119251311467
13-01-2026 12:35||NIFTY27JAN2626400CE,0.1088538403861696
13-01-2026 12:40||NIFTY27JAN2624100PE,0.1688272655160764
13-01-2026 12:40||NIFTY27JAN2624300PE,0.1566811971302272
13-01-2026 12:40||NIFTY27JAN2624600PE,0.1391697339908891
13-01-2026 12:40||NIFTY27JAN2624700PE,0.1338605944768397
13-01-2026 12:40||NIFTY27JAN2625100PE,0.119506921220968
13-01-2026 12:40||NIFTY27JAN2626500CE,0.1373734301541564
13-01-2026 12:45||NIFTY27JAN2625300CE,0.1040762015021733
13-01-2026 12:45||NIFTY27JAN2626200CE,0.1026993430256334
13-01-2026 12:50||NIFTY27JAN2623900PE,0.1804843448074279
13-01-2026 12:50||NIFTY27JAN2624100PE,0.1681289695570137
13-01-2026 12:50||NIFTY27JAN2624600PE,0.1394251490307041
13-01-2026 12:50||NIFTY27JAN2625400CE,0.1033393047504055
13-01-2026 12:50||NIFTY27JAN2625500CE,0.1016849127762748
13-01-2026 12:55||NIFTY27JAN2624000PE,0.1730938870831846
13-01-2026 12:55||NIFTY27JAN2624300PE,0.1560827003024019
13-01-2026 12:55||NIFTY27JAN2624500PE,0.1442480036397333
13-01-2026 12:55||NIFTY27JAN2624700PE,0.1328935206039191
13-01-2026 12:55||NIFTY27JAN2625000PE,0.1216899241841804
13-01-2026 12:55||NIFTY27JAN2625100PE,0.1186972256344528
13-01-2026 12:55||NIFTY27JAN2625300CE,0.1087949177593659
13-01-2026 12:55||NIFTY27JAN2625500CE,0.1037719857269094
13-01-2026 12:55||NIFTY27JAN2626200CE,0.1044190954685014
13-01-2026 12:55||NIFTY27JAN2626400CE,0.1238904105282196
13-01-2026 12:55||NIFTY27JAN2626500CE,0.1445016037261193
13-01-2026 13:00||NIFTY27JAN2624000PE,0.1732667938819425
13-01-2026 13:00||NIFTY27JAN2624600PE,0.1370325685978234
13-01-2026 13:00||NIFTY27JAN2624700PE,0.1319019364978666
13-01-2026 13:00||NIFTY27JAN2626400CE,0.119934842977398
13-01-2026 13:05||NIFTY27JAN2624000PE,0.1744034270563969
13-01-2026 13:05||NIFTY27JAN2624600PE,0.137526493586034
13-01-2026 13:05||NIFTY27JAN2625200CE,0.1100772794541023
13-01-2026 13:05||NIFTY27JAN2625700CE,0.1047638910778533
13-01-2026 13:05||NIFTY27JAN2626500CE,0.1477361397335116
13-01-2026 13:10||NIFTY27JAN2623900PE,0.1810593747115443
13-01-2026 13:10||NIFTY27JAN2624400PE,0.1495640844121393
13-01-2026 13:10||NIFTY27JAN2624500PE,0.1439151294119204
13-01-2026 13:10||NIFTY27JAN2624700PE,0.1329908963356546
13-01-2026 13:10||NIFTY27JAN2625000PE,0.1193473598060873
13-01-2026 13:10||NIFTY27JAN2625600CE,0.1075283819342368
13-01-2026 13:10||NIFTY27JAN2626000CE,0.104299255484792
13-01-2026 13:10||NIFTY27JAN2626400CE,0.1276096624006378
13-01-2026 13:10||NIFTY27JAN2626500CE,0.1505973113961966
13-01-2026 13:15||NIFTY27JAN2623800PE,0.1725079429354215
13-01-2026 13:15||NIFTY27JAN2624000PE,0.1749375896504445
13-01-2026 13:15||NIFTY27JAN2624100PE,0.1692265564351555
13-01-2026 13:15||NIFTY27JAN2624700PE,0.1330551149625447
13-01-2026 13:15||NIFTY27JAN2625000PE,0.1192392262297784
13-01-2026 13:15||NIFTY27JAN2625800CE,0.104869545821553
13-01-2026 13:15||NIFTY27JAN2626100CE,0.1056027149926853
13-01-2026 13:15||NIFTY27JAN2626200CE,0.1066979369176597
13-01-2026 13:15||NIFTY27JAN2626300CE,0.1106362139375603
13-01-2026 13:20||NIFTY27JAN2624300PE,0.1550542030673577
13-01-2026 13:20||NIFTY27JAN2624400PE,0.1501638257656972
13-01-2026 13:20||NIFTY27JAN2624800PE,0.128188530082526
13-01-2026 13:20||NIFTY27JAN2625000PE,0.1193885348663963
13-01-2026 13:20||NIFTY27JAN2625300CE,0.11544872598022
13-01-2026 13:20||NIFTY27JAN2625400CE,0.1123570135079568
13-01-2026 13:20||NIFTY27JAN2625900CE,0.1041999465850642
13-01-2026 13:20||NIFTY27JAN2626500CE,0.1406497298688692
13-01-2026 13:25||NIFTY27JAN2624000PE,0.1757004360305717
13-01-2026 13:25||NIFTY27JAN2624200PE,0.161523338196414
13-01-2026 13:25||NIFTY27JAN2624300PE,0.1551561727472547
13-01-2026 13:25||NIFTY27JAN2624600PE,0.1388174045742628
13-01-2026 13:25||NIFTY27JAN2625600CE,0.1071154082697533
13-01-2026 13:25||NIFTY27JAN2626400CE,0.1124778010612999
13-01-2026 13:30||NIFTY27JAN2623800PE,0.1682360261794818
13-01-2026 13:30||NIFTY27JAN2624000PE,0.1753006046654899
13-01-2026 13:30||NIFTY27JAN2624100PE,0.1689890551136027
13-01-2026 13:30||NIFTY27JAN2625500CE,0.1071405669403502
13-01-2026 13:35||NIFTY27JAN2624300PE,0.1564202882854534
13-01-2026 13:35||NIFTY27JAN2624800PE,0.1278686534997027
13-01-2026 13:35||NIFTY27JAN2625700CE,0.1051447685544016
13-01-2026 13:40||NIFTY27JAN2623800PE,0.1678788640093268
13-01-2026 13:40||NIFTY27JAN2624400PE,0.1492379618628088
13-01-2026 13:40||NIFTY27JAN2624500PE,0.1439159950779442
13-01-2026 13:40||NIFTY27JAN2625500CE,0.1073319750860174
13-01-2026 13:40||NIFTY27JAN2625700CE,0.1048633928947674
13-01-2026 13:40||NIFTY27JAN2625900CE,0.1025478200831173
13-01-2026 13:40||NIFTY27JAN2626100CE,0.1027686869155659
13-01-2026 13:45||NIFTY27JAN2624000PE,0.1737326869103764
13-01-2026 13:45||NIFTY27JAN2624100PE,0.1670356040531357
13-01-2026 13:45||NIFTY27JAN2625100PE,0.1153393614896589
13-01-2026 13:45||NIFTY27JAN2625300CE,0.1117800164616515
13-01-2026 13:45||NIFTY27JAN2625800CE,0.1031061589044335
13-01-2026 13:45||NIFTY27JAN2626000CE,0.102662369229154
13-01-2026 13:50||NIFTY27JAN2624200PE,0.1605591906723175
13-01-2026 13:50||NIFTY27JAN2624400PE,0.1480778954535326
13-01-2026 13:50||NIFTY27JAN2624500PE,0.1427727586064407
13-01-2026 13:50||NIFTY27JAN2626000CE,0.1026016894274415
13-01-2026 13:55||NIFTY27JAN2624200PE,0.1596471639125221
13-01-2026 13:55||NIFTY27JAN2624300PE,0.1537516034268441
13-01-2026 13:55||NIFTY27JAN2625000PE,0.1187307386999731
13-01-2026 13:55||NIFTY27JAN2625500CE,0.1062818104809541
13-01-2026 13:55||NIFTY27JAN2626000CE,0.1023167690292464
13-01-2026 14:00||NIFTY27JAN2623900PE,0.1775739979706234
13-01-2026 14:00||NIFTY27JAN2624000PE,0.1714220872525186
13-01-2026 14:00||NIFTY27JAN2624100PE,0.1659183580544303
13-01-2026 14:00||NIFTY27JAN2624600PE,0.1375490369371684
13-01-2026 14:00||NIFTY27JAN2625300CE,0.1095386543996194
13-01-2026 14:00||NIFTY27JAN2625700CE,0.1032436970232854
13-01-2026 14:05||NIFTY27JAN2623900PE,0.1781443030880712
13-01-2026 14:05||NIFTY27JAN2624200PE,0.1602214085253172
13-01-2026 14:05||NIFTY27JAN2624500PE,0.1429601976937271
13-01-2026 14:05||NIFTY27JAN2625700CE,0.1025431188498851
13-01-2026 14:05||NIFTY27JAN2626300CE,0.1058213250156904
13-01-2026 14:05||NIFTY27JAN2626500CE,0.1385123735779361
13-01-2026 14:10||NIFTY27JAN2624300PE,0.1533106919734056
13-01-2026 14:10||NIFTY27JAN2624700PE,0.1308185894529024
13-01-2026 14:10||NIFTY27JAN2625200CE,0.1138857257335409
13-01-2026 14:10||NIFTY27JAN2625400CE,0.1076108695267208
13-01-2026 14:10||NIFTY27JAN2626100CE,0.1025702852920692
13-01-2026 14:15||NIFTY27JAN2623800PE,0.1642760834666994
13-01-2026 14:15||NIFTY27JAN2624800PE,0.1248806980688012
13-01-2026 14:15||NIFTY27JAN2626200CE,0.1033891737226385
13-01-2026 14:20||NIFTY27JAN2624000PE,0.1692526549904
13-01-2026 14:20||NIFTY27JAN2624400PE,0.146442080674654
13-01-2026 14:20||NIFTY27JAN2624800PE,0.1245107488478326
13-01-2026 14:20||NIFTY27JAN2624900PE,0.120395944642005
13-01-2026 14:20||NIFTY27JAN2625200CE,0.1108160392547914
13-01-2026 14:20||NIFTY27JAN2625800CE,0.1011535876823417
13-01-2026 14:25||NIFTY27JAN2624000PE,0.1675450556934545
13-01-2026 14:25||NIFTY27JAN2624100PE,0.1613816159855361
13-01-2026 14:25||NIFTY27JAN2624200PE,0.1568249964923933
13-01-2026 14:25||NIFTY27JAN2624500PE,0.1386102636785096
13-01-2026 14:25||NIFTY27JAN2624600PE,0.1334736980726439
13-01-2026 14:25||NIFTY27JAN2625600CE,0.1037095892301782
13-01-2026 14:25||NIFTY27JAN2626000CE,0.1023850805295779
13-01-2026 14:25||NIFTY27JAN2626200CE,0.104928990314647
13-01-2026 14:30||NIFTY27JAN2624500PE,0.137734675166367
13-01-2026 14:30||NIFTY27JAN2624600PE,0.1323508544908949
13-01-2026 14:30||NIFTY27JAN2624900PE,0.1191163781468085
13-01-2026 14:30||NIFTY27JAN2625100PE,0.1129848638117968
13-01-2026 14:30||NIFTY27JAN2625600CE,0.1081074642051072
13-01-2026 14:35||NIFTY27JAN2623800PE,0.1669237571861981
13-01-2026 14:35||NIFTY27JAN2624200PE,0.1571995346894435
13-01-2026 14:35||NIFTY27JAN2625100PE,0.1121702494051816
13-01-2026 14:35||NIFTY27JAN2625400CE,0.1165794777436615
13-01-2026 14:35||NIFTY27JAN2626300CE,0.108195228808086
13-01-2026 14:35||NIFTY27JAN2626500CE,0.1371648176932206
13-01-2026 14:40||NIFTY27JAN2624500PE,0.1398830374595341
13-01-2026 14:40||NIFTY27JAN2624600PE,0.1343683522753257
13-01-2026 14:40||NIFTY27JAN2624800PE,0.1245313171807374
13-01-2026 14:40||NIFTY27JAN2625300CE,0.1168921181980759
13-01-2026 14:40||NIFTY27JAN2625600CE,0.1083079951398593
13-01-2026 14:40||NIFTY27JAN2625800CE,0.1044849843169739
13-01-2026 14:45||NIFTY27JAN2625100PE,0.1122028152887758
13-01-2026 14:45||NIFTY27JAN2626000CE,0.1026966585518795
13-01-2026 14:45||NIFTY27JAN2626100CE,0.1025926418749463
13-01-2026 14:45||NIFTY27JAN2626500CE,0.1370203644787105
13-01-2026 14:50||NIFTY27JAN2624400PE,0.1471558272075986
13-01-2026 14:50||NIFTY27JAN2624500PE,0.1414373371213692
13-01-2026 14:55||NIFTY27JAN2623800PE,0.1635283511988524
13-01-2026 14:55||NIFTY27JAN2623900PE,0.1795284818428732
13-01-2026 14:55||NIFTY27JAN2624100PE,0.1691082122783661
13-01-2026 14:55||NIFTY27JAN2624400PE,0.1481816502446633
13-01-2026 14:55||NIFTY27JAN2624500PE,0.1416648824956475
13-01-2026 14:55||NIFTY27JAN2624800PE,0.1264947164322894
13-01-2026 14:55||NIFTY27JAN2624900PE,0.1217618553009762
13-01-2026 14:55||NIFTY27JAN2625100PE,0.1129663305271574
13-01-2026 14:55||NIFTY27JAN2625700CE,0.1004005561104765
13-01-2026 14:55||NIFTY27JAN2625900CE,0.096799071600352
13-01-2026 14:55||NIFTY27JAN2626400CE,0.1030523950810024
13-01-2026 15:00||NIFTY27JAN2623900PE,0.1806257676036547
13-01-2026 15:00||NIFTY27JAN2624500PE,0.1422071680078828
13-01-2026 15:00||NIFTY27JAN2624600PE,0.1370077769434302
13-01-2026 15:00||NIFTY27JAN2625100PE,0.1132531437015679
13-01-2026 15:00||NIFTY27JAN2625700CE,0.0965108326560582
13-01-2026 15:00||NIFTY27JAN2626200CE,0.0975037634977541
13-01-2026 15:05||NIFTY27JAN2624000PE,0.1754446130813279
13-01-2026 15:05||NIFTY27JAN2624500PE,0.1425563078023901
13-01-2026 15:05||NIFTY27JAN2624900PE,0.1227976552788337
13-01-2026 15:05||NIFTY27JAN2625400CE,0.0987436445629335
13-01-2026 15:05||NIFTY27JAN2625700CE,0.097545129500812
13-01-2026 15:05||NIFTY27JAN2625800CE,0.0954858090021243
13-01-2026 15:05||NIFTY27JAN2626000CE,0.0949703427172885
13-01-2026 15:05||NIFTY27JAN2626100CE,0.0956732404055698
13-01-2026 15:05||NIFTY27JAN2626500CE,0.1336560389145156
13-01-2026 15:10||NIFTY27JAN2624000PE,0.1756720459382116
13-01-2026 15:10||NIFTY27JAN2624200PE,0.1615655388644685
13-01-2026 15:10||NIFTY27JAN2624400PE,0.1499785302711785
13-01-2026 15:10||NIFTY27JAN2624900PE,0.123085702831179
13-01-2026 15:10||NIFTY27JAN2625300CE,0.1028937043078058
13-01-2026 15:10||NIFTY27JAN2625600CE,0.0989254068103717
13-01-2026 15:10||NIFTY27JAN2626200CE,0.0970120013971632
13-01-2026 15:15||NIFTY27JAN2623800PE,0.1692255624078995
13-01-2026 15:15||NIFTY27JAN2624200PE,0.1625297602010961
13-01-2026 15:15||NIFTY27JAN2624600PE,0.1383632921479377
13-01-2026 15:15||NIFTY27JAN2624700PE,0.1329341007895197
13-01-2026 15:15||NIFTY27JAN2625700CE,0.0946983708573551
13-01-2026 15:15||NIFTY27JAN2626000CE,0.0937722821437274
13-01-2026 15:15||NIFTY27JAN2626300CE,0.0976278570126492
13-01-2026 15:15||NIFTY27JAN2626500CE,0.1330437807157979
13-01-2026 15:20||NIFTY27JAN2623900PE,0.1811660534228244
13-01-2026 15:20||NIFTY27JAN2624300PE,0.1570505268792477
13-01-2026 15:20||NIFTY27JAN2624800PE,0.1279478706303841
13-01-2026 15:20||NIFTY27JAN2625300CE,0.0983401782355599
13-01-2026 15:20||NIFTY27JAN2625600CE,0.0948662498870633
13-01-2026 15:20||NIFTY27JAN2626200CE,0.0953806098710049
13-01-2026 15:25||NIFTY27JAN2624500PE,0.1460301208888534
13-01-2026 15:25||NIFTY27JAN2624700PE,0.1343897442380099
13-01-2026 15:25||NIFTY27JAN2624900PE,0.1236236542726737
13-01-2026 15:25||NIFTY27JAN2626000CE,0.0965801101257968
14-01-2026 09:15||NIFTY27JAN2624300PE,0.1591708737028003
14-01-2026 09:15||NIFTY27JAN2624400PE,0.1528241129922856
14-01-2026 09:15||NIFTY27JAN2625300CE,0.1164713181427645
14-01-2026 09:15||NIFTY27JAN2626100CE,0.098774507173744
14-01-2026 09:15||NIFTY27JAN2626500CE,0.137885614428583
14-01-2026 09:20||NIFTY27JAN2624100PE,0.1748601859225929
14-01-2026 09:25||NIFTY27JAN2624000PE,0.1822815274966268
14-01-2026 09:25||NIFTY27JAN2624200PE,0.1695497439907436
14-01-2026 09:25||NIFTY27JAN2624700PE,0.1363448438057602
14-01-2026 09:25||NIFTY27JAN2625300CE,0.1171883451888788
14-01-2026 09:25||NIFTY27JAN2626500CE,0.1449420069185431
14-01-2026 09:30||NIFTY27JAN2623800PE,0.1798541948549114
14-01-2026 09:30||NIFTY27JAN2624000PE,0.1830584207771902
14-01-2026 09:30||NIFTY27JAN2624600PE,0.1428886140074814
14-01-2026 09:30||NIFTY27JAN2624700PE,0.1369057161576731
14-01-2026 09:30||NIFTY27JAN2626200CE,0.0995153107479048
14-01-2026 09:30||NIFTY27JAN2626500CE,0.1438699630045706
14-01-2026 09:35||NIFTY27JAN2624000PE,0.1827194035127354
14-01-2026 09:35||NIFTY27JAN2625500CE,0.0977823203415889
14-01-2026 09:35||NIFTY27JAN2626400CE,0.1055596942825136
14-01-2026 09:40||NIFTY27JAN2623800PE,0.1702858254674354
14-01-2026 09:40||NIFTY27JAN2624000PE,0.1817311003842445
14-01-2026 09:40||NIFTY27JAN2624200PE,0.1684541200308169
14-01-2026 09:40||NIFTY27JAN2624700PE,0.1358712621662678
14-01-2026 09:40||NIFTY27JAN2624800PE,0.1304772757992572
14-01-2026 09:40||NIFTY27JAN2625000PE,0.1202116962228899
14-01-2026 09:40||NIFTY27JAN2625500CE,0.0989995983846152
14-01-2026 09:40||NIFTY27JAN2625800CE,0.0976731665903576
14-01-2026 09:45||NIFTY27JAN2624300PE,0.1571520893322634
14-01-2026 09:45||NIFTY27JAN2624400PE,0.1501602336031234
14-01-2026 09:45||NIFTY27JAN2624500PE,0.1454538117332591
14-01-2026 09:45||NIFTY27JAN2624600PE,0.1404995214838287
14-01-2026 09:45||NIFTY27JAN2625400CE,0.1110601947734982
14-01-2026 09:50||NIFTY27JAN2623800PE,0.1697559767128952
14-01-2026 09:50||NIFTY27JAN2623900PE,0.1870737686693918
14-01-2026 09:50||NIFTY27JAN2624600PE,0.1416468625517667
14-01-2026 09:50||NIFTY27JAN2625200CE,0.106972251110467
14-01-2026 09:50||NIFTY27JAN2625300CE,0.1074500265333018
14-01-2026 09:50||NIFTY27JAN2626400CE,0.1051934608392915
14-01-2026 09:55||NIFTY27JAN2624100PE,0.1753658630799133
14-01-2026 09:55||NIFTY27JAN2626000CE,0.0986792066260643
14-01-2026 10:00||NIFTY27JAN2624000PE,0.1819423566412314
14-01-2026 10:00||NIFTY27JAN2624400PE,0.1561359469881095
14-01-2026 10:00||NIFTY27JAN2625100PE,0.1172960549715834
14-01-2026 10:00||NIFTY27JAN2625500CE,0.1000422446733092
14-01-2026 10:00||NIFTY27JAN2626100CE,0.096684716640813
14-01-2026 10:00||NIFTY27JAN2626500CE,0.1372027945226696
14-01-2026 10:05||NIFTY27JAN2624600PE,0.1404571703843657
14-01-2026 10:05||NIFTY27JAN2624800PE,0.1290834002290001
14-01-2026 10:05||NIFTY27JAN2625000PE,0.1185720966158576
14-01-2026 10:05||NIFTY27JAN2625300CE,0.1162400247697843
14-01-2026 10:05||NIFTY27JAN2625400CE,0.1097552686778306
14-01-2026 10:05||NIFTY27JAN2626200CE,0.1006204102465588
14-01-2026 10:05||NIFTY27JAN2626300CE,0.1027900486342228
14-01-2026 10:05||NIFTY27JAN2626400CE,0.1071221485205473
14-01-2026 10:10||NIFTY27JAN2624000PE,0.1798803458661664
14-01-2026 10:10||NIFTY27JAN2624200PE,0.166703619769225
14-01-2026 10:10||NIFTY27JAN2624500PE,0.1460502189085149
14-01-2026 10:10||NIFTY27JAN2624600PE,0.1397202092749148
14-01-2026 10:10||NIFTY27JAN2625400CE,0.1072123282271286
14-01-2026 10:10||NIFTY27JAN2625600CE,0.1014900480985566
14-01-2026 10:10||NIFTY27JAN2626400CE,0.1046122465005598
14-01-2026 10:15||NIFTY27JAN2624100PE,0.1726526298489196
14-01-2026 10:15||NIFTY27JAN2625000PE,0.1175615750813754
14-01-2026 10:15||NIFTY27JAN2625200CE,0.1082732148807925
14-01-2026 10:15||NIFTY27JAN2625600CE,0.0992053095990467
14-01-2026 10:15||NIFTY27JAN2625900CE,0.0970506142094458
14-01-2026 10:20||NIFTY27JAN2624200PE,0.1655958257252685
14-01-2026 10:20||NIFTY27JAN2624700PE,0.1338925186645949
14-01-2026 10:20||NIFTY27JAN2625000PE,0.1165977321973692
14-01-2026 10:20||NIFTY27JAN2625500CE,0.1008522718562694
14-01-2026 10:20||NIFTY27JAN2625600CE,0.0994129717655567
14-01-2026 10:20||NIFTY27JAN2625700CE,0.0981174439863329
14-01-2026 10:20||NIFTY27JAN2625800CE,0.0972274666169668
14-01-2026 10:25||NIFTY27JAN2623800PE,0.170497161241206
14-01-2026 10:25||NIFTY27JAN2624300PE,0.1587741593888939
14-01-2026 10:25||NIFTY27JAN2625000PE,0.116554328299182
14-01-2026 10:25||NIFTY27JAN2626100CE,0.0996261801698795
14-01-2026 10:25||NIFTY27JAN2626200CE,0.1007799213955834
14-01-2026 10:25||NIFTY27JAN2626400CE,0.1079817297287195
14-01-2026 10:30||NIFTY27JAN2623900PE,0.1833307169136429
14-01-2026 10:30||NIFTY27JAN2624000PE,0.1783410437540543
14-01-2026 10:30||NIFTY27JAN2624700PE,0.1322966059426022
14-01-2026 10:30||NIFTY27JAN2624800PE,0.1270030577330609
14-01-2026 10:30||NIFTY27JAN2625100PE,0.1140844272350934
14-01-2026 10:30||NIFTY27JAN2625200CE,0.1124178018793857
14-01-2026 10:30||NIFTY27JAN2626500CE,0.1378394657141744
14-01-2026 10:35||NIFTY27JAN2623900PE,0.1840197450998351
14-01-2026 10:35||NIFTY27JAN2624400PE,0.1531663737783485
14-01-2026 10:35||NIFTY27JAN2625600CE,0.1018584864693153
14-01-2026 10:35||NIFTY27JAN2625700CE,0.0991587645613911
14-01-2026 10:35||NIFTY27JAN2626300CE,0.102288176276335
14-01-2026 10:40||NIFTY27JAN2623800PE,0.1725196790364514
14-01-2026 10:40||NIFTY27JAN2624100PE,0.172213603104098
14-01-2026 10:40||NIFTY27JAN2625300CE,0.1093659986644178
14-01-2026 10:40||NIFTY27JAN2625600CE,0.1038319921806086
14-01-2026 10:40||NIFTY27JAN2626300CE,0.102961753962117
14-01-2026 10:40||NIFTY27JAN2626500CE,0.1369817588285784
14-01-2026 10:45||NIFTY27JAN2624000PE,0.1773814262461845
14-01-2026 10:45||NIFTY27JAN2624600PE,0.138757666184219
14-01-2026 10:45||NIFTY27JAN2624800PE,0.1262956248485178
14-01-2026 10:45||NIFTY27JAN2625400CE,0.111605017615413
14-01-2026 10:50||NIFTY27JAN2624000PE,0.1785511828792343
14-01-2026 10:50||NIFTY27JAN2624300PE,0.1587000132398064
14-01-2026 10:50||NIFTY27JAN2624800PE,0.1265183912314885
14-01-2026 10:50||NIFTY27JAN2625200CE,0.1222395198037096
14-01-2026 10:50||NIFTY27JAN2625400CE,0.1142187493743702
14-01-2026 10:50||NIFTY27JAN2625800CE,0.1031938244384008
14-01-2026 10:55||NIFTY27JAN2624600PE,0.1400289931029777
14-01-2026 10:55||NIFTY27JAN2625000PE,0.1170084410734578
14-01-2026 10:55||NIFTY27JAN2625200CE,0.1251361518448668
14-01-2026 10:55||NIFTY27JAN2626200CE,0.1172559556528221
14-01-2026 10:55||NIFTY27JAN2626300CE,0.1238690180307586
14-01-2026 10:55||NIFTY27JAN2626400CE,0.1258326240475371
14-01-2026 10:55||NIFTY27JAN2626500CE,0.1436544816065401
14-01-2026 11:00||NIFTY27JAN2624100PE,0.1739871244617735
14-01-2026 11:00||NIFTY27JAN2626100CE,0.1024822642264099
14-01-2026 11:00||NIFTY27JAN2626300CE,0.1119395174062397
14-01-2026 11:05||NIFTY27JAN2624000PE,0.1806721656565626
14-01-2026 11:05||NIFTY27JAN2624800PE,0.1296595064673673
14-01-2026 11:05||NIFTY27JAN2625300CE,0.1099747492187804
14-01-2026 11:05||NIFTY27JAN2626000CE,0.0980154525293137
14-01-2026 11:05||NIFTY27JAN2626100CE,0.0981615104959292
14-01-2026 11:05||NIFTY27JAN2626300CE,0.1000602457789255
14-01-2026 11:10||NIFTY27JAN2624000PE,0.1806876430437874
14-01-2026 11:10||NIFTY27JAN2624300PE,0.1597105372385753
14-01-2026 11:10||NIFTY27JAN2624500PE,0.1471011126619469
14-01-2026 11:10||NIFTY27JAN2625200CE,0.1150024082654419
14-01-2026 11:15||NIFTY27JAN2624100PE,0.1752202951676864
14-01-2026 11:15||NIFTY27JAN2624300PE,0.158076416880981
14-01-2026 11:15||NIFTY27JAN2624400PE,0.151066469172909
14-01-2026 11:15||NIFTY27JAN2624500PE,0.1456172819879174
14-01-2026 11:15||NIFTY27JAN2624600PE,0.1402069745393626
14-01-2026 11:15||NIFTY27JAN2625500CE,0.1053706597175243
14-01-2026 11:15||NIFTY27JAN2625800CE,0.1002825186434513
14-01-2026 11:15||NIFTY27JAN2626000CE,0.0967955285452022
14-01-2026 11:20||NIFTY27JAN2623800PE,0.1687375667579511
14-01-2026 11:20||NIFTY27JAN2623900PE,0.1870643368010401
14-01-2026 11:20||NIFTY27JAN2624600PE,0.1406473148724141
14-01-2026 11:20||NIFTY27JAN2624800PE,0.1293021527479163
14-01-2026 11:20||NIFTY27JAN2625100PE,0.1146410356071503
14-01-2026 11:20||NIFTY27JAN2625300CE,0.1194942718922847
14-01-2026 11:20||NIFTY27JAN2625600CE,0.1073338392141489
14-01-2026 11:20||NIFTY27JAN2625800CE,0.102130484224441
14-01-2026 11:25||NIFTY27JAN2623900PE,0.1881860453050834
14-01-2026 11:25||NIFTY27JAN2624700PE,0.1356922230314707
14-01-2026 11:25||NIFTY27JAN2624900PE,0.1242595071948387
14-01-2026 11:25||NIFTY27JAN2625400CE,0.1140840150287577
14-01-2026 11:25||NIFTY27JAN2626200CE,0.0985916254705083
14-01-2026 11:30||NIFTY27JAN2624200PE,0.1671605982849526
14-01-2026 11:30||NIFTY27JAN2624300PE,0.1599588981296041
14-01-2026 11:30||NIFTY27JAN2624400PE,0.1544787397837231
14-01-2026 11:30||NIFTY27JAN2625000PE,0.1195717809002834
14-01-2026 11:30||NIFTY27JAN2625300CE,0.1167462346703477
14-01-2026 11:30||NIFTY27JAN2625800CE,0.1005729531210676
14-01-2026 11:30||NIFTY27JAN2626000CE,0.0982935209024421
14-01-2026 11:35||NIFTY27JAN2623900PE,0.1898513587889498
14-01-2026 11:35||NIFTY27JAN2624400PE,0.1548396824386497
14-01-2026 11:35||NIFTY27JAN2624500PE,0.1493921616294006
14-01-2026 11:35||NIFTY27JAN2624700PE,0.1375675553407615
14-01-2026 11:35||NIFTY27JAN2625100PE,0.1177106678186192
14-01-2026 11:35||NIFTY27JAN2625500CE,0.1028572119813667
14-01-2026 11:35||NIFTY27JAN2625700CE,0.0982585235070783
14-01-2026 11:35||NIFTY27JAN2626100CE,0.0953759698177371
14-01-2026 11:40||NIFTY27JAN2623900PE,0.1892222425272891
14-01-2026 11:40||NIFTY27JAN2625500CE,0.1065871463725721
14-01-2026 11:40||NIFTY27JAN2625600CE,0.103981797562262
14-01-2026 11:40||NIFTY27JAN2626500CE,0.1376562816182779
14-01-2026 11:45||NIFTY27JAN2623900PE,0.1896427797558681
14-01-2026 11:45||NIFTY27JAN2624300PE,0.1630954690912452
14-01-2026 11:45||NIFTY27JAN2624500PE,0.1498559838194078
14-01-2026 11:45||NIFTY27JAN2626400CE,0.104111440449026
14-01-2026 11:50||NIFTY27JAN2625100PE,0.1152825139973124
14-01-2026 11:50||NIFTY27JAN2625700CE,0.1025580675843304
14-01-2026 11:50||NIFTY27JAN2625800CE,0.1006013788551795
14-01-2026 11:50||NIFTY27JAN2626100CE,0.0969620835907667
14-01-2026 11:55||NIFTY27JAN2624200PE,0.1709663387733058
14-01-2026 11:55||NIFTY27JAN2624400PE,0.1568126258510743
14-01-2026 11:55||NIFTY27JAN2624800PE,0.1317182904061303
14-01-2026 11:55||NIFTY27JAN2625200CE,0.1169342435076787
14-01-2026 11:55||NIFTY27JAN2625600CE,0.1013895807175417
14-01-2026 12:00||NIFTY27JAN2623800PE,0.1750380473658451
14-01-2026 12:00||NIFTY27JAN2624400PE,0.1566756241392616
14-01-2026 12:00||NIFTY27JAN2624900PE,0.1283797211709629
14-01-2026 12:00||NIFTY27JAN2625000PE,0.1244811956577456
14-01-2026 12:00||NIFTY27JAN2625100PE,0.1204014627380009
14-01-2026 12:05||NIFTY27JAN2624400PE,0.1561928123850117
14-01-2026 12:05||NIFTY27JAN2624600PE,0.1435725686773712
14-01-2026 12:05||NIFTY27JAN2626500CE,0.1356822245259158
14-01-2026 12:10||NIFTY27JAN2624400PE,0.1552779067310513
14-01-2026 12:10||NIFTY27JAN2624600PE,0.1419518487665889
14-01-2026 12:10||NIFTY27JAN2624800PE,0.1293666269769991
14-01-2026 12:10||NIFTY27JAN2624900PE,0.1239347793954751
14-01-2026 12:10||NIFTY27JAN2625100PE,0.1150697088034207
14-01-2026 12:10||NIFTY27JAN2625900CE,0.0946911481520521
14-01-2026 12:10||NIFTY27JAN2626300CE,0.0963327383361564
14-01-2026 12:15||NIFTY27JAN2624200PE,0.1690200721387625
14-01-2026 12:15||NIFTY27JAN2624800PE,0.1288708628720898
14-01-2026 12:15||NIFTY27JAN2626500CE,0.1355074776136566
14-01-2026 12:20||NIFTY27JAN2623800PE,0.1717731999003398
14-01-2026 12:20||NIFTY27JAN2623900PE,0.188373785828426
14-01-2026 12:20||NIFTY27JAN2625300CE,0.1077722474574266
14-01-2026 12:20||NIFTY27JAN2626400CE,0.1019937123234846
14-01-2026 12:25||NIFTY27JAN2624500PE,0.1501872495937845
14-01-2026 12:25||NIFTY27JAN2625400CE,0.1000127135892637
14-01-2026 12:25||NIFTY27JAN2625500CE,0.0988283309459192
14-01-2026 12:25||NIFTY27JAN2625900CE,0.0929645432148621
14-01-2026 12:30||NIFTY27JAN2623900PE,0.1898623627915321
14-01-2026 12:30||NIFTY27JAN2624300PE,0.163583677749507
14-01-2026 12:30||NIFTY27JAN2624900PE,0.12524505658738
14-01-2026 12:30||NIFTY27JAN2625800CE,0.094936379128347
14-01-2026 12:30||NIFTY27JAN2626300CE,0.0964467126336734
14-01-2026 12:30||NIFTY27JAN2626400CE,0.0986835959133034
14-01-2026 12:35||NIFTY27JAN2623900PE,0.1901616582406286
14-01-2026 12:35||NIFTY27JAN2625300CE,0.1058646673369256
14-01-2026 12:35||NIFTY27JAN2625500CE,0.0983928197518623
14-01-2026 12:35||NIFTY27JAN2625900CE,0.0931626925425486
14-01-2026 12:45||NIFTY27JAN2625600CE,0.0944403184490154
14-01-2026 12:45||NIFTY27JAN2625700CE,0.093118047396833
14-01-2026 12:50||NIFTY27JAN2624900PE,0.1237155933300553
14-01-2026 12:50||NIFTY27JAN2626300CE,0.0959410511804688
14-01-2026 12:50||NIFTY27JAN2626500CE,0.1354333327325202
14-01-2026 12:55||NIFTY27JAN2623900PE,0.1875623140973586
14-01-2026 12:55||NIFTY27JAN2624300PE,0.1613275418568715
14-01-2026 12:55||NIFTY27JAN2625000PE,0.1179799604469079
14-01-2026 13:00||NIFTY27JAN2624700PE,0.1347685557934671
14-01-2026 13:00||NIFTY27JAN2625400CE,0.1011483437298355
14-01-2026 13:00||NIFTY27JAN2625700CE,0.0966415860590986
14-01-2026 13:00||NIFTY27JAN2625800CE,0.0949751379646559
14-01-2026 13:00||NIFTY27JAN2626200CE,0.0950852392597823
14-01-2026 13:00||NIFTY27JAN2626300CE,0.0964421782365221
14-01-2026 13:00||NIFTY27JAN2626500CE,0.1356616823313041
14-01-2026 13:05||NIFTY27JAN2624000PE,0.1812054719033447
14-01-2026 13:05||NIFTY27JAN2624400PE,0.155220687993307
14-01-2026 13:05||NIFTY27JAN2624800PE,0.1279629174308028
14-01-2026 13:05||NIFTY27JAN2624900PE,0.1228311121004822
14-01-2026 13:05||NIFTY27JAN2625800CE,0.0942576851720125
14-01-2026 13:05||NIFTY27JAN2626200CE,0.0942306961710961
14-01-2026 13:05||NIFTY27JAN2626300CE,0.0958131782802345
14-01-2026 13:10||NIFTY27JAN2624000PE,0.1809285558247315
14-01-2026 13:10||NIFTY27JAN2624600PE,0.1400997757624082
14-01-2026 13:10||NIFTY27JAN2624700PE,0.1337496575111996
14-01-2026 13:10||NIFTY27JAN2624900PE,0.1229431797385317
14-01-2026 13:10||NIFTY27JAN2625300CE,0.1020593943056951
14-01-2026 13:10||NIFTY27JAN2625800CE,0.0926369840210196
14-01-2026 13:10||NIFTY27JAN2625900CE,0.0919796980374444
14-01-2026 13:10||NIFTY27JAN2626400CE,0.0975275837091249
14-01-2026 13:15||NIFTY27JAN2624000PE,0.1807843488916037
14-01-2026 13:15||NIFTY27JAN2624600PE,0.1401051240947581
14-01-2026 13:15||NIFTY27JAN2624800PE,0.1284553930131708
14-01-2026 13:15||NIFTY27JAN2625200CE,0.0927393661768694
14-01-2026 13:15||NIFTY27JAN2625600CE,0.0907459798367333
14-01-2026 13:15||NIFTY27JAN2626100CE,0.0906527389850296
14-01-2026 13:15||NIFTY27JAN2626200CE,0.0917956535819727
14-01-2026 13:20||NIFTY27JAN2624400PE,0.153598119253833
14-01-2026 13:20||NIFTY27JAN2624700PE,0.1335448912981129
14-01-2026 13:20||NIFTY27JAN2624900PE,0.1224302994883468
14-01-2026 13:20||NIFTY27JAN2625200CE,0.0794245363816808
14-01-2026 13:20||NIFTY27JAN2625900CE,0.0905568811587577
14-01-2026 13:25||NIFTY27JAN2624100PE,0.1721649507766805
14-01-2026 13:25||NIFTY27JAN2624700PE,0.1330668576774819
14-01-2026 13:25||NIFTY27JAN2624900PE,0.1218205461663389
14-01-2026 13:25||NIFTY27JAN2625200CE,0.0714635119542781
14-01-2026 13:25||NIFTY27JAN2625600CE,0.0924531350266657
14-01-2026 13:25||NIFTY27JAN2626400CE,0.1177180923347496
14-01-2026 13:25||NIFTY27JAN2626500CE,0.1452346501321623
14-01-2026 13:30||NIFTY27JAN2624200PE,0.163616985685709
14-01-2026 13:30||NIFTY27JAN2624300PE,0.1579895953841962
14-01-2026 13:30||NIFTY27JAN2625200CE,0.0660352015953572
14-01-2026 13:30||NIFTY27JAN2625700CE,0.0905296495662512
14-01-2026 13:30||NIFTY27JAN2626500CE,0.1425074044653918
14-01-2026 13:35||NIFTY27JAN2624000PE,0.1756088067227993
14-01-2026 13:35||NIFTY27JAN2624100PE,0.1691353609562072
14-01-2026 13:35||NIFTY27JAN2625100PE,0.113717667997795
14-01-2026 13:35||NIFTY27JAN2625500CE,0.0879398032931223
14-01-2026 13:35||NIFTY27JAN2625700CE,0.0890541429168921
14-01-2026 13:40||NIFTY27JAN2626500CE,0.1352919240355518
14-01-2026 13:45||NIFTY27JAN2624100PE,0.1668501628411072
14-01-2026 13:45||NIFTY27JAN2624200PE,0.1606127743711224
14-01-2026 13:45||NIFTY27JAN2624400PE,0.1485788387112543
14-01-2026 13:45||NIFTY27JAN2624600PE,0.1339994674918573
14-01-2026 13:45||NIFTY27JAN2624700PE,0.1282975134975278
14-01-2026 13:45||NIFTY27JAN2624800PE,0.124169695890793
14-01-2026 13:45||NIFTY27JAN2625400CE,0.0980957943875642
14-01-2026 13:45||NIFTY27JAN2626200CE,0.0990107910269133
14-01-2026 13:45||NIFTY27JAN2626300CE,0.1022630238965799
14-01-2026 13:45||NIFTY27JAN2626400CE,0.1068326047650652
14-01-2026 13:50||NIFTY27JAN2625400CE,0.0959440941740693
14-01-2026 13:50||NIFTY27JAN2625600CE,0.0940059738829697
14-01-2026 13:50||NIFTY27JAN2626300CE,0.101493841701665
14-01-2026 13:55||NIFTY27JAN2623800PE,0.1645308980073508
14-01-2026 13:55||NIFTY27JAN2624600PE,0.1360536687765
14-01-2026 13:55||NIFTY27JAN2624900PE,0.1203112979579018
14-01-2026 13:55||NIFTY27JAN2625200CE,0.0899263282593578
14-01-2026 13:55||NIFTY27JAN2626200CE,0.0973931314025299
14-01-2026 14:00||NIFTY27JAN2623800PE,0.1638221950376493
14-01-2026 14:00||NIFTY27JAN2623900PE,0.1796075379978721
14-01-2026 14:00||NIFTY27JAN2624400PE,0.1467151728393255
14-01-2026 14:00||NIFTY27JAN2624500PE,0.1409217994064834
14-01-2026 14:05||NIFTY27JAN2624000PE,0.1745212137438864
14-01-2026 14:05||NIFTY27JAN2624300PE,0.1539792482077577
14-01-2026 14:05||NIFTY27JAN2624700PE,0.1286183014284719
14-01-2026 14:05||NIFTY27JAN2624800PE,0.1234328395843903
14-01-2026 14:05||NIFTY27JAN2625200CE,0.1039967126396363
14-01-2026 14:05||NIFTY27JAN2625700CE,0.0947517700462907
14-01-2026 14:05||NIFTY27JAN2625900CE,0.0953838101440935
14-01-2026 14:10||NIFTY27JAN2624200PE,0.1613702064999424
14-01-2026 14:10||NIFTY27JAN2624800PE,0.1235760376576704
14-01-2026 14:10||NIFTY27JAN2625700CE,0.0948419894472766
14-01-2026 14:15||NIFTY27JAN2624600PE,0.1360268619934044
14-01-2026 14:15||NIFTY27JAN2625300CE,0.0973581059711262
14-01-2026 14:15||NIFTY27JAN2625900CE,0.0942103740840607
14-01-2026 14:15||NIFTY27JAN2626000CE,0.0948709383806075
14-01-2026 14:15||NIFTY27JAN2626500CE,0.1371845244840493
14-01-2026 14:20||NIFTY27JAN2624400PE,0.148443514144904
14-01-2026 14:20||NIFTY27JAN2624900PE,0.1197009452196621
14-01-2026 14:20||NIFTY27JAN2625100PE,0.1120632034091371
14-01-2026 14:25||NIFTY27JAN2623800PE,0.1680486051577076
14-01-2026 14:25||NIFTY27JAN2625600CE,0.0987336073128972
14-01-2026 14:25||NIFTY27JAN2626100CE,0.0993372699405278
14-01-2026 14:30||NIFTY27JAN2623900PE,0.1796438130379317
14-01-2026 14:30||NIFTY27JAN2624300PE,0.1532135637120687
14-01-2026 14:30||NIFTY27JAN2624500PE,0.1407593663846062
14-01-2026 14:30||NIFTY27JAN2625000PE,0.1143790708710892
14-01-2026 14:30||NIFTY27JAN2625100PE,0.1106086722517196
14-01-2026 14:30||NIFTY27JAN2625400CE,0.1078398695345692
14-01-2026 14:30||NIFTY27JAN2626000CE,0.0999276868899227
14-01-2026 14:30||NIFTY27JAN2626100CE,0.1008370940589626
14-01-2026 14:30||NIFTY27JAN2626400CE,0.1231510347517161
14-01-2026 14:30||NIFTY27JAN2626500CE,0.1441255204864154
14-01-2026 14:35||NIFTY27JAN2624000PE,0.1746109908051665
14-01-2026 14:35||NIFTY27JAN2624300PE,0.1527351608019423
14-01-2026 14:35||NIFTY27JAN2625500CE,0.10457097760781
14-01-2026 14:35||NIFTY27JAN2625900CE,0.0985630509556946
14-01-2026 14:35||NIFTY27JAN2626400CE,0.1151790153883031
14-01-2026 14:40||NIFTY27JAN2624300PE,0.1537978858738653
14-01-2026 14:40||NIFTY27JAN2624400PE,0.1468646312077249
14-01-2026 14:40||NIFTY27JAN2624500PE,0.1417316465105067
14-01-2026 14:40||NIFTY27JAN2624700PE,0.1291402248180276
14-01-2026 14:40||NIFTY27JAN2624800PE,0.1235360487942162
14-01-2026 14:40||NIFTY27JAN2625000PE,0.1142770801056298
14-01-2026 14:40||NIFTY27JAN2625400CE,0.1049575074924119
14-01-2026 14:40||NIFTY27JAN2625800CE,0.0977635240253957
14-01-2026 14:45||NIFTY27JAN2624500PE,0.1434424101007296
14-01-2026 14:45||NIFTY27JAN2624800PE,0.1253169772763864
14-01-2026 14:45||NIFTY27JAN2625100PE,0.1119820243886446
14-01-2026 14:45||NIFTY27JAN2625400CE,0.1013017811441892
14-01-2026 14:45||NIFTY27JAN2625500CE,0.0999349162897392
14-01-2026 14:45||NIFTY27JAN2625800CE,0.0953348515781909
14-01-2026 14:45||NIFTY27JAN2626100CE,0.0977831342106779
14-01-2026 14:45||NIFTY27JAN2626200CE,0.0997052384972627
14-01-2026 14:45||NIFTY27JAN2626300CE,0.1013071281169487
14-01-2026 14:50||NIFTY27JAN2624400PE,0.1518384451690561
14-01-2026 14:50||NIFTY27JAN2624600PE,0.1379703251807966
14-01-2026 14:50||NIFTY27JAN2624900PE,0.121163325810418
14-01-2026 14:50||NIFTY27JAN2625200CE,0.1002437133897658
14-01-2026 14:50||NIFTY27JAN2625700CE,0.0938924604377393
14-01-2026 14:50||NIFTY27JAN2625800CE,0.0932162026603133
14-01-2026 14:50||NIFTY27JAN2626300CE,0.0997740202889707
14-01-2026 14:55||NIFTY27JAN2624100PE,0.1694592069128065
14-01-2026 14:55||NIFTY27JAN2624200PE,0.1628936011533157
14-01-2026 14:55||NIFTY27JAN2624600PE,0.1373606791952313
14-01-2026 14:55||NIFTY27JAN2624800PE,0.1258583953519476
14-01-2026 14:55||NIFTY27JAN2625100PE,0.1113042894111077
14-01-2026 14:55||NIFTY27JAN2625300CE,0.1025322473174529
14-01-2026 14:55||NIFTY27JAN2625400CE,0.1005013600381344
14-01-2026 14:55||NIFTY27JAN2625600CE,0.0954317654636312
14-01-2026 14:55||NIFTY27JAN2626400CE,0.1030532017019125
14-01-2026 15:00||NIFTY27JAN2624300PE,0.1567144304408763
14-01-2026 15:00||NIFTY27JAN2624700PE,0.1311443103793626
14-01-2026 15:00||NIFTY27JAN2625800CE,0.0925759513127817
14-01-2026 15:05||NIFTY27JAN2623900PE,0.1826345223363312
14-01-2026 15:05||NIFTY27JAN2624400PE,0.1501345790867663
14-01-2026 15:05||NIFTY27JAN2624800PE,0.126138743070302
14-01-2026 15:05||NIFTY27JAN2626300CE,0.1009078132515184
14-01-2026 15:10||NIFTY27JAN2624100PE,0.16948022675894
14-01-2026 15:10||NIFTY27JAN2624500PE,0.1432764318049951
14-01-2026 15:10||NIFTY27JAN2624900PE,0.1210383375974458
14-01-2026 15:10||NIFTY27JAN2625500CE,0.0960477737882453
14-01-2026 15:10||NIFTY27JAN2626200CE,0.0988650143782201
14-01-2026 15:15||NIFTY27JAN2624400PE,0.1486510207050805
14-01-2026 15:15||NIFTY27JAN2624700PE,0.1303119263578369
14-01-2026 15:15||NIFTY27JAN2625100PE,0.1120201006949942
14-01-2026 15:15||NIFTY27JAN2625500CE,0.1019810291050403
14-01-2026 15:15||NIFTY27JAN2625900CE,0.0976585965970237
14-01-2026 15:15||NIFTY27JAN2626100CE,0.0987572396612476
14-01-2026 15:20||NIFTY27JAN2624500PE,0.1421578170507899
14-01-2026 15:20||NIFTY27JAN2624800PE,0.1250095232879303
14-01-2026 15:20||NIFTY27JAN2626100CE,0.0990923943383752
14-01-2026 15:20||NIFTY27JAN2626300CE,0.1070930329183706
14-01-2026 15:20||NIFTY27JAN2626400CE,0.1156736603227213
14-01-2026 15:25||NIFTY27JAN2623900PE,0.1856334080811383
14-01-2026 15:25||NIFTY27JAN2624600PE,0.1389767113894624
14-01-2026 15:25||NIFTY27JAN2625100PE,0.113191109218452
14-01-2026 15:25||NIFTY27JAN2625200CE,0.124637677258547
14-01-2026 15:25||NIFTY27JAN2626400CE,0.1238675862213797
14-01-2026 15:25||NIFTY27JAN2626500CE,0.1464009468282766
16-01-2026 09:15||NIFTY27JAN2624100PE,0.1708150131430147
16-01-2026 09:15||NIFTY27JAN2624200PE,0.1648740893827793
16-01-2026 09:15||NIFTY27JAN2624300PE,0.160854261842702
16-01-2026 09:15||NIFTY27JAN2624800PE,0.1296429261725628
16-01-2026 09:15||NIFTY27JAN2625000PE,0.118296241908262
16-01-2026 09:15||NIFTY27JAN2626000CE,0.099804236486069
16-01-2026 09:15||NIFTY27JAN2626100CE,0.0997741597240251
16-01-2026 09:20||NIFTY27JAN2624100PE,0.1735458960763489
16-01-2026 09:20||NIFTY27JAN2624400PE,0.1559287699625895
16-01-2026 09:20||NIFTY27JAN2624600PE,0.1415204198003723
16-01-2026 09:20||NIFTY27JAN2625000PE,0.1182351597133018
16-01-2026 09:20||NIFTY27JAN2625200CE,0.1382208342784595
16-01-2026 09:20||NIFTY27JAN2625400CE,0.1207850656533859
16-01-2026 09:20||NIFTY27JAN2625700CE,0.1075540183947954
16-01-2026 09:20||NIFTY27JAN2626000CE,0.0994163435221871
16-01-2026 09:25||NIFTY27JAN2624600PE,0.1391070123296541
16-01-2026 09:25||NIFTY27JAN2624700PE,0.1334219517604946
16-01-2026 09:25||NIFTY27JAN2625300CE,0.1204541992559518
16-01-2026 09:25||NIFTY27JAN2625600CE,0.1061740410123028
16-01-2026 09:25||NIFTY27JAN2626300CE,0.0999077279351637
16-01-2026 09:25||NIFTY27JAN2626500CE,0.1385930119827496
16-01-2026 09:30||NIFTY27JAN2623800PE,0.1731786449516956
16-01-2026 09:30||NIFTY27JAN2624300PE,0.1577661221115535
16-01-2026 09:30||NIFTY27JAN2624400PE,0.1514881139858518
16-01-2026 09:30||NIFTY27JAN2624900PE,0.1213702956989696
16-01-2026 09:30||NIFTY27JAN2625100PE,0.1121541113526854
16-01-2026 09:30||NIFTY27JAN2625500CE,0.1085089454772603
16-01-2026 09:30||NIFTY27JAN2625700CE,0.1016104034116673
16-01-2026 09:30||NIFTY27JAN2625900CE,0.0984643575877264
16-01-2026 09:30||NIFTY27JAN2626000CE,0.0969874632999652
16-01-2026 09:35||NIFTY27JAN2624100PE,0.1710695977913781
16-01-2026 09:35||NIFTY27JAN2624200PE,0.1633247898142925
16-01-2026 09:35||NIFTY27JAN2624800PE,0.1256570877849188
16-01-2026 09:35||NIFTY27JAN2625100PE,0.1109758264176874
16-01-2026 09:35||NIFTY27JAN2626300CE,0.1001599497311349
16-01-2026 09:35||NIFTY27JAN2626400CE,0.1052438032494812
16-01-2026 09:40||NIFTY27JAN2624200PE,0.164012161942533
16-01-2026 09:40||NIFTY27JAN2624300PE,0.1583789900679796
16-01-2026 09:40||NIFTY27JAN2625900CE,0.101421124943665
16-01-2026 09:40||NIFTY27JAN2626500CE,0.1384114452494285
16-01-2026 09:45||NIFTY27JAN2623900PE,0.1888089185033375
16-01-2026 09:45||NIFTY27JAN2624500PE,0.1458817850273439
16-01-2026 09:45||NIFTY27JAN2624800PE,0.1234141103209793
16-01-2026 09:45||NIFTY27JAN2624900PE,0.1172198063677204
16-01-2026 09:45||NIFTY27JAN2625400CE,0.1242970280012543
16-01-2026 09:45||NIFTY27JAN2626000CE,0.1009003076503405
16-01-2026 09:45||NIFTY27JAN2626100CE,0.0994340213148513
16-01-2026 09:50||NIFTY27JAN2623900PE,0.1904684845315533
16-01-2026 09:50||NIFTY27JAN2624200PE,0.1692953602471572
16-01-2026 09:50||NIFTY27JAN2624900PE,0.1178087880549952
16-01-2026 09:50||NIFTY27JAN2625500CE,0.1120754010010219
16-01-2026 09:50||NIFTY27JAN2625600CE,0.1074279612767341
16-01-2026 09:50||NIFTY27JAN2625700CE,0.1045768717465618
16-01-2026 09:50||NIFTY27JAN2625800CE,0.1013990855947868
16-01-2026 09:50||NIFTY27JAN2626000CE,0.0988102269535799
16-01-2026 09:50||NIFTY27JAN2626200CE,0.0963233296876751
16-01-2026 09:55||NIFTY27JAN2623800PE,0.1812988278439342
16-01-2026 09:55||NIFTY27JAN2624000PE,0.1848689775440771
16-01-2026 09:55||NIFTY27JAN2624200PE,0.1704680461520707
16-01-2026 09:55||NIFTY27JAN2624500PE,0.1488285837444927
16-01-2026 09:55||NIFTY27JAN2624900PE,0.1186470852041063
16-01-2026 09:55||NIFTY27JAN2625000PE,0.1134826501317007
16-01-2026 09:55||NIFTY27JAN2625300CE,0.1244960176747839
16-01-2026 09:55||NIFTY27JAN2625400CE,0.1175706051580572
16-01-2026 09:55||NIFTY27JAN2625500CE,0.1122158787711337
16-01-2026 09:55||NIFTY27JAN2625700CE,0.1045311488938388
16-01-2026 09:55||NIFTY27JAN2625900CE,0.0985948429049551
16-01-2026 09:55||NIFTY27JAN2626000CE,0.0977684662995398
16-01-2026 09:55||NIFTY27JAN2626400CE,0.1260162865715371
16-01-2026 09:55||NIFTY27JAN2626500CE,0.1514740767341096
16-01-2026 10:00||NIFTY27JAN2624000PE,0.1841728985488704
16-01-2026 10:00||NIFTY27JAN2625400CE,0.1231552131631032
16-01-2026 10:00||NIFTY27JAN2625900CE,0.1007347550116981
16-01-2026 10:00||NIFTY27JAN2626000CE,0.0989998457475405
16-01-2026 10:00||NIFTY27JAN2626400CE,0.1369265043682213
16-01-2026 10:00||NIFTY27JAN2626500CE,0.1616605846375144
16-01-2026 10:05||NIFTY27JAN2624000PE,0.1845433052554828
16-01-2026 10:05||NIFTY27JAN2624100PE,0.1786123334107061
16-01-2026 10:05||NIFTY27JAN2624400PE,0.1577069351791943
16-01-2026 10:05||NIFTY27JAN2625100PE,0.1103720178103153
16-01-2026 10:05||NIFTY27JAN2625700CE,0.1104368655945334
16-01-2026 10:05||NIFTY27JAN2626400CE,0.1302550458592425
16-01-2026 10:05||NIFTY27JAN2626500CE,0.1548248752811283
16-01-2026 10:10||NIFTY27JAN2623900PE,0.1949114145993837
16-01-2026 10:10||NIFTY27JAN2624800PE,0.129776081459535
16-01-2026 10:10||NIFTY27JAN2625300CE,0.1387399940989533
16-01-2026 10:10||NIFTY27JAN2625600CE,0.1208248366474416
16-01-2026 10:10||NIFTY27JAN2626100CE,0.1027548874121949
16-01-2026 10:10||NIFTY27JAN2626400CE,0.1146923539822592
16-01-2026 10:15||NIFTY27JAN2623800PE,0.1789322670658143
16-01-2026 10:15||NIFTY27JAN2624400PE,0.161776736796319
16-01-2026 10:15||NIFTY27JAN2624500PE,0.1540805279173531
16-01-2026 10:15||NIFTY27JAN2625300CE,0.1465085923251249
16-01-2026 10:20||NIFTY27JAN2623800PE,0.1809809686776764
16-01-2026 10:20||NIFTY27JAN2624300PE,0.1731720760665262
16-01-2026 10:20||NIFTY27JAN2624500PE,0.157908368095395
16-01-2026 10:20||NIFTY27JAN2624800PE,0.136818482170219
16-01-2026 10:20||NIFTY27JAN2625700CE,0.1208275991043741
16-01-2026 10:20||NIFTY27JAN2625900CE,0.1116724544683221
16-01-2026 10:20||NIFTY27JAN2626400CE,0.105768065065203
16-01-2026 10:25||NIFTY27JAN2624000PE,0.1970049716207656
16-01-2026 10:25||NIFTY27JAN2624200PE,0.1812337075217945
16-01-2026 10:25||NIFTY27JAN2624300PE,0.1740845527102272
16-01-2026 10:25||NIFTY27JAN2624600PE,0.152991556264334
16-01-2026 10:25||NIFTY27JAN2625400CE,0.1350356804870534
16-01-2026 10:25||NIFTY27JAN2626000CE,0.1047624793961951
16-01-2026 10:30||NIFTY27JAN2624200PE,0.1823433839939703
16-01-2026 10:30||NIFTY27JAN2624400PE,0.1687935755796999
16-01-2026 10:30||NIFTY27JAN2624800PE,0.1396098045389406
16-01-2026 10:30||NIFTY27JAN2625500CE,0.1254769055110496
16-01-2026 10:35||NIFTY27JAN2624000PE,0.1980764920707632
16-01-2026 10:35||NIFTY27JAN2624200PE,0.1834990228474336
16-01-2026 10:35||NIFTY27JAN2624900PE,0.1331719668486745
16-01-2026 10:35||NIFTY27JAN2625100PE,0.1230299386663637
16-01-2026 10:35||NIFTY27JAN2625200CE,0.1347063717870522
16-01-2026 10:35||NIFTY27JAN2625600CE,0.1134127324461466
16-01-2026 10:35||NIFTY27JAN2626300CE,0.0984936051400252
16-01-2026 10:35||NIFTY27JAN2626400CE,0.0994800539756804
16-01-2026 10:40||NIFTY27JAN2623800PE,0.1815994660830298
16-01-2026 10:40||NIFTY27JAN2624200PE,0.1840035802578148
16-01-2026 10:40||NIFTY27JAN2624700PE,0.1476207936346432
16-01-2026 10:40||NIFTY27JAN2624900PE,0.1332999970913371
16-01-2026 10:40||NIFTY27JAN2626200CE,0.0972900002015552
16-01-2026 10:45||NIFTY27JAN2623800PE,0.1809587759608195
16-01-2026 10:45||NIFTY27JAN2624000PE,0.1975968183039309
16-01-2026 10:45||NIFTY27JAN2624400PE,0.1685052237657436
16-01-2026 10:45||NIFTY27JAN2624600PE,0.1536351748601734
16-01-2026 10:45||NIFTY27JAN2624900PE,0.1330745765537076
16-01-2026 10:45||NIFTY27JAN2625200CE,0.1322258606941679
16-01-2026 10:50||NIFTY27JAN2624200PE,0.1799316146512436
16-01-2026 10:50||NIFTY27JAN2624300PE,0.1727519912205763
16-01-2026 10:50||NIFTY27JAN2624400PE,0.1669102729304313
16-01-2026 10:50||NIFTY27JAN2624600PE,0.1529487296557466
16-01-2026 10:50||NIFTY27JAN2625400CE,0.1277800616591506
16-01-2026 10:50||NIFTY27JAN2626300CE,0.0986934202106394
16-01-2026 10:50||NIFTY27JAN2626400CE,0.1029663495966278
16-01-2026 10:55||NIFTY27JAN2623800PE,0.1851487000318466
16-01-2026 10:55||NIFTY27JAN2623900PE,0.2015552391260343
16-01-2026 10:55||NIFTY27JAN2624900PE,0.130990308913715
16-01-2026 10:55||NIFTY27JAN2625400CE,0.1253547698422998
16-01-2026 10:55||NIFTY27JAN2625800CE,0.1038960512091503
16-01-2026 10:55||NIFTY27JAN2625900CE,0.1008483402392059
16-01-2026 10:55||NIFTY27JAN2626100CE,0.0970126552530223
16-01-2026 10:55||NIFTY27JAN2626500CE,0.1387988135810341
16-01-2026 11:00||NIFTY27JAN2624400PE,0.1664583424892938
16-01-2026 11:00||NIFTY27JAN2624900PE,0.1297762655138044
16-01-2026 11:00||NIFTY27JAN2625000PE,0.1239478971280449
16-01-2026 11:00||NIFTY27JAN2625300CE,0.1371406047013557
16-01-2026 11:00||NIFTY27JAN2626000CE,0.0994175456742812
16-01-2026 11:00||NIFTY27JAN2626100CE,0.0973693221393049
16-01-2026 11:05||NIFTY27JAN2624300PE,0.1725100026998186
16-01-2026 11:05||NIFTY27JAN2624400PE,0.165396775612571
16-01-2026 11:05||NIFTY27JAN2625100PE,0.1209163304787145
16-01-2026 11:05||NIFTY27JAN2626100CE,0.0977325541175239
16-01-2026 11:10||NIFTY27JAN2624000PE,0.1935268754712941
16-01-2026 11:10||NIFTY27JAN2625800CE,0.1038808720608398
16-01-2026 11:10||NIFTY27JAN2626000CE,0.0984563066186005
16-01-2026 11:15||NIFTY27JAN2623900PE,0.1985094391053424
16-01-2026 11:15||NIFTY27JAN2624600PE,0.1502755393689798
16-01-2026 11:15||NIFTY27JAN2625800CE,0.1019015928426509
16-01-2026 11:15||NIFTY27JAN2626200CE,0.0957200878445003
16-01-2026 11:20||NIFTY27JAN2623800PE,0.1774183085189611
16-01-2026 11:20||NIFTY27JAN2624000PE,0.1899497197684471
16-01-2026 11:20||NIFTY27JAN2624100PE,0.1833800095212812
16-01-2026 11:20||NIFTY27JAN2624900PE,0.1296746430369348
16-01-2026 11:20||NIFTY27JAN2625900CE,0.1003422764026915
16-01-2026 11:20||NIFTY27JAN2626000CE,0.0981678973969034
16-01-2026 11:20||NIFTY27JAN2626200CE,0.0965750648764779
16-01-2026 11:25||NIFTY27JAN2624200PE,0.1768393886808741
16-01-2026 11:25||NIFTY27JAN2624800PE,0.1357512491172155
16-01-2026 11:25||NIFTY27JAN2625000PE,0.1233629660677571
16-01-2026 11:25||NIFTY27JAN2626300CE,0.0973983050428872
16-01-2026 11:30||NIFTY27JAN2624300PE,0.1700000820059309
16-01-2026 11:30||NIFTY27JAN2625600CE,0.1079035813365416
16-01-2026 11:30||NIFTY27JAN2626500CE,0.1403340425963653
16-01-2026 11:35||NIFTY27JAN2624500PE,0.1545178519683558
16-01-2026 11:35||NIFTY27JAN2624800PE,0.1356802314550677
16-01-2026 11:35||NIFTY27JAN2625300CE,0.120972563635829
16-01-2026 11:35||NIFTY27JAN2625500CE,0.1098896512332913
16-01-2026 11:35||NIFTY27JAN2626200CE,0.0955907617781244
16-01-2026 11:40||NIFTY27JAN2624400PE,0.1601532447120443
16-01-2026 11:40||NIFTY27JAN2624500PE,0.1532070607599473
16-01-2026 11:40||NIFTY27JAN2625500CE,0.1122280053484481
16-01-2026 11:40||NIFTY27JAN2626100CE,0.0964741678287203
16-01-2026 11:45||NIFTY27JAN2624300PE,0.1680732237905907
16-01-2026 11:45||NIFTY27JAN2625000PE,0.121638443511281
16-01-2026 11:45||NIFTY27JAN2625400CE,0.1213882788782653
16-01-2026 11:50||NIFTY27JAN2623900PE,0.1966501845167002
16-01-2026 11:50||NIFTY27JAN2624300PE,0.1685629546099817
16-01-2026 11:50||NIFTY27JAN2625500CE,0.1118163857401977
16-01-2026 11:55||NIFTY27JAN2624000PE,0.188243559848615
16-01-2026 11:55||NIFTY27JAN2624500PE,0.1532369501901556
16-01-2026 11:55||NIFTY27JAN2624800PE,0.1329446207549094
16-01-2026 11:55||NIFTY27JAN2625000PE,0.1228849555469424
16-01-2026 11:55||NIFTY27JAN2625100PE,0.1181732863701511
16-01-2026 11:55||NIFTY27JAN2626200CE,0.0976859577257382
16-01-2026 12:00||NIFTY27JAN2623900PE,0.1935097489833753
16-01-2026 12:00||NIFTY27JAN2624000PE,0.1867362769983245
16-01-2026 12:00||NIFTY27JAN2624200PE,0.1739542475052889
16-01-2026 12:00||NIFTY27JAN2624400PE,0.1595240674131012
16-01-2026 12:00||NIFTY27JAN2624800PE,0.1315184135744918
16-01-2026 12:00||NIFTY27JAN2624900PE,0.1256029507334003
16-01-2026 12:00||NIFTY27JAN2625200CE,0.1306869149517502
16-01-2026 12:00||NIFTY27JAN2626200CE,0.1006579632069829
16-01-2026 12:05||NIFTY27JAN2623800PE,0.1759561499022764
16-01-2026 12:05||NIFTY27JAN2624200PE,0.1736809112395051
16-01-2026 12:05||NIFTY27JAN2624500PE,0.1521478646325843
16-01-2026 12:05||NIFTY27JAN2624800PE,0.1320640266337151
16-01-2026 12:05||NIFTY27JAN2625000PE,0.1197573936856126
16-01-2026 12:05||NIFTY27JAN2625200CE,0.1424978375752181
16-01-2026 12:05||NIFTY27JAN2625900CE,0.1097550799756967
16-01-2026 12:10||NIFTY27JAN2624800PE,0.132414147457262
16-01-2026 12:10||NIFTY27JAN2625100PE,0.1170188029302825
16-01-2026 12:10||NIFTY27JAN2625300CE,0.1404271021097777
16-01-2026 12:10||NIFTY27JAN2625800CE,0.1128528150837746
16-01-2026 12:10||NIFTY27JAN2626000CE,0.1053265931382855
16-01-2026 12:10||NIFTY27JAN2626100CE,0.102427933008549
16-01-2026 12:15||NIFTY27JAN2624000PE,0.1899869677211627
16-01-2026 12:15||NIFTY27JAN2624600PE,0.1462797138534108
16-01-2026 12:15||NIFTY27JAN2624800PE,0.1322215054594363
16-01-2026 12:15||NIFTY27JAN2624900PE,0.1262905413777651
16-01-2026 12:15||NIFTY27JAN2625000PE,0.1216010061778098
16-01-2026 12:15||NIFTY27JAN2625800CE,0.1080069015710455
16-01-2026 12:15||NIFTY27JAN2626000CE,0.1024231920659105
16-01-2026 12:20||NIFTY27JAN2623900PE,0.1968087070139331
16-01-2026 12:20||NIFTY27JAN2624300PE,0.1679249979975815
16-01-2026 12:20||NIFTY27JAN2624500PE,0.1522812446406484
16-01-2026 12:20||NIFTY27JAN2624900PE,0.1280663490938074
16-01-2026 12:20||NIFTY27JAN2625400CE,0.1073479221906143
16-01-2026 12:20||NIFTY27JAN2625600CE,0.0995002422955112
16-01-2026 12:20||NIFTY27JAN2625700CE,0.0976612356794132
16-01-2026 12:25||NIFTY27JAN2623800PE,0.1743473822480916
16-01-2026 12:25||NIFTY27JAN2624500PE,0.1504862011199316
16-01-2026 12:25||NIFTY27JAN2624700PE,0.1370661816660344
16-01-2026 12:25||NIFTY27JAN2624800PE,0.1316053144949801
16-01-2026 12:25||NIFTY27JAN2625000PE,0.1227662586957883
16-01-2026 12:25||NIFTY27JAN2625100PE,0.1177089329539818
16-01-2026 12:25||NIFTY27JAN2626400CE,0.1002305394538758
16-01-2026 12:30||NIFTY27JAN2623800PE,0.17231747012867
16-01-2026 12:30||NIFTY27JAN2624400PE,0.1556647588577945
16-01-2026 12:30||NIFTY27JAN2624600PE,0.1417933472358003
16-01-2026 12:35||NIFTY27JAN2623800PE,0.1713197190953926
16-01-2026 12:35||NIFTY27JAN2623900PE,0.1904534409807102
16-01-2026 12:35||NIFTY27JAN2624800PE,0.129047616785987
16-01-2026 12:35||NIFTY27JAN2625600CE,0.1124440787524353
16-01-2026 12:35||NIFTY27JAN2625700CE,0.1088039404316444
16-01-2026 12:35||NIFTY27JAN2625800CE,0.1078719385912544
16-01-2026 12:35||NIFTY27JAN2625900CE,0.1075410419639429
16-01-2026 12:35||NIFTY27JAN2626000CE,0.1035092397920282
16-01-2026 12:35||NIFTY27JAN2626200CE,0.0997650664391565
16-01-2026 12:40||NIFTY27JAN2623800PE,0.1724989817986561
16-01-2026 12:40||NIFTY27JAN2625200CE,0.1262454003688024
16-01-2026 12:40||NIFTY27JAN2625900CE,0.1053909633838556
16-01-2026 12:45||NIFTY27JAN2624000PE,0.1835093748194016
16-01-2026 12:45||NIFTY27JAN2624800PE,0.1291540851536644
16-01-2026 12:45||NIFTY27JAN2625700CE,0.1060467529592578
16-01-2026 12:45||NIFTY27JAN2625900CE,0.1040923053739918
16-01-2026 12:45||NIFTY27JAN2626000CE,0.0998793286312069
16-01-2026 12:45||NIFTY27JAN2626300CE,0.1004914514049951
16-01-2026 12:50||NIFTY27JAN2624300PE,0.1619019003877398
16-01-2026 12:50||NIFTY27JAN2626000CE,0.099108236312885
16-01-2026 12:50||NIFTY27JAN2626200CE,0.099352040207525
16-01-2026 12:55||NIFTY27JAN2623900PE,0.1907105989992808
16-01-2026 12:55||NIFTY27JAN2624700PE,0.1334768850098347
16-01-2026 12:55||NIFTY27JAN2624900PE,0.1230270028445968
16-01-2026 12:55||NIFTY27JAN2625500CE,0.1110462693982275
16-01-2026 12:55||NIFTY27JAN2625800CE,0.1018445721620132
16-01-2026 13:00||NIFTY27JAN2623800PE,0.1724714954988708
16-01-2026 13:00||NIFTY27JAN2624700PE,0.1321238667119349
16-01-2026 13:00||NIFTY27JAN2624800PE,0.1268134282784313
16-01-2026 13:00||NIFTY27JAN2625400CE,0.1122442319934191
16-01-2026 13:00||NIFTY27JAN2625900CE,0.0993317392752948
16-01-2026 13:00||NIFTY27JAN2626000CE,0.0984119461071695
16-01-2026 13:05||NIFTY27JAN2624100PE,0.1738469048430871
16-01-2026 13:05||NIFTY27JAN2625000PE,0.1157275658211486
16-01-2026 13:05||NIFTY27JAN2625300CE,0.1215837919235884
16-01-2026 13:10||NIFTY27JAN2625200CE,0.1306415496086521
16-01-2026 13:15||NIFTY27JAN2623800PE,0.170790445453435
16-01-2026 13:15||NIFTY27JAN2624100PE,0.1718983686882798
16-01-2026 13:15||NIFTY27JAN2624600PE,0.1355064038967729
16-01-2026 13:15||NIFTY27JAN2624700PE,0.1292369805012154
16-01-2026 13:15||NIFTY27JAN2625800CE,0.1012599829602414
16-01-2026 13:15||NIFTY27JAN2626100CE,0.1000995256268423
16-01-2026 13:15||NIFTY27JAN2626200CE,0.1003209237850035
16-01-2026 13:20||NIFTY27JAN2624300PE,0.1552853402712293
16-01-2026 13:20||NIFTY27JAN2624700PE,0.1285103835143057
16-01-2026 13:20||NIFTY27JAN2625100PE,0.1096196114540103
16-01-2026 13:20||NIFTY27JAN2625600CE,0.1099076968545293
16-01-2026 13:20||NIFTY27JAN2626100CE,0.1012164964766309
16-01-2026 13:25||NIFTY27JAN2623900PE,0.184204986986032
16-01-2026 13:25||NIFTY27JAN2624300PE,0.1532819132005305
16-01-2026 13:25||NIFTY27JAN2624400PE,0.1471191093038805
16-01-2026 13:25||NIFTY27JAN2625200CE,0.1302311857414697
16-01-2026 13:25||NIFTY27JAN2625300CE,0.1238412708626386
16-01-2026 13:25||NIFTY27JAN2625500CE,0.1146093292010634
16-01-2026 13:25||NIFTY27JAN2625800CE,0.1040943964729115
16-01-2026 13:25||NIFTY27JAN2626400CE,0.1212811941669663
16-01-2026 13:25||NIFTY27JAN2626500CE,0.1440905657422231
16-01-2026 13:30||NIFTY27JAN2624000PE,0.1761720029785065
16-01-2026 13:30||NIFTY27JAN2624200PE,0.1611691570149222
16-01-2026 13:30||NIFTY27JAN2624400PE,0.1470299254059083
16-01-2026 13:30||NIFTY27JAN2624900PE,0.1169236318194971
16-01-2026 13:30||NIFTY27JAN2625000PE,0.1122281811508101
16-01-2026 13:30||NIFTY27JAN2625200CE,0.1334701612179846
16-01-2026 13:35||NIFTY27JAN2624400PE,0.1474169108901673
16-01-2026 13:35||NIFTY27JAN2624500PE,0.1413992497673183
16-01-2026 13:35||NIFTY27JAN2624900PE,0.1183359920611568
16-01-2026 13:35||NIFTY27JAN2625500CE,0.112182208396911
16-01-2026 13:35||NIFTY27JAN2626100CE,0.10038628725569
16-01-2026 13:35||NIFTY27JAN2626400CE,0.1091631413713278
16-01-2026 13:40||NIFTY27JAN2623900PE,0.1846261115195967
16-01-2026 13:40||NIFTY27JAN2624500PE,0.1422299420743907
16-01-2026 13:40||NIFTY27JAN2624700PE,0.1299964718629722
16-01-2026 13:40||NIFTY27JAN2625200CE,0.1373386817012704
16-01-2026 13:40||NIFTY27JAN2625300CE,0.1280317437144326
16-01-2026 13:40||NIFTY27JAN2625900CE,0.1025273085430079
16-01-2026 13:40||NIFTY27JAN2626000CE,0.1011658018417343
16-01-2026 13:40||NIFTY27JAN2626200CE,0.1016255046872758
16-01-2026 13:40||NIFTY27JAN2626500CE,0.1405121683828337
16-01-2026 13:45||NIFTY27JAN2623900PE,0.1854163133301053
16-01-2026 13:45||NIFTY27JAN2624100PE,0.1703706621724684
16-01-2026 13:45||NIFTY27JAN2624500PE,0.1434708885465938
16-01-2026 13:50||NIFTY27JAN2624700PE,0.1314643856446339
16-01-2026 13:50||NIFTY27JAN2625900CE,0.0992358078076252
16-01-2026 13:50||NIFTY27JAN2626000CE,0.098710061184962
16-01-2026 13:55||NIFTY27JAN2623900PE,0.1855556975363432
16-01-2026 13:55||NIFTY27JAN2624200PE,0.161682056341581
16-01-2026 13:55||NIFTY27JAN2624300PE,0.1553634755358571
16-01-2026 13:55||NIFTY27JAN2625000PE,0.1177923122022451
16-01-2026 13:55||NIFTY27JAN2625700CE,0.1005019457319754
16-01-2026 13:55||NIFTY27JAN2626100CE,0.098566262238093
16-01-2026 14:00||NIFTY27JAN2624500PE,0.1424091872284536
16-01-2026 14:00||NIFTY27JAN2624900PE,0.1219283517371116
16-01-2026 14:00||NIFTY27JAN2625000PE,0.1186075753372413
16-01-2026 14:00||NIFTY27JAN2625100PE,0.1144902879933656
16-01-2026 14:00||NIFTY27JAN2626000CE,0.098682300117988
16-01-2026 14:05||NIFTY27JAN2624100PE,0.1705276478447316
16-01-2026 14:05||NIFTY27JAN2625500CE,0.1050029181343385
16-01-2026 14:05||NIFTY27JAN2625800CE,0.0994915744849234
16-01-2026 14:05||NIFTY27JAN2626100CE,0.0989923274927673
16-01-2026 14:10||NIFTY27JAN2624500PE,0.1426513792438867
16-01-2026 14:10||NIFTY27JAN2625100PE,0.1117191040391632
16-01-2026 14:10||NIFTY27JAN2625500CE,0.1067777668669644
16-01-2026 14:10||NIFTY27JAN2626400CE,0.1227004112458118
16-01-2026 14:10||NIFTY27JAN2626500CE,0.1461297532740466
16-01-2026 14:15||NIFTY27JAN2624300PE,0.1562240793029058
16-01-2026 14:15||NIFTY27JAN2624600PE,0.1359017128764457
16-01-2026 14:15||NIFTY27JAN2624900PE,0.1191123839317179
16-01-2026 14:15||NIFTY27JAN2625500CE,0.1096174909604536
16-01-2026 14:20||NIFTY27JAN2624200PE,0.1640203337192408
16-01-2026 14:20||NIFTY27JAN2624800PE,0.1248625191934298
16-01-2026 14:20||NIFTY27JAN2625100PE,0.1111140551477192
16-01-2026 14:20||NIFTY27JAN2626000CE,0.0986891679377714
16-01-2026 14:20||NIFTY27JAN2626300CE,0.103093410180095
16-01-2026 14:25||NIFTY27JAN2623900PE,0.1871469740277163
16-01-2026 14:25||NIFTY27JAN2624900PE,0.1200477336422009
16-01-2026 14:25||NIFTY27JAN2625100PE,0.1115387025243706
16-01-2026 14:25||NIFTY27JAN2625500CE,0.1077746680603178
16-01-2026 14:25||NIFTY27JAN2626500CE,0.140569097719651
16-01-2026 14:30||NIFTY27JAN2623800PE,0.1757831162197967
16-01-2026 14:30||NIFTY27JAN2624300PE,0.1578083041283272
16-01-2026 14:30||NIFTY27JAN2626300CE,0.1023965920067659
16-01-2026 14:35||NIFTY27JAN2623800PE,0.1781850237157425
16-01-2026 14:35||NIFTY27JAN2624800PE,0.1232244866297022
16-01-2026 14:35||NIFTY27JAN2624900PE,0.1177314191958635
16-01-2026 14:35||NIFTY27JAN2625000PE,0.1140439164627004
16-01-2026 14:35||NIFTY27JAN2625300CE,0.1162911238756927
16-01-2026 14:35||NIFTY27JAN2625900CE,0.098667279381598
16-01-2026 14:35||NIFTY27JAN2626100CE,0.0997929636307884
16-01-2026 14:35||NIFTY27JAN2626200CE,0.1012031599119576
16-01-2026 14:35||NIFTY27JAN2626300CE,0.1022673189521762
16-01-2026 14:35||NIFTY27JAN2626500CE,0.1439701386412664
16-01-2026 14:40||NIFTY27JAN2624200PE,0.1642075066332683
16-01-2026 14:40||NIFTY27JAN2624600PE,0.1375665170310685
16-01-2026 14:40||NIFTY27JAN2624900PE,0.1188278720348425
16-01-2026 14:40||NIFTY27JAN2625800CE,0.0982282603093699
16-01-2026 14:40||NIFTY27JAN2626500CE,0.1444242022293109
16-01-2026 14:45||NIFTY27JAN2623900PE,0.1834206654120294
16-01-2026 14:45||NIFTY27JAN2624000PE,0.1752687748538047
16-01-2026 14:45||NIFTY27JAN2624100PE,0.167998580677458
16-01-2026 14:45||NIFTY27JAN2625000PE,0.115150747728737
16-01-2026 14:45||NIFTY27JAN2625300CE,0.1153234581186145
16-01-2026 14:45||NIFTY27JAN2625600CE,0.1038565208182245
16-01-2026 14:45||NIFTY27JAN2626300CE,0.1024878243667347
16-01-2026 14:45||NIFTY27JAN2626400CE,0.1082414292370756
16-01-2026 14:50||NIFTY27JAN2623900PE,0.1844655188440077
16-01-2026 14:50||NIFTY27JAN2624100PE,0.1668901612546683
16-01-2026 14:50||NIFTY27JAN2624200PE,0.1597679929338781
16-01-2026 14:50||NIFTY27JAN2624300PE,0.1551749286263899
16-01-2026 14:50||NIFTY27JAN2624700PE,0.1309345707351859
16-01-2026 14:50||NIFTY27JAN2625100PE,0.1119941061297444
16-01-2026 14:55||NIFTY27JAN2624200PE,0.1613607155388433
16-01-2026 14:55||NIFTY27JAN2624900PE,0.1197337150738063
16-01-2026 14:55||NIFTY27JAN2625200CE,0.1213667683314997
16-01-2026 14:55||NIFTY27JAN2625300CE,0.1133940767255559
16-01-2026 14:55||NIFTY27JAN2625600CE,0.1028884175351206
16-01-2026 14:55||NIFTY27JAN2625700CE,0.10014828216975
16-01-2026 14:55||NIFTY27JAN2625800CE,0.0987567917196515
16-01-2026 15:00||NIFTY27JAN2624000PE,0.1780081958303332
16-01-2026 15:00||NIFTY27JAN2624800PE,0.1248277177677094
16-01-2026 15:00||NIFTY27JAN2624900PE,0.119687357921406
16-01-2026 15:00||NIFTY27JAN2625500CE,0.104416740370736
16-01-2026 15:05||NIFTY27JAN2623900PE,0.185641980015829
16-01-2026 15:05||NIFTY27JAN2624100PE,0.1686618710685648
16-01-2026 15:05||NIFTY27JAN2624200PE,0.1616688593529539
16-01-2026 15:05||NIFTY27JAN2624600PE,0.1366811491744788
16-01-2026 15:05||NIFTY27JAN2624900PE,0.1201565604470792
16-01-2026 15:05||NIFTY27JAN2626200CE,0.0979457657722031
16-01-2026 15:10||NIFTY27JAN2623900PE,0.1851794401107315
16-01-2026 15:10||NIFTY27JAN2624700PE,0.1288769067655183
16-01-2026 15:10||NIFTY27JAN2624800PE,0.124048494704662
16-01-2026 15:10||NIFTY27JAN2625100PE,0.111982922824128
16-01-2026 15:10||NIFTY27JAN2625600CE,0.1024926102197576
16-01-2026 15:15||NIFTY27JAN2623800PE,0.1725485290510321
16-01-2026 15:15||NIFTY27JAN2624200PE,0.1610417483435879
16-01-2026 15:15||NIFTY27JAN2624400PE,0.1466871096165886
16-01-2026 15:15||NIFTY27JAN2624500PE,0.1410060765303969
16-01-2026 15:15||NIFTY27JAN2624700PE,0.1283796228030982
16-01-2026 15:15||NIFTY27JAN2624800PE,0.1234354913547734
16-01-2026 15:15||NIFTY27JAN2625000PE,0.1150422058323363
16-01-2026 15:15||NIFTY27JAN2625300CE,0.1162217004490244
16-01-2026 15:15||NIFTY27JAN2625500CE,0.1066116584616787
16-01-2026 15:15||NIFTY27JAN2626000CE,0.0976376742399757
16-01-2026 15:15||NIFTY27JAN2626100CE,0.0968408125636822
16-01-2026 15:15||NIFTY27JAN2626300CE,0.1049477533227595
16-01-2026 15:20||NIFTY27JAN2623900PE,0.1844787566472176
16-01-2026 15:20||NIFTY27JAN2624000PE,0.177261601752228
16-01-2026 15:20||NIFTY27JAN2624200PE,0.1615587805925349
16-01-2026 15:20||NIFTY27JAN2624400PE,0.147166669243134
16-01-2026 15:20||NIFTY27JAN2624600PE,0.1356383784634027
16-01-2026 15:20||NIFTY27JAN2624800PE,0.1242850162187798
16-01-2026 15:20||NIFTY27JAN2625500CE,0.1066801261204438
16-01-2026 15:20||NIFTY27JAN2625900CE,0.0982685399837747
16-01-2026 15:20||NIFTY27JAN2626100CE,0.096113975961618
16-01-2026 15:20||NIFTY27JAN2626400CE,0.1329597811923845
16-01-2026 15:20||NIFTY27JAN2626500CE,0.1571151711407168
16-01-2026 15:25||NIFTY27JAN2626400CE,0.1399687918680948
16-01-2026 15:25||NIFTY27JAN2626500CE,0.1641499804907344
19-01-2026 09:15||NIFTY27JAN2624700PE,0.1350978231481413
19-01-2026 09:15||NIFTY27JAN2624900PE,0.1241235654976387
19-01-2026 09:15||NIFTY27JAN2625400CE,0.1080833107973167
19-01-2026 09:15||NIFTY27JAN2625500CE,0.106237877617234
19-01-2026 09:15||NIFTY27JAN2625900CE,0.1065539453195922
19-01-2026 09:15||NIFTY27JAN2626300CE,0.1207388259256481
19-01-2026 09:15||NIFTY27JAN2626400CE,0.1332413431306311
19-01-2026 09:20||NIFTY27JAN2624600PE,0.1440512642860425
19-01-2026 09:20||NIFTY27JAN2625700CE,0.1111707414774866
19-01-2026 09:20||NIFTY27JAN2626100CE,0.1175673168383203
19-01-2026 09:20||NIFTY27JAN2626400CE,0.1287349701155396
19-01-2026 09:25||NIFTY27JAN2624500PE,0.1510405262230751
19-01-2026 09:25||NIFTY27JAN2625500CE,0.1066554358593736
19-01-2026 09:25||NIFTY27JAN2625600CE,0.1094027455986254
19-01-2026 09:25||NIFTY27JAN2625700CE,0.1110197315833366
19-01-2026 09:25||NIFTY27JAN2626100CE,0.118167906079788
19-01-2026 09:25||NIFTY27JAN2626200CE,0.1196235860953165
19-01-2026 09:25||NIFTY27JAN2626400CE,0.1315855768873945
19-01-2026 09:30||NIFTY27JAN2623800PE,0.1912277548182542
19-01-2026 09:30||NIFTY27JAN2624000PE,0.19267090276157
19-01-2026 09:30||NIFTY27JAN2624200PE,0.173427884182309
19-01-2026 09:30||NIFTY27JAN2624300PE,0.1654563819992314
19-01-2026 09:30||NIFTY27JAN2624400PE,0.1584221083031357
19-01-2026 09:30||NIFTY27JAN2624800PE,0.1292488033164087
19-01-2026 09:30||NIFTY27JAN2625400CE,0.1116665279907993
19-01-2026 09:30||NIFTY27JAN2625800CE,0.1087714320503284
19-01-2026 09:30||NIFTY27JAN2626500CE,0.1587179438049189
19-01-2026 09:35||NIFTY27JAN2624500PE,0.1493832448036187
19-01-2026 09:35||NIFTY27JAN2624800PE,0.1295511454294223
19-01-2026 09:35||NIFTY27JAN2625500CE,0.1122429361430558
19-01-2026 09:35||NIFTY27JAN2625600CE,0.1116939244297127
19-01-2026 09:35||NIFTY27JAN2626200CE,0.120656393533136
19-01-2026 09:40||NIFTY27JAN2624100PE,0.183094184124773
19-01-2026 09:40||NIFTY27JAN2624200PE,0.1756278416395456
19-01-2026 09:40||NIFTY27JAN2624400PE,0.156536873819709
19-01-2026 09:40||NIFTY27JAN2624500PE,0.1476333023642289
19-01-2026 09:40||NIFTY27JAN2624600PE,0.1421138442009071
19-01-2026 09:40||NIFTY27JAN2624900PE,0.1248573326338051
19-01-2026 09:40||NIFTY27JAN2625700CE,0.1066767369087034
19-01-2026 09:40||NIFTY27JAN2626200CE,0.1208199093729898
19-01-2026 09:40||NIFTY27JAN2626300CE,0.1235155269301608
19-01-2026 09:40||NIFTY27JAN2626500CE,0.1591755061385938
19-01-2026 09:45||NIFTY27JAN2623900PE,0.1972176807916964
19-01-2026 09:45||NIFTY27JAN2624000PE,0.1896963772529525
19-01-2026 09:45||NIFTY27JAN2626200CE,0.1194507332827082
19-01-2026 09:50||NIFTY27JAN2623900PE,0.1987453469324702
19-01-2026 09:50||NIFTY27JAN2624700PE,0.1353113101220098
19-01-2026 09:50||NIFTY27JAN2624800PE,0.1298092398377643
19-01-2026 09:50||NIFTY27JAN2625300CE,0.1037580523470453
19-01-2026 09:50||NIFTY27JAN2625900CE,0.1060836584285177
19-01-2026 09:50||NIFTY27JAN2626200CE,0.1172323510516301
19-01-2026 09:55||NIFTY27JAN2624700PE,0.1355381556489914
19-01-2026 09:55||NIFTY27JAN2625400CE,0.1028922912543147
19-01-2026 09:55||NIFTY27JAN2625700CE,0.103935375010578
19-01-2026 09:55||NIFTY27JAN2626400CE,0.1284128133362624
19-01-2026 10:00||NIFTY27JAN2624400PE,0.156928683018513
19-01-2026 10:00||NIFTY27JAN2625000PE,0.118761228062651
19-01-2026 10:00||NIFTY27JAN2625700CE,0.1070329886600933
19-01-2026 10:00||NIFTY27JAN2625900CE,0.1090183999859171
19-01-2026 10:05||NIFTY27JAN2624500PE,0.1474088827303832
19-01-2026 10:05||NIFTY27JAN2624800PE,0.1279599193381985
19-01-2026 10:05||NIFTY27JAN2625200CE,0.1144564744855642
19-01-2026 10:05||NIFTY27JAN2625500CE,0.1103105148179116
19-01-2026 10:05||NIFTY27JAN2626100CE,0.117437469126885
19-01-2026 10:05||NIFTY27JAN2626200CE,0.1214502489135253
19-01-2026 10:10||NIFTY27JAN2623800PE,0.1884578545884433
19-01-2026 10:10||NIFTY27JAN2624200PE,0.1727652746272492
19-01-2026 10:10||NIFTY27JAN2624400PE,0.1556039119443802
19-01-2026 10:10||NIFTY27JAN2625100PE,0.1146809695895037
19-01-2026 10:15||NIFTY27JAN2624200PE,0.173234458531111
19-01-2026 10:15||NIFTY27JAN2624400PE,0.1565992511569764
19-01-2026 10:15||NIFTY27JAN2624700PE,0.1341727961916082
19-01-2026 10:15||NIFTY27JAN2624800PE,0.1287753383003763
19-01-2026 10:15||NIFTY27JAN2625100PE,0.1159701086370256
19-01-2026 10:15||NIFTY27JAN2625500CE,0.1074999417393052
19-01-2026 10:15||NIFTY27JAN2625700CE,0.1068622835077905
19-01-2026 10:15||NIFTY27JAN2626200CE,0.1199303073981037
19-01-2026 10:15||NIFTY27JAN2626500CE,0.1604238253371163
19-01-2026 10:20||NIFTY27JAN2623900PE,0.1993486171627264
19-01-2026 10:20||NIFTY27JAN2624100PE,0.1826255997338657
19-01-2026 10:20||NIFTY27JAN2625500CE,0.1055290905678049
19-01-2026 10:20||NIFTY27JAN2626300CE,0.1270589305165344
19-01-2026 10:25||NIFTY27JAN2625400CE,0.106065381197186
19-01-2026 10:25||NIFTY27JAN2626100CE,0.1154374019139738
19-01-2026 10:25||NIFTY27JAN2626400CE,0.1440846486567836
19-01-2026 10:25||NIFTY27JAN2626500CE,0.1655434558749555
19-01-2026 10:30||NIFTY27JAN2623800PE,0.1869186045544199
19-01-2026 10:30||NIFTY27JAN2623900PE,0.1971292618345054
19-01-2026 10:30||NIFTY27JAN2624600PE,0.1393589093695731
19-01-2026 10:30||NIFTY27JAN2624700PE,0.1326477625139678
19-01-2026 10:30||NIFTY27JAN2624800PE,0.1286149571677597
19-01-2026 10:30||NIFTY27JAN2624900PE,0.1251804421973292
19-01-2026 10:30||NIFTY27JAN2626200CE,0.1207623260368139
19-01-2026 10:35||NIFTY27JAN2623800PE,0.1829949774605388
19-01-2026 10:35||NIFTY27JAN2624700PE,0.1327923008560346
19-01-2026 10:35||NIFTY27JAN2624800PE,0.1281258108202679
19-01-2026 10:35||NIFTY27JAN2625000PE,0.1202282851302593
19-01-2026 10:35||NIFTY27JAN2625200CE,0.1185651513876647
19-01-2026 10:35||NIFTY27JAN2626300CE,0.1268436211288159
19-01-2026 10:40||NIFTY27JAN2623800PE,0.182905549297864
19-01-2026 10:40||NIFTY27JAN2623900PE,0.194306783714838
19-01-2026 10:40||NIFTY27JAN2624000PE,0.1881385096897633
19-01-2026 10:40||NIFTY27JAN2624700PE,0.1346019047289053
19-01-2026 10:40||NIFTY27JAN2625400CE,0.1110562249731417
19-01-2026 10:40||NIFTY27JAN2625700CE,0.108668605115882
19-01-2026 10:45||NIFTY27JAN2624000PE,0.1892326551228391
19-01-2026 10:45||NIFTY27JAN2624700PE,0.1356695007811652
19-01-2026 10:45||NIFTY27JAN2625600CE,0.1099239392076213
19-01-2026 10:45||NIFTY27JAN2626200CE,0.1218893525178503
19-01-2026 10:50||NIFTY27JAN2625100PE,0.116988215451926
19-01-2026 10:50||NIFTY27JAN2625200CE,0.1205578304552075
19-01-2026 10:50||NIFTY27JAN2626200CE,0.12164730818615
19-01-2026 10:55||NIFTY27JAN2624100PE,0.1812162409661601
19-01-2026 10:55||NIFTY27JAN2624200PE,0.1732416649515557
19-01-2026 10:55||NIFTY27JAN2624500PE,0.1484701987643555
19-01-2026 10:55||NIFTY27JAN2625400CE,0.1155913680659396
19-01-2026 10:55||NIFTY27JAN2625500CE,0.1137697703325942
19-01-2026 10:55||NIFTY27JAN2625900CE,0.1122857074029593
19-01-2026 10:55||NIFTY27JAN2626000CE,0.1144710926133167
19-01-2026 11:00||NIFTY27JAN2623900PE,0.1996351651720773
19-01-2026 11:00||NIFTY27JAN2624400PE,0.1585738656272153
19-01-2026 11:00||NIFTY27JAN2625400CE,0.1108463213329174
19-01-2026 11:00||NIFTY27JAN2625600CE,0.1103706157622703
19-01-2026 11:00||NIFTY27JAN2625700CE,0.1083965521518576
19-01-2026 11:00||NIFTY27JAN2625800CE,0.1078073131325386
19-01-2026 11:00||NIFTY27JAN2626300CE,0.1232149791757646
19-01-2026 11:00||NIFTY27JAN2626500CE,0.1604133747838183
19-01-2026 11:05||NIFTY27JAN2623800PE,0.1881852546109338
19-01-2026 11:05||NIFTY27JAN2623900PE,0.1988686311460709
19-01-2026 11:05||NIFTY27JAN2624200PE,0.1763993423847616
19-01-2026 11:05||NIFTY27JAN2624500PE,0.1517769412131346
19-01-2026 11:05||NIFTY27JAN2625000PE,0.1223160956187942
19-01-2026 11:05||NIFTY27JAN2625600CE,0.1064014812277057
19-01-2026 11:05||NIFTY27JAN2626100CE,0.1131975960221249
19-01-2026 11:10||NIFTY27JAN2624300PE,0.1668368878901122
19-01-2026 11:10||NIFTY27JAN2625800CE,0.1039784756522819
19-01-2026 11:15||NIFTY27JAN2624400PE,0.1539479198827202
19-01-2026 11:15||NIFTY27JAN2624500PE,0.1458013108907957
19-01-2026 11:15||NIFTY27JAN2624600PE,0.1405620231403488
19-01-2026 11:15||NIFTY27JAN2624700PE,0.1361752945015415
19-01-2026 11:15||NIFTY27JAN2624900PE,0.1255400264834033
19-01-2026 11:15||NIFTY27JAN2625100PE,0.1178949397053917
19-01-2026 11:20||NIFTY27JAN2623800PE,0.1895981338762878
19-01-2026 11:20||NIFTY27JAN2624200PE,0.1726191558637118
19-01-2026 11:20||NIFTY27JAN2624300PE,0.163955546214027
19-01-2026 11:20||NIFTY27JAN2624500PE,0.1471721068062413
19-01-2026 11:20||NIFTY27JAN2624900PE,0.1239444155773677
19-01-2026 11:20||NIFTY27JAN2625400CE,0.1096459970531814
19-01-2026 11:20||NIFTY27JAN2625500CE,0.1080333029386383
19-01-2026 11:20||NIFTY27JAN2625600CE,0.1076649475161242
19-01-2026 11:20||NIFTY27JAN2625700CE,0.1072327180385539
19-01-2026 11:20||NIFTY27JAN2626200CE,0.1209764321688332
19-01-2026 11:20||NIFTY27JAN2626300CE,0.1256883991228213
19-01-2026 11:20||NIFTY27JAN2626500CE,0.1589270594703303
19-01-2026 11:25||NIFTY27JAN2624900PE,0.1229518492215187
19-01-2026 11:25||NIFTY27JAN2625300CE,0.1167838919590227
19-01-2026 11:25||NIFTY27JAN2625400CE,0.1126003557563696
19-01-2026 11:30||NIFTY27JAN2624100PE,0.1824934491488523
19-01-2026 11:30||NIFTY27JAN2624600PE,0.1417888005656093
19-01-2026 11:30||NIFTY27JAN2624900PE,0.1227509562698959
19-01-2026 11:30||NIFTY27JAN2625000PE,0.118297573952587
19-01-2026 11:30||NIFTY27JAN2625500CE,0.1132383762514873
19-01-2026 11:30||NIFTY27JAN2625700CE,0.1098667972427654
19-01-2026 11:30||NIFTY27JAN2626500CE,0.1677471862951368
19-01-2026 11:35||NIFTY27JAN2623900PE,0.1987519700163169
19-01-2026 11:35||NIFTY27JAN2624600PE,0.1415574632623273
19-01-2026 11:35||NIFTY27JAN2625800CE,0.1092779232053921
19-01-2026 11:35||NIFTY27JAN2626000CE,0.112676852757136
19-01-2026 11:35||NIFTY27JAN2626200CE,0.1353277072557497
19-01-2026 11:35||NIFTY27JAN2626300CE,0.1444808077956025
19-01-2026 11:35||NIFTY27JAN2626400CE,0.1506819736852615
19-01-2026 11:35||NIFTY27JAN2626500CE,0.1693817495687659
19-01-2026 11:40||NIFTY27JAN2623800PE,0.1888020890868713
19-01-2026 11:40||NIFTY27JAN2624100PE,0.1819255222738595
19-01-2026 11:40||NIFTY27JAN2624200PE,0.173794548295467
19-01-2026 11:40||NIFTY27JAN2624400PE,0.1567394731656744
19-01-2026 11:40||NIFTY27JAN2624500PE,0.1489092412524935
19-01-2026 11:40||NIFTY27JAN2625100PE,0.1160019265717919
19-01-2026 11:45||NIFTY27JAN2624300PE,0.1668374961983759
19-01-2026 11:45||NIFTY27JAN2625400CE,0.1142044243639292
19-01-2026 11:50||NIFTY27JAN2624600PE,0.1425672771988987
19-01-2026 11:50||NIFTY27JAN2625200CE,0.1127141355784916
19-01-2026 11:50||NIFTY27JAN2626300CE,0.123254949537088
19-01-2026 11:55||NIFTY27JAN2623800PE,0.188682097802462
19-01-2026 11:55||NIFTY27JAN2624300PE,0.1649131182022681
19-01-2026 11:55||NIFTY27JAN2624500PE,0.148186246727747
19-01-2026 11:55||NIFTY27JAN2624600PE,0.1410551906867306
19-01-2026 11:55||NIFTY27JAN2624700PE,0.1364706693898846
19-01-2026 11:55||NIFTY27JAN2625900CE,0.1068690880669803
19-01-2026 11:55||NIFTY27JAN2626200CE,0.1184423383156529
19-01-2026 12:00||NIFTY27JAN2624200PE,0.1710122590178378
19-01-2026 12:00||NIFTY27JAN2624300PE,0.1616295117748255
19-01-2026 12:00||NIFTY27JAN2624400PE,0.1544508514518047
19-01-2026 12:00||NIFTY27JAN2624500PE,0.1479932660393289
19-01-2026 12:00||NIFTY27JAN2624700PE,0.1370273720897971
19-01-2026 12:00||NIFTY27JAN2625000PE,0.1217655144103863
19-01-2026 12:00||NIFTY27JAN2626100CE,0.1150537704156623
19-01-2026 12:00||NIFTY27JAN2626500CE,0.1668629358146824
19-01-2026 12:05||NIFTY27JAN2623900PE,0.1990120205175419
19-01-2026 12:05||NIFTY27JAN2624400PE,0.1561513163392167
19-01-2026 12:05||NIFTY27JAN2624500PE,0.1494710450558237
19-01-2026 12:05||NIFTY27JAN2625200CE,0.1144024377045225
19-01-2026 12:05||NIFTY27JAN2625400CE,0.1096531878819404
19-01-2026 12:05||NIFTY27JAN2625500CE,0.1077460812518857
19-01-2026 12:05||NIFTY27JAN2625700CE,0.1059118098649494
19-01-2026 12:05||NIFTY27JAN2626100CE,0.1165452551829794
19-01-2026 12:05||NIFTY27JAN2626200CE,0.1206561727585663
19-01-2026 12:05||NIFTY27JAN2626400CE,0.146665650250678
19-01-2026 12:05||NIFTY27JAN2626500CE,0.1705047309330886
19-01-2026 12:10||NIFTY27JAN2623900PE,0.1988491261193398
19-01-2026 12:10||NIFTY27JAN2625600CE,0.109308203345118
19-01-2026 12:10||NIFTY27JAN2626400CE,0.1378660769266335
19-01-2026 12:15||NIFTY27JAN2623900PE,0.1993811569551457
19-01-2026 12:15||NIFTY27JAN2624100PE,0.1843186376611868
19-01-2026 12:15||NIFTY27JAN2624300PE,0.1678892290252047
19-01-2026 12:20||NIFTY27JAN2623800PE,0.1882278407287576
19-01-2026 12:20||NIFTY27JAN2624400PE,0.1597041838364857
19-01-2026 12:20||NIFTY27JAN2625100PE,0.1165820774608511
19-01-2026 12:20||NIFTY27JAN2625300CE,0.1144274940644073
19-01-2026 12:20||NIFTY27JAN2626200CE,0.1181730193462567
19-01-2026 12:25||NIFTY27JAN2623800PE,0.1922821811486221
19-01-2026 12:25||NIFTY27JAN2625700CE,0.1034479599718556
19-01-2026 12:25||NIFTY27JAN2626500CE,0.1628935591658827
19-01-2026 12:30||NIFTY27JAN2623900PE,0.1995551595637449
19-01-2026 12:30||NIFTY27JAN2624300PE,0.1674023561863598
19-01-2026 12:30||NIFTY27JAN2624500PE,0.1510376596958896
19-01-2026 12:30||NIFTY27JAN2625000PE,0.1195320150987698
19-01-2026 12:30||NIFTY27JAN2625400CE,0.1091354923992997
19-01-2026 12:30||NIFTY27JAN2626500CE,0.1644913557733155
19-01-2026 12:35||NIFTY27JAN2624100PE,0.1819880105124698
19-01-2026 12:35||NIFTY27JAN2624200PE,0.1742889038514203
19-01-2026 12:35||NIFTY27JAN2624400PE,0.158412362141437
19-01-2026 12:35||NIFTY27JAN2624700PE,0.1365124977325493
19-01-2026 12:35||NIFTY27JAN2625000PE,0.1191184526140409
19-01-2026 12:35||NIFTY27JAN2625300CE,0.1136402285589711
19-01-2026 12:40||NIFTY27JAN2623800PE,0.1871663522584396
19-01-2026 12:40||NIFTY27JAN2625700CE,0.1060558422246347
19-01-2026 12:40||NIFTY27JAN2625800CE,0.1063867341245186
19-01-2026 12:40||NIFTY27JAN2626400CE,0.1317771196085161
19-01-2026 12:45||NIFTY27JAN2626000CE,0.1132964779133392
19-01-2026 12:45||NIFTY27JAN2626100CE,0.1167646877320578
19-01-2026 12:45||NIFTY27JAN2626400CE,0.1333550250598602
19-01-2026 12:50||NIFTY27JAN2623800PE,0.1907811286882849
19-01-2026 12:50||NIFTY27JAN2624200PE,0.174868587596393
19-01-2026 12:50||NIFTY27JAN2625900CE,0.1088536261744928
19-01-2026 12:50||NIFTY27JAN2626500CE,0.1592431375207473
19-01-2026 12:55||NIFTY27JAN2623900PE,0.1996443483832002
19-01-2026 12:55||NIFTY27JAN2624100PE,0.1850513026562585
19-01-2026 12:55||NIFTY27JAN2624300PE,0.1650718165325497
19-01-2026 12:55||NIFTY27JAN2624400PE,0.155655685377177
19-01-2026 12:55||NIFTY27JAN2624500PE,0.1498711541249157
19-01-2026 12:55||NIFTY27JAN2624700PE,0.1362661361125408
19-01-2026 12:55||NIFTY27JAN2625100PE,0.1161203502580242
19-01-2026 12:55||NIFTY27JAN2625700CE,0.1068461354903735
19-01-2026 12:55||NIFTY27JAN2626000CE,0.1106438272121715
19-01-2026 13:00||NIFTY27JAN2623900PE,0.2009521022980937
19-01-2026 13:00||NIFTY27JAN2624000PE,0.1937611907083429
19-01-2026 13:00||NIFTY27JAN2624400PE,0.1593664514297207
19-01-2026 13:00||NIFTY27JAN2624700PE,0.1376983897735348
19-01-2026 13:00||NIFTY27JAN2625400CE,0.1085183116830236
19-01-2026 13:00||NIFTY27JAN2625600CE,0.1051812096753949
19-01-2026 13:00||NIFTY27JAN2625900CE,0.106711109310546
19-01-2026 13:00||NIFTY27JAN2626200CE,0.1172404711821973
19-01-2026 13:00||NIFTY27JAN2626500CE,0.1609085293848919
19-01-2026 13:05||NIFTY27JAN2624600PE,0.144495377756753
19-01-2026 13:05||NIFTY27JAN2625100PE,0.1194533588798989
19-01-2026 13:05||NIFTY27JAN2625700CE,0.102527288485752
19-01-2026 13:10||NIFTY27JAN2623800PE,0.1881861827877219
19-01-2026 13:10||NIFTY27JAN2623900PE,0.2025326053715892
19-01-2026 13:10||NIFTY27JAN2624400PE,0.1586775751435645
19-01-2026 13:10||NIFTY27JAN2624500PE,0.1493290918835423
19-01-2026 13:10||NIFTY27JAN2624600PE,0.1432585686251719
19-01-2026 13:10||NIFTY27JAN2626200CE,0.1187876078261317
19-01-2026 13:10||NIFTY27JAN2626300CE,0.1234579305756458
19-01-2026 13:15||NIFTY27JAN2625800CE,0.1042139501683326
19-01-2026 13:20||NIFTY27JAN2624400PE,0.1606956540438067
19-01-2026 13:20||NIFTY27JAN2624800PE,0.1289229016569491
19-01-2026 13:20||NIFTY27JAN2624900PE,0.1225488594318648
19-01-2026 13:20||NIFTY27JAN2625000PE,0.118350676465894
19-01-2026 13:20||NIFTY27JAN2625200CE,0.1157575786951039
19-01-2026 13:20||NIFTY27JAN2625400CE,0.1116328588793975
19-01-2026 13:25||NIFTY27JAN2623900PE,0.2033790001575492
19-01-2026 13:25||NIFTY27JAN2625000PE,0.1186951575336015
19-01-2026 13:25||NIFTY27JAN2625300CE,0.1142511179609426
19-01-2026 13:25||NIFTY27JAN2625400CE,0.1121952412757682
19-01-2026 13:25||NIFTY27JAN2625900CE,0.1067630237891492
19-01-2026 13:25||NIFTY27JAN2626200CE,0.1183626743358454
19-01-2026 13:25||NIFTY27JAN2626500CE,0.1662781821718655
19-01-2026 13:30||NIFTY27JAN2624300PE,0.1698755638930225
19-01-2026 13:30||NIFTY27JAN2624900PE,0.1255024266420338
19-01-2026 13:30||NIFTY27JAN2625100PE,0.1164690712971495
19-01-2026 13:30||NIFTY27JAN2625800CE,0.105282854746111
19-01-2026 13:30||NIFTY27JAN2626100CE,0.1139624580657024
19-01-2026 13:30||NIFTY27JAN2626300CE,0.1234498533688199
19-01-2026 13:30||NIFTY27JAN2626500CE,0.1661410958811753
19-01-2026 13:35||NIFTY27JAN2624400PE,0.1621145730095162
19-01-2026 13:35||NIFTY27JAN2624900PE,0.1268583993414997
19-01-2026 13:35||NIFTY27JAN2626200CE,0.1169728839002796
19-01-2026 13:35||NIFTY27JAN2626400CE,0.1296741993715884
19-01-2026 13:40||NIFTY27JAN2624800PE,0.1314304889216446
19-01-2026 13:40||NIFTY27JAN2625300CE,0.1167346872658935
19-01-2026 13:40||NIFTY27JAN2625400CE,0.1133457936857578
19-01-2026 13:40||NIFTY27JAN2625600CE,0.1064693006700173
19-01-2026 13:40||NIFTY27JAN2625800CE,0.1065079421984954
19-01-2026 13:40||NIFTY27JAN2625900CE,0.1075292751095489
19-01-2026 13:45||NIFTY27JAN2624300PE,0.1704165655017496
19-01-2026 13:45||NIFTY27JAN2624700PE,0.1376218746700378
19-01-2026 13:45||NIFTY27JAN2625100PE,0.1186326878622428
19-01-2026 13:45||NIFTY27JAN2625500CE,0.1129441490682852
19-01-2026 13:45||NIFTY27JAN2626500CE,0.1592928584794087
19-01-2026 13:50||NIFTY27JAN2623900PE,0.2044209863583528
19-01-2026 13:50||NIFTY27JAN2624200PE,0.180130496177965
19-01-2026 13:50||NIFTY27JAN2625100PE,0.1192191471593107
19-01-2026 13:50||NIFTY27JAN2625400CE,0.1157806389115614
19-01-2026 13:50||NIFTY27JAN2625700CE,0.1100318520621473
19-01-2026 13:50||NIFTY27JAN2626200CE,0.1167090657139688
19-01-2026 13:55||NIFTY27JAN2624500PE,0.155575532562822
19-01-2026 13:55||NIFTY27JAN2624600PE,0.1476276117522867
19-01-2026 13:55||NIFTY27JAN2625600CE,0.1094482427484582
19-01-2026 13:55||NIFTY27JAN2625700CE,0.1087371410276318
19-01-2026 13:55||NIFTY27JAN2625800CE,0.1062184527940104
19-01-2026 13:55||NIFTY27JAN2625900CE,0.1049867053618096
19-01-2026 13:55||NIFTY27JAN2626200CE,0.1143066455837684
19-01-2026 14:00||NIFTY27JAN2624100PE,0.1928318507563969
19-01-2026 14:00||NIFTY27JAN2624600PE,0.1487654324781722
19-01-2026 14:00||NIFTY27JAN2625300CE,0.1152790569515063
19-01-2026 14:00||NIFTY27JAN2625800CE,0.1045897903172031
19-01-2026 14:00||NIFTY27JAN2625900CE,0.1041474382460483
19-01-2026 14:00||NIFTY27JAN2626100CE,0.1080578656873364
19-01-2026 14:05||NIFTY27JAN2623800PE,0.19760203184685
19-01-2026 14:05||NIFTY27JAN2624200PE,0.1856716177228729
19-01-2026 14:05||NIFTY27JAN2624500PE,0.1574010355032777
19-01-2026 14:05||NIFTY27JAN2625000PE,0.1236690777556133
19-01-2026 14:05||NIFTY27JAN2625400CE,0.107705175500413
19-01-2026 14:05||NIFTY27JAN2626500CE,0.1569800279422047
19-01-2026 14:10||NIFTY27JAN2624400PE,0.1654052494678338
19-01-2026 14:10||NIFTY27JAN2624500PE,0.1560415746444766
19-01-2026 14:10||NIFTY27JAN2625100PE,0.121371644084924
19-01-2026 14:10||NIFTY27JAN2625200CE,0.1231270639977261
19-01-2026 14:10||NIFTY27JAN2626100CE,0.1065094837176151
19-01-2026 14:15||NIFTY27JAN2623800PE,0.1923465205319073
19-01-2026 14:15||NIFTY27JAN2624100PE,0.1914408105527822
19-01-2026 14:15||NIFTY27JAN2624200PE,0.1835895844166524
19-01-2026 14:15||NIFTY27JAN2624500PE,0.1560676436459292
19-01-2026 14:15||NIFTY27JAN2624700PE,0.1407049337855856
19-01-2026 14:15||NIFTY27JAN2624800PE,0.134074037302621
19-01-2026 14:15||NIFTY27JAN2625100PE,0.1204456471956421
19-01-2026 14:15||NIFTY27JAN2626400CE,0.1208028102546148
19-01-2026 14:20||NIFTY27JAN2624200PE,0.1836580452580681
19-01-2026 14:20||NIFTY27JAN2624500PE,0.1574734858905829
19-01-2026 14:20||NIFTY27JAN2625800CE,0.1032358159612174
19-01-2026 14:20||NIFTY27JAN2626000CE,0.1053688588821302
19-01-2026 14:25||NIFTY27JAN2624000PE,0.2007467660059988
19-01-2026 14:25||NIFTY27JAN2625100PE,0.1199039066565608
19-01-2026 14:25||NIFTY27JAN2625700CE,0.1004901514097091
19-01-2026 14:25||NIFTY27JAN2625900CE,0.1016206002420956
19-01-2026 14:25||NIFTY27JAN2626000CE,0.1034786892404014
19-01-2026 14:25||NIFTY27JAN2626500CE,0.1576587495743751
19-01-2026 14:30||NIFTY27JAN2624100PE,0.1919349901811769
19-01-2026 14:30||NIFTY27JAN2624300PE,0.1747012511328542
19-01-2026 14:30||NIFTY27JAN2624700PE,0.1409108961351859
19-01-2026 14:30||NIFTY27JAN2624800PE,0.1343051953128735
19-01-2026 14:30||NIFTY27JAN2625000PE,0.1230180301542212
19-01-2026 14:35||NIFTY27JAN2623800PE,0.1911445769280913
19-01-2026 14:35||NIFTY27JAN2624300PE,0.1741062547877468
19-01-2026 14:35||NIFTY27JAN2625000PE,0.1226917793218234
19-01-2026 14:35||NIFTY27JAN2625800CE,0.1018053050021781
19-01-2026 14:35||NIFTY27JAN2626100CE,0.1061408182050205
19-01-2026 14:35||NIFTY27JAN2626300CE,0.1156653709885403
19-01-2026 14:35||NIFTY27JAN2626400CE,0.1208355315705197
19-01-2026 14:40||NIFTY27JAN2624000PE,0.2001917424710112
19-01-2026 14:40||NIFTY27JAN2624300PE,0.1751605065100858
19-01-2026 14:40||NIFTY27JAN2624700PE,0.142535180205236
19-01-2026 14:40||NIFTY27JAN2625200CE,0.1150489581340721
19-01-2026 14:45||NIFTY27JAN2623900PE,0.2093312421374931
19-01-2026 14:45||NIFTY27JAN2624100PE,0.1927520185943186
19-01-2026 14:45||NIFTY27JAN2624400PE,0.1676522488360019
19-01-2026 14:45||NIFTY27JAN2624600PE,0.1508554400544253
19-01-2026 14:45||NIFTY27JAN2624800PE,0.1365855673186161
19-01-2026 14:45||NIFTY27JAN2625800CE,0.1003390982542281
19-01-2026 14:45||NIFTY27JAN2626000CE,0.1020361384684565
19-01-2026 14:50||NIFTY27JAN2624000PE,0.2023332875277452
19-01-2026 14:50||NIFTY27JAN2624200PE,0.1859240669063055
19-01-2026 14:50||NIFTY27JAN2624500PE,0.1596363457403892
19-01-2026 14:50||NIFTY27JAN2625100PE,0.1208639629764249
19-01-2026 14:50||NIFTY27JAN2625700CE,0.1008061041040231
19-01-2026 14:55||NIFTY27JAN2623800PE,0.1934877137709725
19-01-2026 14:55||NIFTY27JAN2624400PE,0.1696722573008091
19-01-2026 14:55||NIFTY27JAN2625300CE,0.0986360510208834
19-01-2026 14:55||NIFTY27JAN2625400CE,0.0989787021435333
19-01-2026 14:55||NIFTY27JAN2626000CE,0.1014819254010399
19-01-2026 14:55||NIFTY27JAN2626100CE,0.1032316672655873
19-01-2026 15:00||NIFTY27JAN2624300PE,0.1780068145913982
19-01-2026 15:00||NIFTY27JAN2625000PE,0.1264510832185922
19-01-2026 15:00||NIFTY27JAN2625600CE,0.0949435012551538
19-01-2026 15:00||NIFTY27JAN2626000CE,0.0996856103650632
19-01-2026 15:00||NIFTY27JAN2626300CE,0.1106296632738053
19-01-2026 15:05||NIFTY27JAN2623900PE,0.2100488569684988
19-01-2026 15:05||NIFTY27JAN2625700CE,0.0946055238849099
19-01-2026 15:05||NIFTY27JAN2626000CE,0.0993832057121367
19-01-2026 15:05||NIFTY27JAN2626400CE,0.1176214424701427
19-01-2026 15:10||NIFTY27JAN2624100PE,0.1918779367111009
19-01-2026 15:10||NIFTY27JAN2624300PE,0.1744803194172932
19-01-2026 15:10||NIFTY27JAN2624800PE,0.137505314914114
19-01-2026 15:10||NIFTY27JAN2625800CE,0.0949230149528608
19-01-2026 15:10||NIFTY27JAN2626100CE,0.1024599735585632
19-01-2026 15:15||NIFTY27JAN2624200PE,0.1825608862485546
19-01-2026 15:15||NIFTY27JAN2624400PE,0.1622923654413961
19-01-2026 15:15||NIFTY27JAN2624500PE,0.1535080699281295
19-01-2026 15:15||NIFTY27JAN2624600PE,0.1476888471943744
19-01-2026 15:15||NIFTY27JAN2624700PE,0.1424310989516821
19-01-2026 15:15||NIFTY27JAN2625300CE,0.0949711052337576
19-01-2026 15:15||NIFTY27JAN2625400CE,0.0969958063530368
19-01-2026 15:15||NIFTY27JAN2626200CE,0.1077546524828976
19-01-2026 15:20||NIFTY27JAN2624500PE,0.1543281553765445
19-01-2026 15:20||NIFTY27JAN2625200CE,0.088247560601612
19-01-2026 15:20||NIFTY27JAN2625800CE,0.095082380479963
19-01-2026 15:20||NIFTY27JAN2626400CE,0.1368718035291896
19-01-2026 15:20||NIFTY27JAN2626500CE,0.1632515334438413
19-01-2026 15:25||NIFTY27JAN2624300PE,0.1712325846690377
19-01-2026 15:25||NIFTY27JAN2624400PE,0.1630411297294513
19-01-2026 15:25||NIFTY27JAN2624700PE,0.1422848700506389
19-01-2026 15:25||NIFTY27JAN2625800CE,0.097337354221899
19-01-2026 15:25||NIFTY27JAN2626300CE,0.1213604286153897
20-01-2026 09:15||NIFTY27JAN2623900PE,0.2026245151495187
20-01-2026 09:15||NIFTY27JAN2624000PE,0.193750835772576
20-01-2026 09:15||NIFTY27JAN2624100PE,0.1879401616294981
20-01-2026 09:15||NIFTY27JAN2624400PE,0.164562476607053
20-01-2026 09:15||NIFTY27JAN2624600PE,0.1500704987334751
20-01-2026 09:15||NIFTY27JAN2625200CE,0.0997019191282967
20-01-2026 09:15||NIFTY27JAN2625500CE,0.0992654297845383
20-01-2026 09:15||NIFTY27JAN2626200CE,0.1158465980555639
20-01-2026 09:15||NIFTY27JAN2626300CE,0.1227976736815612
20-01-2026 09:15||NIFTY27JAN2626400CE,0.1294143342280831
20-01-2026 09:20||NIFTY27JAN2623800PE,0.195349797753372
20-01-2026 09:20||NIFTY27JAN2624000PE,0.1939584981140396
20-01-2026 09:20||NIFTY27JAN2624700PE,0.1433034998715202
20-01-2026 09:20||NIFTY27JAN2625200CE,0.099464156254168
20-01-2026 09:20||NIFTY27JAN2625400CE,0.1021902416095862
20-01-2026 09:20||NIFTY27JAN2625500CE,0.1002486154706767
20-01-2026 09:20||NIFTY27JAN2625800CE,0.1004670767824938
20-01-2026 09:20||NIFTY27JAN2626300CE,0.1238918994188272
20-01-2026 09:20||NIFTY27JAN2626500CE,0.1620450381729359
20-01-2026 09:25||NIFTY27JAN2623900PE,0.2020211696171641
20-01-2026 09:25||NIFTY27JAN2625000PE,0.1249270841269201
20-01-2026 09:25||NIFTY27JAN2625400CE,0.1067343853702539
20-01-2026 09:30||NIFTY27JAN2623900PE,0.201819182160267
20-01-2026 09:30||NIFTY27JAN2624400PE,0.1599176768942471
20-01-2026 09:30||NIFTY27JAN2624800PE,0.1331027809683197
20-01-2026 09:30||NIFTY27JAN2625700CE,0.1067986656463514
20-01-2026 09:30||NIFTY27JAN2626100CE,0.1172487842105673
20-01-2026 09:30||NIFTY27JAN2626300CE,0.129050307396762
20-01-2026 09:35||NIFTY27JAN2624500PE,0.1516330135640297
20-01-2026 09:35||NIFTY27JAN2625200CE,0.1187743033900563
20-01-2026 09:35||NIFTY27JAN2625700CE,0.1092475040014644
20-01-2026 09:35||NIFTY27JAN2625800CE,0.1095081666725358
20-01-2026 09:35||NIFTY27JAN2626200CE,0.1255949910803418
20-01-2026 09:40||NIFTY27JAN2623800PE,0.1942394422432211
20-01-2026 09:40||NIFTY27JAN2624100PE,0.1860450232039018
20-01-2026 09:40||NIFTY27JAN2625000PE,0.1226964401000138
20-01-2026 09:40||NIFTY27JAN2625900CE,0.1126232936789029
20-01-2026 09:40||NIFTY27JAN2626100CE,0.122433264291007
20-01-2026 09:40||NIFTY27JAN2626200CE,0.1283542757327118
20-01-2026 09:40||NIFTY27JAN2626400CE,0.1401408571559602
20-01-2026 09:45||NIFTY27JAN2624800PE,0.1320169917877499
20-01-2026 09:45||NIFTY27JAN2625500CE,0.1108604207982683
20-01-2026 09:45||NIFTY27JAN2626200CE,0.1288673885828239
20-01-2026 09:45||NIFTY27JAN2626300CE,0.134819130243516
20-01-2026 09:50||NIFTY27JAN2624100PE,0.1866120201963244
20-01-2026 09:50||NIFTY27JAN2624800PE,0.1325675533769822
20-01-2026 09:50||NIFTY27JAN2625100PE,0.1211021669158561
20-01-2026 09:50||NIFTY27JAN2625200CE,0.1147046606054938
20-01-2026 09:55||NIFTY27JAN2623900PE,0.2035838839414739
20-01-2026 09:55||NIFTY27JAN2624100PE,0.1859366042345427
20-01-2026 09:55||NIFTY27JAN2625000PE,0.1240321614448756
20-01-2026 10:00||NIFTY27JAN2623900PE,0.2029691323156771
20-01-2026 10:00||NIFTY27JAN2624600PE,0.1416581479929938
20-01-2026 10:00||NIFTY27JAN2624700PE,0.1353108785624642
20-01-2026 10:00||NIFTY27JAN2625200CE,0.1235349548754724
20-01-2026 10:00||NIFTY27JAN2625400CE,0.1169483347370446
20-01-2026 10:00||NIFTY27JAN2625700CE,0.1116941681969497
20-01-2026 10:00||NIFTY27JAN2626000CE,0.1177790812245298
20-01-2026 10:00||NIFTY27JAN2626200CE,0.1273172059463788
20-01-2026 10:05||NIFTY27JAN2626100CE,0.1213830003823899
20-01-2026 10:05||NIFTY27JAN2626200CE,0.126277725364688
20-01-2026 10:05||NIFTY27JAN2626500CE,0.1735540172730638
20-01-2026 10:10||NIFTY27JAN2624900PE,0.1266257415044667
20-01-2026 10:10||NIFTY27JAN2625100PE,0.11811158658668
20-01-2026 10:10||NIFTY27JAN2626500CE,0.1733320481176552
20-01-2026 10:15||NIFTY27JAN2624000PE,0.1947692050083923
20-01-2026 10:15||NIFTY27JAN2625800CE,0.1085619202306182
20-01-2026 10:15||NIFTY27JAN2626300CE,0.1304183761573629
20-01-2026 10:20||NIFTY27JAN2624100PE,0.186303123241257
20-01-2026 10:20||NIFTY27JAN2625700CE,0.10738001062324
20-01-2026 10:20||NIFTY27JAN2626000CE,0.1136678877962634
20-01-2026 10:25||NIFTY27JAN2623800PE,0.1922176512418499
20-01-2026 10:25||NIFTY27JAN2624700PE,0.1381814917047259
20-01-2026 10:25||NIFTY27JAN2625000PE,0.1233881355098517
20-01-2026 10:25||NIFTY27JAN2625800CE,0.1073700597813844
20-01-2026 10:25||NIFTY27JAN2626200CE,0.1219228270018871
20-01-2026 10:25||NIFTY27JAN2626400CE,0.1346684321272988
20-01-2026 10:30||NIFTY27JAN2623900PE,0.2022625565468445
20-01-2026 10:30||NIFTY27JAN2624000PE,0.1941623847538741
20-01-2026 10:30||NIFTY27JAN2624300PE,0.1687691936188171
20-01-2026 10:30||NIFTY27JAN2624600PE,0.1440699173932012
20-01-2026 10:30||NIFTY27JAN2625500CE,0.1098782198152852
20-01-2026 10:30||NIFTY27JAN2625700CE,0.1086578099927772
20-01-2026 10:30||NIFTY27JAN2625800CE,0.1092751601848416
20-01-2026 10:35||NIFTY27JAN2624300PE,0.1678003144910208
20-01-2026 10:35||NIFTY27JAN2624700PE,0.137202436573968
20-01-2026 10:35||NIFTY27JAN2625200CE,0.1132224526955029
20-01-2026 10:35||NIFTY27JAN2625400CE,0.1124720372199285
20-01-2026 10:35||NIFTY27JAN2625900CE,0.110925901487409
20-01-2026 10:40||NIFTY27JAN2624000PE,0.1956843447779158
20-01-2026 10:40||NIFTY27JAN2624300PE,0.168555412439408
20-01-2026 10:40||NIFTY27JAN2625800CE,0.1078567019420995
20-01-2026 10:40||NIFTY27JAN2626000CE,0.1128216656003564
20-01-2026 10:45||NIFTY27JAN2624900PE,0.1270952347171141
20-01-2026 10:45||NIFTY27JAN2625900CE,0.1087537973089092
20-01-2026 10:45||NIFTY27JAN2626200CE,0.1213256689103356
20-01-2026 10:45||NIFTY27JAN2626400CE,0.1333133063501655
20-01-2026 10:50||NIFTY27JAN2623800PE,0.1932823360183434
20-01-2026 10:50||NIFTY27JAN2624100PE,0.1872234608466696
20-01-2026 10:50||NIFTY27JAN2625300CE,0.1093801064608316
20-01-2026 10:50||NIFTY27JAN2626200CE,0.1220732376439165
20-01-2026 10:55||NIFTY27JAN2624200PE,0.1779676401724754
20-01-2026 10:55||NIFTY27JAN2624500PE,0.1482935975672454
20-01-2026 10:55||NIFTY27JAN2624600PE,0.1403899528210162
20-01-2026 10:55||NIFTY27JAN2624700PE,0.1353270648364453
20-01-2026 10:55||NIFTY27JAN2624800PE,0.1309253378390442
20-01-2026 10:55||NIFTY27JAN2625300CE,0.1090620297501326
20-01-2026 10:55||NIFTY27JAN2625400CE,0.1072183373195003
20-01-2026 10:55||NIFTY27JAN2625900CE,0.1092536780108508
20-01-2026 10:55||NIFTY27JAN2626400CE,0.1351464762186118
20-01-2026 11:00||NIFTY27JAN2623800PE,0.192447917451624
20-01-2026 11:00||NIFTY27JAN2624000PE,0.1955915080467094
20-01-2026 11:00||NIFTY27JAN2624400PE,0.1574475464380182
20-01-2026 11:00||NIFTY27JAN2625300CE,0.1088444727440874
20-01-2026 11:05||NIFTY27JAN2623800PE,0.1917747567372337
20-01-2026 11:05||NIFTY27JAN2624400PE,0.15634728034865
20-01-2026 11:05||NIFTY27JAN2624500PE,0.1483001093163139
20-01-2026 11:05||NIFTY27JAN2625400CE,0.1075970133883923
20-01-2026 11:05||NIFTY27JAN2625500CE,0.1060837206483315
20-01-2026 11:05||NIFTY27JAN2625800CE,0.1068872383070282
20-01-2026 11:05||NIFTY27JAN2626300CE,0.1300643550915952
20-01-2026 11:10||NIFTY27JAN2624500PE,0.1482292331759132
20-01-2026 11:10||NIFTY27JAN2624900PE,0.1244199469241468
20-01-2026 11:10||NIFTY27JAN2625200CE,0.1146698094005116
20-01-2026 11:10||NIFTY27JAN2625600CE,0.1059461197515901
20-01-2026 11:15||NIFTY27JAN2623800PE,0.1916737354502789
20-01-2026 11:15||NIFTY27JAN2624300PE,0.1655616821128799
20-01-2026 11:15||NIFTY27JAN2624700PE,0.1344567908758517
20-01-2026 11:15||NIFTY27JAN2625000PE,0.1190506125883007
20-01-2026 11:15||NIFTY27JAN2625300CE,0.1131748872468606
20-01-2026 11:15||NIFTY27JAN2625600CE,0.106961533266815
20-01-2026 11:20||NIFTY27JAN2624500PE,0.1478941330587494
20-01-2026 11:20||NIFTY27JAN2625700CE,0.1077572999605495
20-01-2026 11:20||NIFTY27JAN2626200CE,0.1252521560667168
20-01-2026 11:25||NIFTY27JAN2624000PE,0.1922248488190496
20-01-2026 11:25||NIFTY27JAN2624300PE,0.1650160477844238
20-01-2026 11:25||NIFTY27JAN2624900PE,0.1221330638692297
20-01-2026 11:25||NIFTY27JAN2625200CE,0.1141370365160375
20-01-2026 11:25||NIFTY27JAN2625300CE,0.1140786113500179
20-01-2026 11:25||NIFTY27JAN2625700CE,0.1082059163356631
20-01-2026 11:25||NIFTY27JAN2626100CE,0.11956080091072
20-01-2026 11:30||NIFTY27JAN2623900PE,0.2019047080889859
20-01-2026 11:30||NIFTY27JAN2624200PE,0.1747780586543939
20-01-2026 11:30||NIFTY27JAN2624900PE,0.1228900717258451
20-01-2026 11:30||NIFTY27JAN2625200CE,0.1124514380988826
20-01-2026 11:30||NIFTY27JAN2625700CE,0.1072033413181272
20-01-2026 11:30||NIFTY27JAN2625800CE,0.1081310559531803
20-01-2026 11:30||NIFTY27JAN2626000CE,0.1141797440989876
20-01-2026 11:35||NIFTY27JAN2623800PE,0.1949537241800225
20-01-2026 11:35||NIFTY27JAN2625900CE,0.109521709296843
20-01-2026 11:35||NIFTY27JAN2626300CE,0.1296647534536341
20-01-2026 11:35||NIFTY27JAN2626500CE,0.1653488504514216
20-01-2026 11:40||NIFTY27JAN2623800PE,0.1925318534257485
20-01-2026 11:40||NIFTY27JAN2624000PE,0.191689631629377
20-01-2026 11:40||NIFTY27JAN2624100PE,0.183543579983919
20-01-2026 11:40||NIFTY27JAN2624700PE,0.1327173843424033
20-01-2026 11:40||NIFTY27JAN2624800PE,0.126840445664277
20-01-2026 11:40||NIFTY27JAN2625100PE,0.1145523343451054
20-01-2026 11:40||NIFTY27JAN2625300CE,0.1140605029604558
20-01-2026 11:45||NIFTY27JAN2623900PE,0.2016156601971363
20-01-2026 11:45||NIFTY27JAN2624500PE,0.1482467087560468
20-01-2026 11:45||NIFTY27JAN2625600CE,0.106809439033567
20-01-2026 11:45||NIFTY27JAN2625800CE,0.1082708651131511
20-01-2026 11:45||NIFTY27JAN2625900CE,0.1107515251094763
20-01-2026 11:45||NIFTY27JAN2626000CE,0.1134353421801475
20-01-2026 11:50||NIFTY27JAN2624200PE,0.1760486318626191
20-01-2026 11:50||NIFTY27JAN2624600PE,0.1400580176266108
20-01-2026 11:50||NIFTY27JAN2624700PE,0.1334065654975598
20-01-2026 11:50||NIFTY27JAN2624900PE,0.1223429012670563
20-01-2026 11:50||NIFTY27JAN2625400CE,0.1084577966823406
20-01-2026 11:50||NIFTY27JAN2625700CE,0.1048097989718431
20-01-2026 11:50||NIFTY27JAN2626300CE,0.1291276919452278
20-01-2026 11:55||NIFTY27JAN2623800PE,0.187234584630566
20-01-2026 11:55||NIFTY27JAN2623900PE,0.1977775763930497
20-01-2026 11:55||NIFTY27JAN2624000PE,0.1914606674300961
20-01-2026 11:55||NIFTY27JAN2624100PE,0.1847215383519032
20-01-2026 11:55||NIFTY27JAN2625800CE,0.1057132903232897
20-01-2026 11:55||NIFTY27JAN2625900CE,0.1079071178993808
20-01-2026 12:00||NIFTY27JAN2623800PE,0.1897093576056635
20-01-2026 12:00||NIFTY27JAN2624400PE,0.1591023714571054
20-01-2026 12:00||NIFTY27JAN2624600PE,0.1414125269942577
20-01-2026 12:00||NIFTY27JAN2624700PE,0.1346071417714772
20-01-2026 12:00||NIFTY27JAN2625800CE,0.105583419523168
20-01-2026 12:00||NIFTY27JAN2625900CE,0.1077823416934344
20-01-2026 12:05||NIFTY27JAN2624700PE,0.1323905569558814
20-01-2026 12:05||NIFTY27JAN2624900PE,0.1233706553357993
20-01-2026 12:05||NIFTY27JAN2625800CE,0.1055223583839771
20-01-2026 12:10||NIFTY27JAN2624200PE,0.1745304951685068
20-01-2026 12:10||NIFTY27JAN2624500PE,0.143954318647525
20-01-2026 12:10||NIFTY27JAN2624600PE,0.1357338104621981
20-01-2026 12:10||NIFTY27JAN2624700PE,0.1306593279327331
20-01-2026 12:10||NIFTY27JAN2624800PE,0.126182510844115
20-01-2026 12:10||NIFTY27JAN2624900PE,0.1221749904528101
20-01-2026 12:15||NIFTY27JAN2624300PE,0.1650774790692165
20-01-2026 12:15||NIFTY27JAN2624500PE,0.1457627358973048
20-01-2026 12:15||NIFTY27JAN2625000PE,0.1189661107850746
20-01-2026 12:15||NIFTY27JAN2625100PE,0.1159129665617352
20-01-2026 12:15||NIFTY27JAN2625400CE,0.1055049366585897
20-01-2026 12:15||NIFTY27JAN2626400CE,0.1407280233100994
20-01-2026 12:20||NIFTY27JAN2623900PE,0.1982967495170105
20-01-2026 12:20||NIFTY27JAN2624000PE,0.1891427224531443
20-01-2026 12:20||NIFTY27JAN2624100PE,0.1823534752379945
20-01-2026 12:20||NIFTY27JAN2625200CE,0.1110674592241932
20-01-2026 12:20||NIFTY27JAN2625300CE,0.1086027469740612
20-01-2026 12:20||NIFTY27JAN2625700CE,0.1063014089134214
20-01-2026 12:20||NIFTY27JAN2625800CE,0.1085281225230397
20-01-2026 12:20||NIFTY27JAN2625900CE,0.1109693400059428
20-01-2026 12:25||NIFTY27JAN2623800PE,0.1904416286117952
20-01-2026 12:25||NIFTY27JAN2625000PE,0.119880095927694
20-01-2026 12:25||NIFTY27JAN2625100PE,0.1170940348017443
20-01-2026 12:25||NIFTY27JAN2625700CE,0.1062485886607011
20-01-2026 12:25||NIFTY27JAN2626000CE,0.1155312146079171
20-01-2026 12:30||NIFTY27JAN2623800PE,0.1895182355252444
20-01-2026 12:30||NIFTY27JAN2623900PE,0.1993182619992961
20-01-2026 12:30||NIFTY27JAN2624900PE,0.1231906163307872
20-01-2026 12:30||NIFTY27JAN2625000PE,0.1206426854575598
20-01-2026 12:30||NIFTY27JAN2625100PE,0.1176262675077623
20-01-2026 12:30||NIFTY27JAN2625300CE,0.111215792276469
20-01-2026 12:30||NIFTY27JAN2626000CE,0.1157188604408367
20-01-2026 12:35||NIFTY27JAN2623800PE,0.1903931829714488
20-01-2026 12:35||NIFTY27JAN2624200PE,0.1732789219822403
20-01-2026 12:35||NIFTY27JAN2625000PE,0.1188430979526497
20-01-2026 12:35||NIFTY27JAN2625200CE,0.1073003582204133
20-01-2026 12:35||NIFTY27JAN2625500CE,0.1053349450299872
20-01-2026 12:35||NIFTY27JAN2625700CE,0.1060163473216771
20-01-2026 12:35||NIFTY27JAN2625800CE,0.1075731410249857
20-01-2026 12:35||NIFTY27JAN2626200CE,0.1296753951930089
20-01-2026 12:35||NIFTY27JAN2626300CE,0.1364244840694792
20-01-2026 12:40||NIFTY27JAN2623800PE,0.1908863425874925
20-01-2026 12:40||NIFTY27JAN2624000PE,0.1912174670744297
20-01-2026 12:40||NIFTY27JAN2624300PE,0.1624321849128911
20-01-2026 12:40||NIFTY27JAN2624600PE,0.1383632272335049
20-01-2026 12:40||NIFTY27JAN2624700PE,0.1319851304478489
20-01-2026 12:40||NIFTY27JAN2625400CE,0.108454806735465
20-01-2026 12:40||NIFTY27JAN2626100CE,0.1226951116672144
20-01-2026 12:45||NIFTY27JAN2623800PE,0.1911943672857878
20-01-2026 12:45||NIFTY27JAN2624300PE,0.1614443136244375
20-01-2026 12:45||NIFTY27JAN2624400PE,0.1538435610294011
20-01-2026 12:45||NIFTY27JAN2625100PE,0.1148018557873629
20-01-2026 12:50||NIFTY27JAN2624200PE,0.1725326417360909
20-01-2026 12:50||NIFTY27JAN2625600CE,0.1068637369341189
20-01-2026 12:50||NIFTY27JAN2626000CE,0.116183398225196
20-01-2026 12:50||NIFTY27JAN2626200CE,0.127842533615279
20-01-2026 12:55||NIFTY27JAN2624900PE,0.1213009913203469
20-01-2026 12:55||NIFTY27JAN2625400CE,0.1082678077074714
20-01-2026 13:00||NIFTY27JAN2623900PE,0.2013599371496393
20-01-2026 13:00||NIFTY27JAN2624200PE,0.173883505717496
20-01-2026 13:00||NIFTY27JAN2625100PE,0.1140086669630511
20-01-2026 13:00||NIFTY27JAN2625800CE,0.1087580901413742
20-01-2026 13:00||NIFTY27JAN2625900CE,0.1116176472577265
20-01-2026 13:00||NIFTY27JAN2626400CE,0.1438921792298663
20-01-2026 13:05||NIFTY27JAN2624200PE,0.1741395537523106
20-01-2026 13:05||NIFTY27JAN2624900PE,0.1216414240662929
20-01-2026 13:05||NIFTY27JAN2625300CE,0.1071342056963117
20-01-2026 13:05||NIFTY27JAN2625400CE,0.105693075725876
20-01-2026 13:05||NIFTY27JAN2625600CE,0.1044890887908434
20-01-2026 13:05||NIFTY27JAN2626500CE,0.1707989896081092
20-01-2026 13:10||NIFTY27JAN2624000PE,0.1922754251180158
20-01-2026 13:10||NIFTY27JAN2624400PE,0.156089094960327
20-01-2026 13:10||NIFTY27JAN2624700PE,0.1331605734666276
20-01-2026 13:10||NIFTY27JAN2625000PE,0.1162980475724302
20-01-2026 13:10||NIFTY27JAN2626000CE,0.1155768652458956
20-01-2026 13:10||NIFTY27JAN2626400CE,0.1446989063105493
20-01-2026 13:15||NIFTY27JAN2623900PE,0.2013936909997034
20-01-2026 13:15||NIFTY27JAN2624600PE,0.1399585817779816
20-01-2026 13:15||NIFTY27JAN2624900PE,0.1209344660662535
20-01-2026 13:15||NIFTY27JAN2625000PE,0.1160069469345515
20-01-2026 13:15||NIFTY27JAN2625200CE,0.1077827489028062
20-01-2026 13:15||NIFTY27JAN2626000CE,0.1162581948878359
20-01-2026 13:15||NIFTY27JAN2626200CE,0.1284466823553353
20-01-2026 13:20||NIFTY27JAN2624200PE,0.1741782776158123
20-01-2026 13:20||NIFTY27JAN2624600PE,0.1404722435990454
20-01-2026 13:20||NIFTY27JAN2625000PE,0.1168831259804539
20-01-2026 13:20||NIFTY27JAN2625700CE,0.1063344053507276
20-01-2026 13:20||NIFTY27JAN2626100CE,0.1224805452936663
20-01-2026 13:20||NIFTY27JAN2626200CE,0.1282674764030243
20-01-2026 13:25||NIFTY27JAN2623800PE,0.1921602356815379
20-01-2026 13:25||NIFTY27JAN2624100PE,0.183440939908336
20-01-2026 13:25||NIFTY27JAN2624700PE,0.1342033488230305
20-01-2026 13:25||NIFTY27JAN2625000PE,0.1177218239863278
20-01-2026 13:25||NIFTY27JAN2625800CE,0.1072648918509241
20-01-2026 13:30||NIFTY27JAN2624100PE,0.1837679535570152
20-01-2026 13:30||NIFTY27JAN2624700PE,0.1347670070790897
20-01-2026 13:30||NIFTY27JAN2624900PE,0.1233139405671901
20-01-2026 13:30||NIFTY27JAN2626000CE,0.1162080404432903
20-01-2026 13:35||NIFTY27JAN2625100PE,0.1158029296724013
20-01-2026 13:35||NIFTY27JAN2625800CE,0.1100935364312989
20-01-2026 13:40||NIFTY27JAN2623800PE,0.1937700325011381
20-01-2026 13:40||NIFTY27JAN2624600PE,0.140320447762989
20-01-2026 13:40||NIFTY27JAN2625000PE,0.1182105298148359
20-01-2026 13:45||NIFTY27JAN2624000PE,0.1892497968532872
20-01-2026 13:45||NIFTY27JAN2624400PE,0.1550387940158755
20-01-2026 13:45||NIFTY27JAN2624600PE,0.1398397952055425
20-01-2026 13:50||NIFTY27JAN2624000PE,0.1868927195279887
20-01-2026 13:50||NIFTY27JAN2624100PE,0.1776467765417797
20-01-2026 13:50||NIFTY27JAN2624200PE,0.1709760519071787
20-01-2026 13:50||NIFTY27JAN2624300PE,0.1632653084772787
20-01-2026 13:50||NIFTY27JAN2624500PE,0.147175339282532
20-01-2026 13:50||NIFTY27JAN2625200CE,0.1120898839163593
20-01-2026 13:50||NIFTY27JAN2625400CE,0.1103483031039209
20-01-2026 13:50||NIFTY27JAN2626000CE,0.1220624841833474
20-01-2026 13:50||NIFTY27JAN2626100CE,0.1274685046904473
20-01-2026 13:55||NIFTY27JAN2624400PE,0.1559133683387917
20-01-2026 13:55||NIFTY27JAN2625200CE,0.1114426001885212
20-01-2026 13:55||NIFTY27JAN2625400CE,0.110457287998385
20-01-2026 13:55||NIFTY27JAN2625600CE,0.1089041314057488
20-01-2026 14:00||NIFTY27JAN2624100PE,0.1825721475734772
20-01-2026 14:00||NIFTY27JAN2624200PE,0.17369952439393
20-01-2026 14:00||NIFTY27JAN2624800PE,0.1305852282246062
20-01-2026 14:00||NIFTY27JAN2624900PE,0.1264068472077538
20-01-2026 14:00||NIFTY27JAN2625000PE,0.1227292040641946
20-01-2026 14:00||NIFTY27JAN2625100PE,0.1193494984067784
20-01-2026 14:00||NIFTY27JAN2625200CE,0.1116962291129321
20-01-2026 14:00||NIFTY27JAN2626100CE,0.1275127807234824
20-01-2026 14:05||NIFTY27JAN2623800PE,0.19561348954988
20-01-2026 14:05||NIFTY27JAN2625100PE,0.117726092046799
20-01-2026 14:05||NIFTY27JAN2625200CE,0.1138560054941931
20-01-2026 14:05||NIFTY27JAN2626100CE,0.1300399070870124
20-01-2026 14:05||NIFTY27JAN2626400CE,0.1505075998050625
20-01-2026 14:10||NIFTY27JAN2624000PE,0.192586090896438
20-01-2026 14:10||NIFTY27JAN2624200PE,0.1748605439821016
20-01-2026 14:10||NIFTY27JAN2624500PE,0.1481786663640086
20-01-2026 14:10||NIFTY27JAN2624900PE,0.1227993122124418
20-01-2026 14:10||NIFTY27JAN2625000PE,0.1186578783642398
20-01-2026 14:10||NIFTY27JAN2625500CE,0.108971714919529
20-01-2026 14:10||NIFTY27JAN2625700CE,0.1103389103388556
20-01-2026 14:10||NIFTY27JAN2626100CE,0.1316646910673588
20-01-2026 14:10||NIFTY27JAN2626200CE,0.1382674273132462
20-01-2026 14:10||NIFTY27JAN2626300CE,0.1445599673151966
20-01-2026 14:15||NIFTY27JAN2623800PE,0.1985516182732909
20-01-2026 14:15||NIFTY27JAN2624100PE,0.1826557979555456
20-01-2026 14:15||NIFTY27JAN2624500PE,0.1472865501003938
20-01-2026 14:15||NIFTY27JAN2624600PE,0.1405927126742664
20-01-2026 14:15||NIFTY27JAN2624900PE,0.123031659544003
20-01-2026 14:15||NIFTY27JAN2625200CE,0.1177320534814656
20-01-2026 14:15||NIFTY27JAN2625400CE,0.1114115423736813
20-01-2026 14:15||NIFTY27JAN2626000CE,0.1235044889627284
20-01-2026 14:15||NIFTY27JAN2626300CE,0.1434926546887174
20-01-2026 14:15||NIFTY27JAN2626500CE,0.1768636643528524
20-01-2026 14:20||NIFTY27JAN2625400CE,0.1126767974325143
20-01-2026 14:20||NIFTY27JAN2625700CE,0.1114139744093802
20-01-2026 14:20||NIFTY27JAN2626500CE,0.1768789713313886
20-01-2026 14:25||NIFTY27JAN2624100PE,0.1840587899340307
20-01-2026 14:25||NIFTY27JAN2624600PE,0.1418100559082078
20-01-2026 14:25||NIFTY27JAN2625400CE,0.1115729389658233
20-01-2026 14:25||NIFTY27JAN2625900CE,0.1173120111029064
20-01-2026 14:30||NIFTY27JAN2624000PE,0.1945660671906464
20-01-2026 14:30||NIFTY27JAN2624600PE,0.14336193543588
20-01-2026 14:30||NIFTY27JAN2625400CE,0.1083560094903077
20-01-2026 14:30||NIFTY27JAN2625500CE,0.1073202763997727
20-01-2026 14:30||NIFTY27JAN2625800CE,0.1112671906514124
20-01-2026 14:30||NIFTY27JAN2626000CE,0.1206017421620469
20-01-2026 14:30||NIFTY27JAN2626400CE,0.1573945255617689
20-01-2026 14:30||NIFTY27JAN2626500CE,0.1776910558878968
20-01-2026 14:35||NIFTY27JAN2624600PE,0.1454701243382248
20-01-2026 14:35||NIFTY27JAN2624800PE,0.1330706292456468
20-01-2026 14:35||NIFTY27JAN2625600CE,0.1059272003492083
20-01-2026 14:35||NIFTY27JAN2626000CE,0.1202272039348723
20-01-2026 14:35||NIFTY27JAN2626300CE,0.1405384916567229
20-01-2026 14:40||NIFTY27JAN2623800PE,0.1970124732475995
20-01-2026 14:40||NIFTY27JAN2625200CE,0.11178014600573
20-01-2026 14:40||NIFTY27JAN2625500CE,0.1055935129858449
20-01-2026 14:45||NIFTY27JAN2624600PE,0.1453299122214393
20-01-2026 14:45||NIFTY27JAN2625500CE,0.1049957041713804
20-01-2026 14:45||NIFTY27JAN2626000CE,0.122253245525133
20-01-2026 14:45||NIFTY27JAN2626100CE,0.1276322141111469
20-01-2026 14:50||NIFTY27JAN2624000PE,0.1941204971608407
20-01-2026 14:50||NIFTY27JAN2624200PE,0.178561974440375
20-01-2026 14:50||NIFTY27JAN2624900PE,0.1270058544232588
20-01-2026 14:50||NIFTY27JAN2625100PE,0.1204075487042381
20-01-2026 14:50||NIFTY27JAN2625500CE,0.1024233156095855
20-01-2026 14:50||NIFTY27JAN2625900CE,0.1155484879304461
20-01-2026 14:55||NIFTY27JAN2623900PE,0.2014680875699724
20-01-2026 14:55||NIFTY27JAN2624000PE,0.1902089279282844
20-01-2026 14:55||NIFTY27JAN2624100PE,0.1839444633609962
20-01-2026 14:55||NIFTY27JAN2626000CE,0.1221884181394388
20-01-2026 15:00||NIFTY27JAN2624800PE,0.1311713777633693
20-01-2026 15:00||NIFTY27JAN2625600CE,0.1047083595492436
20-01-2026 15:00||NIFTY27JAN2626100CE,0.1328217799162274
20-01-2026 15:00||NIFTY27JAN2626200CE,0.1392071696483798
20-01-2026 15:00||NIFTY27JAN2626400CE,0.1525264002037878
20-01-2026 15:05||NIFTY27JAN2623900PE,0.2030189072105785
20-01-2026 15:05||NIFTY27JAN2624300PE,0.1645220600616171
20-01-2026 15:05||NIFTY27JAN2625000PE,0.1255707425052167
20-01-2026 15:05||NIFTY27JAN2625200CE,0.1016076510167425
20-01-2026 15:05||NIFTY27JAN2626100CE,0.1357637834783855
20-01-2026 15:05||NIFTY27JAN2626200CE,0.1423419440723231
20-01-2026 15:10||NIFTY27JAN2624300PE,0.1659166054851279
20-01-2026 15:10||NIFTY27JAN2625100PE,0.1274087554504388
20-01-2026 15:10||NIFTY27JAN2625300CE,0.1022236489918631
20-01-2026 15:10||NIFTY27JAN2625400CE,0.1033911823979757
20-01-2026 15:10||NIFTY27JAN2625900CE,0.1243177466643704
20-01-2026 15:10||NIFTY27JAN2626100CE,0.1382361333843078
20-01-2026 15:15||NIFTY27JAN2624000PE,0.1983562343086599
20-01-2026 15:15||NIFTY27JAN2624200PE,0.175677942172688
20-01-2026 15:15||NIFTY27JAN2624500PE,0.1513973056405592
20-01-2026 15:15||NIFTY27JAN2624800PE,0.1346422953932396
20-01-2026 15:15||NIFTY27JAN2625000PE,0.128456128566437
20-01-2026 15:15||NIFTY27JAN2625100PE,0.1260473083630716
20-01-2026 15:15||NIFTY27JAN2625700CE,0.1180428346373103
20-01-2026 15:15||NIFTY27JAN2625900CE,0.1293239347284569
20-01-2026 15:15||NIFTY27JAN2626000CE,0.1354852134659198
20-01-2026 15:15||NIFTY27JAN2626200CE,0.1480044220241442
20-01-2026 15:20||NIFTY27JAN2623800PE,0.2053445373745646
20-01-2026 15:20||NIFTY27JAN2624200PE,0.1754547342829487
20-01-2026 15:20||NIFTY27JAN2624500PE,0.150587188733833
20-01-2026 15:20||NIFTY27JAN2625500CE,0.1180027327417867
20-01-2026 15:20||NIFTY27JAN2625700CE,0.1230465119880669
20-01-2026 15:20||NIFTY27JAN2626400CE,0.1643727438729574
20-01-2026 15:25||NIFTY27JAN2623800PE,0.2045935520263341
20-01-2026 15:25||NIFTY27JAN2625100PE,0.1098631101773102
20-01-2026 15:25||NIFTY27JAN2625200CE,0.1377271024667358
20-01-2026 15:25||NIFTY27JAN2625300CE,0.1346592968586435
20-01-2026 15:25||NIFTY27JAN2625900CE,0.1373886187773379
20-01-2026 15:25||NIFTY27JAN2626200CE,0.1544295770065104
21-01-2026 09:15||NIFTY27JAN2625200CE,0.1482750950633589
21-01-2026 09:15||NIFTY27JAN2625400CE,0.1376620432287957
21-01-2026 09:15||NIFTY27JAN2625900CE,0.1401171927657707
21-01-2026 09:15||NIFTY27JAN2626200CE,0.1570872005897763
21-01-2026 09:20||NIFTY27JAN2623900PE,0.2183525384380658
21-01-2026 09:20||NIFTY27JAN2624300PE,0.1741692797782632
21-01-2026 09:20||NIFTY27JAN2624400PE,0.1651986674055904
21-01-2026 09:25||NIFTY27JAN2624000PE,0.2125005659017334
21-01-2026 09:25||NIFTY27JAN2624300PE,0.1783725840755434
21-01-2026 09:25||NIFTY27JAN2624400PE,0.1690856782900519
21-01-2026 09:25||NIFTY27JAN2625100PE,0.1158519944451225
21-01-2026 09:25||NIFTY27JAN2625300CE,0.1226080230592717
21-01-2026 09:25||NIFTY27JAN2625600CE,0.1190263290424392
21-01-2026 09:25||NIFTY27JAN2625800CE,0.1249282739206835
21-01-2026 09:30||NIFTY27JAN2623800PE,0.2135190557875463
21-01-2026 09:30||NIFTY27JAN2623900PE,0.2210051369209313
21-01-2026 09:30||NIFTY27JAN2624000PE,0.2128772400180717
21-01-2026 09:30||NIFTY27JAN2624400PE,0.1723794117822545
21-01-2026 09:30||NIFTY27JAN2625300CE,0.121113918722525
21-01-2026 09:30||NIFTY27JAN2625700CE,0.1181186887771095
21-01-2026 09:35||NIFTY27JAN2623900PE,0.2218170506880525
21-01-2026 09:35||NIFTY27JAN2624200PE,0.191966504759476
21-01-2026 09:35||NIFTY27JAN2625200CE,0.1347625084949488
21-01-2026 09:35||NIFTY27JAN2625300CE,0.1221315324069293
21-01-2026 09:35||NIFTY27JAN2625600CE,0.1169028477401118
21-01-2026 09:35||NIFTY27JAN2626200CE,0.1511679565370438
21-01-2026 09:40||NIFTY27JAN2624400PE,0.1689248290185187
21-01-2026 09:40||NIFTY27JAN2625100PE,0.1159216960452149
21-01-2026 09:40||NIFTY27JAN2625200CE,0.1350107477294568
21-01-2026 09:40||NIFTY27JAN2625900CE,0.1298038865934717
21-01-2026 09:40||NIFTY27JAN2626300CE,0.1613369744319581
21-01-2026 09:40||NIFTY27JAN2626400CE,0.1686105497223789
21-01-2026 09:45||NIFTY27JAN2623800PE,0.2113390498792647
21-01-2026 09:45||NIFTY27JAN2624100PE,0.1960646985318057
21-01-2026 09:45||NIFTY27JAN2624400PE,0.1660379526482359
21-01-2026 09:45||NIFTY27JAN2625200CE,0.1306708857463814
21-01-2026 09:45||NIFTY27JAN2625600CE,0.1186322951804039
21-01-2026 09:45||NIFTY27JAN2626000CE,0.1383281632607661
21-01-2026 09:45||NIFTY27JAN2626300CE,0.1618371276153539
21-01-2026 09:50||NIFTY27JAN2624700PE,0.1385765440137
21-01-2026 09:50||NIFTY27JAN2624900PE,0.1235869231134682
21-01-2026 09:50||NIFTY27JAN2625400CE,0.1153821290910365
21-01-2026 09:50||NIFTY27JAN2625600CE,0.1165700126860728
21-01-2026 09:50||NIFTY27JAN2625800CE,0.1247624120498536
21-01-2026 09:55||NIFTY27JAN2624100PE,0.1905124278286061
21-01-2026 09:55||NIFTY27JAN2624200PE,0.1816800740256356
21-01-2026 09:55||NIFTY27JAN2624400PE,0.1636593802769255
21-01-2026 09:55||NIFTY27JAN2624800PE,0.1296983156633212
21-01-2026 09:55||NIFTY27JAN2625400CE,0.113311569105779
21-01-2026 09:55||NIFTY27JAN2626000CE,0.1417784464318303
21-01-2026 09:55||NIFTY27JAN2626100CE,0.1494829484075789
21-01-2026 09:55||NIFTY27JAN2626200CE,0.1554143855658258
21-01-2026 09:55||NIFTY27JAN2626500CE,0.1955433236475483
21-01-2026 10:00||NIFTY27JAN2624000PE,0.2011103615836719
21-01-2026 10:00||NIFTY27JAN2625000PE,0.1178406849282869
21-01-2026 10:00||NIFTY27JAN2625300CE,0.1159080839497086
21-01-2026 10:00||NIFTY27JAN2625400CE,0.1143469345566963
21-01-2026 10:00||NIFTY27JAN2626500CE,0.1950784809100111
21-01-2026 10:05||NIFTY27JAN2625200CE,0.1243792316159378
21-01-2026 10:05||NIFTY27JAN2625600CE,0.1225894539100322
21-01-2026 10:05||NIFTY27JAN2625700CE,0.1266037417165286
21-01-2026 10:05||NIFTY27JAN2625800CE,0.1299161362094181
21-01-2026 10:10||NIFTY27JAN2624000PE,0.1983257098300943
21-01-2026 10:10||NIFTY27JAN2624400PE,0.1592105180212225
21-01-2026 10:10||NIFTY27JAN2625800CE,0.1303624525261269
21-01-2026 10:10||NIFTY27JAN2626100CE,0.148795749414482
21-01-2026 10:15||NIFTY27JAN2624000PE,0.1986081206868749
21-01-2026 10:15||NIFTY27JAN2624200PE,0.1791018860878938
21-01-2026 10:15||NIFTY27JAN2624500PE,0.1501648997738706
21-01-2026 10:15||NIFTY27JAN2624600PE,0.142425763926962
21-01-2026 10:15||NIFTY27JAN2625500CE,0.1167987782343652
21-01-2026 10:15||NIFTY27JAN2626100CE,0.1493588450866807
21-01-2026 10:20||NIFTY27JAN2625700CE,0.1240052038800293
21-01-2026 10:25||NIFTY27JAN2624300PE,0.1694586303672595
21-01-2026 10:25||NIFTY27JAN2625000PE,0.119307988559876
21-01-2026 10:25||NIFTY27JAN2625700CE,0.1269337001867634
21-01-2026 10:25||NIFTY27JAN2626200CE,0.162265631766828
21-01-2026 10:30||NIFTY27JAN2624200PE,0.1765170189582666
21-01-2026 10:30||NIFTY27JAN2624700PE,0.1325047449303284
21-01-2026 10:30||NIFTY27JAN2624800PE,0.1262414769172636
21-01-2026 10:30||NIFTY27JAN2625200CE,0.120738688996659
21-01-2026 10:30||NIFTY27JAN2625900CE,0.1414254488826462
21-01-2026 10:30||NIFTY27JAN2626300CE,0.1734413023321331
21-01-2026 10:30||NIFTY27JAN2626400CE,0.1808146440271977
21-01-2026 10:35||NIFTY27JAN2624400PE,0.1605397530673253
21-01-2026 10:35||NIFTY27JAN2625100PE,0.1226536732751013
21-01-2026 10:35||NIFTY27JAN2625500CE,0.120900865869557
21-01-2026 10:35||NIFTY27JAN2625600CE,0.1240750305722508
21-01-2026 10:35||NIFTY27JAN2625800CE,0.136213219904828
21-01-2026 10:35||NIFTY27JAN2625900CE,0.1426884881010269
21-01-2026 10:40||NIFTY27JAN2624200PE,0.1774704915739749
21-01-2026 10:40||NIFTY27JAN2624800PE,0.1355568579567296
21-01-2026 10:40||NIFTY27JAN2625200CE,0.122128310264032
21-01-2026 10:40||NIFTY27JAN2625400CE,0.1211498953452122
21-01-2026 10:40||NIFTY27JAN2626300CE,0.1784776833401444
21-01-2026 10:45||NIFTY27JAN2624700PE,0.1438004686590071
21-01-2026 10:45||NIFTY27JAN2624800PE,0.138303254852006
21-01-2026 10:45||NIFTY27JAN2625700CE,0.1398377393375877
21-01-2026 10:45||NIFTY27JAN2626400CE,0.1942425605324403
21-01-2026 10:45||NIFTY27JAN2626500CE,0.2034015550962365
21-01-2026 10:50||NIFTY27JAN2624100PE,0.1891050596972551
21-01-2026 10:50||NIFTY27JAN2624300PE,0.1658134052514104
21-01-2026 10:50||NIFTY27JAN2624400PE,0.1575017601492757
21-01-2026 10:50||NIFTY27JAN2624500PE,0.1531811135992806
21-01-2026 10:50||NIFTY27JAN2625400CE,0.1325670599415838
21-01-2026 10:50||NIFTY27JAN2625700CE,0.1458226093688031
21-01-2026 10:50||NIFTY27JAN2625900CE,0.1585053145503014
21-01-2026 10:50||NIFTY27JAN2626400CE,0.1977611625014871
21-01-2026 10:55||NIFTY27JAN2623900PE,0.2114099217517935
21-01-2026 10:55||NIFTY27JAN2624300PE,0.1673650778567774
21-01-2026 10:55||NIFTY27JAN2624800PE,0.1371869364569169
21-01-2026 10:55||NIFTY27JAN2625000PE,0.1339692078584283
21-01-2026 10:55||NIFTY27JAN2625100PE,0.1366876353396472
21-01-2026 10:55||NIFTY27JAN2625300CE,0.1329042489489853
21-01-2026 10:55||NIFTY27JAN2625900CE,0.1615309900162618
21-01-2026 10:55||NIFTY27JAN2626200CE,0.182386216066667
21-01-2026 11:00||NIFTY27JAN2624000PE,0.1984819172631888
21-01-2026 11:00||NIFTY27JAN2624300PE,0.1691061830423121
21-01-2026 11:00||NIFTY27JAN2624600PE,0.1459550094872866
21-01-2026 11:00||NIFTY27JAN2624800PE,0.1337731086185709
21-01-2026 11:00||NIFTY27JAN2625100PE,0.1278752307244087
21-01-2026 11:00||NIFTY27JAN2625300CE,0.1351411777486861
21-01-2026 11:05||NIFTY27JAN2624000PE,0.1967364141254673
21-01-2026 11:05||NIFTY27JAN2624100PE,0.1878906553811439
21-01-2026 11:05||NIFTY27JAN2624400PE,0.1608414855230638
21-01-2026 11:05||NIFTY27JAN2625000PE,0.1177967588955437
21-01-2026 11:05||NIFTY27JAN2625200CE,0.1367734364157561
21-01-2026 11:10||NIFTY27JAN2624800PE,0.1260823785212349
21-01-2026 11:10||NIFTY27JAN2625200CE,0.1404278084240992
21-01-2026 11:10||NIFTY27JAN2625300CE,0.1400577223898488
21-01-2026 11:10||NIFTY27JAN2625500CE,0.1415195928727877
21-01-2026 11:10||NIFTY27JAN2625900CE,0.1591019731602627
21-01-2026 11:10||NIFTY27JAN2626100CE,0.1722287667126046
21-01-2026 11:15||NIFTY27JAN2624300PE,0.1714541243415108
21-01-2026 11:15||NIFTY27JAN2625100PE,0.1093382596751336
21-01-2026 11:15||NIFTY27JAN2625400CE,0.1371169334455399
21-01-2026 11:20||NIFTY27JAN2623900PE,0.2137604243043605
21-01-2026 11:20||NIFTY27JAN2625800CE,0.1460970584741542
21-01-2026 11:20||NIFTY27JAN2626000CE,0.1596273656728563
21-01-2026 11:20||NIFTY27JAN2626100CE,0.1661976222615858
21-01-2026 11:20||NIFTY27JAN2626400CE,0.1931370118770566
21-01-2026 11:20||NIFTY27JAN2626500CE,0.205994845477897
21-01-2026 11:25||NIFTY27JAN2624600PE,0.1514661589842738
21-01-2026 11:25||NIFTY27JAN2624800PE,0.1366995219212429
21-01-2026 11:30||NIFTY27JAN2623900PE,0.2119844795126547
21-01-2026 11:30||NIFTY27JAN2624000PE,0.2025344194433297
21-01-2026 11:30||NIFTY27JAN2624100PE,0.1955192445805276
21-01-2026 11:30||NIFTY27JAN2624400PE,0.1688858151491228
21-01-2026 11:30||NIFTY27JAN2625400CE,0.1298386645548936
21-01-2026 11:30||NIFTY27JAN2625800CE,0.1449866917210825
21-01-2026 11:30||NIFTY27JAN2626000CE,0.1583275407339819
21-01-2026 11:30||NIFTY27JAN2626500CE,0.2045216047710878
21-01-2026 11:35||NIFTY27JAN2623900PE,0.2135349320848669
21-01-2026 11:35||NIFTY27JAN2624600PE,0.1510437994529438
21-01-2026 11:35||NIFTY27JAN2626100CE,0.1656374585090964
21-01-2026 11:35||NIFTY27JAN2626300CE,0.1803605572545528
21-01-2026 11:40||NIFTY27JAN2624800PE,0.136184108387138
21-01-2026 11:40||NIFTY27JAN2625100PE,0.1213713040065574
21-01-2026 11:40||NIFTY27JAN2625200CE,0.1324566792934119
21-01-2026 11:40||NIFTY27JAN2625700CE,0.1400013435034192
21-01-2026 11:45||NIFTY27JAN2624600PE,0.1501954795494803
21-01-2026 11:45||NIFTY27JAN2625100PE,0.119293110201599
21-01-2026 11:45||NIFTY27JAN2625200CE,0.1334722604685237
21-01-2026 11:45||NIFTY27JAN2625400CE,0.1316408935528141
21-01-2026 11:50||NIFTY27JAN2624000PE,0.2026658829934881
21-01-2026 11:50||NIFTY27JAN2624100PE,0.1938256241076224
21-01-2026 11:50||NIFTY27JAN2624300PE,0.1765454976770222
21-01-2026 11:55||NIFTY27JAN2624000PE,0.2026445827226388
21-01-2026 11:55||NIFTY27JAN2624600PE,0.1468785490256934
21-01-2026 11:55||NIFTY27JAN2624700PE,0.1396690549805323
21-01-2026 11:55||NIFTY27JAN2624900PE,0.1256067347435963
21-01-2026 12:00||NIFTY27JAN2624100PE,0.1922695657908563
21-01-2026 12:00||NIFTY27JAN2624200PE,0.1838770852980935
21-01-2026 12:00||NIFTY27JAN2624700PE,0.1390495872560904
21-01-2026 12:00||NIFTY27JAN2624800PE,0.1320439627105702
21-01-2026 12:00||NIFTY27JAN2625600CE,0.1330836960524889
21-01-2026 12:00||NIFTY27JAN2625900CE,0.1464613876129122
21-01-2026 12:05||NIFTY27JAN2623800PE,0.2126740597820069
21-01-2026 12:05||NIFTY27JAN2624100PE,0.1923695939677329
21-01-2026 12:05||NIFTY27JAN2625500CE,0.1303299922944397
21-01-2026 12:05||NIFTY27JAN2626200CE,0.164045933699027
21-01-2026 12:10||NIFTY27JAN2624100PE,0.192359544824399
21-01-2026 12:10||NIFTY27JAN2624200PE,0.1840487972374969
21-01-2026 12:10||NIFTY27JAN2625000PE,0.1166841043934
21-01-2026 12:10||NIFTY27JAN2625900CE,0.143064711794048
21-01-2026 12:10||NIFTY27JAN2626500CE,0.195595811523711
21-01-2026 12:15||NIFTY27JAN2623800PE,0.2119726997052948
21-01-2026 12:15||NIFTY27JAN2624200PE,0.1860248650841178
21-01-2026 12:15||NIFTY27JAN2625400CE,0.1299112005904492
21-01-2026 12:15||NIFTY27JAN2625700CE,0.1347877579492686
21-01-2026 12:20||NIFTY27JAN2624200PE,0.1918493069596829
21-01-2026 12:20||NIFTY27JAN2625000PE,0.1231796276361291
21-01-2026 12:20||NIFTY27JAN2625400CE,0.1240840225406984
21-01-2026 12:20||NIFTY27JAN2625600CE,0.128049955976609
21-01-2026 12:20||NIFTY27JAN2625700CE,0.1318496038435776
21-01-2026 12:20||NIFTY27JAN2626300CE,0.1644278249142484
21-01-2026 12:25||NIFTY27JAN2624000PE,0.2134564645363314
21-01-2026 12:25||NIFTY27JAN2624500PE,0.1629037804874383
21-01-2026 12:25||NIFTY27JAN2624600PE,0.1533065027193119
21-01-2026 12:25||NIFTY27JAN2624700PE,0.1475262631599329
21-01-2026 12:25||NIFTY27JAN2625700CE,0.1293394328143222
21-01-2026 12:25||NIFTY27JAN2626500CE,0.1971355238884259
21-01-2026 12:30||NIFTY27JAN2624100PE,0.2025286199460683
21-01-2026 12:30||NIFTY27JAN2624200PE,0.1940195297788702
21-01-2026 12:30||NIFTY27JAN2625300CE,0.1310795123188632
21-01-2026 12:30||NIFTY27JAN2625800CE,0.1338760422387775
21-01-2026 12:35||NIFTY27JAN2624000PE,0.2134665836983064
21-01-2026 12:35||NIFTY27JAN2624100PE,0.2035206783464186
21-01-2026 12:35||NIFTY27JAN2625600CE,0.1300172668407126
21-01-2026 12:35||NIFTY27JAN2626400CE,0.1673129200418187
21-01-2026 12:40||NIFTY27JAN2624500PE,0.1716132999141724
21-01-2026 12:40||NIFTY27JAN2624700PE,0.1523240208622107
21-01-2026 12:40||NIFTY27JAN2624800PE,0.1443519321735647
21-01-2026 12:40||NIFTY27JAN2625200CE,0.1435765277159357
21-01-2026 12:40||NIFTY27JAN2625400CE,0.1319659902894031
21-01-2026 12:40||NIFTY27JAN2625900CE,0.1354913494301377
21-01-2026 12:45||NIFTY27JAN2623800PE,0.2203802998507008
21-01-2026 12:45||NIFTY27JAN2624400PE,0.1858643562928751
21-01-2026 12:45||NIFTY27JAN2625300CE,0.1375719391583195
21-01-2026 12:45||NIFTY27JAN2625800CE,0.1308319265766485
21-01-2026 12:45||NIFTY27JAN2626200CE,0.1484533872285321
21-01-2026 12:50||NIFTY27JAN2623800PE,0.2252671293884014
21-01-2026 12:50||NIFTY27JAN2624100PE,0.2179376197981157
21-01-2026 12:50||NIFTY27JAN2625200CE,0.1433649157310097
21-01-2026 12:50||NIFTY27JAN2625500CE,0.1305964645093467
21-01-2026 12:50||NIFTY27JAN2625600CE,0.1294982390778844
21-01-2026 12:55||NIFTY27JAN2625300CE,0.1361949599410199
21-01-2026 12:55||NIFTY27JAN2625400CE,0.1316470933402997
21-01-2026 12:55||NIFTY27JAN2625600CE,0.128104344040922
21-01-2026 12:55||NIFTY27JAN2625700CE,0.1293358274607154
21-01-2026 12:55||NIFTY27JAN2625800CE,0.130746753156713
21-01-2026 12:55||NIFTY27JAN2625900CE,0.1327189425817118
21-01-2026 12:55||NIFTY27JAN2626500CE,0.1950556788720502
21-01-2026 13:00||NIFTY27JAN2624600PE,0.1741899248568782
21-01-2026 13:00||NIFTY27JAN2624700PE,0.1658523971593268
21-01-2026 13:00||NIFTY27JAN2626100CE,0.1389488340708463
21-01-2026 13:05||NIFTY27JAN2623800PE,0.2219956584657843
21-01-2026 13:05||NIFTY27JAN2623900PE,0.2359977072865944
21-01-2026 13:05||NIFTY27JAN2624100PE,0.2194003109580931
21-01-2026 13:05||NIFTY27JAN2625600CE,0.1227180540089505
21-01-2026 13:05||NIFTY27JAN2626300CE,0.1549823847501723
21-01-2026 13:05||NIFTY27JAN2626400CE,0.1614932684921685
21-01-2026 13:10||NIFTY27JAN2625800CE,0.1263869741002732
21-01-2026 13:10||NIFTY27JAN2626200CE,0.1481765453806481
21-01-2026 13:15||NIFTY27JAN2624400PE,0.1871652559136593
21-01-2026 13:15||NIFTY27JAN2625400CE,0.1298463092106413
21-01-2026 13:15||NIFTY27JAN2625800CE,0.1269968450116405
21-01-2026 13:20||NIFTY27JAN2623800PE,0.2200673722814294
21-01-2026 13:20||NIFTY27JAN2623900PE,0.2322241592315417
21-01-2026 13:20||NIFTY27JAN2624600PE,0.1695091035678201
21-01-2026 13:20||NIFTY27JAN2624800PE,0.1531668925821319
21-01-2026 13:20||NIFTY27JAN2625400CE,0.1277860985125795
21-01-2026 13:20||NIFTY27JAN2626200CE,0.1496902503333431
21-01-2026 13:25||NIFTY27JAN2624200PE,0.2054162523508231
21-01-2026 13:25||NIFTY27JAN2624300PE,0.1958460624399474
21-01-2026 13:25||NIFTY27JAN2624900PE,0.1468143673179804
21-01-2026 13:25||NIFTY27JAN2625000PE,0.1410299637288817
21-01-2026 13:25||NIFTY27JAN2625200CE,0.1321832857049553
21-01-2026 13:25||NIFTY27JAN2625700CE,0.1234832614793339
21-01-2026 13:25||NIFTY27JAN2626000CE,0.1364518564846608
21-01-2026 13:25||NIFTY27JAN2626300CE,0.1582412112869562
21-01-2026 13:30||NIFTY27JAN2624000PE,0.2224690128423571
21-01-2026 13:30||NIFTY27JAN2624400PE,0.1846137920101983
21-01-2026 13:30||NIFTY27JAN2625200CE,0.1364600880089467
21-01-2026 13:30||NIFTY27JAN2625300CE,0.1297011129988476
21-01-2026 13:30||NIFTY27JAN2625800CE,0.1290127978832305
21-01-2026 13:30||NIFTY27JAN2626200CE,0.1531185101646149
21-01-2026 13:30||NIFTY27JAN2626300CE,0.1598492840041268
21-01-2026 13:35||NIFTY27JAN2623800PE,0.2208138677326641
21-01-2026 13:35||NIFTY27JAN2624000PE,0.2201206567319302
21-01-2026 13:35||NIFTY27JAN2624700PE,0.157574457723559
21-01-2026 13:35||NIFTY27JAN2624800PE,0.1507288139212972
21-01-2026 13:35||NIFTY27JAN2625800CE,0.13180490521861
21-01-2026 13:35||NIFTY27JAN2626300CE,0.1605023602405956
21-01-2026 13:40||NIFTY27JAN2624600PE,0.1640564625564461
21-01-2026 13:40||NIFTY27JAN2624800PE,0.149967409780497
21-01-2026 13:40||NIFTY27JAN2625300CE,0.1321391688456705
21-01-2026 13:40||NIFTY27JAN2625800CE,0.1317863749276626
21-01-2026 13:40||NIFTY27JAN2626200CE,0.1530111109192986
21-01-2026 13:45||NIFTY27JAN2624800PE,0.1512896477941328
21-01-2026 13:45||NIFTY27JAN2625400CE,0.1239931528719869
21-01-2026 13:45||NIFTY27JAN2625900CE,0.134372440621964
21-01-2026 13:50||NIFTY27JAN2625100PE,0.1345045520215664
21-01-2026 13:50||NIFTY27JAN2626100CE,0.1464716064477996
21-01-2026 13:55||NIFTY27JAN2624300PE,0.188115820736646
21-01-2026 13:55||NIFTY27JAN2624400PE,0.1798215737710639
21-01-2026 13:55||NIFTY27JAN2625500CE,0.1238102712029466
21-01-2026 13:55||NIFTY27JAN2625700CE,0.1281738833508108
21-01-2026 14:00||NIFTY27JAN2623800PE,0.2194865288133046
21-01-2026 14:00||NIFTY27JAN2624200PE,0.1963322538015064
21-01-2026 14:00||NIFTY27JAN2624600PE,0.161307183146327
21-01-2026 14:00||NIFTY27JAN2625000PE,0.1327743377166972
21-01-2026 14:00||NIFTY27JAN2625200CE,0.1249684998240986
21-01-2026 14:05||NIFTY27JAN2624500PE,0.1644901762619326
21-01-2026 14:05||NIFTY27JAN2625000PE,0.1293970503041869
21-01-2026 14:05||NIFTY27JAN2625400CE,0.1227656707903568
21-01-2026 14:05||NIFTY27JAN2626100CE,0.1491921423394361
21-01-2026 14:05||NIFTY27JAN2626500CE,0.2019419269129914
21-01-2026 14:10||NIFTY27JAN2624000PE,0.2081093507996496
21-01-2026 14:10||NIFTY27JAN2624100PE,0.1989795147315321
21-01-2026 14:10||NIFTY27JAN2624400PE,0.169848882775986
21-01-2026 14:10||NIFTY27JAN2624500PE,0.1604868627475999
21-01-2026 14:10||NIFTY27JAN2625000PE,0.1255450190659887
21-01-2026 14:10||NIFTY27JAN2625200CE,0.1296366600509708
21-01-2026 14:10||NIFTY27JAN2626000CE,0.1422808299286051
21-01-2026 14:10||NIFTY27JAN2626400CE,0.1823616665822964
21-01-2026 14:10||NIFTY27JAN2626500CE,0.2024019035766066
21-01-2026 14:15||NIFTY27JAN2624700PE,0.1476578386207687
21-01-2026 14:15||NIFTY27JAN2625400CE,0.121917890914216
21-01-2026 14:15||NIFTY27JAN2625800CE,0.1303745332799666
21-01-2026 14:15||NIFTY27JAN2626100CE,0.1477645982390582
21-01-2026 14:20||NIFTY27JAN2624000PE,0.2101921946741312
21-01-2026 14:20||NIFTY27JAN2624300PE,0.1825372492830882
21-01-2026 14:20||NIFTY27JAN2624700PE,0.1515539396492072
21-01-2026 14:20||NIFTY27JAN2625200CE,0.1231669242814955
21-01-2026 14:20||NIFTY27JAN2625600CE,0.1211936082248876
21-01-2026 14:20||NIFTY27JAN2626100CE,0.1458315349517805
21-01-2026 14:20||NIFTY27JAN2626500CE,0.198048950700038
21-01-2026 14:25||NIFTY27JAN2623900PE,0.219155761397891
21-01-2026 14:25||NIFTY27JAN2624800PE,0.1454340195392095
21-01-2026 14:25||NIFTY27JAN2624900PE,0.1387814343658932
21-01-2026 14:25||NIFTY27JAN2625100PE,0.1297910111806761
21-01-2026 14:25||NIFTY27JAN2626500CE,0.1981908637508884
21-01-2026 14:30||NIFTY27JAN2624500PE,0.1602004127024169
21-01-2026 14:30||NIFTY27JAN2624600PE,0.1517241785164013
21-01-2026 14:30||NIFTY27JAN2624800PE,0.1400668936377067
21-01-2026 14:30||NIFTY27JAN2625200CE,0.1169763619385158
21-01-2026 14:30||NIFTY27JAN2625300CE,0.121684129358802
21-01-2026 14:30||NIFTY27JAN2626300CE,0.1635050523978844
21-01-2026 14:35||NIFTY27JAN2624200PE,0.1858093605868168
21-01-2026 14:35||NIFTY27JAN2624700PE,0.1422854695572593
21-01-2026 14:35||NIFTY27JAN2624800PE,0.1382765515394892
21-01-2026 14:35||NIFTY27JAN2625100PE,0.1179223104468399
21-01-2026 14:35||NIFTY27JAN2625200CE,0.1189059393311331
21-01-2026 14:35||NIFTY27JAN2625800CE,0.1335628784478177
21-01-2026 14:35||NIFTY27JAN2626100CE,0.1492348181096097
21-01-2026 14:40||NIFTY27JAN2624000PE,0.20637435380608
21-01-2026 14:40||NIFTY27JAN2624200PE,0.1863142631789821
21-01-2026 14:40||NIFTY27JAN2624500PE,0.1580353268975503
21-01-2026 14:40||NIFTY27JAN2624600PE,0.1494882704649145
21-01-2026 14:40||NIFTY27JAN2624700PE,0.1440354448465229
21-01-2026 14:40||NIFTY27JAN2625100PE,0.1227386837141022
21-01-2026 14:40||NIFTY27JAN2625200CE,0.1207654468904711
21-01-2026 14:40||NIFTY27JAN2625400CE,0.1206885250804588
21-01-2026 14:40||NIFTY27JAN2625800CE,0.131733423772667
21-01-2026 14:40||NIFTY27JAN2626200CE,0.1549787581622947
21-01-2026 14:45||NIFTY27JAN2624500PE,0.1590144636530006
21-01-2026 14:45||NIFTY27JAN2625400CE,0.1201174712395528
21-01-2026 14:45||NIFTY27JAN2625900CE,0.1348042081718912
21-01-2026 14:45||NIFTY27JAN2626100CE,0.1468207269237704
21-01-2026 14:50||NIFTY27JAN2623900PE,0.2137038675505139
21-01-2026 14:50||NIFTY27JAN2624900PE,0.1340971947792744
21-01-2026 14:50||NIFTY27JAN2625200CE,0.1225148953520766
21-01-2026 14:50||NIFTY27JAN2625300CE,0.1213731259694568
21-01-2026 14:50||NIFTY27JAN2625500CE,0.1200677740702399
21-01-2026 14:50||NIFTY27JAN2625800CE,0.1290279946980515
21-01-2026 14:50||NIFTY27JAN2626300CE,0.1611837341339606
21-01-2026 14:55||NIFTY27JAN2624200PE,0.1845164748138431
21-01-2026 14:55||NIFTY27JAN2625300CE,0.1214400706503
21-01-2026 14:55||NIFTY27JAN2625700CE,0.1251620776046702
21-01-2026 14:55||NIFTY27JAN2626100CE,0.1458961964154406
21-01-2026 15:00||NIFTY27JAN2623900PE,0.2145863685734606
21-01-2026 15:00||NIFTY27JAN2624100PE,0.1946022675267564
21-01-2026 15:00||NIFTY27JAN2624500PE,0.1588174535115822
21-01-2026 15:00||NIFTY27JAN2624800PE,0.1373004314121896
21-01-2026 15:00||NIFTY27JAN2625000PE,0.1257338261955259
21-01-2026 15:00||NIFTY27JAN2625200CE,0.1207716723214415
21-01-2026 15:00||NIFTY27JAN2625300CE,0.1208685794190523
21-01-2026 15:00||NIFTY27JAN2625600CE,0.1218616257880643
21-01-2026 15:00||NIFTY27JAN2626400CE,0.1680595829922054
21-01-2026 15:05||NIFTY27JAN2624300PE,0.1764423705518787
21-01-2026 15:05||NIFTY27JAN2625100PE,0.1241155097648471
21-01-2026 15:05||NIFTY27JAN2626200CE,0.1517591436631079
21-01-2026 15:10||NIFTY27JAN2624300PE,0.1768021455244344
21-01-2026 15:10||NIFTY27JAN2624500PE,0.1598142866173195
21-01-2026 15:10||NIFTY27JAN2624600PE,0.1526962581821181
21-01-2026 15:10||NIFTY27JAN2625700CE,0.1230372741228963
21-01-2026 15:10||NIFTY27JAN2625800CE,0.1272857325533908
21-01-2026 15:10||NIFTY27JAN2625900CE,0.1312811543931368
21-01-2026 15:10||NIFTY27JAN2626500CE,0.1929506830269143
21-01-2026 15:15||NIFTY27JAN2624200PE,0.1845691515151781
21-01-2026 15:15||NIFTY27JAN2624300PE,0.1761135605556449
21-01-2026 15:15||NIFTY27JAN2624800PE,0.1402307230741638
21-01-2026 15:15||NIFTY27JAN2624900PE,0.134988008181763
21-01-2026 15:15||NIFTY27JAN2625200CE,0.1127603758429151
21-01-2026 15:15||NIFTY27JAN2625300CE,0.1134637833196094
21-01-2026 15:15||NIFTY27JAN2625600CE,0.1195008631252172
21-01-2026 15:15||NIFTY27JAN2625700CE,0.1224048366289886
21-01-2026 15:15||NIFTY27JAN2625900CE,0.1307418396109527
21-01-2026 15:15||NIFTY27JAN2626200CE,0.1527597465437466
21-01-2026 15:20||NIFTY27JAN2623800PE,0.2095372526542891
21-01-2026 15:20||NIFTY27JAN2624800PE,0.1388800536944894
21-01-2026 15:20||NIFTY27JAN2625100PE,0.1251170472368586
21-01-2026 15:20||NIFTY27JAN2625400CE,0.1153642023266916
21-01-2026 15:20||NIFTY27JAN2625600CE,0.1188391627769614
21-01-2026 15:25||NIFTY27JAN2623800PE,0.2122879529273104
21-01-2026 15:25||NIFTY27JAN2624200PE,0.1883593607423681
21-01-2026 15:25||NIFTY27JAN2624500PE,0.1608667485640293
21-01-2026 15:25||NIFTY27JAN2624800PE,0.1383625619612515
21-01-2026 15:25||NIFTY27JAN2625100PE,0.1246442062803003
21-01-2026 15:25||NIFTY27JAN2626200CE,0.148461292456379
22-01-2026 09:15||NIFTY27JAN2623800PE,0.2179351146769091
22-01-2026 09:15||NIFTY27JAN2625100PE,0.1238794926353513
22-01-2026 09:15||NIFTY27JAN2625300CE,0.1104518255219572
22-01-2026 09:20||NIFTY27JAN2623900PE,0.228998405060595
22-01-2026 09:20||NIFTY27JAN2624000PE,0.2186017480886337
22-01-2026 09:20||NIFTY27JAN2624300PE,0.187296695460138
22-01-2026 09:20||NIFTY27JAN2624500PE,0.1651805711365349
22-01-2026 09:20||NIFTY27JAN2624800PE,0.1377292633820789
22-01-2026 09:20||NIFTY27JAN2625200CE,0.1128769273929345
22-01-2026 09:20||NIFTY27JAN2626300CE,0.1517082358641432
22-01-2026 09:25||NIFTY27JAN2624700PE,0.1543647045855482
22-01-2026 09:25||NIFTY27JAN2625000PE,0.1263723982024088
22-01-2026 09:25||NIFTY27JAN2625200CE,0.1246979257104832
22-01-2026 09:25||NIFTY27JAN2625500CE,0.1175104993720753
22-01-2026 09:25||NIFTY27JAN2625600CE,0.116348667167817
22-01-2026 09:25||NIFTY27JAN2626200CE,0.1449041927248535
22-01-2026 09:30||NIFTY27JAN2624600PE,0.1920255924511522
22-01-2026 09:30||NIFTY27JAN2624800PE,0.163537960953736
22-01-2026 09:30||NIFTY27JAN2624900PE,0.1514210195989767
22-01-2026 09:30||NIFTY27JAN2625100PE,0.1341082098952071
22-01-2026 09:30||NIFTY27JAN2625500CE,0.1166646484848447
22-01-2026 09:30||NIFTY27JAN2625800CE,0.1219602048568546
22-01-2026 09:30||NIFTY27JAN2626000CE,0.1324105222318219
22-01-2026 09:30||NIFTY27JAN2626300CE,0.1544714225311922
22-01-2026 09:35||NIFTY27JAN2624100PE,0.2737502333876809
22-01-2026 09:40||NIFTY27JAN2624100PE,0.267934761477722
22-01-2026 09:40||NIFTY27JAN2624500PE,0.2187047236365618
22-01-2026 09:40||NIFTY27JAN2626000CE,0.1348397877773765
22-01-2026 09:40||NIFTY27JAN2626200CE,0.1488856314658176
22-01-2026 09:45||NIFTY27JAN2623900PE,0.2771137770486063
22-01-2026 09:45||NIFTY27JAN2624200PE,0.2461784653181385
22-01-2026 09:50||NIFTY27JAN2623900PE,0.2669395722941115
22-01-2026 09:50||NIFTY27JAN2624100PE,0.2463812940604892
22-01-2026 09:50||NIFTY27JAN2624900PE,0.1520063163435964
22-01-2026 09:50||NIFTY27JAN2625000PE,0.1421263773383707
22-01-2026 09:50||NIFTY27JAN2625600CE,0.116682155170945
22-01-2026 09:50||NIFTY27JAN2625800CE,0.1237465887994713
22-01-2026 09:50||NIFTY27JAN2625900CE,0.1280115741202582
22-01-2026 09:50||NIFTY27JAN2626300CE,0.1524428209762287
22-01-2026 09:50||NIFTY27JAN2626500CE,0.2082418791061416
22-01-2026 09:55||NIFTY27JAN2624700PE,0.1676589898938437
22-01-2026 09:55||NIFTY27JAN2624800PE,0.1562805781675391
22-01-2026 09:55||NIFTY27JAN2624900PE,0.1454755952278451
22-01-2026 09:55||NIFTY27JAN2625200CE,0.110913494896426
22-01-2026 09:55||NIFTY27JAN2625500CE,0.1120356970166825
22-01-2026 10:00||NIFTY27JAN2624200PE,0.2181094176264918
22-01-2026 10:00||NIFTY27JAN2624700PE,0.1625343051110161
22-01-2026 10:00||NIFTY27JAN2625100PE,0.1279130549780324
22-01-2026 10:00||NIFTY27JAN2625400CE,0.1157719568928855
22-01-2026 10:00||NIFTY27JAN2625600CE,0.1098454335264108
22-01-2026 10:00||NIFTY27JAN2626100CE,0.1344810621793086
22-01-2026 10:00||NIFTY27JAN2626500CE,0.1974265571269887
22-01-2026 10:05||NIFTY27JAN2624500PE,0.1835429754490553
22-01-2026 10:05||NIFTY27JAN2624800PE,0.1514476453604025
22-01-2026 10:05||NIFTY27JAN2625000PE,0.1328943630527662
22-01-2026 10:05||NIFTY27JAN2625400CE,0.1162863527369459
22-01-2026 10:05||NIFTY27JAN2625700CE,0.1130741631369711
22-01-2026 10:05||NIFTY27JAN2625800CE,0.115702273123975
22-01-2026 10:05||NIFTY27JAN2626100CE,0.134698870877875
22-01-2026 10:05||NIFTY27JAN2626400CE,0.1574700444651744
22-01-2026 10:10||NIFTY27JAN2623800PE,0.2312690458068057
22-01-2026 10:10||NIFTY27JAN2624200PE,0.2147664811913215
22-01-2026 10:10||NIFTY27JAN2624300PE,0.2039339686572723
22-01-2026 10:10||NIFTY27JAN2624500PE,0.1827068455301875
22-01-2026 10:10||NIFTY27JAN2624800PE,0.1514300718050838
22-01-2026 10:10||NIFTY27JAN2625300CE,0.120798157452382
22-01-2026 10:10||NIFTY27JAN2625500CE,0.1103022005072176
22-01-2026 10:10||NIFTY27JAN2626200CE,0.1418915794787412
22-01-2026 10:10||NIFTY27JAN2626300CE,0.1487055785224225
22-01-2026 10:15||NIFTY27JAN2623900PE,0.2422993283515511
22-01-2026 10:15||NIFTY27JAN2624400PE,0.1904062827236525
22-01-2026 10:15||NIFTY27JAN2625000PE,0.1343186937751201
22-01-2026 10:15||NIFTY27JAN2625300CE,0.1181079612246013
22-01-2026 10:15||NIFTY27JAN2625400CE,0.1101908903459996
22-01-2026 10:20||NIFTY27JAN2624000PE,0.225022660048541
22-01-2026 10:20||NIFTY27JAN2625000PE,0.1345878116654771
22-01-2026 10:20||NIFTY27JAN2625100PE,0.1310964806890247
22-01-2026 10:20||NIFTY27JAN2625400CE,0.1061839312013789
22-01-2026 10:20||NIFTY27JAN2625500CE,0.1027111446855159
22-01-2026 10:20||NIFTY27JAN2625600CE,0.105630026387111
22-01-2026 10:20||NIFTY27JAN2625900CE,0.1221785627867486
22-01-2026 10:25||NIFTY27JAN2623900PE,0.2270960363250229
22-01-2026 10:25||NIFTY27JAN2624000PE,0.2168254240889233
22-01-2026 10:25||NIFTY27JAN2624200PE,0.1972920002342572
22-01-2026 10:25||NIFTY27JAN2625100PE,0.123673599717124
22-01-2026 10:25||NIFTY27JAN2625900CE,0.1245799037557773
22-01-2026 10:25||NIFTY27JAN2626300CE,0.1546485402792738
22-01-2026 10:30||NIFTY27JAN2624300PE,0.1843073370785588
22-01-2026 10:30||NIFTY27JAN2625800CE,0.1184627457363584
22-01-2026 10:30||NIFTY27JAN2626100CE,0.1395298846951694
22-01-2026 10:35||NIFTY27JAN2625100PE,0.1166982387697458
22-01-2026 10:35||NIFTY27JAN2625200CE,0.1281216736273799
22-01-2026 10:35||NIFTY27JAN2625300CE,0.1224243627085284
22-01-2026 10:35||NIFTY27JAN2625400CE,0.1170056967678133
22-01-2026 10:35||NIFTY27JAN2625800CE,0.1196826942419497
22-01-2026 10:40||NIFTY27JAN2624300PE,0.1833473938914455
22-01-2026 10:40||NIFTY27JAN2624600PE,0.1550911855876663
22-01-2026 10:40||NIFTY27JAN2625000PE,0.1283189027483101
22-01-2026 10:40||NIFTY27JAN2625800CE,0.1221068131130505
22-01-2026 10:40||NIFTY27JAN2625900CE,0.1276927221161533
22-01-2026 10:40||NIFTY27JAN2626000CE,0.133710692704614
22-01-2026 10:45||NIFTY27JAN2623900PE,0.2246790752667256
22-01-2026 10:45||NIFTY27JAN2625000PE,0.1292638273868062
22-01-2026 10:45||NIFTY27JAN2625400CE,0.1141515585110894
22-01-2026 10:45||NIFTY27JAN2625500CE,0.1148088791314074
22-01-2026 10:45||NIFTY27JAN2625700CE,0.1187629099795189
22-01-2026 10:45||NIFTY27JAN2625900CE,0.1294694778019918
22-01-2026 10:45||NIFTY27JAN2626400CE,0.1797214734812384
22-01-2026 10:45||NIFTY27JAN2626500CE,0.2007731302133355
22-01-2026 10:50||NIFTY27JAN2623900PE,0.224923972920061
22-01-2026 10:50||NIFTY27JAN2624400PE,0.17253313079977
22-01-2026 10:50||NIFTY27JAN2624500PE,0.1625833708897409
22-01-2026 10:50||NIFTY27JAN2624600PE,0.1545483486051547
22-01-2026 10:50||NIFTY27JAN2624900PE,0.1360596810425902
22-01-2026 10:50||NIFTY27JAN2625000PE,0.1319155989598474
22-01-2026 10:50||NIFTY27JAN2625300CE,0.1089902666309419
22-01-2026 10:50||NIFTY27JAN2625700CE,0.117972618058965
22-01-2026 10:50||NIFTY27JAN2625900CE,0.130849636635411
22-01-2026 10:50||NIFTY27JAN2626000CE,0.1372866676673134
22-01-2026 10:50||NIFTY27JAN2626300CE,0.1628279498091341
22-01-2026 10:55||NIFTY27JAN2624000PE,0.2146852115563229
22-01-2026 10:55||NIFTY27JAN2624200PE,0.1946566418642366
22-01-2026 10:55||NIFTY27JAN2624600PE,0.1569441456880675
22-01-2026 10:55||NIFTY27JAN2625900CE,0.1319087416186386
22-01-2026 11:00||NIFTY27JAN2624400PE,0.1743134044519618
22-01-2026 11:00||NIFTY27JAN2624800PE,0.1435133575808048
22-01-2026 11:00||NIFTY27JAN2626300CE,0.1648037186450071
22-01-2026 11:05||NIFTY27JAN2624500PE,0.1628102790221724
22-01-2026 11:05||NIFTY27JAN2624800PE,0.1411334227494652
22-01-2026 11:05||NIFTY27JAN2625500CE,0.1199093231000964
22-01-2026 11:05||NIFTY27JAN2625600CE,0.1221560067154963
22-01-2026 11:05||NIFTY27JAN2625900CE,0.1365823159178822
22-01-2026 11:05||NIFTY27JAN2626200CE,0.1586325021436443
22-01-2026 11:10||NIFTY27JAN2623800PE,0.2170367914644968
22-01-2026 11:10||NIFTY27JAN2624300PE,0.1802288214130313
22-01-2026 11:10||NIFTY27JAN2624600PE,0.1539466292205738
22-01-2026 11:10||NIFTY27JAN2624700PE,0.1468609544682396
22-01-2026 11:10||NIFTY27JAN2625000PE,0.1319050379961321
22-01-2026 11:10||NIFTY27JAN2625100PE,0.1286017708297127
22-01-2026 11:10||NIFTY27JAN2625400CE,0.1172315155768281
22-01-2026 11:10||NIFTY27JAN2625800CE,0.1312732699279492
22-01-2026 11:10||NIFTY27JAN2626100CE,0.1529167779559431
22-01-2026 11:15||NIFTY27JAN2623900PE,0.2200712915264035
22-01-2026 11:15||NIFTY27JAN2624300PE,0.178651863175925
22-01-2026 11:15||NIFTY27JAN2625600CE,0.1208562234301544
22-01-2026 11:15||NIFTY27JAN2625800CE,0.1322337962548629
22-01-2026 11:15||NIFTY27JAN2626100CE,0.1540875887560435
22-01-2026 11:15||NIFTY27JAN2626200CE,0.1605694963061756
22-01-2026 11:15||NIFTY27JAN2626400CE,0.1837659668367467
22-01-2026 11:15||NIFTY27JAN2626500CE,0.2016337923859526
22-01-2026 11:20||NIFTY27JAN2623900PE,0.2170093285818518
22-01-2026 11:20||NIFTY27JAN2624700PE,0.1447322929315768
22-01-2026 11:20||NIFTY27JAN2624800PE,0.1385251113208519
22-01-2026 11:20||NIFTY27JAN2625600CE,0.1208950635811402
22-01-2026 11:20||NIFTY27JAN2625900CE,0.1383260298519512
22-01-2026 11:25||NIFTY27JAN2623800PE,0.2128364627624414
22-01-2026 11:25||NIFTY27JAN2623900PE,0.2152736575514992
22-01-2026 11:25||NIFTY27JAN2624000PE,0.2084415337889711
22-01-2026 11:25||NIFTY27JAN2624500PE,0.1592011751229661
22-01-2026 11:25||NIFTY27JAN2624600PE,0.1507548022855516
22-01-2026 11:25||NIFTY27JAN2625800CE,0.1321972461850791
22-01-2026 11:25||NIFTY27JAN2625900CE,0.137492437171703
22-01-2026 11:25||NIFTY27JAN2626500CE,0.1927344992137092
22-01-2026 11:30||NIFTY27JAN2624300PE,0.1810554269668489
22-01-2026 11:30||NIFTY27JAN2625800CE,0.1309016307088178
22-01-2026 11:30||NIFTY27JAN2626000CE,0.1415512836460076
22-01-2026 11:35||NIFTY27JAN2624200PE,0.1883632154046654
22-01-2026 11:35||NIFTY27JAN2625500CE,0.118366517782743
22-01-2026 11:35||NIFTY27JAN2625900CE,0.1357743130545677
22-01-2026 11:40||NIFTY27JAN2624200PE,0.1876127130429383
22-01-2026 11:40||NIFTY27JAN2624700PE,0.1464110471127701
22-01-2026 11:40||NIFTY27JAN2625200CE,0.1193280126734657
22-01-2026 11:40||NIFTY27JAN2626300CE,0.1682338908215612
22-01-2026 11:45||NIFTY27JAN2623900PE,0.2195332612571178
22-01-2026 11:45||NIFTY27JAN2624400PE,0.169619073543212
22-01-2026 11:45||NIFTY27JAN2625000PE,0.1295894790500038
22-01-2026 11:45||NIFTY27JAN2626500CE,0.1996514188338634
22-01-2026 11:50||NIFTY27JAN2624500PE,0.1606310206547688
22-01-2026 11:50||NIFTY27JAN2624800PE,0.1390283289417784
22-01-2026 11:50||NIFTY27JAN2625200CE,0.1227066397689278
22-01-2026 11:50||NIFTY27JAN2625700CE,0.1299183445263711
22-01-2026 11:50||NIFTY27JAN2626200CE,0.1645792175035021
22-01-2026 11:50||NIFTY27JAN2626300CE,0.172209529146968
22-01-2026 11:55||NIFTY27JAN2624000PE,0.2080237634038134
22-01-2026 11:55||NIFTY27JAN2625000PE,0.1278268238117956
22-01-2026 12:00||NIFTY27JAN2623800PE,0.2153318340279311
22-01-2026 12:00||NIFTY27JAN2624300PE,0.1763679273732882
22-01-2026 12:00||NIFTY27JAN2625600CE,0.1293163956881625
22-01-2026 12:00||NIFTY27JAN2625700CE,0.132142981056489
22-01-2026 12:00||NIFTY27JAN2626100CE,0.158173335610671
22-01-2026 12:00||NIFTY27JAN2626400CE,0.1822917797412334
22-01-2026 12:05||NIFTY27JAN2624300PE,0.1764120933159677
22-01-2026 12:05||NIFTY27JAN2625600CE,0.1287976860091518
22-01-2026 12:05||NIFTY27JAN2625700CE,0.1315462728724123
22-01-2026 12:05||NIFTY27JAN2626000CE,0.1493153174559357
22-01-2026 12:05||NIFTY27JAN2626300CE,0.1723575583103737
22-01-2026 12:10||NIFTY27JAN2624000PE,0.2077681260172389
22-01-2026 12:10||NIFTY27JAN2624500PE,0.1591563848476764
22-01-2026 12:10||NIFTY27JAN2625500CE,0.1253556837037625
22-01-2026 12:10||NIFTY27JAN2625800CE,0.1346572669514395
22-01-2026 12:10||NIFTY27JAN2626100CE,0.1542861344525141
22-01-2026 12:15||NIFTY27JAN2623800PE,0.2197336731592863
22-01-2026 12:15||NIFTY27JAN2624000PE,0.2093389133369561
22-01-2026 12:15||NIFTY27JAN2624500PE,0.1606817441011761
22-01-2026 12:15||NIFTY27JAN2626100CE,0.1522782833279246
22-01-2026 12:15||NIFTY27JAN2626400CE,0.1838434006104715
22-01-2026 12:15||NIFTY27JAN2626500CE,0.2033740032783416
22-01-2026 12:20||NIFTY27JAN2624800PE,0.1347287442967278
22-01-2026 12:20||NIFTY27JAN2624900PE,0.1296396066623658
22-01-2026 12:20||NIFTY27JAN2625900CE,0.1383811970742445
22-01-2026 12:20||NIFTY27JAN2626000CE,0.1447823417859752
22-01-2026 12:20||NIFTY27JAN2626500CE,0.2033338875388155
22-01-2026 12:25||NIFTY27JAN2623900PE,0.2212079363597978
22-01-2026 12:25||NIFTY27JAN2624200PE,0.1900429245017611
22-01-2026 12:25||NIFTY27JAN2624700PE,0.1422431557214148
22-01-2026 12:25||NIFTY27JAN2624800PE,0.1337238807152688
22-01-2026 12:25||NIFTY27JAN2625300CE,0.1206681042303059
22-01-2026 12:30||NIFTY27JAN2624200PE,0.1892587001606235
22-01-2026 12:30||NIFTY27JAN2624400PE,0.1654226544292378
22-01-2026 12:30||NIFTY27JAN2624500PE,0.1574412064428453
22-01-2026 12:30||NIFTY27JAN2625100PE,0.1204957892904287
22-01-2026 12:30||NIFTY27JAN2625700CE,0.1274127473639225
22-01-2026 12:30||NIFTY27JAN2625800CE,0.1316589444974744
22-01-2026 12:30||NIFTY27JAN2625900CE,0.1357363317588599
22-01-2026 12:30||NIFTY27JAN2626400CE,0.174715985644452
22-01-2026 12:35||NIFTY27JAN2623800PE,0.2150359653008356
22-01-2026 12:35||NIFTY27JAN2624400PE,0.1667081804437815
22-01-2026 12:35||NIFTY27JAN2626100CE,0.1493152063279586
22-01-2026 12:35||NIFTY27JAN2626300CE,0.1658719278387753
22-01-2026 12:40||NIFTY27JAN2624100PE,0.1985467142926815
22-01-2026 12:40||NIFTY27JAN2626200CE,0.1612334325091248
22-01-2026 12:45||NIFTY27JAN2624700PE,0.1427465613104443
22-01-2026 12:45||NIFTY27JAN2624900PE,0.128958626044751
22-01-2026 12:45||NIFTY27JAN2625200CE,0.1139679958659626
22-01-2026 12:45||NIFTY27JAN2625700CE,0.1228994401665071
22-01-2026 12:45||NIFTY27JAN2625800CE,0.1280401472120153
22-01-2026 12:45||NIFTY27JAN2626000CE,0.1474120683870738
22-01-2026 12:45||NIFTY27JAN2626100CE,0.1570544004335232
22-01-2026 12:45||NIFTY27JAN2626200CE,0.164764001903329
22-01-2026 12:45||NIFTY27JAN2626300CE,0.1708908499911037
22-01-2026 12:45||NIFTY27JAN2626400CE,0.1761824120126845
22-01-2026 12:50||NIFTY27JAN2624200PE,0.1844558751633416
22-01-2026 12:50||NIFTY27JAN2624300PE,0.1751058214861064
22-01-2026 12:50||NIFTY27JAN2624900PE,0.1293665506020654
22-01-2026 12:50||NIFTY27JAN2625900CE,0.1354424841087974
22-01-2026 12:50||NIFTY27JAN2626200CE,0.1637336163089939
22-01-2026 12:50||NIFTY27JAN2626300CE,0.1710055912492265
22-01-2026 12:55||NIFTY27JAN2624400PE,0.1644193003330331
22-01-2026 12:55||NIFTY27JAN2625100PE,0.1215323398763451
22-01-2026 12:55||NIFTY27JAN2626100CE,0.1524826921494113
22-01-2026 12:55||NIFTY27JAN2626400CE,0.1786368406510784
22-01-2026 13:00||NIFTY27JAN2624000PE,0.2027962119523051
22-01-2026 13:00||NIFTY27JAN2624400PE,0.1625116409770822
22-01-2026 13:00||NIFTY27JAN2624900PE,0.1264581505559056
22-01-2026 13:00||NIFTY27JAN2625700CE,0.1261969882802103
22-01-2026 13:05||NIFTY27JAN2623800PE,0.2145620955790337
22-01-2026 13:05||NIFTY27JAN2624100PE,0.1919751241192324
22-01-2026 13:05||NIFTY27JAN2624400PE,0.162698408241449
22-01-2026 13:05||NIFTY27JAN2625000PE,0.1222406551909464
22-01-2026 13:05||NIFTY27JAN2625300CE,0.117016412807844
22-01-2026 13:05||NIFTY27JAN2625400CE,0.1165585536562415
22-01-2026 13:05||NIFTY27JAN2625700CE,0.1254760194309897
22-01-2026 13:10||NIFTY27JAN2624200PE,0.1805807596636033
22-01-2026 13:10||NIFTY27JAN2625300CE,0.1168876628363984
22-01-2026 13:10||NIFTY27JAN2625500CE,0.1184436294603754
22-01-2026 13:10||NIFTY27JAN2626000CE,0.1465546535381569
22-01-2026 13:10||NIFTY27JAN2626500CE,0.2012224658590348
22-01-2026 13:15||NIFTY27JAN2624200PE,0.1798974889452302
22-01-2026 13:15||NIFTY27JAN2624600PE,0.1428870571826626
22-01-2026 13:15||NIFTY27JAN2624700PE,0.1360194381294659
22-01-2026 13:15||NIFTY27JAN2625200CE,0.1108195146447369
22-01-2026 13:15||NIFTY27JAN2625600CE,0.1222052673875753
22-01-2026 13:20||NIFTY27JAN2623900PE,0.2131606885723491
22-01-2026 13:20||NIFTY27JAN2624700PE,0.1372340947580527
22-01-2026 13:20||NIFTY27JAN2624900PE,0.1206797633147545
22-01-2026 13:20||NIFTY27JAN2625200CE,0.1104289755914451
22-01-2026 13:20||NIFTY27JAN2625500CE,0.1190343732161452
22-01-2026 13:20||NIFTY27JAN2626100CE,0.1564799517450087
22-01-2026 13:25||NIFTY27JAN2624900PE,0.1197513250221462
22-01-2026 13:25||NIFTY27JAN2625100PE,0.1202044497630932
22-01-2026 13:25||NIFTY27JAN2625800CE,0.1322321303330014
22-01-2026 13:25||NIFTY27JAN2626100CE,0.157326091021304
22-01-2026 13:25||NIFTY27JAN2626300CE,0.1741496665940094
22-01-2026 13:30||NIFTY27JAN2623800PE,0.209877008341583
22-01-2026 13:30||NIFTY27JAN2624000PE,0.1999290142893046
22-01-2026 13:30||NIFTY27JAN2624100PE,0.1904803249959948
22-01-2026 13:30||NIFTY27JAN2624600PE,0.1422849675372199
22-01-2026 13:30||NIFTY27JAN2625100PE,0.120993174940166
22-01-2026 13:30||NIFTY27JAN2625800CE,0.1330276011577295
22-01-2026 13:30||NIFTY27JAN2625900CE,0.1397833429633994
22-01-2026 13:35||NIFTY27JAN2623800PE,0.2081884386848197
22-01-2026 13:35||NIFTY27JAN2623900PE,0.2093826083319875
22-01-2026 13:35||NIFTY27JAN2624400PE,0.1590461206687152
22-01-2026 13:35||NIFTY27JAN2624600PE,0.1424296090584139
22-01-2026 13:35||NIFTY27JAN2624700PE,0.134622612122558
22-01-2026 13:35||NIFTY27JAN2625300CE,0.1223838711349905
22-01-2026 13:35||NIFTY27JAN2625500CE,0.1199095055915222
22-01-2026 13:35||NIFTY27JAN2625700CE,0.1266026964151961
22-01-2026 13:35||NIFTY27JAN2626000CE,0.1494545828793798
22-01-2026 13:35||NIFTY27JAN2626100CE,0.15668168555928
22-01-2026 13:35||NIFTY27JAN2626400CE,0.1811840864614477
22-01-2026 13:40||NIFTY27JAN2624000PE,0.2009164115058252
22-01-2026 13:40||NIFTY27JAN2624200PE,0.1775813275615934
22-01-2026 13:40||NIFTY27JAN2624300PE,0.1661979845201443
22-01-2026 13:40||NIFTY27JAN2624400PE,0.1568506491399015
22-01-2026 13:40||NIFTY27JAN2624900PE,0.1235010652825705
22-01-2026 13:40||NIFTY27JAN2625100PE,0.1153537418859253
22-01-2026 13:40||NIFTY27JAN2625300CE,0.1217024404225619
22-01-2026 13:40||NIFTY27JAN2625400CE,0.1189732424634938
22-01-2026 13:40||NIFTY27JAN2625600CE,0.121963226834659
22-01-2026 13:40||NIFTY27JAN2626000CE,0.1491582817544117
22-01-2026 13:40||NIFTY27JAN2626300CE,0.171222068007022
22-01-2026 13:45||NIFTY27JAN2624400PE,0.1571093442399835
22-01-2026 13:45||NIFTY27JAN2625200CE,0.1279331512808066
22-01-2026 13:45||NIFTY27JAN2625800CE,0.1338425038909842
22-01-2026 13:45||NIFTY27JAN2626100CE,0.1562262913947766
22-01-2026 13:45||NIFTY27JAN2626300CE,0.1718479873605449
22-01-2026 13:50||NIFTY27JAN2623800PE,0.2115055875057743
22-01-2026 13:50||NIFTY27JAN2625200CE,0.1252213243465433
22-01-2026 13:50||NIFTY27JAN2626300CE,0.1707765819380753
22-01-2026 13:55||NIFTY27JAN2624500PE,0.1492250942288738
22-01-2026 13:55||NIFTY27JAN2624600PE,0.1404927988358012
22-01-2026 13:55||NIFTY27JAN2624800PE,0.126187761504887
22-01-2026 13:55||NIFTY27JAN2625400CE,0.1172348217387624
22-01-2026 13:55||NIFTY27JAN2625500CE,0.1183946354165778
22-01-2026 13:55||NIFTY27JAN2625900CE,0.1370349036087742
22-01-2026 13:55||NIFTY27JAN2626000CE,0.1443525758042061
22-01-2026 13:55||NIFTY27JAN2626400CE,0.179133464927803
22-01-2026 14:00||NIFTY27JAN2623800PE,0.210652795644723
22-01-2026 14:00||NIFTY27JAN2623900PE,0.2120396723400239
22-01-2026 14:00||NIFTY27JAN2624300PE,0.1699199790219085
22-01-2026 14:00||NIFTY27JAN2625000PE,0.1168410142093806
22-01-2026 14:00||NIFTY27JAN2625300CE,0.1107399565683782
22-01-2026 14:00||NIFTY27JAN2625500CE,0.1144374854333242
22-01-2026 14:00||NIFTY27JAN2625600CE,0.1164430771262354
22-01-2026 14:00||NIFTY27JAN2626500CE,0.1949929986953889
22-01-2026 14:05||NIFTY27JAN2623800PE,0.2097024979010959
22-01-2026 14:05||NIFTY27JAN2624000PE,0.2009307031119998
22-01-2026 14:05||NIFTY27JAN2624200PE,0.1769851711320046
22-01-2026 14:05||NIFTY27JAN2624300PE,0.1679384501353405
22-01-2026 14:05||NIFTY27JAN2625200CE,0.1064771016400629
22-01-2026 14:05||NIFTY27JAN2626200CE,0.1598674274477574
22-01-2026 14:05||NIFTY27JAN2626400CE,0.1792688318792553
22-01-2026 14:10||NIFTY27JAN2623900PE,0.2097660288427382
22-01-2026 14:10||NIFTY27JAN2624200PE,0.1767189918921017
22-01-2026 14:10||NIFTY27JAN2625100PE,0.1174690423038264
22-01-2026 14:10||NIFTY27JAN2625900CE,0.1357076675825453
22-01-2026 14:15||NIFTY27JAN2623800PE,0.2061776615840946
22-01-2026 14:15||NIFTY27JAN2624600PE,0.1390334896798873
22-01-2026 14:15||NIFTY27JAN2625000PE,0.1173232971447449
22-01-2026 14:15||NIFTY27JAN2625100PE,0.1145582318471406
22-01-2026 14:15||NIFTY27JAN2626500CE,0.1963037433229649
22-01-2026 14:20||NIFTY27JAN2623800PE,0.2032798943528767
22-01-2026 14:20||NIFTY27JAN2623900PE,0.2005494959773837
22-01-2026 14:20||NIFTY27JAN2624000PE,0.1923416594907382
22-01-2026 14:20||NIFTY27JAN2624100PE,0.1833265307921693
22-01-2026 14:20||NIFTY27JAN2624400PE,0.1534124829243597
22-01-2026 14:20||NIFTY27JAN2624900PE,0.1140468559913075
22-01-2026 14:20||NIFTY27JAN2625400CE,0.1183103021710005
22-01-2026 14:20||NIFTY27JAN2625700CE,0.1285343257813519
22-01-2026 14:20||NIFTY27JAN2625800CE,0.1346200941609385
22-01-2026 14:20||NIFTY27JAN2625900CE,0.1398359471137481
22-01-2026 14:20||NIFTY27JAN2626100CE,0.1571930989765847
22-01-2026 14:20||NIFTY27JAN2626200CE,0.1657165444959928
22-01-2026 14:25||NIFTY27JAN2624200PE,0.1729784330419688
22-01-2026 14:25||NIFTY27JAN2624300PE,0.1622572432378466
22-01-2026 14:25||NIFTY27JAN2624600PE,0.1329699042436883
22-01-2026 14:25||NIFTY27JAN2624700PE,0.1248371720996656
22-01-2026 14:25||NIFTY27JAN2626500CE,0.1980887770053379
22-01-2026 14:30||NIFTY27JAN2623800PE,0.2129454460185199
22-01-2026 14:30||NIFTY27JAN2624300PE,0.1660184753248297
22-01-2026 14:30||NIFTY27JAN2625600CE,0.1216789172316586
22-01-2026 14:30||NIFTY27JAN2625700CE,0.1235494209606661
22-01-2026 14:30||NIFTY27JAN2625900CE,0.1340714818772588
22-01-2026 14:30||NIFTY27JAN2626500CE,0.1957962707896534
22-01-2026 14:35||NIFTY27JAN2624000PE,0.2044374783297338
22-01-2026 14:35||NIFTY27JAN2624800PE,0.1226113776149397
22-01-2026 14:35||NIFTY27JAN2625500CE,0.1172674102247392
22-01-2026 14:40||NIFTY27JAN2623800PE,0.2134039476586822
22-01-2026 14:40||NIFTY27JAN2625200CE,0.1264453764985602
22-01-2026 14:40||NIFTY27JAN2625400CE,0.114955715122234
22-01-2026 14:40||NIFTY27JAN2626100CE,0.1423532175038451
22-01-2026 14:40||NIFTY27JAN2626500CE,0.1902397267655704
22-01-2026 14:45||NIFTY27JAN2624000PE,0.2053476959825639
22-01-2026 14:45||NIFTY27JAN2626100CE,0.1403465694773708
22-01-2026 14:50||NIFTY27JAN2624400PE,0.1556499224299085
22-01-2026 14:50||NIFTY27JAN2624500PE,0.1461911698391951
22-01-2026 14:50||NIFTY27JAN2625400CE,0.113102391966654
22-01-2026 14:50||NIFTY27JAN2625500CE,0.1119844389339872
22-01-2026 14:50||NIFTY27JAN2625600CE,0.1111678017908798
22-01-2026 14:50||NIFTY27JAN2626200CE,0.1466636543312619
22-01-2026 14:55||NIFTY27JAN2624300PE,0.1660698058381795
22-01-2026 14:55||NIFTY27JAN2625000PE,0.1104147833825626
22-01-2026 14:55||NIFTY27JAN2626100CE,0.1373540215214308
22-01-2026 14:55||NIFTY27JAN2626500CE,0.1890100114915315
22-01-2026 15:00||NIFTY27JAN2624300PE,0.1648826894779197
22-01-2026 15:00||NIFTY27JAN2624600PE,0.1352640406974858
22-01-2026 15:00||NIFTY27JAN2624900PE,0.1134104100657777
22-01-2026 15:00||NIFTY27JAN2625600CE,0.1102714012085571
22-01-2026 15:00||NIFTY27JAN2626400CE,0.1648559279923795
22-01-2026 15:05||NIFTY27JAN2625300CE,0.1157986703119412
22-01-2026 15:05||NIFTY27JAN2625400CE,0.1110573207401311
22-01-2026 15:05||NIFTY27JAN2625600CE,0.1115896402904995
22-01-2026 15:10||NIFTY27JAN2623800PE,0.2045845984268456
22-01-2026 15:10||NIFTY27JAN2624000PE,0.200833047585283
22-01-2026 15:10||NIFTY27JAN2624200PE,0.1767063440574169
22-01-2026 15:10||NIFTY27JAN2625100PE,0.0980895061011369
22-01-2026 15:10||NIFTY27JAN2625600CE,0.1105167263468824
22-01-2026 15:10||NIFTY27JAN2626100CE,0.1349961141375329
22-01-2026 15:15||NIFTY27JAN2623800PE,0.2043476890489734
22-01-2026 15:15||NIFTY27JAN2624200PE,0.1770107519899274
22-01-2026 15:15||NIFTY27JAN2624600PE,0.135121666902404
22-01-2026 15:15||NIFTY27JAN2625400CE,0.1159690109703343
22-01-2026 15:15||NIFTY27JAN2625800CE,0.1137872881388601
22-01-2026 15:15||NIFTY27JAN2625900CE,0.1182234012322361
22-01-2026 15:15||NIFTY27JAN2626200CE,0.1414558552462637
22-01-2026 15:15||NIFTY27JAN2626300CE,0.1496171606392548
22-01-2026 15:20||NIFTY27JAN2624800PE,0.1150534623652053
22-01-2026 15:20||NIFTY27JAN2625200CE,0.1247067918069592
22-01-2026 15:20||NIFTY27JAN2626400CE,0.15993774572888
22-01-2026 15:25||NIFTY27JAN2623800PE,0.2141186862794789
22-01-2026 15:25||NIFTY27JAN2624300PE,0.1687660055559378
22-01-2026 15:25||NIFTY27JAN2624700PE,0.1295983588000739
22-01-2026 15:25||NIFTY27JAN2625100PE,0.1084351545362188
22-01-2026 15:25||NIFTY27JAN2625200CE,0.1172556169164722
22-01-2026 15:25||NIFTY27JAN2625300CE,0.1170349460060049
22-01-2026 15:25||NIFTY27JAN2625600CE,0.1106639248631561
22-01-2026 15:25||NIFTY27JAN2625900CE,0.122775432317335
22-01-2026 15:25||NIFTY27JAN2626000CE,0.1313293383207494
22-01-2026 15:25||NIFTY27JAN2626400CE,0.1666413433435684
23-01-2026 09:15||NIFTY27JAN2624100PE,0.1963118170566909
23-01-2026 09:15||NIFTY27JAN2624200PE,0.1828802410132144
23-01-2026 09:15||NIFTY27JAN2624300PE,0.1744609631609175
23-01-2026 09:15||NIFTY27JAN2625500CE,0.1153388047984925
23-01-2026 09:15||NIFTY27JAN2626000CE,0.1397675410817937
23-01-2026 09:15||NIFTY27JAN2626100CE,0.1463886123236434
23-01-2026 09:15||NIFTY27JAN2626200CE,0.1516814792569565
23-01-2026 09:15||NIFTY27JAN2626300CE,0.1616228309388302
23-01-2026 09:15||NIFTY27JAN2626500CE,0.1998411986452389
23-01-2026 09:20||NIFTY27JAN2623900PE,0.2345617888430358
23-01-2026 09:20||NIFTY27JAN2624400PE,0.1724183556095249
23-01-2026 09:20||NIFTY27JAN2625500CE,0.1181655272760838
23-01-2026 09:20||NIFTY27JAN2626200CE,0.1538586825887541
23-01-2026 09:20||NIFTY27JAN2626400CE,0.1761431386879376
23-01-2026 09:25||NIFTY27JAN2623800PE,0.2277914092652653
23-01-2026 09:25||NIFTY27JAN2625100PE,0.1120101498208368
23-01-2026 09:25||NIFTY27JAN2626100CE,0.1412844220776193
23-01-2026 09:25||NIFTY27JAN2626200CE,0.1504015262173091
23-01-2026 09:25||NIFTY27JAN2626400CE,0.1711088666759725
23-01-2026 09:30||NIFTY27JAN2623900PE,0.2354293034846487
23-01-2026 09:30||NIFTY27JAN2624000PE,0.2253483320492254
23-01-2026 09:30||NIFTY27JAN2624400PE,0.1717795951922097
23-01-2026 09:30||NIFTY27JAN2624500PE,0.1588647438899365
23-01-2026 09:30||NIFTY27JAN2624600PE,0.1498350088978243
23-01-2026 09:30||NIFTY27JAN2624700PE,0.1420535133280076
23-01-2026 09:30||NIFTY27JAN2625200CE,0.1196484780093471
23-01-2026 09:30||NIFTY27JAN2626300CE,0.1594260043717875
23-01-2026 09:35||NIFTY27JAN2623900PE,0.2352250898087238
23-01-2026 09:35||NIFTY27JAN2624000PE,0.2242752440417332
23-01-2026 09:35||NIFTY27JAN2624400PE,0.1738732420354127
23-01-2026 09:35||NIFTY27JAN2625500CE,0.1071454255048591
23-01-2026 09:35||NIFTY27JAN2626100CE,0.1391275569178704
23-01-2026 09:40||NIFTY27JAN2625400CE,0.1133654673082791
23-01-2026 09:40||NIFTY27JAN2625500CE,0.1104927423931068
23-01-2026 09:40||NIFTY27JAN2626000CE,0.1313032531928286
23-01-2026 09:45||NIFTY27JAN2623900PE,0.2358384676383273
23-01-2026 09:45||NIFTY27JAN2624100PE,0.2112773226554352
23-01-2026 09:45||NIFTY27JAN2624300PE,0.1859505708179697
23-01-2026 09:45||NIFTY27JAN2624800PE,0.1313494946511245
23-01-2026 09:45||NIFTY27JAN2624900PE,0.1247680401849414
23-01-2026 09:45||NIFTY27JAN2626100CE,0.1415975730721356
23-01-2026 09:45||NIFTY27JAN2626400CE,0.1735776377444691
23-01-2026 09:50||NIFTY27JAN2623900PE,0.2346997538238376
23-01-2026 09:50||NIFTY27JAN2624200PE,0.1963831484913112
23-01-2026 09:50||NIFTY27JAN2624400PE,0.1725646745310712
23-01-2026 09:50||NIFTY27JAN2624700PE,0.138724795984803
23-01-2026 09:50||NIFTY27JAN2625200CE,0.1262596200365479
23-01-2026 09:50||NIFTY27JAN2625300CE,0.1169270585705819
23-01-2026 09:50||NIFTY27JAN2625700CE,0.1110634396439078
23-01-2026 09:50||NIFTY27JAN2625800CE,0.1148001378286658
23-01-2026 09:55||NIFTY27JAN2623800PE,0.2274739552311812
23-01-2026 09:55||NIFTY27JAN2624200PE,0.1968004299429242
23-01-2026 09:55||NIFTY27JAN2624800PE,0.1305066954139067
23-01-2026 09:55||NIFTY27JAN2625000PE,0.1177788818279338
23-01-2026 09:55||NIFTY27JAN2625200CE,0.1216420218295229
23-01-2026 09:55||NIFTY27JAN2625700CE,0.1084065450652376
23-01-2026 09:55||NIFTY27JAN2626300CE,0.162301652928709
23-01-2026 10:00||NIFTY27JAN2624700PE,0.1386062961636951
23-01-2026 10:00||NIFTY27JAN2625900CE,0.1231892898207106
23-01-2026 10:00||NIFTY27JAN2626000CE,0.1336103849453468
23-01-2026 10:00||NIFTY27JAN2626100CE,0.1420375775389766
23-01-2026 10:00||NIFTY27JAN2626300CE,0.1625377437286244
23-01-2026 10:05||NIFTY27JAN2623800PE,0.2268145131320324
23-01-2026 10:05||NIFTY27JAN2624100PE,0.2100353533541482
23-01-2026 10:05||NIFTY27JAN2624600PE,0.1492272758032544
23-01-2026 10:05||NIFTY27JAN2624800PE,0.1301953334774439
23-01-2026 10:05||NIFTY27JAN2626200CE,0.1520802210240982
23-01-2026 10:10||NIFTY27JAN2623800PE,0.2262981137608636
23-01-2026 10:10||NIFTY27JAN2624000PE,0.222273243844576
23-01-2026 10:10||NIFTY27JAN2624400PE,0.1727705863531028
23-01-2026 10:10||NIFTY27JAN2624600PE,0.1488486083496057
23-01-2026 10:10||NIFTY27JAN2624800PE,0.1301751618942395
23-01-2026 10:10||NIFTY27JAN2625300CE,0.1012880487934742
23-01-2026 10:15||NIFTY27JAN2624700PE,0.1378824553559053
23-01-2026 10:15||NIFTY27JAN2625700CE,0.1061909064569891
23-01-2026 10:15||NIFTY27JAN2625900CE,0.1228047680596579
23-01-2026 10:15||NIFTY27JAN2626000CE,0.1333502025343642
23-01-2026 10:15||NIFTY27JAN2626400CE,0.1776306631303888
23-01-2026 10:20||NIFTY27JAN2625700CE,0.1090715585865508
23-01-2026 10:20||NIFTY27JAN2625800CE,0.1145184049866807
23-01-2026 10:20||NIFTY27JAN2626100CE,0.1445980350640182
23-01-2026 10:20||NIFTY27JAN2626500CE,0.2049425326073418
23-01-2026 10:25||NIFTY27JAN2623800PE,0.2279195626723906
23-01-2026 10:25||NIFTY27JAN2624400PE,0.1688258475994769
23-01-2026 10:25||NIFTY27JAN2624600PE,0.1440726841949823
23-01-2026 10:25||NIFTY27JAN2625100PE,0.1051773177202949
23-01-2026 10:25||NIFTY27JAN2625400CE,0.108334948773999
23-01-2026 10:25||NIFTY27JAN2626000CE,0.1318198042916595
23-01-2026 10:30||NIFTY27JAN2624100PE,0.2068585968692022
23-01-2026 10:30||NIFTY27JAN2624400PE,0.1714047756164073
23-01-2026 10:30||NIFTY27JAN2624600PE,0.1463546300298898
23-01-2026 10:30||NIFTY27JAN2625100PE,0.1068979299612996
23-01-2026 10:35||NIFTY27JAN2624000PE,0.2189044081320446
23-01-2026 10:35||NIFTY27JAN2624100PE,0.2052528073769845
23-01-2026 10:35||NIFTY27JAN2624200PE,0.1973399436510359
23-01-2026 10:35||NIFTY27JAN2624500PE,0.160426187246047
23-01-2026 10:35||NIFTY27JAN2624900PE,0.1211953463079885
23-01-2026 10:35||NIFTY27JAN2625100PE,0.108831887731796
23-01-2026 10:35||NIFTY27JAN2625600CE,0.0995233277893051
23-01-2026 10:40||NIFTY27JAN2624000PE,0.2212198687521363
23-01-2026 10:40||NIFTY27JAN2624600PE,0.1497810282266399
23-01-2026 10:40||NIFTY27JAN2624800PE,0.1301683030742859
23-01-2026 10:40||NIFTY27JAN2625300CE,0.1010490092756167
23-01-2026 10:40||NIFTY27JAN2625800CE,0.1065742022466872
23-01-2026 10:45||NIFTY27JAN2624100PE,0.2109592287510085
23-01-2026 10:45||NIFTY27JAN2625100PE,0.1096112272167973
23-01-2026 10:45||NIFTY27JAN2625900CE,0.1161105306347521
23-01-2026 10:45||NIFTY27JAN2626200CE,0.1528522989085367
23-01-2026 10:45||NIFTY27JAN2626500CE,0.2042775697784639
23-01-2026 10:50||NIFTY27JAN2623900PE,0.2353782792357478
23-01-2026 10:50||NIFTY27JAN2625400CE,0.0982754976194426
23-01-2026 10:50||NIFTY27JAN2625700CE,0.1007573228157335
23-01-2026 10:50||NIFTY27JAN2626200CE,0.1561596582190121
23-01-2026 10:50||NIFTY27JAN2626300CE,0.1663305848165029
23-01-2026 10:50||NIFTY27JAN2626400CE,0.1756156051265875
23-01-2026 10:55||NIFTY27JAN2623800PE,0.2271024754943452
23-01-2026 10:55||NIFTY27JAN2624600PE,0.1467384879301205
23-01-2026 10:55||NIFTY27JAN2624900PE,0.1185338450206959
23-01-2026 10:55||NIFTY27JAN2626200CE,0.155027449730675
23-01-2026 11:00||NIFTY27JAN2625100PE,0.1055422480965908
23-01-2026 11:00||NIFTY27JAN2625400CE,0.0993211813092283
23-01-2026 11:00||NIFTY27JAN2625800CE,0.1087686382099488
23-01-2026 11:00||NIFTY27JAN2626100CE,0.1419514120091262
23-01-2026 11:05||NIFTY27JAN2624200PE,0.1956927743419094
23-01-2026 11:05||NIFTY27JAN2625600CE,0.0993829944382043
23-01-2026 11:05||NIFTY27JAN2625700CE,0.1025608010612676
23-01-2026 11:05||NIFTY27JAN2626200CE,0.1537199319306613
23-01-2026 11:05||NIFTY27JAN2626500CE,0.2048412439921596
23-01-2026 11:10||NIFTY27JAN2624000PE,0.2179473040344343
23-01-2026 11:10||NIFTY27JAN2624100PE,0.2050442445416062
23-01-2026 11:10||NIFTY27JAN2625300CE,0.1023669521107067
23-01-2026 11:10||NIFTY27JAN2626300CE,0.165609859852112
23-01-2026 11:15||NIFTY27JAN2624200PE,0.193760747119067
23-01-2026 11:15||NIFTY27JAN2624800PE,0.1226505577001102
23-01-2026 11:15||NIFTY27JAN2624900PE,0.1151444678316355
23-01-2026 11:15||NIFTY27JAN2625300CE,0.1008546506499927
23-01-2026 11:15||NIFTY27JAN2625400CE,0.0983786913936001
23-01-2026 11:15||NIFTY27JAN2625500CE,0.0963828601863066
23-01-2026 11:15||NIFTY27JAN2625700CE,0.1013995363218783
23-01-2026 11:15||NIFTY27JAN2626300CE,0.1662257234495262
23-01-2026 11:20||NIFTY27JAN2624100PE,0.2061111775067758
23-01-2026 11:20||NIFTY27JAN2624400PE,0.168719120339294
23-01-2026 11:20||NIFTY27JAN2624800PE,0.1216961635353583
23-01-2026 11:20||NIFTY27JAN2625100PE,0.10412796903217
23-01-2026 11:20||NIFTY27JAN2626000CE,0.1303447915284387
23-01-2026 11:20||NIFTY27JAN2626300CE,0.1664643914180041
23-01-2026 11:25||NIFTY27JAN2623800PE,0.2239294380322934
23-01-2026 11:25||NIFTY27JAN2623900PE,0.2305197462465995
23-01-2026 11:25||NIFTY27JAN2624900PE,0.1143568576030636
23-01-2026 11:25||NIFTY27JAN2625200CE,0.1022954825772558
23-01-2026 11:25||NIFTY27JAN2625800CE,0.1097140302152344
23-01-2026 11:25||NIFTY27JAN2626400CE,0.1769956878758798
23-01-2026 11:30||NIFTY27JAN2624700PE,0.1348947821465253
23-01-2026 11:30||NIFTY27JAN2624900PE,0.11737153184831
23-01-2026 11:30||NIFTY27JAN2625000PE,0.1108799543686537
23-01-2026 11:30||NIFTY27JAN2625500CE,0.0933634337984042
23-01-2026 11:30||NIFTY27JAN2625800CE,0.1093397395094041
23-01-2026 11:30||NIFTY27JAN2626000CE,0.1318265954798628
23-01-2026 11:30||NIFTY27JAN2626200CE,0.1540711836287654
23-01-2026 11:30||NIFTY27JAN2626400CE,0.1771416828370128
23-01-2026 11:35||NIFTY27JAN2624900PE,0.1194218743919907
23-01-2026 11:35||NIFTY27JAN2625400CE,0.0928012067517078
23-01-2026 11:35||NIFTY27JAN2626000CE,0.1356157557774583
23-01-2026 11:40||NIFTY27JAN2623900PE,0.2258168694441679
23-01-2026 11:40||NIFTY27JAN2624300PE,0.1755851745145833
23-01-2026 11:40||NIFTY27JAN2624900PE,0.1198651141841337
23-01-2026 11:40||NIFTY27JAN2625500CE,0.0973656150778846
23-01-2026 11:40||NIFTY27JAN2626300CE,0.1738730763545169
23-01-2026 11:40||NIFTY27JAN2626500CE,0.2078683455830833
23-01-2026 11:45||NIFTY27JAN2625300CE,0.1008687582285319
23-01-2026 11:45||NIFTY27JAN2626100CE,0.1555703539057986
23-01-2026 11:45||NIFTY27JAN2626400CE,0.1890900549222069
23-01-2026 11:50||NIFTY27JAN2624100PE,0.1952217495475448
23-01-2026 11:50||NIFTY27JAN2624500PE,0.1482235466626235
23-01-2026 11:50||NIFTY27JAN2625400CE,0.1030759815473667
23-01-2026 11:50||NIFTY27JAN2625500CE,0.1037784151565337
23-01-2026 11:50||NIFTY27JAN2625700CE,0.1143081222919175
23-01-2026 11:55||NIFTY27JAN2624800PE,0.1178126382071086
23-01-2026 11:55||NIFTY27JAN2625100PE,0.1006031281690859
23-01-2026 11:55||NIFTY27JAN2625700CE,0.1149046738139416
23-01-2026 11:55||NIFTY27JAN2626200CE,0.1665523885516153
23-01-2026 11:55||NIFTY27JAN2626500CE,0.208968097306686
23-01-2026 12:00||NIFTY27JAN2624000PE,0.2090010811855113
23-01-2026 12:00||NIFTY27JAN2624300PE,0.1709350589108467
23-01-2026 12:00||NIFTY27JAN2624800PE,0.1187338690889328
23-01-2026 12:00||NIFTY27JAN2625200CE,0.102256011064457
23-01-2026 12:00||NIFTY27JAN2625800CE,0.1237256844515359
23-01-2026 12:00||NIFTY27JAN2625900CE,0.1335817316490579
23-01-2026 12:00||NIFTY27JAN2626400CE,0.1894447815511286
23-01-2026 12:05||NIFTY27JAN2624600PE,0.1361711129122881
23-01-2026 12:05||NIFTY27JAN2625300CE,0.1018573326020122
23-01-2026 12:05||NIFTY27JAN2625400CE,0.1018704147715984
23-01-2026 12:05||NIFTY27JAN2626400CE,0.1903031052651247
23-01-2026 12:10||NIFTY27JAN2623900PE,0.2167770144109557
23-01-2026 12:10||NIFTY27JAN2624000PE,0.2046840892968431
23-01-2026 12:10||NIFTY27JAN2625000PE,0.105206409082774
23-01-2026 12:10||NIFTY27JAN2625700CE,0.1146671656715616
23-01-2026 12:10||NIFTY27JAN2626200CE,0.1688717430559315
23-01-2026 12:10||NIFTY27JAN2626500CE,0.2092467540910265
23-01-2026 12:15||NIFTY27JAN2625500CE,0.1056327032519427
23-01-2026 12:15||NIFTY27JAN2626100CE,0.1581434731487371
23-01-2026 12:15||NIFTY27JAN2626300CE,0.1785057589427826
23-01-2026 12:20||NIFTY27JAN2624200PE,0.1821258934050932
23-01-2026 12:20||NIFTY27JAN2625200CE,0.1119028940408113
23-01-2026 12:20||NIFTY27JAN2625300CE,0.1083207093289172
23-01-2026 12:20||NIFTY27JAN2625400CE,0.1054609178711917
23-01-2026 12:20||NIFTY27JAN2625800CE,0.1219096773003294
23-01-2026 12:20||NIFTY27JAN2626100CE,0.1564445925214928
23-01-2026 12:25||NIFTY27JAN2624300PE,0.1693813692063311
23-01-2026 12:25||NIFTY27JAN2624500PE,0.143004327536459
23-01-2026 12:25||NIFTY27JAN2624600PE,0.1326105349669431
23-01-2026 12:25||NIFTY27JAN2624900PE,0.1088294262146517
23-01-2026 12:25||NIFTY27JAN2625400CE,0.1039898733313918
23-01-2026 12:25||NIFTY27JAN2625600CE,0.106295629319124
23-01-2026 12:25||NIFTY27JAN2626400CE,0.1879418553987759
23-01-2026 12:30||NIFTY27JAN2623800PE,0.22050308369131
23-01-2026 12:30||NIFTY27JAN2624100PE,0.1910695681853303
23-01-2026 12:30||NIFTY27JAN2624200PE,0.1796360779916075
23-01-2026 12:30||NIFTY27JAN2624500PE,0.1422359876926894
23-01-2026 12:30||NIFTY27JAN2625900CE,0.1330311709029565
23-01-2026 12:30||NIFTY27JAN2626100CE,0.1583874030804268
23-01-2026 12:30||NIFTY27JAN2626200CE,0.1683904191892808
23-01-2026 12:35||NIFTY27JAN2624100PE,0.1920164439523014
23-01-2026 12:35||NIFTY27JAN2624400PE,0.1549268311110482
23-01-2026 12:35||NIFTY27JAN2625100PE,0.0923151083984634
23-01-2026 12:35||NIFTY27JAN2625300CE,0.1060892512579467
23-01-2026 12:35||NIFTY27JAN2626100CE,0.1571683937070615
23-01-2026 12:40||NIFTY27JAN2624500PE,0.141516812920515
23-01-2026 12:40||NIFTY27JAN2624600PE,0.1299798607371514
23-01-2026 12:40||NIFTY27JAN2624900PE,0.10610094034497
23-01-2026 12:40||NIFTY27JAN2625300CE,0.1030962710615217
23-01-2026 12:45||NIFTY27JAN2623800PE,0.2166489540966655
23-01-2026 12:45||NIFTY27JAN2623900PE,0.2182592883888317
23-01-2026 12:45||NIFTY27JAN2624600PE,0.1311534051358375
23-01-2026 12:45||NIFTY27JAN2625900CE,0.1294028946357663
23-01-2026 12:50||NIFTY27JAN2623800PE,0.2181989184647444
23-01-2026 12:50||NIFTY27JAN2624400PE,0.1581333291154954
23-01-2026 12:50||NIFTY27JAN2624800PE,0.114706708471036
23-01-2026 12:50||NIFTY27JAN2625300CE,0.0991034453893814
23-01-2026 12:50||NIFTY27JAN2625600CE,0.1041444657579315
23-01-2026 12:50||NIFTY27JAN2625700CE,0.1095802807166466
23-01-2026 12:50||NIFTY27JAN2626000CE,0.1400200076584341
23-01-2026 12:50||NIFTY27JAN2626400CE,0.1857211559659182
23-01-2026 12:55||NIFTY27JAN2624200PE,0.1828505425740853
23-01-2026 12:55||NIFTY27JAN2625400CE,0.0994758919244268
23-01-2026 12:55||NIFTY27JAN2625600CE,0.1043844041451369
23-01-2026 12:55||NIFTY27JAN2625800CE,0.1205560111262678
23-01-2026 12:55||NIFTY27JAN2626400CE,0.1874751180690213
23-01-2026 13:00||NIFTY27JAN2624900PE,0.1053826695970147
23-01-2026 13:00||NIFTY27JAN2625700CE,0.1125796872719236
23-01-2026 13:00||NIFTY27JAN2626000CE,0.1445415968408418
23-01-2026 13:05||NIFTY27JAN2623800PE,0.2183614579447866
23-01-2026 13:05||NIFTY27JAN2625200CE,0.1054924278503425
23-01-2026 13:05||NIFTY27JAN2625900CE,0.1355155258758789
23-01-2026 13:10||NIFTY27JAN2623900PE,0.2120187228459605
23-01-2026 13:10||NIFTY27JAN2624000PE,0.2003272533456076
23-01-2026 13:10||NIFTY27JAN2624100PE,0.1910934395611678
23-01-2026 13:10||NIFTY27JAN2624700PE,0.1206277566475943
23-01-2026 13:10||NIFTY27JAN2625100PE,0.0965335481890865
23-01-2026 13:10||NIFTY27JAN2625800CE,0.125362960790876
23-01-2026 13:10||NIFTY27JAN2626000CE,0.1495282101849046
23-01-2026 13:15||NIFTY27JAN2623800PE,0.2171556801505817
23-01-2026 13:15||NIFTY27JAN2624200PE,0.1776894727534474
23-01-2026 13:15||NIFTY27JAN2625300CE,0.098056637290778
23-01-2026 13:15||NIFTY27JAN2625600CE,0.1098773489013253
23-01-2026 13:15||NIFTY27JAN2625900CE,0.1425956501253132
23-01-2026 13:15||NIFTY27JAN2626000CE,0.1536115163329451
23-01-2026 13:20||NIFTY27JAN2624700PE,0.1198063817141354
23-01-2026 13:20||NIFTY27JAN2624800PE,0.1131199762214446
23-01-2026 13:20||NIFTY27JAN2625700CE,0.1219911910232091
23-01-2026 13:20||NIFTY27JAN2626200CE,0.1776271662703568
23-01-2026 13:20||NIFTY27JAN2626500CE,0.2116381050699375
23-01-2026 13:25||NIFTY27JAN2624100PE,0.1865927702324408
23-01-2026 13:25||NIFTY27JAN2624500PE,0.1395120403283541
23-01-2026 13:25||NIFTY27JAN2625000PE,0.1044225055033423
23-01-2026 13:25||NIFTY27JAN2625400CE,0.1067709292409993
23-01-2026 13:30||NIFTY27JAN2624700PE,0.1209305420687298
23-01-2026 13:30||NIFTY27JAN2624800PE,0.1154078606458795
23-01-2026 13:30||NIFTY27JAN2625000PE,0.1082019158805508
23-01-2026 13:30||NIFTY27JAN2625400CE,0.1104383307951772
23-01-2026 13:30||NIFTY27JAN2625700CE,0.1310939630340559
23-01-2026 13:30||NIFTY27JAN2626000CE,0.1650075080993648
23-01-2026 13:35||NIFTY27JAN2623900PE,0.2087568917811521
23-01-2026 13:35||NIFTY27JAN2624100PE,0.1856931034923497
23-01-2026 13:35||NIFTY27JAN2624900PE,0.1147337431245754
23-01-2026 13:35||NIFTY27JAN2625600CE,0.1261132539475548
23-01-2026 13:35||NIFTY27JAN2626000CE,0.1682731476880392
23-01-2026 13:35||NIFTY27JAN2626200CE,0.1914683380420459
23-01-2026 13:35||NIFTY27JAN2626500CE,0.2197587687964051
23-01-2026 13:40||NIFTY27JAN2623900PE,0.2064076884395277
23-01-2026 13:40||NIFTY27JAN2624600PE,0.1288198829590432
23-01-2026 13:40||NIFTY27JAN2624900PE,0.1146937196533901
23-01-2026 13:40||NIFTY27JAN2625700CE,0.1391937880643372
23-01-2026 13:40||NIFTY27JAN2625800CE,0.1488006928571151
23-01-2026 13:40||NIFTY27JAN2626300CE,0.2045335018270298
23-01-2026 13:45||NIFTY27JAN2623900PE,0.2039246746179389
23-01-2026 13:45||NIFTY27JAN2624000PE,0.1929560696379149
23-01-2026 13:45||NIFTY27JAN2624500PE,0.1354880023372773
23-01-2026 13:45||NIFTY27JAN2624600PE,0.1255144253371534
23-01-2026 13:45||NIFTY27JAN2625000PE,0.1066074201311446
23-01-2026 13:45||NIFTY27JAN2625300CE,0.1109772023209142
23-01-2026 13:45||NIFTY27JAN2626100CE,0.1834208689071584
23-01-2026 13:45||NIFTY27JAN2626300CE,0.2068851265841911
23-01-2026 13:50||NIFTY27JAN2624000PE,0.1928672286274485
23-01-2026 13:50||NIFTY27JAN2624500PE,0.1347967431689052
23-01-2026 13:50||NIFTY27JAN2625100PE,0.0989682328543135
23-01-2026 13:50||NIFTY27JAN2626400CE,0.2185763138594861
23-01-2026 13:55||NIFTY27JAN2625500CE,0.1237890549953539
23-01-2026 13:55||NIFTY27JAN2625700CE,0.1422589949119503
23-01-2026 13:55||NIFTY27JAN2625800CE,0.1522317462069081
23-01-2026 13:55||NIFTY27JAN2626400CE,0.2160271689205622
23-01-2026 13:55||NIFTY27JAN2626500CE,0.2213309840042968
23-01-2026 14:00||NIFTY27JAN2624200PE,0.1652398923626019
23-01-2026 14:00||NIFTY27JAN2624300PE,0.154284676242386
23-01-2026 14:00||NIFTY27JAN2625300CE,0.1163076020256941
23-01-2026 14:00||NIFTY27JAN2625400CE,0.1194969788421498
23-01-2026 14:00||NIFTY27JAN2625500CE,0.1233248463622566
23-01-2026 14:00||NIFTY27JAN2625800CE,0.1501017517387617
23-01-2026 14:05||NIFTY27JAN2624200PE,0.1662412856696258
23-01-2026 14:05||NIFTY27JAN2624800PE,0.1093015625843805
23-01-2026 14:05||NIFTY27JAN2626300CE,0.2032547485437064
23-01-2026 14:10||NIFTY27JAN2623900PE,0.2088785247505634
23-01-2026 14:10||NIFTY27JAN2625800CE,0.1456268600355277
23-01-2026 14:10||NIFTY27JAN2626400CE,0.2136696816558718
23-01-2026 14:15||NIFTY27JAN2625000PE,0.1074106383037984
23-01-2026 14:15||NIFTY27JAN2625400CE,0.1144452569295829
23-01-2026 14:15||NIFTY27JAN2626400CE,0.2123985596037528
23-01-2026 14:20||NIFTY27JAN2624100PE,0.1826957494808576
23-01-2026 14:20||NIFTY27JAN2624800PE,0.1125920885355395
23-01-2026 14:20||NIFTY27JAN2625400CE,0.1154213718395298
23-01-2026 14:20||NIFTY27JAN2625600CE,0.1257867651376075
23-01-2026 14:20||NIFTY27JAN2625800CE,0.1447575845936974
23-01-2026 14:20||NIFTY27JAN2626400CE,0.2128586217160333
23-01-2026 14:20||NIFTY27JAN2626500CE,0.2193459117146041
23-01-2026 14:25||NIFTY27JAN2624200PE,0.1674265636037633
23-01-2026 14:25||NIFTY27JAN2624400PE,0.1412345311435754
23-01-2026 14:25||NIFTY27JAN2624500PE,0.1301176083095836
23-01-2026 14:25||NIFTY27JAN2625200CE,0.1106083771666217
23-01-2026 14:25||NIFTY27JAN2626200CE,0.1926219133289368
23-01-2026 14:25||NIFTY27JAN2626300CE,0.2041853250747357
23-01-2026 14:25||NIFTY27JAN2626400CE,0.2124965468215469
23-01-2026 14:30||NIFTY27JAN2624600PE,0.1197773968761451
23-01-2026 14:30||NIFTY27JAN2625700CE,0.1354170360914431
23-01-2026 14:35||NIFTY27JAN2623900PE,0.2090864325986023
23-01-2026 14:35||NIFTY27JAN2624500PE,0.1324022000367437
23-01-2026 14:35||NIFTY27JAN2624700PE,0.1144733110523198
23-01-2026 14:35||NIFTY27JAN2625400CE,0.1113825005078886
23-01-2026 14:35||NIFTY27JAN2625600CE,0.124396218653519
23-01-2026 14:35||NIFTY27JAN2625800CE,0.1478595309742808
23-01-2026 14:35||NIFTY27JAN2625900CE,0.1574054263500962
23-01-2026 14:35||NIFTY27JAN2626000CE,0.1649974594351681
23-01-2026 14:35||NIFTY27JAN2626300CE,0.1969867284976766
23-01-2026 14:40||NIFTY27JAN2623900PE,0.2095423528173891
23-01-2026 14:40||NIFTY27JAN2624300PE,0.1556359320509139
23-01-2026 14:40||NIFTY27JAN2624400PE,0.1431318961238154
23-01-2026 14:40||NIFTY27JAN2625000PE,0.1023513194911539
23-01-2026 14:40||NIFTY27JAN2625100PE,0.0949776314395608
23-01-2026 14:40||NIFTY27JAN2625200CE,0.1047668676466919
23-01-2026 14:40||NIFTY27JAN2625700CE,0.135811987919879
23-01-2026 14:40||NIFTY27JAN2625800CE,0.1463377327719687
23-01-2026 14:40||NIFTY27JAN2626400CE,0.2080541599905435
23-01-2026 14:45||NIFTY27JAN2624400PE,0.1433599438287807
23-01-2026 14:45||NIFTY27JAN2624700PE,0.115768738270668
23-01-2026 14:45||NIFTY27JAN2625100PE,0.0918747777505853
23-01-2026 14:45||NIFTY27JAN2625400CE,0.1124759699592199
23-01-2026 14:45||NIFTY27JAN2625600CE,0.1265694431616551
23-01-2026 14:45||NIFTY27JAN2626000CE,0.1654997557438346
23-01-2026 14:45||NIFTY27JAN2626200CE,0.18706902460473
23-01-2026 14:50||NIFTY27JAN2623800PE,0.2151520416228184
23-01-2026 14:50||NIFTY27JAN2624500PE,0.1320167558784516
23-01-2026 14:50||NIFTY27JAN2624800PE,0.1076067696424376
23-01-2026 14:50||NIFTY27JAN2625200CE,0.1077055309688223
23-01-2026 14:50||NIFTY27JAN2625300CE,0.1092931685410746
23-01-2026 14:50||NIFTY27JAN2625500CE,0.1185527132406785
23-01-2026 14:55||NIFTY27JAN2623900PE,0.2027606351737416
23-01-2026 14:55||NIFTY27JAN2624400PE,0.1433717832967992
23-01-2026 14:55||NIFTY27JAN2625200CE,0.1076628254568932
23-01-2026 14:55||NIFTY27JAN2625900CE,0.155731860114465
23-01-2026 14:55||NIFTY27JAN2626200CE,0.1881756271012796
23-01-2026 15:00||NIFTY27JAN2623900PE,0.2003226146183379
23-01-2026 15:00||NIFTY27JAN2624100PE,0.183388438008686
23-01-2026 15:00||NIFTY27JAN2624300PE,0.1579498726259417
23-01-2026 15:00||NIFTY27JAN2624600PE,0.1256063778596301
23-01-2026 15:05||NIFTY27JAN2623900PE,0.200726724025923
23-01-2026 15:05||NIFTY27JAN2624800PE,0.1120704180389319
23-01-2026 15:05||NIFTY27JAN2626200CE,0.2001594462070869
23-01-2026 15:10||NIFTY27JAN2623800PE,0.220123955677077
23-01-2026 15:10||NIFTY27JAN2624000PE,0.1907113950321916
23-01-2026 15:10||NIFTY27JAN2624200PE,0.1742620472136329
23-01-2026 15:10||NIFTY27JAN2624600PE,0.1249884916702954
23-01-2026 15:10||NIFTY27JAN2625000PE,0.1131198901066761
23-01-2026 15:10||NIFTY27JAN2625300CE,0.1086446805395284
23-01-2026 15:10||NIFTY27JAN2625700CE,0.1373259936814392
23-01-2026 15:10||NIFTY27JAN2626100CE,0.1887211065458335
23-01-2026 15:10||NIFTY27JAN2626200CE,0.2020086223123667
23-01-2026 15:10||NIFTY27JAN2626300CE,0.2083716048607139
23-01-2026 15:15||NIFTY27JAN2624100PE,0.184087319900686
23-01-2026 15:15||NIFTY27JAN2624200PE,0.1741358862682066
23-01-2026 15:15||NIFTY27JAN2625000PE,0.1094508852950967
23-01-2026 15:20||NIFTY27JAN2623800PE,0.1857829855877321
23-01-2026 15:20||NIFTY27JAN2623900PE,0.17550343048069
23-01-2026 15:20||NIFTY27JAN2624800PE,0.0925571498644456
23-01-2026 15:20||NIFTY27JAN2625400CE,0.1096277397345409
23-01-2026 15:20||NIFTY27JAN2625500CE,0.1150079974051175
23-01-2026 15:20||NIFTY27JAN2625700CE,0.1623887015827131
23-01-2026 15:20||NIFTY27JAN2625900CE,0.1523338790209921
23-01-2026 15:20||NIFTY27JAN2626200CE,0.188750761360717
23-01-2026 15:25||NIFTY27JAN2624500PE,0.249919275035319
23-01-2026 15:25||NIFTY27JAN2624600PE,0.2379459017957902
23-01-2026 15:25||NIFTY27JAN2625700CE,0.2413493393090131
27-01-2026 09:15||NIFTY27JAN2626200CE,0.5568396043572891
27-01-2026 09:15||NIFTY27JAN2626400CE,0.5802997237819193
27-01-2026 09:15||NIFTY27JAN2626500CE,0.564880286990905
27-01-2026 09:20||NIFTY27JAN2624400PE,0.4587136001308615
27-01-2026 09:20||NIFTY27JAN2624900PE,0.4168531934035838
27-01-2026 09:20||NIFTY27JAN2625100PE,0.4895475232727783
27-01-2026 09:20||NIFTY27JAN2625400CE,0.4252724070340761
27-01-2026 09:20||NIFTY27JAN2625500CE,0.4633983501796058
27-01-2026 09:20||NIFTY27JAN2625600CE,0.4853385976157695
27-01-2026 09:20||NIFTY27JAN2625700CE,0.5104356771338046
27-01-2026 09:20||NIFTY27JAN2626500CE,0.7206670247726992
27-01-2026 09:25||NIFTY27JAN2623900PE,0.6475215239289146
27-01-2026 09:25||NIFTY27JAN2624600PE,0.3427157576208774
27-01-2026 09:25||NIFTY27JAN2625100PE,0.3447921405015426
27-01-2026 09:25||NIFTY27JAN2625500CE,0.4844836375554893
27-01-2026 09:25||NIFTY27JAN2625900CE,0.6359278286402927
27-01-2026 09:25||NIFTY27JAN2626500CE,0.7823290751129758
27-01-2026 09:30||NIFTY27JAN2624400PE,0.4040037836175294
27-01-2026 09:30||NIFTY27JAN2624800PE,0.2853729190937549
27-01-2026 09:30||NIFTY27JAN2624900PE,0.2626145541957821
27-01-2026 09:30||NIFTY27JAN2625400CE,0.4347920983348762
27-01-2026 09:30||NIFTY27JAN2625600CE,0.493159218160498
27-01-2026 09:30||NIFTY27JAN2625800CE,0.5797816278739912
27-01-2026 09:30||NIFTY27JAN2626100CE,0.7297525811528657
27-01-2026 09:30||NIFTY27JAN2626400CE,0.854107680358474
27-01-2026 09:35||NIFTY27JAN2623800PE,0.75325260727551
27-01-2026 09:35||NIFTY27JAN2624500PE,0.3939637838412261
27-01-2026 09:35||NIFTY27JAN2625700CE,0.4998666846709809
27-01-2026 09:35||NIFTY27JAN2626200CE,0.7409435280963924
27-01-2026 09:45||NIFTY27JAN2623800PE,0.783194622986325
27-01-2026 09:45||NIFTY27JAN2624000PE,0.7099855333994058
27-01-2026 09:45||NIFTY27JAN2624500PE,0.4699920648679253
27-01-2026 09:45||NIFTY27JAN2625000PE,0.3051257198982938
27-01-2026 09:45||NIFTY27JAN2625600CE,0.382842169172304
27-01-2026 09:45||NIFTY27JAN2626200CE,0.6729387670623355
27-01-2026 09:45||NIFTY27JAN2626300CE,0.723017333729771
27-01-2026 09:50||NIFTY27JAN2623800PE,0.7832287318172401
27-01-2026 09:50||NIFTY27JAN2624200PE,0.621628872103138
27-01-2026 09:50||NIFTY27JAN2624800PE,0.3741903090441819
27-01-2026 09:50||NIFTY27JAN2624900PE,0.3549339978042807
27-01-2026 09:50||NIFTY27JAN2626300CE,0.7173999177544199
27-01-2026 09:55||NIFTY27JAN2624100PE,0.6706023818079209
27-01-2026 09:55||NIFTY27JAN2624700PE,0.397218396632485
27-01-2026 09:55||NIFTY27JAN2624800PE,0.3741610755530019
27-01-2026 09:55||NIFTY27JAN2625000PE,0.3403920686630212
27-01-2026 09:55||NIFTY27JAN2625700CE,0.4140663183206913
27-01-2026 09:55||NIFTY27JAN2626000CE,0.5651861440738285
27-01-2026 09:55||NIFTY27JAN2626200CE,0.6679928040029601
27-01-2026 10:00||NIFTY27JAN2624000PE,0.7208167876411551
27-01-2026 10:00||NIFTY27JAN2625300CE,0.3087450198281923
27-01-2026 10:00||NIFTY27JAN2625400CE,0.31186786081589
27-01-2026 10:00||NIFTY27JAN2625600CE,0.369729824545242
27-01-2026 10:00||NIFTY27JAN2625800CE,0.4673922422673171
27-01-2026 10:00||NIFTY27JAN2626100CE,0.6243858015666879
27-01-2026 10:00||NIFTY27JAN2626400CE,0.7723766657148479
27-01-2026 10:00||NIFTY27JAN2626500CE,0.7992063332768968
27-01-2026 10:05||NIFTY27JAN2623800PE,0.7884786673864069
27-01-2026 10:05||NIFTY27JAN2623900PE,0.7607597172063194
27-01-2026 10:05||NIFTY27JAN2624100PE,0.6676670489370967
27-01-2026 10:05||NIFTY27JAN2626400CE,0.7801875741669805
27-01-2026 10:10||NIFTY27JAN2624200PE,0.6152045549715314
27-01-2026 10:10||NIFTY27JAN2624900PE,0.3231996020767168
27-01-2026 10:10||NIFTY27JAN2625300CE,0.3599471923100799
27-01-2026 10:10||NIFTY27JAN2625600CE,0.3872138241395402
27-01-2026 10:15||NIFTY27JAN2625800CE,0.4731549208154007
27-01-2026 10:20||NIFTY27JAN2623900PE,0.8128850918741486
27-01-2026 10:20||NIFTY27JAN2624500PE,0.4869646026335667
27-01-2026 10:20||NIFTY27JAN2624600PE,0.4392491723321454
27-01-2026 10:20||NIFTY27JAN2624800PE,0.3788928937343566
27-01-2026 10:20||NIFTY27JAN2625000PE,0.3277787127192235
27-01-2026 10:20||NIFTY27JAN2625400CE,0.3176671493203258
27-01-2026 10:20||NIFTY27JAN2625800CE,0.4596619885132652
27-01-2026 10:25||NIFTY27JAN2624600PE,0.4468279362591906
27-01-2026 10:25||NIFTY27JAN2624900PE,0.3666670221562282
27-01-2026 10:25||NIFTY27JAN2626000CE,0.5704630104908748
27-01-2026 10:25||NIFTY27JAN2626300CE,0.7312197155603507
27-01-2026 10:25||NIFTY27JAN2626400CE,0.7742930446818727
27-01-2026 10:30||NIFTY27JAN2624100PE,0.7037659281306914
27-01-2026 10:30||NIFTY27JAN2624800PE,0.3898089318785914
27-01-2026 10:30||NIFTY27JAN2625400CE,0.308060188325025
27-01-2026 10:30||NIFTY27JAN2625600CE,0.3776870618571196
27-01-2026 10:30||NIFTY27JAN2625900CE,0.5339842726897965
27-01-2026 10:30||NIFTY27JAN2626200CE,0.696331443284057
27-01-2026 10:35||NIFTY27JAN2624300PE,0.5644052653011822
27-01-2026 10:35||NIFTY27JAN2624400PE,0.5120050698887909
27-01-2026 10:35||NIFTY27JAN2624800PE,0.3976243263681208
27-01-2026 10:35||NIFTY27JAN2625200CE,0.3301448212413366
27-01-2026 10:35||NIFTY27JAN2625300CE,0.3096616815598456
27-01-2026 10:35||NIFTY27JAN2625700CE,0.4521564615172399
27-01-2026 10:40||NIFTY27JAN2624400PE,0.4952183379941369
27-01-2026 10:40||NIFTY27JAN2625200CE,0.3278570020983127
27-01-2026 10:40||NIFTY27JAN2625700CE,0.4750999612862205
27-01-2026 10:40||NIFTY27JAN2626100CE,0.6959516177768443
27-01-2026 10:40||NIFTY27JAN2626200CE,0.7468675032061238
27-01-2026 10:45||NIFTY27JAN2624000PE,0.6968972158792248
27-01-2026 10:45||NIFTY27JAN2624700PE,0.3760442837832141
27-01-2026 10:45||NIFTY27JAN2624900PE,0.3647007532630533
27-01-2026 10:45||NIFTY27JAN2625500CE,0.3955797941748694
27-01-2026 10:45||NIFTY27JAN2626200CE,0.7823035940865564
27-01-2026 10:45||NIFTY27JAN2626400CE,0.8678872981707073
27-01-2026 10:50||NIFTY27JAN2623900PE,0.7317706560052551
27-01-2026 10:50||NIFTY27JAN2624000PE,0.6809569015796885
27-01-2026 10:50||NIFTY27JAN2624600PE,0.3837356979681391
27-01-2026 10:50||NIFTY27JAN2625000PE,0.3340948230358287
27-01-2026 10:50||NIFTY27JAN2625200CE,0.3280359970053598
27-01-2026 10:50||NIFTY27JAN2625400CE,0.386616218252126
27-01-2026 10:50||NIFTY27JAN2625700CE,0.530820030833896
27-01-2026 10:55||NIFTY27JAN2623900PE,0.7323421232264845
27-01-2026 10:55||NIFTY27JAN2624400PE,0.4615044016925357
27-01-2026 10:55||NIFTY27JAN2624900PE,0.3313134829627304
27-01-2026 10:55||NIFTY27JAN2625000PE,0.3166225430514885
27-01-2026 10:55||NIFTY27JAN2625300CE,0.3703845053773292
27-01-2026 10:55||NIFTY27JAN2625400CE,0.4039688728271853
27-01-2026 10:55||NIFTY27JAN2625600CE,0.4920192970749004
27-01-2026 10:55||NIFTY27JAN2626400CE,0.9286350410843822
27-01-2026 11:00||NIFTY27JAN2623800PE,0.8142546908817152
27-01-2026 11:00||NIFTY27JAN2623900PE,0.7371772765392476
27-01-2026 11:00||NIFTY27JAN2624300PE,0.513653354184243
27-01-2026 11:00||NIFTY27JAN2625200CE,0.3681791209116653
27-01-2026 11:00||NIFTY27JAN2625300CE,0.3801920062345048
27-01-2026 11:00||NIFTY27JAN2625400CE,0.4094997533926823
27-01-2026 11:00||NIFTY27JAN2626300CE,0.8906987014731991
27-01-2026 11:05||NIFTY27JAN2623800PE,0.8282092086418388
27-01-2026 11:05||NIFTY27JAN2624100PE,0.6326378468717153
27-01-2026 11:05||NIFTY27JAN2624200PE,0.568897333386268
27-01-2026 11:05||NIFTY27JAN2624900PE,0.3003092747750842
27-01-2026 11:05||NIFTY27JAN2625300CE,0.3760361587448358
27-01-2026 11:05||NIFTY27JAN2625700CE,0.5569829787441813
27-01-2026 11:10||NIFTY27JAN2624200PE,0.5883184044156238
27-01-2026 11:10||NIFTY27JAN2624400PE,0.4762216499966789
27-01-2026 11:10||NIFTY27JAN2624900PE,0.3026224197101165
27-01-2026 11:10||NIFTY27JAN2625300CE,0.3706457015981484
27-01-2026 11:10||NIFTY27JAN2625500CE,0.4425644404064824
27-01-2026 11:10||NIFTY27JAN2625800CE,0.6098262776819302
27-01-2026 11:10||NIFTY27JAN2626500CE,0.9157833484083044
27-01-2026 11:15||NIFTY27JAN2624300PE,0.5431861907191824
27-01-2026 11:15||NIFTY27JAN2625000PE,0.3072995725367295
27-01-2026 11:15||NIFTY27JAN2625100PE,0.3014539710360688
27-01-2026 11:15||NIFTY27JAN2626400CE,0.9358167258773906
27-01-2026 11:20||NIFTY27JAN2625300CE,0.364597944842849
27-01-2026 11:20||NIFTY27JAN2626100CE,0.768922599808888
27-01-2026 11:25||NIFTY27JAN2623800PE,0.8614272328170404
27-01-2026 11:25||NIFTY27JAN2624000PE,0.7550621714906728
27-01-2026 11:25||NIFTY27JAN2624200PE,0.6344963283808992
27-01-2026 11:25||NIFTY27JAN2624900PE,0.3198547845652416
27-01-2026 11:25||NIFTY27JAN2625600CE,0.4694990686889234
27-01-2026 11:25||NIFTY27JAN2626500CE,0.903244877507987
27-01-2026 11:30||NIFTY27JAN2624200PE,0.6538734663193487
27-01-2026 11:30||NIFTY27JAN2625100PE,0.2593495149676247
27-01-2026 11:30||NIFTY27JAN2625600CE,0.4566602710181668
27-01-2026 11:30||NIFTY27JAN2625900CE,0.6269201099235874
27-01-2026 11:30||NIFTY27JAN2626200CE,0.8117242488334084
27-01-2026 11:35||NIFTY27JAN2624000PE,0.7904569737248975
27-01-2026 11:35||NIFTY27JAN2624900PE,0.3103666408203591
27-01-2026 11:35||NIFTY27JAN2625200CE,0.401378726930193
27-01-2026 11:40||NIFTY27JAN2623800PE,0.9045640145812476
27-01-2026 11:40||NIFTY27JAN2624000PE,0.8122109396058327
27-01-2026 11:40||NIFTY27JAN2626000CE,0.6528701859519063
27-01-2026 11:40||NIFTY27JAN2626300CE,0.8232690268525157
27-01-2026 11:45||NIFTY27JAN2624300PE,0.6097836182592379
27-01-2026 11:45||NIFTY27JAN2624400PE,0.5432109129250506
27-01-2026 11:45||NIFTY27JAN2624500PE,0.5014065967926508
27-01-2026 11:45||NIFTY27JAN2626100CE,0.700328599735436
27-01-2026 11:45||NIFTY27JAN2626400CE,0.857113109669567
27-01-2026 11:50||NIFTY27JAN2624700PE,0.4169027327583378
27-01-2026 11:50||NIFTY27JAN2624900PE,0.3744576990831175
27-01-2026 11:50||NIFTY27JAN2625700CE,0.4737824212154819
27-01-2026 11:50||NIFTY27JAN2626000CE,0.6479337234164454
27-01-2026 11:55||NIFTY27JAN2623900PE,0.8578962981620813
27-01-2026 11:55||NIFTY27JAN2624000PE,0.8010652450117819
27-01-2026 11:55||NIFTY27JAN2624400PE,0.5401404461757003
27-01-2026 11:55||NIFTY27JAN2624500PE,0.4839483647873075
27-01-2026 11:55||NIFTY27JAN2624800PE,0.36719962862173
27-01-2026 11:55||NIFTY27JAN2625200CE,0.374967744393314
27-01-2026 11:55||NIFTY27JAN2625400CE,0.3802078852465961
27-01-2026 11:55||NIFTY27JAN2626500CE,0.938312800679457
27-01-2026 12:00||NIFTY27JAN2624200PE,0.6833146514696419
27-01-2026 12:00||NIFTY27JAN2624300PE,0.6153662443026783
27-01-2026 12:00||NIFTY27JAN2624500PE,0.4976916876529108
27-01-2026 12:00||NIFTY27JAN2625100PE,0.2709617953407295
27-01-2026 12:00||NIFTY27JAN2625500CE,0.4049743852297302
27-01-2026 12:00||NIFTY27JAN2626100CE,0.7220956493093784
27-01-2026 12:00||NIFTY27JAN2626400CE,0.906959480379962
27-01-2026 12:00||NIFTY27JAN2626500CE,0.9481831562719772
27-01-2026 12:05||NIFTY27JAN2624500PE,0.5185740487389388
27-01-2026 12:05||NIFTY27JAN2624700PE,0.4204020639687264
27-01-2026 12:05||NIFTY27JAN2625100PE,0.2867980353784992
27-01-2026 12:05||NIFTY27JAN2625900CE,0.606720307306865
27-01-2026 12:05||NIFTY27JAN2626500CE,0.95553703374886
27-01-2026 12:10||NIFTY27JAN2624400PE,0.5902999329837539
27-01-2026 12:10||NIFTY27JAN2625700CE,0.4970240729321946
27-01-2026 12:10||NIFTY27JAN2626400CE,0.91261555889158
27-01-2026 12:15||NIFTY27JAN2624500PE,0.527715314933014
27-01-2026 12:15||NIFTY27JAN2624600PE,0.4751463529224475
27-01-2026 12:15||NIFTY27JAN2626000CE,0.6820881083438911
27-01-2026 12:15||NIFTY27JAN2626200CE,0.800340824854875
27-01-2026 12:20||NIFTY27JAN2624000PE,0.8699348925766502
27-01-2026 12:20||NIFTY27JAN2624200PE,0.7474782491933014
27-01-2026 12:20||NIFTY27JAN2625000PE,0.3494472728012288
27-01-2026 12:20||NIFTY27JAN2625300CE,0.3376085751708967
27-01-2026 12:20||NIFTY27JAN2625600CE,0.4493969943278908
27-01-2026 12:25||NIFTY27JAN2624100PE,0.8178343118900636
27-01-2026 12:25||NIFTY27JAN2624700PE,0.4423666253715503
27-01-2026 12:25||NIFTY27JAN2625400CE,0.3621469789278455
27-01-2026 12:25||NIFTY27JAN2625900CE,0.6425057737734895
27-01-2026 12:30||NIFTY27JAN2625300CE,0.3353467176270656
27-01-2026 12:35||NIFTY27JAN2624100PE,0.8288326949159386
27-01-2026 12:35||NIFTY27JAN2624400PE,0.6251675505979046
27-01-2026 12:35||NIFTY27JAN2624900PE,0.3758588275086646
27-01-2026 12:35||NIFTY27JAN2625100PE,0.3157033842019956
27-01-2026 12:35||NIFTY27JAN2625800CE,0.616849754204358
27-01-2026 12:35||NIFTY27JAN2626100CE,0.8037193907177662
27-01-2026 12:40||NIFTY27JAN2624200PE,0.7720403613802529
27-01-2026 12:40||NIFTY27JAN2624700PE,0.4399795076236399
27-01-2026 12:40||NIFTY27JAN2624800PE,0.4036804964337608
27-01-2026 12:40||NIFTY27JAN2624900PE,0.3814482907051736
27-01-2026 12:40||NIFTY27JAN2625100PE,0.3405045763374105
27-01-2026 12:40||NIFTY27JAN2625200CE,0.3491209417110195
27-01-2026 12:40||NIFTY27JAN2625900CE,0.7053258053521108
27-01-2026 12:40||NIFTY27JAN2626000CE,0.7660138020156327
27-01-2026 12:40||NIFTY27JAN2626300CE,0.9460178817167314
27-01-2026 12:45||NIFTY27JAN2625200CE,0.3702807115591008
27-01-2026 12:45||NIFTY27JAN2625700CE,0.5805530193914181
27-01-2026 12:45||NIFTY27JAN2625900CE,0.7213572005681227
27-01-2026 12:45||NIFTY27JAN2626200CE,0.907077760142307
27-01-2026 12:50||NIFTY27JAN2624600PE,0.4884556140526845
27-01-2026 12:50||NIFTY27JAN2625000PE,0.3500750166934733
27-01-2026 12:50||NIFTY27JAN2625100PE,0.3407131905857914
27-01-2026 12:50||NIFTY27JAN2625900CE,0.7271454525135934
27-01-2026 12:50||NIFTY27JAN2626200CE,0.9295483619847408
27-01-2026 12:50||NIFTY27JAN2626500CE,1.0665125158233475
27-01-2026 12:55||NIFTY27JAN2623900PE,0.9856378354538252
27-01-2026 12:55||NIFTY27JAN2624000PE,0.9147694551873096
27-01-2026 12:55||NIFTY27JAN2625500CE,0.480748709285182
27-01-2026 12:55||NIFTY27JAN2625600CE,0.5401585003319198
27-01-2026 12:55||NIFTY27JAN2625800CE,0.6683902528842409
27-01-2026 12:55||NIFTY27JAN2626200CE,0.9381015631299092
27-01-2026 13:00||NIFTY27JAN2624100PE,0.8758139847636647
27-01-2026 13:00||NIFTY27JAN2624500PE,0.5760021364431844
27-01-2026 13:00||NIFTY27JAN2625400CE,0.4160843438699411
27-01-2026 13:00||NIFTY27JAN2626000CE,0.80568476479646
27-01-2026 13:05||NIFTY27JAN2623900PE,1.0289573999849049
27-01-2026 13:05||NIFTY27JAN2624500PE,0.5665054667149765
27-01-2026 13:05||NIFTY27JAN2624800PE,0.3951170067485102
27-01-2026 13:10||NIFTY27JAN2624200PE,0.8204838964057949
27-01-2026 13:10||NIFTY27JAN2624500PE,0.5644671727366105
27-01-2026 13:10||NIFTY27JAN2624600PE,0.4903077833804987
27-01-2026 13:10||NIFTY27JAN2624700PE,0.4428921150101699
27-01-2026 13:15||NIFTY27JAN2624400PE,0.6776124047591597
27-01-2026 13:15||NIFTY27JAN2625000PE,0.3031563265821821
27-01-2026 13:15||NIFTY27JAN2625200CE,0.4077614699743005
27-01-2026 13:15||NIFTY27JAN2626300CE,1.065499981571094
27-01-2026 13:20||NIFTY27JAN2624000PE,1.0093477932048196
27-01-2026 13:20||NIFTY27JAN2624200PE,0.8567048365771249
27-01-2026 13:20||NIFTY27JAN2624600PE,0.5343910527428515
27-01-2026 13:20||NIFTY27JAN2624900PE,0.3468193220735994
27-01-2026 13:20||NIFTY27JAN2625700CE,0.6458599767390916
27-01-2026 13:20||NIFTY27JAN2625900CE,0.7889120587254579
27-01-2026 13:25||NIFTY27JAN2623800PE,1.161559336233024
27-01-2026 13:25||NIFTY27JAN2625100PE,0.3466994676420771
27-01-2026 13:25||NIFTY27JAN2625700CE,0.6493161679099227
27-01-2026 13:30||NIFTY27JAN2624100PE,0.989442850615628
27-01-2026 13:30||NIFTY27JAN2624300PE,0.8132283267343032
27-01-2026 13:30||NIFTY27JAN2625100PE,0.4660705554089436
27-01-2026 13:30||NIFTY27JAN2625400CE,0.4495739055828547
27-01-2026 13:30||NIFTY27JAN2626300CE,1.1378486982590046
27-01-2026 13:35||NIFTY27JAN2623900PE,1.1437549275991246
27-01-2026 13:35||NIFTY27JAN2624300PE,0.8071901478550941
27-01-2026 13:35||NIFTY27JAN2624400PE,0.7295229233151453
27-01-2026 13:35||NIFTY27JAN2624600PE,0.5873148004434209
27-01-2026 13:35||NIFTY27JAN2624800PE,0.475827417967146
27-01-2026 13:35||NIFTY27JAN2625300CE,0.3952208814171931
27-01-2026 13:35||NIFTY27JAN2625600CE,0.6082818662635555
27-01-2026 13:35||NIFTY27JAN2626000CE,0.9259462367723088
27-01-2026 13:35||NIFTY27JAN2626200CE,1.108679382829488
27-01-2026 13:35||NIFTY27JAN2626300CE,1.1819140901964296
27-01-2026 13:35||NIFTY27JAN2626400CE,1.2331507116296931
27-01-2026 13:40||NIFTY27JAN2625500CE,0.5831609539122861
27-01-2026 13:40||NIFTY27JAN2626300CE,1.224169744170118
27-01-2026 13:45||NIFTY27JAN2623800PE,1.217260102953853
27-01-2026 13:45||NIFTY27JAN2623900PE,1.137254309654733
27-01-2026 13:45||NIFTY27JAN2624100PE,1.0069672917790753
27-01-2026 13:45||NIFTY27JAN2624700PE,0.4764662185512929
27-01-2026 13:45||NIFTY27JAN2625300CE,0.4494533752258309
27-01-2026 13:45||NIFTY27JAN2625600CE,0.7367113082688199
27-01-2026 13:45||NIFTY27JAN2625700CE,0.8270120665674974
27-01-2026 13:45||NIFTY27JAN2625800CE,0.8891171388052962
27-01-2026 13:45||NIFTY27JAN2625900CE,0.947251348905969
27-01-2026 13:45||NIFTY27JAN2626000CE,1.0061928097536028
27-01-2026 13:45||NIFTY27JAN2626300CE,1.2448914263383066
27-01-2026 13:45||NIFTY27JAN2626400CE,1.3086474218369233
27-01-2026 13:50||NIFTY27JAN2623900PE,1.1818068846317904
27-01-2026 13:50||NIFTY27JAN2624800PE,0.4154532769301083
27-01-2026 13:50||NIFTY27JAN2625000PE,0.3225611132930488
27-01-2026 13:50||NIFTY27JAN2626200CE,1.1932192639610866
27-01-2026 13:55||NIFTY27JAN2623800PE,1.3134280773331268
27-01-2026 13:55||NIFTY27JAN2624000PE,1.1314593860690842
27-01-2026 13:55||NIFTY27JAN2624100PE,1.0560390445519214
27-01-2026 13:55||NIFTY27JAN2624300PE,0.8542123452559144
27-01-2026 13:55||NIFTY27JAN2624400PE,0.7582301348042786
27-01-2026 13:55||NIFTY27JAN2624600PE,0.5809930551512074
27-01-2026 13:55||NIFTY27JAN2624900PE,0.3774228269324456
27-01-2026 13:55||NIFTY27JAN2625400CE,0.5190621329517096
27-01-2026 13:55||NIFTY27JAN2625700CE,0.7990800106117737
27-01-2026 14:00||NIFTY27JAN2623800PE,1.347497891863659
27-01-2026 14:00||NIFTY27JAN2624300PE,0.8715965958182886
27-01-2026 14:00||NIFTY27JAN2624500PE,0.6722747616407855
27-01-2026 14:00||NIFTY27JAN2625000PE,0.3074847064909047
27-01-2026 14:00||NIFTY27JAN2625100PE,0.2103839113540191
27-01-2026 14:05||NIFTY27JAN2624000PE,1.1819335251817935
27-01-2026 14:05||NIFTY27JAN2624800PE,0.4165694180168016
27-01-2026 14:05||NIFTY27JAN2625400CE,0.5666956793118254
27-01-2026 14:05||NIFTY27JAN2625700CE,0.8705380802006863
27-01-2026 14:05||NIFTY27JAN2625800CE,0.9569426557989726
27-01-2026 14:05||NIFTY27JAN2626100CE,1.2388010851058595
27-01-2026 14:05||NIFTY27JAN2626200CE,1.3145884417965952
27-01-2026 14:05||NIFTY27JAN2626400CE,1.478581862355438
27-01-2026 14:10||NIFTY27JAN2623900PE,1.279890845249935
27-01-2026 14:10||NIFTY27JAN2624000PE,1.194883239062242
27-01-2026 14:10||NIFTY27JAN2624600PE,0.5921693343816743
27-01-2026 14:10||NIFTY27JAN2625500CE,0.6907663479541745
27-01-2026 14:10||NIFTY27JAN2626000CE,1.1860958812204103
27-01-2026 14:10||NIFTY27JAN2626200CE,1.3590310492269717
27-01-2026 14:15||NIFTY27JAN2624000PE,1.242369013092942
27-01-2026 14:15||NIFTY27JAN2624400PE,0.8321437372944783
27-01-2026 14:15||NIFTY27JAN2624900PE,0.3673754306534583
27-01-2026 14:15||NIFTY27JAN2625600CE,0.8013754654641614
27-01-2026 14:15||NIFTY27JAN2625800CE,0.9931107058660558
27-01-2026 14:20||NIFTY27JAN2624100PE,1.1684230350801572
27-01-2026 14:20||NIFTY27JAN2625500CE,0.7149637357327947
27-01-2026 14:20||NIFTY27JAN2626000CE,1.2433184480631487
27-01-2026 14:20||NIFTY27JAN2626100CE,1.3393655392818495
27-01-2026 14:20||NIFTY27JAN2626500CE,1.5777100449727202
27-01-2026 14:25||NIFTY27JAN2623800PE,1.494737697724446
27-01-2026 14:25||NIFTY27JAN2623900PE,1.3623223865873049
27-01-2026 14:25||NIFTY27JAN2624000PE,1.292832858466807
27-01-2026 14:25||NIFTY27JAN2624200PE,1.0681921642691623
27-01-2026 14:25||NIFTY27JAN2624300PE,0.9728127637612608
27-01-2026 14:25||NIFTY27JAN2624800PE,0.395709052195638
27-01-2026 14:25||NIFTY27JAN2624900PE,0.314439528017282
27-01-2026 14:25||NIFTY27JAN2625000PE,0.2580216734269068
27-01-2026 14:25||NIFTY27JAN2625700CE,0.960576948219273
27-01-2026 14:30||NIFTY27JAN2624000PE,1.3586612829241005
27-01-2026 14:30||NIFTY27JAN2624200PE,1.1400397620515392
27-01-2026 14:30||NIFTY27JAN2624600PE,0.6769670099001489
27-01-2026 14:30||NIFTY27JAN2625100PE,0.138155259375596
27-01-2026 14:30||NIFTY27JAN2626400CE,1.7490855033811554
27-01-2026 14:35||NIFTY27JAN2624000PE,1.4268924207430609
27-01-2026 14:35||NIFTY27JAN2624200PE,1.2305925128735633
27-01-2026 14:35||NIFTY27JAN2624900PE,0.3370957832675848
27-01-2026 14:35||NIFTY27JAN2625000PE,0.246551879318751
27-01-2026 14:35||NIFTY27JAN2626200CE,1.5955444639920635
27-01-2026 14:40||NIFTY27JAN2624000PE,1.5000783740828505
27-01-2026 14:40||NIFTY27JAN2624800PE,0.5083045879540683
27-01-2026 14:40||NIFTY27JAN2626200CE,1.588442623751014
27-01-2026 14:40||NIFTY27JAN2626400CE,1.789127857791253
27-01-2026 14:45||NIFTY27JAN2624000PE,1.5841832761705208
27-01-2026 14:45||NIFTY27JAN2624200PE,1.412854556954639
27-01-2026 14:45||NIFTY27JAN2624700PE,0.7078582360299359
27-01-2026 14:45||NIFTY27JAN2625400CE,0.5715542830287119
27-01-2026 14:45||NIFTY27JAN2626400CE,1.821971423613297
27-01-2026 14:45||NIFTY27JAN2626500CE,1.869256864075605
27-01-2026 14:50||NIFTY27JAN2623800PE,1.9289515944709756
27-01-2026 14:50||NIFTY27JAN2624000PE,1.709464988470021
27-01-2026 14:50||NIFTY27JAN2624200PE,1.5379333888129103
27-01-2026 14:50||NIFTY27JAN2624800PE,0.6055825073322392
27-01-2026 14:50||NIFTY27JAN2625200CE,0.3958567667119662
27-01-2026 14:50||NIFTY27JAN2625900CE,1.2688396294774744
27-01-2026 14:55||NIFTY27JAN2623800PE,2.038890573056736
27-01-2026 14:55||NIFTY27JAN2624000PE,1.8589161631076287
27-01-2026 14:55||NIFTY27JAN2624800PE,0.6575564479479592
27-01-2026 14:55||NIFTY27JAN2625500CE,0.7354488678181111
27-01-2026 14:55||NIFTY27JAN2625800CE,1.1891676127362925
27-01-2026 14:55||NIFTY27JAN2626400CE,1.951324047821436
27-01-2026 15:00||NIFTY27JAN2624100PE,1.837592471816688
27-01-2026 15:00||NIFTY27JAN2624700PE,0.875413969639813
27-01-2026 15:00||NIFTY27JAN2625100PE,0.2176803286930385
27-01-2026 15:00||NIFTY27JAN2625400CE,0.5971908296446122
27-01-2026 15:05||NIFTY27JAN2624000PE,2.064944630778435
27-01-2026 15:05||NIFTY27JAN2624100PE,1.9147655942973043
27-01-2026 15:05||NIFTY27JAN2624200PE,1.8203906701473045
27-01-2026 15:05||NIFTY27JAN2624500PE,1.2818825330146637
27-01-2026 15:05||NIFTY27JAN2626300CE,2.107381079966228
27-01-2026 15:10||NIFTY27JAN2623900PE,2.531641358410854
27-01-2026 15:10||NIFTY27JAN2624000PE,2.343163689445099
27-01-2026 15:10||NIFTY27JAN2624900PE,0.6118537786788197
27-01-2026 15:10||NIFTY27JAN2625400CE,0.6453195484984924
27-01-2026 15:10||NIFTY27JAN2625600CE,1.0071219350181857
27-01-2026 15:10||NIFTY27JAN2625800CE,1.395745658257786
27-01-2026 15:10||NIFTY27JAN2626000CE,1.8133854813412744
27-01-2026 15:15||NIFTY27JAN2625000PE,0.4640775864831012
27-01-2026 15:15||NIFTY27JAN2625900CE,1.835137022337816
27-01-2026 15:15||NIFTY27JAN2626000CE,2.058488570214304
27-01-2026 15:15||NIFTY27JAN2626400CE,2.743164012540436
27-01-2026 15:20||NIFTY27JAN2623800PE,3.618720287053253
27-01-2026 15:20||NIFTY27JAN2623900PE,3.716246640771583
27-01-2026 15:20||NIFTY27JAN2624900PE,0.8992953292287889
27-01-2026 15:20||NIFTY27JAN2625500CE,0.9853003580649922
27-01-2026 15:20||NIFTY27JAN2626000CE,2.446039457581857
27-01-2026 15:20||NIFTY27JAN2626300CE,3.0746627489257814
27-01-2026 15:20||NIFTY27JAN2626400CE,3.2720840462699896
27-01-2026 15:25||NIFTY27JAN2623800PE,4.597570770056152
27-01-2026 15:25||NIFTY27JAN2624900PE,1.2113434427082062
27-01-2026 15:25||NIFTY27JAN2625100PE,0.7130955042297363
27-01-2026 15:25||NIFTY27JAN2626100CE,3.2916856966026304
27-01-2026 15:25||NIFTY27JAN2626300CE,3.854127001441956
27-01-2026 15:25||NIFTY27JAN2626400CE,4.022767361980487
27-01-2026 15:25||NIFTY27JAN2626500CE,4.270819139023685
