id,value
07-01-2026 09:15||NIFTY27JAN2624100PE,0.162455
07-01-2026 09:15||NIFTY27JAN2625500CE,0.113825
07-01-2026 09:15||NIFTY27JAN2625800CE,0.0981
07-01-2026 09:20||NIFTY27JAN2624000PE,0.169268491665897
07-01-2026 09:20||NIFTY27JAN2624200PE,0.1584691030201188
07-01-2026 09:20||NIFTY27JAN2624800PE,0.1273471682385884
07-01-2026 09:20||NIFTY27JAN2625000PE,0.1174088273269207
07-01-2026 09:20||NIFTY27JAN2625300CE,0.101379818890268
07-01-2026 09:20||NIFTY27JAN2625400CE,0.1069985585130954
07-01-2026 09:20||NIFTY27JAN2625800CE,0.0971522770453398
07-01-2026 09:20||NIFTY27JAN2625900CE,0.0948648665906797
07-01-2026 09:25||NIFTY27JAN2624300PE,0.1527125625050813
07-01-2026 09:25||NIFTY27JAN2625100PE,0.1143832389895046
07-01-2026 09:25||NIFTY27JAN2625300CE,0.0966490252565372
07-01-2026 09:25||NIFTY27JAN2626500CE,0.1237919747862169
07-01-2026 09:30||NIFTY27JAN2623900PE,0.1759805394950045
07-01-2026 09:30||NIFTY27JAN2624300PE,0.1521618181106049
07-01-2026 09:30||NIFTY27JAN2625900CE,0.0957339393455795
07-01-2026 09:30||NIFTY27JAN2626400CE,0.0913141073673784
07-01-2026 09:35||NIFTY27JAN2623900PE,0.1766452833413075
07-01-2026 09:35||NIFTY27JAN2624600PE,0.1368610882040521
07-01-2026 09:35||NIFTY27JAN2625100PE,0.1136904788350463
07-01-2026 09:35||NIFTY27JAN2625900CE,0.0954398916325717
07-01-2026 09:35||NIFTY27JAN2626100CE,0.092329513362026
07-01-2026 09:40||NIFTY27JAN2625100PE,0.1135896084942983
07-01-2026 09:40||NIFTY27JAN2625600CE,0.1010688967128235
07-01-2026 09:40||NIFTY27JAN2625800CE,0.0961513780030868
07-01-2026 09:40||NIFTY27JAN2625900CE,0.0923444346840458
07-01-2026 09:40||NIFTY27JAN2626200CE,0.0889304144262478
07-01-2026 09:45||NIFTY27JAN2625000PE,0.1159800170978326
07-01-2026 09:45||NIFTY27JAN2625200CE,0.0984841007670839
07-01-2026 09:45||NIFTY27JAN2625900CE,0.0951764517976735
07-01-2026 09:45||NIFTY27JAN2626400CE,0.0865913066071199
07-01-2026 09:50||NIFTY27JAN2623800PE,0.155117998696239
07-01-2026 09:50||NIFTY27JAN2624500PE,0.1401204026855244
07-01-2026 09:50||NIFTY27JAN2624900PE,0.1197627349142514
07-01-2026 09:50||NIFTY27JAN2625200CE,0.1183538545681858
07-01-2026 09:50||NIFTY27JAN2625500CE,0.1168594893209298
07-01-2026 09:50||NIFTY27JAN2625600CE,0.1128505168074674
07-01-2026 09:50||NIFTY27JAN2626400CE,0.0890722589243096
07-01-2026 09:55||NIFTY27JAN2624300PE,0.1515190275710914
07-01-2026 09:55||NIFTY27JAN2624700PE,0.1302840295122924
07-01-2026 09:55||NIFTY27JAN2625000PE,0.1146485889845767
07-01-2026 09:55||NIFTY27JAN2625500CE,0.1210678815226517
07-01-2026 09:55||NIFTY27JAN2625800CE,0.1033181415747637
07-01-2026 09:55||NIFTY27JAN2625900CE,0.1011901603308264
07-01-2026 10:00||NIFTY27JAN2624600PE,0.1360010390574549
07-01-2026 10:00||NIFTY27JAN2625000PE,0.1157206602445804
07-01-2026 10:00||NIFTY27JAN2625900CE,0.1021719963466673
07-01-2026 10:00||NIFTY27JAN2626100CE,0.0978599605687674
07-01-2026 10:00||NIFTY27JAN2626500CE,0.1263483606721873
07-01-2026 10:05||NIFTY27JAN2625200CE,0.0911487075845602
07-01-2026 10:05||NIFTY27JAN2625500CE,0.1084222720880892
07-01-2026 10:05||NIFTY27JAN2626300CE,0.0924639140631976
07-01-2026 10:10||NIFTY27JAN2623800PE,0.1587394976874089
07-01-2026 10:10||NIFTY27JAN2623900PE,0.1757433398243395
07-01-2026 10:10||NIFTY27JAN2624200PE,0.1601523840080697
07-01-2026 10:10||NIFTY27JAN2625500CE,0.1019784636777011
07-01-2026 10:10||NIFTY27JAN2625600CE,0.1037130552735659
07-01-2026 10:10||NIFTY27JAN2625700CE,0.1068251965211599
07-01-2026 10:10||NIFTY27JAN2625900CE,0.0977826593749599
07-01-2026 10:10||NIFTY27JAN2626000CE,0.0960980246144437
07-01-2026 10:15||NIFTY27JAN2623900PE,0.1765264059124413
07-01-2026 10:15||NIFTY27JAN2625700CE,0.1022999471645307
07-01-2026 10:15||NIFTY27JAN2626100CE,0.0918855650564706
07-01-2026 10:15||NIFTY27JAN2626200CE,0.0902516935244276
07-01-2026 10:15||NIFTY27JAN2626500CE,0.1238698827527374
07-01-2026 10:20||NIFTY27JAN2624000PE,0.1710491045925742
07-01-2026 10:20||NIFTY27JAN2624200PE,0.159534593109681
07-01-2026 10:20||NIFTY27JAN2624300PE,0.1543910014658868
07-01-2026 10:20||NIFTY27JAN2624500PE,0.1443280050962204
07-01-2026 10:20||NIFTY27JAN2625500CE,0.1050601700515317
07-01-2026 10:20||NIFTY27JAN2625700CE,0.1022196671253239
07-01-2026 10:20||NIFTY27JAN2626100CE,0.0912573627222907
07-01-2026 10:25||NIFTY27JAN2624000PE,0.1694910817443984
07-01-2026 10:25||NIFTY27JAN2624100PE,0.1640732530851109
07-01-2026 10:25||NIFTY27JAN2625600CE,0.1047573658343416
07-01-2026 10:25||NIFTY27JAN2625700CE,0.1024800691728584
07-01-2026 10:25||NIFTY27JAN2626100CE,0.0915889497892561
07-01-2026 10:30||NIFTY27JAN2624200PE,0.1581893680911907
07-01-2026 10:30||NIFTY27JAN2625100PE,0.1128898480797581
07-01-2026 10:30||NIFTY27JAN2625500CE,0.1091680879535116
07-01-2026 10:30||NIFTY27JAN2625600CE,0.1066918811705726
07-01-2026 10:30||NIFTY27JAN2626000CE,0.0948925960381276
07-01-2026 10:30||NIFTY27JAN2626200CE,0.0899020162380281
07-01-2026 10:30||NIFTY27JAN2626300CE,0.0877524177253654
07-01-2026 10:35||NIFTY27JAN2623800PE,0.1559982813150115
07-01-2026 10:35||NIFTY27JAN2624200PE,0.158201671418443
07-01-2026 10:35||NIFTY27JAN2624500PE,0.141937140318952
07-01-2026 10:35||NIFTY27JAN2625000PE,0.1157598415094864
07-01-2026 10:35||NIFTY27JAN2625400CE,0.1185692032188163
07-01-2026 10:35||NIFTY27JAN2625500CE,0.1108095450924709
07-01-2026 10:35||NIFTY27JAN2626100CE,0.0930384924177023
07-01-2026 10:35||NIFTY27JAN2626300CE,0.0883300670196866
07-01-2026 10:40||NIFTY27JAN2623900PE,0.1757138368722301
07-01-2026 10:40||NIFTY27JAN2624900PE,0.1212141288755157
07-01-2026 10:40||NIFTY27JAN2625100PE,0.1129494792081531
07-01-2026 10:40||NIFTY27JAN2625200CE,0.1266390048363476
07-01-2026 10:40||NIFTY27JAN2625400CE,0.1163211563988271
07-01-2026 10:40||NIFTY27JAN2625600CE,0.1071464328251598
07-01-2026 10:40||NIFTY27JAN2625800CE,0.1007230281323913
07-01-2026 10:40||NIFTY27JAN2626100CE,0.0920917268072522
07-01-2026 10:40||NIFTY27JAN2626300CE,0.0882058945898308
07-01-2026 10:45||NIFTY27JAN2624000PE,0.1701445765224228
07-01-2026 10:45||NIFTY27JAN2625100PE,0.1130012215330145
07-01-2026 10:45||NIFTY27JAN2625300CE,0.1227606057392122
07-01-2026 10:45||NIFTY27JAN2626000CE,0.0962685636051718
07-01-2026 10:45||NIFTY27JAN2626400CE,0.088002706224595
07-01-2026 10:50||NIFTY27JAN2623900PE,0.1759742649533865
07-01-2026 10:50||NIFTY27JAN2624200PE,0.1591543434739244
07-01-2026 10:50||NIFTY27JAN2625600CE,0.1064387905353476
07-01-2026 10:50||NIFTY27JAN2625800CE,0.1000151759276206
07-01-2026 10:55||NIFTY27JAN2624300PE,0.1540196132064334
07-01-2026 10:55||NIFTY27JAN2624900PE,0.1222503158914259
07-01-2026 10:55||NIFTY27JAN2625500CE,0.1152290144205166
07-01-2026 11:00||NIFTY27JAN2624200PE,0.1600490334222248
07-01-2026 11:00||NIFTY27JAN2626500CE,0.1244223234799377
07-01-2026 11:05||NIFTY27JAN2624300PE,0.1544573815120624
07-01-2026 11:05||NIFTY27JAN2624600PE,0.1390634539518693
07-01-2026 11:05||NIFTY27JAN2624800PE,0.1280396763099025
07-01-2026 11:05||NIFTY27JAN2625200CE,0.1255918239152847
07-01-2026 11:05||NIFTY27JAN2626000CE,0.0964255792723219
07-01-2026 11:05||NIFTY27JAN2626200CE,0.0913779494905534
07-01-2026 11:10||NIFTY27JAN2624400PE,0.1488195707441794
07-01-2026 11:10||NIFTY27JAN2624800PE,0.1273525356276864
07-01-2026 11:10||NIFTY27JAN2625200CE,0.1339319876909367
07-01-2026 11:10||NIFTY27JAN2625500CE,0.1118458226285248
07-01-2026 11:10||NIFTY27JAN2625700CE,0.1008424549649522
07-01-2026 11:10||NIFTY27JAN2625900CE,0.0966662921034174
07-01-2026 11:10||NIFTY27JAN2626300CE,0.087251156773309
07-01-2026 11:15||NIFTY27JAN2624000PE,0.1708923560328675
07-01-2026 11:15||NIFTY27JAN2624800PE,0.1266854823169979
07-01-2026 11:15||NIFTY27JAN2625400CE,0.1201479378161215
07-01-2026 11:15||NIFTY27JAN2626100CE,0.0926097798528637
07-01-2026 11:15||NIFTY27JAN2626300CE,0.088009625870628
07-01-2026 11:20||NIFTY27JAN2623800PE,0.1551658668160775
07-01-2026 11:20||NIFTY27JAN2624200PE,0.1587673159115183
07-01-2026 11:20||NIFTY27JAN2624900PE,0.1209926424505721
07-01-2026 11:20||NIFTY27JAN2625300CE,0.132065436754815
07-01-2026 11:20||NIFTY27JAN2625700CE,0.1019213081182718
07-01-2026 11:20||NIFTY27JAN2626000CE,0.0966223954724078
07-01-2026 11:25||NIFTY27JAN2623800PE,0.155160291537494
07-01-2026 11:25||NIFTY27JAN2624400PE,0.1473291477564573
07-01-2026 11:25||NIFTY27JAN2624800PE,0.1260128600411015
07-01-2026 11:25||NIFTY27JAN2625300CE,0.1336697358133392
07-01-2026 11:25||NIFTY27JAN2625700CE,0.1043445218619992
07-01-2026 11:25||NIFTY27JAN2625800CE,0.1010077276161068
07-01-2026 11:25||NIFTY27JAN2625900CE,0.0996224539462138
07-01-2026 11:25||NIFTY27JAN2626000CE,0.0986780745496385
07-01-2026 11:25||NIFTY27JAN2626200CE,0.0918743035986592
07-01-2026 11:30||NIFTY27JAN2624300PE,0.1523031591282784
07-01-2026 11:30||NIFTY27JAN2624400PE,0.147291956816943
07-01-2026 11:35||NIFTY27JAN2624900PE,0.1213759320644489
07-01-2026 11:35||NIFTY27JAN2626300CE,0.0895755184147788
07-01-2026 11:40||NIFTY27JAN2624000PE,0.1704963234604273
07-01-2026 11:40||NIFTY27JAN2624500PE,0.1425081645293611
07-01-2026 11:40||NIFTY27JAN2625200CE,0.1404860239740503
07-01-2026 11:40||NIFTY27JAN2625900CE,0.0983533890814478
07-01-2026 11:45||NIFTY27JAN2624000PE,0.1695345050157462
07-01-2026 11:45||NIFTY27JAN2625000PE,0.1153129438215886
07-01-2026 11:45||NIFTY27JAN2625500CE,0.1154363634829573
07-01-2026 11:45||NIFTY27JAN2625600CE,0.1114534246271058
07-01-2026 11:45||NIFTY27JAN2626400CE,0.0875735602004697
07-01-2026 11:50||NIFTY27JAN2624000PE,0.1691928644339054
07-01-2026 11:50||NIFTY27JAN2624600PE,0.136100190297047
07-01-2026 11:50||NIFTY27JAN2625700CE,0.1041270092251213
07-01-2026 11:50||NIFTY27JAN2626400CE,0.0867049630920041
07-01-2026 11:55||NIFTY27JAN2623900PE,0.1746569698353321
07-01-2026 11:55||NIFTY27JAN2625200CE,0.1525179375131964
07-01-2026 11:55||NIFTY27JAN2625400CE,0.1206895978909576
07-01-2026 11:55||NIFTY27JAN2626100CE,0.0916600557410245
07-01-2026 11:55||NIFTY27JAN2626300CE,0.0879405893163339
07-01-2026 12:00||NIFTY27JAN2624300PE,0.1506931065630969
07-01-2026 12:00||NIFTY27JAN2624500PE,0.1405341409485195
07-01-2026 12:00||NIFTY27JAN2625500CE,0.1139636178258423
07-01-2026 12:00||NIFTY27JAN2625600CE,0.1095763359802056
07-01-2026 12:00||NIFTY27JAN2626400CE,0.087398019062816
07-01-2026 12:05||NIFTY27JAN2624200PE,0.1553043595158771
07-01-2026 12:05||NIFTY27JAN2624300PE,0.1498234509190494
07-01-2026 12:05||NIFTY27JAN2625300CE,0.1423382018921261
07-01-2026 12:05||NIFTY27JAN2625900CE,0.0993694117617996
07-01-2026 12:05||NIFTY27JAN2626000CE,0.0968179604931359
07-01-2026 12:05||NIFTY27JAN2626300CE,0.0900008058488492
07-01-2026 12:05||NIFTY27JAN2626400CE,0.0909073236279312
07-01-2026 12:10||NIFTY27JAN2624000PE,0.1680779385472945
07-01-2026 12:10||NIFTY27JAN2625200CE,0.1667740699804958
07-01-2026 12:10||NIFTY27JAN2625600CE,0.1138714507186995
07-01-2026 12:10||NIFTY27JAN2626500CE,0.1238095920432069
07-01-2026 12:15||NIFTY27JAN2624300PE,0.1503001848770532
07-01-2026 12:15||NIFTY27JAN2625000PE,0.1162603564497846
07-01-2026 12:15||NIFTY27JAN2625100PE,0.1129708765813132
07-01-2026 12:15||NIFTY27JAN2625300CE,0.1450382864898513
07-01-2026 12:15||NIFTY27JAN2625500CE,0.1200540586890332
07-01-2026 12:15||NIFTY27JAN2625600CE,0.1138866343683523
07-01-2026 12:20||NIFTY27JAN2624000PE,0.1679135501815174
07-01-2026 12:20||NIFTY27JAN2624400PE,0.1447757544246062
07-01-2026 12:20||NIFTY27JAN2625100PE,0.1125791169336107
07-01-2026 12:20||NIFTY27JAN2626100CE,0.0947335886682404
07-01-2026 12:25||NIFTY27JAN2624400PE,0.1449442584814288
07-01-2026 12:25||NIFTY27JAN2624600PE,0.1332167476101894
07-01-2026 12:25||NIFTY27JAN2624700PE,0.1289133506563234
07-01-2026 12:25||NIFTY27JAN2625300CE,0.1370594164153446
07-01-2026 12:25||NIFTY27JAN2626300CE,0.0904652006125193
07-01-2026 12:30||NIFTY27JAN2623800PE,0.1572674931101809
07-01-2026 12:30||NIFTY27JAN2624000PE,0.1668078118621955
07-01-2026 12:30||NIFTY27JAN2624100PE,0.1615263951344378
07-01-2026 12:30||NIFTY27JAN2624500PE,0.1387690858836718
07-01-2026 12:30||NIFTY27JAN2624600PE,0.1334286058409846
07-01-2026 12:30||NIFTY27JAN2625200CE,0.1411571645958702
07-01-2026 12:30||NIFTY27JAN2626300CE,0.0901388814453727
07-01-2026 12:35||NIFTY27JAN2625100PE,0.1119834547206069
07-01-2026 12:35||NIFTY27JAN2625300CE,0.1234632630861448
07-01-2026 12:35||NIFTY27JAN2625400CE,0.1179094673748238
07-01-2026 12:35||NIFTY27JAN2626300CE,0.0891064873442132
07-01-2026 12:35||NIFTY27JAN2626500CE,0.1228401639392885
07-01-2026 12:40||NIFTY27JAN2625100PE,0.1119090080545355
07-01-2026 12:40||NIFTY27JAN2625700CE,0.1032364307185435
07-01-2026 12:45||NIFTY27JAN2623800PE,0.1535367474060978
07-01-2026 12:45||NIFTY27JAN2624000PE,0.1666656658243807
07-01-2026 12:45||NIFTY27JAN2624900PE,0.1180933910300071
07-01-2026 12:45||NIFTY27JAN2625000PE,0.1136492288443821
07-01-2026 12:45||NIFTY27JAN2625800CE,0.1000572206649496
07-01-2026 12:45||NIFTY27JAN2626400CE,0.0870675571339037
07-01-2026 12:50||NIFTY27JAN2624400PE,0.1444556173474911
07-01-2026 12:50||NIFTY27JAN2624700PE,0.1283502839107494
07-01-2026 12:50||NIFTY27JAN2625100PE,0.1109727704334288
07-01-2026 12:50||NIFTY27JAN2626300CE,0.0900150178769683
07-01-2026 12:55||NIFTY27JAN2623800PE,0.1530147700182966
07-01-2026 12:55||NIFTY27JAN2623900PE,0.171916718931284
07-01-2026 12:55||NIFTY27JAN2625100PE,0.1108279382342792
07-01-2026 12:55||NIFTY27JAN2625200CE,0.1325376560787328
07-01-2026 12:55||NIFTY27JAN2625300CE,0.1263699283190123
07-01-2026 13:00||NIFTY27JAN2624000PE,0.1672352222429838
07-01-2026 13:00||NIFTY27JAN2624400PE,0.1451598151535258
07-01-2026 13:00||NIFTY27JAN2624600PE,0.1338398943406518
07-01-2026 13:00||NIFTY27JAN2625300CE,0.124037817503595
07-01-2026 13:00||NIFTY27JAN2625800CE,0.1037046915474336
07-01-2026 13:05||NIFTY27JAN2623900PE,0.1732982599191107
07-01-2026 13:05||NIFTY27JAN2624700PE,0.1286985172107091
07-01-2026 13:05||NIFTY27JAN2625200CE,0.1301385968499125
07-01-2026 13:05||NIFTY27JAN2625400CE,0.1180845852289059
07-01-2026 13:05||NIFTY27JAN2626100CE,0.0931275720788979
07-01-2026 13:10||NIFTY27JAN2624400PE,0.1451185907884052
07-01-2026 13:10||NIFTY27JAN2624700PE,0.1289066251285269
07-01-2026 13:10||NIFTY27JAN2625400CE,0.1170395745088556
07-01-2026 13:10||NIFTY27JAN2625900CE,0.0984827990904089
07-01-2026 13:10||NIFTY27JAN2626400CE,0.0868155755529481
07-01-2026 13:15||NIFTY27JAN2624600PE,0.1340339501721461
07-01-2026 13:15||NIFTY27JAN2625400CE,0.1172302463924349
07-01-2026 13:15||NIFTY27JAN2625500CE,0.1142544943139905
07-01-2026 13:15||NIFTY27JAN2625700CE,0.1037111764547902
07-01-2026 13:15||NIFTY27JAN2625800CE,0.0998410947435761
07-01-2026 13:15||NIFTY27JAN2626400CE,0.0867585565802037
07-01-2026 13:20||NIFTY27JAN2624000PE,0.1668417259493542
07-01-2026 13:20||NIFTY27JAN2624500PE,0.1385391557157494
07-01-2026 13:20||NIFTY27JAN2624800PE,0.1211776817539267
07-01-2026 13:20||NIFTY27JAN2624900PE,0.1160677655048277
07-01-2026 13:20||NIFTY27JAN2625000PE,0.1125623676548824
07-01-2026 13:20||NIFTY27JAN2626300CE,0.0959234299487718
07-01-2026 13:25||NIFTY27JAN2624200PE,0.1549273473387335
07-01-2026 13:25||NIFTY27JAN2624600PE,0.1315140437261638
07-01-2026 13:25||NIFTY27JAN2624700PE,0.1264947914857941
07-01-2026 13:25||NIFTY27JAN2625100PE,0.1095610532010545
07-01-2026 13:25||NIFTY27JAN2626300CE,0.107493741720511
07-01-2026 13:25||NIFTY27JAN2626400CE,0.1145608394068154
07-01-2026 13:25||NIFTY27JAN2626500CE,0.1327317171440122
07-01-2026 13:30||NIFTY27JAN2624000PE,0.1655093194472546
07-01-2026 13:30||NIFTY27JAN2624400PE,0.1432563122681484
07-01-2026 13:30||NIFTY27JAN2624600PE,0.1317251232697484
07-01-2026 13:30||NIFTY27JAN2624900PE,0.116869552341586
07-01-2026 13:30||NIFTY27JAN2625300CE,0.137574440907565
07-01-2026 13:30||NIFTY27JAN2625700CE,0.1070693229061807
07-01-2026 13:30||NIFTY27JAN2625800CE,0.1029320283669173
07-01-2026 13:30||NIFTY27JAN2626500CE,0.1299095714835849
07-01-2026 13:35||NIFTY27JAN2623900PE,0.1712842588055271
07-01-2026 13:35||NIFTY27JAN2624200PE,0.1533282558568876
07-01-2026 13:35||NIFTY27JAN2624300PE,0.1479515920275666
07-01-2026 13:35||NIFTY27JAN2625100PE,0.1086082480500478
07-01-2026 13:35||NIFTY27JAN2625200CE,0.1389409158164341
07-01-2026 13:35||NIFTY27JAN2625300CE,0.1361213983104712
07-01-2026 13:40||NIFTY27JAN2624300PE,0.148243161501571
07-01-2026 13:40||NIFTY27JAN2625000PE,0.1118025350241471
07-01-2026 13:40||NIFTY27JAN2625700CE,0.1103328592044419
07-01-2026 13:40||NIFTY27JAN2626100CE,0.0951456433127302
07-01-2026 13:45||NIFTY27JAN2623900PE,0.1706364527783211
07-01-2026 13:45||NIFTY27JAN2624200PE,0.1542220974016777
07-01-2026 13:45||NIFTY27JAN2624600PE,0.1323769383013939
07-01-2026 13:45||NIFTY27JAN2625200CE,0.1348108235315456
07-01-2026 13:45||NIFTY27JAN2625400CE,0.1293506688888086
07-01-2026 13:50||NIFTY27JAN2623800PE,0.1513477115671476
07-01-2026 13:50||NIFTY27JAN2623900PE,0.170003285668087
07-01-2026 13:50||NIFTY27JAN2624100PE,0.1600232255817263
07-01-2026 13:55||NIFTY27JAN2624400PE,0.1436444092870119
07-01-2026 13:55||NIFTY27JAN2625100PE,0.1091712413325051
07-01-2026 13:55||NIFTY27JAN2625300CE,0.130039796338098
07-01-2026 13:55||NIFTY27JAN2625800CE,0.1040738908174388
07-01-2026 13:55||NIFTY27JAN2626400CE,0.0883498327948124
07-01-2026 14:00||NIFTY27JAN2623800PE,0.1513566693711019
07-01-2026 14:00||NIFTY27JAN2623900PE,0.1700376821228845
07-01-2026 14:00||NIFTY27JAN2625400CE,0.1214835187541172
07-01-2026 14:00||NIFTY27JAN2625500CE,0.1166942237058246
07-01-2026 14:00||NIFTY27JAN2625900CE,0.1009568407903752
07-01-2026 14:00||NIFTY27JAN2626200CE,0.092335287754038
07-01-2026 14:05||NIFTY27JAN2624000PE,0.1659915143966118
07-01-2026 14:05||NIFTY27JAN2624200PE,0.1551601998488403
07-01-2026 14:05||NIFTY27JAN2624400PE,0.1442483791340854
07-01-2026 14:05||NIFTY27JAN2625900CE,0.0985429480498457
07-01-2026 14:05||NIFTY27JAN2626000CE,0.0954836988841115
07-01-2026 14:05||NIFTY27JAN2626300CE,0.0886624646335294
07-01-2026 14:10||NIFTY27JAN2623800PE,0.1523186121363875
07-01-2026 14:10||NIFTY27JAN2624000PE,0.1663559173024673
07-01-2026 14:10||NIFTY27JAN2624700PE,0.1287894725318833
07-01-2026 14:10||NIFTY27JAN2626100CE,0.0911873379380048
07-01-2026 14:10||NIFTY27JAN2626200CE,0.0889924914132729
07-01-2026 14:10||NIFTY27JAN2626400CE,0.0862555136806462
07-01-2026 14:15||NIFTY27JAN2625200CE,0.1198630004981295
07-01-2026 14:15||NIFTY27JAN2625600CE,0.1083154165238026
07-01-2026 14:15||NIFTY27JAN2625900CE,0.0961958570510946
07-01-2026 14:15||NIFTY27JAN2626200CE,0.0887714104979658
07-01-2026 14:20||NIFTY27JAN2623800PE,0.1518334782823825
07-01-2026 14:20||NIFTY27JAN2624500PE,0.138793384540658
07-01-2026 14:20||NIFTY27JAN2625400CE,0.1163088965789499
07-01-2026 14:20||NIFTY27JAN2625700CE,0.1037453302678816
07-01-2026 14:20||NIFTY27JAN2626300CE,0.0876999634750614
07-01-2026 14:25||NIFTY27JAN2623900PE,0.1714191350604514
07-01-2026 14:25||NIFTY27JAN2625400CE,0.1158994590918553
07-01-2026 14:25||NIFTY27JAN2625700CE,0.1040180280728014
07-01-2026 14:25||NIFTY27JAN2625900CE,0.096548262733466
07-01-2026 14:25||NIFTY27JAN2626300CE,0.0879134943859778
07-01-2026 14:30||NIFTY27JAN2624800PE,0.1229968314184151
07-01-2026 14:30||NIFTY27JAN2625100PE,0.1093665721641752
07-01-2026 14:30||NIFTY27JAN2625300CE,0.1206657265149804
07-01-2026 14:30||NIFTY27JAN2626300CE,0.0903918053384733
07-01-2026 14:35||NIFTY27JAN2624000PE,0.1657642598627142
07-01-2026 14:35||NIFTY27JAN2624100PE,0.1610612690969568
07-01-2026 14:35||NIFTY27JAN2624400PE,0.1447837503187789
07-01-2026 14:35||NIFTY27JAN2624700PE,0.1282106037376468
07-01-2026 14:35||NIFTY27JAN2625000PE,0.1129144504623687
07-01-2026 14:35||NIFTY27JAN2626400CE,0.1057868852566535
07-01-2026 14:35||NIFTY27JAN2626500CE,0.1272968522773121
07-01-2026 14:40||NIFTY27JAN2623800PE,0.1545059837250253
07-01-2026 14:40||NIFTY27JAN2624100PE,0.1615981003886822
07-01-2026 14:40||NIFTY27JAN2625100PE,0.109933568192927
07-01-2026 14:40||NIFTY27JAN2625400CE,0.120833606113607
07-01-2026 14:40||NIFTY27JAN2626200CE,0.0905777715528376
07-01-2026 14:45||NIFTY27JAN2623800PE,0.1541687817193066
07-01-2026 14:45||NIFTY27JAN2624000PE,0.1675222721862796
07-01-2026 14:45||NIFTY27JAN2624200PE,0.1567586196877102
07-01-2026 14:45||NIFTY27JAN2624500PE,0.1398163368541615
07-01-2026 14:45||NIFTY27JAN2624900PE,0.1181388670048786
07-01-2026 14:50||NIFTY27JAN2623900PE,0.1721861804059175
07-01-2026 14:50||NIFTY27JAN2624900PE,0.1181693798816354
07-01-2026 14:50||NIFTY27JAN2625600CE,0.1106734150164092
07-01-2026 14:50||NIFTY27JAN2626400CE,0.1048759517852057
07-01-2026 14:50||NIFTY27JAN2626500CE,0.1265116917479363
07-01-2026 14:55||NIFTY27JAN2624100PE,0.1633580160203327
07-01-2026 14:55||NIFTY27JAN2624300PE,0.1517269121799665
07-01-2026 14:55||NIFTY27JAN2624600PE,0.1347675636316948
07-01-2026 14:55||NIFTY27JAN2625900CE,0.0986097725105101
07-01-2026 14:55||NIFTY27JAN2626300CE,0.0911641955956755
07-01-2026 15:00||NIFTY27JAN2623900PE,0.173602613716652
07-01-2026 15:00||NIFTY27JAN2625100PE,0.1111165402047054
07-01-2026 15:00||NIFTY27JAN2625700CE,0.1012896194162658
07-01-2026 15:00||NIFTY27JAN2626000CE,0.0929484583455943
07-01-2026 15:00||NIFTY27JAN2626400CE,0.0861003167697128
07-01-2026 15:05||NIFTY27JAN2624200PE,0.158359235753394
07-01-2026 15:05||NIFTY27JAN2624500PE,0.1411324943327589
07-01-2026 15:05||NIFTY27JAN2625400CE,0.1124745259455493
07-01-2026 15:05||NIFTY27JAN2626000CE,0.0924036130233633
07-01-2026 15:05||NIFTY27JAN2626400CE,0.0882862209388896
07-01-2026 15:10||NIFTY27JAN2623800PE,0.159689935261239
07-01-2026 15:10||NIFTY27JAN2624000PE,0.1696417522176281
07-01-2026 15:10||NIFTY27JAN2624400PE,0.1462819461982964
07-01-2026 15:10||NIFTY27JAN2624500PE,0.1411876640259888
07-01-2026 15:10||NIFTY27JAN2626500CE,0.1198895173245014
07-01-2026 15:15||NIFTY27JAN2624200PE,0.1590549532059321
07-01-2026 15:15||NIFTY27JAN2624900PE,0.1209851398157021
07-01-2026 15:15||NIFTY27JAN2625100PE,0.1122682649246966
07-01-2026 15:15||NIFTY27JAN2625600CE,0.0991430795046495
07-01-2026 15:20||NIFTY27JAN2624100PE,0.1651102091812607
07-01-2026 15:20||NIFTY27JAN2625900CE,0.0901271268181326
07-01-2026 15:20||NIFTY27JAN2626300CE,0.0877390641883765
07-01-2026 15:25||NIFTY27JAN2624700PE,0.1303948206374789
07-01-2026 15:25||NIFTY27JAN2625500CE,0.1066311023237883
07-01-2026 15:25||NIFTY27JAN2626100CE,0.0894946055806782
07-01-2026 15:25||NIFTY27JAN2626400CE,0.1050137276321209
07-01-2026 15:25||NIFTY27JAN2626500CE,0.1285916319922447
08-01-2026 09:15||NIFTY27JAN2624100PE,0.164854603876135
08-01-2026 09:15||NIFTY27JAN2624300PE,0.1528302166468903
08-01-2026 09:15||NIFTY27JAN2625100PE,0.1113562536280927
08-01-2026 09:15||NIFTY27JAN2625300CE,0.1068950883152273
08-01-2026 09:15||NIFTY27JAN2626300CE,0.0910369787489792
08-01-2026 09:20||NIFTY27JAN2623800PE,0.1620411148332342
08-01-2026 09:20||NIFTY27JAN2624100PE,0.1636257469694614
08-01-2026 09:20||NIFTY27JAN2624800PE,0.1235683789822868
08-01-2026 09:20||NIFTY27JAN2624900PE,0.1187821412514588
08-01-2026 09:20||NIFTY27JAN2625300CE,0.1033616997326952
08-01-2026 09:20||NIFTY27JAN2625900CE,0.0886378413716379
08-01-2026 09:20||NIFTY27JAN2626000CE,0.087416217394434
08-01-2026 09:20||NIFTY27JAN2626400CE,0.1034063713761996
08-01-2026 09:20||NIFTY27JAN2626500CE,0.127573477067399
08-01-2026 09:25||NIFTY27JAN2623900PE,0.1754953748500045
08-01-2026 09:25||NIFTY27JAN2624100PE,0.162011604051292
08-01-2026 09:25||NIFTY27JAN2624200PE,0.1565750982049448
08-01-2026 09:25||NIFTY27JAN2625300CE,0.1093370190472362
08-01-2026 09:25||NIFTY27JAN2626200CE,0.0834476242223887
08-01-2026 09:25||NIFTY27JAN2626400CE,0.0916846289798959
08-01-2026 09:30||NIFTY27JAN2624100PE,0.1614683660665651
08-01-2026 09:30||NIFTY27JAN2624700PE,0.1250197961112761
08-01-2026 09:30||NIFTY27JAN2624800PE,0.1197436013173357
08-01-2026 09:30||NIFTY27JAN2624900PE,0.1159995918866631
08-01-2026 09:30||NIFTY27JAN2625000PE,0.1120739037458049
08-01-2026 09:30||NIFTY27JAN2626200CE,0.0852730131615782
08-01-2026 09:30||NIFTY27JAN2626300CE,0.0858972689628884
08-01-2026 09:35||NIFTY27JAN2623900PE,0.1737171524809983
08-01-2026 09:35||NIFTY27JAN2624100PE,0.1621259954225797
08-01-2026 09:35||NIFTY27JAN2624400PE,0.1445168780901005
08-01-2026 09:35||NIFTY27JAN2625300CE,0.1085985287983859
08-01-2026 09:35||NIFTY27JAN2625400CE,0.1074697837296774
08-01-2026 09:35||NIFTY27JAN2626100CE,0.0893933111287736
08-01-2026 09:35||NIFTY27JAN2626200CE,0.0868430510757158
08-01-2026 09:35||NIFTY27JAN2626500CE,0.1216530031935161
08-01-2026 09:40||NIFTY27JAN2623800PE,0.1592196731026566
08-01-2026 09:40||NIFTY27JAN2624800PE,0.1215885285398642
08-01-2026 09:40||NIFTY27JAN2624900PE,0.1162945195152916
08-01-2026 09:40||NIFTY27JAN2625000PE,0.112604426928376
08-01-2026 09:40||NIFTY27JAN2625200CE,0.1137419800371642
08-01-2026 09:40||NIFTY27JAN2625700CE,0.0989036318118136
08-01-2026 09:40||NIFTY27JAN2626200CE,0.0866053373587762
08-01-2026 09:40||NIFTY27JAN2626400CE,0.0916030544337734
08-01-2026 09:45||NIFTY27JAN2624200PE,0.1580528266215564
08-01-2026 09:45||NIFTY27JAN2624600PE,0.1347165243558058
08-01-2026 09:45||NIFTY27JAN2625400CE,0.108298260707671
08-01-2026 09:45||NIFTY27JAN2625900CE,0.0941915777742786
08-01-2026 09:45||NIFTY27JAN2626500CE,0.1223369548338606
08-01-2026 09:50||NIFTY27JAN2624400PE,0.1460894153752876
08-01-2026 09:50||NIFTY27JAN2625100PE,0.1118517929292674
08-01-2026 09:50||NIFTY27JAN2625500CE,0.1099483756032796
08-01-2026 09:50||NIFTY27JAN2625600CE,0.1051512695113982
08-01-2026 09:50||NIFTY27JAN2626400CE,0.0893270514376403
08-01-2026 09:55||NIFTY27JAN2624200PE,0.1584894496398011
08-01-2026 09:55||NIFTY27JAN2624600PE,0.1350649160950187
08-01-2026 09:55||NIFTY27JAN2625000PE,0.116748040506756
08-01-2026 09:55||NIFTY27JAN2625100PE,0.1132128804677887
08-01-2026 09:55||NIFTY27JAN2625300CE,0.1176724592813575
08-01-2026 09:55||NIFTY27JAN2626000CE,0.0909462954421764
08-01-2026 09:55||NIFTY27JAN2626200CE,0.0881668194616578
08-01-2026 10:00||NIFTY27JAN2624600PE,0.1351766713998436
08-01-2026 10:00||NIFTY27JAN2625900CE,0.0891595455452535
08-01-2026 10:00||NIFTY27JAN2626100CE,0.0862063319815035
08-01-2026 10:00||NIFTY27JAN2626200CE,0.0853430664468054
08-01-2026 10:05||NIFTY27JAN2624800PE,0.1239689824033921
08-01-2026 10:05||NIFTY27JAN2625500CE,0.1030643769904913
08-01-2026 10:05||NIFTY27JAN2625800CE,0.0922449035401733
08-01-2026 10:05||NIFTY27JAN2626000CE,0.0890422960241835
08-01-2026 10:05||NIFTY27JAN2626500CE,0.1219193046482684
08-01-2026 10:10||NIFTY27JAN2624100PE,0.1632672962028086
08-01-2026 10:10||NIFTY27JAN2625000PE,0.1153357741784438
08-01-2026 10:10||NIFTY27JAN2625100PE,0.1118729606344434
08-01-2026 10:10||NIFTY27JAN2625200CE,0.1329518291141485
08-01-2026 10:10||NIFTY27JAN2625600CE,0.1024325427249051
08-01-2026 10:10||NIFTY27JAN2625800CE,0.0944107455134196
08-01-2026 10:10||NIFTY27JAN2626400CE,0.0901152863669707
08-01-2026 10:15||NIFTY27JAN2625100PE,0.1109958455536607
08-01-2026 10:15||NIFTY27JAN2625700CE,0.0977313007471821
08-01-2026 10:15||NIFTY27JAN2625800CE,0.0938163536666417
08-01-2026 10:15||NIFTY27JAN2626500CE,0.1217214466002841
08-01-2026 10:20||NIFTY27JAN2625200CE,0.1233768429369978
08-01-2026 10:20||NIFTY27JAN2626400CE,0.0910074312842424
08-01-2026 10:25||NIFTY27JAN2623900PE,0.1715071040758488
08-01-2026 10:25||NIFTY27JAN2624000PE,0.1668485133666364
08-01-2026 10:25||NIFTY27JAN2624400PE,0.1441466122781271
08-01-2026 10:25||NIFTY27JAN2624800PE,0.1227509020827162
08-01-2026 10:25||NIFTY27JAN2625000PE,0.1145436521743269
08-01-2026 10:25||NIFTY27JAN2625100PE,0.1106492810268989
08-01-2026 10:25||NIFTY27JAN2625200CE,0.1269428610856915
08-01-2026 10:25||NIFTY27JAN2625500CE,0.1094118613320052
08-01-2026 10:25||NIFTY27JAN2625600CE,0.1047337302715297
08-01-2026 10:25||NIFTY27JAN2625700CE,0.1016030640394262
08-01-2026 10:25||NIFTY27JAN2626100CE,0.0919297427974777
08-01-2026 10:25||NIFTY27JAN2626500CE,0.1292282898643435
08-01-2026 10:30||NIFTY27JAN2623800PE,0.1648987561449673
08-01-2026 10:30||NIFTY27JAN2624000PE,0.1673573257873918
08-01-2026 10:30||NIFTY27JAN2624400PE,0.1437641110891732
08-01-2026 10:30||NIFTY27JAN2624500PE,0.1386518637739314
08-01-2026 10:30||NIFTY27JAN2626000CE,0.0929310243948619
08-01-2026 10:30||NIFTY27JAN2626400CE,0.1101098147694128
08-01-2026 10:30||NIFTY27JAN2626500CE,0.137636959601921
08-01-2026 10:35||NIFTY27JAN2624000PE,0.1676253920204488
08-01-2026 10:35||NIFTY27JAN2624200PE,0.1563964402063027
08-01-2026 10:35||NIFTY27JAN2625800CE,0.0969211815879472
08-01-2026 10:35||NIFTY27JAN2626300CE,0.0899973117336301
08-01-2026 10:35||NIFTY27JAN2626500CE,0.1296499707063255
08-01-2026 10:40||NIFTY27JAN2624000PE,0.1670394202310396
08-01-2026 10:40||NIFTY27JAN2624300PE,0.1499120089362289
08-01-2026 10:40||NIFTY27JAN2625000PE,0.1128750950780026
08-01-2026 10:40||NIFTY27JAN2625500CE,0.1078977577755506
08-01-2026 10:40||NIFTY27JAN2625900CE,0.0937988994160638
08-01-2026 10:40||NIFTY27JAN2626100CE,0.0903817324192426
08-01-2026 10:40||NIFTY27JAN2626300CE,0.0900125098982505
08-01-2026 10:40||NIFTY27JAN2626400CE,0.0966434927250545
08-01-2026 10:45||NIFTY27JAN2623900PE,0.1719430001236956
08-01-2026 10:45||NIFTY27JAN2624200PE,0.1560092020811628
08-01-2026 10:45||NIFTY27JAN2625200CE,0.1212606301034109
08-01-2026 10:45||NIFTY27JAN2625300CE,0.1208182710903865
08-01-2026 10:45||NIFTY27JAN2625600CE,0.1035701119441887
08-01-2026 10:45||NIFTY27JAN2626400CE,0.1080150743834147
08-01-2026 10:45||NIFTY27JAN2626500CE,0.1334661135211301
08-01-2026 10:50||NIFTY27JAN2623900PE,0.1716709733325667
08-01-2026 10:50||NIFTY27JAN2625500CE,0.1042106461185837
08-01-2026 10:50||NIFTY27JAN2625800CE,0.0959492900424391
08-01-2026 10:50||NIFTY27JAN2626100CE,0.0907138921235956
08-01-2026 10:50||NIFTY27JAN2626500CE,0.129681016901905
08-01-2026 10:55||NIFTY27JAN2624000PE,0.1660424776359568
08-01-2026 10:55||NIFTY27JAN2624700PE,0.127075832464574
08-01-2026 10:55||NIFTY27JAN2624800PE,0.1222759697316665
08-01-2026 10:55||NIFTY27JAN2625100PE,0.1111218271922255
08-01-2026 10:55||NIFTY27JAN2625400CE,0.1119732350560549
08-01-2026 10:55||NIFTY27JAN2625600CE,0.1014815890719586
08-01-2026 11:00||NIFTY27JAN2623800PE,0.1563404321006218
08-01-2026 11:00||NIFTY27JAN2623900PE,0.1702462801604363
08-01-2026 11:00||NIFTY27JAN2624000PE,0.1658979170732953
08-01-2026 11:00||NIFTY27JAN2624300PE,0.1492350516892401
08-01-2026 11:00||NIFTY27JAN2624600PE,0.1334249487206009
08-01-2026 11:00||NIFTY27JAN2625000PE,0.115338644315615
08-01-2026 11:00||NIFTY27JAN2625100PE,0.1120402200354128
08-01-2026 11:00||NIFTY27JAN2626200CE,0.0897092026723546
08-01-2026 11:00||NIFTY27JAN2626500CE,0.1189059175039245
08-01-2026 11:05||NIFTY27JAN2623800PE,0.1553551897021826
08-01-2026 11:05||NIFTY27JAN2624200PE,0.1550740947947709
08-01-2026 11:05||NIFTY27JAN2624400PE,0.1435569769010863
08-01-2026 11:05||NIFTY27JAN2624800PE,0.1236428795047237
08-01-2026 11:05||NIFTY27JAN2625400CE,0.1155930397072702
08-01-2026 11:05||NIFTY27JAN2626000CE,0.0935041650664025
08-01-2026 11:05||NIFTY27JAN2626200CE,0.0897590229420629
08-01-2026 11:05||NIFTY27JAN2626300CE,0.0885471289629848
08-01-2026 11:10||NIFTY27JAN2624000PE,0.1673439010202499
08-01-2026 11:10||NIFTY27JAN2624200PE,0.1550333675998814
08-01-2026 11:10||NIFTY27JAN2624400PE,0.1444033487976304
08-01-2026 11:10||NIFTY27JAN2624600PE,0.1335173057539519
08-01-2026 11:10||NIFTY27JAN2624700PE,0.1287211721752147
08-01-2026 11:10||NIFTY27JAN2625200CE,0.1343886004963943
08-01-2026 11:10||NIFTY27JAN2625600CE,0.1041068697342627
08-01-2026 11:10||NIFTY27JAN2625900CE,0.094883469519335
08-01-2026 11:10||NIFTY27JAN2626000CE,0.0929716615531444
08-01-2026 11:15||NIFTY27JAN2624100PE,0.1616041555267997
08-01-2026 11:15||NIFTY27JAN2624200PE,0.1561518008670836
08-01-2026 11:15||NIFTY27JAN2624900PE,0.1204597295732114
08-01-2026 11:15||NIFTY27JAN2625200CE,0.1366020833104898
08-01-2026 11:15||NIFTY27JAN2626200CE,0.0899958021756561
08-01-2026 11:15||NIFTY27JAN2626400CE,0.0957504874878369
08-01-2026 11:20||NIFTY27JAN2624300PE,0.1521070251450336
08-01-2026 11:20||NIFTY27JAN2625700CE,0.0995588078463126
08-01-2026 11:20||NIFTY27JAN2626400CE,0.1080813251917276
08-01-2026 11:20||NIFTY27JAN2626500CE,0.1301009262395368
08-01-2026 11:25||NIFTY27JAN2623800PE,0.1570275665677408
08-01-2026 11:25||NIFTY27JAN2624300PE,0.1512735110662901
08-01-2026 11:25||NIFTY27JAN2624400PE,0.1460679979427016
08-01-2026 11:25||NIFTY27JAN2624700PE,0.130657348381655
08-01-2026 11:25||NIFTY27JAN2625400CE,0.1215765412075561
08-01-2026 11:25||NIFTY27JAN2626200CE,0.0927705691804846
08-01-2026 11:30||NIFTY27JAN2623800PE,0.1568962528569627
08-01-2026 11:30||NIFTY27JAN2624100PE,0.1620136509460886
08-01-2026 11:30||NIFTY27JAN2624200PE,0.1566902711232616
08-01-2026 11:30||NIFTY27JAN2625200CE,0.1362327159615435
08-01-2026 11:30||NIFTY27JAN2625400CE,0.1225857792991031
08-01-2026 11:30||NIFTY27JAN2625500CE,0.1152406830850494
08-01-2026 11:30||NIFTY27JAN2625800CE,0.1028710584556267
08-01-2026 11:30||NIFTY27JAN2626000CE,0.0977142034438543
08-01-2026 11:30||NIFTY27JAN2626100CE,0.0957795571666557
08-01-2026 11:35||NIFTY27JAN2623800PE,0.1607959598183265
08-01-2026 11:35||NIFTY27JAN2624100PE,0.1615949268297877
08-01-2026 11:35||NIFTY27JAN2624400PE,0.1446104001667314
08-01-2026 11:35||NIFTY27JAN2624500PE,0.1395100538985179
08-01-2026 11:35||NIFTY27JAN2624700PE,0.1295288677337466
08-01-2026 11:35||NIFTY27JAN2624900PE,0.1193477626790952
08-01-2026 11:35||NIFTY27JAN2625200CE,0.1334959309053322
08-01-2026 11:35||NIFTY27JAN2625300CE,0.124969778082047
08-01-2026 11:35||NIFTY27JAN2626500CE,0.1236933935350865
08-01-2026 11:40||NIFTY27JAN2624100PE,0.1615090287998349
08-01-2026 11:40||NIFTY27JAN2624200PE,0.1561306954168556
08-01-2026 11:40||NIFTY27JAN2624400PE,0.1453826922815065
08-01-2026 11:40||NIFTY27JAN2624900PE,0.1195110053370708
08-01-2026 11:40||NIFTY27JAN2625600CE,0.1075255934017778
08-01-2026 11:40||NIFTY27JAN2625800CE,0.0997267348019977
08-01-2026 11:45||NIFTY27JAN2624200PE,0.1567076032340199
08-01-2026 11:45||NIFTY27JAN2625500CE,0.110656340742989
08-01-2026 11:45||NIFTY27JAN2625900CE,0.0964869684947211
08-01-2026 11:45||NIFTY27JAN2626100CE,0.093517774857317
08-01-2026 11:50||NIFTY27JAN2623800PE,0.1608996641056788
08-01-2026 11:50||NIFTY27JAN2625700CE,0.1002249755122954
08-01-2026 11:50||NIFTY27JAN2625800CE,0.0970377135185706
08-01-2026 11:50||NIFTY27JAN2626500CE,0.1233239333788874
08-01-2026 11:55||NIFTY27JAN2624200PE,0.1570867139244193
08-01-2026 11:55||NIFTY27JAN2624700PE,0.1296552197326944
08-01-2026 11:55||NIFTY27JAN2625100PE,0.1127558284667607
08-01-2026 11:55||NIFTY27JAN2625400CE,0.1108152674885463
08-01-2026 11:55||NIFTY27JAN2625600CE,0.1028092254007562
08-01-2026 11:55||NIFTY27JAN2625800CE,0.0958974030234713
08-01-2026 12:00||NIFTY27JAN2624500PE,0.1403235658222741
08-01-2026 12:00||NIFTY27JAN2624700PE,0.1297521613571646
08-01-2026 12:00||NIFTY27JAN2625000PE,0.1158982644362101
08-01-2026 12:00||NIFTY27JAN2625500CE,0.109941021982335
08-01-2026 12:00||NIFTY27JAN2626300CE,0.0928858688871992
08-01-2026 12:05||NIFTY27JAN2624000PE,0.1693602941708491
08-01-2026 12:05||NIFTY27JAN2624200PE,0.155877827538909
08-01-2026 12:05||NIFTY27JAN2624500PE,0.1390235495394214
08-01-2026 12:05||NIFTY27JAN2624900PE,0.1197713580474337
08-01-2026 12:05||NIFTY27JAN2625300CE,0.1273035881008345
08-01-2026 12:05||NIFTY27JAN2625800CE,0.1041499137637534
08-01-2026 12:05||NIFTY27JAN2625900CE,0.101933643444642
08-01-2026 12:05||NIFTY27JAN2626400CE,0.0951362444487338
08-01-2026 12:10||NIFTY27JAN2624000PE,0.1696758915111252
08-01-2026 12:10||NIFTY27JAN2624400PE,0.1448696036284946
08-01-2026 12:15||NIFTY27JAN2624100PE,0.1655573104064591
08-01-2026 12:15||NIFTY27JAN2624400PE,0.147607451355554
08-01-2026 12:15||NIFTY27JAN2625200CE,0.1291483441829115
08-01-2026 12:15||NIFTY27JAN2625400CE,0.118902748097473
08-01-2026 12:15||NIFTY27JAN2625500CE,0.1142379289452948
08-01-2026 12:15||NIFTY27JAN2625700CE,0.1061748017872624
08-01-2026 12:20||NIFTY27JAN2624800PE,0.1273607251507647
08-01-2026 12:20||NIFTY27JAN2625800CE,0.1031009328617268
08-01-2026 12:20||NIFTY27JAN2626300CE,0.0947162814127568
08-01-2026 12:25||NIFTY27JAN2624100PE,0.1679381014802446
08-01-2026 12:25||NIFTY27JAN2624400PE,0.1502895461585457
08-01-2026 12:25||NIFTY27JAN2624900PE,0.1230631133531626
08-01-2026 12:25||NIFTY27JAN2625700CE,0.1058681533869032
08-01-2026 12:25||NIFTY27JAN2626000CE,0.0992117254555034
08-01-2026 12:30||NIFTY27JAN2624200PE,0.1606796606067509
08-01-2026 12:30||NIFTY27JAN2624300PE,0.1553124858027145
08-01-2026 12:30||NIFTY27JAN2625100PE,0.1146650754842054
08-01-2026 12:30||NIFTY27JAN2625700CE,0.105179610978831
08-01-2026 12:30||NIFTY27JAN2626000CE,0.0988942994417153
08-01-2026 12:35||NIFTY27JAN2624800PE,0.127226871694302
08-01-2026 12:35||NIFTY27JAN2625000PE,0.11739215156591
08-01-2026 12:35||NIFTY27JAN2625400CE,0.1220209233154105
08-01-2026 12:35||NIFTY27JAN2625500CE,0.1156337170773291
08-01-2026 12:35||NIFTY27JAN2625800CE,0.1042164658203934
08-01-2026 12:35||NIFTY27JAN2626100CE,0.097482808161265
08-01-2026 12:35||NIFTY27JAN2626200CE,0.0957558678041002
08-01-2026 12:40||NIFTY27JAN2624100PE,0.1665442525014237
08-01-2026 12:40||NIFTY27JAN2624400PE,0.149977725635835
08-01-2026 12:40||NIFTY27JAN2624800PE,0.1267938434901818
08-01-2026 12:40||NIFTY27JAN2625000PE,0.1165566304334383
08-01-2026 12:40||NIFTY27JAN2625200CE,0.1369932180905269
08-01-2026 12:40||NIFTY27JAN2626000CE,0.1006108879462831
08-01-2026 12:45||NIFTY27JAN2624400PE,0.1500649079433691
08-01-2026 12:45||NIFTY27JAN2624600PE,0.13724339563281
08-01-2026 12:45||NIFTY27JAN2625000PE,0.116612594680962
08-01-2026 12:45||NIFTY27JAN2625300CE,0.1273381610637238
08-01-2026 12:45||NIFTY27JAN2625800CE,0.1055852582044898
08-01-2026 12:45||NIFTY27JAN2626200CE,0.0967630440491398
08-01-2026 12:45||NIFTY27JAN2626300CE,0.0950313195186309
08-01-2026 12:50||NIFTY27JAN2623800PE,0.1596253729881831
08-01-2026 12:50||NIFTY27JAN2624900PE,0.1215288421870487
08-01-2026 12:50||NIFTY27JAN2625600CE,0.1122287382683347
08-01-2026 12:50||NIFTY27JAN2626300CE,0.0954345478446638
08-01-2026 12:50||NIFTY27JAN2626400CE,0.0945849068385359
08-01-2026 12:55||NIFTY27JAN2624200PE,0.1587877844228876
08-01-2026 12:55||NIFTY27JAN2624300PE,0.1527838459419631
08-01-2026 12:55||NIFTY27JAN2624400PE,0.1478730182525151
08-01-2026 12:55||NIFTY27JAN2626100CE,0.1001493729439094
08-01-2026 13:00||NIFTY27JAN2624200PE,0.1605803944170728
08-01-2026 13:00||NIFTY27JAN2624500PE,0.1405436126764924
08-01-2026 13:00||NIFTY27JAN2624600PE,0.1342892826077204
08-01-2026 13:00||NIFTY27JAN2624700PE,0.1303375474587942
08-01-2026 13:00||NIFTY27JAN2625000PE,0.1183220575171234
08-01-2026 13:00||NIFTY27JAN2625100PE,0.1145635604099852
08-01-2026 13:00||NIFTY27JAN2625400CE,0.1246422698955092
08-01-2026 13:00||NIFTY27JAN2625800CE,0.1058180692309222
08-01-2026 13:05||NIFTY27JAN2623800PE,0.1603449139527595
08-01-2026 13:05||NIFTY27JAN2624600PE,0.1357074667054939
08-01-2026 13:05||NIFTY27JAN2625700CE,0.1070584589340666
08-01-2026 13:05||NIFTY27JAN2625800CE,0.1042214747738222
08-01-2026 13:05||NIFTY27JAN2626000CE,0.100884558928719
08-01-2026 13:05||NIFTY27JAN2626100CE,0.0988867556730661
08-01-2026 13:05||NIFTY27JAN2626200CE,0.0976638191792114
08-01-2026 13:05||NIFTY27JAN2626300CE,0.0962366632506084
08-01-2026 13:10||NIFTY27JAN2624100PE,0.1681873828745251
08-01-2026 13:10||NIFTY27JAN2624900PE,0.1211032562070533
08-01-2026 13:10||NIFTY27JAN2625400CE,0.1212781764993102
08-01-2026 13:10||NIFTY27JAN2625700CE,0.1062333872867889
08-01-2026 13:10||NIFTY27JAN2625800CE,0.103506927422722
08-01-2026 13:10||NIFTY27JAN2626100CE,0.0978453907501335
08-01-2026 13:10||NIFTY27JAN2626200CE,0.0966360400423212
08-01-2026 13:15||NIFTY27JAN2624300PE,0.156205522172188
08-01-2026 13:15||NIFTY27JAN2625000PE,0.1157398264879129
08-01-2026 13:15||NIFTY27JAN2625900CE,0.1013942651139559
08-01-2026 13:15||NIFTY27JAN2626300CE,0.0946236066318338
08-01-2026 13:20||NIFTY27JAN2623800PE,0.1602763245295901
08-01-2026 13:20||NIFTY27JAN2624000PE,0.1740173669901889
08-01-2026 13:20||NIFTY27JAN2624400PE,0.1506241187184899
08-01-2026 13:20||NIFTY27JAN2625000PE,0.1163364200043393
08-01-2026 13:20||NIFTY27JAN2625300CE,0.1247371886352607
08-01-2026 13:20||NIFTY27JAN2625400CE,0.1184110190279658
08-01-2026 13:20||NIFTY27JAN2626200CE,0.0951008881496915
08-01-2026 13:25||NIFTY27JAN2624600PE,0.1369867497116237
08-01-2026 13:25||NIFTY27JAN2624900PE,0.1213685692835339
08-01-2026 13:25||NIFTY27JAN2625400CE,0.1186146879051182
08-01-2026 13:25||NIFTY27JAN2625500CE,0.1142206988357602
08-01-2026 13:25||NIFTY27JAN2625900CE,0.1010060387295991
08-01-2026 13:25||NIFTY27JAN2626000CE,0.0991591051354964
08-01-2026 13:25||NIFTY27JAN2626100CE,0.097113566377209
08-01-2026 13:30||NIFTY27JAN2624300PE,0.1541882850911935
08-01-2026 13:30||NIFTY27JAN2624400PE,0.148262285630338
08-01-2026 13:30||NIFTY27JAN2625600CE,0.1092170873973912
08-01-2026 13:30||NIFTY27JAN2625700CE,0.1055220269571702
08-01-2026 13:30||NIFTY27JAN2626100CE,0.09845659110623
08-01-2026 13:30||NIFTY27JAN2626500CE,0.1291552491349647
08-01-2026 13:35||NIFTY27JAN2624600PE,0.1322587044591789
08-01-2026 13:35||NIFTY27JAN2624700PE,0.1256162451752842
08-01-2026 13:35||NIFTY27JAN2624800PE,0.1213765976672158
08-01-2026 13:35||NIFTY27JAN2624900PE,0.1180987843626927
08-01-2026 13:40||NIFTY27JAN2624100PE,0.1668514786322481
08-01-2026 13:40||NIFTY27JAN2624800PE,0.121844285302494
08-01-2026 13:40||NIFTY27JAN2624900PE,0.1179590479562151
08-01-2026 13:40||NIFTY27JAN2625300CE,0.1192312166031842
08-01-2026 13:40||NIFTY27JAN2625600CE,0.1105679581088508
08-01-2026 13:40||NIFTY27JAN2625700CE,0.1072557850798046
08-01-2026 13:40||NIFTY27JAN2626000CE,0.1002919087484857
08-01-2026 13:40||NIFTY27JAN2626200CE,0.0964524025820136
08-01-2026 13:40||NIFTY27JAN2626300CE,0.0950075026259032
08-01-2026 13:45||NIFTY27JAN2624600PE,0.1338571914192426
08-01-2026 13:45||NIFTY27JAN2624700PE,0.128246352469013
08-01-2026 13:45||NIFTY27JAN2625100PE,0.1108942544859578
08-01-2026 13:45||NIFTY27JAN2625600CE,0.1109038359839283
08-01-2026 13:45||NIFTY27JAN2625700CE,0.1078953218815387
08-01-2026 13:50||NIFTY27JAN2624600PE,0.1337644569946752
08-01-2026 13:50||NIFTY27JAN2625500CE,0.115683194619211
08-01-2026 13:55||NIFTY27JAN2624200PE,0.1608329542139048
08-01-2026 13:55||NIFTY27JAN2624600PE,0.1345987120953632
08-01-2026 13:55||NIFTY27JAN2625000PE,0.1137682417625368
08-01-2026 13:55||NIFTY27JAN2625200CE,0.1194350591653881
08-01-2026 13:55||NIFTY27JAN2625700CE,0.1061840957264373
08-01-2026 14:00||NIFTY27JAN2623800PE,0.1599289237857276
08-01-2026 14:00||NIFTY27JAN2623900PE,0.1765991691011565
08-01-2026 14:00||NIFTY27JAN2625300CE,0.1161029622130275
08-01-2026 14:00||NIFTY27JAN2625400CE,0.1141008714995046
08-01-2026 14:00||NIFTY27JAN2625900CE,0.097599841091002
08-01-2026 14:00||NIFTY27JAN2626000CE,0.095823080450931
08-01-2026 14:00||NIFTY27JAN2626100CE,0.0945399601296387
08-01-2026 14:00||NIFTY27JAN2626200CE,0.0934852615154601
08-01-2026 14:00||NIFTY27JAN2626300CE,0.0925004876760451
08-01-2026 14:05||NIFTY27JAN2623900PE,0.176655902724613
08-01-2026 14:05||NIFTY27JAN2624500PE,0.1414783097763834
08-01-2026 14:05||NIFTY27JAN2625300CE,0.1166236941342478
08-01-2026 14:05||NIFTY27JAN2626000CE,0.0968924341754251
08-01-2026 14:05||NIFTY27JAN2626200CE,0.0938207271643952
08-01-2026 14:05||NIFTY27JAN2626300CE,0.092599350317851
08-01-2026 14:05||NIFTY27JAN2626500CE,0.1268792541818713
08-01-2026 14:10||NIFTY27JAN2624800PE,0.1237623075229008
08-01-2026 14:10||NIFTY27JAN2625000PE,0.1136499172834943
08-01-2026 14:10||NIFTY27JAN2625200CE,0.1191561945827389
08-01-2026 14:10||NIFTY27JAN2625300CE,0.1198050853397298
08-01-2026 14:10||NIFTY27JAN2625700CE,0.1069245003657278
08-01-2026 14:15||NIFTY27JAN2623800PE,0.1570700717426433
08-01-2026 14:15||NIFTY27JAN2624200PE,0.1578053140530383
08-01-2026 14:15||NIFTY27JAN2624300PE,0.1520595819425778
08-01-2026 14:15||NIFTY27JAN2625000PE,0.1129605381604434
08-01-2026 14:15||NIFTY27JAN2625200CE,0.1257699100217426
08-01-2026 14:15||NIFTY27JAN2625600CE,0.1118090657223991
08-01-2026 14:15||NIFTY27JAN2626100CE,0.096157144919154
08-01-2026 14:15||NIFTY27JAN2626400CE,0.0919394337609918
08-01-2026 14:20||NIFTY27JAN2624500PE,0.1404662903512201
08-01-2026 14:20||NIFTY27JAN2625000PE,0.1133274482779878
08-01-2026 14:20||NIFTY27JAN2625700CE,0.103622520740514
08-01-2026 14:20||NIFTY27JAN2626400CE,0.0904594446235037
08-01-2026 14:25||NIFTY27JAN2624600PE,0.1338306823737605
08-01-2026 14:25||NIFTY27JAN2624800PE,0.1230570867774854
08-01-2026 14:25||NIFTY27JAN2625200CE,0.1348723393441804
08-01-2026 14:25||NIFTY27JAN2625600CE,0.1102447270944123
08-01-2026 14:25||NIFTY27JAN2625900CE,0.0999707783325483
08-01-2026 14:25||NIFTY27JAN2626000CE,0.0979670620382947
08-01-2026 14:30||NIFTY27JAN2624500PE,0.1400631833585074
08-01-2026 14:30||NIFTY27JAN2626200CE,0.0949173953519769
08-01-2026 14:30||NIFTY27JAN2626400CE,0.1093281273398441
08-01-2026 14:30||NIFTY27JAN2626500CE,0.1311211991046529
08-01-2026 14:35||NIFTY27JAN2624200PE,0.1582946786178714
08-01-2026 14:35||NIFTY27JAN2624800PE,0.122605810360999
08-01-2026 14:35||NIFTY27JAN2625100PE,0.1087279552125072
08-01-2026 14:35||NIFTY27JAN2626100CE,0.0964767909020573
08-01-2026 14:40||NIFTY27JAN2624200PE,0.1580051008407683
08-01-2026 14:40||NIFTY27JAN2624600PE,0.1336784122330389
08-01-2026 14:40||NIFTY27JAN2625000PE,0.1124904933033215
08-01-2026 14:40||NIFTY27JAN2625300CE,0.1170810378277312
08-01-2026 14:40||NIFTY27JAN2625400CE,0.1152722069706941
08-01-2026 14:40||NIFTY27JAN2625500CE,0.1129337785822513
08-01-2026 14:40||NIFTY27JAN2626200CE,0.0926555447123436
08-01-2026 14:40||NIFTY27JAN2626300CE,0.0909977200185559
08-01-2026 14:45||NIFTY27JAN2624000PE,0.1696263985718515
08-01-2026 14:45||NIFTY27JAN2624700PE,0.1277125034749075
08-01-2026 14:45||NIFTY27JAN2625000PE,0.1123621967599696
08-01-2026 14:45||NIFTY27JAN2625300CE,0.1175268005559368
08-01-2026 14:45||NIFTY27JAN2625700CE,0.1031976417235894
08-01-2026 14:50||NIFTY27JAN2624100PE,0.1640684671535461
08-01-2026 14:50||NIFTY27JAN2624300PE,0.1521942652149767
08-01-2026 14:50||NIFTY27JAN2625100PE,0.1090103602288102
08-01-2026 14:50||NIFTY27JAN2625400CE,0.1154252941467787
08-01-2026 14:50||NIFTY27JAN2625500CE,0.1107535338753164
08-01-2026 14:50||NIFTY27JAN2626000CE,0.0949454878473313
08-01-2026 14:50||NIFTY27JAN2626200CE,0.0916652552624434
08-01-2026 14:55||NIFTY27JAN2626300CE,0.0898290859762195
08-01-2026 15:00||NIFTY27JAN2623900PE,0.1714270363222917
08-01-2026 15:00||NIFTY27JAN2624000PE,0.1664167096805739
08-01-2026 15:00||NIFTY27JAN2624900PE,0.1158244617965883
08-01-2026 15:00||NIFTY27JAN2625100PE,0.1082090897928398
08-01-2026 15:00||NIFTY27JAN2625200CE,0.1296908622268928
08-01-2026 15:00||NIFTY27JAN2625600CE,0.1044652454023771
08-01-2026 15:00||NIFTY27JAN2625700CE,0.1015932719064163
08-01-2026 15:00||NIFTY27JAN2626300CE,0.0903541389344618
08-01-2026 15:00||NIFTY27JAN2626400CE,0.0898973271052378
08-01-2026 15:05||NIFTY27JAN2624400PE,0.142708572848797
08-01-2026 15:05||NIFTY27JAN2624800PE,0.1191156684584139
08-01-2026 15:05||NIFTY27JAN2624900PE,0.1143325389687949
08-01-2026 15:05||NIFTY27JAN2626000CE,0.0941534406597312
08-01-2026 15:05||NIFTY27JAN2626100CE,0.0921091566048251
08-01-2026 15:05||NIFTY27JAN2626200CE,0.0918314843215515
08-01-2026 15:10||NIFTY27JAN2624000PE,0.1657652816207656
08-01-2026 15:10||NIFTY27JAN2624200PE,0.1537642353591514
08-01-2026 15:10||NIFTY27JAN2624600PE,0.1300262798307954
08-01-2026 15:10||NIFTY27JAN2625100PE,0.1076374952727969
08-01-2026 15:10||NIFTY27JAN2625700CE,0.1040424811996106
08-01-2026 15:10||NIFTY27JAN2626100CE,0.0939947256756677
08-01-2026 15:10||NIFTY27JAN2626300CE,0.092136287900601
08-01-2026 15:10||NIFTY27JAN2626500CE,0.1247910649899509
08-01-2026 15:15||NIFTY27JAN2624800PE,0.1196737220862986
08-01-2026 15:15||NIFTY27JAN2625100PE,0.1079695471984675
08-01-2026 15:15||NIFTY27JAN2625500CE,0.1091967800364772
08-01-2026 15:15||NIFTY27JAN2626100CE,0.0949806369638747
08-01-2026 15:20||NIFTY27JAN2624000PE,0.1662373148566052
08-01-2026 15:20||NIFTY27JAN2624500PE,0.136342144324561
08-01-2026 15:20||NIFTY27JAN2624800PE,0.1200103411465755
08-01-2026 15:20||NIFTY27JAN2625000PE,0.1109480884614132
08-01-2026 15:20||NIFTY27JAN2625600CE,0.1024468233882487
08-01-2026 15:20||NIFTY27JAN2626100CE,0.0951204295945313
08-01-2026 15:20||NIFTY27JAN2626400CE,0.1072937998848257
08-01-2026 15:20||NIFTY27JAN2626500CE,0.1288983574584156
08-01-2026 15:25||NIFTY27JAN2623800PE,0.1562067560362995
08-01-2026 15:25||NIFTY27JAN2624100PE,0.1600908482209092
08-01-2026 15:25||NIFTY27JAN2624300PE,0.1492285610517482
08-01-2026 15:25||NIFTY27JAN2624600PE,0.1307703042805596
08-01-2026 15:25||NIFTY27JAN2625100PE,0.1080928647311679
08-01-2026 15:25||NIFTY27JAN2625800CE,0.0964292386503231
08-01-2026 15:25||NIFTY27JAN2626100CE,0.0956224075506864
09-01-2026 09:15||NIFTY27JAN2624400PE,0.1448961167849237
09-01-2026 09:15||NIFTY27JAN2625000PE,0.1122454622416224
09-01-2026 09:15||NIFTY27JAN2625400CE,0.1087105755218832
09-01-2026 09:15||NIFTY27JAN2625500CE,0.1036682635165688
09-01-2026 09:15||NIFTY27JAN2625800CE,0.0960324462543757
09-01-2026 09:15||NIFTY27JAN2626300CE,0.0895841939319322
09-01-2026 09:20||NIFTY27JAN2624100PE,0.1596793747839678
09-01-2026 09:20||NIFTY27JAN2624200PE,0.1544485106953206
09-01-2026 09:20||NIFTY27JAN2624800PE,0.1223056247961399
09-01-2026 09:20||NIFTY27JAN2625000PE,0.1127478593241684
09-01-2026 09:20||NIFTY27JAN2625300CE,0.1188472575588358
09-01-2026 09:25||NIFTY27JAN2624100PE,0.159111349894491
09-01-2026 09:25||NIFTY27JAN2625000PE,0.1120287846544965
09-01-2026 09:25||NIFTY27JAN2625400CE,0.1090207741574722
09-01-2026 09:25||NIFTY27JAN2626100CE,0.0893408843978124
09-01-2026 09:30||NIFTY27JAN2624300PE,0.1475926363161291
09-01-2026 09:30||NIFTY27JAN2624500PE,0.1347451894288065
09-01-2026 09:30||NIFTY27JAN2624600PE,0.1293204134588813
09-01-2026 09:30||NIFTY27JAN2625300CE,0.1199507769186869
09-01-2026 09:30||NIFTY27JAN2625400CE,0.1148101873194032
09-01-2026 09:30||NIFTY27JAN2626100CE,0.0920351080351526
09-01-2026 09:30||NIFTY27JAN2626400CE,0.0910327437026749
09-01-2026 09:35||NIFTY27JAN2624800PE,0.1185440967340591
09-01-2026 09:35||NIFTY27JAN2626000CE,0.0996009673052275
09-01-2026 09:35||NIFTY27JAN2626200CE,0.0961864883448312
09-01-2026 09:40||NIFTY27JAN2625500CE,0.1253085937962121
09-01-2026 09:40||NIFTY27JAN2625600CE,0.1181133436673777
09-01-2026 09:40||NIFTY27JAN2625700CE,0.1153672541244176
09-01-2026 09:40||NIFTY27JAN2625900CE,0.1077449592844699
09-01-2026 09:45||NIFTY27JAN2624000PE,0.1637077055892163
09-01-2026 09:45||NIFTY27JAN2624300PE,0.1448594943876961
09-01-2026 09:45||NIFTY27JAN2624400PE,0.1388294297642039
09-01-2026 09:45||NIFTY27JAN2624700PE,0.1216318910604551
09-01-2026 09:45||NIFTY27JAN2624900PE,0.1118488037137395
09-01-2026 09:45||NIFTY27JAN2625600CE,0.120697427351533
09-01-2026 09:45||NIFTY27JAN2625900CE,0.10735224571776
09-01-2026 09:50||NIFTY27JAN2624100PE,0.1591385219240436
09-01-2026 09:50||NIFTY27JAN2624400PE,0.1405759305806643
09-01-2026 09:50||NIFTY27JAN2624600PE,0.1281503786855586
09-01-2026 09:50||NIFTY27JAN2624700PE,0.1222296510439024
09-01-2026 09:50||NIFTY27JAN2624900PE,0.112522853787656
09-01-2026 09:50||NIFTY27JAN2625300CE,0.1359397601391325
09-01-2026 09:50||NIFTY27JAN2625600CE,0.1188489415220809
09-01-2026 09:50||NIFTY27JAN2626000CE,0.101319613856741
09-01-2026 09:50||NIFTY27JAN2626100CE,0.098744470814247
09-01-2026 09:50||NIFTY27JAN2626400CE,0.0939991149355281
09-01-2026 09:55||NIFTY27JAN2623800PE,0.1544552466124229
09-01-2026 09:55||NIFTY27JAN2624800PE,0.1179737206412711
09-01-2026 09:55||NIFTY27JAN2624900PE,0.1133363801134764
09-01-2026 09:55||NIFTY27JAN2625000PE,0.1101989842533142
09-01-2026 09:55||NIFTY27JAN2625200CE,0.135775833104337
09-01-2026 10:00||NIFTY27JAN2624100PE,0.1601993577842728
09-01-2026 10:00||NIFTY27JAN2624300PE,0.1485034265911509
09-01-2026 10:00||NIFTY27JAN2625100PE,0.107933108647881
09-01-2026 10:00||NIFTY27JAN2625500CE,0.1166560007950232
09-01-2026 10:00||NIFTY27JAN2626100CE,0.0951620580681462
09-01-2026 10:05||NIFTY27JAN2624500PE,0.1363008768005283
09-01-2026 10:05||NIFTY27JAN2624800PE,0.1201764817398301
09-01-2026 10:05||NIFTY27JAN2625600CE,0.1105468372601167
09-01-2026 10:05||NIFTY27JAN2626100CE,0.0955165838726353
09-01-2026 10:10||NIFTY27JAN2624400PE,0.1419421084021542
09-01-2026 10:10||NIFTY27JAN2626300CE,0.0926481629901679
09-01-2026 10:10||NIFTY27JAN2626400CE,0.0916926891389357
09-01-2026 10:15||NIFTY27JAN2625100PE,0.1074596426556363
09-01-2026 10:15||NIFTY27JAN2625600CE,0.1109848703791414
09-01-2026 10:15||NIFTY27JAN2626200CE,0.0929095557563347
09-01-2026 10:15||NIFTY27JAN2626300CE,0.0921033022273643
09-01-2026 10:20||NIFTY27JAN2623900PE,0.1710885800120076
09-01-2026 10:20||NIFTY27JAN2624000PE,0.1655512237586915
09-01-2026 10:20||NIFTY27JAN2625200CE,0.1420938624181567
09-01-2026 10:20||NIFTY27JAN2625700CE,0.1104740338904404
09-01-2026 10:25||NIFTY27JAN2624200PE,0.15420020854587
09-01-2026 10:25||NIFTY27JAN2625000PE,0.1095609650773719
09-01-2026 10:25||NIFTY27JAN2625600CE,0.1136560162081531
09-01-2026 10:25||NIFTY27JAN2626200CE,0.0940745454957642
09-01-2026 10:25||NIFTY27JAN2626500CE,0.1253186917753117
09-01-2026 10:30||NIFTY27JAN2624300PE,0.1480738212228963
09-01-2026 10:30||NIFTY27JAN2624900PE,0.1150635655612695
09-01-2026 10:35||NIFTY27JAN2624300PE,0.1479077199454348
09-01-2026 10:35||NIFTY27JAN2624800PE,0.1194240779798167
09-01-2026 10:35||NIFTY27JAN2626300CE,0.0929919188901002
09-01-2026 10:40||NIFTY27JAN2624000PE,0.1658540781366738
09-01-2026 10:40||NIFTY27JAN2624700PE,0.1240218928256157
09-01-2026 10:40||NIFTY27JAN2625000PE,0.109207392319325
09-01-2026 10:40||NIFTY27JAN2625500CE,0.1132834637228583
09-01-2026 10:40||NIFTY27JAN2626000CE,0.0962475874107957
09-01-2026 10:40||NIFTY27JAN2626100CE,0.0945435344057559
09-01-2026 10:40||NIFTY27JAN2626400CE,0.1085805216829435
09-01-2026 10:40||NIFTY27JAN2626500CE,0.1303766827904469
09-01-2026 10:45||NIFTY27JAN2624400PE,0.1417066093444315
09-01-2026 10:45||NIFTY27JAN2625000PE,0.1094235165586301
09-01-2026 10:45||NIFTY27JAN2625200CE,0.1313764429266166
09-01-2026 10:45||NIFTY27JAN2625400CE,0.115537661234052
09-01-2026 10:45||NIFTY27JAN2625500CE,0.1092809735794218
09-01-2026 10:45||NIFTY27JAN2626300CE,0.0956361794945075
09-01-2026 10:50||NIFTY27JAN2624100PE,0.1597659617026215
09-01-2026 10:50||NIFTY27JAN2625800CE,0.0972378236768505
09-01-2026 10:50||NIFTY27JAN2625900CE,0.095091949883321
09-01-2026 10:50||NIFTY27JAN2626000CE,0.0933906932085873
09-01-2026 10:50||NIFTY27JAN2626400CE,0.108286850171313
09-01-2026 10:50||NIFTY27JAN2626500CE,0.130619036085161
09-01-2026 10:55||NIFTY27JAN2623800PE,0.1552770166756416
09-01-2026 10:55||NIFTY27JAN2624700PE,0.1232904251505107
09-01-2026 10:55||NIFTY27JAN2624900PE,0.1131434957564982
09-01-2026 10:55||NIFTY27JAN2626300CE,0.0929213959782731
09-01-2026 11:00||NIFTY27JAN2624900PE,0.1113423137120449
09-01-2026 11:00||NIFTY27JAN2625000PE,0.1073188508338462
09-01-2026 11:00||NIFTY27JAN2625200CE,0.131458462362244
09-01-2026 11:00||NIFTY27JAN2625700CE,0.1019508759015045
09-01-2026 11:00||NIFTY27JAN2625800CE,0.0992094406107848
09-01-2026 11:05||NIFTY27JAN2624000PE,0.1627678568964256
09-01-2026 11:05||NIFTY27JAN2624400PE,0.1386807661243438
09-01-2026 11:05||NIFTY27JAN2625100PE,0.1056666143046476
09-01-2026 11:05||NIFTY27JAN2625300CE,0.1249164184250723
09-01-2026 11:05||NIFTY27JAN2625500CE,0.1099899294179379
09-01-2026 11:05||NIFTY27JAN2625700CE,0.1017917174093158
09-01-2026 11:10||NIFTY27JAN2623900PE,0.1684002747894132
09-01-2026 11:10||NIFTY27JAN2624700PE,0.1221907113020944
09-01-2026 11:10||NIFTY27JAN2625100PE,0.1060113466767819
09-01-2026 11:10||NIFTY27JAN2625200CE,0.1257078024239717
09-01-2026 11:10||NIFTY27JAN2625500CE,0.1078089716432268
09-01-2026 11:10||NIFTY27JAN2625800CE,0.0975795735188208
09-01-2026 11:15||NIFTY27JAN2624200PE,0.1511086373147702
09-01-2026 11:15||NIFTY27JAN2624600PE,0.1272624345593982
09-01-2026 11:15||NIFTY27JAN2625700CE,0.100192184448772
09-01-2026 11:15||NIFTY27JAN2626400CE,0.0910003293134421
09-01-2026 11:20||NIFTY27JAN2625200CE,0.1276158279418688
09-01-2026 11:20||NIFTY27JAN2625500CE,0.1108497630062968
09-01-2026 11:25||NIFTY27JAN2624600PE,0.1259489534651833
09-01-2026 11:25||NIFTY27JAN2625100PE,0.1046016438977476
09-01-2026 11:25||NIFTY27JAN2625600CE,0.1064533112357016
09-01-2026 11:30||NIFTY27JAN2624000PE,0.1613459807948567
09-01-2026 11:30||NIFTY27JAN2624100PE,0.155546140126525
09-01-2026 11:30||NIFTY27JAN2624500PE,0.1313345358527885
09-01-2026 11:30||NIFTY27JAN2624600PE,0.1254793763464685
09-01-2026 11:30||NIFTY27JAN2624900PE,0.1114005523161924
09-01-2026 11:30||NIFTY27JAN2625000PE,0.1073782785684266
09-01-2026 11:30||NIFTY27JAN2625300CE,0.120212960742204
09-01-2026 11:30||NIFTY27JAN2626200CE,0.0920957938284195
09-01-2026 11:35||NIFTY27JAN2624100PE,0.1557104011260054
09-01-2026 11:35||NIFTY27JAN2624600PE,0.1254802724898595
09-01-2026 11:35||NIFTY27JAN2625200CE,0.1221273773908948
09-01-2026 11:35||NIFTY27JAN2625300CE,0.1173251961082282
09-01-2026 11:35||NIFTY27JAN2625700CE,0.0986920797031226
09-01-2026 11:35||NIFTY27JAN2625800CE,0.0956190630039601
09-01-2026 11:40||NIFTY27JAN2624600PE,0.1254094983189209
09-01-2026 11:40||NIFTY27JAN2624700PE,0.1208245992239261
09-01-2026 11:40||NIFTY27JAN2625000PE,0.1083088680750018
09-01-2026 11:40||NIFTY27JAN2625300CE,0.1171752679242255
09-01-2026 11:40||NIFTY27JAN2625800CE,0.0968869089505341
09-01-2026 11:40||NIFTY27JAN2625900CE,0.0958704416094153
09-01-2026 11:45||NIFTY27JAN2625900CE,0.0967616260343146
09-01-2026 11:45||NIFTY27JAN2626000CE,0.0949471154777718
09-01-2026 11:45||NIFTY27JAN2626200CE,0.0934304610673239
09-01-2026 11:45||NIFTY27JAN2626500CE,0.1289513897501856
09-01-2026 11:50||NIFTY27JAN2625000PE,0.1082701216746394
09-01-2026 11:50||NIFTY27JAN2625200CE,0.1215693966170025
09-01-2026 11:50||NIFTY27JAN2625400CE,0.1122905416167007
09-01-2026 11:50||NIFTY27JAN2625500CE,0.1082781211976535
09-01-2026 11:50||NIFTY27JAN2626000CE,0.0956198947071247
09-01-2026 11:50||NIFTY27JAN2626500CE,0.1292299714235897
09-01-2026 11:55||NIFTY27JAN2624200PE,0.1486495512965683
09-01-2026 11:55||NIFTY27JAN2624300PE,0.1419682085708964
09-01-2026 11:55||NIFTY27JAN2624500PE,0.1316147983321525
09-01-2026 11:55||NIFTY27JAN2624900PE,0.1117830477847269
09-01-2026 11:55||NIFTY27JAN2625400CE,0.1148053312505938
09-01-2026 11:55||NIFTY27JAN2625600CE,0.1065824036905885
09-01-2026 11:55||NIFTY27JAN2625800CE,0.1006550067886051
09-01-2026 11:55||NIFTY27JAN2626300CE,0.0939207454563505
09-01-2026 12:00||NIFTY27JAN2623800PE,0.154519964930931
09-01-2026 12:00||NIFTY27JAN2624400PE,0.137315689876188
09-01-2026 12:00||NIFTY27JAN2624800PE,0.1158999732634346
09-01-2026 12:00||NIFTY27JAN2625600CE,0.107720335221975
09-01-2026 12:00||NIFTY27JAN2625800CE,0.1011357878704905
09-01-2026 12:00||NIFTY27JAN2626300CE,0.0941448952699874
09-01-2026 12:05||NIFTY27JAN2624600PE,0.1264024569938545
09-01-2026 12:05||NIFTY27JAN2625500CE,0.1108636986480345
09-01-2026 12:05||NIFTY27JAN2626000CE,0.096023441934634
09-01-2026 12:05||NIFTY27JAN2626500CE,0.12543219139684
09-01-2026 12:10||NIFTY27JAN2624200PE,0.1480498206319336
09-01-2026 12:10||NIFTY27JAN2624300PE,0.1425259012120412
09-01-2026 12:10||NIFTY27JAN2625500CE,0.1084461117356291
09-01-2026 12:10||NIFTY27JAN2625900CE,0.0961647484042211
09-01-2026 12:10||NIFTY27JAN2626300CE,0.1020348938403203
09-01-2026 12:15||NIFTY27JAN2623800PE,0.1574280254523449
09-01-2026 12:15||NIFTY27JAN2624100PE,0.1531027270750368
09-01-2026 12:15||NIFTY27JAN2624200PE,0.1463908801002627
09-01-2026 12:15||NIFTY27JAN2624300PE,0.1417799335707845
09-01-2026 12:15||NIFTY27JAN2625400CE,0.1095969711844679
09-01-2026 12:15||NIFTY27JAN2625500CE,0.1068367593278464
09-01-2026 12:15||NIFTY27JAN2625800CE,0.0976650066388846
09-01-2026 12:15||NIFTY27JAN2625900CE,0.0958441437525211
09-01-2026 12:15||NIFTY27JAN2626200CE,0.1092420155342551
09-01-2026 12:15||NIFTY27JAN2626300CE,0.1144380760603021
09-01-2026 12:15||NIFTY27JAN2626400CE,0.1148528575858859
09-01-2026 12:15||NIFTY27JAN2626500CE,0.1296338032614968
09-01-2026 12:20||NIFTY27JAN2624000PE,0.1614604381565372
09-01-2026 12:20||NIFTY27JAN2624700PE,0.1194763605901099
09-01-2026 12:20||NIFTY27JAN2624800PE,0.1154069050379796
09-01-2026 12:20||NIFTY27JAN2625000PE,0.1069153063996152
09-01-2026 12:25||NIFTY27JAN2624200PE,0.1492382805595016
09-01-2026 12:25||NIFTY27JAN2624400PE,0.1372245617237937
09-01-2026 12:25||NIFTY27JAN2624600PE,0.1252438899547875
09-01-2026 12:25||NIFTY27JAN2625000PE,0.1071688424258739
09-01-2026 12:30||NIFTY27JAN2623800PE,0.1514284474845708
09-01-2026 12:30||NIFTY27JAN2624400PE,0.1374234531988641
09-01-2026 12:30||NIFTY27JAN2624900PE,0.1123557262678789
09-01-2026 12:30||NIFTY27JAN2626400CE,0.0948261636737384
09-01-2026 12:35||NIFTY27JAN2624100PE,0.1561623282890057
09-01-2026 12:35||NIFTY27JAN2624300PE,0.1444568865622134
09-01-2026 12:35||NIFTY27JAN2624700PE,0.1220896967190076
09-01-2026 12:35||NIFTY27JAN2624900PE,0.1136149458259595
09-01-2026 12:35||NIFTY27JAN2625700CE,0.0990551667647647
09-01-2026 12:35||NIFTY27JAN2626400CE,0.0964505189470237
09-01-2026 12:40||NIFTY27JAN2624100PE,0.1552477384699222
09-01-2026 12:40||NIFTY27JAN2625800CE,0.0979125758728665
09-01-2026 12:40||NIFTY27JAN2626100CE,0.0951306092785551
09-01-2026 12:45||NIFTY27JAN2623900PE,0.1691532530021786
09-01-2026 12:45||NIFTY27JAN2624100PE,0.153840487977725
09-01-2026 12:45||NIFTY27JAN2624200PE,0.14847663016456
09-01-2026 12:45||NIFTY27JAN2625100PE,0.1056022917357321
09-01-2026 12:45||NIFTY27JAN2625300CE,0.1112473274588918
09-01-2026 12:45||NIFTY27JAN2625800CE,0.098820354971311
09-01-2026 12:45||NIFTY27JAN2625900CE,0.0978868278019071
09-01-2026 12:45||NIFTY27JAN2626000CE,0.0969222994853234
09-01-2026 12:45||NIFTY27JAN2626400CE,0.0990778782006754
09-01-2026 12:50||NIFTY27JAN2623800PE,0.1546749866498952
09-01-2026 12:50||NIFTY27JAN2624100PE,0.1541937926121211
09-01-2026 12:50||NIFTY27JAN2625300CE,0.1150089357232724
09-01-2026 12:50||NIFTY27JAN2625500CE,0.1068557942634128
09-01-2026 12:50||NIFTY27JAN2626200CE,0.0969341327219018
09-01-2026 12:55||NIFTY27JAN2624100PE,0.1556338152285524
09-01-2026 12:55||NIFTY27JAN2624500PE,0.1312925837336791
09-01-2026 12:55||NIFTY27JAN2624800PE,0.1161261903506644
09-01-2026 12:55||NIFTY27JAN2625600CE,0.105004469722616
09-01-2026 12:55||NIFTY27JAN2625700CE,0.1024360307599363
09-01-2026 13:00||NIFTY27JAN2624200PE,0.1496835986623737
09-01-2026 13:00||NIFTY27JAN2624900PE,0.1119793364259279
09-01-2026 13:00||NIFTY27JAN2625200CE,0.1183676439920273
09-01-2026 13:00||NIFTY27JAN2625600CE,0.105028664723326
09-01-2026 13:00||NIFTY27JAN2625800CE,0.099945693422397
09-01-2026 13:00||NIFTY27JAN2626400CE,0.1047433512075385
09-01-2026 13:05||NIFTY27JAN2623900PE,0.1691863714068125
09-01-2026 13:05||NIFTY27JAN2624100PE,0.1561048312528177
09-01-2026 13:05||NIFTY27JAN2624300PE,0.1423977340865456
09-01-2026 13:05||NIFTY27JAN2624400PE,0.1371585062575659
09-01-2026 13:05||NIFTY27JAN2624700PE,0.1189522593222882
09-01-2026 13:05||NIFTY27JAN2624800PE,0.1141123955782981
09-01-2026 13:05||NIFTY27JAN2624900PE,0.1109446260141707
09-01-2026 13:05||NIFTY27JAN2625000PE,0.1080150440806613
09-01-2026 13:05||NIFTY27JAN2626000CE,0.0975605563234812
09-01-2026 13:05||NIFTY27JAN2626400CE,0.1143353209443804
09-01-2026 13:05||NIFTY27JAN2626500CE,0.1341131673009532
09-01-2026 13:10||NIFTY27JAN2624000PE,0.1615261126287544
09-01-2026 13:10||NIFTY27JAN2624100PE,0.1554846588114926
09-01-2026 13:10||NIFTY27JAN2624300PE,0.143121543295642
09-01-2026 13:10||NIFTY27JAN2625200CE,0.1209496923003548
09-01-2026 13:10||NIFTY27JAN2625900CE,0.0989752851174107
09-01-2026 13:10||NIFTY27JAN2626100CE,0.0971959506796415
09-01-2026 13:10||NIFTY27JAN2626400CE,0.10528935273066
09-01-2026 13:15||NIFTY27JAN2624100PE,0.1559687260871527
09-01-2026 13:15||NIFTY27JAN2624400PE,0.1381983029333603
09-01-2026 13:15||NIFTY27JAN2625000PE,0.1079526605972279
09-01-2026 13:15||NIFTY27JAN2625300CE,0.115852954587503
09-01-2026 13:15||NIFTY27JAN2625700CE,0.1018223563477585
09-01-2026 13:15||NIFTY27JAN2625800CE,0.0994138547205882
09-01-2026 13:15||NIFTY27JAN2625900CE,0.0984025581305998
09-01-2026 13:15||NIFTY27JAN2626100CE,0.0969888770403832
09-01-2026 13:15||NIFTY27JAN2626200CE,0.0969057124504398
09-01-2026 13:20||NIFTY27JAN2624100PE,0.1566006658423846
09-01-2026 13:20||NIFTY27JAN2625000PE,0.1080975554970834
09-01-2026 13:20||NIFTY27JAN2625200CE,0.1206311180565531
09-01-2026 13:20||NIFTY27JAN2625600CE,0.1049041951564089
09-01-2026 13:25||NIFTY27JAN2624500PE,0.1330222986796128
09-01-2026 13:25||NIFTY27JAN2625100PE,0.1067080865149772
09-01-2026 13:25||NIFTY27JAN2625300CE,0.1138906702348469
09-01-2026 13:25||NIFTY27JAN2626200CE,0.0960836695719265
09-01-2026 13:30||NIFTY27JAN2624300PE,0.1449026730259571
09-01-2026 13:30||NIFTY27JAN2624900PE,0.1131486722283564
09-01-2026 13:30||NIFTY27JAN2625900CE,0.0975860003230635
09-01-2026 13:30||NIFTY27JAN2626400CE,0.0986450446214988
09-01-2026 13:35||NIFTY27JAN2623900PE,0.1690028565744595
09-01-2026 13:35||NIFTY27JAN2624100PE,0.1565208239292431
09-01-2026 13:35||NIFTY27JAN2624400PE,0.1386502127793968
09-01-2026 13:35||NIFTY27JAN2624600PE,0.1269727356495336
09-01-2026 13:35||NIFTY27JAN2625100PE,0.1071079937522812
09-01-2026 13:35||NIFTY27JAN2625300CE,0.1111212574993313
09-01-2026 13:35||NIFTY27JAN2625400CE,0.1067797036599726
09-01-2026 13:35||NIFTY27JAN2625900CE,0.097280404226245
09-01-2026 13:35||NIFTY27JAN2626100CE,0.095757403090391
09-01-2026 13:40||NIFTY27JAN2624500PE,0.1320274864025566
09-01-2026 13:40||NIFTY27JAN2624800PE,0.1170034376535949
09-01-2026 13:40||NIFTY27JAN2625100PE,0.1068219719158715
09-01-2026 13:40||NIFTY27JAN2625300CE,0.109062102746321
09-01-2026 13:40||NIFTY27JAN2625500CE,0.1054010596446567
09-01-2026 13:40||NIFTY27JAN2626500CE,0.1286434496333997
09-01-2026 13:45||NIFTY27JAN2623900PE,0.1673432845342828
09-01-2026 13:45||NIFTY27JAN2624100PE,0.1554986470986021
09-01-2026 13:45||NIFTY27JAN2624300PE,0.14323804074179
09-01-2026 13:45||NIFTY27JAN2624400PE,0.1373724663651972
09-01-2026 13:45||NIFTY27JAN2625200CE,0.1090690314127333
09-01-2026 13:45||NIFTY27JAN2626000CE,0.0954092944204726
09-01-2026 13:50||NIFTY27JAN2623800PE,0.1520712056215569
09-01-2026 13:50||NIFTY27JAN2624600PE,0.124544647758534
09-01-2026 13:50||NIFTY27JAN2624700PE,0.1197232474198605
09-01-2026 13:50||NIFTY27JAN2625400CE,0.1102844261105342
09-01-2026 13:50||NIFTY27JAN2625800CE,0.1005229565638591
09-01-2026 13:50||NIFTY27JAN2626100CE,0.0973041972118131
09-01-2026 13:55||NIFTY27JAN2624000PE,0.1610107194043332
09-01-2026 13:55||NIFTY27JAN2625400CE,0.1110027900572355
09-01-2026 13:55||NIFTY27JAN2625500CE,0.1079937419310599
09-01-2026 13:55||NIFTY27JAN2626400CE,0.0999133163620389
09-01-2026 14:00||NIFTY27JAN2624200PE,0.146365605975442
09-01-2026 14:00||NIFTY27JAN2624300PE,0.1396770398522
09-01-2026 14:00||NIFTY27JAN2624400PE,0.1357393479423692
09-01-2026 14:00||NIFTY27JAN2625500CE,0.1075237196909809
09-01-2026 14:00||NIFTY27JAN2625800CE,0.1008219860378446
09-01-2026 14:00||NIFTY27JAN2626000CE,0.0982823394275681
09-01-2026 14:05||NIFTY27JAN2624100PE,0.1553345479816055
09-01-2026 14:05||NIFTY27JAN2624300PE,0.1402045849392761
09-01-2026 14:05||NIFTY27JAN2624400PE,0.1357720330450469
09-01-2026 14:05||NIFTY27JAN2625200CE,0.1171613305064574
09-01-2026 14:05||NIFTY27JAN2625400CE,0.1101918962281711
09-01-2026 14:10||NIFTY27JAN2624300PE,0.1421588045108011
09-01-2026 14:10||NIFTY27JAN2624700PE,0.1215602973578622
09-01-2026 14:10||NIFTY27JAN2625300CE,0.1133536859879032
09-01-2026 14:10||NIFTY27JAN2626300CE,0.113498478438507
09-01-2026 14:10||NIFTY27JAN2626400CE,0.1198439663277369
09-01-2026 14:10||NIFTY27JAN2626500CE,0.1338771871071516
09-01-2026 14:15||NIFTY27JAN2625500CE,0.1048971782893867
09-01-2026 14:20||NIFTY27JAN2624100PE,0.1545046602190997
09-01-2026 14:20||NIFTY27JAN2624300PE,0.1413109272692131
09-01-2026 14:20||NIFTY27JAN2624400PE,0.1367503015236433
09-01-2026 14:20||NIFTY27JAN2625000PE,0.1090273932771007
09-01-2026 14:20||NIFTY27JAN2625200CE,0.112059873215224
09-01-2026 14:20||NIFTY27JAN2625400CE,0.1074782639969725
09-01-2026 14:20||NIFTY27JAN2625900CE,0.0970452072387265
09-01-2026 14:25||NIFTY27JAN2624100PE,0.1523278688211493
09-01-2026 14:25||NIFTY27JAN2624200PE,0.145801751077743
09-01-2026 14:25||NIFTY27JAN2624300PE,0.1411858348309374
09-01-2026 14:25||NIFTY27JAN2625100PE,0.1057870415533409
09-01-2026 14:25||NIFTY27JAN2625300CE,0.1131531171924533
09-01-2026 14:25||NIFTY27JAN2625600CE,0.1033761573446759
09-01-2026 14:30||NIFTY27JAN2624000PE,0.1609081901860615
09-01-2026 14:30||NIFTY27JAN2624200PE,0.1463778270802244
09-01-2026 14:30||NIFTY27JAN2625900CE,0.0986118666919445
09-01-2026 14:30||NIFTY27JAN2626300CE,0.0982835208804684
09-01-2026 14:35||NIFTY27JAN2624200PE,0.1472355156053637
09-01-2026 14:35||NIFTY27JAN2624300PE,0.1413834396195976
09-01-2026 14:35||NIFTY27JAN2624600PE,0.1254432130409598
09-01-2026 14:35||NIFTY27JAN2625800CE,0.1011979555048934
09-01-2026 14:40||NIFTY27JAN2623800PE,0.1532901120456422
09-01-2026 14:40||NIFTY27JAN2625200CE,0.1189200643721291
09-01-2026 14:40||NIFTY27JAN2625600CE,0.1049009908263158
09-01-2026 14:40||NIFTY27JAN2625900CE,0.099069875996173
09-01-2026 14:40||NIFTY27JAN2626100CE,0.0973104330472659
09-01-2026 14:40||NIFTY27JAN2626400CE,0.0999312838300292
09-01-2026 14:45||NIFTY27JAN2624500PE,0.1305563792907451
09-01-2026 14:45||NIFTY27JAN2624600PE,0.1253813121648885
09-01-2026 14:45||NIFTY27JAN2625300CE,0.1155376799087374
09-01-2026 14:45||NIFTY27JAN2625600CE,0.1043357875155301
09-01-2026 14:50||NIFTY27JAN2623900PE,0.1664649665558017
09-01-2026 14:50||NIFTY27JAN2626000CE,0.0971376906321358
09-01-2026 14:50||NIFTY27JAN2626300CE,0.0976624440492276
09-01-2026 14:55||NIFTY27JAN2623900PE,0.1652947347112639
09-01-2026 14:55||NIFTY27JAN2624000PE,0.1603999560763053
09-01-2026 14:55||NIFTY27JAN2624800PE,0.1166124212679731
09-01-2026 14:55||NIFTY27JAN2625600CE,0.1040233584799117
09-01-2026 14:55||NIFTY27JAN2625900CE,0.0979638512193635
09-01-2026 15:00||NIFTY27JAN2624000PE,0.1609582861035953
09-01-2026 15:00||NIFTY27JAN2624300PE,0.142488525073772
09-01-2026 15:00||NIFTY27JAN2625400CE,0.1109830927032285
09-01-2026 15:00||NIFTY27JAN2625600CE,0.1043688081005555
09-01-2026 15:00||NIFTY27JAN2625700CE,0.1010328217105979
09-01-2026 15:00||NIFTY27JAN2625800CE,0.0990709731958256
09-01-2026 15:00||NIFTY27JAN2626500CE,0.1324262798606385
09-01-2026 15:05||NIFTY27JAN2624200PE,0.1478376594190536
09-01-2026 15:05||NIFTY27JAN2624300PE,0.141784506417829
09-01-2026 15:05||NIFTY27JAN2625000PE,0.1099147378561043
09-01-2026 15:05||NIFTY27JAN2625100PE,0.107957024959663
09-01-2026 15:05||NIFTY27JAN2625600CE,0.105549826908332
09-01-2026 15:05||NIFTY27JAN2626500CE,0.1322998291857893
09-01-2026 15:10||NIFTY27JAN2623800PE,0.1551417837859402
09-01-2026 15:10||NIFTY27JAN2624000PE,0.1618350251812734
09-01-2026 15:10||NIFTY27JAN2624600PE,0.1258982672964634
09-01-2026 15:10||NIFTY27JAN2625000PE,0.1106705019310314
09-01-2026 15:10||NIFTY27JAN2625100PE,0.108895244903149
09-01-2026 15:10||NIFTY27JAN2625200CE,0.1198973680862715
09-01-2026 15:10||NIFTY27JAN2626200CE,0.0966980010654435
09-01-2026 15:15||NIFTY27JAN2624200PE,0.1489897558795878
09-01-2026 15:15||NIFTY27JAN2624300PE,0.1433521409820466
09-01-2026 15:15||NIFTY27JAN2624500PE,0.1327015117294144
09-01-2026 15:15||NIFTY27JAN2624700PE,0.1209381872906821
09-01-2026 15:15||NIFTY27JAN2624900PE,0.113760617823771
09-01-2026 15:15||NIFTY27JAN2625200CE,0.1193432128082268
09-01-2026 15:15||NIFTY27JAN2625900CE,0.0977565848576128
09-01-2026 15:15||NIFTY27JAN2626000CE,0.0969082482185854
09-01-2026 15:20||NIFTY27JAN2623800PE,0.1531916536564146
09-01-2026 15:20||NIFTY27JAN2624700PE,0.1215039767644357
09-01-2026 15:20||NIFTY27JAN2625100PE,0.1059307210679289
09-01-2026 15:20||NIFTY27JAN2625200CE,0.1234314006663924
09-01-2026 15:20||NIFTY27JAN2625300CE,0.1181269067943542
09-01-2026 15:20||NIFTY27JAN2625600CE,0.1056752422389417
09-01-2026 15:20||NIFTY27JAN2625800CE,0.1012502618787164
09-01-2026 15:20||NIFTY27JAN2626100CE,0.0972527253820039
09-01-2026 15:25||NIFTY27JAN2624100PE,0.1591224876243392
09-01-2026 15:25||NIFTY27JAN2624200PE,0.1542144472325675
09-01-2026 15:25||NIFTY27JAN2624400PE,0.1428760740998809
09-01-2026 15:25||NIFTY27JAN2625500CE,0.1112087317486136
09-01-2026 15:25||NIFTY27JAN2626000CE,0.1006011858787656
09-01-2026 15:25||NIFTY27JAN2626100CE,0.0997444471370143
12-01-2026 09:15||NIFTY27JAN2624000PE,0.1714324479640401
12-01-2026 09:15||NIFTY27JAN2624900PE,0.1206801521825099
12-01-2026 09:15||NIFTY27JAN2625200CE,0.126699994483164
12-01-2026 09:15||NIFTY27JAN2626000CE,0.1037289067219029
12-01-2026 09:15||NIFTY27JAN2626100CE,0.1034477844261605
12-01-2026 09:20||NIFTY27JAN2624200PE,0.1618964575586979
12-01-2026 09:20||NIFTY27JAN2624600PE,0.1378952855287979
12-01-2026 09:20||NIFTY27JAN2624800PE,0.1277383636314272
12-01-2026 09:20||NIFTY27JAN2625000PE,0.1210969334269747
12-01-2026 09:20||NIFTY27JAN2625100PE,0.1186045096496344
12-01-2026 09:20||NIFTY27JAN2625200CE,0.128526668752644
12-01-2026 09:20||NIFTY27JAN2625600CE,0.1126081110074226
12-01-2026 09:20||NIFTY27JAN2625800CE,0.1071156359031008
12-01-2026 09:25||NIFTY27JAN2624700PE,0.131301412418055
12-01-2026 09:25||NIFTY27JAN2625800CE,0.1100870811899805
12-01-2026 09:25||NIFTY27JAN2626200CE,0.112901748568542
12-01-2026 09:30||NIFTY27JAN2623900PE,0.178540887286282
12-01-2026 09:30||NIFTY27JAN2624000PE,0.1728189355779809
12-01-2026 09:30||NIFTY27JAN2624400PE,0.1473572823102509
12-01-2026 09:30||NIFTY27JAN2625200CE,0.1366083720734809
12-01-2026 09:30||NIFTY27JAN2625600CE,0.121201044381116
12-01-2026 09:30||NIFTY27JAN2625800CE,0.1116721284744338
12-01-2026 09:30||NIFTY27JAN2626000CE,0.1132516420831546
12-01-2026 09:35||NIFTY27JAN2623900PE,0.1786384625135829
12-01-2026 09:35||NIFTY27JAN2624500PE,0.1397002820956849
12-01-2026 09:35||NIFTY27JAN2624600PE,0.1333400197395941
12-01-2026 09:35||NIFTY27JAN2624700PE,0.1293587891410978
12-01-2026 09:35||NIFTY27JAN2625000PE,0.1167796639551952
12-01-2026 09:35||NIFTY27JAN2625700CE,0.1150671133539288
12-01-2026 09:35||NIFTY27JAN2625800CE,0.1116339752262235
12-01-2026 09:35||NIFTY27JAN2625900CE,0.1117085426031761
12-01-2026 09:35||NIFTY27JAN2626200CE,0.1131029172013441
12-01-2026 09:35||NIFTY27JAN2626500CE,0.1448877843660362
12-01-2026 09:40||NIFTY27JAN2623900PE,0.1794443734420642
12-01-2026 09:40||NIFTY27JAN2624600PE,0.1344695105058976
12-01-2026 09:40||NIFTY27JAN2624700PE,0.1297566360595141
12-01-2026 09:40||NIFTY27JAN2625200CE,0.1381670455205682
12-01-2026 09:40||NIFTY27JAN2625400CE,0.1280687872633862
12-01-2026 09:45||NIFTY27JAN2623900PE,0.1803625658283364
12-01-2026 09:45||NIFTY27JAN2624800PE,0.1264543030628681
12-01-2026 09:45||NIFTY27JAN2625000PE,0.1164360084306419
12-01-2026 09:45||NIFTY27JAN2626400CE,0.1303237584350751
12-01-2026 09:45||NIFTY27JAN2626500CE,0.1490047981493152
12-01-2026 09:50||NIFTY27JAN2625000PE,0.1175858979304156
12-01-2026 09:50||NIFTY27JAN2625400CE,0.1286729474836632
12-01-2026 09:50||NIFTY27JAN2625900CE,0.1136411020401341
12-01-2026 09:50||NIFTY27JAN2626000CE,0.1117029811412319
12-01-2026 09:55||NIFTY27JAN2623800PE,0.1674501674782926
12-01-2026 09:55||NIFTY27JAN2625000PE,0.1187495225121731
12-01-2026 09:55||NIFTY27JAN2625100PE,0.1166391917815178
12-01-2026 09:55||NIFTY27JAN2625400CE,0.1254091667543401
12-01-2026 09:55||NIFTY27JAN2625700CE,0.1127380591727022
12-01-2026 09:55||NIFTY27JAN2625900CE,0.1119770660533524
12-01-2026 09:55||NIFTY27JAN2626200CE,0.109896347653127
12-01-2026 09:55||NIFTY27JAN2626400CE,0.1152566570617062
12-01-2026 10:00||NIFTY27JAN2624800PE,0.1263715014528829
12-01-2026 10:00||NIFTY27JAN2625200CE,0.1309841962988759
12-01-2026 10:00||NIFTY27JAN2625700CE,0.1148610991400845
12-01-2026 10:00||NIFTY27JAN2626100CE,0.1101027862744191
12-01-2026 10:00||NIFTY27JAN2626200CE,0.1107684771675288
12-01-2026 10:05||NIFTY27JAN2623900PE,0.1802619506248898
12-01-2026 10:05||NIFTY27JAN2624300PE,0.1552800931623446
12-01-2026 10:05||NIFTY27JAN2624600PE,0.1348494389424558
12-01-2026 10:05||NIFTY27JAN2624700PE,0.1292701796416169
12-01-2026 10:05||NIFTY27JAN2624800PE,0.1258004083037427
12-01-2026 10:05||NIFTY27JAN2625100PE,0.1136674140144334
12-01-2026 10:10||NIFTY27JAN2624000PE,0.1731629481619264
12-01-2026 10:10||NIFTY27JAN2624100PE,0.1674899282867427
12-01-2026 10:10||NIFTY27JAN2624900PE,0.1213788790940928
12-01-2026 10:10||NIFTY27JAN2625600CE,0.1180462847883136
12-01-2026 10:10||NIFTY27JAN2626300CE,0.1151642227417078
12-01-2026 10:10||NIFTY27JAN2626400CE,0.1206849829344758
12-01-2026 10:15||NIFTY27JAN2623800PE,0.1737247260116416
12-01-2026 10:15||NIFTY27JAN2624500PE,0.1427059224426495
12-01-2026 10:15||NIFTY27JAN2624800PE,0.1243001478700073
12-01-2026 10:15||NIFTY27JAN2625000PE,0.1177294878457906
12-01-2026 10:15||NIFTY27JAN2625100PE,0.1153363709107476
12-01-2026 10:15||NIFTY27JAN2626200CE,0.1117052830319091
12-01-2026 10:15||NIFTY27JAN2626400CE,0.1302132637996649
12-01-2026 10:15||NIFTY27JAN2626500CE,0.1511255919083583
12-01-2026 10:20||NIFTY27JAN2624200PE,0.1612628526546186
12-01-2026 10:20||NIFTY27JAN2624800PE,0.1239889019886086
12-01-2026 10:20||NIFTY27JAN2624900PE,0.1194674244736064
12-01-2026 10:20||NIFTY27JAN2625200CE,0.141409129335239
12-01-2026 10:20||NIFTY27JAN2626500CE,0.1492101277927905
12-01-2026 10:25||NIFTY27JAN2623800PE,0.1700111027484432
12-01-2026 10:25||NIFTY27JAN2624300PE,0.1548225108573532
12-01-2026 10:25||NIFTY27JAN2624400PE,0.1491032992323019
12-01-2026 10:25||NIFTY27JAN2624900PE,0.1205544195166448
12-01-2026 10:25||NIFTY27JAN2625200CE,0.1391415222780232
12-01-2026 10:25||NIFTY27JAN2625800CE,0.1107667340024971
12-01-2026 10:25||NIFTY27JAN2625900CE,0.1086547628244588
12-01-2026 10:25||NIFTY27JAN2626000CE,0.1081977291685747
12-01-2026 10:30||NIFTY27JAN2624500PE,0.1432561556329891
12-01-2026 10:30||NIFTY27JAN2625200CE,0.1351163287261465
12-01-2026 10:30||NIFTY27JAN2625800CE,0.1098367928496587
12-01-2026 10:30||NIFTY27JAN2626200CE,0.109527791010168
12-01-2026 10:35||NIFTY27JAN2624600PE,0.1374124117580248
12-01-2026 10:35||NIFTY27JAN2625400CE,0.1220448522816154
12-01-2026 10:35||NIFTY27JAN2625700CE,0.1117935691745174
12-01-2026 10:35||NIFTY27JAN2626400CE,0.114075663326037
12-01-2026 10:40||NIFTY27JAN2625000PE,0.1178961426837155
12-01-2026 10:40||NIFTY27JAN2625100PE,0.1144143091407166
12-01-2026 10:40||NIFTY27JAN2625300CE,0.1281771089741622
12-01-2026 10:40||NIFTY27JAN2625400CE,0.1231780470582691
12-01-2026 10:40||NIFTY27JAN2625500CE,0.1197858188694167
12-01-2026 10:40||NIFTY27JAN2626400CE,0.1146072146241599
12-01-2026 10:45||NIFTY27JAN2624400PE,0.1494475088233725
12-01-2026 10:45||NIFTY27JAN2625000PE,0.1166587916488593
12-01-2026 10:45||NIFTY27JAN2626000CE,0.1075184548680975
12-01-2026 10:45||NIFTY27JAN2626200CE,0.1094897975696655
12-01-2026 10:45||NIFTY27JAN2626300CE,0.1111244765048596
12-01-2026 10:50||NIFTY27JAN2623900PE,0.1811764964706472
12-01-2026 10:50||NIFTY27JAN2624900PE,0.1205224578286558
12-01-2026 10:50||NIFTY27JAN2625500CE,0.1171653962556751
12-01-2026 10:50||NIFTY27JAN2625600CE,0.1145732242990672
12-01-2026 10:50||NIFTY27JAN2626200CE,0.1083259942259276
12-01-2026 10:55||NIFTY27JAN2624000PE,0.1744545212546513
12-01-2026 10:55||NIFTY27JAN2624300PE,0.1543565285880753
12-01-2026 10:55||NIFTY27JAN2624400PE,0.1482366159869211
12-01-2026 10:55||NIFTY27JAN2624900PE,0.1192508971483494
12-01-2026 10:55||NIFTY27JAN2625100PE,0.115005783088533
12-01-2026 10:55||NIFTY27JAN2625500CE,0.1169365386812338
12-01-2026 10:55||NIFTY27JAN2626200CE,0.108778159489661
12-01-2026 10:55||NIFTY27JAN2626400CE,0.113427756349613
12-01-2026 11:00||NIFTY27JAN2623800PE,0.1667925915888247
12-01-2026 11:00||NIFTY27JAN2624000PE,0.1732902098214515
12-01-2026 11:00||NIFTY27JAN2624500PE,0.1415448472061102
12-01-2026 11:00||NIFTY27JAN2624800PE,0.1228703195924389
12-01-2026 11:00||NIFTY27JAN2624900PE,0.1177888983514976
12-01-2026 11:00||NIFTY27JAN2625000PE,0.1151091672770368
12-01-2026 11:00||NIFTY27JAN2625200CE,0.1288608779021533
12-01-2026 11:00||NIFTY27JAN2625400CE,0.1220803413463116
12-01-2026 11:00||NIFTY27JAN2625600CE,0.1140335708964936
12-01-2026 11:00||NIFTY27JAN2626000CE,0.1084274609253844
12-01-2026 11:00||NIFTY27JAN2626300CE,0.1121039789264016
12-01-2026 11:05||NIFTY27JAN2624100PE,0.1666709049024782
12-01-2026 11:05||NIFTY27JAN2624700PE,0.1296566599103
12-01-2026 11:05||NIFTY27JAN2625200CE,0.1279229713640877
12-01-2026 11:05||NIFTY27JAN2625500CE,0.1168324577324048
12-01-2026 11:05||NIFTY27JAN2625600CE,0.113368193751677
12-01-2026 11:05||NIFTY27JAN2625700CE,0.111881676827781
12-01-2026 11:10||NIFTY27JAN2624400PE,0.1461025328933709
12-01-2026 11:10||NIFTY27JAN2624500PE,0.1404669701334664
12-01-2026 11:10||NIFTY27JAN2625200CE,0.1258254753251275
12-01-2026 11:10||NIFTY27JAN2625800CE,0.1098049437194413
12-01-2026 11:10||NIFTY27JAN2626000CE,0.1078488760349286
12-01-2026 11:15||NIFTY27JAN2625400CE,0.1189640780191543
12-01-2026 11:15||NIFTY27JAN2625700CE,0.1113779948339154
12-01-2026 11:15||NIFTY27JAN2625800CE,0.1097887626813719
12-01-2026 11:20||NIFTY27JAN2624800PE,0.1233053514263905
12-01-2026 11:20||NIFTY27JAN2626400CE,0.1169624758892408
12-01-2026 11:25||NIFTY27JAN2623800PE,0.1641174996842624
12-01-2026 11:25||NIFTY27JAN2624200PE,0.1560166231606173
12-01-2026 11:25||NIFTY27JAN2624300PE,0.1503788704480659
12-01-2026 11:25||NIFTY27JAN2624700PE,0.1282772197547714
12-01-2026 11:25||NIFTY27JAN2625400CE,0.1191131484826894
12-01-2026 11:30||NIFTY27JAN2623900PE,0.1738395927873275
12-01-2026 11:30||NIFTY27JAN2624000PE,0.1686239817743
12-01-2026 11:35||NIFTY27JAN2624200PE,0.1566582936671086
12-01-2026 11:35||NIFTY27JAN2624400PE,0.1442207863071753
12-01-2026 11:35||NIFTY27JAN2624700PE,0.1285193813296551
12-01-2026 11:35||NIFTY27JAN2624900PE,0.1193832031467063
12-01-2026 11:35||NIFTY27JAN2625300CE,0.1223090785712348
12-01-2026 11:35||NIFTY27JAN2625600CE,0.1144764937638403
12-01-2026 11:35||NIFTY27JAN2625800CE,0.1110780990117313
12-01-2026 11:40||NIFTY27JAN2624300PE,0.1484690996018732
12-01-2026 11:40||NIFTY27JAN2624400PE,0.1429832328938403
12-01-2026 11:40||NIFTY27JAN2625000PE,0.1141159386387416
12-01-2026 11:40||NIFTY27JAN2625200CE,0.1297501309239601
12-01-2026 11:40||NIFTY27JAN2625300CE,0.1250122504755146
12-01-2026 11:50||NIFTY27JAN2624700PE,0.1267342827409623
12-01-2026 11:50||NIFTY27JAN2625600CE,0.1168743860853193
12-01-2026 11:50||NIFTY27JAN2625800CE,0.1129225016051333
12-01-2026 11:50||NIFTY27JAN2625900CE,0.111989086567987
12-01-2026 11:55||NIFTY27JAN2624000PE,0.1688332452834431
12-01-2026 11:55||NIFTY27JAN2624900PE,0.1178616957126567
12-01-2026 11:55||NIFTY27JAN2625100PE,0.1135029243001368
12-01-2026 11:55||NIFTY27JAN2625700CE,0.1131591824655992
12-01-2026 11:55||NIFTY27JAN2626000CE,0.1103418106388746
12-01-2026 11:55||NIFTY27JAN2626500CE,0.14416085572526
12-01-2026 12:00||NIFTY27JAN2624100PE,0.1621628180943479
12-01-2026 12:00||NIFTY27JAN2624900PE,0.1168065961191979
12-01-2026 12:00||NIFTY27JAN2625100PE,0.1129310361431908
12-01-2026 12:00||NIFTY27JAN2625900CE,0.1102527126450702
12-01-2026 12:05||NIFTY27JAN2624000PE,0.1687886514737426
12-01-2026 12:05||NIFTY27JAN2624900PE,0.1152439357255051
12-01-2026 12:05||NIFTY27JAN2625500CE,0.1222602685017155
12-01-2026 12:05||NIFTY27JAN2625800CE,0.1125054648365492
12-01-2026 12:05||NIFTY27JAN2626000CE,0.1119890829803025
12-01-2026 12:10||NIFTY27JAN2623800PE,0.1651983762842577
12-01-2026 12:10||NIFTY27JAN2624200PE,0.1561344422807597
12-01-2026 12:10||NIFTY27JAN2624700PE,0.1241335235390723
12-01-2026 12:10||NIFTY27JAN2624800PE,0.1190583250853859
12-01-2026 12:10||NIFTY27JAN2625000PE,0.1105799598534742
12-01-2026 12:10||NIFTY27JAN2625800CE,0.1157865449742276
12-01-2026 12:15||NIFTY27JAN2625100PE,0.1091918490089558
12-01-2026 12:15||NIFTY27JAN2625900CE,0.1162215331853881
12-01-2026 12:15||NIFTY27JAN2626200CE,0.1145906825778684
12-01-2026 12:20||NIFTY27JAN2624400PE,0.148280380726376
12-01-2026 12:20||NIFTY27JAN2624700PE,0.1298962180796162
12-01-2026 12:20||NIFTY27JAN2625100PE,0.112852290507787
12-01-2026 12:20||NIFTY27JAN2625300CE,0.136192601806198
12-01-2026 12:20||NIFTY27JAN2625500CE,0.1279108957543708
12-01-2026 12:20||NIFTY27JAN2626400CE,0.1159636485590804
12-01-2026 12:25||NIFTY27JAN2624800PE,0.1273187533869619
12-01-2026 12:25||NIFTY27JAN2625200CE,0.1481555811749825
12-01-2026 12:25||NIFTY27JAN2626300CE,0.1144455197087601
12-01-2026 12:30||NIFTY27JAN2623800PE,0.173284577684137
12-01-2026 12:30||NIFTY27JAN2624800PE,0.1291287569260696
12-01-2026 12:30||NIFTY27JAN2624900PE,0.1241098078362003
12-01-2026 12:30||NIFTY27JAN2625500CE,0.1267637486576823
12-01-2026 12:30||NIFTY27JAN2625700CE,0.1186774637188969
12-01-2026 12:30||NIFTY27JAN2626500CE,0.1423936621941778
12-01-2026 12:35||NIFTY27JAN2624300PE,0.158482248522022
12-01-2026 12:35||NIFTY27JAN2624600PE,0.1411823493878966
12-01-2026 12:35||NIFTY27JAN2624900PE,0.1251984528437956
12-01-2026 12:35||NIFTY27JAN2625100PE,0.116541075644169
12-01-2026 12:35||NIFTY27JAN2626000CE,0.1157224784751553
12-01-2026 12:35||NIFTY27JAN2626300CE,0.1147065378872333
12-01-2026 12:40||NIFTY27JAN2624300PE,0.1571709187990226
12-01-2026 12:40||NIFTY27JAN2624400PE,0.1519355915521365
12-01-2026 12:40||NIFTY27JAN2624500PE,0.1474138240761489
12-01-2026 12:40||NIFTY27JAN2625000PE,0.1214644209679434
12-01-2026 12:40||NIFTY27JAN2625300CE,0.1331064879973593
12-01-2026 12:40||NIFTY27JAN2625500CE,0.1263806408648992
12-01-2026 12:40||NIFTY27JAN2626000CE,0.116774245096506
12-01-2026 12:40||NIFTY27JAN2626200CE,0.1131387601420114
12-01-2026 12:45||NIFTY27JAN2624300PE,0.1606538673697229
12-01-2026 12:45||NIFTY27JAN2624500PE,0.1493923070691235
12-01-2026 12:45||NIFTY27JAN2624800PE,0.1324180728253029
12-01-2026 12:45||NIFTY27JAN2625000PE,0.1237141766145835
12-01-2026 12:45||NIFTY27JAN2625300CE,0.1305547364576885
12-01-2026 12:45||NIFTY27JAN2625700CE,0.1216671984243
12-01-2026 12:45||NIFTY27JAN2625800CE,0.1190339047538651
12-01-2026 12:45||NIFTY27JAN2626000CE,0.1146764563817968
12-01-2026 12:45||NIFTY27JAN2626200CE,0.1120066684028285
12-01-2026 12:45||NIFTY27JAN2626400CE,0.1151845783220161
12-01-2026 12:50||NIFTY27JAN2624500PE,0.1491123209755577
12-01-2026 12:50||NIFTY27JAN2625300CE,0.1330742395822696
12-01-2026 12:50||NIFTY27JAN2625800CE,0.1175176599868704
12-01-2026 12:55||NIFTY27JAN2624500PE,0.1466063310187539
12-01-2026 12:55||NIFTY27JAN2624600PE,0.1405440714209037
12-01-2026 12:55||NIFTY27JAN2624700PE,0.1369284975890222
12-01-2026 12:55||NIFTY27JAN2625000PE,0.1233383418681688
12-01-2026 12:55||NIFTY27JAN2625400CE,0.130143539373561
12-01-2026 12:55||NIFTY27JAN2625900CE,0.1151064802618721
12-01-2026 12:55||NIFTY27JAN2626200CE,0.1126574067266458
12-01-2026 13:00||NIFTY27JAN2624200PE,0.1669778959135043
12-01-2026 13:00||NIFTY27JAN2624500PE,0.1464543513299135
12-01-2026 13:00||NIFTY27JAN2624600PE,0.1406702067238845
12-01-2026 13:00||NIFTY27JAN2625500CE,0.1257782807332495
12-01-2026 13:00||NIFTY27JAN2626000CE,0.1138802743948184
12-01-2026 13:00||NIFTY27JAN2626100CE,0.1130037838327365
12-01-2026 13:00||NIFTY27JAN2626300CE,0.1131684085157897
12-01-2026 13:00||NIFTY27JAN2626500CE,0.1443988383163993
12-01-2026 13:05||NIFTY27JAN2623900PE,0.1851149679447214
12-01-2026 13:05||NIFTY27JAN2624200PE,0.166962059913557
12-01-2026 13:05||NIFTY27JAN2624500PE,0.1481039433014076
12-01-2026 13:05||NIFTY27JAN2624900PE,0.1270135600624282
12-01-2026 13:05||NIFTY27JAN2625300CE,0.1365803762755747
12-01-2026 13:05||NIFTY27JAN2625500CE,0.1273407707506306
12-01-2026 13:05||NIFTY27JAN2626400CE,0.1167459463738809
12-01-2026 13:10||NIFTY27JAN2624700PE,0.1356066034577745
12-01-2026 13:10||NIFTY27JAN2624800PE,0.1310003157461245
12-01-2026 13:10||NIFTY27JAN2626400CE,0.1134454784123663
12-01-2026 13:15||NIFTY27JAN2623800PE,0.1706224858524788
12-01-2026 13:15||NIFTY27JAN2624500PE,0.1497282582620123
12-01-2026 13:15||NIFTY27JAN2624700PE,0.1360477192178399
12-01-2026 13:15||NIFTY27JAN2624800PE,0.1315495355238199
12-01-2026 13:15||NIFTY27JAN2625100PE,0.1202070550413322
12-01-2026 13:15||NIFTY27JAN2625500CE,0.1221378320474848
12-01-2026 13:15||NIFTY27JAN2625800CE,0.1132065926137556
12-01-2026 13:15||NIFTY27JAN2626100CE,0.1096594083492703
12-01-2026 13:15||NIFTY27JAN2626300CE,0.1108015368501397
12-01-2026 13:15||NIFTY27JAN2626400CE,0.1142676779356672
12-01-2026 13:20||NIFTY27JAN2624200PE,0.1657994768580084
12-01-2026 13:20||NIFTY27JAN2624300PE,0.1599972976539764
12-01-2026 13:20||NIFTY27JAN2625000PE,0.1240369648132256
12-01-2026 13:20||NIFTY27JAN2625200CE,0.1258723053444708
12-01-2026 13:20||NIFTY27JAN2625500CE,0.1219311063452745
12-01-2026 13:20||NIFTY27JAN2626200CE,0.1088552455529114
12-01-2026 13:20||NIFTY27JAN2626500CE,0.1487741411778207
12-01-2026 13:25||NIFTY27JAN2624300PE,0.1598757524653118
12-01-2026 13:25||NIFTY27JAN2624500PE,0.1473311071693401
12-01-2026 13:25||NIFTY27JAN2624600PE,0.1417556255607003
12-01-2026 13:25||NIFTY27JAN2624800PE,0.132259660701655
12-01-2026 13:25||NIFTY27JAN2625500CE,0.1208633568157876
12-01-2026 13:25||NIFTY27JAN2625800CE,0.1151289246984779
12-01-2026 13:25||NIFTY27JAN2626000CE,0.1123366757530447
12-01-2026 13:25||NIFTY27JAN2626400CE,0.1314300815527281
12-01-2026 13:25||NIFTY27JAN2626500CE,0.1533682451843243
12-01-2026 13:30||NIFTY27JAN2623900PE,0.1842279012408796
12-01-2026 13:30||NIFTY27JAN2624400PE,0.154672680891663
12-01-2026 13:30||NIFTY27JAN2624800PE,0.1311462778944896
12-01-2026 13:30||NIFTY27JAN2624900PE,0.1270379174761695
12-01-2026 13:30||NIFTY27JAN2625100PE,0.1206093584317079
12-01-2026 13:30||NIFTY27JAN2625300CE,0.1351104304987909
12-01-2026 13:30||NIFTY27JAN2625500CE,0.1216723247694805
12-01-2026 13:30||NIFTY27JAN2625600CE,0.1160739616242882
12-01-2026 13:30||NIFTY27JAN2625700CE,0.1162038959532252
12-01-2026 13:35||NIFTY27JAN2624700PE,0.1375673491081261
12-01-2026 13:35||NIFTY27JAN2624900PE,0.1279000216208846
12-01-2026 13:35||NIFTY27JAN2625500CE,0.1189771184546284
12-01-2026 13:35||NIFTY27JAN2625600CE,0.1154123641774006
12-01-2026 13:35||NIFTY27JAN2625900CE,0.1130526960887046
12-01-2026 13:40||NIFTY27JAN2623900PE,0.182967415554737
12-01-2026 13:40||NIFTY27JAN2624000PE,0.1779742242996635
12-01-2026 13:40||NIFTY27JAN2624100PE,0.1738752809510613
12-01-2026 13:40||NIFTY27JAN2624800PE,0.1325227038126331
12-01-2026 13:40||NIFTY27JAN2624900PE,0.1282841228285507
12-01-2026 13:40||NIFTY27JAN2625200CE,0.1313538765652267
12-01-2026 13:40||NIFTY27JAN2625400CE,0.1235273200541433
12-01-2026 13:40||NIFTY27JAN2626100CE,0.1076149600388954
12-01-2026 13:40||NIFTY27JAN2626200CE,0.107518309134344
12-01-2026 13:45||NIFTY27JAN2623800PE,0.1681874666229826
12-01-2026 13:45||NIFTY27JAN2623900PE,0.1838884886555279
12-01-2026 13:45||NIFTY27JAN2624600PE,0.1440040827245825
12-01-2026 13:45||NIFTY27JAN2625100PE,0.1206612506501422
12-01-2026 13:50||NIFTY27JAN2624200PE,0.1687211996433864
12-01-2026 13:50||NIFTY27JAN2625200CE,0.1374610677991144
12-01-2026 13:50||NIFTY27JAN2625300CE,0.1297964353366851
12-01-2026 13:50||NIFTY27JAN2625400CE,0.1266715752292216
12-01-2026 13:50||NIFTY27JAN2626200CE,0.1082586942019074
12-01-2026 13:55||NIFTY27JAN2623800PE,0.1708175880218753
12-01-2026 13:55||NIFTY27JAN2624000PE,0.1798813934830755
12-01-2026 13:55||NIFTY27JAN2624100PE,0.174475294676426
12-01-2026 13:55||NIFTY27JAN2624700PE,0.1388015388913804
12-01-2026 13:55||NIFTY27JAN2624900PE,0.1286030207120997
12-01-2026 13:55||NIFTY27JAN2626100CE,0.1079889757976901
12-01-2026 13:55||NIFTY27JAN2626400CE,0.1101224970554394
12-01-2026 14:00||NIFTY27JAN2624000PE,0.1804527442068825
12-01-2026 14:00||NIFTY27JAN2624400PE,0.1544859051007571
12-01-2026 14:00||NIFTY27JAN2624500PE,0.1481930372281575
12-01-2026 14:00||NIFTY27JAN2624600PE,0.1433256431915216
12-01-2026 14:00||NIFTY27JAN2625000PE,0.1232259898512806
12-01-2026 14:00||NIFTY27JAN2625400CE,0.1240637475610497
12-01-2026 14:00||NIFTY27JAN2625600CE,0.1184100677446244
12-01-2026 14:00||NIFTY27JAN2625700CE,0.1148941497039358
12-01-2026 14:00||NIFTY27JAN2626300CE,0.1112021316933427
12-01-2026 14:00||NIFTY27JAN2626400CE,0.1169099688428976
12-01-2026 14:05||NIFTY27JAN2624400PE,0.1557895548902503
12-01-2026 14:05||NIFTY27JAN2624600PE,0.1432719082899303
12-01-2026 14:05||NIFTY27JAN2624800PE,0.1330677118690104
12-01-2026 14:05||NIFTY27JAN2625800CE,0.1116575650071892
12-01-2026 14:05||NIFTY27JAN2626000CE,0.1084622980890943
12-01-2026 14:05||NIFTY27JAN2626200CE,0.1075822347006519
12-01-2026 14:05||NIFTY27JAN2626400CE,0.1263774341134513
12-01-2026 14:05||NIFTY27JAN2626500CE,0.1477786131766896
12-01-2026 14:10||NIFTY27JAN2624100PE,0.1746597244067345
12-01-2026 14:10||NIFTY27JAN2624600PE,0.1440754255573519
12-01-2026 14:10||NIFTY27JAN2624800PE,0.1330294063912624
12-01-2026 14:10||NIFTY27JAN2625200CE,0.1370753010373014
12-01-2026 14:10||NIFTY27JAN2625500CE,0.1204875738480688
12-01-2026 14:10||NIFTY27JAN2626400CE,0.1158326071469829
12-01-2026 14:15||NIFTY27JAN2624100PE,0.1735209300611337
12-01-2026 14:15||NIFTY27JAN2624200PE,0.168009796231537
12-01-2026 14:15||NIFTY27JAN2624900PE,0.1274174243129159
12-01-2026 14:15||NIFTY27JAN2625800CE,0.1129519803599216
12-01-2026 14:20||NIFTY27JAN2624400PE,0.1533483274099124
12-01-2026 14:20||NIFTY27JAN2624500PE,0.1467789133250023
12-01-2026 14:20||NIFTY27JAN2624600PE,0.1426093840378154
12-01-2026 14:20||NIFTY27JAN2625000PE,0.1220503987027065
12-01-2026 14:20||NIFTY27JAN2625200CE,0.1392854748624789
12-01-2026 14:20||NIFTY27JAN2625700CE,0.1176965569021084
12-01-2026 14:20||NIFTY27JAN2626200CE,0.1089444304195902
12-01-2026 14:20||NIFTY27JAN2626500CE,0.1470981411534624
12-01-2026 14:25||NIFTY27JAN2623900PE,0.1862385639494699
12-01-2026 14:25||NIFTY27JAN2624200PE,0.1689314773353473
12-01-2026 14:25||NIFTY27JAN2624500PE,0.1485844529875079
12-01-2026 14:25||NIFTY27JAN2624600PE,0.1437447497685682
12-01-2026 14:25||NIFTY27JAN2626300CE,0.1077091084199919
12-01-2026 14:25||NIFTY27JAN2626500CE,0.1463724826175125
12-01-2026 14:30||NIFTY27JAN2623900PE,0.1857493874509173
12-01-2026 14:30||NIFTY27JAN2624200PE,0.1684726379119694
12-01-2026 14:30||NIFTY27JAN2625200CE,0.138109299512783
12-01-2026 14:30||NIFTY27JAN2625700CE,0.1147219634557917
12-01-2026 14:30||NIFTY27JAN2626200CE,0.1071644923265622
12-01-2026 14:35||NIFTY27JAN2624500PE,0.1498693541718936
12-01-2026 14:35||NIFTY27JAN2625100PE,0.1208620449948299
12-01-2026 14:35||NIFTY27JAN2625900CE,0.1103461295705129
12-01-2026 14:35||NIFTY27JAN2626000CE,0.1081992818097294
12-01-2026 14:35||NIFTY27JAN2626100CE,0.1081496673129007
12-01-2026 14:35||NIFTY27JAN2626400CE,0.1254345210608733
12-01-2026 14:35||NIFTY27JAN2626500CE,0.1464420698804075
12-01-2026 14:40||NIFTY27JAN2624100PE,0.1749898558092661
12-01-2026 14:40||NIFTY27JAN2624300PE,0.1625577889621808
12-01-2026 14:40||NIFTY27JAN2624500PE,0.1504081043939175
12-01-2026 14:40||NIFTY27JAN2625100PE,0.1212014190309938
12-01-2026 14:40||NIFTY27JAN2625300CE,0.1378308009585768
12-01-2026 14:40||NIFTY27JAN2625600CE,0.1206473353598693
12-01-2026 14:40||NIFTY27JAN2626400CE,0.1179728681576771
12-01-2026 14:45||NIFTY27JAN2624000PE,0.181704464996539
12-01-2026 14:45||NIFTY27JAN2624600PE,0.145143907465735
12-01-2026 14:45||NIFTY27JAN2625000PE,0.1239494107545588
12-01-2026 14:45||NIFTY27JAN2625300CE,0.1337839142394195
12-01-2026 14:45||NIFTY27JAN2625500CE,0.1209745239649358
12-01-2026 14:45||NIFTY27JAN2626000CE,0.108588542342939
12-01-2026 14:45||NIFTY27JAN2626100CE,0.1076143273901608
12-01-2026 14:45||NIFTY27JAN2626200CE,0.1069281647466408
12-01-2026 14:45||NIFTY27JAN2626500CE,0.141929190981857
12-01-2026 14:50||NIFTY27JAN2624000PE,0.1821012813019814
12-01-2026 14:50||NIFTY27JAN2624400PE,0.1572025916580351
12-01-2026 14:50||NIFTY27JAN2624800PE,0.1333664134144181
12-01-2026 14:50||NIFTY27JAN2625100PE,0.1209360183062764
12-01-2026 14:50||NIFTY27JAN2625600CE,0.1188310138223321
12-01-2026 14:50||NIFTY27JAN2626000CE,0.1091680105232522
12-01-2026 14:50||NIFTY27JAN2626300CE,0.1072585494888195
12-01-2026 14:50||NIFTY27JAN2626400CE,0.1104803774867183
12-01-2026 14:55||NIFTY27JAN2624300PE,0.1628946322218525
12-01-2026 14:55||NIFTY27JAN2624500PE,0.1508965702668417
12-01-2026 14:55||NIFTY27JAN2624700PE,0.1380431450527566
12-01-2026 14:55||NIFTY27JAN2624900PE,0.127976582506155
12-01-2026 14:55||NIFTY27JAN2625100PE,0.1207824941992755
12-01-2026 14:55||NIFTY27JAN2626200CE,0.1068920276052611
12-01-2026 15:00||NIFTY27JAN2623800PE,0.1691414765998025
12-01-2026 15:00||NIFTY27JAN2623900PE,0.1871064840455939
12-01-2026 15:00||NIFTY27JAN2624300PE,0.1624751066942584
12-01-2026 15:00||NIFTY27JAN2624700PE,0.1377989345011637
12-01-2026 15:00||NIFTY27JAN2624800PE,0.1325866214994266
12-01-2026 15:00||NIFTY27JAN2626000CE,0.1077236557296814
12-01-2026 15:00||NIFTY27JAN2626100CE,0.1065028394420549
12-01-2026 15:05||NIFTY27JAN2623800PE,0.1695250598700202
12-01-2026 15:05||NIFTY27JAN2624200PE,0.1688717956102823
12-01-2026 15:05||NIFTY27JAN2624300PE,0.1627027534443197
12-01-2026 15:05||NIFTY27JAN2624900PE,0.1287416484699131
12-01-2026 15:05||NIFTY27JAN2625900CE,0.1077896955584629
12-01-2026 15:05||NIFTY27JAN2626200CE,0.105100321081518
12-01-2026 15:10||NIFTY27JAN2624000PE,0.1827852302842053
12-01-2026 15:10||NIFTY27JAN2624500PE,0.1505462014448955
12-01-2026 15:10||NIFTY27JAN2624600PE,0.1447289300852807
12-01-2026 15:10||NIFTY27JAN2625200CE,0.1348090721777796
12-01-2026 15:10||NIFTY27JAN2625600CE,0.1141362274948012
12-01-2026 15:10||NIFTY27JAN2625900CE,0.1072909975684495
12-01-2026 15:10||NIFTY27JAN2626200CE,0.1048424495560708
12-01-2026 15:10||NIFTY27JAN2626300CE,0.1051974406574272
12-01-2026 15:10||NIFTY27JAN2626400CE,0.105659288710976
12-01-2026 15:15||NIFTY27JAN2623900PE,0.1883851165921946
12-01-2026 15:15||NIFTY27JAN2624000PE,0.1830896223687478
12-01-2026 15:15||NIFTY27JAN2624500PE,0.1511529206120016
12-01-2026 15:15||NIFTY27JAN2624900PE,0.1288812726640582
12-01-2026 15:15||NIFTY27JAN2625200CE,0.1402506697366119
12-01-2026 15:15||NIFTY27JAN2625400CE,0.1246302100052798
12-01-2026 15:15||NIFTY27JAN2625500CE,0.1194781287856862
12-01-2026 15:20||NIFTY27JAN2624100PE,0.1778231152850694
12-01-2026 15:20||NIFTY27JAN2624200PE,0.1716660807111379
12-01-2026 15:20||NIFTY27JAN2624400PE,0.1586459941013564
12-01-2026 15:20||NIFTY27JAN2624500PE,0.1522692093752311
12-01-2026 15:20||NIFTY27JAN2625000PE,0.1235413188992823
12-01-2026 15:20||NIFTY27JAN2625200CE,0.1389375924438319
12-01-2026 15:20||NIFTY27JAN2625300CE,0.1306589262331904
12-01-2026 15:20||NIFTY27JAN2626200CE,0.1041613447429164
12-01-2026 15:20||NIFTY27JAN2626300CE,0.1042186427488124
12-01-2026 15:25||NIFTY27JAN2624200PE,0.172909762290313
12-01-2026 15:25||NIFTY27JAN2624600PE,0.1479123656090894
12-01-2026 15:25||NIFTY27JAN2625400CE,0.1149452751685625
12-01-2026 15:25||NIFTY27JAN2625500CE,0.1141382713835737
12-01-2026 15:25||NIFTY27JAN2625700CE,0.1073906116125163
13-01-2026 09:15||NIFTY27JAN2624000PE,0.1873840564404736
13-01-2026 09:15||NIFTY27JAN2624700PE,0.1422692382250265
13-01-2026 09:15||NIFTY27JAN2625500CE,0.1097951281379289
13-01-2026 09:15||NIFTY27JAN2625600CE,0.1080046542083749
13-01-2026 09:15||NIFTY27JAN2625800CE,0.1035433817505248
13-01-2026 09:15||NIFTY27JAN2625900CE,0.1027660271594691
13-01-2026 09:15||NIFTY27JAN2626100CE,0.1003378029910391
13-01-2026 09:20||NIFTY27JAN2623800PE,0.1737520000004229
13-01-2026 09:20||NIFTY27JAN2624500PE,0.1549572431320518
13-01-2026 09:20||NIFTY27JAN2624600PE,0.1485166844428549
13-01-2026 09:20||NIFTY27JAN2624800PE,0.1379367086819045
13-01-2026 09:25||NIFTY27JAN2623800PE,0.1729289349267228
13-01-2026 09:25||NIFTY27JAN2624200PE,0.1743179683702135
13-01-2026 09:25||NIFTY27JAN2624400PE,0.1622418218896202
13-01-2026 09:25||NIFTY27JAN2624600PE,0.1497852481962899
13-01-2026 09:25||NIFTY27JAN2624800PE,0.1394492615395912
13-01-2026 09:25||NIFTY27JAN2625300CE,0.102529974535785
13-01-2026 09:25||NIFTY27JAN2625500CE,0.0979437000546596
13-01-2026 09:30||NIFTY27JAN2624500PE,0.154608749049165
13-01-2026 09:30||NIFTY27JAN2625300CE,0.106573590374911
13-01-2026 09:30||NIFTY27JAN2625500CE,0.1002591355350598
13-01-2026 09:30||NIFTY27JAN2625700CE,0.0974907910623796
13-01-2026 09:30||NIFTY27JAN2626000CE,0.0997557541319429
13-01-2026 09:30||NIFTY27JAN2626200CE,0.1010760947561376
13-01-2026 09:35||NIFTY27JAN2624000PE,0.1844267613578809
13-01-2026 09:35||NIFTY27JAN2625000PE,0.125445760444334
13-01-2026 09:35||NIFTY27JAN2625300CE,0.1151883202425081
13-01-2026 09:35||NIFTY27JAN2625700CE,0.104639054941993
13-01-2026 09:35||NIFTY27JAN2625800CE,0.1045864849916206
13-01-2026 09:40||NIFTY27JAN2625200CE,0.1147182731101586
13-01-2026 09:40||NIFTY27JAN2625400CE,0.1121173922926509
13-01-2026 09:40||NIFTY27JAN2625600CE,0.106394753594903
13-01-2026 09:45||NIFTY27JAN2623800PE,0.1714953603763495
13-01-2026 09:45||NIFTY27JAN2624500PE,0.1516826300434179
13-01-2026 09:45||NIFTY27JAN2625400CE,0.1086739394788589
13-01-2026 09:45||NIFTY27JAN2625800CE,0.1039864645373026
13-01-2026 09:45||NIFTY27JAN2625900CE,0.1038269370014432
13-01-2026 09:50||NIFTY27JAN2623900PE,0.1898661229097437
13-01-2026 09:50||NIFTY27JAN2624500PE,0.1510955652222654
13-01-2026 09:50||NIFTY27JAN2624600PE,0.1452216892279282
13-01-2026 09:50||NIFTY27JAN2625000PE,0.128239376270677
13-01-2026 09:50||NIFTY27JAN2625100PE,0.1252288332704085
13-01-2026 09:50||NIFTY27JAN2626300CE,0.1047707214017748
13-01-2026 09:55||NIFTY27JAN2624100PE,0.1740024092873123
13-01-2026 09:55||NIFTY27JAN2624200PE,0.166977742403476
13-01-2026 09:55||NIFTY27JAN2624300PE,0.1621797283861695
13-01-2026 09:55||NIFTY27JAN2624700PE,0.1389237049084186
13-01-2026 09:55||NIFTY27JAN2625600CE,0.1104669697744219
13-01-2026 10:00||NIFTY27JAN2624200PE,0.1676834602701608
13-01-2026 10:00||NIFTY27JAN2626300CE,0.1097823576018395
13-01-2026 10:00||NIFTY27JAN2626500CE,0.1434052302091931
13-01-2026 10:05||NIFTY27JAN2624000PE,0.1818495823252982
13-01-2026 10:05||NIFTY27JAN2624800PE,0.1329914689440906
13-01-2026 10:05||NIFTY27JAN2626400CE,0.1119008910351504
13-01-2026 10:10||NIFTY27JAN2624100PE,0.1759833721641556
13-01-2026 10:10||NIFTY27JAN2624200PE,0.1700180859989754
13-01-2026 10:10||NIFTY27JAN2624500PE,0.1520255881353742
13-01-2026 10:10||NIFTY27JAN2624700PE,0.1401010403692907
13-01-2026 10:10||NIFTY27JAN2625100PE,0.1234453711156248
13-01-2026 10:10||NIFTY27JAN2625800CE,0.1035561007988803
13-01-2026 10:15||NIFTY27JAN2624500PE,0.1520327823914345
13-01-2026 10:15||NIFTY27JAN2624800PE,0.1344934303058606
13-01-2026 10:15||NIFTY27JAN2624900PE,0.129956718435459
13-01-2026 10:15||NIFTY27JAN2625100PE,0.1232926448196924
13-01-2026 10:15||NIFTY27JAN2625800CE,0.1023379493428215
13-01-2026 10:20||NIFTY27JAN2623900PE,0.1896957516464279
13-01-2026 10:20||NIFTY27JAN2624100PE,0.1780242594677072
13-01-2026 10:20||NIFTY27JAN2625300CE,0.1192189962729498
13-01-2026 10:20||NIFTY27JAN2625700CE,0.1065341320335009
13-01-2026 10:20||NIFTY27JAN2626500CE,0.1428514469477575
13-01-2026 10:25||NIFTY27JAN2623900PE,0.1904820816196482
13-01-2026 10:25||NIFTY27JAN2624200PE,0.1719094518606894
13-01-2026 10:25||NIFTY27JAN2624500PE,0.1517742219182766
13-01-2026 10:25||NIFTY27JAN2624700PE,0.1390763437949327
13-01-2026 10:25||NIFTY27JAN2625100PE,0.1213156236646492
13-01-2026 10:25||NIFTY27JAN2625700CE,0.1093502477970369
13-01-2026 10:30||NIFTY27JAN2623800PE,0.1725805118385061
13-01-2026 10:30||NIFTY27JAN2624400PE,0.1596656834851204
13-01-2026 10:30||NIFTY27JAN2624600PE,0.1451542883770723
13-01-2026 10:30||NIFTY27JAN2624700PE,0.1397321789042286
13-01-2026 10:30||NIFTY27JAN2624900PE,0.1297127060089498
13-01-2026 10:30||NIFTY27JAN2625300CE,0.119854493686979
13-01-2026 10:30||NIFTY27JAN2625900CE,0.1050091376346717
13-01-2026 10:30||NIFTY27JAN2626000CE,0.1049626725217623
13-01-2026 10:30||NIFTY27JAN2626100CE,0.1042533197492039
13-01-2026 10:30||NIFTY27JAN2626400CE,0.1056393565945001
13-01-2026 10:35||NIFTY27JAN2623800PE,0.1718702237460692
13-01-2026 10:35||NIFTY27JAN2623900PE,0.1909102845770398
13-01-2026 10:35||NIFTY27JAN2624300PE,0.1663058864408024
13-01-2026 10:35||NIFTY27JAN2624600PE,0.1466033851104138
13-01-2026 10:35||NIFTY27JAN2625000PE,0.1257905865537089
13-01-2026 10:35||NIFTY27JAN2626000CE,0.1029042066080739
13-01-2026 10:35||NIFTY27JAN2626100CE,0.1026274907840607
13-01-2026 10:40||NIFTY27JAN2623900PE,0.1894768244580429
13-01-2026 10:40||NIFTY27JAN2624000PE,0.1843863745349603
13-01-2026 10:40||NIFTY27JAN2624400PE,0.1577441165047355
13-01-2026 10:40||NIFTY27JAN2624500PE,0.1517697598324899
13-01-2026 10:40||NIFTY27JAN2624800PE,0.1348404847555958
13-01-2026 10:40||NIFTY27JAN2626300CE,0.1045042895646631
13-01-2026 10:45||NIFTY27JAN2623900PE,0.1896912807300974
13-01-2026 10:45||NIFTY27JAN2624900PE,0.1278919112866622
13-01-2026 10:45||NIFTY27JAN2625200CE,0.1167540767209423
13-01-2026 10:45||NIFTY27JAN2625600CE,0.1077907908539097
13-01-2026 10:50||NIFTY27JAN2624900PE,0.1271049756688206
13-01-2026 10:50||NIFTY27JAN2625000PE,0.1225767107435189
13-01-2026 10:50||NIFTY27JAN2625500CE,0.1106487050281468
13-01-2026 10:50||NIFTY27JAN2625600CE,0.1086526241109036
13-01-2026 10:50||NIFTY27JAN2625700CE,0.1060440301899289
13-01-2026 10:50||NIFTY27JAN2625900CE,0.1033897586273674
13-01-2026 10:55||NIFTY27JAN2624300PE,0.1626602848383561
13-01-2026 10:55||NIFTY27JAN2624400PE,0.1570355506601984
13-01-2026 10:55||NIFTY27JAN2625200CE,0.1171296532143289
13-01-2026 10:55||NIFTY27JAN2625700CE,0.108275988679937
13-01-2026 10:55||NIFTY27JAN2626400CE,0.1045069750296262
13-01-2026 11:00||NIFTY27JAN2623900PE,0.1883346038899537
13-01-2026 11:00||NIFTY27JAN2624200PE,0.1690198716033141
13-01-2026 11:00||NIFTY27JAN2625000PE,0.1229349896641833
13-01-2026 11:00||NIFTY27JAN2625700CE,0.1087781312301169
13-01-2026 11:00||NIFTY27JAN2625800CE,0.107154546931402
13-01-2026 11:00||NIFTY27JAN2626400CE,0.1050359137433355
13-01-2026 11:05||NIFTY27JAN2624100PE,0.175964113865633
13-01-2026 11:05||NIFTY27JAN2624800PE,0.1338605644771559
13-01-2026 11:05||NIFTY27JAN2625100PE,0.1232843790269704
13-01-2026 11:05||NIFTY27JAN2625800CE,0.1072052854959023
13-01-2026 11:10||NIFTY27JAN2623900PE,0.1883173241668946
13-01-2026 11:10||NIFTY27JAN2624800PE,0.1351174680738351
13-01-2026 11:10||NIFTY27JAN2624900PE,0.1311752970874245
13-01-2026 11:10||NIFTY27JAN2625000PE,0.128202199475037
13-01-2026 11:10||NIFTY27JAN2625100PE,0.1265363051866063
13-01-2026 11:10||NIFTY27JAN2625900CE,0.1043412883823255
13-01-2026 11:10||NIFTY27JAN2626400CE,0.1046420895698706
13-01-2026 11:15||NIFTY27JAN2624500PE,0.1504365562766199
13-01-2026 11:15||NIFTY27JAN2625100PE,0.1229586808889992
13-01-2026 11:15||NIFTY27JAN2625200CE,0.1185604114400531
13-01-2026 11:15||NIFTY27JAN2625300CE,0.1127156281914336
13-01-2026 11:20||NIFTY27JAN2624900PE,0.1273354114356506
13-01-2026 11:20||NIFTY27JAN2626100CE,0.1014574371972026
13-01-2026 11:25||NIFTY27JAN2624000PE,0.1817154765479188
13-01-2026 11:25||NIFTY27JAN2624500PE,0.1494035901082858
13-01-2026 11:25||NIFTY27JAN2624800PE,0.1318058489661946
13-01-2026 11:25||NIFTY27JAN2625600CE,0.1100184819190388
13-01-2026 11:25||NIFTY27JAN2626000CE,0.1028774065481284
13-01-2026 11:25||NIFTY27JAN2626200CE,0.1020869318815668
13-01-2026 11:25||NIFTY27JAN2626400CE,0.1038762180254095
13-01-2026 11:30||NIFTY27JAN2625100PE,0.1191460944668658
13-01-2026 11:30||NIFTY27JAN2625500CE,0.1123831695546207
13-01-2026 11:30||NIFTY27JAN2625800CE,0.1049042399568146
13-01-2026 11:30||NIFTY27JAN2625900CE,0.1032009878940373
13-01-2026 11:35||NIFTY27JAN2623800PE,0.1740425371210116
13-01-2026 11:35||NIFTY27JAN2623900PE,0.1876902954660968
13-01-2026 11:35||NIFTY27JAN2624100PE,0.1761868298576221
13-01-2026 11:35||NIFTY27JAN2624900PE,0.1275035744909981
13-01-2026 11:35||NIFTY27JAN2625300CE,0.1141950994163665
13-01-2026 11:35||NIFTY27JAN2626000CE,0.0997378096462525
13-01-2026 11:35||NIFTY27JAN2626300CE,0.1006621260259029
13-01-2026 11:35||NIFTY27JAN2626500CE,0.1359850164200924
13-01-2026 11:40||NIFTY27JAN2623800PE,0.1704880875539558
13-01-2026 11:40||NIFTY27JAN2624500PE,0.1501195734699348
13-01-2026 11:40||NIFTY27JAN2624900PE,0.127612275460959
13-01-2026 11:40||NIFTY27JAN2625300CE,0.1095930211627595
13-01-2026 11:40||NIFTY27JAN2625400CE,0.1049556352073437
13-01-2026 11:45||NIFTY27JAN2623800PE,0.1686012917329265
13-01-2026 11:45||NIFTY27JAN2625000PE,0.1227716085490643
13-01-2026 11:45||NIFTY27JAN2625400CE,0.1034357743380517
13-01-2026 11:45||NIFTY27JAN2625800CE,0.0996170733570727
13-01-2026 11:45||NIFTY27JAN2626200CE,0.1001584883526615
13-01-2026 11:45||NIFTY27JAN2626300CE,0.1007189434755184
13-01-2026 11:45||NIFTY27JAN2626400CE,0.1017940643364276
13-01-2026 11:50||NIFTY27JAN2624000PE,0.1795371935611443
13-01-2026 11:50||NIFTY27JAN2624300PE,0.1605360947849821
13-01-2026 11:50||NIFTY27JAN2625100PE,0.1189842556189417
13-01-2026 11:50||NIFTY27JAN2626200CE,0.1003234944574158
13-01-2026 11:50||NIFTY27JAN2626300CE,0.1010242874986301
13-01-2026 11:55||NIFTY27JAN2624300PE,0.1596296754983076
13-01-2026 11:55||NIFTY27JAN2624800PE,0.1313066632804008
13-01-2026 11:55||NIFTY27JAN2625000PE,0.1212891973659689
13-01-2026 11:55||NIFTY27JAN2625400CE,0.1036025536538245
13-01-2026 11:55||NIFTY27JAN2625500CE,0.1024505511829182
13-01-2026 12:00||NIFTY27JAN2624500PE,0.1463078416388893
13-01-2026 12:00||NIFTY27JAN2625000PE,0.119490003133749
13-01-2026 12:00||NIFTY27JAN2625900CE,0.1025927859587254
13-01-2026 12:05||NIFTY27JAN2623800PE,0.1677174429877781
13-01-2026 12:05||NIFTY27JAN2624500PE,0.1453308949321131
13-01-2026 12:05||NIFTY27JAN2624700PE,0.1349232244990063
13-01-2026 12:05||NIFTY27JAN2625000PE,0.1188512259652651
13-01-2026 12:05||NIFTY27JAN2625300CE,0.1099470039907015
13-01-2026 12:05||NIFTY27JAN2625800CE,0.1028491549192321
13-01-2026 12:10||NIFTY27JAN2624500PE,0.1458541984396393
13-01-2026 12:10||NIFTY27JAN2625000PE,0.1195551747187939
13-01-2026 12:10||NIFTY27JAN2625200CE,0.1149695588427536
13-01-2026 12:10||NIFTY27JAN2625500CE,0.1078025228898094
13-01-2026 12:10||NIFTY27JAN2625600CE,0.1068334453867536
13-01-2026 12:15||NIFTY27JAN2624200PE,0.1630872479192668
13-01-2026 12:15||NIFTY27JAN2624300PE,0.157613662028379
13-01-2026 12:15||NIFTY27JAN2625300CE,0.1094507055753879
13-01-2026 12:15||NIFTY27JAN2625800CE,0.1026865926453709
13-01-2026 12:15||NIFTY27JAN2626500CE,0.1382167005596147
13-01-2026 12:20||NIFTY27JAN2624100PE,0.1697058535458655
13-01-2026 12:20||NIFTY27JAN2624700PE,0.133892194129406
13-01-2026 12:20||NIFTY27JAN2625100PE,0.1155549235257802
13-01-2026 12:20||NIFTY27JAN2625700CE,0.1057049670882049
13-01-2026 12:25||NIFTY27JAN2623800PE,0.1658201454162387
13-01-2026 12:25||NIFTY27JAN2624200PE,0.1620695830459659
13-01-2026 12:25||NIFTY27JAN2624300PE,0.1565642662484252
13-01-2026 12:25||NIFTY27JAN2624500PE,0.1455662784100547
13-01-2026 12:25||NIFTY27JAN2625700CE,0.1060442881675875
13-01-2026 12:30||NIFTY27JAN2623900PE,0.1788589629389541
13-01-2026 12:30||NIFTY27JAN2624000PE,0.17286414782507
13-01-2026 12:30||NIFTY27JAN2624100PE,0.1678120581005078
13-01-2026 12:30||NIFTY27JAN2624400PE,0.1512341544789747
13-01-2026 12:30||NIFTY27JAN2624700PE,0.1335750634049273
13-01-2026 12:30||NIFTY27JAN2624900PE,0.1236681504566526
13-01-2026 12:30||NIFTY27JAN2626000CE,0.1030958814947824
13-01-2026 12:30||NIFTY27JAN2626400CE,0.1068094490407417
13-01-2026 12:35||NIFTY27JAN2624200PE,0.1613344745080285
13-01-2026 12:35||NIFTY27JAN2624300PE,0.1560841905544351
13-01-2026 12:35||NIFTY27JAN2624600PE,0.1393616696861308
13-01-2026 12:35||NIFTY27JAN2624800PE,0.1286161424190258
13-01-2026 12:35||NIFTY27JAN2625100PE,0.1192047412192174
13-01-2026 12:35||NIFTY27JAN2625900CE,0.101710795611543
13-01-2026 12:35||NIFTY27JAN2626100CE,0.1018393211382411
13-01-2026 12:35||NIFTY27JAN2626400CE,0.1086840749205522
13-01-2026 12:40||NIFTY27JAN2624100PE,0.1687552395449189
13-01-2026 12:40||NIFTY27JAN2624300PE,0.1566451872710854
13-01-2026 12:40||NIFTY27JAN2624600PE,0.1390598706849911
13-01-2026 12:40||NIFTY27JAN2624700PE,0.1337651652381324
13-01-2026 12:40||NIFTY27JAN2625100PE,0.119594492250942
13-01-2026 12:40||NIFTY27JAN2626500CE,0.1384989388083885
13-01-2026 12:45||NIFTY27JAN2625300CE,0.1037796349170298
13-01-2026 12:45||NIFTY27JAN2626200CE,0.10268106446287
13-01-2026 12:50||NIFTY27JAN2623900PE,0.1804180910414595
13-01-2026 12:50||NIFTY27JAN2624100PE,0.1680408087812765
13-01-2026 12:50||NIFTY27JAN2624600PE,0.1393702123983971
13-01-2026 12:50||NIFTY27JAN2625400CE,0.1032327488136333
13-01-2026 12:50||NIFTY27JAN2625500CE,0.1015854444114916
13-01-2026 12:55||NIFTY27JAN2624000PE,0.1730318518936834
13-01-2026 12:55||NIFTY27JAN2624300PE,0.1560249806945498
13-01-2026 12:55||NIFTY27JAN2624500PE,0.144213406955924
13-01-2026 12:55||NIFTY27JAN2624700PE,0.1329126898091175
13-01-2026 12:55||NIFTY27JAN2625000PE,0.1217920904782096
13-01-2026 12:55||NIFTY27JAN2625100PE,0.1188816243079736
13-01-2026 12:55||NIFTY27JAN2625300CE,0.1088722943506352
13-01-2026 12:55||NIFTY27JAN2625500CE,0.1037637805663619
13-01-2026 12:55||NIFTY27JAN2626200CE,0.1044562839605854
13-01-2026 12:55||NIFTY27JAN2626400CE,0.1253573193067031
13-01-2026 12:55||NIFTY27JAN2626500CE,0.1460838851900292
13-01-2026 13:00||NIFTY27JAN2624000PE,0.1732773484339896
13-01-2026 13:00||NIFTY27JAN2624600PE,0.1369535739611054
13-01-2026 13:00||NIFTY27JAN2624700PE,0.1318238255753119
13-01-2026 13:00||NIFTY27JAN2626400CE,0.1190965180075111
13-01-2026 13:05||NIFTY27JAN2624000PE,0.174330601558301
13-01-2026 13:05||NIFTY27JAN2624600PE,0.1375342818814775
13-01-2026 13:05||NIFTY27JAN2625200CE,0.110046380638721
13-01-2026 13:05||NIFTY27JAN2625700CE,0.1048741842158087
13-01-2026 13:05||NIFTY27JAN2626500CE,0.1481927037017847
13-01-2026 13:10||NIFTY27JAN2623900PE,0.1810921519477433
13-01-2026 13:10||NIFTY27JAN2624400PE,0.1494569833469851
13-01-2026 13:10||NIFTY27JAN2624500PE,0.1438558853428557
13-01-2026 13:10||NIFTY27JAN2624700PE,0.1330052091565318
13-01-2026 13:10||NIFTY27JAN2625000PE,0.1193607508251685
13-01-2026 13:10||NIFTY27JAN2625600CE,0.1073861142667105
13-01-2026 13:10||NIFTY27JAN2626000CE,0.1042105629971716
13-01-2026 13:10||NIFTY27JAN2626400CE,0.1288798066694285
13-01-2026 13:10||NIFTY27JAN2626500CE,0.1517987072352769
13-01-2026 13:15||NIFTY27JAN2623800PE,0.1718099646361679
13-01-2026 13:15||NIFTY27JAN2624000PE,0.1747296674179958
13-01-2026 13:15||NIFTY27JAN2624100PE,0.1691751074941949
13-01-2026 13:15||NIFTY27JAN2624700PE,0.1330170438349877
13-01-2026 13:15||NIFTY27JAN2625000PE,0.1192186215968151
13-01-2026 13:15||NIFTY27JAN2625800CE,0.1049488078019205
13-01-2026 13:15||NIFTY27JAN2626100CE,0.105613280388878
13-01-2026 13:15||NIFTY27JAN2626200CE,0.1066296778474087
13-01-2026 13:15||NIFTY27JAN2626300CE,0.1104098842892742
13-01-2026 13:20||NIFTY27JAN2624300PE,0.15502167173574
13-01-2026 13:20||NIFTY27JAN2624400PE,0.1501109868899801
13-01-2026 13:20||NIFTY27JAN2624800PE,0.1281188013416833
13-01-2026 13:20||NIFTY27JAN2625000PE,0.1193442803772982
13-01-2026 13:20||NIFTY27JAN2625300CE,0.1153810420096558
13-01-2026 13:20||NIFTY27JAN2625400CE,0.1123469553302068
13-01-2026 13:20||NIFTY27JAN2625900CE,0.1042501414937538
13-01-2026 13:20||NIFTY27JAN2626500CE,0.1417802766150428
13-01-2026 13:25||NIFTY27JAN2624000PE,0.1757305618757419
13-01-2026 13:25||NIFTY27JAN2624200PE,0.1613778732644599
13-01-2026 13:25||NIFTY27JAN2624300PE,0.1551491383328617
13-01-2026 13:25||NIFTY27JAN2624600PE,0.1387622061131925
13-01-2026 13:25||NIFTY27JAN2625600CE,0.1070080947992058
13-01-2026 13:25||NIFTY27JAN2626400CE,0.1123019595362625
13-01-2026 13:30||NIFTY27JAN2623800PE,0.1679434964410213
13-01-2026 13:30||NIFTY27JAN2624000PE,0.1751822826506395
13-01-2026 13:30||NIFTY27JAN2624100PE,0.168963772826468
13-01-2026 13:30||NIFTY27JAN2625500CE,0.1072366458953287
13-01-2026 13:35||NIFTY27JAN2624300PE,0.1564332074302663
13-01-2026 13:35||NIFTY27JAN2624800PE,0.12786601604229
13-01-2026 13:35||NIFTY27JAN2625700CE,0.1049840704761196
13-01-2026 13:40||NIFTY27JAN2623800PE,0.16759353101131
13-01-2026 13:40||NIFTY27JAN2624400PE,0.1490645106967305
13-01-2026 13:40||NIFTY27JAN2624500PE,0.1437567185839022
13-01-2026 13:40||NIFTY27JAN2625500CE,0.107522700836707
13-01-2026 13:40||NIFTY27JAN2625700CE,0.1050078513515602
13-01-2026 13:40||NIFTY27JAN2625900CE,0.1026325044842277
13-01-2026 13:40||NIFTY27JAN2626100CE,0.1028431479599832
13-01-2026 13:45||NIFTY27JAN2624000PE,0.1734893347471395
13-01-2026 13:45||NIFTY27JAN2624100PE,0.1669678973493793
13-01-2026 13:45||NIFTY27JAN2625100PE,0.1154744327799538
13-01-2026 13:45||NIFTY27JAN2625300CE,0.1116652089317033
13-01-2026 13:45||NIFTY27JAN2625800CE,0.1030620870924613
13-01-2026 13:45||NIFTY27JAN2626000CE,0.1026420774319629
13-01-2026 13:50||NIFTY27JAN2624200PE,0.1605836881867957
13-01-2026 13:50||NIFTY27JAN2624400PE,0.1479242215427331
13-01-2026 13:50||NIFTY27JAN2624500PE,0.1426315808377872
13-01-2026 13:50||NIFTY27JAN2626000CE,0.1026012419628421
13-01-2026 13:55||NIFTY27JAN2624200PE,0.1595516887380069
13-01-2026 13:55||NIFTY27JAN2624300PE,0.1537198249364854
13-01-2026 13:55||NIFTY27JAN2625000PE,0.1186517815703424
13-01-2026 13:55||NIFTY27JAN2625500CE,0.1063854664646276
13-01-2026 13:55||NIFTY27JAN2626000CE,0.1023551232514534
13-01-2026 14:00||NIFTY27JAN2623900PE,0.1773124746880401
13-01-2026 14:00||NIFTY27JAN2624000PE,0.1711287358651623
13-01-2026 14:00||NIFTY27JAN2624100PE,0.1659060309307442
13-01-2026 14:00||NIFTY27JAN2624600PE,0.137520051659272
13-01-2026 14:00||NIFTY27JAN2625300CE,0.1092968716744692
13-01-2026 14:00||NIFTY27JAN2625700CE,0.1031372015019692
13-01-2026 14:05||NIFTY27JAN2623900PE,0.1782129166075237
13-01-2026 14:05||NIFTY27JAN2624200PE,0.1601796929433339
13-01-2026 14:05||NIFTY27JAN2624500PE,0.1428871040660092
13-01-2026 14:05||NIFTY27JAN2625700CE,0.1026080641695425
13-01-2026 14:05||NIFTY27JAN2626300CE,0.1058953167754837
13-01-2026 14:05||NIFTY27JAN2626500CE,0.1396230978297742
13-01-2026 14:10||NIFTY27JAN2624300PE,0.1532609131701504
13-01-2026 14:10||NIFTY27JAN2624700PE,0.1307838586334926
13-01-2026 14:10||NIFTY27JAN2625200CE,0.1137136435012535
13-01-2026 14:10||NIFTY27JAN2625400CE,0.107465693748263
13-01-2026 14:10||NIFTY27JAN2626100CE,0.1025543551436809
13-01-2026 14:15||NIFTY27JAN2623800PE,0.1639424253119127
13-01-2026 14:15||NIFTY27JAN2624800PE,0.1248383092544697
13-01-2026 14:15||NIFTY27JAN2626200CE,0.1034374508828911
13-01-2026 14:20||NIFTY27JAN2624000PE,0.1693230020789233
13-01-2026 14:20||NIFTY27JAN2624400PE,0.1464191427094295
13-01-2026 14:20||NIFTY27JAN2624800PE,0.1244093388049691
13-01-2026 14:20||NIFTY27JAN2624900PE,0.1203146706820533
13-01-2026 14:20||NIFTY27JAN2625200CE,0.1105505996555828
13-01-2026 14:20||NIFTY27JAN2625800CE,0.1010618035653158
13-01-2026 14:25||NIFTY27JAN2624000PE,0.1673136208039273
13-01-2026 14:25||NIFTY27JAN2624100PE,0.1611682267440522
13-01-2026 14:25||NIFTY27JAN2624200PE,0.1567144200069192
13-01-2026 14:25||NIFTY27JAN2624500PE,0.1385675835274219
13-01-2026 14:25||NIFTY27JAN2624600PE,0.133440442285239
13-01-2026 14:25||NIFTY27JAN2625600CE,0.1035741822503024
13-01-2026 14:25||NIFTY27JAN2626000CE,0.102357834899725
13-01-2026 14:25||NIFTY27JAN2626200CE,0.1049447348489987
13-01-2026 14:30||NIFTY27JAN2624500PE,0.1376163707638372
13-01-2026 14:30||NIFTY27JAN2624600PE,0.1322559302937536
13-01-2026 14:30||NIFTY27JAN2624900PE,0.1190302136038864
13-01-2026 14:30||NIFTY27JAN2625100PE,0.1129677236118847
13-01-2026 14:30||NIFTY27JAN2625600CE,0.1082344427329335
13-01-2026 14:35||NIFTY27JAN2623800PE,0.1670134015301863
13-01-2026 14:35||NIFTY27JAN2624200PE,0.1570986455610783
13-01-2026 14:35||NIFTY27JAN2625100PE,0.112184822256158
13-01-2026 14:35||NIFTY27JAN2625400CE,0.1166403774024749
13-01-2026 14:35||NIFTY27JAN2626300CE,0.1082432661848784
13-01-2026 14:35||NIFTY27JAN2626500CE,0.1380840043268855
13-01-2026 14:40||NIFTY27JAN2624500PE,0.1397080306596421
13-01-2026 14:40||NIFTY27JAN2624600PE,0.1342364101093631
13-01-2026 14:40||NIFTY27JAN2624800PE,0.12443745601655
13-01-2026 14:40||NIFTY27JAN2625300CE,0.1169273624713607
13-01-2026 14:40||NIFTY27JAN2625600CE,0.1084023938571327
13-01-2026 14:40||NIFTY27JAN2625800CE,0.1045393333294447
13-01-2026 14:45||NIFTY27JAN2625100PE,0.112383586353348
13-01-2026 14:45||NIFTY27JAN2626000CE,0.1024947871556236
13-01-2026 14:45||NIFTY27JAN2626100CE,0.1024374883513861
13-01-2026 14:45||NIFTY27JAN2626500CE,0.1381152925756543
13-01-2026 14:50||NIFTY27JAN2624400PE,0.147049197952075
13-01-2026 14:50||NIFTY27JAN2624500PE,0.1413431644639246
13-01-2026 14:55||NIFTY27JAN2623800PE,0.1632493197884313
13-01-2026 14:55||NIFTY27JAN2623900PE,0.1794055650244824
13-01-2026 14:55||NIFTY27JAN2624100PE,0.1690237341681057
13-01-2026 14:55||NIFTY27JAN2624400PE,0.1481853430158838
13-01-2026 14:55||NIFTY27JAN2624500PE,0.1417549420244858
13-01-2026 14:55||NIFTY27JAN2624800PE,0.1263115716032497
13-01-2026 14:55||NIFTY27JAN2624900PE,0.1216024612198686
13-01-2026 14:55||NIFTY27JAN2625100PE,0.1130530687561171
13-01-2026 14:55||NIFTY27JAN2625700CE,0.1005258182586317
13-01-2026 14:55||NIFTY27JAN2625900CE,0.0968214050207517
13-01-2026 14:55||NIFTY27JAN2626400CE,0.1031141270349102
13-01-2026 15:00||NIFTY27JAN2623900PE,0.1807141082261852
13-01-2026 15:00||NIFTY27JAN2624500PE,0.1422647045206049
13-01-2026 15:00||NIFTY27JAN2624600PE,0.1370393941746327
13-01-2026 15:00||NIFTY27JAN2625100PE,0.1134664479464989
13-01-2026 15:00||NIFTY27JAN2625700CE,0.0961211748056264
13-01-2026 15:00||NIFTY27JAN2626200CE,0.0973339816550223
13-01-2026 15:05||NIFTY27JAN2624000PE,0.1753293929502655
13-01-2026 15:05||NIFTY27JAN2624500PE,0.1424496663090212
13-01-2026 15:05||NIFTY27JAN2624900PE,0.1226253963497132
13-01-2026 15:05||NIFTY27JAN2625400CE,0.0993828153870484
13-01-2026 15:05||NIFTY27JAN2625700CE,0.097661755259619
13-01-2026 15:05||NIFTY27JAN2625800CE,0.0956092559354044
13-01-2026 15:05||NIFTY27JAN2626000CE,0.095023943452754
13-01-2026 15:05||NIFTY27JAN2626100CE,0.0956880455034969
13-01-2026 15:05||NIFTY27JAN2626500CE,0.1348545525342381
13-01-2026 15:10||NIFTY27JAN2624000PE,0.1756724057752065
13-01-2026 15:10||NIFTY27JAN2624200PE,0.1615171458631346
13-01-2026 15:10||NIFTY27JAN2624400PE,0.1499291614511711
13-01-2026 15:10||NIFTY27JAN2624900PE,0.1231040154002569
13-01-2026 15:10||NIFTY27JAN2625300CE,0.1027268403722061
13-01-2026 15:10||NIFTY27JAN2625600CE,0.0988499401080745
13-01-2026 15:10||NIFTY27JAN2626200CE,0.0969825525528023
13-01-2026 15:15||NIFTY27JAN2623800PE,0.1694466211368112
13-01-2026 15:15||NIFTY27JAN2624200PE,0.1625040983585703
13-01-2026 15:15||NIFTY27JAN2624600PE,0.1382568470718234
13-01-2026 15:15||NIFTY27JAN2624700PE,0.1328798023537494
13-01-2026 15:15||NIFTY27JAN2625700CE,0.0946135643500856
13-01-2026 15:15||NIFTY27JAN2626000CE,0.0937026895841928
13-01-2026 15:15||NIFTY27JAN2626300CE,0.0976090909865937
13-01-2026 15:15||NIFTY27JAN2626500CE,0.1341253656575399
13-01-2026 15:20||NIFTY27JAN2623900PE,0.1810737679041896
13-01-2026 15:20||NIFTY27JAN2624300PE,0.156964974645452
13-01-2026 15:20||NIFTY27JAN2624800PE,0.1278687466162647
13-01-2026 15:20||NIFTY27JAN2625300CE,0.0983789685352437
13-01-2026 15:20||NIFTY27JAN2625600CE,0.0949011335872928
13-01-2026 15:20||NIFTY27JAN2626200CE,0.0954243162098488
13-01-2026 15:25||NIFTY27JAN2624500PE,0.1459213873106375
13-01-2026 15:25||NIFTY27JAN2624700PE,0.1343161043787433
13-01-2026 15:25||NIFTY27JAN2624900PE,0.123558020369316
13-01-2026 15:25||NIFTY27JAN2626000CE,0.0964544282332637
14-01-2026 09:15||NIFTY27JAN2624300PE,0.1590477318987185
14-01-2026 09:15||NIFTY27JAN2624400PE,0.1528191889665639
14-01-2026 09:15||NIFTY27JAN2625300CE,0.1169801396620194
14-01-2026 09:15||NIFTY27JAN2626100CE,0.0989042242586352
14-01-2026 09:15||NIFTY27JAN2626500CE,0.1392068491924772
14-01-2026 09:20||NIFTY27JAN2624100PE,0.1748230851816843
14-01-2026 09:25||NIFTY27JAN2624000PE,0.1822145168704415
14-01-2026 09:25||NIFTY27JAN2624200PE,0.1694421754813709
14-01-2026 09:25||NIFTY27JAN2624700PE,0.1362825134506632
14-01-2026 09:25||NIFTY27JAN2625300CE,0.1175340978166779
14-01-2026 09:25||NIFTY27JAN2626500CE,0.1457896386470142
14-01-2026 09:30||NIFTY27JAN2623800PE,0.1800679649840514
14-01-2026 09:30||NIFTY27JAN2624000PE,0.1831291978413027
14-01-2026 09:30||NIFTY27JAN2624600PE,0.1428023780709743
14-01-2026 09:30||NIFTY27JAN2624700PE,0.1368861763839726
14-01-2026 09:30||NIFTY27JAN2626200CE,0.0994597004332225
14-01-2026 09:30||NIFTY27JAN2626500CE,0.1445588365412681
14-01-2026 09:35||NIFTY27JAN2624000PE,0.1827392095510868
14-01-2026 09:35||NIFTY27JAN2625500CE,0.0976862846782094
14-01-2026 09:35||NIFTY27JAN2626400CE,0.1053536844725229
14-01-2026 09:40||NIFTY27JAN2623800PE,0.1700360364697684
14-01-2026 09:40||NIFTY27JAN2624000PE,0.1816738330150114
14-01-2026 09:40||NIFTY27JAN2624200PE,0.1684354164059567
14-01-2026 09:40||NIFTY27JAN2624700PE,0.1357194242461202
14-01-2026 09:40||NIFTY27JAN2624800PE,0.1303506421582772
14-01-2026 09:40||NIFTY27JAN2625000PE,0.1201410036496724
14-01-2026 09:40||NIFTY27JAN2625500CE,0.0987450226344649
14-01-2026 09:40||NIFTY27JAN2625800CE,0.0975779540972984
14-01-2026 09:45||NIFTY27JAN2624300PE,0.1566519946790241
14-01-2026 09:45||NIFTY27JAN2624400PE,0.149760516086026
14-01-2026 09:45||NIFTY27JAN2624500PE,0.1452352563910461
14-01-2026 09:45||NIFTY27JAN2624600PE,0.1404446190632234
14-01-2026 09:45||NIFTY27JAN2625400CE,0.1110362174178246
14-01-2026 09:50||NIFTY27JAN2623800PE,0.1695497737559221
14-01-2026 09:50||NIFTY27JAN2623900PE,0.1868463153237514
14-01-2026 09:50||NIFTY27JAN2624600PE,0.1415573452654165
14-01-2026 09:50||NIFTY27JAN2625200CE,0.1071851358555519
14-01-2026 09:50||NIFTY27JAN2625300CE,0.1080550172235351
14-01-2026 09:50||NIFTY27JAN2626400CE,0.1054336971890089
14-01-2026 09:55||NIFTY27JAN2624100PE,0.1754296789659141
14-01-2026 09:55||NIFTY27JAN2626000CE,0.0984768375950079
14-01-2026 10:00||NIFTY27JAN2624000PE,0.1818525964937533
14-01-2026 10:00||NIFTY27JAN2624400PE,0.1560245033472951
14-01-2026 10:00||NIFTY27JAN2625100PE,0.1174717174402427
14-01-2026 10:00||NIFTY27JAN2625500CE,0.1000027841734959
14-01-2026 10:00||NIFTY27JAN2626100CE,0.0966209944909932
14-01-2026 10:00||NIFTY27JAN2626500CE,0.1384479209341606
14-01-2026 10:05||NIFTY27JAN2624600PE,0.1404395880947184
14-01-2026 10:05||NIFTY27JAN2624800PE,0.1289900384089936
14-01-2026 10:05||NIFTY27JAN2625000PE,0.1184588840737078
14-01-2026 10:05||NIFTY27JAN2625300CE,0.1162040540283887
14-01-2026 10:05||NIFTY27JAN2625400CE,0.1098355642839546
14-01-2026 10:05||NIFTY27JAN2626200CE,0.100645658397711
14-01-2026 10:05||NIFTY27JAN2626300CE,0.1027187714705536
14-01-2026 10:05||NIFTY27JAN2626400CE,0.1068326402350076
14-01-2026 10:10||NIFTY27JAN2624000PE,0.1797731492863614
14-01-2026 10:10||NIFTY27JAN2624200PE,0.1666207065814968
14-01-2026 10:10||NIFTY27JAN2624500PE,0.1458887921225193
14-01-2026 10:10||NIFTY27JAN2624600PE,0.139635113843564
14-01-2026 10:10||NIFTY27JAN2625400CE,0.1073782060321623
14-01-2026 10:10||NIFTY27JAN2625600CE,0.1015838558711607
14-01-2026 10:10||NIFTY27JAN2626400CE,0.1046622432509838
14-01-2026 10:15||NIFTY27JAN2624100PE,0.1726494645567863
14-01-2026 10:15||NIFTY27JAN2625000PE,0.1175793176603345
14-01-2026 10:15||NIFTY27JAN2625200CE,0.1079431313925763
14-01-2026 10:15||NIFTY27JAN2625600CE,0.0990870205011585
14-01-2026 10:15||NIFTY27JAN2625900CE,0.096983700896591
14-01-2026 10:20||NIFTY27JAN2624200PE,0.1655267716959411
14-01-2026 10:20||NIFTY27JAN2624700PE,0.1337921070400834
14-01-2026 10:20||NIFTY27JAN2625000PE,0.1165515989019474
14-01-2026 10:20||NIFTY27JAN2625500CE,0.1005715167303559
14-01-2026 10:20||NIFTY27JAN2625600CE,0.0990328497141845
14-01-2026 10:20||NIFTY27JAN2625700CE,0.0977651481580185
14-01-2026 10:20||NIFTY27JAN2625800CE,0.0970368684358095
14-01-2026 10:25||NIFTY27JAN2623800PE,0.1700478475858503
14-01-2026 10:25||NIFTY27JAN2624300PE,0.1587031448620912
14-01-2026 10:25||NIFTY27JAN2625000PE,0.1164966117044614
14-01-2026 10:25||NIFTY27JAN2626100CE,0.099536883296343
14-01-2026 10:25||NIFTY27JAN2626200CE,0.1007165608120974
14-01-2026 10:25||NIFTY27JAN2626400CE,0.1078301386000025
14-01-2026 10:30||NIFTY27JAN2623900PE,0.1832170830942248
14-01-2026 10:30||NIFTY27JAN2624000PE,0.1781108326058822
14-01-2026 10:30||NIFTY27JAN2624700PE,0.1320699156434484
14-01-2026 10:30||NIFTY27JAN2624800PE,0.1268268811141672
14-01-2026 10:30||NIFTY27JAN2625100PE,0.1141798120929032
14-01-2026 10:30||NIFTY27JAN2625200CE,0.1125000046781739
14-01-2026 10:30||NIFTY27JAN2626500CE,0.1390609283995263
14-01-2026 10:35||NIFTY27JAN2623900PE,0.1841250497993118
14-01-2026 10:35||NIFTY27JAN2624400PE,0.1531085440348579
14-01-2026 10:35||NIFTY27JAN2625600CE,0.1015687400355423
14-01-2026 10:35||NIFTY27JAN2625700CE,0.0989300500633768
14-01-2026 10:35||NIFTY27JAN2626300CE,0.1022787372555123
14-01-2026 10:40||NIFTY27JAN2623800PE,0.172736241800113
14-01-2026 10:40||NIFTY27JAN2624100PE,0.1721598527747713
14-01-2026 10:40||NIFTY27JAN2625300CE,0.1091127758705158
14-01-2026 10:40||NIFTY27JAN2625600CE,0.1036843200841469
14-01-2026 10:40||NIFTY27JAN2626300CE,0.1029428054405509
14-01-2026 10:40||NIFTY27JAN2626500CE,0.1380411899752728
14-01-2026 10:45||NIFTY27JAN2624000PE,0.177271498147688
14-01-2026 10:45||NIFTY27JAN2624600PE,0.1385745837979143
14-01-2026 10:45||NIFTY27JAN2624800PE,0.1261388939091663
14-01-2026 10:45||NIFTY27JAN2625400CE,0.1120082150744725
14-01-2026 10:50||NIFTY27JAN2624000PE,0.1785326922916265
14-01-2026 10:50||NIFTY27JAN2624300PE,0.158658791354967
14-01-2026 10:50||NIFTY27JAN2624800PE,0.1265264465127887
14-01-2026 10:50||NIFTY27JAN2625200CE,0.1221623063195339
14-01-2026 10:50||NIFTY27JAN2625400CE,0.1139205586197238
14-01-2026 10:50||NIFTY27JAN2625800CE,0.1030606254761967
14-01-2026 10:55||NIFTY27JAN2624600PE,0.1399219144794125
14-01-2026 10:55||NIFTY27JAN2625000PE,0.1169060873850632
14-01-2026 10:55||NIFTY27JAN2625200CE,0.1254085134929247
14-01-2026 10:55||NIFTY27JAN2626200CE,0.1189966341896202
14-01-2026 10:55||NIFTY27JAN2626300CE,0.126054416194268
14-01-2026 10:55||NIFTY27JAN2626400CE,0.1280139740164325
14-01-2026 10:55||NIFTY27JAN2626500CE,0.1454042468597194
14-01-2026 11:00||NIFTY27JAN2624100PE,0.1739066708730084
14-01-2026 11:00||NIFTY27JAN2626100CE,0.1022623217621996
14-01-2026 11:00||NIFTY27JAN2626300CE,0.1109421402897802
14-01-2026 11:05||NIFTY27JAN2624000PE,0.1806551443615138
14-01-2026 11:05||NIFTY27JAN2624800PE,0.1296272284427496
14-01-2026 11:05||NIFTY27JAN2625300CE,0.109623068503197
14-01-2026 11:05||NIFTY27JAN2626000CE,0.0977849546162222
14-01-2026 11:05||NIFTY27JAN2626100CE,0.0979779413852021
14-01-2026 11:05||NIFTY27JAN2626300CE,0.1000221077902323
14-01-2026 11:10||NIFTY27JAN2624000PE,0.1806328844874699
14-01-2026 11:10||NIFTY27JAN2624300PE,0.1598166904004706
14-01-2026 11:10||NIFTY27JAN2624500PE,0.1471538554469726
14-01-2026 11:10||NIFTY27JAN2625200CE,0.1149480607209672
14-01-2026 11:15||NIFTY27JAN2624100PE,0.1751343445149727
14-01-2026 11:15||NIFTY27JAN2624300PE,0.1576922632713269
14-01-2026 11:15||NIFTY27JAN2624400PE,0.1506936078480296
14-01-2026 11:15||NIFTY27JAN2624500PE,0.1454835727243039
14-01-2026 11:15||NIFTY27JAN2624600PE,0.1401394646918158
14-01-2026 11:15||NIFTY27JAN2625500CE,0.1054216371947089
14-01-2026 11:15||NIFTY27JAN2625800CE,0.100373129885763
14-01-2026 11:15||NIFTY27JAN2626000CE,0.0968326263897567
14-01-2026 11:20||NIFTY27JAN2623800PE,0.1684925113528539
14-01-2026 11:20||NIFTY27JAN2623900PE,0.1870319609598701
14-01-2026 11:20||NIFTY27JAN2624600PE,0.1406756234371339
14-01-2026 11:20||NIFTY27JAN2624800PE,0.1292803628188502
14-01-2026 11:20||NIFTY27JAN2625100PE,0.114813109389547
14-01-2026 11:20||NIFTY27JAN2625300CE,0.1190209495906788
14-01-2026 11:20||NIFTY27JAN2625600CE,0.1071044949802362
14-01-2026 11:20||NIFTY27JAN2625800CE,0.1019153169416927
14-01-2026 11:25||NIFTY27JAN2623900PE,0.1880984728104839
14-01-2026 11:25||NIFTY27JAN2624700PE,0.1355626211594133
14-01-2026 11:25||NIFTY27JAN2624900PE,0.1241314714695776
14-01-2026 11:25||NIFTY27JAN2625400CE,0.114592456520095
14-01-2026 11:25||NIFTY27JAN2626200CE,0.0987810429310414
14-01-2026 11:30||NIFTY27JAN2624200PE,0.1668511266354375
14-01-2026 11:30||NIFTY27JAN2624300PE,0.1597973888688258
14-01-2026 11:30||NIFTY27JAN2624400PE,0.1545819757259011
14-01-2026 11:30||NIFTY27JAN2625000PE,0.1195546658796542
14-01-2026 11:30||NIFTY27JAN2625300CE,0.1163326659431893
14-01-2026 11:30||NIFTY27JAN2625800CE,0.1004151482103921
14-01-2026 11:30||NIFTY27JAN2626000CE,0.0981985969985869
14-01-2026 11:35||NIFTY27JAN2623900PE,0.1897879300382962
14-01-2026 11:35||NIFTY27JAN2624400PE,0.1547395002061062
14-01-2026 11:35||NIFTY27JAN2624500PE,0.1493136325233275
14-01-2026 11:35||NIFTY27JAN2624700PE,0.1374647048203091
14-01-2026 11:35||NIFTY27JAN2625100PE,0.1178983233379274
14-01-2026 11:35||NIFTY27JAN2625500CE,0.1027787986860383
14-01-2026 11:35||NIFTY27JAN2625700CE,0.0981624291141836
14-01-2026 11:35||NIFTY27JAN2626100CE,0.0953642619189748
14-01-2026 11:40||NIFTY27JAN2623900PE,0.1892294599699723
14-01-2026 11:40||NIFTY27JAN2625500CE,0.1061810772786396
14-01-2026 11:40||NIFTY27JAN2625600CE,0.1037270448434993
14-01-2026 11:40||NIFTY27JAN2626500CE,0.1389844509123136
14-01-2026 11:45||NIFTY27JAN2623900PE,0.1895864534749034
14-01-2026 11:45||NIFTY27JAN2624300PE,0.1629709334523641
14-01-2026 11:45||NIFTY27JAN2624500PE,0.1497208628530177
14-01-2026 11:45||NIFTY27JAN2626400CE,0.1039771435695216
14-01-2026 11:50||NIFTY27JAN2625100PE,0.1154306835983285
14-01-2026 11:50||NIFTY27JAN2625700CE,0.1022953943814792
14-01-2026 11:50||NIFTY27JAN2625800CE,0.1004009074603703
14-01-2026 11:50||NIFTY27JAN2626100CE,0.0969301813477642
14-01-2026 11:55||NIFTY27JAN2624200PE,0.1708629041107579
14-01-2026 11:55||NIFTY27JAN2624400PE,0.1567519604446028
14-01-2026 11:55||NIFTY27JAN2624800PE,0.1316089452848501
14-01-2026 11:55||NIFTY27JAN2625200CE,0.1169443629152856
14-01-2026 11:55||NIFTY27JAN2625600CE,0.1013522730880934
14-01-2026 12:00||NIFTY27JAN2623800PE,0.1745938355014857
14-01-2026 12:00||NIFTY27JAN2624400PE,0.1566809670742154
14-01-2026 12:00||NIFTY27JAN2624900PE,0.1285482816820474
14-01-2026 12:00||NIFTY27JAN2625000PE,0.12474429578661
14-01-2026 12:00||NIFTY27JAN2625100PE,0.1208423916735777
14-01-2026 12:05||NIFTY27JAN2624400PE,0.1562005054788704
14-01-2026 12:05||NIFTY27JAN2624600PE,0.1435630972546251
14-01-2026 12:05||NIFTY27JAN2626500CE,0.1370656901263742
14-01-2026 12:10||NIFTY27JAN2624400PE,0.1552133063461097
14-01-2026 12:10||NIFTY27JAN2624600PE,0.1419060346815399
14-01-2026 12:10||NIFTY27JAN2624800PE,0.1292269969112328
14-01-2026 12:10||NIFTY27JAN2624900PE,0.1238212179702754
14-01-2026 12:10||NIFTY27JAN2625100PE,0.1152680622073604
14-01-2026 12:10||NIFTY27JAN2625900CE,0.0945818959421701
14-01-2026 12:10||NIFTY27JAN2626300CE,0.0963152431783661
14-01-2026 12:15||NIFTY27JAN2624200PE,0.1688346521521939
14-01-2026 12:15||NIFTY27JAN2624800PE,0.1287646167580053
14-01-2026 12:15||NIFTY27JAN2626500CE,0.1369236998898959
14-01-2026 12:20||NIFTY27JAN2623800PE,0.1712856026707815
14-01-2026 12:20||NIFTY27JAN2623900PE,0.1882579622715607
14-01-2026 12:20||NIFTY27JAN2625300CE,0.1073938444555108
14-01-2026 12:20||NIFTY27JAN2626400CE,0.1017464416767409
14-01-2026 12:25||NIFTY27JAN2624500PE,0.1501069363109825
14-01-2026 12:25||NIFTY27JAN2625400CE,0.0994511113940301
14-01-2026 12:25||NIFTY27JAN2625500CE,0.0984401669969009
14-01-2026 12:25||NIFTY27JAN2625900CE,0.0928660625471979
14-01-2026 12:30||NIFTY27JAN2623900PE,0.1898053692052621
14-01-2026 12:30||NIFTY27JAN2624300PE,0.1634634946631507
14-01-2026 12:30||NIFTY27JAN2624900PE,0.1251383700676691
14-01-2026 12:30||NIFTY27JAN2625800CE,0.0950302258565812
14-01-2026 12:30||NIFTY27JAN2626300CE,0.096392446311677
14-01-2026 12:30||NIFTY27JAN2626400CE,0.0986510602762307
14-01-2026 12:35||NIFTY27JAN2623900PE,0.1901344749170559
14-01-2026 12:35||NIFTY27JAN2625300CE,0.1058286875056523
14-01-2026 12:35||NIFTY27JAN2625500CE,0.0984684368566447
14-01-2026 12:35||NIFTY27JAN2625900CE,0.0932106164305155
14-01-2026 12:45||NIFTY27JAN2625600CE,0.0941770007639936
14-01-2026 12:45||NIFTY27JAN2625700CE,0.0929098142596155
14-01-2026 12:50||NIFTY27JAN2624900PE,0.1236446077082721
14-01-2026 12:50||NIFTY27JAN2626300CE,0.0959791873161913
14-01-2026 12:50||NIFTY27JAN2626500CE,0.1367844532980761
14-01-2026 12:55||NIFTY27JAN2623900PE,0.1874656773116344
14-01-2026 12:55||NIFTY27JAN2624300PE,0.1612373445548067
14-01-2026 12:55||NIFTY27JAN2625000PE,0.1179090521233221
14-01-2026 13:00||NIFTY27JAN2624700PE,0.1347450855444283
14-01-2026 13:00||NIFTY27JAN2625400CE,0.1010249187034035
14-01-2026 13:00||NIFTY27JAN2625700CE,0.0963609814229873
14-01-2026 13:00||NIFTY27JAN2625800CE,0.0947461343635494
14-01-2026 13:00||NIFTY27JAN2626200CE,0.0948731889630617
14-01-2026 13:00||NIFTY27JAN2626300CE,0.0962983349089721
14-01-2026 13:00||NIFTY27JAN2626500CE,0.1370074946476666
14-01-2026 13:05||NIFTY27JAN2624000PE,0.1811502726072855
14-01-2026 13:05||NIFTY27JAN2624400PE,0.155134568160608
14-01-2026 13:05||NIFTY27JAN2624800PE,0.1277940825961073
14-01-2026 13:05||NIFTY27JAN2624900PE,0.1226874858704424
14-01-2026 13:05||NIFTY27JAN2625800CE,0.0943717965582971
14-01-2026 13:05||NIFTY27JAN2626200CE,0.0940996734117009
14-01-2026 13:05||NIFTY27JAN2626300CE,0.0957173411334828
14-01-2026 13:10||NIFTY27JAN2624000PE,0.1809525782606954
14-01-2026 13:10||NIFTY27JAN2624600PE,0.1399949804220462
14-01-2026 13:10||NIFTY27JAN2624700PE,0.1337153511809435
14-01-2026 13:10||NIFTY27JAN2624900PE,0.1229691194631566
14-01-2026 13:10||NIFTY27JAN2625300CE,0.1019654347107986
14-01-2026 13:10||NIFTY27JAN2625800CE,0.0923081521260224
14-01-2026 13:10||NIFTY27JAN2625900CE,0.0917516184869207
14-01-2026 13:10||NIFTY27JAN2626400CE,0.0975272248770749
14-01-2026 13:15||NIFTY27JAN2624000PE,0.1807370167601924
14-01-2026 13:15||NIFTY27JAN2624600PE,0.1401205159251633
14-01-2026 13:15||NIFTY27JAN2624800PE,0.1284373535752174
14-01-2026 13:15||NIFTY27JAN2625200CE,0.0927732877572965
14-01-2026 13:15||NIFTY27JAN2625600CE,0.0907820944496075
14-01-2026 13:15||NIFTY27JAN2626100CE,0.0904779946188041
14-01-2026 13:15||NIFTY27JAN2626200CE,0.0916636594466322
14-01-2026 13:20||NIFTY27JAN2624400PE,0.1535214221623815
14-01-2026 13:20||NIFTY27JAN2624700PE,0.1335607705766694
14-01-2026 13:20||NIFTY27JAN2624900PE,0.1224324711629195
14-01-2026 13:20||NIFTY27JAN2625200CE,0.078804628399571
14-01-2026 13:20||NIFTY27JAN2625900CE,0.090469201620182
14-01-2026 13:25||NIFTY27JAN2624100PE,0.1720784121582056
14-01-2026 13:25||NIFTY27JAN2624700PE,0.1329843331295266
14-01-2026 13:25||NIFTY27JAN2624900PE,0.1217198249655448
14-01-2026 13:25||NIFTY27JAN2625200CE,0.0711465956372671
14-01-2026 13:25||NIFTY27JAN2625600CE,0.0926509277131222
14-01-2026 13:25||NIFTY27JAN2626400CE,0.1192289007615548
14-01-2026 13:25||NIFTY27JAN2626500CE,0.1465089007806607
14-01-2026 13:30||NIFTY27JAN2624200PE,0.1634579396217901
14-01-2026 13:30||NIFTY27JAN2624300PE,0.1578741496054638
14-01-2026 13:30||NIFTY27JAN2625200CE,0.0656598285185187
14-01-2026 13:30||NIFTY27JAN2625700CE,0.0905854241168401
14-01-2026 13:30||NIFTY27JAN2626500CE,0.1430252003559549
14-01-2026 13:35||NIFTY27JAN2624000PE,0.1753921511727608
14-01-2026 13:35||NIFTY27JAN2624100PE,0.1689682716690061
14-01-2026 13:35||NIFTY27JAN2625100PE,0.1140172534124649
14-01-2026 13:35||NIFTY27JAN2625500CE,0.0875469584057215
14-01-2026 13:35||NIFTY27JAN2625700CE,0.0888173766112517
14-01-2026 13:40||NIFTY27JAN2626500CE,0.136502169811234
14-01-2026 13:45||NIFTY27JAN2624100PE,0.1666142715880361
14-01-2026 13:45||NIFTY27JAN2624200PE,0.1604841679242707
14-01-2026 13:45||NIFTY27JAN2624400PE,0.1484322171245069
14-01-2026 13:45||NIFTY27JAN2624600PE,0.1336429255635386
14-01-2026 13:45||NIFTY27JAN2624700PE,0.1279384149886065
14-01-2026 13:45||NIFTY27JAN2624800PE,0.1239438509163159
14-01-2026 13:45||NIFTY27JAN2625400CE,0.098512480559953
14-01-2026 13:45||NIFTY27JAN2626200CE,0.0991090774061977
14-01-2026 13:45||NIFTY27JAN2626300CE,0.1022263368923006
14-01-2026 13:45||NIFTY27JAN2626400CE,0.1066449188240929
14-01-2026 13:50||NIFTY27JAN2625400CE,0.0955822686115555
14-01-2026 13:50||NIFTY27JAN2625600CE,0.0937372886837152
14-01-2026 13:50||NIFTY27JAN2626300CE,0.1013989462180033
14-01-2026 13:55||NIFTY27JAN2623800PE,0.1643510706184501
14-01-2026 13:55||NIFTY27JAN2624600PE,0.135943688408465
14-01-2026 13:55||NIFTY27JAN2624900PE,0.1201954355644701
14-01-2026 13:55||NIFTY27JAN2625200CE,0.0898910860306257
14-01-2026 13:55||NIFTY27JAN2626200CE,0.097474238654381
14-01-2026 14:00||NIFTY27JAN2623800PE,0.1638768396386751
14-01-2026 14:00||NIFTY27JAN2623900PE,0.1794648933024059
14-01-2026 14:00||NIFTY27JAN2624400PE,0.1465818535318549
14-01-2026 14:00||NIFTY27JAN2624500PE,0.1408293805815191
14-01-2026 14:05||NIFTY27JAN2624000PE,0.1744317301728881
14-01-2026 14:05||NIFTY27JAN2624300PE,0.1539276175161056
14-01-2026 14:05||NIFTY27JAN2624700PE,0.1284290256765862
14-01-2026 14:05||NIFTY27JAN2624800PE,0.1233127573860515
14-01-2026 14:05||NIFTY27JAN2625200CE,0.1042342154606387
14-01-2026 14:05||NIFTY27JAN2625700CE,0.0947736540937779
14-01-2026 14:05||NIFTY27JAN2625900CE,0.0954368917939165
14-01-2026 14:10||NIFTY27JAN2624200PE,0.1612851425641182
14-01-2026 14:10||NIFTY27JAN2624800PE,0.1234973609254284
14-01-2026 14:10||NIFTY27JAN2625700CE,0.0949698778224474
14-01-2026 14:15||NIFTY27JAN2624600PE,0.1359999000232972
14-01-2026 14:15||NIFTY27JAN2625300CE,0.097004198457246
14-01-2026 14:15||NIFTY27JAN2625900CE,0.0939069480953143
14-01-2026 14:15||NIFTY27JAN2626000CE,0.0946231109149815
14-01-2026 14:15||NIFTY27JAN2626500CE,0.1383559736228641
14-01-2026 14:20||NIFTY27JAN2624400PE,0.1483689401198565
14-01-2026 14:20||NIFTY27JAN2624900PE,0.1196893676496902
14-01-2026 14:20||NIFTY27JAN2625100PE,0.1122952493717028
14-01-2026 14:25||NIFTY27JAN2623800PE,0.1675424550616002
14-01-2026 14:25||NIFTY27JAN2625600CE,0.0988590614016888
14-01-2026 14:25||NIFTY27JAN2626100CE,0.0994266770130328
14-01-2026 14:30||NIFTY27JAN2623900PE,0.1795939766239495
14-01-2026 14:30||NIFTY27JAN2624300PE,0.1531491901342664
14-01-2026 14:30||NIFTY27JAN2624500PE,0.1406564327936224
14-01-2026 14:30||NIFTY27JAN2625000PE,0.1144431185012639
14-01-2026 14:30||NIFTY27JAN2625100PE,0.1107668870527153
14-01-2026 14:30||NIFTY27JAN2625400CE,0.1078214875437199
14-01-2026 14:30||NIFTY27JAN2626000CE,0.0998194209584721
14-01-2026 14:30||NIFTY27JAN2626100CE,0.1007430169002068
14-01-2026 14:30||NIFTY27JAN2626400CE,0.1246346694282007
14-01-2026 14:30||NIFTY27JAN2626500CE,0.1457551336027567
14-01-2026 14:35||NIFTY27JAN2624000PE,0.1744854954032444
14-01-2026 14:35||NIFTY27JAN2624300PE,0.1528133692425147
14-01-2026 14:35||NIFTY27JAN2625500CE,0.1046642029207678
14-01-2026 14:35||NIFTY27JAN2625900CE,0.0986191191068928
14-01-2026 14:35||NIFTY27JAN2626400CE,0.1146062629486415
14-01-2026 14:40||NIFTY27JAN2624300PE,0.1535248699552046
14-01-2026 14:40||NIFTY27JAN2624400PE,0.146684492747994
14-01-2026 14:40||NIFTY27JAN2624500PE,0.1416334159148491
14-01-2026 14:40||NIFTY27JAN2624700PE,0.1289308463101361
14-01-2026 14:40||NIFTY27JAN2624800PE,0.1233865862038537
14-01-2026 14:40||NIFTY27JAN2625000PE,0.1141852730370405
14-01-2026 14:40||NIFTY27JAN2625400CE,0.1049671537583698
14-01-2026 14:40||NIFTY27JAN2625800CE,0.0977806480865043
14-01-2026 14:45||NIFTY27JAN2624500PE,0.1435121200712867
14-01-2026 14:45||NIFTY27JAN2624800PE,0.1253613155571777
14-01-2026 14:45||NIFTY27JAN2625100PE,0.1122059470727946
14-01-2026 14:45||NIFTY27JAN2625400CE,0.1009317096420731
14-01-2026 14:45||NIFTY27JAN2625500CE,0.0997383185640397
14-01-2026 14:45||NIFTY27JAN2625800CE,0.0952975759430207
14-01-2026 14:45||NIFTY27JAN2626100CE,0.0977133932904888
14-01-2026 14:45||NIFTY27JAN2626200CE,0.0995442766901396
14-01-2026 14:45||NIFTY27JAN2626300CE,0.1011993881148208
14-01-2026 14:50||NIFTY27JAN2624400PE,0.151781905922848
14-01-2026 14:50||NIFTY27JAN2624600PE,0.1379668659847866
14-01-2026 14:50||NIFTY27JAN2624900PE,0.1211412486112041
14-01-2026 14:50||NIFTY27JAN2625200CE,0.1000935716365836
14-01-2026 14:50||NIFTY27JAN2625700CE,0.0936601999867063
14-01-2026 14:50||NIFTY27JAN2625800CE,0.0930611475990197
14-01-2026 14:50||NIFTY27JAN2626300CE,0.099756617280851
14-01-2026 14:55||NIFTY27JAN2624100PE,0.1692040742826494
14-01-2026 14:55||NIFTY27JAN2624200PE,0.1628263364502913
14-01-2026 14:55||NIFTY27JAN2624600PE,0.1373471869606202
14-01-2026 14:55||NIFTY27JAN2624800PE,0.1258270369621714
14-01-2026 14:55||NIFTY27JAN2625100PE,0.1114856559513586
14-01-2026 14:55||NIFTY27JAN2625300CE,0.1022190164427815
14-01-2026 14:55||NIFTY27JAN2625400CE,0.1001825589318242
14-01-2026 14:55||NIFTY27JAN2625600CE,0.0952598414782925
14-01-2026 14:55||NIFTY27JAN2626400CE,0.1030363196781262
14-01-2026 15:00||NIFTY27JAN2624300PE,0.156607481059048
14-01-2026 15:00||NIFTY27JAN2624700PE,0.1310604868369106
14-01-2026 15:00||NIFTY27JAN2625800CE,0.0927226571097654
14-01-2026 15:05||NIFTY27JAN2623900PE,0.1826124579770203
14-01-2026 15:05||NIFTY27JAN2624400PE,0.1501319831145817
14-01-2026 15:05||NIFTY27JAN2624800PE,0.1261598607570495
14-01-2026 15:05||NIFTY27JAN2626300CE,0.1009022758224733
14-01-2026 15:10||NIFTY27JAN2624100PE,0.1693703698551203
14-01-2026 15:10||NIFTY27JAN2624500PE,0.1432406975387061
14-01-2026 15:10||NIFTY27JAN2624900PE,0.1210273215367189
14-01-2026 15:10||NIFTY27JAN2625500CE,0.0959611641939239
14-01-2026 15:10||NIFTY27JAN2626200CE,0.0988664030806197
14-01-2026 15:15||NIFTY27JAN2624400PE,0.1485685062103209
14-01-2026 15:15||NIFTY27JAN2624700PE,0.1302060243626715
14-01-2026 15:15||NIFTY27JAN2625100PE,0.1121059142534248
14-01-2026 15:15||NIFTY27JAN2625500CE,0.102063689492823
14-01-2026 15:15||NIFTY27JAN2625900CE,0.0977262069361959
14-01-2026 15:15||NIFTY27JAN2626100CE,0.0987953239703907
14-01-2026 15:20||NIFTY27JAN2624500PE,0.1420455694384898
14-01-2026 15:20||NIFTY27JAN2624800PE,0.1249007855350572
14-01-2026 15:20||NIFTY27JAN2626100CE,0.0991663789229848
14-01-2026 15:20||NIFTY27JAN2626300CE,0.1068685288141958
14-01-2026 15:20||NIFTY27JAN2626400CE,0.1149598408193772
14-01-2026 15:25||NIFTY27JAN2623900PE,0.1854480928896668
14-01-2026 15:25||NIFTY27JAN2624600PE,0.1388861978255559
14-01-2026 15:25||NIFTY27JAN2625100PE,0.1133280388645305
14-01-2026 15:25||NIFTY27JAN2625200CE,0.1240122492414138
14-01-2026 15:25||NIFTY27JAN2626400CE,0.1254210182057286
14-01-2026 15:25||NIFTY27JAN2626500CE,0.1480865804195292
16-01-2026 09:15||NIFTY27JAN2624100PE,0.1706320531492114
16-01-2026 09:15||NIFTY27JAN2624200PE,0.1647684431008304
16-01-2026 09:15||NIFTY27JAN2624300PE,0.1608680030590013
16-01-2026 09:15||NIFTY27JAN2624800PE,0.1296195431818657
16-01-2026 09:15||NIFTY27JAN2625000PE,0.1182405155033377
16-01-2026 09:15||NIFTY27JAN2626000CE,0.0998580548302834
16-01-2026 09:15||NIFTY27JAN2626100CE,0.0998291764609097
16-01-2026 09:20||NIFTY27JAN2624100PE,0.1736754304513089
16-01-2026 09:20||NIFTY27JAN2624400PE,0.1559661874467647
16-01-2026 09:20||NIFTY27JAN2624600PE,0.1416142738488134
16-01-2026 09:20||NIFTY27JAN2625000PE,0.118287839721088
16-01-2026 09:20||NIFTY27JAN2625200CE,0.1378423205287932
16-01-2026 09:20||NIFTY27JAN2625400CE,0.120482212698598
16-01-2026 09:20||NIFTY27JAN2625700CE,0.1073615028293145
16-01-2026 09:20||NIFTY27JAN2626000CE,0.0992687907712128
16-01-2026 09:25||NIFTY27JAN2624600PE,0.1389372836404232
16-01-2026 09:25||NIFTY27JAN2624700PE,0.1332706832733587
16-01-2026 09:25||NIFTY27JAN2625300CE,0.1206056637586475
16-01-2026 09:25||NIFTY27JAN2625600CE,0.1062705914764138
16-01-2026 09:25||NIFTY27JAN2626300CE,0.0999883949179038
16-01-2026 09:25||NIFTY27JAN2626500CE,0.1399588319292911
16-01-2026 09:30||NIFTY27JAN2623800PE,0.1726512246634371
16-01-2026 09:30||NIFTY27JAN2624300PE,0.1575114572136051
16-01-2026 09:30||NIFTY27JAN2624400PE,0.151373932801012
16-01-2026 09:30||NIFTY27JAN2624900PE,0.1213021081507904
16-01-2026 09:30||NIFTY27JAN2625100PE,0.1121498212657194
16-01-2026 09:30||NIFTY27JAN2625500CE,0.1083345551778464
16-01-2026 09:30||NIFTY27JAN2625700CE,0.1014529832420643
16-01-2026 09:30||NIFTY27JAN2625900CE,0.0981818443161729
16-01-2026 09:30||NIFTY27JAN2626000CE,0.0967448416944338
16-01-2026 09:35||NIFTY27JAN2624100PE,0.1708720877755387
16-01-2026 09:35||NIFTY27JAN2624200PE,0.1634320530526153
16-01-2026 09:35||NIFTY27JAN2624800PE,0.1256452438962883
16-01-2026 09:35||NIFTY27JAN2625100PE,0.1110342330034426
16-01-2026 09:35||NIFTY27JAN2626300CE,0.1000828903088564
16-01-2026 09:35||NIFTY27JAN2626400CE,0.1049321425620923
16-01-2026 09:40||NIFTY27JAN2624200PE,0.1639333735405368
16-01-2026 09:40||NIFTY27JAN2624300PE,0.1582400075046956
16-01-2026 09:40||NIFTY27JAN2625900CE,0.1015087253903666
16-01-2026 09:40||NIFTY27JAN2626500CE,0.1397620909286605
16-01-2026 09:45||NIFTY27JAN2623900PE,0.1887450612577866
16-01-2026 09:45||NIFTY27JAN2624500PE,0.1457485320462461
16-01-2026 09:45||NIFTY27JAN2624800PE,0.1231506812646893
16-01-2026 09:45||NIFTY27JAN2624900PE,0.1170227395507193
16-01-2026 09:45||NIFTY27JAN2625400CE,0.1243686945501154
16-01-2026 09:45||NIFTY27JAN2626000CE,0.1008050661451353
16-01-2026 09:45||NIFTY27JAN2626100CE,0.0993924707365377
16-01-2026 09:50||NIFTY27JAN2623900PE,0.1905028954570644
16-01-2026 09:50||NIFTY27JAN2624200PE,0.1692966919978827
16-01-2026 09:50||NIFTY27JAN2624900PE,0.1178815556407814
16-01-2026 09:50||NIFTY27JAN2625500CE,0.1117134518811507
16-01-2026 09:50||NIFTY27JAN2625600CE,0.1069240703359504
16-01-2026 09:50||NIFTY27JAN2625700CE,0.1041210778648966
16-01-2026 09:50||NIFTY27JAN2625800CE,0.1011801306918522
16-01-2026 09:50||NIFTY27JAN2626000CE,0.0988105899267478
16-01-2026 09:50||NIFTY27JAN2626200CE,0.0963011164642935
16-01-2026 09:55||NIFTY27JAN2623800PE,0.1814963484069867
16-01-2026 09:55||NIFTY27JAN2624000PE,0.1848670352791327
16-01-2026 09:55||NIFTY27JAN2624200PE,0.1704428218565352
16-01-2026 09:55||NIFTY27JAN2624500PE,0.1487515412884979
16-01-2026 09:55||NIFTY27JAN2624900PE,0.1184673267820822
16-01-2026 09:55||NIFTY27JAN2625000PE,0.1133551759597615
16-01-2026 09:55||NIFTY27JAN2625300CE,0.1237244747809503
16-01-2026 09:55||NIFTY27JAN2625400CE,0.1169528311891285
16-01-2026 09:55||NIFTY27JAN2625500CE,0.1118699136979868
16-01-2026 09:55||NIFTY27JAN2625700CE,0.1043211663264069
16-01-2026 09:55||NIFTY27JAN2625900CE,0.0981854358911264
16-01-2026 09:55||NIFTY27JAN2626000CE,0.0974571149761694
16-01-2026 09:55||NIFTY27JAN2626400CE,0.1268287199461558
16-01-2026 09:55||NIFTY27JAN2626500CE,0.1524252759693761
16-01-2026 10:00||NIFTY27JAN2624000PE,0.1842150262496523
16-01-2026 10:00||NIFTY27JAN2625400CE,0.123482462818501
16-01-2026 10:00||NIFTY27JAN2625900CE,0.100662291639762
16-01-2026 10:00||NIFTY27JAN2626000CE,0.0989614400857493
16-01-2026 10:00||NIFTY27JAN2626400CE,0.1371744542925332
16-01-2026 10:00||NIFTY27JAN2626500CE,0.1620170784455872
16-01-2026 10:05||NIFTY27JAN2624000PE,0.1844088371530166
16-01-2026 10:05||NIFTY27JAN2624100PE,0.1783670428078785
16-01-2026 10:05||NIFTY27JAN2624400PE,0.1575654467416963
16-01-2026 10:05||NIFTY27JAN2625100PE,0.1105356685798637
16-01-2026 10:05||NIFTY27JAN2625700CE,0.1102424421809649
16-01-2026 10:05||NIFTY27JAN2626400CE,0.1312059308629856
16-01-2026 10:05||NIFTY27JAN2626500CE,0.1559175493003192
16-01-2026 10:10||NIFTY27JAN2623900PE,0.1948466325887856
16-01-2026 10:10||NIFTY27JAN2624800PE,0.1296459935342083
16-01-2026 10:10||NIFTY27JAN2625300CE,0.1384409892321323
16-01-2026 10:10||NIFTY27JAN2625600CE,0.1205971006547029
16-01-2026 10:10||NIFTY27JAN2626100CE,0.1026437293328759
16-01-2026 10:10||NIFTY27JAN2626400CE,0.1138751428260076
16-01-2026 10:15||NIFTY27JAN2623800PE,0.1790351674786333
16-01-2026 10:15||NIFTY27JAN2624400PE,0.1615684379569622
16-01-2026 10:15||NIFTY27JAN2624500PE,0.1540361661895317
16-01-2026 10:15||NIFTY27JAN2625300CE,0.1468829939028853
16-01-2026 10:20||NIFTY27JAN2623800PE,0.1812308786591869
16-01-2026 10:20||NIFTY27JAN2624300PE,0.1732792124578989
16-01-2026 10:20||NIFTY27JAN2624500PE,0.1579949694417335
16-01-2026 10:20||NIFTY27JAN2624800PE,0.1367869071826082
16-01-2026 10:20||NIFTY27JAN2625700CE,0.1207238996460366
16-01-2026 10:20||NIFTY27JAN2625900CE,0.1116450615906999
16-01-2026 10:20||NIFTY27JAN2626400CE,0.1057703775638318
16-01-2026 10:25||NIFTY27JAN2624000PE,0.196942253929314
16-01-2026 10:25||NIFTY27JAN2624200PE,0.1811337092154292
16-01-2026 10:25||NIFTY27JAN2624300PE,0.1742199527539119
16-01-2026 10:25||NIFTY27JAN2624600PE,0.1529423449657563
16-01-2026 10:25||NIFTY27JAN2625400CE,0.1349544781755341
16-01-2026 10:25||NIFTY27JAN2626000CE,0.1047049003055614
16-01-2026 10:30||NIFTY27JAN2624200PE,0.1824133023533901
16-01-2026 10:30||NIFTY27JAN2624400PE,0.1686900986549341
16-01-2026 10:30||NIFTY27JAN2624800PE,0.139535585167209
16-01-2026 10:30||NIFTY27JAN2625500CE,0.1254825891102526
16-01-2026 10:35||NIFTY27JAN2624000PE,0.1979758279139653
16-01-2026 10:35||NIFTY27JAN2624200PE,0.1835256005182583
16-01-2026 10:35||NIFTY27JAN2624900PE,0.1331454772306665
16-01-2026 10:35||NIFTY27JAN2625100PE,0.1232203044686804
16-01-2026 10:35||NIFTY27JAN2625200CE,0.1347018549312804
16-01-2026 10:35||NIFTY27JAN2625600CE,0.1135343653745207
16-01-2026 10:35||NIFTY27JAN2626300CE,0.0984176025482526
16-01-2026 10:35||NIFTY27JAN2626400CE,0.0994406800198322
16-01-2026 10:40||NIFTY27JAN2623800PE,0.18161892655297
16-01-2026 10:40||NIFTY27JAN2624200PE,0.1840189150890563
16-01-2026 10:40||NIFTY27JAN2624700PE,0.1475925397417271
16-01-2026 10:40||NIFTY27JAN2624900PE,0.1333359763967156
16-01-2026 10:40||NIFTY27JAN2626200CE,0.0971459378296215
16-01-2026 10:45||NIFTY27JAN2623800PE,0.1812688713485565
16-01-2026 10:45||NIFTY27JAN2624000PE,0.1974990281648241
16-01-2026 10:45||NIFTY27JAN2624400PE,0.1684893146951654
16-01-2026 10:45||NIFTY27JAN2624600PE,0.1536144376882653
16-01-2026 10:45||NIFTY27JAN2624900PE,0.1330198258725598
16-01-2026 10:45||NIFTY27JAN2625200CE,0.1322354237754587
16-01-2026 10:50||NIFTY27JAN2624200PE,0.1795029590893241
16-01-2026 10:50||NIFTY27JAN2624300PE,0.1723557401290954
16-01-2026 10:50||NIFTY27JAN2624400PE,0.1668989379332618
16-01-2026 10:50||NIFTY27JAN2624600PE,0.1528927206576381
16-01-2026 10:50||NIFTY27JAN2625400CE,0.1279601344341459
16-01-2026 10:50||NIFTY27JAN2626300CE,0.0986147943880202
16-01-2026 10:50||NIFTY27JAN2626400CE,0.1026446669203277
16-01-2026 10:55||NIFTY27JAN2623800PE,0.1855896029394399
16-01-2026 10:55||NIFTY27JAN2623900PE,0.2016315949308295
16-01-2026 10:55||NIFTY27JAN2624900PE,0.1310089174918119
16-01-2026 10:55||NIFTY27JAN2625400CE,0.1251011041311168
16-01-2026 10:55||NIFTY27JAN2625800CE,0.1035607442171425
16-01-2026 10:55||NIFTY27JAN2625900CE,0.1005950817665866
16-01-2026 10:55||NIFTY27JAN2626100CE,0.0969522310408338
16-01-2026 10:55||NIFTY27JAN2626500CE,0.1400993837241387
16-01-2026 11:00||NIFTY27JAN2624400PE,0.1664280748097238
16-01-2026 11:00||NIFTY27JAN2624900PE,0.1295610903037959
16-01-2026 11:00||NIFTY27JAN2625000PE,0.123748375487954
16-01-2026 11:00||NIFTY27JAN2625300CE,0.1369892995284818
16-01-2026 11:00||NIFTY27JAN2626000CE,0.0991851278730352
16-01-2026 11:00||NIFTY27JAN2626100CE,0.0971713271294652
16-01-2026 11:05||NIFTY27JAN2624300PE,0.1722788748490968
16-01-2026 11:05||NIFTY27JAN2624400PE,0.1653993784249379
16-01-2026 11:05||NIFTY27JAN2625100PE,0.1210221644763136
16-01-2026 11:05||NIFTY27JAN2626100CE,0.0978293462697939
16-01-2026 11:10||NIFTY27JAN2624000PE,0.1934571244638133
16-01-2026 11:10||NIFTY27JAN2625800CE,0.1037592161151726
16-01-2026 11:10||NIFTY27JAN2626000CE,0.0983820555460686
16-01-2026 11:15||NIFTY27JAN2623900PE,0.198512007320609
16-01-2026 11:15||NIFTY27JAN2624600PE,0.150198582155723
16-01-2026 11:15||NIFTY27JAN2625800CE,0.10184266803282
16-01-2026 11:15||NIFTY27JAN2626200CE,0.0956785149021379
16-01-2026 11:20||NIFTY27JAN2623800PE,0.1772794633218778
16-01-2026 11:20||NIFTY27JAN2624000PE,0.189723402181543
16-01-2026 11:20||NIFTY27JAN2624100PE,0.1831465271879868
16-01-2026 11:20||NIFTY27JAN2624900PE,0.1296042558328733
16-01-2026 11:20||NIFTY27JAN2625900CE,0.1001165911673467
16-01-2026 11:20||NIFTY27JAN2626000CE,0.0979870304652377
16-01-2026 11:20||NIFTY27JAN2626200CE,0.0965741090693783
16-01-2026 11:25||NIFTY27JAN2624200PE,0.1767771679578217
16-01-2026 11:25||NIFTY27JAN2624800PE,0.1356525777406621
16-01-2026 11:25||NIFTY27JAN2625000PE,0.1232604023333913
16-01-2026 11:25||NIFTY27JAN2626300CE,0.097474698581464
16-01-2026 11:30||NIFTY27JAN2624300PE,0.1699579604538996
16-01-2026 11:30||NIFTY27JAN2625600CE,0.1077333256056814
16-01-2026 11:30||NIFTY27JAN2626500CE,0.1419229975265146
16-01-2026 11:35||NIFTY27JAN2624500PE,0.1544941897155969
16-01-2026 11:35||NIFTY27JAN2624800PE,0.1355900299489541
16-01-2026 11:35||NIFTY27JAN2625300CE,0.1205852234684129
16-01-2026 11:35||NIFTY27JAN2625500CE,0.1098103746423025
16-01-2026 11:35||NIFTY27JAN2626200CE,0.095603003538126
16-01-2026 11:40||NIFTY27JAN2624400PE,0.1599557086165366
16-01-2026 11:40||NIFTY27JAN2624500PE,0.153191152070736
16-01-2026 11:40||NIFTY27JAN2625500CE,0.1121729019438868
16-01-2026 11:40||NIFTY27JAN2626100CE,0.0964416302024864
16-01-2026 11:45||NIFTY27JAN2624300PE,0.1680628839853479
16-01-2026 11:45||NIFTY27JAN2625000PE,0.1215317267841869
16-01-2026 11:45||NIFTY27JAN2625400CE,0.121517639967863
16-01-2026 11:50||NIFTY27JAN2623900PE,0.1966011670344559
16-01-2026 11:50||NIFTY27JAN2624300PE,0.1685179269816739
16-01-2026 11:50||NIFTY27JAN2625500CE,0.1119073973452214
16-01-2026 11:55||NIFTY27JAN2624000PE,0.1882901438314339
16-01-2026 11:55||NIFTY27JAN2624500PE,0.153228245048744
16-01-2026 11:55||NIFTY27JAN2624800PE,0.1330162735927358
16-01-2026 11:55||NIFTY27JAN2625000PE,0.1230731092175939
16-01-2026 11:55||NIFTY27JAN2625100PE,0.118493589359567
16-01-2026 11:55||NIFTY27JAN2626200CE,0.0975297328689308
16-01-2026 12:00||NIFTY27JAN2623900PE,0.1932939799451114
16-01-2026 12:00||NIFTY27JAN2624000PE,0.1868064659534106
16-01-2026 12:00||NIFTY27JAN2624200PE,0.1738580291320581
16-01-2026 12:00||NIFTY27JAN2624400PE,0.1594096218085421
16-01-2026 12:00||NIFTY27JAN2624800PE,0.1313426288761176
16-01-2026 12:00||NIFTY27JAN2624900PE,0.1254501313567537
16-01-2026 12:00||NIFTY27JAN2625200CE,0.1307063689627836
16-01-2026 12:00||NIFTY27JAN2626200CE,0.100740588336681
16-01-2026 12:05||NIFTY27JAN2623800PE,0.1757841876823958
16-01-2026 12:05||NIFTY27JAN2624200PE,0.1736262852138128
16-01-2026 12:05||NIFTY27JAN2624500PE,0.1520509591926921
16-01-2026 12:05||NIFTY27JAN2624800PE,0.132100472664369
16-01-2026 12:05||NIFTY27JAN2625000PE,0.1196266668085583
16-01-2026 12:05||NIFTY27JAN2625200CE,0.1426967329559208
16-01-2026 12:05||NIFTY27JAN2625900CE,0.1098841519516931
16-01-2026 12:10||NIFTY27JAN2624800PE,0.1325142768120587
16-01-2026 12:10||NIFTY27JAN2625100PE,0.117215890218972
16-01-2026 12:10||NIFTY27JAN2625300CE,0.1404972230293408
16-01-2026 12:10||NIFTY27JAN2625800CE,0.1129412378823036
16-01-2026 12:10||NIFTY27JAN2626000CE,0.1051931429535807
16-01-2026 12:10||NIFTY27JAN2626100CE,0.1023299076319991
16-01-2026 12:15||NIFTY27JAN2624000PE,0.1899398100445435
16-01-2026 12:15||NIFTY27JAN2624600PE,0.1462353045888916
16-01-2026 12:15||NIFTY27JAN2624800PE,0.1319983525156371
16-01-2026 12:15||NIFTY27JAN2624900PE,0.126052048335623
16-01-2026 12:15||NIFTY27JAN2625000PE,0.1214630172498302
16-01-2026 12:15||NIFTY27JAN2625800CE,0.1080288360000321
16-01-2026 12:15||NIFTY27JAN2626000CE,0.1024000922027072
16-01-2026 12:20||NIFTY27JAN2623900PE,0.1967887568745445
16-01-2026 12:20||NIFTY27JAN2624300PE,0.167855989668488
16-01-2026 12:20||NIFTY27JAN2624500PE,0.1522191390711967
16-01-2026 12:20||NIFTY27JAN2624900PE,0.1281645481578016
16-01-2026 12:20||NIFTY27JAN2625400CE,0.1078134356844378
16-01-2026 12:20||NIFTY27JAN2625600CE,0.0995060757343059
16-01-2026 12:20||NIFTY27JAN2625700CE,0.0975856734939486
16-01-2026 12:25||NIFTY27JAN2623800PE,0.1742213307446176
16-01-2026 12:25||NIFTY27JAN2624500PE,0.1505758654361593
16-01-2026 12:25||NIFTY27JAN2624700PE,0.1370484742295105
16-01-2026 12:25||NIFTY27JAN2624800PE,0.1316302835956243
16-01-2026 12:25||NIFTY27JAN2625000PE,0.1230488402055269
16-01-2026 12:25||NIFTY27JAN2625100PE,0.1182084902845006
16-01-2026 12:25||NIFTY27JAN2626400CE,0.1000356145455173
16-01-2026 12:30||NIFTY27JAN2623800PE,0.1725752262170987
16-01-2026 12:30||NIFTY27JAN2624400PE,0.1554266725947125
16-01-2026 12:30||NIFTY27JAN2624600PE,0.1416068668287167
16-01-2026 12:35||NIFTY27JAN2623800PE,0.1715389624201846
16-01-2026 12:35||NIFTY27JAN2623900PE,0.1904132146655955
16-01-2026 12:35||NIFTY27JAN2624800PE,0.1290125333828747
16-01-2026 12:35||NIFTY27JAN2625600CE,0.1121925469953099
16-01-2026 12:35||NIFTY27JAN2625700CE,0.1085185591051334
16-01-2026 12:35||NIFTY27JAN2625800CE,0.1076518698041801
16-01-2026 12:35||NIFTY27JAN2625900CE,0.1073583427863389
16-01-2026 12:35||NIFTY27JAN2626000CE,0.1034495498882789
16-01-2026 12:35||NIFTY27JAN2626200CE,0.0997747677837001
16-01-2026 12:40||NIFTY27JAN2623800PE,0.1727079816602985
16-01-2026 12:40||NIFTY27JAN2625200CE,0.1254486564073217
16-01-2026 12:40||NIFTY27JAN2625900CE,0.1054492639262735
16-01-2026 12:45||NIFTY27JAN2624000PE,0.1833767152438999
16-01-2026 12:45||NIFTY27JAN2624800PE,0.1290981887738322
16-01-2026 12:45||NIFTY27JAN2625700CE,0.1059037434232836
16-01-2026 12:45||NIFTY27JAN2625900CE,0.1038531428104435
16-01-2026 12:45||NIFTY27JAN2626000CE,0.0996576052635694
16-01-2026 12:45||NIFTY27JAN2626300CE,0.1005162625058004
16-01-2026 12:50||NIFTY27JAN2624300PE,0.1617692371879416
16-01-2026 12:50||NIFTY27JAN2626000CE,0.0992011424344555
16-01-2026 12:50||NIFTY27JAN2626200CE,0.0995011574850784
16-01-2026 12:55||NIFTY27JAN2623900PE,0.1906701887250748
16-01-2026 12:55||NIFTY27JAN2624700PE,0.1335455846670228
16-01-2026 12:55||NIFTY27JAN2624900PE,0.123055046849021
16-01-2026 12:55||NIFTY27JAN2625500CE,0.110687315892976
16-01-2026 12:55||NIFTY27JAN2625800CE,0.101659699597427
16-01-2026 13:00||NIFTY27JAN2623800PE,0.1722790686009112
16-01-2026 13:00||NIFTY27JAN2624700PE,0.1319704147534802
16-01-2026 13:00||NIFTY27JAN2624800PE,0.1267131486328945
16-01-2026 13:00||NIFTY27JAN2625400CE,0.1119777315466231
16-01-2026 13:00||NIFTY27JAN2625900CE,0.0990836033128103
16-01-2026 13:00||NIFTY27JAN2626000CE,0.0982503030918666
16-01-2026 13:05||NIFTY27JAN2624100PE,0.1737339967772642
16-01-2026 13:05||NIFTY27JAN2625000PE,0.1156127859109261
16-01-2026 13:05||NIFTY27JAN2625300CE,0.1218327726024652
16-01-2026 13:10||NIFTY27JAN2625200CE,0.1305963574779214
16-01-2026 13:15||NIFTY27JAN2623800PE,0.1705834819002481
16-01-2026 13:15||NIFTY27JAN2624100PE,0.1718209015416375
16-01-2026 13:15||NIFTY27JAN2624600PE,0.1353353414148695
16-01-2026 13:15||NIFTY27JAN2624700PE,0.1291152447468504
16-01-2026 13:15||NIFTY27JAN2625800CE,0.1012479734170364
16-01-2026 13:15||NIFTY27JAN2626100CE,0.0999284833633159
16-01-2026 13:15||NIFTY27JAN2626200CE,0.1002023329292435
16-01-2026 13:20||NIFTY27JAN2624300PE,0.1553120064201347
16-01-2026 13:20||NIFTY27JAN2624700PE,0.1285280895757261
16-01-2026 13:20||NIFTY27JAN2625100PE,0.1097399100802743
16-01-2026 13:20||NIFTY27JAN2625600CE,0.1097237245375663
16-01-2026 13:20||NIFTY27JAN2626100CE,0.101137795717261
16-01-2026 13:25||NIFTY27JAN2623900PE,0.1840669647177903
16-01-2026 13:25||NIFTY27JAN2624300PE,0.1531128280518638
16-01-2026 13:25||NIFTY27JAN2624400PE,0.1470121354090705
16-01-2026 13:25||NIFTY27JAN2625200CE,0.1303458317019055
16-01-2026 13:25||NIFTY27JAN2625300CE,0.1240675377076713
16-01-2026 13:25||NIFTY27JAN2625500CE,0.114935410767057
16-01-2026 13:25||NIFTY27JAN2625800CE,0.1043365198504709
16-01-2026 13:25||NIFTY27JAN2626400CE,0.1229829532526026
16-01-2026 13:25||NIFTY27JAN2626500CE,0.1457977933978159
16-01-2026 13:30||NIFTY27JAN2624000PE,0.1761154912209799
16-01-2026 13:30||NIFTY27JAN2624200PE,0.1611410160247355
16-01-2026 13:30||NIFTY27JAN2624400PE,0.1471482940389016
16-01-2026 13:30||NIFTY27JAN2624900PE,0.1167800026801541
16-01-2026 13:30||NIFTY27JAN2625000PE,0.1121276316296967
16-01-2026 13:30||NIFTY27JAN2625200CE,0.1331171887532305
16-01-2026 13:35||NIFTY27JAN2624400PE,0.1472763076459749
16-01-2026 13:35||NIFTY27JAN2624500PE,0.1413017745604147
16-01-2026 13:35||NIFTY27JAN2624900PE,0.1183002422979124
16-01-2026 13:35||NIFTY27JAN2625500CE,0.112330300149864
16-01-2026 13:35||NIFTY27JAN2626100CE,0.1004472086150954
16-01-2026 13:35||NIFTY27JAN2626400CE,0.1090445916276245
16-01-2026 13:40||NIFTY27JAN2623900PE,0.1846019695661022
16-01-2026 13:40||NIFTY27JAN2624500PE,0.1423208854255236
16-01-2026 13:40||NIFTY27JAN2624700PE,0.1299675376142798
16-01-2026 13:40||NIFTY27JAN2625200CE,0.1369965267126203
16-01-2026 13:40||NIFTY27JAN2625300CE,0.1278548175723074
16-01-2026 13:40||NIFTY27JAN2625900CE,0.1023115298285146
16-01-2026 13:40||NIFTY27JAN2626000CE,0.1010243584542121
16-01-2026 13:40||NIFTY27JAN2626200CE,0.1016529699021467
16-01-2026 13:40||NIFTY27JAN2626500CE,0.1417765464263668
16-01-2026 13:45||NIFTY27JAN2623900PE,0.1853439463356579
16-01-2026 13:45||NIFTY27JAN2624100PE,0.17022456999822
16-01-2026 13:45||NIFTY27JAN2624500PE,0.1433812196263739
16-01-2026 13:50||NIFTY27JAN2624700PE,0.1315032489803183
16-01-2026 13:50||NIFTY27JAN2625900CE,0.0988840744761768
16-01-2026 13:50||NIFTY27JAN2626000CE,0.098444863911015
16-01-2026 13:55||NIFTY27JAN2623900PE,0.1854424939927722
16-01-2026 13:55||NIFTY27JAN2624200PE,0.1614596792907499
16-01-2026 13:55||NIFTY27JAN2624300PE,0.1552588026968499
16-01-2026 13:55||NIFTY27JAN2625000PE,0.1176005721045449
16-01-2026 13:55||NIFTY27JAN2625700CE,0.1005883890588833
16-01-2026 13:55||NIFTY27JAN2626100CE,0.0986305764839611
16-01-2026 14:00||NIFTY27JAN2624500PE,0.1422871367233202
16-01-2026 14:00||NIFTY27JAN2624900PE,0.1220252018821005
16-01-2026 14:00||NIFTY27JAN2625000PE,0.1187643819226074
16-01-2026 14:00||NIFTY27JAN2625100PE,0.1147313098999461
16-01-2026 14:00||NIFTY27JAN2626000CE,0.0986946474171042
16-01-2026 14:05||NIFTY27JAN2624100PE,0.1704280742970438
16-01-2026 14:05||NIFTY27JAN2625500CE,0.1047714103849075
16-01-2026 14:05||NIFTY27JAN2625800CE,0.099373047969477
16-01-2026 14:05||NIFTY27JAN2626100CE,0.0989774502698289
16-01-2026 14:10||NIFTY27JAN2624500PE,0.1426055757047983
16-01-2026 14:10||NIFTY27JAN2625100PE,0.1118490819795339
16-01-2026 14:10||NIFTY27JAN2625500CE,0.1067914234898125
16-01-2026 14:10||NIFTY27JAN2626400CE,0.1243803442644155
16-01-2026 14:10||NIFTY27JAN2626500CE,0.147911765946692
16-01-2026 14:15||NIFTY27JAN2624300PE,0.1561209930492746
16-01-2026 14:15||NIFTY27JAN2624600PE,0.1357944768064678
16-01-2026 14:15||NIFTY27JAN2624900PE,0.1190287735385108
16-01-2026 14:15||NIFTY27JAN2625500CE,0.1096312068117245
16-01-2026 14:20||NIFTY27JAN2624200PE,0.1639131525269068
16-01-2026 14:20||NIFTY27JAN2624800PE,0.1247948947397615
16-01-2026 14:20||NIFTY27JAN2625100PE,0.1111095580621437
16-01-2026 14:20||NIFTY27JAN2626000CE,0.098718925763969
16-01-2026 14:20||NIFTY27JAN2626300CE,0.1031703144810235
16-01-2026 14:25||NIFTY27JAN2623900PE,0.1871439031676784
16-01-2026 14:25||NIFTY27JAN2624900PE,0.1200734530664763
16-01-2026 14:25||NIFTY27JAN2625100PE,0.1116450505988503
16-01-2026 14:25||NIFTY27JAN2625500CE,0.1074510998186438
16-01-2026 14:25||NIFTY27JAN2626500CE,0.1418597451696667
16-01-2026 14:30||NIFTY27JAN2623800PE,0.1751569861413046
16-01-2026 14:30||NIFTY27JAN2624300PE,0.1576673862666182
16-01-2026 14:30||NIFTY27JAN2626300CE,0.1024832395707835
16-01-2026 14:35||NIFTY27JAN2623800PE,0.1785964790573762
16-01-2026 14:35||NIFTY27JAN2624800PE,0.1229482873822198
16-01-2026 14:35||NIFTY27JAN2624900PE,0.1174151240397515
16-01-2026 14:35||NIFTY27JAN2625000PE,0.1139249898187897
16-01-2026 14:35||NIFTY27JAN2625300CE,0.1158456763148078
16-01-2026 14:35||NIFTY27JAN2625900CE,0.0986040502818178
16-01-2026 14:35||NIFTY27JAN2626100CE,0.0997012870906115
16-01-2026 14:35||NIFTY27JAN2626200CE,0.1010359649701077
16-01-2026 14:35||NIFTY27JAN2626300CE,0.1021347291064343
16-01-2026 14:35||NIFTY27JAN2626500CE,0.1446103556429008
16-01-2026 14:40||NIFTY27JAN2624200PE,0.1641286525347602
16-01-2026 14:40||NIFTY27JAN2624600PE,0.1374763343802767
16-01-2026 14:40||NIFTY27JAN2624900PE,0.1188779293511742
16-01-2026 14:40||NIFTY27JAN2625800CE,0.0982405989602087
16-01-2026 14:40||NIFTY27JAN2626500CE,0.1452444658666856
16-01-2026 14:45||NIFTY27JAN2623900PE,0.1830996054894177
16-01-2026 14:45||NIFTY27JAN2624000PE,0.1749344150254904
16-01-2026 14:45||NIFTY27JAN2624100PE,0.1681407680340685
16-01-2026 14:45||NIFTY27JAN2625000PE,0.1151101200003288
16-01-2026 14:45||NIFTY27JAN2625300CE,0.1150142620369428
16-01-2026 14:45||NIFTY27JAN2625600CE,0.1037386259230673
16-01-2026 14:45||NIFTY27JAN2626300CE,0.1024438909089547
16-01-2026 14:45||NIFTY27JAN2626400CE,0.1079676073929292
16-01-2026 14:50||NIFTY27JAN2623900PE,0.1845335047378512
16-01-2026 14:50||NIFTY27JAN2624100PE,0.1666640203490705
16-01-2026 14:50||NIFTY27JAN2624200PE,0.1596476296948042
16-01-2026 14:50||NIFTY27JAN2624300PE,0.1550876135982969
16-01-2026 14:50||NIFTY27JAN2624700PE,0.1308508380667563
16-01-2026 14:50||NIFTY27JAN2625100PE,0.1121070191120338
16-01-2026 14:55||NIFTY27JAN2624200PE,0.1614006937266255
16-01-2026 14:55||NIFTY27JAN2624900PE,0.1196916860648595
16-01-2026 14:55||NIFTY27JAN2625200CE,0.1212901993375044
16-01-2026 14:55||NIFTY27JAN2625300CE,0.1134127941217968
16-01-2026 14:55||NIFTY27JAN2625600CE,0.1027004924456381
16-01-2026 14:55||NIFTY27JAN2625700CE,0.0998320899591211
16-01-2026 14:55||NIFTY27JAN2625800CE,0.0986327939857116
16-01-2026 15:00||NIFTY27JAN2624000PE,0.1779722825369835
16-01-2026 15:00||NIFTY27JAN2624800PE,0.1246906889660343
16-01-2026 15:00||NIFTY27JAN2624900PE,0.1196107293255393
16-01-2026 15:00||NIFTY27JAN2625500CE,0.1042437215755352
16-01-2026 15:05||NIFTY27JAN2623900PE,0.1856255981125001
16-01-2026 15:05||NIFTY27JAN2624100PE,0.1684176443086949
16-01-2026 15:05||NIFTY27JAN2624200PE,0.1615659568164433
16-01-2026 15:05||NIFTY27JAN2624600PE,0.1366165633373025
16-01-2026 15:05||NIFTY27JAN2624900PE,0.1201548368200346
16-01-2026 15:05||NIFTY27JAN2626200CE,0.0979880652494734
16-01-2026 15:10||NIFTY27JAN2623900PE,0.1851332265758789
16-01-2026 15:10||NIFTY27JAN2624700PE,0.1287801069725253
16-01-2026 15:10||NIFTY27JAN2624800PE,0.1239793712308381
16-01-2026 15:10||NIFTY27JAN2625100PE,0.1121099873042455
16-01-2026 15:10||NIFTY27JAN2625600CE,0.1023845137115057
16-01-2026 15:15||NIFTY27JAN2623800PE,0.1721112378269002
16-01-2026 15:15||NIFTY27JAN2624200PE,0.1609596403482184
16-01-2026 15:15||NIFTY27JAN2624400PE,0.1465433528741325
16-01-2026 15:15||NIFTY27JAN2624500PE,0.1409178401586726
16-01-2026 15:15||NIFTY27JAN2624700PE,0.1282901402894383
16-01-2026 15:15||NIFTY27JAN2624800PE,0.1233634739806132
16-01-2026 15:15||NIFTY27JAN2625000PE,0.1149492001137474
16-01-2026 15:15||NIFTY27JAN2625300CE,0.1163727508498152
16-01-2026 15:15||NIFTY27JAN2625500CE,0.1067204812258689
16-01-2026 15:15||NIFTY27JAN2626000CE,0.0975413276857947
16-01-2026 15:15||NIFTY27JAN2626100CE,0.0967341952678589
16-01-2026 15:15||NIFTY27JAN2626300CE,0.1047614216308608
16-01-2026 15:20||NIFTY27JAN2623900PE,0.1841599921888694
16-01-2026 15:20||NIFTY27JAN2624000PE,0.1769347694199289
16-01-2026 15:20||NIFTY27JAN2624200PE,0.1614895188889109
16-01-2026 15:20||NIFTY27JAN2624400PE,0.1471550053433232
16-01-2026 15:20||NIFTY27JAN2624600PE,0.1356050730332773
16-01-2026 15:20||NIFTY27JAN2624800PE,0.1242625411666106
16-01-2026 15:20||NIFTY27JAN2625500CE,0.1067361987478055
16-01-2026 15:20||NIFTY27JAN2625900CE,0.0982962337024051
16-01-2026 15:20||NIFTY27JAN2626100CE,0.0960486079122163
16-01-2026 15:20||NIFTY27JAN2626400CE,0.1339090314570497
16-01-2026 15:20||NIFTY27JAN2626500CE,0.1581983452444129
16-01-2026 15:25||NIFTY27JAN2626400CE,0.1405787232518862
16-01-2026 15:25||NIFTY27JAN2626500CE,0.1649912456431362
19-01-2026 09:15||NIFTY27JAN2624700PE,0.135040594707429
19-01-2026 09:15||NIFTY27JAN2624900PE,0.1240137336256261
19-01-2026 09:15||NIFTY27JAN2625400CE,0.1086667888830049
19-01-2026 09:15||NIFTY27JAN2625500CE,0.1066844349757499
19-01-2026 09:15||NIFTY27JAN2625900CE,0.1071620889927406
19-01-2026 09:15||NIFTY27JAN2626300CE,0.1211346353475033
19-01-2026 09:15||NIFTY27JAN2626400CE,0.1329752319571563
19-01-2026 09:20||NIFTY27JAN2624600PE,0.1441545731586796
19-01-2026 09:20||NIFTY27JAN2625700CE,0.1109357288679153
19-01-2026 09:20||NIFTY27JAN2626100CE,0.1174605714635495
19-01-2026 09:20||NIFTY27JAN2626400CE,0.1286205855556789
19-01-2026 09:25||NIFTY27JAN2624500PE,0.150979706184342
19-01-2026 09:25||NIFTY27JAN2625500CE,0.1063759391517521
19-01-2026 09:25||NIFTY27JAN2625600CE,0.1090346237440567
19-01-2026 09:25||NIFTY27JAN2625700CE,0.1108892897326017
19-01-2026 09:25||NIFTY27JAN2626100CE,0.1181821795526228
19-01-2026 09:25||NIFTY27JAN2626200CE,0.1195605159245647
19-01-2026 09:25||NIFTY27JAN2626400CE,0.131488101795974
19-01-2026 09:30||NIFTY27JAN2623800PE,0.1915860578202202
19-01-2026 09:30||NIFTY27JAN2624000PE,0.1924574437587696
19-01-2026 09:30||NIFTY27JAN2624200PE,0.1728966824288356
19-01-2026 09:30||NIFTY27JAN2624300PE,0.1650853522498619
19-01-2026 09:30||NIFTY27JAN2624400PE,0.1582256387797266
19-01-2026 09:30||NIFTY27JAN2624800PE,0.1290009453946397
19-01-2026 09:30||NIFTY27JAN2625400CE,0.1124321428659486
19-01-2026 09:30||NIFTY27JAN2625800CE,0.1091111528814233
19-01-2026 09:30||NIFTY27JAN2626500CE,0.1598015189767241
19-01-2026 09:35||NIFTY27JAN2624500PE,0.1495946145760305
19-01-2026 09:35||NIFTY27JAN2624800PE,0.1296854313137599
19-01-2026 09:35||NIFTY27JAN2625500CE,0.1117634634551485
19-01-2026 09:35||NIFTY27JAN2625600CE,0.1113306953015086
19-01-2026 09:35||NIFTY27JAN2626200CE,0.1204790912574586
19-01-2026 09:40||NIFTY27JAN2624100PE,0.1827853340938264
19-01-2026 09:40||NIFTY27JAN2624200PE,0.1752689001334807
19-01-2026 09:40||NIFTY27JAN2624400PE,0.1560235625138467
19-01-2026 09:40||NIFTY27JAN2624500PE,0.1473754918155224
19-01-2026 09:40||NIFTY27JAN2624600PE,0.1419272695311467
19-01-2026 09:40||NIFTY27JAN2624900PE,0.1247309629885407
19-01-2026 09:40||NIFTY27JAN2625700CE,0.1067647391622802
19-01-2026 09:40||NIFTY27JAN2626200CE,0.1209962040791004
19-01-2026 09:40||NIFTY27JAN2626300CE,0.1236396676951517
19-01-2026 09:40||NIFTY27JAN2626500CE,0.1603969374805367
19-01-2026 09:45||NIFTY27JAN2623900PE,0.1970747777595886
19-01-2026 09:45||NIFTY27JAN2624000PE,0.1895278703843264
19-01-2026 09:45||NIFTY27JAN2626200CE,0.1194076458232755
19-01-2026 09:50||NIFTY27JAN2623900PE,0.1987819746785014
19-01-2026 09:50||NIFTY27JAN2624700PE,0.1351963971594237
19-01-2026 09:50||NIFTY27JAN2624800PE,0.1297185899384585
19-01-2026 09:50||NIFTY27JAN2625300CE,0.103491967293569
19-01-2026 09:50||NIFTY27JAN2625900CE,0.1060455325255833
19-01-2026 09:50||NIFTY27JAN2626200CE,0.1172056135857664
19-01-2026 09:55||NIFTY27JAN2624700PE,0.1355992180170982
19-01-2026 09:55||NIFTY27JAN2625400CE,0.1027480172037615
19-01-2026 09:55||NIFTY27JAN2625700CE,0.1038619185126672
19-01-2026 09:55||NIFTY27JAN2626400CE,0.1284711465770772
19-01-2026 10:00||NIFTY27JAN2624400PE,0.1568141813610513
19-01-2026 10:00||NIFTY27JAN2625000PE,0.1186986436021035
19-01-2026 10:00||NIFTY27JAN2625700CE,0.1070146555998041
19-01-2026 10:00||NIFTY27JAN2625900CE,0.1090691987296826
19-01-2026 10:05||NIFTY27JAN2624500PE,0.1472917724531204
19-01-2026 10:05||NIFTY27JAN2624800PE,0.1277897323801474
19-01-2026 10:05||NIFTY27JAN2625200CE,0.1146016583829456
19-01-2026 10:05||NIFTY27JAN2625500CE,0.1105387410478926
19-01-2026 10:05||NIFTY27JAN2626100CE,0.1176636975658391
19-01-2026 10:05||NIFTY27JAN2626200CE,0.1216044431523733
19-01-2026 10:10||NIFTY27JAN2623800PE,0.1882483933337917
19-01-2026 10:10||NIFTY27JAN2624200PE,0.1727334562012953
19-01-2026 10:10||NIFTY27JAN2624400PE,0.1555881277798852
19-01-2026 10:10||NIFTY27JAN2625100PE,0.1147537070270848
19-01-2026 10:15||NIFTY27JAN2624200PE,0.1731912852436562
19-01-2026 10:15||NIFTY27JAN2624400PE,0.1565009656735529
19-01-2026 10:15||NIFTY27JAN2624700PE,0.1339662876015894
19-01-2026 10:15||NIFTY27JAN2624800PE,0.1285987120599274
19-01-2026 10:15||NIFTY27JAN2625100PE,0.1159595506345251
19-01-2026 10:15||NIFTY27JAN2625500CE,0.1075266202827834
19-01-2026 10:15||NIFTY27JAN2625700CE,0.1069078725203567
19-01-2026 10:15||NIFTY27JAN2626200CE,0.1200200018722826
19-01-2026 10:15||NIFTY27JAN2626500CE,0.1616002268750652
19-01-2026 10:20||NIFTY27JAN2623900PE,0.1992784494355764
19-01-2026 10:20||NIFTY27JAN2624100PE,0.182581782929733
19-01-2026 10:20||NIFTY27JAN2625500CE,0.1055066413994497
19-01-2026 10:20||NIFTY27JAN2626300CE,0.1268676481875797
19-01-2026 10:25||NIFTY27JAN2625400CE,0.1058768621057978
19-01-2026 10:25||NIFTY27JAN2626100CE,0.1154490111828493
19-01-2026 10:25||NIFTY27JAN2626400CE,0.1456511386578284
19-01-2026 10:25||NIFTY27JAN2626500CE,0.1672940460246011
19-01-2026 10:30||NIFTY27JAN2623800PE,0.1866945106498652
19-01-2026 10:30||NIFTY27JAN2623900PE,0.1970865209461816
19-01-2026 10:30||NIFTY27JAN2624600PE,0.1390352289033185
19-01-2026 10:30||NIFTY27JAN2624700PE,0.1323559976273114
19-01-2026 10:30||NIFTY27JAN2624800PE,0.1284043416118689
19-01-2026 10:30||NIFTY27JAN2624900PE,0.1250710976340637
19-01-2026 10:30||NIFTY27JAN2626200CE,0.1208308131214105
19-01-2026 10:35||NIFTY27JAN2623800PE,0.1835900928485213
19-01-2026 10:35||NIFTY27JAN2624700PE,0.1328669052609889
19-01-2026 10:35||NIFTY27JAN2624800PE,0.1281481331808847
19-01-2026 10:35||NIFTY27JAN2625000PE,0.1202210752468765
19-01-2026 10:35||NIFTY27JAN2625200CE,0.1185360074879031
19-01-2026 10:35||NIFTY27JAN2626300CE,0.1269030075276777
19-01-2026 10:40||NIFTY27JAN2623800PE,0.1829577886547452
19-01-2026 10:40||NIFTY27JAN2623900PE,0.1941164670697705
19-01-2026 10:40||NIFTY27JAN2624000PE,0.187979972079435
19-01-2026 10:40||NIFTY27JAN2624700PE,0.1345688853643592
19-01-2026 10:40||NIFTY27JAN2625400CE,0.1113105720664258
19-01-2026 10:40||NIFTY27JAN2625700CE,0.1088160116892471
19-01-2026 10:45||NIFTY27JAN2624000PE,0.1892748873029639
19-01-2026 10:45||NIFTY27JAN2624700PE,0.1357278683205177
19-01-2026 10:45||NIFTY27JAN2625600CE,0.1097860783347157
19-01-2026 10:45||NIFTY27JAN2626200CE,0.121845945044195
19-01-2026 10:50||NIFTY27JAN2625100PE,0.1171226528036793
19-01-2026 10:50||NIFTY27JAN2625200CE,0.1203752136032842
19-01-2026 10:50||NIFTY27JAN2626200CE,0.1217231277598551
19-01-2026 10:55||NIFTY27JAN2624100PE,0.1808585272709871
19-01-2026 10:55||NIFTY27JAN2624200PE,0.1729548055065923
19-01-2026 10:55||NIFTY27JAN2624500PE,0.1483261898064934
19-01-2026 10:55||NIFTY27JAN2625400CE,0.1156511365083744
19-01-2026 10:55||NIFTY27JAN2625500CE,0.1138188550182435
19-01-2026 10:55||NIFTY27JAN2625900CE,0.1123929497184533
19-01-2026 10:55||NIFTY27JAN2626000CE,0.1145244441907418
19-01-2026 11:00||NIFTY27JAN2623900PE,0.1996675898501584
19-01-2026 11:00||NIFTY27JAN2624400PE,0.1585180373891747
19-01-2026 11:00||NIFTY27JAN2625400CE,0.1109472663255706
19-01-2026 11:00||NIFTY27JAN2625600CE,0.1103648960149371
19-01-2026 11:00||NIFTY27JAN2625700CE,0.108276818871778
19-01-2026 11:00||NIFTY27JAN2625800CE,0.1077711572211691
19-01-2026 11:00||NIFTY27JAN2626300CE,0.1233014255595806
19-01-2026 11:00||NIFTY27JAN2626500CE,0.1617330106048604
19-01-2026 11:05||NIFTY27JAN2623800PE,0.1878326231348197
19-01-2026 11:05||NIFTY27JAN2623900PE,0.1991626661744625
19-01-2026 11:05||NIFTY27JAN2624200PE,0.1763802684928551
19-01-2026 11:05||NIFTY27JAN2624500PE,0.1518009105743844
19-01-2026 11:05||NIFTY27JAN2625000PE,0.1223863982272124
19-01-2026 11:05||NIFTY27JAN2625600CE,0.1062137366779048
19-01-2026 11:05||NIFTY27JAN2626100CE,0.1131237368765096
19-01-2026 11:10||NIFTY27JAN2624300PE,0.1668052796439681
19-01-2026 11:10||NIFTY27JAN2625800CE,0.1040379255982687
19-01-2026 11:15||NIFTY27JAN2624400PE,0.1535778331585767
19-01-2026 11:15||NIFTY27JAN2624500PE,0.1455268185758125
19-01-2026 11:15||NIFTY27JAN2624600PE,0.1403853035707515
19-01-2026 11:15||NIFTY27JAN2624700PE,0.1360859716445588
19-01-2026 11:15||NIFTY27JAN2624900PE,0.1255506073298629
19-01-2026 11:15||NIFTY27JAN2625100PE,0.1180671172657763
19-01-2026 11:20||NIFTY27JAN2623800PE,0.1899667852906782
19-01-2026 11:20||NIFTY27JAN2624200PE,0.1722919969140132
19-01-2026 11:20||NIFTY27JAN2624300PE,0.1638715518296779
19-01-2026 11:20||NIFTY27JAN2624500PE,0.1472538403881547
19-01-2026 11:20||NIFTY27JAN2624900PE,0.1238601408856919
19-01-2026 11:20||NIFTY27JAN2625400CE,0.1095585921542512
19-01-2026 11:20||NIFTY27JAN2625500CE,0.1078157549658461
19-01-2026 11:20||NIFTY27JAN2625600CE,0.1074931672653278
19-01-2026 11:20||NIFTY27JAN2625700CE,0.1071996863393993
19-01-2026 11:20||NIFTY27JAN2626200CE,0.1211983851077201
19-01-2026 11:20||NIFTY27JAN2626300CE,0.1258200779143561
19-01-2026 11:20||NIFTY27JAN2626500CE,0.1599345338930141
19-01-2026 11:25||NIFTY27JAN2624900PE,0.12297128232534
19-01-2026 11:25||NIFTY27JAN2625300CE,0.1166767962150519
19-01-2026 11:25||NIFTY27JAN2625400CE,0.1125253465139844
19-01-2026 11:30||NIFTY27JAN2624100PE,0.1823965450424162
19-01-2026 11:30||NIFTY27JAN2624600PE,0.141768478831764
19-01-2026 11:30||NIFTY27JAN2624900PE,0.1225827181792452
19-01-2026 11:30||NIFTY27JAN2625000PE,0.1181635122407127
19-01-2026 11:30||NIFTY27JAN2625500CE,0.1131952725533955
19-01-2026 11:30||NIFTY27JAN2625700CE,0.1098457684719609
19-01-2026 11:30||NIFTY27JAN2626500CE,0.1683134102490569
19-01-2026 11:35||NIFTY27JAN2623900PE,0.1986382850045914
19-01-2026 11:35||NIFTY27JAN2624600PE,0.1414979505175112
19-01-2026 11:35||NIFTY27JAN2625800CE,0.109340181173152
19-01-2026 11:35||NIFTY27JAN2626000CE,0.1127607266340167
19-01-2026 11:35||NIFTY27JAN2626200CE,0.1371020171426191
19-01-2026 11:35||NIFTY27JAN2626300CE,0.1466941198822993
19-01-2026 11:35||NIFTY27JAN2626400CE,0.1525970182461155
19-01-2026 11:35||NIFTY27JAN2626500CE,0.1706915059817228
19-01-2026 11:40||NIFTY27JAN2623800PE,0.1885951036634501
19-01-2026 11:40||NIFTY27JAN2624100PE,0.181645592943652
19-01-2026 11:40||NIFTY27JAN2624200PE,0.1736053651208415
19-01-2026 11:40||NIFTY27JAN2624400PE,0.1565323477694818
19-01-2026 11:40||NIFTY27JAN2624500PE,0.1488139637649649
19-01-2026 11:40||NIFTY27JAN2625100PE,0.1161246727369026
19-01-2026 11:45||NIFTY27JAN2624300PE,0.1668166100399538
19-01-2026 11:45||NIFTY27JAN2625400CE,0.1141708213950596
19-01-2026 11:50||NIFTY27JAN2624600PE,0.1426252133916437
19-01-2026 11:50||NIFTY27JAN2625200CE,0.1126612899398829
19-01-2026 11:50||NIFTY27JAN2626300CE,0.1233053204909975
19-01-2026 11:55||NIFTY27JAN2623800PE,0.1884323445507556
19-01-2026 11:55||NIFTY27JAN2624300PE,0.1650830634490654
19-01-2026 11:55||NIFTY27JAN2624500PE,0.1480198163862089
19-01-2026 11:55||NIFTY27JAN2624600PE,0.1409386918042727
19-01-2026 11:55||NIFTY27JAN2624700PE,0.1364304458691995
19-01-2026 11:55||NIFTY27JAN2625900CE,0.1068485014535289
19-01-2026 11:55||NIFTY27JAN2626200CE,0.1184339368587314
19-01-2026 12:00||NIFTY27JAN2624200PE,0.1704095580902903
19-01-2026 12:00||NIFTY27JAN2624300PE,0.1613206986127178
19-01-2026 12:00||NIFTY27JAN2624400PE,0.154436637395758
19-01-2026 12:00||NIFTY27JAN2624500PE,0.1481401659646467
19-01-2026 12:00||NIFTY27JAN2624700PE,0.1370069339572035
19-01-2026 12:00||NIFTY27JAN2625000PE,0.121693561264049
19-01-2026 12:00||NIFTY27JAN2626100CE,0.1150195454996867
19-01-2026 12:00||NIFTY27JAN2626500CE,0.1674480280766214
19-01-2026 12:05||NIFTY27JAN2623900PE,0.1989653747760889
19-01-2026 12:05||NIFTY27JAN2624400PE,0.1561305418274945
19-01-2026 12:05||NIFTY27JAN2624500PE,0.1494938712714426
19-01-2026 12:05||NIFTY27JAN2625200CE,0.1141311152501185
19-01-2026 12:05||NIFTY27JAN2625400CE,0.1094048262349167
19-01-2026 12:05||NIFTY27JAN2625500CE,0.1075473881394986
19-01-2026 12:05||NIFTY27JAN2625700CE,0.1058778181300518
19-01-2026 12:05||NIFTY27JAN2626100CE,0.1166230888607265
19-01-2026 12:05||NIFTY27JAN2626200CE,0.1207184431203353
19-01-2026 12:05||NIFTY27JAN2626400CE,0.1480404041653857
19-01-2026 12:05||NIFTY27JAN2626500CE,0.1718135802866963
19-01-2026 12:10||NIFTY27JAN2623900PE,0.19887423616144
19-01-2026 12:10||NIFTY27JAN2625600CE,0.1093724069958972
19-01-2026 12:10||NIFTY27JAN2626400CE,0.1373649510023063
19-01-2026 12:15||NIFTY27JAN2623900PE,0.1993419197322308
19-01-2026 12:15||NIFTY27JAN2624100PE,0.1841837770141142
19-01-2026 12:15||NIFTY27JAN2624300PE,0.1677644695276274
19-01-2026 12:20||NIFTY27JAN2623800PE,0.1881544855392103
19-01-2026 12:20||NIFTY27JAN2624400PE,0.1596705246905415
19-01-2026 12:20||NIFTY27JAN2625100PE,0.1167893846457158
19-01-2026 12:20||NIFTY27JAN2625300CE,0.1140024960648801
19-01-2026 12:20||NIFTY27JAN2626200CE,0.1181373496841542
19-01-2026 12:25||NIFTY27JAN2623800PE,0.1928109053016123
19-01-2026 12:25||NIFTY27JAN2625700CE,0.103498529586446
19-01-2026 12:25||NIFTY27JAN2626500CE,0.163558089658331
19-01-2026 12:30||NIFTY27JAN2623900PE,0.1994814603356695
19-01-2026 12:30||NIFTY27JAN2624300PE,0.1673425346917132
19-01-2026 12:30||NIFTY27JAN2624500PE,0.150959943938973
19-01-2026 12:30||NIFTY27JAN2625000PE,0.119462635082071
19-01-2026 12:30||NIFTY27JAN2625400CE,0.1090872854201528
19-01-2026 12:30||NIFTY27JAN2626500CE,0.1653384570668568
19-01-2026 12:35||NIFTY27JAN2624100PE,0.1817161406907756
19-01-2026 12:35||NIFTY27JAN2624200PE,0.1740793664767027
19-01-2026 12:35||NIFTY27JAN2624400PE,0.1583609785331784
19-01-2026 12:35||NIFTY27JAN2624700PE,0.136480625731845
19-01-2026 12:35||NIFTY27JAN2625000PE,0.1191147066550003
19-01-2026 12:35||NIFTY27JAN2625300CE,0.1134891003257859
19-01-2026 12:40||NIFTY27JAN2623800PE,0.1871299875224914
19-01-2026 12:40||NIFTY27JAN2625700CE,0.1060633763478475
19-01-2026 12:40||NIFTY27JAN2625800CE,0.1063819657229595
19-01-2026 12:40||NIFTY27JAN2626400CE,0.1319054196613852
19-01-2026 12:45||NIFTY27JAN2626000CE,0.1133118829102235
19-01-2026 12:45||NIFTY27JAN2626100CE,0.1167564197961544
19-01-2026 12:45||NIFTY27JAN2626400CE,0.1331997823638894
19-01-2026 12:50||NIFTY27JAN2623800PE,0.1911615398987862
19-01-2026 12:50||NIFTY27JAN2624200PE,0.1747721086352595
19-01-2026 12:50||NIFTY27JAN2625900CE,0.10894753406642
19-01-2026 12:50||NIFTY27JAN2626500CE,0.1602474148989051
19-01-2026 12:55||NIFTY27JAN2623900PE,0.1996924693298353
19-01-2026 12:55||NIFTY27JAN2624100PE,0.1850080774697085
19-01-2026 12:55||NIFTY27JAN2624300PE,0.1646259173573816
19-01-2026 12:55||NIFTY27JAN2624400PE,0.1555002315578789
19-01-2026 12:55||NIFTY27JAN2624500PE,0.1498152060841441
19-01-2026 12:55||NIFTY27JAN2624700PE,0.1362345462640626
19-01-2026 12:55||NIFTY27JAN2625100PE,0.1162334213714154
19-01-2026 12:55||NIFTY27JAN2625700CE,0.1068273942323924
19-01-2026 12:55||NIFTY27JAN2626000CE,0.1106375502666813
19-01-2026 13:00||NIFTY27JAN2623900PE,0.2008765567022102
19-01-2026 13:00||NIFTY27JAN2624000PE,0.1937374453735048
19-01-2026 13:00||NIFTY27JAN2624400PE,0.1594698070366356
19-01-2026 13:00||NIFTY27JAN2624700PE,0.1376973507275617
19-01-2026 13:00||NIFTY27JAN2625400CE,0.1084917812260131
19-01-2026 13:00||NIFTY27JAN2625600CE,0.1051775931891264
19-01-2026 13:00||NIFTY27JAN2625900CE,0.1067593458396816
19-01-2026 13:00||NIFTY27JAN2626200CE,0.1172860810195008
19-01-2026 13:00||NIFTY27JAN2626500CE,0.1622012639801158
19-01-2026 13:05||NIFTY27JAN2624600PE,0.1445306203232911
19-01-2026 13:05||NIFTY27JAN2625100PE,0.1196758026853125
19-01-2026 13:05||NIFTY27JAN2625700CE,0.1025182563013178
19-01-2026 13:10||NIFTY27JAN2623800PE,0.1880248272690967
19-01-2026 13:10||NIFTY27JAN2623900PE,0.2025991291821474
19-01-2026 13:10||NIFTY27JAN2624400PE,0.158281841965345
19-01-2026 13:10||NIFTY27JAN2624500PE,0.1491448477899268
19-01-2026 13:10||NIFTY27JAN2624600PE,0.1432070276720367
19-01-2026 13:10||NIFTY27JAN2626200CE,0.1188962117554282
19-01-2026 13:10||NIFTY27JAN2626300CE,0.1235072916536738
19-01-2026 13:15||NIFTY27JAN2625800CE,0.1043701826439005
19-01-2026 13:20||NIFTY27JAN2624400PE,0.1606280309955688
19-01-2026 13:20||NIFTY27JAN2624800PE,0.1286625821859964
19-01-2026 13:20||NIFTY27JAN2624900PE,0.1222559293057991
19-01-2026 13:20||NIFTY27JAN2625000PE,0.1182398025915737
19-01-2026 13:20||NIFTY27JAN2625200CE,0.1155929136197538
19-01-2026 13:20||NIFTY27JAN2625400CE,0.1115262267613528
19-01-2026 13:25||NIFTY27JAN2623900PE,0.2032694468225398
19-01-2026 13:25||NIFTY27JAN2625000PE,0.1186466989416138
19-01-2026 13:25||NIFTY27JAN2625300CE,0.11402154864194
19-01-2026 13:25||NIFTY27JAN2625400CE,0.1120832882066288
19-01-2026 13:25||NIFTY27JAN2625900CE,0.106805973379172
19-01-2026 13:25||NIFTY27JAN2626200CE,0.1184215989560721
19-01-2026 13:25||NIFTY27JAN2626500CE,0.1671287517812605
19-01-2026 13:30||NIFTY27JAN2624300PE,0.1697185782697056
19-01-2026 13:30||NIFTY27JAN2624900PE,0.1254513437397811
19-01-2026 13:30||NIFTY27JAN2625100PE,0.1165252176442198
19-01-2026 13:30||NIFTY27JAN2625800CE,0.10536746864873
19-01-2026 13:30||NIFTY27JAN2626100CE,0.1140547391357112
19-01-2026 13:30||NIFTY27JAN2626300CE,0.1235323753177832
19-01-2026 13:30||NIFTY27JAN2626500CE,0.1669747939686748
19-01-2026 13:35||NIFTY27JAN2624400PE,0.1620738009846524
19-01-2026 13:35||NIFTY27JAN2624900PE,0.1269110573260488
19-01-2026 13:35||NIFTY27JAN2626200CE,0.1169897127918426
19-01-2026 13:35||NIFTY27JAN2626400CE,0.1295291670591097
19-01-2026 13:40||NIFTY27JAN2624800PE,0.1314660036713922
19-01-2026 13:40||NIFTY27JAN2625300CE,0.1159666855486992
19-01-2026 13:40||NIFTY27JAN2625400CE,0.1129196501598161
19-01-2026 13:40||NIFTY27JAN2625600CE,0.1062139776383064
19-01-2026 13:40||NIFTY27JAN2625800CE,0.1063069075422335
19-01-2026 13:40||NIFTY27JAN2625900CE,0.1073769571759651
19-01-2026 13:45||NIFTY27JAN2624300PE,0.1701562185950691
19-01-2026 13:45||NIFTY27JAN2624700PE,0.1373784190094382
19-01-2026 13:45||NIFTY27JAN2625100PE,0.118538561814347
19-01-2026 13:45||NIFTY27JAN2625500CE,0.1133234110183031
19-01-2026 13:45||NIFTY27JAN2626500CE,0.1605757223605097
19-01-2026 13:50||NIFTY27JAN2623900PE,0.2043142413095857
19-01-2026 13:50||NIFTY27JAN2624200PE,0.1800185755667541
19-01-2026 13:50||NIFTY27JAN2625100PE,0.1193680724304635
19-01-2026 13:50||NIFTY27JAN2625400CE,0.1157082574098361
19-01-2026 13:50||NIFTY27JAN2625700CE,0.1100214825386354
19-01-2026 13:50||NIFTY27JAN2626200CE,0.1167414654734239
19-01-2026 13:55||NIFTY27JAN2624500PE,0.1554489813496599
19-01-2026 13:55||NIFTY27JAN2624600PE,0.1476544938982225
19-01-2026 13:55||NIFTY27JAN2625600CE,0.109145063588688
19-01-2026 13:55||NIFTY27JAN2625700CE,0.108468300051073
19-01-2026 13:55||NIFTY27JAN2625800CE,0.1059127879272746
19-01-2026 13:55||NIFTY27JAN2625900CE,0.1047681107165594
19-01-2026 13:55||NIFTY27JAN2626200CE,0.1142592041824935
19-01-2026 14:00||NIFTY27JAN2624100PE,0.1927237028068959
19-01-2026 14:00||NIFTY27JAN2624600PE,0.1487399000535637
19-01-2026 14:00||NIFTY27JAN2625300CE,0.1156619774739866
19-01-2026 14:00||NIFTY27JAN2625800CE,0.1046057654284246
19-01-2026 14:00||NIFTY27JAN2625900CE,0.1042129502878842
19-01-2026 14:00||NIFTY27JAN2626100CE,0.1081910455058008
19-01-2026 14:05||NIFTY27JAN2623800PE,0.198178460545691
19-01-2026 14:05||NIFTY27JAN2624200PE,0.1856114052391666
19-01-2026 14:05||NIFTY27JAN2624500PE,0.1574576198249895
19-01-2026 14:05||NIFTY27JAN2625000PE,0.1236231477162906
19-01-2026 14:05||NIFTY27JAN2625400CE,0.1075774607993218
19-01-2026 14:05||NIFTY27JAN2626500CE,0.1582792345294426
19-01-2026 14:10||NIFTY27JAN2624400PE,0.165140831095376
19-01-2026 14:10||NIFTY27JAN2624500PE,0.156096212929288
19-01-2026 14:10||NIFTY27JAN2625100PE,0.1215427328941394
19-01-2026 14:10||NIFTY27JAN2625200CE,0.1225757184627106
19-01-2026 14:10||NIFTY27JAN2626100CE,0.1064632807038964
19-01-2026 14:15||NIFTY27JAN2623800PE,0.1923457361131936
19-01-2026 14:15||NIFTY27JAN2624100PE,0.191145697701717
19-01-2026 14:15||NIFTY27JAN2624200PE,0.183400134805132
19-01-2026 14:15||NIFTY27JAN2624500PE,0.1560169995910801
19-01-2026 14:15||NIFTY27JAN2624700PE,0.1404056273729051
19-01-2026 14:15||NIFTY27JAN2624800PE,0.1338189878019048
19-01-2026 14:15||NIFTY27JAN2625100PE,0.1204325608503961
19-01-2026 14:15||NIFTY27JAN2626400CE,0.1210278905509503
19-01-2026 14:20||NIFTY27JAN2624200PE,0.1836862458299576
19-01-2026 14:20||NIFTY27JAN2624500PE,0.1574692060231998
19-01-2026 14:20||NIFTY27JAN2625800CE,0.1032103542758785
19-01-2026 14:20||NIFTY27JAN2626000CE,0.1053761023824488
19-01-2026 14:25||NIFTY27JAN2624000PE,0.20067147451019
19-01-2026 14:25||NIFTY27JAN2625100PE,0.1201351054438855
19-01-2026 14:25||NIFTY27JAN2625700CE,0.1003083676257666
19-01-2026 14:25||NIFTY27JAN2625900CE,0.1014053181162221
19-01-2026 14:25||NIFTY27JAN2626000CE,0.1033120258129649
19-01-2026 14:25||NIFTY27JAN2626500CE,0.1591034953376452
19-01-2026 14:30||NIFTY27JAN2624100PE,0.1918477261279958
19-01-2026 14:30||NIFTY27JAN2624300PE,0.1746455955180425
19-01-2026 14:30||NIFTY27JAN2624700PE,0.140706142907883
19-01-2026 14:30||NIFTY27JAN2624800PE,0.1341433241155324
19-01-2026 14:30||NIFTY27JAN2625000PE,0.1229457468073742
19-01-2026 14:35||NIFTY27JAN2623800PE,0.1911675086365279
19-01-2026 14:35||NIFTY27JAN2624300PE,0.1740666683977626
19-01-2026 14:35||NIFTY27JAN2625000PE,0.1225881058464278
19-01-2026 14:35||NIFTY27JAN2625800CE,0.1019287878535736
19-01-2026 14:35||NIFTY27JAN2626100CE,0.1062778652744003
19-01-2026 14:35||NIFTY27JAN2626300CE,0.1158866777593079
19-01-2026 14:35||NIFTY27JAN2626400CE,0.1209919806574601
19-01-2026 14:40||NIFTY27JAN2624000PE,0.2001129222368876
19-01-2026 14:40||NIFTY27JAN2624300PE,0.1751607424118004
19-01-2026 14:40||NIFTY27JAN2624700PE,0.1425133044463383
19-01-2026 14:40||NIFTY27JAN2625200CE,0.1148700650970065
19-01-2026 14:45||NIFTY27JAN2623900PE,0.2092943352967839
19-01-2026 14:45||NIFTY27JAN2624100PE,0.192729490921326
19-01-2026 14:45||NIFTY27JAN2624400PE,0.1675804206833224
19-01-2026 14:45||NIFTY27JAN2624600PE,0.1508048639702444
19-01-2026 14:45||NIFTY27JAN2624800PE,0.1365216636231005
19-01-2026 14:45||NIFTY27JAN2625800CE,0.1003369096571784
19-01-2026 14:45||NIFTY27JAN2626000CE,0.1020561061006125
19-01-2026 14:50||NIFTY27JAN2624000PE,0.202243982708062
19-01-2026 14:50||NIFTY27JAN2624200PE,0.1858277930539007
19-01-2026 14:50||NIFTY27JAN2624500PE,0.1595872899110275
19-01-2026 14:50||NIFTY27JAN2625100PE,0.1210287342513856
19-01-2026 14:50||NIFTY27JAN2625700CE,0.1008917266075971
19-01-2026 14:55||NIFTY27JAN2623800PE,0.1935645910931812
19-01-2026 14:55||NIFTY27JAN2624400PE,0.1696237220654055
19-01-2026 14:55||NIFTY27JAN2625300CE,0.0986636725539089
19-01-2026 14:55||NIFTY27JAN2625400CE,0.0989082607940118
19-01-2026 14:55||NIFTY27JAN2626000CE,0.1014232454377751
19-01-2026 14:55||NIFTY27JAN2626100CE,0.1032065367176451
19-01-2026 15:00||NIFTY27JAN2624300PE,0.1780261515487549
19-01-2026 15:00||NIFTY27JAN2625000PE,0.1264634904452626
19-01-2026 15:00||NIFTY27JAN2625600CE,0.0947252563455913
19-01-2026 15:00||NIFTY27JAN2626000CE,0.0995688499272919
19-01-2026 15:00||NIFTY27JAN2626300CE,0.1105936768761396
19-01-2026 15:05||NIFTY27JAN2623900PE,0.2098664159339275
19-01-2026 15:05||NIFTY27JAN2625700CE,0.0946248296404676
19-01-2026 15:05||NIFTY27JAN2626000CE,0.0994284333681963
19-01-2026 15:05||NIFTY27JAN2626400CE,0.1177054157249496
19-01-2026 15:10||NIFTY27JAN2624100PE,0.1917776613990249
19-01-2026 15:10||NIFTY27JAN2624300PE,0.1744962514388102
19-01-2026 15:10||NIFTY27JAN2624800PE,0.137434484529343
19-01-2026 15:10||NIFTY27JAN2625800CE,0.0950281658127182
19-01-2026 15:10||NIFTY27JAN2626100CE,0.1025341286435783
19-01-2026 15:15||NIFTY27JAN2624200PE,0.1825699843538626
19-01-2026 15:15||NIFTY27JAN2624400PE,0.161836281057578
19-01-2026 15:15||NIFTY27JAN2624500PE,0.1532645104738462
19-01-2026 15:15||NIFTY27JAN2624600PE,0.1475892898147794
19-01-2026 15:15||NIFTY27JAN2624700PE,0.1424158820574841
19-01-2026 15:15||NIFTY27JAN2625300CE,0.0945179871151214
19-01-2026 15:15||NIFTY27JAN2625400CE,0.0966560481355635
19-01-2026 15:15||NIFTY27JAN2626200CE,0.1077636605691004
19-01-2026 15:20||NIFTY27JAN2624500PE,0.1544293072176002
19-01-2026 15:20||NIFTY27JAN2625200CE,0.0881750064691394
19-01-2026 15:20||NIFTY27JAN2625800CE,0.0951563183207621
19-01-2026 15:20||NIFTY27JAN2626400CE,0.1387782115925811
19-01-2026 15:20||NIFTY27JAN2626500CE,0.1652448321291175
19-01-2026 15:25||NIFTY27JAN2624300PE,0.1709338388201774
19-01-2026 15:25||NIFTY27JAN2624400PE,0.1630250388050294
19-01-2026 15:25||NIFTY27JAN2624700PE,0.1422043541420993
19-01-2026 15:25||NIFTY27JAN2625800CE,0.0971964529592827
19-01-2026 15:25||NIFTY27JAN2626300CE,0.1209450399599869
20-01-2026 09:15||NIFTY27JAN2623900PE,0.2023385751310374
20-01-2026 09:15||NIFTY27JAN2624000PE,0.1936999615756039
20-01-2026 09:15||NIFTY27JAN2624100PE,0.187799970619679
20-01-2026 09:15||NIFTY27JAN2624400PE,0.1645838281166052
20-01-2026 09:15||NIFTY27JAN2624600PE,0.1500598655200555
20-01-2026 09:15||NIFTY27JAN2625200CE,0.1000404947516659
20-01-2026 09:15||NIFTY27JAN2625500CE,0.0994734817156142
20-01-2026 09:15||NIFTY27JAN2626200CE,0.1162072285702304
20-01-2026 09:15||NIFTY27JAN2626300CE,0.1230500297287401
20-01-2026 09:15||NIFTY27JAN2626400CE,0.1293759084506105
20-01-2026 09:20||NIFTY27JAN2623800PE,0.195975510084731
20-01-2026 09:20||NIFTY27JAN2624000PE,0.1941003522799308
20-01-2026 09:20||NIFTY27JAN2624700PE,0.1433585967381538
20-01-2026 09:20||NIFTY27JAN2625200CE,0.0988696308317739
20-01-2026 09:20||NIFTY27JAN2625400CE,0.1016092834394771
20-01-2026 09:20||NIFTY27JAN2625500CE,0.0998190240468876
20-01-2026 09:20||NIFTY27JAN2625800CE,0.10030027194429
20-01-2026 09:20||NIFTY27JAN2626300CE,0.1237251856052955
20-01-2026 09:20||NIFTY27JAN2626500CE,0.163113768454338
20-01-2026 09:25||NIFTY27JAN2623900PE,0.2019674801297472
20-01-2026 09:25||NIFTY27JAN2625000PE,0.1248499065119631
20-01-2026 09:25||NIFTY27JAN2625400CE,0.1068685327337551
20-01-2026 09:30||NIFTY27JAN2623900PE,0.2017025285081572
20-01-2026 09:30||NIFTY27JAN2624400PE,0.1597714124043229
20-01-2026 09:30||NIFTY27JAN2624800PE,0.1329333272491422
20-01-2026 09:30||NIFTY27JAN2625700CE,0.106920934721773
20-01-2026 09:30||NIFTY27JAN2626100CE,0.1173807961666917
20-01-2026 09:30||NIFTY27JAN2626300CE,0.1291723077493971
20-01-2026 09:35||NIFTY27JAN2624500PE,0.1515759644938596
20-01-2026 09:35||NIFTY27JAN2625200CE,0.1185404066159267
20-01-2026 09:35||NIFTY27JAN2625700CE,0.1090579524967439
20-01-2026 09:35||NIFTY27JAN2625800CE,0.1093912688770533
20-01-2026 09:35||NIFTY27JAN2626200CE,0.1255420497452586
20-01-2026 09:40||NIFTY27JAN2623800PE,0.1942103712846203
20-01-2026 09:40||NIFTY27JAN2624100PE,0.1859069944136986
20-01-2026 09:40||NIFTY27JAN2625000PE,0.1225477981414129
20-01-2026 09:40||NIFTY27JAN2625900CE,0.1127509363156712
20-01-2026 09:40||NIFTY27JAN2626100CE,0.122654168121473
20-01-2026 09:40||NIFTY27JAN2626200CE,0.1283864306170414
20-01-2026 09:40||NIFTY27JAN2626400CE,0.1402761086804056
20-01-2026 09:45||NIFTY27JAN2624800PE,0.1319319631786801
20-01-2026 09:45||NIFTY27JAN2625500CE,0.1109384877051141
20-01-2026 09:45||NIFTY27JAN2626200CE,0.1290629578319735
20-01-2026 09:45||NIFTY27JAN2626300CE,0.1349487071910315
20-01-2026 09:50||NIFTY27JAN2624100PE,0.1866137931119224
20-01-2026 09:50||NIFTY27JAN2624800PE,0.1326286358042537
20-01-2026 09:50||NIFTY27JAN2625100PE,0.1213207621185629
20-01-2026 09:50||NIFTY27JAN2625200CE,0.1142084832730201
20-01-2026 09:55||NIFTY27JAN2623900PE,0.2034523638900041
20-01-2026 09:55||NIFTY27JAN2624100PE,0.1858229161873562
20-01-2026 09:55||NIFTY27JAN2625000PE,0.1239242059761551
20-01-2026 10:00||NIFTY27JAN2623900PE,0.2029658833153452
20-01-2026 10:00||NIFTY27JAN2624600PE,0.1414843896371539
20-01-2026 10:00||NIFTY27JAN2624700PE,0.1351754862704431
20-01-2026 10:00||NIFTY27JAN2625200CE,0.1236230410372982
20-01-2026 10:00||NIFTY27JAN2625400CE,0.11697603916553
20-01-2026 10:00||NIFTY27JAN2625700CE,0.111725862458001
20-01-2026 10:00||NIFTY27JAN2626000CE,0.1178206122944726
20-01-2026 10:00||NIFTY27JAN2626200CE,0.1273554743491582
20-01-2026 10:05||NIFTY27JAN2626100CE,0.1215613210288663
20-01-2026 10:05||NIFTY27JAN2626200CE,0.1263423201449532
20-01-2026 10:05||NIFTY27JAN2626500CE,0.1743088258566642
20-01-2026 10:10||NIFTY27JAN2624900PE,0.1267174654846061
20-01-2026 10:10||NIFTY27JAN2625100PE,0.1183444241349587
20-01-2026 10:10||NIFTY27JAN2626500CE,0.1741695174907969
20-01-2026 10:15||NIFTY27JAN2624000PE,0.1946295927133512
20-01-2026 10:15||NIFTY27JAN2625800CE,0.1087285814404718
20-01-2026 10:15||NIFTY27JAN2626300CE,0.1306228125088299
20-01-2026 10:20||NIFTY27JAN2624100PE,0.1862167747474329
20-01-2026 10:20||NIFTY27JAN2625700CE,0.1073178119877402
20-01-2026 10:20||NIFTY27JAN2626000CE,0.1136733694175929
20-01-2026 10:25||NIFTY27JAN2623800PE,0.1923096798583723
20-01-2026 10:25||NIFTY27JAN2624700PE,0.1381555443021186
20-01-2026 10:25||NIFTY27JAN2625000PE,0.1233767566430604
20-01-2026 10:25||NIFTY27JAN2625800CE,0.1073178564340375
20-01-2026 10:25||NIFTY27JAN2626200CE,0.1219452465360226
20-01-2026 10:25||NIFTY27JAN2626400CE,0.134706683653158
20-01-2026 10:30||NIFTY27JAN2623900PE,0.2020435241363957
20-01-2026 10:30||NIFTY27JAN2624000PE,0.1940523274883994
20-01-2026 10:30||NIFTY27JAN2624300PE,0.1687202340328119
20-01-2026 10:30||NIFTY27JAN2624600PE,0.1440204154301266
20-01-2026 10:30||NIFTY27JAN2625500CE,0.1098568033135589
20-01-2026 10:30||NIFTY27JAN2625700CE,0.1085639921155583
20-01-2026 10:30||NIFTY27JAN2625800CE,0.109208362912298
20-01-2026 10:35||NIFTY27JAN2624300PE,0.167723563444933
20-01-2026 10:35||NIFTY27JAN2624700PE,0.1370664243577691
20-01-2026 10:35||NIFTY27JAN2625200CE,0.1135180947769374
20-01-2026 10:35||NIFTY27JAN2625400CE,0.1128038949671409
20-01-2026 10:35||NIFTY27JAN2625900CE,0.1110495775314559
20-01-2026 10:40||NIFTY27JAN2624000PE,0.1956169264850064
20-01-2026 10:40||NIFTY27JAN2624300PE,0.1685547963739932
20-01-2026 10:40||NIFTY27JAN2625800CE,0.1077491801503121
20-01-2026 10:40||NIFTY27JAN2626000CE,0.1127631665059563
20-01-2026 10:45||NIFTY27JAN2624900PE,0.1270054821710933
20-01-2026 10:45||NIFTY27JAN2625900CE,0.1088044745525775
20-01-2026 10:45||NIFTY27JAN2626200CE,0.1213820822334214
20-01-2026 10:45||NIFTY27JAN2626400CE,0.13341877900715
20-01-2026 10:50||NIFTY27JAN2623800PE,0.1933093211117538
20-01-2026 10:50||NIFTY27JAN2624100PE,0.1871655588513349
20-01-2026 10:50||NIFTY27JAN2625300CE,0.1092747046354657
20-01-2026 10:50||NIFTY27JAN2626200CE,0.1220916120439279
20-01-2026 10:55||NIFTY27JAN2624200PE,0.1778723522663857
20-01-2026 10:55||NIFTY27JAN2624500PE,0.1479020365022738
20-01-2026 10:55||NIFTY27JAN2624600PE,0.1400138053850067
20-01-2026 10:55||NIFTY27JAN2624700PE,0.1350778610534567
20-01-2026 10:55||NIFTY27JAN2624800PE,0.1307913638691517
20-01-2026 10:55||NIFTY27JAN2625300CE,0.1089843387783452
20-01-2026 10:55||NIFTY27JAN2625400CE,0.1071592081367161
20-01-2026 10:55||NIFTY27JAN2625900CE,0.10934222984455
20-01-2026 10:55||NIFTY27JAN2626400CE,0.1352647727992345
20-01-2026 11:00||NIFTY27JAN2623800PE,0.1925359930126687
20-01-2026 11:00||NIFTY27JAN2624000PE,0.1954667102869207
20-01-2026 11:00||NIFTY27JAN2624400PE,0.1575264389048894
20-01-2026 11:00||NIFTY27JAN2625300CE,0.1088135793128303
20-01-2026 11:05||NIFTY27JAN2623800PE,0.1921234586154969
20-01-2026 11:05||NIFTY27JAN2624400PE,0.1561917136106119
20-01-2026 11:05||NIFTY27JAN2624500PE,0.1482536996651482
20-01-2026 11:05||NIFTY27JAN2625400CE,0.1074167517312158
20-01-2026 11:05||NIFTY27JAN2625500CE,0.105940499619759
20-01-2026 11:05||NIFTY27JAN2625800CE,0.1069055796743292
20-01-2026 11:05||NIFTY27JAN2626300CE,0.130173952832089
20-01-2026 11:10||NIFTY27JAN2624500PE,0.1482204887504246
20-01-2026 11:10||NIFTY27JAN2624900PE,0.1243829907018924
20-01-2026 11:10||NIFTY27JAN2625200CE,0.1145947900676736
20-01-2026 11:10||NIFTY27JAN2625600CE,0.105933603457609
20-01-2026 11:15||NIFTY27JAN2623800PE,0.1916290980656005
20-01-2026 11:15||NIFTY27JAN2624300PE,0.1654046055630527
20-01-2026 11:15||NIFTY27JAN2624700PE,0.1343664172896142
20-01-2026 11:15||NIFTY27JAN2625000PE,0.1189971508886384
20-01-2026 11:15||NIFTY27JAN2625300CE,0.1132120765199546
20-01-2026 11:15||NIFTY27JAN2625600CE,0.1069481036268148
20-01-2026 11:20||NIFTY27JAN2624500PE,0.1477915247464299
20-01-2026 11:20||NIFTY27JAN2625700CE,0.1077385647485816
20-01-2026 11:20||NIFTY27JAN2626200CE,0.1253141726230016
20-01-2026 11:25||NIFTY27JAN2624000PE,0.192090327856127
20-01-2026 11:25||NIFTY27JAN2624300PE,0.1648553617838242
20-01-2026 11:25||NIFTY27JAN2624900PE,0.1220143000803299
20-01-2026 11:25||NIFTY27JAN2625200CE,0.1140581960306319
20-01-2026 11:25||NIFTY27JAN2625300CE,0.1141288943809799
20-01-2026 11:25||NIFTY27JAN2625700CE,0.1082529631789685
20-01-2026 11:25||NIFTY27JAN2626100CE,0.1196546994857937
20-01-2026 11:30||NIFTY27JAN2623900PE,0.2018661674676772
20-01-2026 11:30||NIFTY27JAN2624200PE,0.1747093436402294
20-01-2026 11:30||NIFTY27JAN2624900PE,0.1229039707066484
20-01-2026 11:30||NIFTY27JAN2625200CE,0.1122692463518722
20-01-2026 11:30||NIFTY27JAN2625700CE,0.1070810720984173
20-01-2026 11:30||NIFTY27JAN2625800CE,0.1080488162352502
20-01-2026 11:30||NIFTY27JAN2626000CE,0.1141891739679452
20-01-2026 11:35||NIFTY27JAN2623800PE,0.1954957087356227
20-01-2026 11:35||NIFTY27JAN2625900CE,0.1095196600519473
20-01-2026 11:35||NIFTY27JAN2626300CE,0.1297474223976112
20-01-2026 11:35||NIFTY27JAN2626500CE,0.1663691988443164
20-01-2026 11:40||NIFTY27JAN2623800PE,0.1926673489263943
20-01-2026 11:40||NIFTY27JAN2624000PE,0.1914124307551648
20-01-2026 11:40||NIFTY27JAN2624100PE,0.1832498502112684
20-01-2026 11:40||NIFTY27JAN2624700PE,0.1324874617292827
20-01-2026 11:40||NIFTY27JAN2624800PE,0.1266621222271547
20-01-2026 11:40||NIFTY27JAN2625100PE,0.1146256755141981
20-01-2026 11:40||NIFTY27JAN2625300CE,0.1140930537960136
20-01-2026 11:45||NIFTY27JAN2623900PE,0.2015656104094674
20-01-2026 11:45||NIFTY27JAN2624500PE,0.1481538027434661
20-01-2026 11:45||NIFTY27JAN2625600CE,0.1068501977481487
20-01-2026 11:45||NIFTY27JAN2625800CE,0.1083878035897864
20-01-2026 11:45||NIFTY27JAN2625900CE,0.110807959818569
20-01-2026 11:45||NIFTY27JAN2626000CE,0.113473024801403
20-01-2026 11:50||NIFTY27JAN2624200PE,0.1759488089074991
20-01-2026 11:50||NIFTY27JAN2624600PE,0.1398509296906912
20-01-2026 11:50||NIFTY27JAN2624700PE,0.1332239176197256
20-01-2026 11:50||NIFTY27JAN2624900PE,0.1222210054644001
20-01-2026 11:50||NIFTY27JAN2625400CE,0.1085469161360073
20-01-2026 11:50||NIFTY27JAN2625700CE,0.1048082349767111
20-01-2026 11:50||NIFTY27JAN2626300CE,0.1292354951842194
20-01-2026 11:55||NIFTY27JAN2623800PE,0.1868475081708856
20-01-2026 11:55||NIFTY27JAN2623900PE,0.197407407923392
20-01-2026 11:55||NIFTY27JAN2624000PE,0.1912302941358677
20-01-2026 11:55||NIFTY27JAN2624100PE,0.1845367437507577
20-01-2026 11:55||NIFTY27JAN2625800CE,0.1055787558237999
20-01-2026 11:55||NIFTY27JAN2625900CE,0.1078036324682123
20-01-2026 12:00||NIFTY27JAN2623800PE,0.1902147423925045
20-01-2026 12:00||NIFTY27JAN2624400PE,0.1590006567341017
20-01-2026 12:00||NIFTY27JAN2624600PE,0.14126074036295
20-01-2026 12:00||NIFTY27JAN2624700PE,0.1345180920416875
20-01-2026 12:00||NIFTY27JAN2625800CE,0.1054574388455896
20-01-2026 12:00||NIFTY27JAN2625900CE,0.107695117314976
20-01-2026 12:05||NIFTY27JAN2624700PE,0.1325993350300682
20-01-2026 12:05||NIFTY27JAN2624900PE,0.1234159030866496
20-01-2026 12:05||NIFTY27JAN2625800CE,0.1054568951443307
20-01-2026 12:10||NIFTY27JAN2624200PE,0.1743974608893172
20-01-2026 12:10||NIFTY27JAN2624500PE,0.1434201067833753
20-01-2026 12:10||NIFTY27JAN2624600PE,0.1351776607438057
20-01-2026 12:10||NIFTY27JAN2624700PE,0.1302351093003052
20-01-2026 12:10||NIFTY27JAN2624800PE,0.1258663823381388
20-01-2026 12:10||NIFTY27JAN2624900PE,0.1219680404216909
20-01-2026 12:15||NIFTY27JAN2624300PE,0.1649982418496063
20-01-2026 12:15||NIFTY27JAN2624500PE,0.1459274899860743
20-01-2026 12:15||NIFTY27JAN2625000PE,0.1190645006808566
20-01-2026 12:15||NIFTY27JAN2625100PE,0.1161282221742079
20-01-2026 12:15||NIFTY27JAN2625400CE,0.1054293926500404
20-01-2026 12:15||NIFTY27JAN2626400CE,0.1407996531860678
20-01-2026 12:20||NIFTY27JAN2623900PE,0.1978806732763817
20-01-2026 12:20||NIFTY27JAN2624000PE,0.1888356253195108
20-01-2026 12:20||NIFTY27JAN2624100PE,0.1820780116046857
20-01-2026 12:20||NIFTY27JAN2625200CE,0.1106887635941427
20-01-2026 12:20||NIFTY27JAN2625300CE,0.1082953851526032
20-01-2026 12:20||NIFTY27JAN2625700CE,0.1062427995024718
20-01-2026 12:20||NIFTY27JAN2625800CE,0.1084788899491927
20-01-2026 12:20||NIFTY27JAN2625900CE,0.1109305703616754
20-01-2026 12:25||NIFTY27JAN2623800PE,0.1906648718957751
20-01-2026 12:25||NIFTY27JAN2625000PE,0.1197761303790495
20-01-2026 12:25||NIFTY27JAN2625100PE,0.1169996546971423
20-01-2026 12:25||NIFTY27JAN2625700CE,0.1062996394158459
20-01-2026 12:25||NIFTY27JAN2626000CE,0.1156041864865264
20-01-2026 12:30||NIFTY27JAN2623800PE,0.1899218715088018
20-01-2026 12:30||NIFTY27JAN2623900PE,0.1993450796135908
20-01-2026 12:30||NIFTY27JAN2624900PE,0.1233447517078272
20-01-2026 12:30||NIFTY27JAN2625000PE,0.1208037256684255
20-01-2026 12:30||NIFTY27JAN2625100PE,0.1178999647622641
20-01-2026 12:30||NIFTY27JAN2625300CE,0.1110728108090196
20-01-2026 12:30||NIFTY27JAN2626000CE,0.1156930604727622
20-01-2026 12:35||NIFTY27JAN2623800PE,0.1909048228280278
20-01-2026 12:35||NIFTY27JAN2624200PE,0.1731734169948398
20-01-2026 12:35||NIFTY27JAN2625000PE,0.1186605821486345
20-01-2026 12:35||NIFTY27JAN2625200CE,0.107164605355478
20-01-2026 12:35||NIFTY27JAN2625500CE,0.1053674776695784
20-01-2026 12:35||NIFTY27JAN2625700CE,0.1060150037866168
20-01-2026 12:35||NIFTY27JAN2625800CE,0.107557165161732
20-01-2026 12:35||NIFTY27JAN2626200CE,0.1299508831432403
20-01-2026 12:35||NIFTY27JAN2626300CE,0.1366056098968063
20-01-2026 12:40||NIFTY27JAN2623800PE,0.1913330633650453
20-01-2026 12:40||NIFTY27JAN2624000PE,0.1911193007668254
20-01-2026 12:40||NIFTY27JAN2624300PE,0.1624670417044937
20-01-2026 12:40||NIFTY27JAN2624600PE,0.1381862908397247
20-01-2026 12:40||NIFTY27JAN2624700PE,0.1318581729746221
20-01-2026 12:40||NIFTY27JAN2625400CE,0.1083297319871192
20-01-2026 12:40||NIFTY27JAN2626100CE,0.1227504967729367
20-01-2026 12:45||NIFTY27JAN2623800PE,0.1915055219312279
20-01-2026 12:45||NIFTY27JAN2624300PE,0.1612850233529726
20-01-2026 12:45||NIFTY27JAN2624400PE,0.1536940647811557
20-01-2026 12:45||NIFTY27JAN2625100PE,0.1148819095109197
20-01-2026 12:50||NIFTY27JAN2624200PE,0.1724708067070214
20-01-2026 12:50||NIFTY27JAN2625600CE,0.1068506237701635
20-01-2026 12:50||NIFTY27JAN2626000CE,0.1162299392063704
20-01-2026 12:50||NIFTY27JAN2626200CE,0.1279266814872687
20-01-2026 12:55||NIFTY27JAN2624900PE,0.1212111541928705
20-01-2026 12:55||NIFTY27JAN2625400CE,0.1082808709503752
20-01-2026 13:00||NIFTY27JAN2623900PE,0.2012747341282846
20-01-2026 13:00||NIFTY27JAN2624200PE,0.1738540943318661
20-01-2026 13:00||NIFTY27JAN2625100PE,0.1141213500033997
20-01-2026 13:00||NIFTY27JAN2625800CE,0.108783266080625
20-01-2026 13:00||NIFTY27JAN2625900CE,0.1116246294617577
20-01-2026 13:00||NIFTY27JAN2626400CE,0.143829731232161
20-01-2026 13:05||NIFTY27JAN2624200PE,0.1740918698539729
20-01-2026 13:05||NIFTY27JAN2624900PE,0.1215654778013743
20-01-2026 13:05||NIFTY27JAN2625300CE,0.1069493144490621
20-01-2026 13:05||NIFTY27JAN2625400CE,0.1055290688520391
20-01-2026 13:05||NIFTY27JAN2625600CE,0.1044837229120969
20-01-2026 13:05||NIFTY27JAN2626500CE,0.1718307863485335
20-01-2026 13:10||NIFTY27JAN2624000PE,0.1921796023829448
20-01-2026 13:10||NIFTY27JAN2624400PE,0.1559950338754864
20-01-2026 13:10||NIFTY27JAN2624700PE,0.1331050500735753
20-01-2026 13:10||NIFTY27JAN2625000PE,0.1163332792305593
20-01-2026 13:10||NIFTY27JAN2626000CE,0.1155617855828091
20-01-2026 13:10||NIFTY27JAN2626400CE,0.1446328730659478
20-01-2026 13:15||NIFTY27JAN2623900PE,0.2012745672293865
20-01-2026 13:15||NIFTY27JAN2624600PE,0.1398677007489818
20-01-2026 13:15||NIFTY27JAN2624900PE,0.1207019895719257
20-01-2026 13:15||NIFTY27JAN2625000PE,0.1158188991389936
20-01-2026 13:15||NIFTY27JAN2625200CE,0.1078151994372304
20-01-2026 13:15||NIFTY27JAN2626000CE,0.1163100430296135
20-01-2026 13:15||NIFTY27JAN2626200CE,0.1285569061854688
20-01-2026 13:20||NIFTY27JAN2624200PE,0.1741340226784992
20-01-2026 13:20||NIFTY27JAN2624600PE,0.1405106748172314
20-01-2026 13:20||NIFTY27JAN2625000PE,0.116962163563451
20-01-2026 13:20||NIFTY27JAN2625700CE,0.1062867512581901
20-01-2026 13:20||NIFTY27JAN2626100CE,0.1226240215286578
20-01-2026 13:20||NIFTY27JAN2626200CE,0.1283003106762666
20-01-2026 13:25||NIFTY27JAN2623800PE,0.1921159398106515
20-01-2026 13:25||NIFTY27JAN2624100PE,0.1834068457398119
20-01-2026 13:25||NIFTY27JAN2624700PE,0.134154851049896
20-01-2026 13:25||NIFTY27JAN2625000PE,0.1176292652797413
20-01-2026 13:25||NIFTY27JAN2625800CE,0.1073103409768924
20-01-2026 13:30||NIFTY27JAN2624100PE,0.1837092526228469
20-01-2026 13:30||NIFTY27JAN2624700PE,0.1347285903761827
20-01-2026 13:30||NIFTY27JAN2624900PE,0.1232639608721405
20-01-2026 13:30||NIFTY27JAN2626000CE,0.1162089359544792
20-01-2026 13:35||NIFTY27JAN2625100PE,0.116013229070126
20-01-2026 13:35||NIFTY27JAN2625800CE,0.1101311444253505
20-01-2026 13:40||NIFTY27JAN2623800PE,0.1937259761632426
20-01-2026 13:40||NIFTY27JAN2624600PE,0.140179410769403
20-01-2026 13:40||NIFTY27JAN2625000PE,0.1180596907652689
20-01-2026 13:45||NIFTY27JAN2624000PE,0.1894162315172062
20-01-2026 13:45||NIFTY27JAN2624400PE,0.1549904820057661
20-01-2026 13:45||NIFTY27JAN2624600PE,0.1398759159613703
20-01-2026 13:50||NIFTY27JAN2624000PE,0.1863450579836386
20-01-2026 13:50||NIFTY27JAN2624100PE,0.1769862403652365
20-01-2026 13:50||NIFTY27JAN2624200PE,0.1705062402094967
20-01-2026 13:50||NIFTY27JAN2624300PE,0.1631791141731276
20-01-2026 13:50||NIFTY27JAN2624500PE,0.147124798870103
20-01-2026 13:50||NIFTY27JAN2625200CE,0.111994314785399
20-01-2026 13:50||NIFTY27JAN2625400CE,0.1103401609117315
20-01-2026 13:50||NIFTY27JAN2626000CE,0.1222876744641598
20-01-2026 13:50||NIFTY27JAN2626100CE,0.1276007783382103
20-01-2026 13:55||NIFTY27JAN2624400PE,0.1558265778426451
20-01-2026 13:55||NIFTY27JAN2625200CE,0.111391916114785
20-01-2026 13:55||NIFTY27JAN2625400CE,0.1104796351730606
20-01-2026 13:55||NIFTY27JAN2625600CE,0.1089542000353489
20-01-2026 14:00||NIFTY27JAN2624100PE,0.1822203860388931
20-01-2026 14:00||NIFTY27JAN2624200PE,0.1734132876962445
20-01-2026 14:00||NIFTY27JAN2624800PE,0.1307328048849049
20-01-2026 14:00||NIFTY27JAN2624900PE,0.1266698851766773
20-01-2026 14:00||NIFTY27JAN2625000PE,0.1230737377199593
20-01-2026 14:00||NIFTY27JAN2625100PE,0.1197467198161727
20-01-2026 14:00||NIFTY27JAN2625200CE,0.1115343768383502
20-01-2026 14:00||NIFTY27JAN2626100CE,0.1275447982018606
20-01-2026 14:05||NIFTY27JAN2623800PE,0.1955814905867629
20-01-2026 14:05||NIFTY27JAN2625100PE,0.1175801934166944
20-01-2026 14:05||NIFTY27JAN2625200CE,0.1137005460224622
20-01-2026 14:05||NIFTY27JAN2626100CE,0.1299351144962511
20-01-2026 14:05||NIFTY27JAN2626400CE,0.1506479558828921
20-01-2026 14:10||NIFTY27JAN2624000PE,0.1924867993690836
20-01-2026 14:10||NIFTY27JAN2624200PE,0.1747718196966016
20-01-2026 14:10||NIFTY27JAN2624500PE,0.1481633808503714
20-01-2026 14:10||NIFTY27JAN2624900PE,0.1225964162186506
20-01-2026 14:10||NIFTY27JAN2625000PE,0.1184799338975023
20-01-2026 14:10||NIFTY27JAN2625500CE,0.1090282541956438
20-01-2026 14:10||NIFTY27JAN2625700CE,0.1104410438274552
20-01-2026 14:10||NIFTY27JAN2626100CE,0.1320685246259484
20-01-2026 14:10||NIFTY27JAN2626200CE,0.1387119724934193
20-01-2026 14:10||NIFTY27JAN2626300CE,0.1447745767340841
20-01-2026 14:15||NIFTY27JAN2623800PE,0.1986727534357184
20-01-2026 14:15||NIFTY27JAN2624100PE,0.1825814434838186
20-01-2026 14:15||NIFTY27JAN2624500PE,0.1471810390301487
20-01-2026 14:15||NIFTY27JAN2624600PE,0.1405185968688923
20-01-2026 14:15||NIFTY27JAN2624900PE,0.1230856432127324
20-01-2026 14:15||NIFTY27JAN2625200CE,0.1175159752480786
20-01-2026 14:15||NIFTY27JAN2625400CE,0.1112694014778539
20-01-2026 14:15||NIFTY27JAN2626000CE,0.123465648686924
20-01-2026 14:15||NIFTY27JAN2626300CE,0.1434774260123254
20-01-2026 14:15||NIFTY27JAN2626500CE,0.1773671895964299
20-01-2026 14:20||NIFTY27JAN2625400CE,0.112799168533432
20-01-2026 14:20||NIFTY27JAN2625700CE,0.1115527027599444
20-01-2026 14:20||NIFTY27JAN2626500CE,0.1776726976230088
20-01-2026 14:25||NIFTY27JAN2624100PE,0.1839669619928615
20-01-2026 14:25||NIFTY27JAN2624600PE,0.1417259608641741
20-01-2026 14:25||NIFTY27JAN2625400CE,0.1116318362425217
20-01-2026 14:25||NIFTY27JAN2625900CE,0.1173725079194652
20-01-2026 14:30||NIFTY27JAN2624000PE,0.1944481885065204
20-01-2026 14:30||NIFTY27JAN2624600PE,0.143379981576795
20-01-2026 14:30||NIFTY27JAN2625400CE,0.1081324426463139
20-01-2026 14:30||NIFTY27JAN2625500CE,0.1071600867865388
20-01-2026 14:30||NIFTY27JAN2625800CE,0.1112374792801593
20-01-2026 14:30||NIFTY27JAN2626000CE,0.1205764131911818
20-01-2026 14:30||NIFTY27JAN2626400CE,0.1588046223053295
20-01-2026 14:30||NIFTY27JAN2626500CE,0.1792841907313742
20-01-2026 14:35||NIFTY27JAN2624600PE,0.145464453689813
20-01-2026 14:35||NIFTY27JAN2624800PE,0.1330273241769826
20-01-2026 14:35||NIFTY27JAN2625600CE,0.1059020085612716
20-01-2026 14:35||NIFTY27JAN2626000CE,0.1202215399945164
20-01-2026 14:35||NIFTY27JAN2626300CE,0.1403761114848247
20-01-2026 14:40||NIFTY27JAN2623800PE,0.197095654163546
20-01-2026 14:40||NIFTY27JAN2625200CE,0.1117306492413461
20-01-2026 14:40||NIFTY27JAN2625500CE,0.1055522691239356
20-01-2026 14:45||NIFTY27JAN2624600PE,0.1451981194531737
20-01-2026 14:45||NIFTY27JAN2625500CE,0.1050905297334589
20-01-2026 14:45||NIFTY27JAN2626000CE,0.1225004978190953
20-01-2026 14:45||NIFTY27JAN2626100CE,0.127814142164294
20-01-2026 14:50||NIFTY27JAN2624000PE,0.1942392636029242
20-01-2026 14:50||NIFTY27JAN2624200PE,0.1785132249752883
20-01-2026 14:50||NIFTY27JAN2624900PE,0.1269462269602596
20-01-2026 14:50||NIFTY27JAN2625100PE,0.120560380009805
20-01-2026 14:50||NIFTY27JAN2625500CE,0.1023416582510439
20-01-2026 14:50||NIFTY27JAN2625900CE,0.1154984210425802
20-01-2026 14:55||NIFTY27JAN2623900PE,0.2011126077842675
20-01-2026 14:55||NIFTY27JAN2624000PE,0.1903310239921452
20-01-2026 14:55||NIFTY27JAN2624100PE,0.1838089693755089
20-01-2026 14:55||NIFTY27JAN2626000CE,0.1221294147239893
20-01-2026 15:00||NIFTY27JAN2624800PE,0.1309651250403221
20-01-2026 15:00||NIFTY27JAN2625600CE,0.1048531780951369
20-01-2026 15:00||NIFTY27JAN2626100CE,0.1330850797106485
20-01-2026 15:00||NIFTY27JAN2626200CE,0.1394183052638081
20-01-2026 15:00||NIFTY27JAN2626400CE,0.1527769675388729
20-01-2026 15:05||NIFTY27JAN2623900PE,0.202915848903539
20-01-2026 15:05||NIFTY27JAN2624300PE,0.1644886020562979
20-01-2026 15:05||NIFTY27JAN2625000PE,0.1255216774917066
20-01-2026 15:05||NIFTY27JAN2625200CE,0.1014945855033735
20-01-2026 15:05||NIFTY27JAN2626100CE,0.1357850397816576
20-01-2026 15:05||NIFTY27JAN2626200CE,0.1423264596499102
20-01-2026 15:10||NIFTY27JAN2624300PE,0.1657839421780588
20-01-2026 15:10||NIFTY27JAN2625100PE,0.1276772833719289
20-01-2026 15:10||NIFTY27JAN2625300CE,0.1020107187242204
20-01-2026 15:10||NIFTY27JAN2625400CE,0.1032440923729099
20-01-2026 15:10||NIFTY27JAN2625900CE,0.1243460942213706
20-01-2026 15:10||NIFTY27JAN2626100CE,0.1382411049801286
20-01-2026 15:15||NIFTY27JAN2624000PE,0.1984436681211126
20-01-2026 15:15||NIFTY27JAN2624200PE,0.1757665650764324
20-01-2026 15:15||NIFTY27JAN2624500PE,0.1514902828960148
20-01-2026 15:15||NIFTY27JAN2624800PE,0.1347350516716762
20-01-2026 15:15||NIFTY27JAN2625000PE,0.1286979673161714
20-01-2026 15:15||NIFTY27JAN2625100PE,0.1264490530898288
20-01-2026 15:15||NIFTY27JAN2625700CE,0.1180099336543183
20-01-2026 15:15||NIFTY27JAN2625900CE,0.1294675056417485
20-01-2026 15:15||NIFTY27JAN2626000CE,0.1355860317470813
20-01-2026 15:15||NIFTY27JAN2626200CE,0.1480613492969733
20-01-2026 15:20||NIFTY27JAN2623800PE,0.205597007703715
20-01-2026 15:20||NIFTY27JAN2624200PE,0.1753374457896031
20-01-2026 15:20||NIFTY27JAN2624500PE,0.1504431959788952
20-01-2026 15:20||NIFTY27JAN2625500CE,0.1179771379703964
20-01-2026 15:20||NIFTY27JAN2625700CE,0.1230653910436017
20-01-2026 15:20||NIFTY27JAN2626400CE,0.1645077887481904
20-01-2026 15:25||NIFTY27JAN2623800PE,0.2048865617150618
20-01-2026 15:25||NIFTY27JAN2625100PE,0.1098851135776925
20-01-2026 15:25||NIFTY27JAN2625200CE,0.1377030153566201
20-01-2026 15:25||NIFTY27JAN2625300CE,0.1346837445457882
20-01-2026 15:25||NIFTY27JAN2625900CE,0.1373617095392453
20-01-2026 15:25||NIFTY27JAN2626200CE,0.1543978224950897
21-01-2026 09:15||NIFTY27JAN2625200CE,0.1491177437211895
21-01-2026 09:15||NIFTY27JAN2625400CE,0.1382214917784923
21-01-2026 09:15||NIFTY27JAN2625900CE,0.1404736037086996
21-01-2026 09:15||NIFTY27JAN2626200CE,0.1574009199565114
21-01-2026 09:20||NIFTY27JAN2623900PE,0.218213776049653
21-01-2026 09:20||NIFTY27JAN2624300PE,0.1739379478890893
21-01-2026 09:20||NIFTY27JAN2624400PE,0.1651754919225868
21-01-2026 09:25||NIFTY27JAN2624000PE,0.2127263174327144
21-01-2026 09:25||NIFTY27JAN2624300PE,0.1784988668941888
21-01-2026 09:25||NIFTY27JAN2624400PE,0.1694898523291728
21-01-2026 09:25||NIFTY27JAN2625100PE,0.1163719427210107
21-01-2026 09:25||NIFTY27JAN2625300CE,0.121761599814852
21-01-2026 09:25||NIFTY27JAN2625600CE,0.1186070928409963
21-01-2026 09:25||NIFTY27JAN2625800CE,0.1246858439958427
21-01-2026 09:30||NIFTY27JAN2623800PE,0.2133849942540169
21-01-2026 09:30||NIFTY27JAN2623900PE,0.2210861317493777
21-01-2026 09:30||NIFTY27JAN2624000PE,0.2131513824755612
21-01-2026 09:30||NIFTY27JAN2624400PE,0.1722724945886946
21-01-2026 09:30||NIFTY27JAN2625300CE,0.1215703514156212
21-01-2026 09:30||NIFTY27JAN2625700CE,0.1182606228665672
21-01-2026 09:35||NIFTY27JAN2623900PE,0.2219387619330666
21-01-2026 09:35||NIFTY27JAN2624200PE,0.1919869497368837
21-01-2026 09:35||NIFTY27JAN2625200CE,0.134515468895721
21-01-2026 09:35||NIFTY27JAN2625300CE,0.1217342593748006
21-01-2026 09:35||NIFTY27JAN2625600CE,0.1166682202430961
21-01-2026 09:35||NIFTY27JAN2626200CE,0.1511427830392327
21-01-2026 09:40||NIFTY27JAN2624400PE,0.1687186414709131
21-01-2026 09:40||NIFTY27JAN2625100PE,0.116008998597974
21-01-2026 09:40||NIFTY27JAN2625200CE,0.135420841093003
21-01-2026 09:40||NIFTY27JAN2625900CE,0.1299721336110133
21-01-2026 09:40||NIFTY27JAN2626300CE,0.1617664017745612
21-01-2026 09:40||NIFTY27JAN2626400CE,0.1689171569970712
21-01-2026 09:45||NIFTY27JAN2623800PE,0.2115281730720731
21-01-2026 09:45||NIFTY27JAN2624100PE,0.1959439586508398
21-01-2026 09:45||NIFTY27JAN2624400PE,0.1660008737729773
21-01-2026 09:45||NIFTY27JAN2625200CE,0.1307730052801425
21-01-2026 09:45||NIFTY27JAN2625600CE,0.1186437763087166
21-01-2026 09:45||NIFTY27JAN2626000CE,0.1384339135959152
21-01-2026 09:45||NIFTY27JAN2626300CE,0.1618351803971912
21-01-2026 09:50||NIFTY27JAN2624700PE,0.1384780252421509
21-01-2026 09:50||NIFTY27JAN2624900PE,0.1234909846694213
21-01-2026 09:50||NIFTY27JAN2625400CE,0.1153758182676779
21-01-2026 09:50||NIFTY27JAN2625600CE,0.1165831627308994
21-01-2026 09:50||NIFTY27JAN2625800CE,0.1248493755283221
21-01-2026 09:55||NIFTY27JAN2624100PE,0.1902734605590312
21-01-2026 09:55||NIFTY27JAN2624200PE,0.1814355241090509
21-01-2026 09:55||NIFTY27JAN2624400PE,0.163610433613891
21-01-2026 09:55||NIFTY27JAN2624800PE,0.1297404041797648
21-01-2026 09:55||NIFTY27JAN2625400CE,0.1130994602101405
21-01-2026 09:55||NIFTY27JAN2626000CE,0.1422263914329771
21-01-2026 09:55||NIFTY27JAN2626100CE,0.1500363136869806
21-01-2026 09:55||NIFTY27JAN2626200CE,0.1557016425117083
21-01-2026 09:55||NIFTY27JAN2626500CE,0.1962092249236885
21-01-2026 10:00||NIFTY27JAN2624000PE,0.2009707259963409
21-01-2026 10:00||NIFTY27JAN2625000PE,0.1176375128879954
21-01-2026 10:00||NIFTY27JAN2625300CE,0.1159800734190265
21-01-2026 10:00||NIFTY27JAN2625400CE,0.114387869214851
21-01-2026 10:00||NIFTY27JAN2626500CE,0.1957211802836074
21-01-2026 10:05||NIFTY27JAN2625200CE,0.1242401733537924
21-01-2026 10:05||NIFTY27JAN2625600CE,0.1227388249689377
21-01-2026 10:05||NIFTY27JAN2625700CE,0.1267630358687002
21-01-2026 10:05||NIFTY27JAN2625800CE,0.1299278826981439
21-01-2026 10:10||NIFTY27JAN2624000PE,0.1981214661334096
21-01-2026 10:10||NIFTY27JAN2624400PE,0.1590140041337382
21-01-2026 10:10||NIFTY27JAN2625800CE,0.1304960301137502
21-01-2026 10:10||NIFTY27JAN2626100CE,0.1489416358963504
21-01-2026 10:15||NIFTY27JAN2624000PE,0.1984605360919591
21-01-2026 10:15||NIFTY27JAN2624200PE,0.178936461893028
21-01-2026 10:15||NIFTY27JAN2624500PE,0.1498585266048078
21-01-2026 10:15||NIFTY27JAN2624600PE,0.1421955864439839
21-01-2026 10:15||NIFTY27JAN2625500CE,0.1168859420718911
21-01-2026 10:15||NIFTY27JAN2626100CE,0.1493948464622285
21-01-2026 10:20||NIFTY27JAN2625700CE,0.1238563173259213
21-01-2026 10:25||NIFTY27JAN2624300PE,0.1693394016960948
21-01-2026 10:25||NIFTY27JAN2625000PE,0.1191940775508198
21-01-2026 10:25||NIFTY27JAN2625700CE,0.1270856672374753
21-01-2026 10:25||NIFTY27JAN2626200CE,0.1624077508549998
21-01-2026 10:30||NIFTY27JAN2624200PE,0.1763810784184988
21-01-2026 10:30||NIFTY27JAN2624700PE,0.1321397943342146
21-01-2026 10:30||NIFTY27JAN2624800PE,0.1259251507951383
21-01-2026 10:30||NIFTY27JAN2625200CE,0.1208123328833693
21-01-2026 10:30||NIFTY27JAN2625900CE,0.1414844669120896
21-01-2026 10:30||NIFTY27JAN2626300CE,0.1738050380024118
21-01-2026 10:30||NIFTY27JAN2626400CE,0.1809783649268816
21-01-2026 10:35||NIFTY27JAN2624400PE,0.1603035708845178
21-01-2026 10:35||NIFTY27JAN2625100PE,0.1228107423419556
21-01-2026 10:35||NIFTY27JAN2625500CE,0.1209114767916498
21-01-2026 10:35||NIFTY27JAN2625600CE,0.1240146848588821
21-01-2026 10:35||NIFTY27JAN2625800CE,0.1363536450112213
21-01-2026 10:35||NIFTY27JAN2625900CE,0.1427435499061352
21-01-2026 10:40||NIFTY27JAN2624200PE,0.1775738282952545
21-01-2026 10:40||NIFTY27JAN2624800PE,0.1359409218537867
21-01-2026 10:40||NIFTY27JAN2625200CE,0.121917044723291
21-01-2026 10:40||NIFTY27JAN2625400CE,0.1208844286201311
21-01-2026 10:40||NIFTY27JAN2626300CE,0.1784247373511848
21-01-2026 10:45||NIFTY27JAN2624700PE,0.1433815893290709
21-01-2026 10:45||NIFTY27JAN2624800PE,0.1378610860543236
21-01-2026 10:45||NIFTY27JAN2625700CE,0.1400969661713338
21-01-2026 10:45||NIFTY27JAN2626400CE,0.1948273143403619
21-01-2026 10:45||NIFTY27JAN2626500CE,0.203917974485343
21-01-2026 10:50||NIFTY27JAN2624100PE,0.1891723565084765
21-01-2026 10:50||NIFTY27JAN2624300PE,0.1656331986446852
21-01-2026 10:50||NIFTY27JAN2624400PE,0.1574281294888472
21-01-2026 10:50||NIFTY27JAN2624500PE,0.1533350619174949
21-01-2026 10:50||NIFTY27JAN2625400CE,0.1323799382263123
21-01-2026 10:50||NIFTY27JAN2625700CE,0.1457222922742237
21-01-2026 10:50||NIFTY27JAN2625900CE,0.1584898212484471
21-01-2026 10:50||NIFTY27JAN2626400CE,0.197716130630465
21-01-2026 10:55||NIFTY27JAN2623900PE,0.2112763926988712
21-01-2026 10:55||NIFTY27JAN2624300PE,0.1672845710882004
21-01-2026 10:55||NIFTY27JAN2624800PE,0.1367637012790968
21-01-2026 10:55||NIFTY27JAN2625000PE,0.1338230635419673
21-01-2026 10:55||NIFTY27JAN2625100PE,0.1367686504117262
21-01-2026 10:55||NIFTY27JAN2625300CE,0.1332005533714242
21-01-2026 10:55||NIFTY27JAN2625900CE,0.1617781309607783
21-01-2026 10:55||NIFTY27JAN2626200CE,0.1826403581782144
21-01-2026 11:00||NIFTY27JAN2624000PE,0.19858911067928
21-01-2026 11:00||NIFTY27JAN2624300PE,0.1691923470460369
21-01-2026 11:00||NIFTY27JAN2624600PE,0.1460070876025528
21-01-2026 11:00||NIFTY27JAN2624800PE,0.1340003311116026
21-01-2026 11:00||NIFTY27JAN2625100PE,0.1282455764424782
21-01-2026 11:00||NIFTY27JAN2625300CE,0.1349521397299447
21-01-2026 11:05||NIFTY27JAN2624000PE,0.1963498837487534
21-01-2026 11:05||NIFTY27JAN2624100PE,0.1875389780422635
21-01-2026 11:05||NIFTY27JAN2624400PE,0.1606635137006287
21-01-2026 11:05||NIFTY27JAN2625000PE,0.1176049364816539
21-01-2026 11:05||NIFTY27JAN2625200CE,0.1366481235535599
21-01-2026 11:10||NIFTY27JAN2624800PE,0.1258305058218452
21-01-2026 11:10||NIFTY27JAN2625200CE,0.1405882748932176
21-01-2026 11:10||NIFTY27JAN2625300CE,0.1402058719342373
21-01-2026 11:10||NIFTY27JAN2625500CE,0.1416181525063453
21-01-2026 11:10||NIFTY27JAN2625900CE,0.1591665377311661
21-01-2026 11:10||NIFTY27JAN2626100CE,0.1723072506085355
21-01-2026 11:15||NIFTY27JAN2624300PE,0.1712473368287341
21-01-2026 11:15||NIFTY27JAN2625100PE,0.109385604669876
21-01-2026 11:15||NIFTY27JAN2625400CE,0.1372284124858764
21-01-2026 11:20||NIFTY27JAN2623900PE,0.2136660084122754
21-01-2026 11:20||NIFTY27JAN2625800CE,0.1460778894418024
21-01-2026 11:20||NIFTY27JAN2626000CE,0.1599423892634508
21-01-2026 11:20||NIFTY27JAN2626100CE,0.1663600408936231
21-01-2026 11:20||NIFTY27JAN2626400CE,0.1939764351322349
21-01-2026 11:20||NIFTY27JAN2626500CE,0.2069141597050363
21-01-2026 11:25||NIFTY27JAN2624600PE,0.1515024649778937
21-01-2026 11:25||NIFTY27JAN2624800PE,0.1367532539262657
21-01-2026 11:30||NIFTY27JAN2623900PE,0.2116433296282866
21-01-2026 11:30||NIFTY27JAN2624000PE,0.2023634822569347
21-01-2026 11:30||NIFTY27JAN2624100PE,0.1953762978614927
21-01-2026 11:30||NIFTY27JAN2624400PE,0.1687421635810075
21-01-2026 11:30||NIFTY27JAN2625400CE,0.1299069948714703
21-01-2026 11:30||NIFTY27JAN2625800CE,0.1450811471279735
21-01-2026 11:30||NIFTY27JAN2626000CE,0.1584247304129571
21-01-2026 11:30||NIFTY27JAN2626500CE,0.2051000581419184
21-01-2026 11:35||NIFTY27JAN2623900PE,0.2135898083998411
21-01-2026 11:35||NIFTY27JAN2624600PE,0.1510021904807303
21-01-2026 11:35||NIFTY27JAN2626100CE,0.1657145977738957
21-01-2026 11:35||NIFTY27JAN2626300CE,0.1804458944511943
21-01-2026 11:40||NIFTY27JAN2624800PE,0.136082539410275
21-01-2026 11:40||NIFTY27JAN2625100PE,0.1214661827395818
21-01-2026 11:40||NIFTY27JAN2625200CE,0.1324042567759952
21-01-2026 11:40||NIFTY27JAN2625700CE,0.1401051809230289
21-01-2026 11:45||NIFTY27JAN2624600PE,0.1501056793491849
21-01-2026 11:45||NIFTY27JAN2625100PE,0.1193060062141923
21-01-2026 11:45||NIFTY27JAN2625200CE,0.1334817852117372
21-01-2026 11:45||NIFTY27JAN2625400CE,0.1316912394995537
21-01-2026 11:50||NIFTY27JAN2624000PE,0.202482572634223
21-01-2026 11:50||NIFTY27JAN2624100PE,0.1937194171607608
21-01-2026 11:50||NIFTY27JAN2624300PE,0.1764503055359323
21-01-2026 11:55||NIFTY27JAN2624000PE,0.2026479671456701
21-01-2026 11:55||NIFTY27JAN2624600PE,0.1467857816022147
21-01-2026 11:55||NIFTY27JAN2624700PE,0.139717070595183
21-01-2026 11:55||NIFTY27JAN2624900PE,0.1256567974769336
21-01-2026 12:00||NIFTY27JAN2624100PE,0.1919789938069945
21-01-2026 12:00||NIFTY27JAN2624200PE,0.1834969665912732
21-01-2026 12:00||NIFTY27JAN2624700PE,0.1387464165873901
21-01-2026 12:00||NIFTY27JAN2624800PE,0.131723455477721
21-01-2026 12:00||NIFTY27JAN2625600CE,0.1332522285389081
21-01-2026 12:00||NIFTY27JAN2625900CE,0.1466466363748943
21-01-2026 12:05||NIFTY27JAN2623800PE,0.2127859186017729
21-01-2026 12:05||NIFTY27JAN2624100PE,0.1926407064206088
21-01-2026 12:05||NIFTY27JAN2625500CE,0.1300989568459416
21-01-2026 12:05||NIFTY27JAN2626200CE,0.1640029774609576
21-01-2026 12:10||NIFTY27JAN2624100PE,0.1920879138332833
21-01-2026 12:10||NIFTY27JAN2624200PE,0.1838039493710063
21-01-2026 12:10||NIFTY27JAN2625000PE,0.1164618871783297
21-01-2026 12:10||NIFTY27JAN2625900CE,0.143181033343851
21-01-2026 12:10||NIFTY27JAN2626500CE,0.1964180911295779
21-01-2026 12:15||NIFTY27JAN2623800PE,0.2120089637819363
21-01-2026 12:15||NIFTY27JAN2624200PE,0.1860484959562955
21-01-2026 12:15||NIFTY27JAN2625400CE,0.1300228562582796
21-01-2026 12:15||NIFTY27JAN2625700CE,0.1349122029203301
21-01-2026 12:20||NIFTY27JAN2624200PE,0.1917856295027221
21-01-2026 12:20||NIFTY27JAN2625000PE,0.1229656922009592
21-01-2026 12:20||NIFTY27JAN2625400CE,0.1241457137495231
21-01-2026 12:20||NIFTY27JAN2625600CE,0.1281827512575474
21-01-2026 12:20||NIFTY27JAN2625700CE,0.1319122170530076
21-01-2026 12:20||NIFTY27JAN2626300CE,0.1644570207911416
21-01-2026 12:25||NIFTY27JAN2624000PE,0.2135901912808177
21-01-2026 12:25||NIFTY27JAN2624500PE,0.1627366193544029
21-01-2026 12:25||NIFTY27JAN2624600PE,0.1533889480734986
21-01-2026 12:25||NIFTY27JAN2624700PE,0.1477750357971613
21-01-2026 12:25||NIFTY27JAN2625700CE,0.1290657993500231
21-01-2026 12:25||NIFTY27JAN2626500CE,0.1982853075197857
21-01-2026 12:30||NIFTY27JAN2624100PE,0.2023887517534919
21-01-2026 12:30||NIFTY27JAN2624200PE,0.1937636080765929
21-01-2026 12:30||NIFTY27JAN2625300CE,0.1313271050057562
21-01-2026 12:30||NIFTY27JAN2625800CE,0.1340279899211913
21-01-2026 12:35||NIFTY27JAN2624000PE,0.2131677106091863
21-01-2026 12:35||NIFTY27JAN2624100PE,0.2037960431474758
21-01-2026 12:35||NIFTY27JAN2625600CE,0.1301844660770809
21-01-2026 12:35||NIFTY27JAN2626400CE,0.1674514624984212
21-01-2026 12:40||NIFTY27JAN2624500PE,0.171630790560937
21-01-2026 12:40||NIFTY27JAN2624700PE,0.1521982411668179
21-01-2026 12:40||NIFTY27JAN2624800PE,0.1443669990307784
21-01-2026 12:40||NIFTY27JAN2625200CE,0.1432254138828013
21-01-2026 12:40||NIFTY27JAN2625400CE,0.1317064824549449
21-01-2026 12:40||NIFTY27JAN2625900CE,0.1354171193157243
21-01-2026 12:45||NIFTY27JAN2623800PE,0.2207387438757374
21-01-2026 12:45||NIFTY27JAN2624400PE,0.1857661168689245
21-01-2026 12:45||NIFTY27JAN2625300CE,0.1375914442785087
21-01-2026 12:45||NIFTY27JAN2625800CE,0.1308408538175385
21-01-2026 12:45||NIFTY27JAN2626200CE,0.1485212615010953
21-01-2026 12:50||NIFTY27JAN2623800PE,0.2254698557918831
21-01-2026 12:50||NIFTY27JAN2624100PE,0.2178354071127881
21-01-2026 12:50||NIFTY27JAN2625200CE,0.1433404965124759
21-01-2026 12:50||NIFTY27JAN2625500CE,0.1306622161124203
21-01-2026 12:50||NIFTY27JAN2625600CE,0.129498317511446
21-01-2026 12:55||NIFTY27JAN2625300CE,0.1361127698483779
21-01-2026 12:55||NIFTY27JAN2625400CE,0.1315802442495619
21-01-2026 12:55||NIFTY27JAN2625600CE,0.1282408407554982
21-01-2026 12:55||NIFTY27JAN2625700CE,0.1295328395183438
21-01-2026 12:55||NIFTY27JAN2625800CE,0.1309204960745743
21-01-2026 12:55||NIFTY27JAN2625900CE,0.1327897448068842
21-01-2026 12:55||NIFTY27JAN2626500CE,0.1965022802200847
21-01-2026 13:00||NIFTY27JAN2624600PE,0.1738855472998894
21-01-2026 13:00||NIFTY27JAN2624700PE,0.1657495657218702
21-01-2026 13:00||NIFTY27JAN2626100CE,0.1390606078322959
21-01-2026 13:05||NIFTY27JAN2623800PE,0.2220718752550743
21-01-2026 13:05||NIFTY27JAN2623900PE,0.2364041611571291
21-01-2026 13:05||NIFTY27JAN2624100PE,0.2194443509775198
21-01-2026 13:05||NIFTY27JAN2625600CE,0.1224306348231785
21-01-2026 13:05||NIFTY27JAN2626300CE,0.1552283526967848
21-01-2026 13:05||NIFTY27JAN2626400CE,0.1616277081083129
21-01-2026 13:10||NIFTY27JAN2625800CE,0.1265849265240781
21-01-2026 13:10||NIFTY27JAN2626200CE,0.148327564628185
21-01-2026 13:15||NIFTY27JAN2624400PE,0.1870564322285347
21-01-2026 13:15||NIFTY27JAN2625400CE,0.1298825719748845
21-01-2026 13:15||NIFTY27JAN2625800CE,0.1269760970669592
21-01-2026 13:20||NIFTY27JAN2623800PE,0.2200982605695429
21-01-2026 13:20||NIFTY27JAN2623900PE,0.2325553546940201
21-01-2026 13:20||NIFTY27JAN2624600PE,0.1694956029905007
21-01-2026 13:20||NIFTY27JAN2624800PE,0.1531980788005775
21-01-2026 13:20||NIFTY27JAN2625400CE,0.1277609653189471
21-01-2026 13:20||NIFTY27JAN2626200CE,0.1497334763360951
21-01-2026 13:25||NIFTY27JAN2624200PE,0.2050802623138605
21-01-2026 13:25||NIFTY27JAN2624300PE,0.195672190502338
21-01-2026 13:25||NIFTY27JAN2624900PE,0.1465893350096069
21-01-2026 13:25||NIFTY27JAN2625000PE,0.1407907875060779
21-01-2026 13:25||NIFTY27JAN2625200CE,0.1323670256890993
21-01-2026 13:25||NIFTY27JAN2625700CE,0.1236296297256416
21-01-2026 13:25||NIFTY27JAN2626000CE,0.1366282127706312
21-01-2026 13:25||NIFTY27JAN2626300CE,0.1582998427278826
21-01-2026 13:30||NIFTY27JAN2624000PE,0.2225734871150636
21-01-2026 13:30||NIFTY27JAN2624400PE,0.1847406334309334
21-01-2026 13:30||NIFTY27JAN2625200CE,0.1359530222295571
21-01-2026 13:30||NIFTY27JAN2625300CE,0.129184315364173
21-01-2026 13:30||NIFTY27JAN2625800CE,0.1287951809028148
21-01-2026 13:30||NIFTY27JAN2626200CE,0.1533349735858111
21-01-2026 13:30||NIFTY27JAN2626300CE,0.1599922123220303
21-01-2026 13:35||NIFTY27JAN2623800PE,0.2208782020303366
21-01-2026 13:35||NIFTY27JAN2624000PE,0.2197159027852744
21-01-2026 13:35||NIFTY27JAN2624700PE,0.157123417550774
21-01-2026 13:35||NIFTY27JAN2624800PE,0.1503958300039551
21-01-2026 13:35||NIFTY27JAN2625800CE,0.1320717352498132
21-01-2026 13:35||NIFTY27JAN2626300CE,0.1606100746024807
21-01-2026 13:40||NIFTY27JAN2624600PE,0.164015497310193
21-01-2026 13:40||NIFTY27JAN2624800PE,0.1501411377437225
21-01-2026 13:40||NIFTY27JAN2625300CE,0.1319480090998123
21-01-2026 13:40||NIFTY27JAN2625800CE,0.131755189904074
21-01-2026 13:40||NIFTY27JAN2626200CE,0.1530774459919774
21-01-2026 13:45||NIFTY27JAN2624800PE,0.1511966117919783
21-01-2026 13:45||NIFTY27JAN2625400CE,0.1239796879689451
21-01-2026 13:45||NIFTY27JAN2625900CE,0.1343930755676478
21-01-2026 13:50||NIFTY27JAN2625100PE,0.134771823275848
21-01-2026 13:50||NIFTY27JAN2626100CE,0.1465341118171034
21-01-2026 13:55||NIFTY27JAN2624300PE,0.1879054446289063
21-01-2026 13:55||NIFTY27JAN2624400PE,0.1795973721105969
21-01-2026 13:55||NIFTY27JAN2625500CE,0.1237706650169436
21-01-2026 13:55||NIFTY27JAN2625700CE,0.1281705412873266
21-01-2026 14:00||NIFTY27JAN2623800PE,0.2194866682376658
21-01-2026 14:00||NIFTY27JAN2624200PE,0.1961467835804778
21-01-2026 14:00||NIFTY27JAN2624600PE,0.1611224991190054
21-01-2026 14:00||NIFTY27JAN2625000PE,0.1325502796762681
21-01-2026 14:00||NIFTY27JAN2625200CE,0.124991848614591
21-01-2026 14:05||NIFTY27JAN2624500PE,0.1645420250889276
21-01-2026 14:05||NIFTY27JAN2625000PE,0.1294328458344813
21-01-2026 14:05||NIFTY27JAN2625400CE,0.1226731186800471
21-01-2026 14:05||NIFTY27JAN2626100CE,0.1491701191930787
21-01-2026 14:05||NIFTY27JAN2626500CE,0.2025553105046142
21-01-2026 14:10||NIFTY27JAN2624000PE,0.2078378055849006
21-01-2026 14:10||NIFTY27JAN2624100PE,0.1989099593183528
21-01-2026 14:10||NIFTY27JAN2624400PE,0.1695164068265051
21-01-2026 14:10||NIFTY27JAN2624500PE,0.1604176679030733
21-01-2026 14:10||NIFTY27JAN2625000PE,0.1255630226141135
21-01-2026 14:10||NIFTY27JAN2625200CE,0.1294355098221638
21-01-2026 14:10||NIFTY27JAN2626000CE,0.142310850296759
21-01-2026 14:10||NIFTY27JAN2626400CE,0.1835287852354465
21-01-2026 14:10||NIFTY27JAN2626500CE,0.2037203929640197
21-01-2026 14:15||NIFTY27JAN2624700PE,0.1472201507179487
21-01-2026 14:15||NIFTY27JAN2625400CE,0.1224173970181306
21-01-2026 14:15||NIFTY27JAN2625800CE,0.1306622750049954
21-01-2026 14:15||NIFTY27JAN2626100CE,0.1479076293877816
21-01-2026 14:20||NIFTY27JAN2624000PE,0.2103083676006863
21-01-2026 14:20||NIFTY27JAN2624300PE,0.1826327192535013
21-01-2026 14:20||NIFTY27JAN2624700PE,0.1518259721642916
21-01-2026 14:20||NIFTY27JAN2625200CE,0.122870299596753
21-01-2026 14:20||NIFTY27JAN2625600CE,0.1209723371108583
21-01-2026 14:20||NIFTY27JAN2626100CE,0.1457076541724252
21-01-2026 14:20||NIFTY27JAN2626500CE,0.1988259799817661
21-01-2026 14:25||NIFTY27JAN2623900PE,0.2191320961329737
21-01-2026 14:25||NIFTY27JAN2624800PE,0.1456910815138062
21-01-2026 14:25||NIFTY27JAN2624900PE,0.1390531845252058
21-01-2026 14:25||NIFTY27JAN2625100PE,0.130441109491919
21-01-2026 14:25||NIFTY27JAN2626500CE,0.1989434179062388
21-01-2026 14:30||NIFTY27JAN2624500PE,0.1596965881921445
21-01-2026 14:30||NIFTY27JAN2624600PE,0.1514254919325595
21-01-2026 14:30||NIFTY27JAN2624800PE,0.1399220520720284
21-01-2026 14:30||NIFTY27JAN2625200CE,0.1170501366607494
21-01-2026 14:30||NIFTY27JAN2625300CE,0.1219831216458714
21-01-2026 14:30||NIFTY27JAN2626300CE,0.1636906054384063
21-01-2026 14:35||NIFTY27JAN2624200PE,0.1856920239934509
21-01-2026 14:35||NIFTY27JAN2624700PE,0.1421493258958014
21-01-2026 14:35||NIFTY27JAN2624800PE,0.1381696945287239
21-01-2026 14:35||NIFTY27JAN2625100PE,0.1178122395432494
21-01-2026 14:35||NIFTY27JAN2625200CE,0.1187613391548832
21-01-2026 14:35||NIFTY27JAN2625800CE,0.1336462336968258
21-01-2026 14:35||NIFTY27JAN2626100CE,0.1493427937443024
21-01-2026 14:40||NIFTY27JAN2624000PE,0.2063213185856227
21-01-2026 14:40||NIFTY27JAN2624200PE,0.186349191589788
21-01-2026 14:40||NIFTY27JAN2624500PE,0.1578183826159489
21-01-2026 14:40||NIFTY27JAN2624600PE,0.1494550189571432
21-01-2026 14:40||NIFTY27JAN2624700PE,0.144106144135445
21-01-2026 14:40||NIFTY27JAN2625100PE,0.1228718024502354
21-01-2026 14:40||NIFTY27JAN2625200CE,0.1205615530406319
21-01-2026 14:40||NIFTY27JAN2625400CE,0.1204942308874508
21-01-2026 14:40||NIFTY27JAN2625800CE,0.1317145645930482
21-01-2026 14:40||NIFTY27JAN2626200CE,0.1550288349799324
21-01-2026 14:45||NIFTY27JAN2624500PE,0.1590563066081424
21-01-2026 14:45||NIFTY27JAN2625400CE,0.1201992570845804
21-01-2026 14:45||NIFTY27JAN2625900CE,0.1348968341573939
21-01-2026 14:45||NIFTY27JAN2626100CE,0.1469318941141452
21-01-2026 14:50||NIFTY27JAN2623900PE,0.2135196885330388
21-01-2026 14:50||NIFTY27JAN2624900PE,0.1340641102218866
21-01-2026 14:50||NIFTY27JAN2625200CE,0.1223611129571057
21-01-2026 14:50||NIFTY27JAN2625300CE,0.1212924994896113
21-01-2026 14:50||NIFTY27JAN2625500CE,0.120032242635168
21-01-2026 14:50||NIFTY27JAN2625800CE,0.1290061565518356
21-01-2026 14:50||NIFTY27JAN2626300CE,0.1612615913436168
21-01-2026 14:55||NIFTY27JAN2624200PE,0.1844592689104579
21-01-2026 14:55||NIFTY27JAN2625300CE,0.1213806166253962
21-01-2026 14:55||NIFTY27JAN2625700CE,0.1251757581691454
21-01-2026 14:55||NIFTY27JAN2626100CE,0.1460163334822306
21-01-2026 15:00||NIFTY27JAN2623900PE,0.2143973061627654
21-01-2026 15:00||NIFTY27JAN2624100PE,0.1944090539788881
21-01-2026 15:00||NIFTY27JAN2624500PE,0.1585514360964149
21-01-2026 15:00||NIFTY27JAN2624800PE,0.1369768489113046
21-01-2026 15:00||NIFTY27JAN2625000PE,0.1253394297154415
21-01-2026 15:00||NIFTY27JAN2625200CE,0.1209028087508709
21-01-2026 15:00||NIFTY27JAN2625300CE,0.121064111996654
21-01-2026 15:00||NIFTY27JAN2625600CE,0.1220684825269313
21-01-2026 15:00||NIFTY27JAN2626400CE,0.1681556848754721
21-01-2026 15:05||NIFTY27JAN2624300PE,0.1764092512385887
21-01-2026 15:05||NIFTY27JAN2625100PE,0.1243510789715018
21-01-2026 15:05||NIFTY27JAN2626200CE,0.1518296629243819
21-01-2026 15:10||NIFTY27JAN2624300PE,0.1769173979344201
21-01-2026 15:10||NIFTY27JAN2624500PE,0.1596364022586001
21-01-2026 15:10||NIFTY27JAN2624600PE,0.1526844803842149
21-01-2026 15:10||NIFTY27JAN2625700CE,0.1232134809474222
21-01-2026 15:10||NIFTY27JAN2625800CE,0.1274790186374878
21-01-2026 15:10||NIFTY27JAN2625900CE,0.1313445999325019
21-01-2026 15:10||NIFTY27JAN2626500CE,0.1939046672260281
21-01-2026 15:15||NIFTY27JAN2624200PE,0.1842418915871149
21-01-2026 15:15||NIFTY27JAN2624300PE,0.1761706475759275
21-01-2026 15:15||NIFTY27JAN2624800PE,0.140103580361082
21-01-2026 15:15||NIFTY27JAN2624900PE,0.1348742126441891
21-01-2026 15:15||NIFTY27JAN2625200CE,0.1126296789149291
21-01-2026 15:15||NIFTY27JAN2625300CE,0.1134187330250368
21-01-2026 15:15||NIFTY27JAN2625600CE,0.119619346080679
21-01-2026 15:15||NIFTY27JAN2625700CE,0.1223575899031417
21-01-2026 15:15||NIFTY27JAN2625900CE,0.1308053940159464
21-01-2026 15:15||NIFTY27JAN2626200CE,0.1529687912134124
21-01-2026 15:20||NIFTY27JAN2623800PE,0.2098309337520889
21-01-2026 15:20||NIFTY27JAN2624800PE,0.1391477842085672
21-01-2026 15:20||NIFTY27JAN2625100PE,0.1253726056915772
21-01-2026 15:20||NIFTY27JAN2625400CE,0.1152750145500639
21-01-2026 15:20||NIFTY27JAN2625600CE,0.1187819610958314
21-01-2026 15:25||NIFTY27JAN2623800PE,0.2126007704360355
21-01-2026 15:25||NIFTY27JAN2624200PE,0.1877887792255501
21-01-2026 15:25||NIFTY27JAN2624500PE,0.1604007848802414
21-01-2026 15:25||NIFTY27JAN2624800PE,0.1379873753688055
21-01-2026 15:25||NIFTY27JAN2625100PE,0.12441764719172
21-01-2026 15:25||NIFTY27JAN2626200CE,0.148737203471968
22-01-2026 09:15||NIFTY27JAN2623800PE,0.2189630072879347
22-01-2026 09:15||NIFTY27JAN2625100PE,0.1243595459077952
22-01-2026 09:15||NIFTY27JAN2625300CE,0.1100525513307097
22-01-2026 09:20||NIFTY27JAN2623900PE,0.2286311676564653
22-01-2026 09:20||NIFTY27JAN2624000PE,0.2185531367327236
22-01-2026 09:20||NIFTY27JAN2624300PE,0.186999249145889
22-01-2026 09:20||NIFTY27JAN2624500PE,0.1648320737634375
22-01-2026 09:20||NIFTY27JAN2624800PE,0.1374831040161714
22-01-2026 09:20||NIFTY27JAN2625200CE,0.1124336698630121
22-01-2026 09:20||NIFTY27JAN2626300CE,0.1517852193890116
22-01-2026 09:25||NIFTY27JAN2624700PE,0.1536074579452981
22-01-2026 09:25||NIFTY27JAN2625000PE,0.1256170690594621
22-01-2026 09:25||NIFTY27JAN2625200CE,0.1250623020423671
22-01-2026 09:25||NIFTY27JAN2625500CE,0.1178344301665507
22-01-2026 09:25||NIFTY27JAN2625600CE,0.1165956753667659
22-01-2026 09:25||NIFTY27JAN2626200CE,0.1449939777518714
22-01-2026 09:30||NIFTY27JAN2624600PE,0.1922911319508102
22-01-2026 09:30||NIFTY27JAN2624800PE,0.1633962718896048
22-01-2026 09:30||NIFTY27JAN2624900PE,0.1514141779639022
22-01-2026 09:30||NIFTY27JAN2625100PE,0.1345023602080098
22-01-2026 09:30||NIFTY27JAN2625500CE,0.1165910006820269
22-01-2026 09:30||NIFTY27JAN2625800CE,0.1219409278742273
22-01-2026 09:30||NIFTY27JAN2626000CE,0.1323772020210212
22-01-2026 09:30||NIFTY27JAN2626300CE,0.154519071512047
22-01-2026 09:35||NIFTY27JAN2624100PE,0.2744756969079303
22-01-2026 09:40||NIFTY27JAN2624100PE,0.2679516632390188
22-01-2026 09:40||NIFTY27JAN2624500PE,0.2184000884106757
22-01-2026 09:40||NIFTY27JAN2626000CE,0.1348731977812983
22-01-2026 09:40||NIFTY27JAN2626200CE,0.1489570357909745
22-01-2026 09:45||NIFTY27JAN2623900PE,0.2771164008959054
22-01-2026 09:45||NIFTY27JAN2624200PE,0.2460164840095478
22-01-2026 09:50||NIFTY27JAN2623900PE,0.2671528265313358
22-01-2026 09:50||NIFTY27JAN2624100PE,0.2463596079951697
22-01-2026 09:50||NIFTY27JAN2624900PE,0.1521527914431768
22-01-2026 09:50||NIFTY27JAN2625000PE,0.1423293223478994
22-01-2026 09:50||NIFTY27JAN2625600CE,0.1163745596707689
22-01-2026 09:50||NIFTY27JAN2625800CE,0.123712582476663
22-01-2026 09:50||NIFTY27JAN2625900CE,0.1279738236438157
22-01-2026 09:50||NIFTY27JAN2626300CE,0.1523931969624838
22-01-2026 09:50||NIFTY27JAN2626500CE,0.2102209245691316
22-01-2026 09:55||NIFTY27JAN2624700PE,0.166992172533746
22-01-2026 09:55||NIFTY27JAN2624800PE,0.1555945033651251
22-01-2026 09:55||NIFTY27JAN2624900PE,0.145208258910691
22-01-2026 09:55||NIFTY27JAN2625200CE,0.1109564369955749
22-01-2026 09:55||NIFTY27JAN2625500CE,0.112253312667164
22-01-2026 10:00||NIFTY27JAN2624200PE,0.217836406285992
22-01-2026 10:00||NIFTY27JAN2624700PE,0.1626582906874252
22-01-2026 10:00||NIFTY27JAN2625100PE,0.1282089247881257
22-01-2026 10:00||NIFTY27JAN2625400CE,0.1155793815694192
22-01-2026 10:00||NIFTY27JAN2625600CE,0.1095628209539922
22-01-2026 10:00||NIFTY27JAN2626100CE,0.1343987144048125
22-01-2026 10:00||NIFTY27JAN2626500CE,0.1989129473817321
22-01-2026 10:05||NIFTY27JAN2624500PE,0.183570716548144
22-01-2026 10:05||NIFTY27JAN2624800PE,0.1514298910544999
22-01-2026 10:05||NIFTY27JAN2625000PE,0.1328427990654212
22-01-2026 10:05||NIFTY27JAN2625400CE,0.1163327092807028
22-01-2026 10:05||NIFTY27JAN2625700CE,0.1130557715341442
22-01-2026 10:05||NIFTY27JAN2625800CE,0.1156767528398781
22-01-2026 10:05||NIFTY27JAN2626100CE,0.1347283589957806
22-01-2026 10:05||NIFTY27JAN2626400CE,0.1572496402486914
22-01-2026 10:10||NIFTY27JAN2623800PE,0.2310116893097374
22-01-2026 10:10||NIFTY27JAN2624200PE,0.2144308009163762
22-01-2026 10:10||NIFTY27JAN2624300PE,0.2038516581989204
22-01-2026 10:10||NIFTY27JAN2624500PE,0.1826227809436268
22-01-2026 10:10||NIFTY27JAN2624800PE,0.1512370058296881
22-01-2026 10:10||NIFTY27JAN2625300CE,0.1214729806876657
22-01-2026 10:10||NIFTY27JAN2625500CE,0.1106816534405175
22-01-2026 10:10||NIFTY27JAN2626200CE,0.1422898043806748
22-01-2026 10:10||NIFTY27JAN2626300CE,0.1490300499270872
22-01-2026 10:15||NIFTY27JAN2623900PE,0.2424424304629847
22-01-2026 10:15||NIFTY27JAN2624400PE,0.1905892097630511
22-01-2026 10:15||NIFTY27JAN2625000PE,0.1345118894871586
22-01-2026 10:15||NIFTY27JAN2625300CE,0.1173215610045717
22-01-2026 10:15||NIFTY27JAN2625400CE,0.1096930724329266
22-01-2026 10:20||NIFTY27JAN2624000PE,0.2249564328533156
22-01-2026 10:20||NIFTY27JAN2625000PE,0.1346219272070302
22-01-2026 10:20||NIFTY27JAN2625100PE,0.1312607840297113
22-01-2026 10:20||NIFTY27JAN2625400CE,0.1063762590168332
22-01-2026 10:20||NIFTY27JAN2625500CE,0.1026765664130275
22-01-2026 10:20||NIFTY27JAN2625600CE,0.1057327053200577
22-01-2026 10:20||NIFTY27JAN2625900CE,0.1224611527019625
22-01-2026 10:25||NIFTY27JAN2623900PE,0.2267962665350217
22-01-2026 10:25||NIFTY27JAN2624000PE,0.2172585305214784
22-01-2026 10:25||NIFTY27JAN2624200PE,0.197117405982461
22-01-2026 10:25||NIFTY27JAN2625100PE,0.1240417009984454
22-01-2026 10:25||NIFTY27JAN2625900CE,0.1243793564880456
22-01-2026 10:25||NIFTY27JAN2626300CE,0.1545967255032113
22-01-2026 10:30||NIFTY27JAN2624300PE,0.1840462086118278
22-01-2026 10:30||NIFTY27JAN2625800CE,0.1187456452439264
22-01-2026 10:30||NIFTY27JAN2626100CE,0.1398685710120434
22-01-2026 10:35||NIFTY27JAN2625100PE,0.1169748957554234
22-01-2026 10:35||NIFTY27JAN2625200CE,0.1278447512100575
22-01-2026 10:35||NIFTY27JAN2625300CE,0.1221263908411216
22-01-2026 10:35||NIFTY27JAN2625400CE,0.1166639251528387
22-01-2026 10:35||NIFTY27JAN2625800CE,0.1192909208319945
22-01-2026 10:40||NIFTY27JAN2624300PE,0.1831275277615826
22-01-2026 10:40||NIFTY27JAN2624600PE,0.154914848561576
22-01-2026 10:40||NIFTY27JAN2625000PE,0.1282269128393204
22-01-2026 10:40||NIFTY27JAN2625800CE,0.1224259693178194
22-01-2026 10:40||NIFTY27JAN2625900CE,0.1279402792949416
22-01-2026 10:40||NIFTY27JAN2626000CE,0.1338378340838135
22-01-2026 10:45||NIFTY27JAN2623900PE,0.224598684093154
22-01-2026 10:45||NIFTY27JAN2625000PE,0.129433467594958
22-01-2026 10:45||NIFTY27JAN2625400CE,0.1141367297595198
22-01-2026 10:45||NIFTY27JAN2625500CE,0.1148077650169475
22-01-2026 10:45||NIFTY27JAN2625700CE,0.1187214120976458
22-01-2026 10:45||NIFTY27JAN2625900CE,0.1292838546585343
22-01-2026 10:45||NIFTY27JAN2626400CE,0.1812274313816017
22-01-2026 10:45||NIFTY27JAN2626500CE,0.2022916451067697
22-01-2026 10:50||NIFTY27JAN2623900PE,0.2248694182718219
22-01-2026 10:50||NIFTY27JAN2624400PE,0.1719118702484233
22-01-2026 10:50||NIFTY27JAN2624500PE,0.1621823068861816
22-01-2026 10:50||NIFTY27JAN2624600PE,0.1543614001594749
22-01-2026 10:50||NIFTY27JAN2624900PE,0.1357429681841344
22-01-2026 10:50||NIFTY27JAN2625000PE,0.1316471027033121
22-01-2026 10:50||NIFTY27JAN2625300CE,0.1092735214234932
22-01-2026 10:50||NIFTY27JAN2625700CE,0.1181177962655025
22-01-2026 10:50||NIFTY27JAN2625900CE,0.1310999324948006
22-01-2026 10:50||NIFTY27JAN2626000CE,0.1374727552005345
22-01-2026 10:50||NIFTY27JAN2626300CE,0.1627626528160278
22-01-2026 10:55||NIFTY27JAN2624000PE,0.2147224051205743
22-01-2026 10:55||NIFTY27JAN2624200PE,0.1947413270656096
22-01-2026 10:55||NIFTY27JAN2624600PE,0.1572132103469506
22-01-2026 10:55||NIFTY27JAN2625900CE,0.1317782743159051
22-01-2026 11:00||NIFTY27JAN2624400PE,0.1741276043330984
22-01-2026 11:00||NIFTY27JAN2624800PE,0.1434249868127675
22-01-2026 11:00||NIFTY27JAN2626300CE,0.1649313452912443
22-01-2026 11:05||NIFTY27JAN2624500PE,0.1626685905484985
22-01-2026 11:05||NIFTY27JAN2624800PE,0.1410365028137279
22-01-2026 11:05||NIFTY27JAN2625500CE,0.1201884076040965
22-01-2026 11:05||NIFTY27JAN2625600CE,0.1223589102948594
22-01-2026 11:05||NIFTY27JAN2625900CE,0.1367250207424657
22-01-2026 11:05||NIFTY27JAN2626200CE,0.1587534187954407
22-01-2026 11:10||NIFTY27JAN2623800PE,0.2171913625304416
22-01-2026 11:10||NIFTY27JAN2624300PE,0.1802107378859981
22-01-2026 11:10||NIFTY27JAN2624600PE,0.1538634937499225
22-01-2026 11:10||NIFTY27JAN2624700PE,0.1468464654916359
22-01-2026 11:10||NIFTY27JAN2625000PE,0.1322093985920823
22-01-2026 11:10||NIFTY27JAN2625100PE,0.1291088485001849
22-01-2026 11:10||NIFTY27JAN2625400CE,0.1170939153266831
22-01-2026 11:10||NIFTY27JAN2625800CE,0.1312717599513392
22-01-2026 11:10||NIFTY27JAN2626100CE,0.1528769707938646
22-01-2026 11:15||NIFTY27JAN2623900PE,0.2200488915630865
22-01-2026 11:15||NIFTY27JAN2624300PE,0.1786106582229416
22-01-2026 11:15||NIFTY27JAN2625600CE,0.1207434710471457
22-01-2026 11:15||NIFTY27JAN2625800CE,0.1322089699964981
22-01-2026 11:15||NIFTY27JAN2626100CE,0.1545086962020072
22-01-2026 11:15||NIFTY27JAN2626200CE,0.1608758841651948
22-01-2026 11:15||NIFTY27JAN2626400CE,0.185067455444557
22-01-2026 11:15||NIFTY27JAN2626500CE,0.2029407026357826
22-01-2026 11:20||NIFTY27JAN2623900PE,0.2169408120252373
22-01-2026 11:20||NIFTY27JAN2624700PE,0.1443829003809063
22-01-2026 11:20||NIFTY27JAN2624800PE,0.1381321340969653
22-01-2026 11:20||NIFTY27JAN2625600CE,0.1211791041239706
22-01-2026 11:20||NIFTY27JAN2625900CE,0.1384986271203517
22-01-2026 11:25||NIFTY27JAN2623800PE,0.2129252347608699
22-01-2026 11:25||NIFTY27JAN2623900PE,0.2156793964189914
22-01-2026 11:25||NIFTY27JAN2624000PE,0.2087278254867839
22-01-2026 11:25||NIFTY27JAN2624500PE,0.1591460177142242
22-01-2026 11:25||NIFTY27JAN2624600PE,0.1508597902653455
22-01-2026 11:25||NIFTY27JAN2625800CE,0.1321549426018441
22-01-2026 11:25||NIFTY27JAN2625900CE,0.1374148301574902
22-01-2026 11:25||NIFTY27JAN2626500CE,0.1930587713622669
22-01-2026 11:30||NIFTY27JAN2624300PE,0.1808361042999463
22-01-2026 11:30||NIFTY27JAN2625800CE,0.1310215575268783
22-01-2026 11:30||NIFTY27JAN2626000CE,0.1416927442319823
22-01-2026 11:35||NIFTY27JAN2624200PE,0.1882848081196724
22-01-2026 11:35||NIFTY27JAN2625500CE,0.1183148392964285
22-01-2026 11:35||NIFTY27JAN2625900CE,0.1357474603792725
22-01-2026 11:40||NIFTY27JAN2624200PE,0.1876273235444363
22-01-2026 11:40||NIFTY27JAN2624700PE,0.1465121796741698
22-01-2026 11:40||NIFTY27JAN2625200CE,0.118937317475019
22-01-2026 11:40||NIFTY27JAN2626300CE,0.1683362564081185
22-01-2026 11:45||NIFTY27JAN2623900PE,0.2192573709151942
22-01-2026 11:45||NIFTY27JAN2624400PE,0.1693301300011353
22-01-2026 11:45||NIFTY27JAN2625000PE,0.1292173448735732
22-01-2026 11:45||NIFTY27JAN2626500CE,0.200421534589383
22-01-2026 11:50||NIFTY27JAN2624500PE,0.1606383115624937
22-01-2026 11:50||NIFTY27JAN2624800PE,0.1390557048940173
22-01-2026 11:50||NIFTY27JAN2625200CE,0.1224429268065752
22-01-2026 11:50||NIFTY27JAN2625700CE,0.1299033481420243
22-01-2026 11:50||NIFTY27JAN2626200CE,0.1648661305927725
22-01-2026 11:50||NIFTY27JAN2626300CE,0.1724265209724756
22-01-2026 11:55||NIFTY27JAN2624000PE,0.2079080834463618
22-01-2026 11:55||NIFTY27JAN2625000PE,0.127976793683452
22-01-2026 12:00||NIFTY27JAN2623800PE,0.2155075572203233
22-01-2026 12:00||NIFTY27JAN2624300PE,0.1761642390842059
22-01-2026 12:00||NIFTY27JAN2625600CE,0.1295716135713701
22-01-2026 12:00||NIFTY27JAN2625700CE,0.1323189166110617
22-01-2026 12:00||NIFTY27JAN2626100CE,0.1584236884894973
22-01-2026 12:00||NIFTY27JAN2626400CE,0.1825666741973405
22-01-2026 12:05||NIFTY27JAN2624300PE,0.1764373348159695
22-01-2026 12:05||NIFTY27JAN2625600CE,0.1287830491790011
22-01-2026 12:05||NIFTY27JAN2625700CE,0.131489842805981
22-01-2026 12:05||NIFTY27JAN2626000CE,0.1493322433533289
22-01-2026 12:05||NIFTY27JAN2626300CE,0.1723813887244456
22-01-2026 12:10||NIFTY27JAN2624000PE,0.2077237359682633
22-01-2026 12:10||NIFTY27JAN2624500PE,0.1591338580213431
22-01-2026 12:10||NIFTY27JAN2625500CE,0.1253342760459214
22-01-2026 12:10||NIFTY27JAN2625800CE,0.1347176594672055
22-01-2026 12:10||NIFTY27JAN2626100CE,0.154325133117698
22-01-2026 12:15||NIFTY27JAN2623800PE,0.2199513185436127
22-01-2026 12:15||NIFTY27JAN2624000PE,0.2090731962440701
22-01-2026 12:15||NIFTY27JAN2624500PE,0.1604911695277176
22-01-2026 12:15||NIFTY27JAN2626100CE,0.1524280118328156
22-01-2026 12:15||NIFTY27JAN2626400CE,0.1846797699785471
22-01-2026 12:15||NIFTY27JAN2626500CE,0.2039867470608643
22-01-2026 12:20||NIFTY27JAN2624800PE,0.1349275197928096
22-01-2026 12:20||NIFTY27JAN2624900PE,0.1298891624951402
22-01-2026 12:20||NIFTY27JAN2625900CE,0.1384826239155907
22-01-2026 12:20||NIFTY27JAN2626000CE,0.144828536931314
22-01-2026 12:20||NIFTY27JAN2626500CE,0.2041906290818425
22-01-2026 12:25||NIFTY27JAN2623900PE,0.2209880002810811
22-01-2026 12:25||NIFTY27JAN2624200PE,0.189911894829681
22-01-2026 12:25||NIFTY27JAN2624700PE,0.1419530828979582
22-01-2026 12:25||NIFTY27JAN2624800PE,0.1335271789899478
22-01-2026 12:25||NIFTY27JAN2625300CE,0.1208984365870128
22-01-2026 12:30||NIFTY27JAN2624200PE,0.1892041797001201
22-01-2026 12:30||NIFTY27JAN2624400PE,0.1650912830726326
22-01-2026 12:30||NIFTY27JAN2624500PE,0.1572190605183365
22-01-2026 12:30||NIFTY27JAN2625100PE,0.1204203553762177
22-01-2026 12:30||NIFTY27JAN2625700CE,0.1277950480394336
22-01-2026 12:30||NIFTY27JAN2625800CE,0.1319945420087536
22-01-2026 12:30||NIFTY27JAN2625900CE,0.1358877903781237
22-01-2026 12:30||NIFTY27JAN2626400CE,0.17478294968862
22-01-2026 12:35||NIFTY27JAN2623800PE,0.2153017571550889
22-01-2026 12:35||NIFTY27JAN2624400PE,0.1668153091450422
22-01-2026 12:35||NIFTY27JAN2626100CE,0.149326696753806
22-01-2026 12:35||NIFTY27JAN2626300CE,0.1658672509668176
22-01-2026 12:40||NIFTY27JAN2624100PE,0.1983014781794684
22-01-2026 12:40||NIFTY27JAN2626200CE,0.1610861066461879
22-01-2026 12:45||NIFTY27JAN2624700PE,0.1426416509688806
22-01-2026 12:45||NIFTY27JAN2624900PE,0.1288531307318919
22-01-2026 12:45||NIFTY27JAN2625200CE,0.1139312240617514
22-01-2026 12:45||NIFTY27JAN2625700CE,0.1230675692707277
22-01-2026 12:45||NIFTY27JAN2625800CE,0.1280762942702822
22-01-2026 12:45||NIFTY27JAN2626000CE,0.1482275463564004
22-01-2026 12:45||NIFTY27JAN2626100CE,0.1580352269367037
22-01-2026 12:45||NIFTY27JAN2626200CE,0.1655431252435023
22-01-2026 12:45||NIFTY27JAN2626300CE,0.1714654346157325
22-01-2026 12:45||NIFTY27JAN2626400CE,0.1763027755544486
22-01-2026 12:50||NIFTY27JAN2624200PE,0.1842036230697908
22-01-2026 12:50||NIFTY27JAN2624300PE,0.1748943316084744
22-01-2026 12:50||NIFTY27JAN2624900PE,0.1294335425869766
22-01-2026 12:50||NIFTY27JAN2625900CE,0.1352753848027919
22-01-2026 12:50||NIFTY27JAN2626200CE,0.1638027488350847
22-01-2026 12:50||NIFTY27JAN2626300CE,0.171068064117256
22-01-2026 12:55||NIFTY27JAN2624400PE,0.164322386534363
22-01-2026 12:55||NIFTY27JAN2625100PE,0.1216460462324126
22-01-2026 12:55||NIFTY27JAN2626100CE,0.152657132711072
22-01-2026 12:55||NIFTY27JAN2626400CE,0.1788195262198828
22-01-2026 13:00||NIFTY27JAN2624000PE,0.2026243754135836
22-01-2026 13:00||NIFTY27JAN2624400PE,0.1624803022122793
22-01-2026 13:00||NIFTY27JAN2624900PE,0.1263089626509601
22-01-2026 13:00||NIFTY27JAN2625700CE,0.1262757693283426
22-01-2026 13:05||NIFTY27JAN2623800PE,0.2146295637556479
22-01-2026 13:05||NIFTY27JAN2624100PE,0.1918890520333634
22-01-2026 13:05||NIFTY27JAN2624400PE,0.1626371236957142
22-01-2026 13:05||NIFTY27JAN2625000PE,0.1222543971355203
22-01-2026 13:05||NIFTY27JAN2625300CE,0.1169905889889069
22-01-2026 13:05||NIFTY27JAN2625400CE,0.1164661515326518
22-01-2026 13:05||NIFTY27JAN2625700CE,0.1255371465133166
22-01-2026 13:10||NIFTY27JAN2624200PE,0.1805876206409368
22-01-2026 13:10||NIFTY27JAN2625300CE,0.1167367443975335
22-01-2026 13:10||NIFTY27JAN2625500CE,0.1183377465358447
22-01-2026 13:10||NIFTY27JAN2626000CE,0.1466268642776027
22-01-2026 13:10||NIFTY27JAN2626500CE,0.2019834271128639
22-01-2026 13:15||NIFTY27JAN2624200PE,0.1797487050950312
22-01-2026 13:15||NIFTY27JAN2624600PE,0.1425957991414034
22-01-2026 13:15||NIFTY27JAN2624700PE,0.1357980278801924
22-01-2026 13:15||NIFTY27JAN2625200CE,0.1108597280988207
22-01-2026 13:15||NIFTY27JAN2625600CE,0.1223946515500619
22-01-2026 13:20||NIFTY27JAN2623900PE,0.2130334393920258
22-01-2026 13:20||NIFTY27JAN2624700PE,0.1372758620926788
22-01-2026 13:20||NIFTY27JAN2624900PE,0.1205562384583117
22-01-2026 13:20||NIFTY27JAN2625200CE,0.1099898841864284
22-01-2026 13:20||NIFTY27JAN2625500CE,0.118995587192893
22-01-2026 13:20||NIFTY27JAN2626100CE,0.156567011928251
22-01-2026 13:25||NIFTY27JAN2624900PE,0.1199604600511686
22-01-2026 13:25||NIFTY27JAN2625100PE,0.1206440017005006
22-01-2026 13:25||NIFTY27JAN2625800CE,0.1321213876713856
22-01-2026 13:25||NIFTY27JAN2626100CE,0.1573957251623142
22-01-2026 13:25||NIFTY27JAN2626300CE,0.174261544537841
22-01-2026 13:30||NIFTY27JAN2623800PE,0.2102401634633914
22-01-2026 13:30||NIFTY27JAN2624000PE,0.1995090266777864
22-01-2026 13:30||NIFTY27JAN2624100PE,0.1900603432441291
22-01-2026 13:30||NIFTY27JAN2624600PE,0.1419752585188141
22-01-2026 13:30||NIFTY27JAN2625100PE,0.1206163820593932
22-01-2026 13:30||NIFTY27JAN2625800CE,0.1334321577446082
22-01-2026 13:30||NIFTY27JAN2625900CE,0.1400464417332423
22-01-2026 13:35||NIFTY27JAN2623800PE,0.2084787681029232
22-01-2026 13:35||NIFTY27JAN2623900PE,0.209665257258554
22-01-2026 13:35||NIFTY27JAN2624400PE,0.1592137386859514
22-01-2026 13:35||NIFTY27JAN2624600PE,0.1425659495774314
22-01-2026 13:35||NIFTY27JAN2624700PE,0.1348116369569595
22-01-2026 13:35||NIFTY27JAN2625300CE,0.1218134363138264
22-01-2026 13:35||NIFTY27JAN2625500CE,0.1195434681536539
22-01-2026 13:35||NIFTY27JAN2625700CE,0.1263450127608994
22-01-2026 13:35||NIFTY27JAN2626000CE,0.149655435590319
22-01-2026 13:35||NIFTY27JAN2626100CE,0.156782163616127
22-01-2026 13:35||NIFTY27JAN2626400CE,0.1810996769331613
22-01-2026 13:40||NIFTY27JAN2624000PE,0.2007621234473421
22-01-2026 13:40||NIFTY27JAN2624200PE,0.177019459654676
22-01-2026 13:40||NIFTY27JAN2624300PE,0.1656890800482154
22-01-2026 13:40||NIFTY27JAN2624400PE,0.1567922853489761
22-01-2026 13:40||NIFTY27JAN2624900PE,0.1233820801212381
22-01-2026 13:40||NIFTY27JAN2625100PE,0.1153634822389825
22-01-2026 13:40||NIFTY27JAN2625300CE,0.1217401452476784
22-01-2026 13:40||NIFTY27JAN2625400CE,0.1188608846693569
22-01-2026 13:40||NIFTY27JAN2625600CE,0.1219292732939485
22-01-2026 13:40||NIFTY27JAN2626000CE,0.1491840517564038
22-01-2026 13:40||NIFTY27JAN2626300CE,0.171272687795766
22-01-2026 13:45||NIFTY27JAN2624400PE,0.1569981404086648
22-01-2026 13:45||NIFTY27JAN2625200CE,0.1282262279890043
22-01-2026 13:45||NIFTY27JAN2625800CE,0.1340189934986884
22-01-2026 13:45||NIFTY27JAN2626100CE,0.1563744743228609
22-01-2026 13:45||NIFTY27JAN2626300CE,0.1719101052944123
22-01-2026 13:50||NIFTY27JAN2623800PE,0.21168690422403
22-01-2026 13:50||NIFTY27JAN2625200CE,0.1254107312978845
22-01-2026 13:50||NIFTY27JAN2626300CE,0.170854371629626
22-01-2026 13:55||NIFTY27JAN2624500PE,0.1490680480338579
22-01-2026 13:55||NIFTY27JAN2624600PE,0.1404026443524881
22-01-2026 13:55||NIFTY27JAN2624800PE,0.1261845695058488
22-01-2026 13:55||NIFTY27JAN2625400CE,0.1171039205222525
22-01-2026 13:55||NIFTY27JAN2625500CE,0.1182340375896252
22-01-2026 13:55||NIFTY27JAN2625900CE,0.1372736270362791
22-01-2026 13:55||NIFTY27JAN2626000CE,0.1445045459663298
22-01-2026 13:55||NIFTY27JAN2626400CE,0.179144779779388
22-01-2026 14:00||NIFTY27JAN2623800PE,0.2108797390684659
22-01-2026 14:00||NIFTY27JAN2623900PE,0.2120695234085235
22-01-2026 14:00||NIFTY27JAN2624300PE,0.1698640212628995
22-01-2026 14:00||NIFTY27JAN2625000PE,0.1167802592435842
22-01-2026 14:00||NIFTY27JAN2625300CE,0.1107238673966584
22-01-2026 14:00||NIFTY27JAN2625500CE,0.1144487597382895
22-01-2026 14:00||NIFTY27JAN2625600CE,0.1164404802519879
22-01-2026 14:00||NIFTY27JAN2626500CE,0.1952610888601254
22-01-2026 14:05||NIFTY27JAN2623800PE,0.2101916164707875
22-01-2026 14:05||NIFTY27JAN2624000PE,0.2008215185355006
22-01-2026 14:05||NIFTY27JAN2624200PE,0.1767227199835327
22-01-2026 14:05||NIFTY27JAN2624300PE,0.1679344790198109
22-01-2026 14:05||NIFTY27JAN2625200CE,0.1062784868483867
22-01-2026 14:05||NIFTY27JAN2626200CE,0.1599711080089777
22-01-2026 14:05||NIFTY27JAN2626400CE,0.1793197927701438
22-01-2026 14:10||NIFTY27JAN2623900PE,0.2097354006486505
22-01-2026 14:10||NIFTY27JAN2624200PE,0.1768240373683861
22-01-2026 14:10||NIFTY27JAN2625100PE,0.1177459440654387
22-01-2026 14:10||NIFTY27JAN2625900CE,0.1357598896875752
22-01-2026 14:15||NIFTY27JAN2623800PE,0.2068910451775628
22-01-2026 14:15||NIFTY27JAN2624600PE,0.1388506721617672
22-01-2026 14:15||NIFTY27JAN2625000PE,0.1173653270404099
22-01-2026 14:15||NIFTY27JAN2625100PE,0.11461176868606
22-01-2026 14:15||NIFTY27JAN2626500CE,0.196830041371115
22-01-2026 14:20||NIFTY27JAN2623800PE,0.2029097221139746
22-01-2026 14:20||NIFTY27JAN2623900PE,0.1999401899804963
22-01-2026 14:20||NIFTY27JAN2624000PE,0.1919026913977308
22-01-2026 14:20||NIFTY27JAN2624100PE,0.1830176205326326
22-01-2026 14:20||NIFTY27JAN2624400PE,0.1532765382888081
22-01-2026 14:20||NIFTY27JAN2624900PE,0.113990672170044
22-01-2026 14:20||NIFTY27JAN2625400CE,0.1181721835974683
22-01-2026 14:20||NIFTY27JAN2625700CE,0.1289460321986748
22-01-2026 14:20||NIFTY27JAN2625800CE,0.1350882149302698
22-01-2026 14:20||NIFTY27JAN2625900CE,0.1400771859172668
22-01-2026 14:20||NIFTY27JAN2626100CE,0.157713826003786
22-01-2026 14:20||NIFTY27JAN2626200CE,0.1660746596484504
22-01-2026 14:25||NIFTY27JAN2624200PE,0.172545167142547
22-01-2026 14:25||NIFTY27JAN2624300PE,0.1621267850494309
22-01-2026 14:25||NIFTY27JAN2624600PE,0.1325625154364689
22-01-2026 14:25||NIFTY27JAN2624700PE,0.1245027317347039
22-01-2026 14:25||NIFTY27JAN2626500CE,0.1987983784329317
22-01-2026 14:30||NIFTY27JAN2623800PE,0.2132529632923891
22-01-2026 14:30||NIFTY27JAN2624300PE,0.1659805809891071
22-01-2026 14:30||NIFTY27JAN2625600CE,0.1218864508553496
22-01-2026 14:30||NIFTY27JAN2625700CE,0.123668372984252
22-01-2026 14:30||NIFTY27JAN2625900CE,0.1342017120075528
22-01-2026 14:30||NIFTY27JAN2626500CE,0.1962979514099809
22-01-2026 14:35||NIFTY27JAN2624000PE,0.2043011403475644
22-01-2026 14:35||NIFTY27JAN2624800PE,0.122550679792153
22-01-2026 14:35||NIFTY27JAN2625500CE,0.1172505429958174
22-01-2026 14:40||NIFTY27JAN2623800PE,0.2139503887228969
22-01-2026 14:40||NIFTY27JAN2625200CE,0.1262176631208041
22-01-2026 14:40||NIFTY27JAN2625400CE,0.1147428114843868
22-01-2026 14:40||NIFTY27JAN2626100CE,0.1423846820460247
22-01-2026 14:40||NIFTY27JAN2626500CE,0.1909937836014798
22-01-2026 14:45||NIFTY27JAN2624000PE,0.2051444013204711
22-01-2026 14:45||NIFTY27JAN2626100CE,0.1404034686792464
22-01-2026 14:50||NIFTY27JAN2624400PE,0.1553959009077692
22-01-2026 14:50||NIFTY27JAN2624500PE,0.1460494038795406
22-01-2026 14:50||NIFTY27JAN2625400CE,0.1128977549274245
22-01-2026 14:50||NIFTY27JAN2625500CE,0.111829123109176
22-01-2026 14:50||NIFTY27JAN2625600CE,0.1110550634902833
22-01-2026 14:50||NIFTY27JAN2626200CE,0.1467130473287996
22-01-2026 14:55||NIFTY27JAN2624300PE,0.1659876094613835
22-01-2026 14:55||NIFTY27JAN2625000PE,0.1103396592459321
22-01-2026 14:55||NIFTY27JAN2626100CE,0.1374199894709195
22-01-2026 14:55||NIFTY27JAN2626500CE,0.1898764855293744
22-01-2026 15:00||NIFTY27JAN2624300PE,0.1647933646110943
22-01-2026 15:00||NIFTY27JAN2624600PE,0.1352087773699303
22-01-2026 15:00||NIFTY27JAN2624900PE,0.1134584131229509
22-01-2026 15:00||NIFTY27JAN2625600CE,0.1100455632404365
22-01-2026 15:00||NIFTY27JAN2626400CE,0.1648848607297797
22-01-2026 15:05||NIFTY27JAN2625300CE,0.1159908815449757
22-01-2026 15:05||NIFTY27JAN2625400CE,0.1111750639746493
22-01-2026 15:05||NIFTY27JAN2625600CE,0.111868937381334
22-01-2026 15:10||NIFTY27JAN2623800PE,0.2048627129462036
22-01-2026 15:10||NIFTY27JAN2624000PE,0.2007382140904911
22-01-2026 15:10||NIFTY27JAN2624200PE,0.1767277763049719
22-01-2026 15:10||NIFTY27JAN2625100PE,0.0982607113266846
22-01-2026 15:10||NIFTY27JAN2625600CE,0.1103327156383813
22-01-2026 15:10||NIFTY27JAN2626100CE,0.1349715990614721
22-01-2026 15:15||NIFTY27JAN2623800PE,0.2047704858185309
22-01-2026 15:15||NIFTY27JAN2624200PE,0.1768535813291211
22-01-2026 15:15||NIFTY27JAN2624600PE,0.1349408892515556
22-01-2026 15:15||NIFTY27JAN2625400CE,0.1159889401332848
22-01-2026 15:15||NIFTY27JAN2625800CE,0.1139246705935991
22-01-2026 15:15||NIFTY27JAN2625900CE,0.1182996045667788
22-01-2026 15:15||NIFTY27JAN2626200CE,0.1417772885430847
22-01-2026 15:15||NIFTY27JAN2626300CE,0.1498345275648674
22-01-2026 15:20||NIFTY27JAN2624800PE,0.1148761972919895
22-01-2026 15:20||NIFTY27JAN2625200CE,0.1248694214688637
22-01-2026 15:20||NIFTY27JAN2626400CE,0.159988886877905
22-01-2026 15:25||NIFTY27JAN2623800PE,0.2138241384356873
22-01-2026 15:25||NIFTY27JAN2624300PE,0.1684467649827385
22-01-2026 15:25||NIFTY27JAN2624700PE,0.1292317405957258
22-01-2026 15:25||NIFTY27JAN2625100PE,0.1084191428578909
22-01-2026 15:25||NIFTY27JAN2625200CE,0.1165350971345866
22-01-2026 15:25||NIFTY27JAN2625300CE,0.1166110404845106
22-01-2026 15:25||NIFTY27JAN2625600CE,0.1105045125521293
22-01-2026 15:25||NIFTY27JAN2625900CE,0.1226811772201417
22-01-2026 15:25||NIFTY27JAN2626000CE,0.1309516656758922
22-01-2026 15:25||NIFTY27JAN2626400CE,0.1663430732638336
23-01-2026 09:15||NIFTY27JAN2624100PE,0.1959409854097756
23-01-2026 09:15||NIFTY27JAN2624200PE,0.1826099948967802
23-01-2026 09:15||NIFTY27JAN2624300PE,0.174715329789534
23-01-2026 09:15||NIFTY27JAN2625500CE,0.1151866808299442
23-01-2026 09:15||NIFTY27JAN2626000CE,0.1406905851142199
23-01-2026 09:15||NIFTY27JAN2626100CE,0.1474464361135447
23-01-2026 09:15||NIFTY27JAN2626200CE,0.1525402101584539
23-01-2026 09:15||NIFTY27JAN2626300CE,0.1620949443568506
23-01-2026 09:15||NIFTY27JAN2626500CE,0.2011899661670876
23-01-2026 09:20||NIFTY27JAN2623900PE,0.2343362176342018
23-01-2026 09:20||NIFTY27JAN2624400PE,0.1721439120317528
23-01-2026 09:20||NIFTY27JAN2625500CE,0.1186147875415272
23-01-2026 09:20||NIFTY27JAN2626200CE,0.1538196639987297
23-01-2026 09:20||NIFTY27JAN2626400CE,0.1762095818260979
23-01-2026 09:25||NIFTY27JAN2623800PE,0.2275986498589165
23-01-2026 09:25||NIFTY27JAN2625100PE,0.1121141279706254
23-01-2026 09:25||NIFTY27JAN2626100CE,0.1415456514982281
23-01-2026 09:25||NIFTY27JAN2626200CE,0.1504930794819073
23-01-2026 09:25||NIFTY27JAN2626400CE,0.1709997582717382
23-01-2026 09:30||NIFTY27JAN2623900PE,0.2355931355260455
23-01-2026 09:30||NIFTY27JAN2624000PE,0.2258311830089223
23-01-2026 09:30||NIFTY27JAN2624400PE,0.1711670957808696
23-01-2026 09:30||NIFTY27JAN2624500PE,0.1583115570124629
23-01-2026 09:30||NIFTY27JAN2624600PE,0.1496644371370157
23-01-2026 09:30||NIFTY27JAN2624700PE,0.1420551456689081
23-01-2026 09:30||NIFTY27JAN2625200CE,0.1190503177132121
23-01-2026 09:30||NIFTY27JAN2626300CE,0.1594733296597955
23-01-2026 09:35||NIFTY27JAN2623900PE,0.235216651165946
23-01-2026 09:35||NIFTY27JAN2624000PE,0.2248307320848173
23-01-2026 09:35||NIFTY27JAN2624400PE,0.1739692280537884
23-01-2026 09:35||NIFTY27JAN2625500CE,0.1072287474541651
23-01-2026 09:35||NIFTY27JAN2626100CE,0.1392820064432776
23-01-2026 09:40||NIFTY27JAN2625400CE,0.1130849117774882
23-01-2026 09:40||NIFTY27JAN2625500CE,0.1103404274419541
23-01-2026 09:40||NIFTY27JAN2626000CE,0.1313311010607985
23-01-2026 09:45||NIFTY27JAN2623900PE,0.2356129603536412
23-01-2026 09:45||NIFTY27JAN2624100PE,0.2110038458738483
23-01-2026 09:45||NIFTY27JAN2624300PE,0.1857250520387428
23-01-2026 09:45||NIFTY27JAN2624800PE,0.1309261103532567
23-01-2026 09:45||NIFTY27JAN2624900PE,0.124367301292197
23-01-2026 09:45||NIFTY27JAN2626100CE,0.1418794100536393
23-01-2026 09:45||NIFTY27JAN2626400CE,0.1738385350765064
23-01-2026 09:50||NIFTY27JAN2623900PE,0.2346932024720903
23-01-2026 09:50||NIFTY27JAN2624200PE,0.1964245705815454
23-01-2026 09:50||NIFTY27JAN2624400PE,0.1725484307733659
23-01-2026 09:50||NIFTY27JAN2624700PE,0.1387957195716666
23-01-2026 09:50||NIFTY27JAN2625200CE,0.1258802042409229
23-01-2026 09:50||NIFTY27JAN2625300CE,0.116542745699697
23-01-2026 09:50||NIFTY27JAN2625700CE,0.1109884715693753
23-01-2026 09:50||NIFTY27JAN2625800CE,0.1147576649795549
23-01-2026 09:55||NIFTY27JAN2623800PE,0.2277526702006697
23-01-2026 09:55||NIFTY27JAN2624200PE,0.1966250974291907
23-01-2026 09:55||NIFTY27JAN2624800PE,0.1303303052218319
23-01-2026 09:55||NIFTY27JAN2625000PE,0.1175797699049924
23-01-2026 09:55||NIFTY27JAN2625200CE,0.1219512085733441
23-01-2026 09:55||NIFTY27JAN2625700CE,0.1084776896608792
23-01-2026 09:55||NIFTY27JAN2626300CE,0.1624580794959794
23-01-2026 10:00||NIFTY27JAN2624700PE,0.1385854145887728
23-01-2026 10:00||NIFTY27JAN2625900CE,0.1237399548785597
23-01-2026 10:00||NIFTY27JAN2626000CE,0.1341603349617343
23-01-2026 10:00||NIFTY27JAN2626100CE,0.1422371717617876
23-01-2026 10:00||NIFTY27JAN2626300CE,0.1625229335868764
23-01-2026 10:05||NIFTY27JAN2623800PE,0.2271733888006995
23-01-2026 10:05||NIFTY27JAN2624100PE,0.2098979951813109
23-01-2026 10:05||NIFTY27JAN2624600PE,0.1492349998697625
23-01-2026 10:05||NIFTY27JAN2624800PE,0.1301850168667052
23-01-2026 10:05||NIFTY27JAN2626200CE,0.1521858077190151
23-01-2026 10:10||NIFTY27JAN2623800PE,0.2269520832626815
23-01-2026 10:10||NIFTY27JAN2624000PE,0.2221093897673035
23-01-2026 10:10||NIFTY27JAN2624400PE,0.1725665012836892
23-01-2026 10:10||NIFTY27JAN2624600PE,0.148777250933844
23-01-2026 10:10||NIFTY27JAN2624800PE,0.1300841806902074
23-01-2026 10:10||NIFTY27JAN2625300CE,0.1014138353879356
23-01-2026 10:15||NIFTY27JAN2624700PE,0.1379488444955045
23-01-2026 10:15||NIFTY27JAN2625700CE,0.1060831903643585
23-01-2026 10:15||NIFTY27JAN2625900CE,0.1231265662425705
23-01-2026 10:15||NIFTY27JAN2626000CE,0.1335598746885192
23-01-2026 10:15||NIFTY27JAN2626400CE,0.177573234124511
23-01-2026 10:20||NIFTY27JAN2625700CE,0.1092164351815234
23-01-2026 10:20||NIFTY27JAN2625800CE,0.1145902584683547
23-01-2026 10:20||NIFTY27JAN2626100CE,0.1447721725556709
23-01-2026 10:20||NIFTY27JAN2626500CE,0.2060337311405036
23-01-2026 10:25||NIFTY27JAN2623800PE,0.2279615660692458
23-01-2026 10:25||NIFTY27JAN2624400PE,0.1686056365346062
23-01-2026 10:25||NIFTY27JAN2624600PE,0.1438418387338716
23-01-2026 10:25||NIFTY27JAN2625100PE,0.1049412107326882
23-01-2026 10:25||NIFTY27JAN2625400CE,0.108640662743351
23-01-2026 10:25||NIFTY27JAN2626000CE,0.1320314974551811
23-01-2026 10:30||NIFTY27JAN2624100PE,0.2070285140167315
23-01-2026 10:30||NIFTY27JAN2624400PE,0.1714143087488114
23-01-2026 10:30||NIFTY27JAN2624600PE,0.1463589037290589
23-01-2026 10:30||NIFTY27JAN2625100PE,0.1068183133126324
23-01-2026 10:35||NIFTY27JAN2624000PE,0.2185276224575827
23-01-2026 10:35||NIFTY27JAN2624100PE,0.2054566237969128
23-01-2026 10:35||NIFTY27JAN2624200PE,0.1972754265062791
23-01-2026 10:35||NIFTY27JAN2624500PE,0.1604449718278145
23-01-2026 10:35||NIFTY27JAN2624900PE,0.1212157418329121
23-01-2026 10:35||NIFTY27JAN2625100PE,0.1089795774065866
23-01-2026 10:35||NIFTY27JAN2625600CE,0.0994727182042316
23-01-2026 10:40||NIFTY27JAN2624000PE,0.2213390787325901
23-01-2026 10:40||NIFTY27JAN2624600PE,0.1496460649750716
23-01-2026 10:40||NIFTY27JAN2624800PE,0.1300232442106782
23-01-2026 10:40||NIFTY27JAN2625300CE,0.1011821230259621
23-01-2026 10:40||NIFTY27JAN2625800CE,0.1066721930136618
23-01-2026 10:45||NIFTY27JAN2624100PE,0.2108412286381974
23-01-2026 10:45||NIFTY27JAN2625100PE,0.1099276929463868
23-01-2026 10:45||NIFTY27JAN2625900CE,0.1161774659914089
23-01-2026 10:45||NIFTY27JAN2626200CE,0.1527802962851701
23-01-2026 10:45||NIFTY27JAN2626500CE,0.2054693309735028
23-01-2026 10:50||NIFTY27JAN2623900PE,0.2352198232985639
23-01-2026 10:50||NIFTY27JAN2625400CE,0.0982827306431449
23-01-2026 10:50||NIFTY27JAN2625700CE,0.1008541126596457
23-01-2026 10:50||NIFTY27JAN2626200CE,0.1567785011695038
23-01-2026 10:50||NIFTY27JAN2626300CE,0.1669866852210745
23-01-2026 10:50||NIFTY27JAN2626400CE,0.1757596968914597
23-01-2026 10:55||NIFTY27JAN2623800PE,0.2273811699172058
23-01-2026 10:55||NIFTY27JAN2624600PE,0.1465382056417085
23-01-2026 10:55||NIFTY27JAN2624900PE,0.1183575060303702
23-01-2026 10:55||NIFTY27JAN2626200CE,0.1549403013661648
23-01-2026 11:00||NIFTY27JAN2625100PE,0.105808229167653
23-01-2026 11:00||NIFTY27JAN2625400CE,0.0991414037017085
23-01-2026 11:00||NIFTY27JAN2625800CE,0.1088266381549441
23-01-2026 11:00||NIFTY27JAN2626100CE,0.1420377743801274
23-01-2026 11:05||NIFTY27JAN2624200PE,0.1955300992777939
23-01-2026 11:05||NIFTY27JAN2625600CE,0.0994592212373781
23-01-2026 11:05||NIFTY27JAN2625700CE,0.1025813968924229
23-01-2026 11:05||NIFTY27JAN2626200CE,0.1538613830362434
23-01-2026 11:05||NIFTY27JAN2626500CE,0.205965273648922
23-01-2026 11:10||NIFTY27JAN2624000PE,0.2176020658441766
23-01-2026 11:10||NIFTY27JAN2624100PE,0.2050826801569356
23-01-2026 11:10||NIFTY27JAN2625300CE,0.1024198264640632
23-01-2026 11:10||NIFTY27JAN2626300CE,0.1656614896268289
23-01-2026 11:15||NIFTY27JAN2624200PE,0.1936812735034327
23-01-2026 11:15||NIFTY27JAN2624800PE,0.1225009429927284
23-01-2026 11:15||NIFTY27JAN2624900PE,0.1150799970598423
23-01-2026 11:15||NIFTY27JAN2625300CE,0.1004008571565509
23-01-2026 11:15||NIFTY27JAN2625400CE,0.0979557740447327
23-01-2026 11:15||NIFTY27JAN2625500CE,0.0961105289450663
23-01-2026 11:15||NIFTY27JAN2625700CE,0.1014080735328991
23-01-2026 11:15||NIFTY27JAN2626300CE,0.1662526310548079
23-01-2026 11:20||NIFTY27JAN2624100PE,0.2059376632211472
23-01-2026 11:20||NIFTY27JAN2624400PE,0.1684772165185563
23-01-2026 11:20||NIFTY27JAN2624800PE,0.1216056401819755
23-01-2026 11:20||NIFTY27JAN2625100PE,0.1042011272204735
23-01-2026 11:20||NIFTY27JAN2626000CE,0.130573308361132
23-01-2026 11:20||NIFTY27JAN2626300CE,0.1665758361760616
23-01-2026 11:25||NIFTY27JAN2623800PE,0.2238832838046287
23-01-2026 11:25||NIFTY27JAN2623900PE,0.2307366004515482
23-01-2026 11:25||NIFTY27JAN2624900PE,0.1142462902668782
23-01-2026 11:25||NIFTY27JAN2625200CE,0.1024328598118661
23-01-2026 11:25||NIFTY27JAN2625800CE,0.1097759614359421
23-01-2026 11:25||NIFTY27JAN2626400CE,0.177038256771599
23-01-2026 11:30||NIFTY27JAN2624700PE,0.1348773753851519
23-01-2026 11:30||NIFTY27JAN2624900PE,0.1172493615944406
23-01-2026 11:30||NIFTY27JAN2625000PE,0.1108221437795609
23-01-2026 11:30||NIFTY27JAN2625500CE,0.0932376713743538
23-01-2026 11:30||NIFTY27JAN2625800CE,0.1092776521877896
23-01-2026 11:30||NIFTY27JAN2626000CE,0.1318442410348586
23-01-2026 11:30||NIFTY27JAN2626200CE,0.154129180329764
23-01-2026 11:30||NIFTY27JAN2626400CE,0.177157864769857
23-01-2026 11:35||NIFTY27JAN2624900PE,0.1196005267885534
23-01-2026 11:35||NIFTY27JAN2625400CE,0.0927100938831791
23-01-2026 11:35||NIFTY27JAN2626000CE,0.1356689556334613
23-01-2026 11:40||NIFTY27JAN2623900PE,0.2256058949861928
23-01-2026 11:40||NIFTY27JAN2624300PE,0.1753726062613633
23-01-2026 11:40||NIFTY27JAN2624900PE,0.1196607016953326
23-01-2026 11:40||NIFTY27JAN2625500CE,0.0974483130576541
23-01-2026 11:40||NIFTY27JAN2626300CE,0.1740468121353755
23-01-2026 11:40||NIFTY27JAN2626500CE,0.2087016035696776
23-01-2026 11:45||NIFTY27JAN2625300CE,0.1007136763745685
23-01-2026 11:45||NIFTY27JAN2626100CE,0.1557882520862438
23-01-2026 11:45||NIFTY27JAN2626400CE,0.189142513109001
23-01-2026 11:50||NIFTY27JAN2624100PE,0.1949142127728636
23-01-2026 11:50||NIFTY27JAN2624500PE,0.1479498392068091
23-01-2026 11:50||NIFTY27JAN2625400CE,0.1031364892732128
23-01-2026 11:50||NIFTY27JAN2625500CE,0.1038523173822058
23-01-2026 11:50||NIFTY27JAN2625700CE,0.1144453006433711
23-01-2026 11:55||NIFTY27JAN2624800PE,0.1177486066082242
23-01-2026 11:55||NIFTY27JAN2625100PE,0.1005814717083268
23-01-2026 11:55||NIFTY27JAN2625700CE,0.114846722519219
23-01-2026 11:55||NIFTY27JAN2626200CE,0.1666522991342
23-01-2026 11:55||NIFTY27JAN2626500CE,0.2096646116830762
23-01-2026 12:00||NIFTY27JAN2624000PE,0.2088754091131196
23-01-2026 12:00||NIFTY27JAN2624300PE,0.1707737497578197
23-01-2026 12:00||NIFTY27JAN2624800PE,0.1185742887240479
23-01-2026 12:00||NIFTY27JAN2625200CE,0.1022278773154673
23-01-2026 12:00||NIFTY27JAN2625800CE,0.1240753603700368
23-01-2026 12:00||NIFTY27JAN2625900CE,0.133814937968776
23-01-2026 12:00||NIFTY27JAN2626400CE,0.1894353417083513
23-01-2026 12:05||NIFTY27JAN2624600PE,0.1361540438651672
23-01-2026 12:05||NIFTY27JAN2625300CE,0.1015238563131059
23-01-2026 12:05||NIFTY27JAN2625400CE,0.1016217073155706
23-01-2026 12:05||NIFTY27JAN2626400CE,0.1903340934116688
23-01-2026 12:10||NIFTY27JAN2623900PE,0.2163081070207832
23-01-2026 12:10||NIFTY27JAN2624000PE,0.2044870619577054
23-01-2026 12:10||NIFTY27JAN2625000PE,0.1051954485274991
23-01-2026 12:10||NIFTY27JAN2625700CE,0.1148240966194719
23-01-2026 12:10||NIFTY27JAN2626200CE,0.1690487242476006
23-01-2026 12:10||NIFTY27JAN2626500CE,0.2098767626052284
23-01-2026 12:15||NIFTY27JAN2625500CE,0.1058295992614878
23-01-2026 12:15||NIFTY27JAN2626100CE,0.1582991403279507
23-01-2026 12:15||NIFTY27JAN2626300CE,0.1786506750746034
23-01-2026 12:20||NIFTY27JAN2624200PE,0.1820818042387577
23-01-2026 12:20||NIFTY27JAN2625200CE,0.1115027454228272
23-01-2026 12:20||NIFTY27JAN2625300CE,0.1079531771135188
23-01-2026 12:20||NIFTY27JAN2625400CE,0.1052331283273299
23-01-2026 12:20||NIFTY27JAN2625800CE,0.1219222898928539
23-01-2026 12:20||NIFTY27JAN2626100CE,0.1564787886181962
23-01-2026 12:25||NIFTY27JAN2624300PE,0.1692542033120114
23-01-2026 12:25||NIFTY27JAN2624500PE,0.1427317714013625
23-01-2026 12:25||NIFTY27JAN2624600PE,0.1324120830456332
23-01-2026 12:25||NIFTY27JAN2624900PE,0.10874560411263
23-01-2026 12:25||NIFTY27JAN2625400CE,0.104027489669226
23-01-2026 12:25||NIFTY27JAN2625600CE,0.1063834909601262
23-01-2026 12:25||NIFTY27JAN2626400CE,0.188139492546269
23-01-2026 12:30||NIFTY27JAN2623800PE,0.2207600756097361
23-01-2026 12:30||NIFTY27JAN2624100PE,0.1907544028918838
23-01-2026 12:30||NIFTY27JAN2624200PE,0.1793357431994215
23-01-2026 12:30||NIFTY27JAN2624500PE,0.1422369582625569
23-01-2026 12:30||NIFTY27JAN2625900CE,0.1332104512214539
23-01-2026 12:30||NIFTY27JAN2626100CE,0.1588981551123068
23-01-2026 12:30||NIFTY27JAN2626200CE,0.1687188634781387
23-01-2026 12:35||NIFTY27JAN2624100PE,0.1920462429457559
23-01-2026 12:35||NIFTY27JAN2624400PE,0.1548442727476906
23-01-2026 12:35||NIFTY27JAN2625100PE,0.0922471703290963
23-01-2026 12:35||NIFTY27JAN2625300CE,0.1061044670025835
23-01-2026 12:35||NIFTY27JAN2626100CE,0.1572308475965877
23-01-2026 12:40||NIFTY27JAN2624500PE,0.1411326876614746
23-01-2026 12:40||NIFTY27JAN2624600PE,0.1296753257203876
23-01-2026 12:40||NIFTY27JAN2624900PE,0.1058717148128004
23-01-2026 12:40||NIFTY27JAN2625300CE,0.1033355674301745
23-01-2026 12:45||NIFTY27JAN2623800PE,0.2167483387096797
23-01-2026 12:45||NIFTY27JAN2623900PE,0.2184571521772581
23-01-2026 12:45||NIFTY27JAN2624600PE,0.1313102482004802
23-01-2026 12:45||NIFTY27JAN2625900CE,0.1293574107407623
23-01-2026 12:50||NIFTY27JAN2623800PE,0.2188499846775239
23-01-2026 12:50||NIFTY27JAN2624400PE,0.1578434270972779
23-01-2026 12:50||NIFTY27JAN2624800PE,0.1143710953397752
23-01-2026 12:50||NIFTY27JAN2625300CE,0.0995339854320293
23-01-2026 12:50||NIFTY27JAN2625600CE,0.1043561312131372
23-01-2026 12:50||NIFTY27JAN2625700CE,0.1096857290767657
23-01-2026 12:50||NIFTY27JAN2626000CE,0.1401982323388327
23-01-2026 12:50||NIFTY27JAN2626400CE,0.1859099185746233
23-01-2026 12:55||NIFTY27JAN2624200PE,0.1828019314961052
23-01-2026 12:55||NIFTY27JAN2625400CE,0.0992589501003943
23-01-2026 12:55||NIFTY27JAN2625600CE,0.104126488880659
23-01-2026 12:55||NIFTY27JAN2625800CE,0.1205291099023872
23-01-2026 12:55||NIFTY27JAN2626400CE,0.1875011460082426
23-01-2026 13:00||NIFTY27JAN2624900PE,0.1052244230322407
23-01-2026 13:00||NIFTY27JAN2625700CE,0.1127285712942971
23-01-2026 13:00||NIFTY27JAN2626000CE,0.1447677293522682
23-01-2026 13:05||NIFTY27JAN2623800PE,0.21865364103041
23-01-2026 13:05||NIFTY27JAN2625200CE,0.1056833651594859
23-01-2026 13:05||NIFTY27JAN2625900CE,0.1355911783607431
23-01-2026 13:10||NIFTY27JAN2623900PE,0.2115419937649608
23-01-2026 13:10||NIFTY27JAN2624000PE,0.2000293303209664
23-01-2026 13:10||NIFTY27JAN2624100PE,0.1909207304357041
23-01-2026 13:10||NIFTY27JAN2624700PE,0.1204919101273302
23-01-2026 13:10||NIFTY27JAN2625100PE,0.0966118877168439
23-01-2026 13:10||NIFTY27JAN2625800CE,0.125276741742405
23-01-2026 13:10||NIFTY27JAN2626000CE,0.1494395446109999
23-01-2026 13:15||NIFTY27JAN2623800PE,0.2174633458849541
23-01-2026 13:15||NIFTY27JAN2624200PE,0.1775668006224309
23-01-2026 13:15||NIFTY27JAN2625300CE,0.0979262624488299
23-01-2026 13:15||NIFTY27JAN2625600CE,0.1099082099887709
23-01-2026 13:15||NIFTY27JAN2625900CE,0.1429976935107087
23-01-2026 13:15||NIFTY27JAN2626000CE,0.1539385053341189
23-01-2026 13:20||NIFTY27JAN2624700PE,0.1195519422321651
23-01-2026 13:20||NIFTY27JAN2624800PE,0.1129719256439501
23-01-2026 13:20||NIFTY27JAN2625700CE,0.1221890756715495
23-01-2026 13:20||NIFTY27JAN2626200CE,0.1778019794412249
23-01-2026 13:20||NIFTY27JAN2626500CE,0.2120526647398951
23-01-2026 13:25||NIFTY27JAN2624100PE,0.1863528653226449
23-01-2026 13:25||NIFTY27JAN2624500PE,0.139250249261532
23-01-2026 13:25||NIFTY27JAN2625000PE,0.1041150317374333
23-01-2026 13:25||NIFTY27JAN2625400CE,0.1067282067153171
23-01-2026 13:30||NIFTY27JAN2624700PE,0.1208881416527011
23-01-2026 13:30||NIFTY27JAN2624800PE,0.115406413729795
23-01-2026 13:30||NIFTY27JAN2625000PE,0.1084630951786433
23-01-2026 13:30||NIFTY27JAN2625400CE,0.1105675536861456
23-01-2026 13:30||NIFTY27JAN2625700CE,0.13133112062915
23-01-2026 13:30||NIFTY27JAN2626000CE,0.1652141550692934
23-01-2026 13:35||NIFTY27JAN2623900PE,0.2085416140445906
23-01-2026 13:35||NIFTY27JAN2624100PE,0.1853891716480193
23-01-2026 13:35||NIFTY27JAN2624900PE,0.1145607678060243
23-01-2026 13:35||NIFTY27JAN2625600CE,0.1261832358396863
23-01-2026 13:35||NIFTY27JAN2626000CE,0.1683573063280597
23-01-2026 13:35||NIFTY27JAN2626200CE,0.1916081717837667
23-01-2026 13:35||NIFTY27JAN2626500CE,0.2198832785513765
23-01-2026 13:40||NIFTY27JAN2623900PE,0.2065684362093039
23-01-2026 13:40||NIFTY27JAN2624600PE,0.1290421123394272
23-01-2026 13:40||NIFTY27JAN2624900PE,0.1151120563085146
23-01-2026 13:40||NIFTY27JAN2625700CE,0.1395471310548789
23-01-2026 13:40||NIFTY27JAN2625800CE,0.1490759517799402
23-01-2026 13:40||NIFTY27JAN2626300CE,0.2045142161872036
23-01-2026 13:45||NIFTY27JAN2623900PE,0.2035649306246161
23-01-2026 13:45||NIFTY27JAN2624000PE,0.1927529922999656
23-01-2026 13:45||NIFTY27JAN2624500PE,0.1351577680934436
23-01-2026 13:45||NIFTY27JAN2624600PE,0.1252188437378746
23-01-2026 13:45||NIFTY27JAN2625000PE,0.1063064059387642
23-01-2026 13:45||NIFTY27JAN2625300CE,0.111159443684901
23-01-2026 13:45||NIFTY27JAN2626100CE,0.1836483578046084
23-01-2026 13:45||NIFTY27JAN2626300CE,0.2070284786900698
23-01-2026 13:50||NIFTY27JAN2624000PE,0.1927689695417516
23-01-2026 13:50||NIFTY27JAN2624500PE,0.1347625948470102
23-01-2026 13:50||NIFTY27JAN2625100PE,0.0988589356299714
23-01-2026 13:50||NIFTY27JAN2626400CE,0.2187568099831306
23-01-2026 13:55||NIFTY27JAN2625500CE,0.1237849105729524
23-01-2026 13:55||NIFTY27JAN2625700CE,0.1426782664446569
23-01-2026 13:55||NIFTY27JAN2625800CE,0.1525203872788418
23-01-2026 13:55||NIFTY27JAN2626400CE,0.2162607337420366
23-01-2026 13:55||NIFTY27JAN2626500CE,0.2216490244413707
23-01-2026 14:00||NIFTY27JAN2624200PE,0.1648434016225687
23-01-2026 14:00||NIFTY27JAN2624300PE,0.1540081202916689
23-01-2026 14:00||NIFTY27JAN2625300CE,0.1165806730456556
23-01-2026 14:00||NIFTY27JAN2625400CE,0.1196954021980007
23-01-2026 14:00||NIFTY27JAN2625500CE,0.1234016634047666
23-01-2026 14:00||NIFTY27JAN2625800CE,0.1501636556608127
23-01-2026 14:05||NIFTY27JAN2624200PE,0.1662378572182477
23-01-2026 14:05||NIFTY27JAN2624800PE,0.1092414784688996
23-01-2026 14:05||NIFTY27JAN2626300CE,0.2033513428869613
23-01-2026 14:10||NIFTY27JAN2623900PE,0.2086651190241674
23-01-2026 14:10||NIFTY27JAN2625800CE,0.1459067726635016
23-01-2026 14:10||NIFTY27JAN2626400CE,0.2138441029914272
23-01-2026 14:15||NIFTY27JAN2625000PE,0.1078085539587537
23-01-2026 14:15||NIFTY27JAN2625400CE,0.114280040799169
23-01-2026 14:15||NIFTY27JAN2626400CE,0.2123041990906521
23-01-2026 14:20||NIFTY27JAN2624100PE,0.1825801456945953
23-01-2026 14:20||NIFTY27JAN2624800PE,0.1127106913573391
23-01-2026 14:20||NIFTY27JAN2625400CE,0.1154484117750065
23-01-2026 14:20||NIFTY27JAN2625600CE,0.1259323659714931
23-01-2026 14:20||NIFTY27JAN2625800CE,0.1449764303864595
23-01-2026 14:20||NIFTY27JAN2626400CE,0.2133015618543337
23-01-2026 14:20||NIFTY27JAN2626500CE,0.2198105040621293
23-01-2026 14:25||NIFTY27JAN2624200PE,0.1671362118829932
23-01-2026 14:25||NIFTY27JAN2624400PE,0.1406770654053748
23-01-2026 14:25||NIFTY27JAN2624500PE,0.1296890627713728
23-01-2026 14:25||NIFTY27JAN2625200CE,0.1109630049602111
23-01-2026 14:25||NIFTY27JAN2626200CE,0.1934422867712479
23-01-2026 14:25||NIFTY27JAN2626300CE,0.2050532710326851
23-01-2026 14:25||NIFTY27JAN2626400CE,0.2133424921372303
23-01-2026 14:30||NIFTY27JAN2624600PE,0.1197313180502009
23-01-2026 14:30||NIFTY27JAN2625700CE,0.1354644433489662
23-01-2026 14:35||NIFTY27JAN2623900PE,0.2089773723752406
23-01-2026 14:35||NIFTY27JAN2624500PE,0.1322451365296185
23-01-2026 14:35||NIFTY27JAN2624700PE,0.1144361177584245
23-01-2026 14:35||NIFTY27JAN2625400CE,0.1113597069946235
23-01-2026 14:35||NIFTY27JAN2625600CE,0.1243067159513825
23-01-2026 14:35||NIFTY27JAN2625800CE,0.1482952976463573
23-01-2026 14:35||NIFTY27JAN2625900CE,0.1580491083436292
23-01-2026 14:35||NIFTY27JAN2626000CE,0.1652308794758488
23-01-2026 14:35||NIFTY27JAN2626300CE,0.1970634495760366
23-01-2026 14:40||NIFTY27JAN2623900PE,0.2094651561315158
23-01-2026 14:40||NIFTY27JAN2624300PE,0.1553369858286635
23-01-2026 14:40||NIFTY27JAN2624400PE,0.1430319338939812
23-01-2026 14:40||NIFTY27JAN2625000PE,0.1023855998863051
23-01-2026 14:40||NIFTY27JAN2625100PE,0.0948512245546927
23-01-2026 14:40||NIFTY27JAN2625200CE,0.1046460078543266
23-01-2026 14:40||NIFTY27JAN2625700CE,0.1360361585243387
23-01-2026 14:40||NIFTY27JAN2625800CE,0.1463484461651812
23-01-2026 14:40||NIFTY27JAN2626400CE,0.2081245503806564
23-01-2026 14:45||NIFTY27JAN2624400PE,0.1434546868868261
23-01-2026 14:45||NIFTY27JAN2624700PE,0.1158904340166792
23-01-2026 14:45||NIFTY27JAN2625100PE,0.091948938666606
23-01-2026 14:45||NIFTY27JAN2625400CE,0.1124636111075459
23-01-2026 14:45||NIFTY27JAN2625600CE,0.1265921300036087
23-01-2026 14:45||NIFTY27JAN2626000CE,0.1656227527159025
23-01-2026 14:45||NIFTY27JAN2626200CE,0.1872852061345094
23-01-2026 14:50||NIFTY27JAN2623800PE,0.2153349122759762
23-01-2026 14:50||NIFTY27JAN2624500PE,0.1317404084968545
23-01-2026 14:50||NIFTY27JAN2624800PE,0.107278497712092
23-01-2026 14:50||NIFTY27JAN2625200CE,0.1079926336295504
23-01-2026 14:50||NIFTY27JAN2625300CE,0.1094655990238725
23-01-2026 14:50||NIFTY27JAN2625500CE,0.1188122702581802
23-01-2026 14:55||NIFTY27JAN2623900PE,0.2027508017655989
23-01-2026 14:55||NIFTY27JAN2624400PE,0.1432877493873866
23-01-2026 14:55||NIFTY27JAN2625200CE,0.1076028902895065
23-01-2026 14:55||NIFTY27JAN2625900CE,0.1556786671287593
23-01-2026 14:55||NIFTY27JAN2626200CE,0.1880193319086514
23-01-2026 15:00||NIFTY27JAN2623900PE,0.2001395062405347
23-01-2026 15:00||NIFTY27JAN2624100PE,0.18328579304096
23-01-2026 15:00||NIFTY27JAN2624300PE,0.1578112176377342
23-01-2026 15:00||NIFTY27JAN2624600PE,0.1254154431373962
23-01-2026 15:05||NIFTY27JAN2623900PE,0.2003414048197899
23-01-2026 15:05||NIFTY27JAN2624800PE,0.1122773307118586
23-01-2026 15:05||NIFTY27JAN2626200CE,0.2002481424965163
23-01-2026 15:10||NIFTY27JAN2623800PE,0.220923484595426
23-01-2026 15:10||NIFTY27JAN2624000PE,0.1904363334473569
23-01-2026 15:10||NIFTY27JAN2624200PE,0.1742242529157612
23-01-2026 15:10||NIFTY27JAN2624600PE,0.124907636686401
23-01-2026 15:10||NIFTY27JAN2625000PE,0.112960296426182
23-01-2026 15:10||NIFTY27JAN2625300CE,0.1088329663418574
23-01-2026 15:10||NIFTY27JAN2625700CE,0.1374292080822084
23-01-2026 15:10||NIFTY27JAN2626100CE,0.1895735711451799
23-01-2026 15:10||NIFTY27JAN2626200CE,0.2033203603721038
23-01-2026 15:10||NIFTY27JAN2626300CE,0.209035131142711
23-01-2026 15:15||NIFTY27JAN2624100PE,0.1844428401790596
23-01-2026 15:15||NIFTY27JAN2624200PE,0.1748360548161531
23-01-2026 15:15||NIFTY27JAN2625000PE,0.1102111294554726
23-01-2026 15:20||NIFTY27JAN2623800PE,0.1825534084531379
23-01-2026 15:20||NIFTY27JAN2623900PE,0.1723495037144767
23-01-2026 15:20||NIFTY27JAN2624800PE,0.0911031397736983
23-01-2026 15:20||NIFTY27JAN2625400CE,0.1090438029177305
23-01-2026 15:20||NIFTY27JAN2625500CE,0.1143005733517737
23-01-2026 15:20||NIFTY27JAN2625700CE,0.1625757579203638
23-01-2026 15:20||NIFTY27JAN2625900CE,0.1514190011611683
23-01-2026 15:20||NIFTY27JAN2626200CE,0.188125835023112
23-01-2026 15:25||NIFTY27JAN2624500PE,0.2454586630207005
23-01-2026 15:25||NIFTY27JAN2624600PE,0.2337042925521771
23-01-2026 15:25||NIFTY27JAN2625700CE,0.2370005613548327
27-01-2026 09:15||NIFTY27JAN2626200CE,0.5633530349245588
27-01-2026 09:15||NIFTY27JAN2626400CE,0.5893576521884847
27-01-2026 09:15||NIFTY27JAN2626500CE,0.5781794347622894
27-01-2026 09:20||NIFTY27JAN2624400PE,0.4589514803059029
27-01-2026 09:20||NIFTY27JAN2624900PE,0.4186408307905793
27-01-2026 09:20||NIFTY27JAN2625100PE,0.4947538588164681
27-01-2026 09:20||NIFTY27JAN2625400CE,0.4312185094350244
27-01-2026 09:20||NIFTY27JAN2625500CE,0.4710532307559816
27-01-2026 09:20||NIFTY27JAN2625600CE,0.4921876779141381
27-01-2026 09:20||NIFTY27JAN2625700CE,0.5139117962001761
27-01-2026 09:20||NIFTY27JAN2626500CE,0.7234044501672694
27-01-2026 09:25||NIFTY27JAN2623900PE,0.6456614133687397
27-01-2026 09:25||NIFTY27JAN2624600PE,0.341679381094688
27-01-2026 09:25||NIFTY27JAN2625100PE,0.3464812682075
27-01-2026 09:25||NIFTY27JAN2625500CE,0.4841025358070108
27-01-2026 09:25||NIFTY27JAN2625900CE,0.6369800129713982
27-01-2026 09:25||NIFTY27JAN2626500CE,0.7841049081830599
27-01-2026 09:30||NIFTY27JAN2624400PE,0.4020753475478162
27-01-2026 09:30||NIFTY27JAN2624800PE,0.2834851001564165
27-01-2026 09:30||NIFTY27JAN2624900PE,0.2605419875291151
27-01-2026 09:30||NIFTY27JAN2625400CE,0.4353511976653565
27-01-2026 09:30||NIFTY27JAN2625600CE,0.4942076873063947
27-01-2026 09:30||NIFTY27JAN2625800CE,0.5812368068017816
27-01-2026 09:30||NIFTY27JAN2626100CE,0.7315890311569431
27-01-2026 09:30||NIFTY27JAN2626400CE,0.8566365510822986
27-01-2026 09:35||NIFTY27JAN2623800PE,0.7545342426165741
27-01-2026 09:35||NIFTY27JAN2624500PE,0.3932148629098431
27-01-2026 09:35||NIFTY27JAN2625700CE,0.5003356038125973
27-01-2026 09:35||NIFTY27JAN2626200CE,0.7412911234063587
27-01-2026 09:45||NIFTY27JAN2623800PE,0.785952253043256
27-01-2026 09:45||NIFTY27JAN2624000PE,0.7098793534887264
27-01-2026 09:45||NIFTY27JAN2624500PE,0.4699408223943176
27-01-2026 09:45||NIFTY27JAN2625000PE,0.3056921471912747
27-01-2026 09:45||NIFTY27JAN2625600CE,0.3826999248067198
27-01-2026 09:45||NIFTY27JAN2626200CE,0.6764542312471515
27-01-2026 09:45||NIFTY27JAN2626300CE,0.7249000627092796
27-01-2026 09:50||NIFTY27JAN2623800PE,0.7861829553936712
27-01-2026 09:50||NIFTY27JAN2624200PE,0.6211800863769709
27-01-2026 09:50||NIFTY27JAN2624800PE,0.3745987362138659
27-01-2026 09:50||NIFTY27JAN2624900PE,0.3549363036153853
27-01-2026 09:50||NIFTY27JAN2626300CE,0.7172379606366907
27-01-2026 09:55||NIFTY27JAN2624100PE,0.6700482993500129
27-01-2026 09:55||NIFTY27JAN2624700PE,0.3974666037537696
27-01-2026 09:55||NIFTY27JAN2624800PE,0.3753002911448788
27-01-2026 09:55||NIFTY27JAN2625000PE,0.3407103935512299
27-01-2026 09:55||NIFTY27JAN2625700CE,0.4145388387974323
27-01-2026 09:55||NIFTY27JAN2626000CE,0.5661637102735292
27-01-2026 09:55||NIFTY27JAN2626200CE,0.6685949161675602
27-01-2026 10:00||NIFTY27JAN2624000PE,0.7208262816288595
27-01-2026 10:00||NIFTY27JAN2625300CE,0.3094783279750258
27-01-2026 10:00||NIFTY27JAN2625400CE,0.3118464313838563
27-01-2026 10:00||NIFTY27JAN2625600CE,0.3702125715439809
27-01-2026 10:00||NIFTY27JAN2625800CE,0.4678047605781701
27-01-2026 10:00||NIFTY27JAN2626100CE,0.6247883982736779
27-01-2026 10:00||NIFTY27JAN2626400CE,0.7767878440474139
27-01-2026 10:00||NIFTY27JAN2626500CE,0.8059894558492986
27-01-2026 10:05||NIFTY27JAN2623800PE,0.7921417431975987
27-01-2026 10:05||NIFTY27JAN2623900PE,0.7622744147923277
27-01-2026 10:05||NIFTY27JAN2624100PE,0.6672699205772533
27-01-2026 10:05||NIFTY27JAN2626400CE,0.7802526985025181
27-01-2026 10:10||NIFTY27JAN2624200PE,0.6135722323786085
27-01-2026 10:10||NIFTY27JAN2624900PE,0.3211641929049972
27-01-2026 10:10||NIFTY27JAN2625300CE,0.3611466941630409
27-01-2026 10:10||NIFTY27JAN2625600CE,0.3884341490628376
27-01-2026 10:15||NIFTY27JAN2625800CE,0.4737112245512103
27-01-2026 10:20||NIFTY27JAN2623900PE,0.8130806216208429
27-01-2026 10:20||NIFTY27JAN2624500PE,0.4877629009097369
27-01-2026 10:20||NIFTY27JAN2624600PE,0.4406429123033446
27-01-2026 10:20||NIFTY27JAN2624800PE,0.3789220141576302
27-01-2026 10:20||NIFTY27JAN2625000PE,0.3278357201127921
27-01-2026 10:20||NIFTY27JAN2625400CE,0.3170375998034054
27-01-2026 10:20||NIFTY27JAN2625800CE,0.4594946667718141
27-01-2026 10:25||NIFTY27JAN2624600PE,0.4473554940613189
27-01-2026 10:25||NIFTY27JAN2624900PE,0.3681582332486859
27-01-2026 10:25||NIFTY27JAN2626000CE,0.5706127097567002
27-01-2026 10:25||NIFTY27JAN2626300CE,0.7354194788752871
27-01-2026 10:25||NIFTY27JAN2626400CE,0.7768831582744803
27-01-2026 10:30||NIFTY27JAN2624100PE,0.7025231949280291
27-01-2026 10:30||NIFTY27JAN2624800PE,0.3890381897679836
27-01-2026 10:30||NIFTY27JAN2625400CE,0.3090326411831383
27-01-2026 10:30||NIFTY27JAN2625600CE,0.3787271229056747
27-01-2026 10:30||NIFTY27JAN2625900CE,0.5349545768410999
27-01-2026 10:30||NIFTY27JAN2626200CE,0.6971701924834393
27-01-2026 10:35||NIFTY27JAN2624300PE,0.5652011572154736
27-01-2026 10:35||NIFTY27JAN2624400PE,0.5131476914184084
27-01-2026 10:35||NIFTY27JAN2624800PE,0.3976200427471482
27-01-2026 10:35||NIFTY27JAN2625200CE,0.3317058156732594
27-01-2026 10:35||NIFTY27JAN2625300CE,0.3097080969038051
27-01-2026 10:35||NIFTY27JAN2625700CE,0.4523688685783012
27-01-2026 10:40||NIFTY27JAN2624400PE,0.4954089930687936
27-01-2026 10:40||NIFTY27JAN2625200CE,0.3264489980413646
27-01-2026 10:40||NIFTY27JAN2625700CE,0.4754100998753133
27-01-2026 10:40||NIFTY27JAN2626100CE,0.7002215406680361
27-01-2026 10:40||NIFTY27JAN2626200CE,0.7492147043646366
27-01-2026 10:45||NIFTY27JAN2624000PE,0.6963080324675393
27-01-2026 10:45||NIFTY27JAN2624700PE,0.3744946521776955
27-01-2026 10:45||NIFTY27JAN2624900PE,0.3624833206155644
27-01-2026 10:45||NIFTY27JAN2625500CE,0.3966937715291334
27-01-2026 10:45||NIFTY27JAN2626200CE,0.7828378903455899
27-01-2026 10:45||NIFTY27JAN2626400CE,0.8686748546344415
27-01-2026 10:50||NIFTY27JAN2623900PE,0.7329413506929046
27-01-2026 10:50||NIFTY27JAN2624000PE,0.6829475827223102
27-01-2026 10:50||NIFTY27JAN2624600PE,0.3837664748525726
27-01-2026 10:50||NIFTY27JAN2625000PE,0.3350808292497617
27-01-2026 10:50||NIFTY27JAN2625200CE,0.3278313972048147
27-01-2026 10:50||NIFTY27JAN2625400CE,0.3870932550422196
27-01-2026 10:50||NIFTY27JAN2625700CE,0.53171872807003
27-01-2026 10:55||NIFTY27JAN2623900PE,0.7327453843873868
27-01-2026 10:55||NIFTY27JAN2624400PE,0.4608876249002255
27-01-2026 10:55||NIFTY27JAN2624900PE,0.3325874752733189
27-01-2026 10:55||NIFTY27JAN2625000PE,0.3190745275450322
27-01-2026 10:55||NIFTY27JAN2625300CE,0.3716448180775415
27-01-2026 10:55||NIFTY27JAN2625400CE,0.4057556920366139
27-01-2026 10:55||NIFTY27JAN2625600CE,0.4927645646250249
27-01-2026 10:55||NIFTY27JAN2626400CE,0.9294928053037737
27-01-2026 11:00||NIFTY27JAN2623800PE,0.8187118249249082
27-01-2026 11:00||NIFTY27JAN2623900PE,0.7389278345631403
27-01-2026 11:00||NIFTY27JAN2624300PE,0.5127044819607373
27-01-2026 11:00||NIFTY27JAN2625200CE,0.3721083925808486
27-01-2026 11:00||NIFTY27JAN2625300CE,0.3839024553142151
27-01-2026 11:00||NIFTY27JAN2625400CE,0.4108052794431156
27-01-2026 11:00||NIFTY27JAN2626300CE,0.8915684175595969
27-01-2026 11:05||NIFTY27JAN2623800PE,0.8322876343187385
27-01-2026 11:05||NIFTY27JAN2624100PE,0.6328027837560545
27-01-2026 11:05||NIFTY27JAN2624200PE,0.5705312737449392
27-01-2026 11:05||NIFTY27JAN2624900PE,0.3007962372802349
27-01-2026 11:05||NIFTY27JAN2625300CE,0.3755463442817501
27-01-2026 11:05||NIFTY27JAN2625700CE,0.5576400337158174
27-01-2026 11:10||NIFTY27JAN2624200PE,0.5885717500302361
27-01-2026 11:10||NIFTY27JAN2624400PE,0.4757180723287749
27-01-2026 11:10||NIFTY27JAN2624900PE,0.3022432055114463
27-01-2026 11:10||NIFTY27JAN2625300CE,0.3707710911696386
27-01-2026 11:10||NIFTY27JAN2625500CE,0.4434367140267349
27-01-2026 11:10||NIFTY27JAN2625800CE,0.6106594525991896
27-01-2026 11:10||NIFTY27JAN2626500CE,0.9178747055361512
27-01-2026 11:15||NIFTY27JAN2624300PE,0.5425565907319749
27-01-2026 11:15||NIFTY27JAN2625000PE,0.3079599382926689
27-01-2026 11:15||NIFTY27JAN2625100PE,0.3020167542868898
27-01-2026 11:15||NIFTY27JAN2626400CE,0.936605797581712
27-01-2026 11:20||NIFTY27JAN2625300CE,0.3641802376900093
27-01-2026 11:20||NIFTY27JAN2626100CE,0.7694288526437596
27-01-2026 11:25||NIFTY27JAN2623800PE,0.8622423092379685
27-01-2026 11:25||NIFTY27JAN2624000PE,0.7536360914624574
27-01-2026 11:25||NIFTY27JAN2624200PE,0.633580645118984
27-01-2026 11:25||NIFTY27JAN2624900PE,0.3179859257881193
27-01-2026 11:25||NIFTY27JAN2625600CE,0.4705327248861396
27-01-2026 11:25||NIFTY27JAN2626500CE,0.9047271230180688
27-01-2026 11:30||NIFTY27JAN2624200PE,0.6540225628748163
27-01-2026 11:30||NIFTY27JAN2625100PE,0.2616478208880871
27-01-2026 11:30||NIFTY27JAN2625600CE,0.4564951862838167
27-01-2026 11:30||NIFTY27JAN2625900CE,0.6274683816952554
27-01-2026 11:30||NIFTY27JAN2626200CE,0.8120839026456834
27-01-2026 11:35||NIFTY27JAN2624000PE,0.7898292453653879
27-01-2026 11:35||NIFTY27JAN2624900PE,0.308940277199797
27-01-2026 11:35||NIFTY27JAN2625200CE,0.4013504981912551
27-01-2026 11:40||NIFTY27JAN2623800PE,0.9065529246793816
27-01-2026 11:40||NIFTY27JAN2624000PE,0.8116704762809754
27-01-2026 11:40||NIFTY27JAN2626000CE,0.6538480270782963
27-01-2026 11:40||NIFTY27JAN2626300CE,0.8236175718249483
27-01-2026 11:45||NIFTY27JAN2624300PE,0.6098461548749061
27-01-2026 11:45||NIFTY27JAN2624400PE,0.5444821885179392
27-01-2026 11:45||NIFTY27JAN2624500PE,0.5026352782389859
27-01-2026 11:45||NIFTY27JAN2626100CE,0.6995915394265844
27-01-2026 11:45||NIFTY27JAN2626400CE,0.8557978170649907
27-01-2026 11:50||NIFTY27JAN2624700PE,0.4166011456360847
27-01-2026 11:50||NIFTY27JAN2624900PE,0.3748078243030178
27-01-2026 11:50||NIFTY27JAN2625700CE,0.4749602735700027
27-01-2026 11:50||NIFTY27JAN2626000CE,0.6486899243037998
27-01-2026 11:55||NIFTY27JAN2623900PE,0.8586441461601285
27-01-2026 11:55||NIFTY27JAN2624000PE,0.8016183647764781
27-01-2026 11:55||NIFTY27JAN2624400PE,0.5398160989965357
27-01-2026 11:55||NIFTY27JAN2624500PE,0.4839377323484172
27-01-2026 11:55||NIFTY27JAN2624800PE,0.3658773908736012
27-01-2026 11:55||NIFTY27JAN2625200CE,0.3766109800937055
27-01-2026 11:55||NIFTY27JAN2625400CE,0.3814870196956796
27-01-2026 11:55||NIFTY27JAN2626500CE,0.9427596820111944
27-01-2026 12:00||NIFTY27JAN2624200PE,0.6829000930725004
27-01-2026 12:00||NIFTY27JAN2624300PE,0.6161340831309965
27-01-2026 12:00||NIFTY27JAN2624500PE,0.4976897632005009
27-01-2026 12:00||NIFTY27JAN2625100PE,0.2708798954367348
27-01-2026 12:00||NIFTY27JAN2625500CE,0.4059614710644872
27-01-2026 12:00||NIFTY27JAN2626100CE,0.7228530900781747
27-01-2026 12:00||NIFTY27JAN2626400CE,0.9113725114049468
27-01-2026 12:00||NIFTY27JAN2626500CE,0.95671966877981
27-01-2026 12:05||NIFTY27JAN2624500PE,0.5185257919219489
27-01-2026 12:05||NIFTY27JAN2624700PE,0.4202830835967289
27-01-2026 12:05||NIFTY27JAN2625100PE,0.2865960505780717
27-01-2026 12:05||NIFTY27JAN2625900CE,0.6071490683458151
27-01-2026 12:05||NIFTY27JAN2626500CE,0.9597717140785116
27-01-2026 12:10||NIFTY27JAN2624400PE,0.5900604579571976
27-01-2026 12:10||NIFTY27JAN2625700CE,0.4979132053889687
27-01-2026 12:10||NIFTY27JAN2626400CE,0.913186941525752
27-01-2026 12:15||NIFTY27JAN2624500PE,0.5279710181816658
27-01-2026 12:15||NIFTY27JAN2624600PE,0.4752293922018564
27-01-2026 12:15||NIFTY27JAN2626000CE,0.6830606464023634
27-01-2026 12:15||NIFTY27JAN2626200CE,0.800863021624698
27-01-2026 12:20||NIFTY27JAN2624000PE,0.8694602564869114
27-01-2026 12:20||NIFTY27JAN2624200PE,0.7462637083953002
27-01-2026 12:20||NIFTY27JAN2625000PE,0.3460683241951426
27-01-2026 12:20||NIFTY27JAN2625300CE,0.3393537382092992
27-01-2026 12:20||NIFTY27JAN2625600CE,0.450879201052414
27-01-2026 12:25||NIFTY27JAN2624100PE,0.8176754511525417
27-01-2026 12:25||NIFTY27JAN2624700PE,0.4427403714234021
27-01-2026 12:25||NIFTY27JAN2625400CE,0.3616762056606157
27-01-2026 12:25||NIFTY27JAN2625900CE,0.6425448432436102
27-01-2026 12:30||NIFTY27JAN2625300CE,0.3362193287457556
27-01-2026 12:35||NIFTY27JAN2624100PE,0.8281856483336207
27-01-2026 12:35||NIFTY27JAN2624400PE,0.6246269963509755
27-01-2026 12:35||NIFTY27JAN2624900PE,0.3762801714196773
27-01-2026 12:35||NIFTY27JAN2625100PE,0.315522289495221
27-01-2026 12:35||NIFTY27JAN2625800CE,0.6174839128113938
27-01-2026 12:35||NIFTY27JAN2626100CE,0.8045127105036175
27-01-2026 12:40||NIFTY27JAN2624200PE,0.7714108550937242
27-01-2026 12:40||NIFTY27JAN2624700PE,0.4391414689643287
27-01-2026 12:40||NIFTY27JAN2624800PE,0.4039788069613651
27-01-2026 12:40||NIFTY27JAN2624900PE,0.3815423936016194
27-01-2026 12:40||NIFTY27JAN2625100PE,0.3409415984743761
27-01-2026 12:40||NIFTY27JAN2625200CE,0.3494641036898361
27-01-2026 12:40||NIFTY27JAN2625900CE,0.7100236542766538
27-01-2026 12:40||NIFTY27JAN2626000CE,0.7689733272493371
27-01-2026 12:40||NIFTY27JAN2626300CE,0.9462305522727332
27-01-2026 12:45||NIFTY27JAN2625200CE,0.3700415855868418
27-01-2026 12:45||NIFTY27JAN2625700CE,0.5811335697468394
27-01-2026 12:45||NIFTY27JAN2625900CE,0.7209832131287595
27-01-2026 12:45||NIFTY27JAN2626200CE,0.9068629214821248
27-01-2026 12:50||NIFTY27JAN2624600PE,0.4866390369007405
27-01-2026 12:50||NIFTY27JAN2625000PE,0.3494701953544357
27-01-2026 12:50||NIFTY27JAN2625100PE,0.3404932431571609
27-01-2026 12:50||NIFTY27JAN2625900CE,0.7281241766446478
27-01-2026 12:50||NIFTY27JAN2626200CE,0.93058617394614
27-01-2026 12:50||NIFTY27JAN2626500CE,1.071160382997706
27-01-2026 12:55||NIFTY27JAN2623900PE,0.9874382590120424
27-01-2026 12:55||NIFTY27JAN2624000PE,0.9169236236578566
27-01-2026 12:55||NIFTY27JAN2625500CE,0.4841956105342527
27-01-2026 12:55||NIFTY27JAN2625600CE,0.5420449911977379
27-01-2026 12:55||NIFTY27JAN2625800CE,0.6687665726302467
27-01-2026 12:55||NIFTY27JAN2626200CE,0.9383230894594708
27-01-2026 13:00||NIFTY27JAN2624100PE,0.8751735194168879
27-01-2026 13:00||NIFTY27JAN2624500PE,0.575895354989018
27-01-2026 13:00||NIFTY27JAN2625400CE,0.4158331124182694
27-01-2026 13:00||NIFTY27JAN2626000CE,0.8063913674740398
27-01-2026 13:05||NIFTY27JAN2623900PE,1.0279512251660787
27-01-2026 13:05||NIFTY27JAN2624500PE,0.5672707393076426
27-01-2026 13:05||NIFTY27JAN2624800PE,0.3942285360750182
27-01-2026 13:10||NIFTY27JAN2624200PE,0.8194068726355264
27-01-2026 13:10||NIFTY27JAN2624500PE,0.56351316723448
27-01-2026 13:10||NIFTY27JAN2624600PE,0.4902903817786105
27-01-2026 13:10||NIFTY27JAN2624700PE,0.442520534646987
27-01-2026 13:15||NIFTY27JAN2624400PE,0.6772964398947328
27-01-2026 13:15||NIFTY27JAN2625000PE,0.3027373213657174
27-01-2026 13:15||NIFTY27JAN2625200CE,0.4077222225946556
27-01-2026 13:15||NIFTY27JAN2626300CE,1.0666205935421955
27-01-2026 13:20||NIFTY27JAN2624000PE,1.008346320134838
27-01-2026 13:20||NIFTY27JAN2624200PE,0.8552714674249177
27-01-2026 13:20||NIFTY27JAN2624600PE,0.5329400211856505
27-01-2026 13:20||NIFTY27JAN2624900PE,0.3459500387482413
27-01-2026 13:20||NIFTY27JAN2625700CE,0.6466074318995774
27-01-2026 13:20||NIFTY27JAN2625900CE,0.7902298968333199
27-01-2026 13:25||NIFTY27JAN2623800PE,1.1645022436534878
27-01-2026 13:25||NIFTY27JAN2625100PE,0.3471001164201004
27-01-2026 13:25||NIFTY27JAN2625700CE,0.6501270966201985
27-01-2026 13:30||NIFTY27JAN2624100PE,0.988891081237298
27-01-2026 13:30||NIFTY27JAN2624300PE,0.8137571653243811
27-01-2026 13:30||NIFTY27JAN2625100PE,0.4671264947384909
27-01-2026 13:30||NIFTY27JAN2625400CE,0.4494579246581627
27-01-2026 13:30||NIFTY27JAN2626300CE,1.1367443669503126
27-01-2026 13:35||NIFTY27JAN2623900PE,1.1433881209273655
27-01-2026 13:35||NIFTY27JAN2624300PE,0.8081048719826393
27-01-2026 13:35||NIFTY27JAN2624400PE,0.7305209260745376
27-01-2026 13:35||NIFTY27JAN2624600PE,0.5882277409019052
27-01-2026 13:35||NIFTY27JAN2624800PE,0.4792712822722522
27-01-2026 13:35||NIFTY27JAN2625300CE,0.3936641415989093
27-01-2026 13:35||NIFTY27JAN2625600CE,0.6080440165486275
27-01-2026 13:35||NIFTY27JAN2626000CE,0.9261249985743212
27-01-2026 13:35||NIFTY27JAN2626200CE,1.116725560335682
27-01-2026 13:35||NIFTY27JAN2626300CE,1.1950295532606672
27-01-2026 13:35||NIFTY27JAN2626400CE,1.2387050727478637
27-01-2026 13:40||NIFTY27JAN2625500CE,0.5840023639117808
27-01-2026 13:40||NIFTY27JAN2626300CE,1.2240517898089218
27-01-2026 13:45||NIFTY27JAN2623800PE,1.2234536415577468
27-01-2026 13:45||NIFTY27JAN2623900PE,1.1389972839715148
27-01-2026 13:45||NIFTY27JAN2624100PE,1.0046359519006258
27-01-2026 13:45||NIFTY27JAN2624700PE,0.4747187504952121
27-01-2026 13:45||NIFTY27JAN2625300CE,0.4515221588461143
27-01-2026 13:45||NIFTY27JAN2625600CE,0.7474224324650831
27-01-2026 13:45||NIFTY27JAN2625700CE,0.8408181933361479
27-01-2026 13:45||NIFTY27JAN2625800CE,0.901221545628974
27-01-2026 13:45||NIFTY27JAN2625900CE,0.9578773097464512
27-01-2026 13:45||NIFTY27JAN2626000CE,1.010894206206421
27-01-2026 13:45||NIFTY27JAN2626300CE,1.2519039499068176
27-01-2026 13:45||NIFTY27JAN2626400CE,1.3138673624949178
27-01-2026 13:50||NIFTY27JAN2623900PE,1.1823416146093133
27-01-2026 13:50||NIFTY27JAN2624800PE,0.4160204761617906
27-01-2026 13:50||NIFTY27JAN2625000PE,0.3247529899629121
27-01-2026 13:50||NIFTY27JAN2626200CE,1.1936520108609256
27-01-2026 13:55||NIFTY27JAN2623800PE,1.3186079310269498
27-01-2026 13:55||NIFTY27JAN2624000PE,1.133507421977453
27-01-2026 13:55||NIFTY27JAN2624100PE,1.058043470873383
27-01-2026 13:55||NIFTY27JAN2624300PE,0.8542290568416245
27-01-2026 13:55||NIFTY27JAN2624400PE,0.7586286265160354
27-01-2026 13:55||NIFTY27JAN2624600PE,0.5796921447845045
27-01-2026 13:55||NIFTY27JAN2624900PE,0.3760780854631995
27-01-2026 13:55||NIFTY27JAN2625400CE,0.5209263240935769
27-01-2026 13:55||NIFTY27JAN2625700CE,0.8008585442469398
27-01-2026 14:00||NIFTY27JAN2623800PE,1.354637014088143
27-01-2026 14:00||NIFTY27JAN2624300PE,0.8724231639457811
27-01-2026 14:00||NIFTY27JAN2624500PE,0.6722427479796764
27-01-2026 14:00||NIFTY27JAN2625000PE,0.3108212986290723
27-01-2026 14:00||NIFTY27JAN2625100PE,0.2147090680841361
27-01-2026 14:05||NIFTY27JAN2624000PE,1.1801485965049314
27-01-2026 14:05||NIFTY27JAN2624800PE,0.4143165792831694
27-01-2026 14:05||NIFTY27JAN2625400CE,0.5691051783456291
27-01-2026 14:05||NIFTY27JAN2625700CE,0.8786151042280355
27-01-2026 14:05||NIFTY27JAN2625800CE,0.9634687741341734
27-01-2026 14:05||NIFTY27JAN2626100CE,1.2476143660587868
27-01-2026 14:05||NIFTY27JAN2626200CE,1.3225599676466615
27-01-2026 14:05||NIFTY27JAN2626400CE,1.481798317142503
27-01-2026 14:10||NIFTY27JAN2623900PE,1.2834578089360538
27-01-2026 14:10||NIFTY27JAN2624000PE,1.200095034396293
27-01-2026 14:10||NIFTY27JAN2624600PE,0.591181321824814
27-01-2026 14:10||NIFTY27JAN2625500CE,0.6918243926309204
27-01-2026 14:10||NIFTY27JAN2626000CE,1.186636148732472
27-01-2026 14:10||NIFTY27JAN2626200CE,1.3579205993606525
27-01-2026 14:15||NIFTY27JAN2624000PE,1.2431741829776166
27-01-2026 14:15||NIFTY27JAN2624400PE,0.8306947851338862
27-01-2026 14:15||NIFTY27JAN2624900PE,0.3665230799967243
27-01-2026 14:15||NIFTY27JAN2625600CE,0.8020598352135206
27-01-2026 14:15||NIFTY27JAN2625800CE,0.994710300273477
27-01-2026 14:20||NIFTY27JAN2624100PE,1.1673498225559231
27-01-2026 14:20||NIFTY27JAN2625500CE,0.7156664359010672
27-01-2026 14:20||NIFTY27JAN2626000CE,1.25068352086074
27-01-2026 14:20||NIFTY27JAN2626100CE,1.3449565831006416
27-01-2026 14:20||NIFTY27JAN2626500CE,1.5837303134255152
27-01-2026 14:25||NIFTY27JAN2623800PE,1.5017731196439952
27-01-2026 14:25||NIFTY27JAN2623900PE,1.3681498975155602
27-01-2026 14:25||NIFTY27JAN2624000PE,1.2965076115656875
27-01-2026 14:25||NIFTY27JAN2624200PE,1.069129781338941
27-01-2026 14:25||NIFTY27JAN2624300PE,0.9729380554157604
27-01-2026 14:25||NIFTY27JAN2624800PE,0.390226825943516
27-01-2026 14:25||NIFTY27JAN2624900PE,0.3088709311219845
27-01-2026 14:25||NIFTY27JAN2625000PE,0.2528614649419817
27-01-2026 14:25||NIFTY27JAN2625700CE,0.9616920638107432
27-01-2026 14:30||NIFTY27JAN2624000PE,1.35988435146834
27-01-2026 14:30||NIFTY27JAN2624200PE,1.1400044425302571
27-01-2026 14:30||NIFTY27JAN2624600PE,0.6750260866591756
27-01-2026 14:30||NIFTY27JAN2625100PE,0.140405555301163
27-01-2026 14:30||NIFTY27JAN2626400CE,1.7517078490322944
27-01-2026 14:35||NIFTY27JAN2624000PE,1.4263905080953652
27-01-2026 14:35||NIFTY27JAN2624200PE,1.2279866917415194
27-01-2026 14:35||NIFTY27JAN2624900PE,0.332358983903627
27-01-2026 14:35||NIFTY27JAN2625000PE,0.2414363632172473
27-01-2026 14:35||NIFTY27JAN2626200CE,1.598220244725738
27-01-2026 14:40||NIFTY27JAN2624000PE,1.5002121713811918
27-01-2026 14:40||NIFTY27JAN2624800PE,0.5077713174665084
27-01-2026 14:40||NIFTY27JAN2626200CE,1.5878004723257022
27-01-2026 14:40||NIFTY27JAN2626400CE,1.788643920665654
27-01-2026 14:45||NIFTY27JAN2624000PE,1.5826253393527168
27-01-2026 14:45||NIFTY27JAN2624200PE,1.4121823224225416
27-01-2026 14:45||NIFTY27JAN2624700PE,0.7065224767523561
27-01-2026 14:45||NIFTY27JAN2625400CE,0.5728764351070348
27-01-2026 14:45||NIFTY27JAN2626400CE,1.831814549526686
27-01-2026 14:45||NIFTY27JAN2626500CE,1.885609479604876
27-01-2026 14:50||NIFTY27JAN2623800PE,1.9355419210905005
27-01-2026 14:50||NIFTY27JAN2624000PE,1.709297016816017
27-01-2026 14:50||NIFTY27JAN2624200PE,1.5345683396841288
27-01-2026 14:50||NIFTY27JAN2624800PE,0.6035614604933588
27-01-2026 14:50||NIFTY27JAN2625200CE,0.3989388847830737
27-01-2026 14:50||NIFTY27JAN2625900CE,1.2690124522108015
27-01-2026 14:55||NIFTY27JAN2623800PE,2.0458734714593243
27-01-2026 14:55||NIFTY27JAN2624000PE,1.8592821247716893
27-01-2026 14:55||NIFTY27JAN2624800PE,0.6595428378810534
27-01-2026 14:55||NIFTY27JAN2625500CE,0.735611573879742
27-01-2026 14:55||NIFTY27JAN2625800CE,1.18977421719163
27-01-2026 14:55||NIFTY27JAN2626400CE,1.9483503133769675
27-01-2026 15:00||NIFTY27JAN2624100PE,1.8356298464273435
27-01-2026 15:00||NIFTY27JAN2624700PE,0.8720788628231224
27-01-2026 15:00||NIFTY27JAN2625100PE,0.2215655610761447
27-01-2026 15:00||NIFTY27JAN2625400CE,0.5995810165336125
27-01-2026 15:05||NIFTY27JAN2624000PE,2.069314099080635
27-01-2026 15:05||NIFTY27JAN2624100PE,1.9229805169291485
27-01-2026 15:05||NIFTY27JAN2624200PE,1.820805612970631
27-01-2026 15:05||NIFTY27JAN2624500PE,1.2774221163478254
27-01-2026 15:05||NIFTY27JAN2626300CE,2.1071733263722177
27-01-2026 15:10||NIFTY27JAN2623900PE,2.534492568806537
27-01-2026 15:10||NIFTY27JAN2624000PE,2.347118964998698
27-01-2026 15:10||NIFTY27JAN2624900PE,0.6086150255985192
27-01-2026 15:10||NIFTY27JAN2625400CE,0.6483606632514056
27-01-2026 15:10||NIFTY27JAN2625600CE,1.008005604493066
27-01-2026 15:10||NIFTY27JAN2625800CE,1.395356348577407
27-01-2026 15:10||NIFTY27JAN2626000CE,1.8112702904942624
27-01-2026 15:15||NIFTY27JAN2625000PE,0.4607225573535389
27-01-2026 15:15||NIFTY27JAN2625900CE,1.846019713580873
27-01-2026 15:15||NIFTY27JAN2626000CE,2.067227814587961
27-01-2026 15:15||NIFTY27JAN2626400CE,2.7366153750000004
27-01-2026 15:20||NIFTY27JAN2623800PE,3.632162025224104
27-01-2026 15:20||NIFTY27JAN2623900PE,3.708492581698209
27-01-2026 15:20||NIFTY27JAN2624900PE,0.8933767386528417
27-01-2026 15:20||NIFTY27JAN2625500CE,0.9860244680626732
27-01-2026 15:20||NIFTY27JAN2626000CE,2.441255059081634
27-01-2026 15:20||NIFTY27JAN2626300CE,3.08224859375
27-01-2026 15:20||NIFTY27JAN2626400CE,3.2839673750000005
27-01-2026 15:25||NIFTY27JAN2623800PE,4.6198225
27-01-2026 15:25||NIFTY27JAN2624900PE,1.2060675000000003
27-01-2026 15:25||NIFTY27JAN2625100PE,0.714555
27-01-2026 15:25||NIFTY27JAN2626100CE,3.2919825
27-01-2026 15:25||NIFTY27JAN2626300CE,3.87906875
27-01-2026 15:25||NIFTY27JAN2626400CE,4.062082500000001
27-01-2026 15:25||NIFTY27JAN2626500CE,4.3090975
