id,value
07-01-2026 09:15||NIFTY27JAN2624100PE,0.162455
07-01-2026 09:15||NIFTY27JAN2625500CE,0.113825
07-01-2026 09:15||NIFTY27JAN2625800CE,0.0981
07-01-2026 09:20||NIFTY27JAN2624000PE,0.1689880530289038
07-01-2026 09:20||NIFTY27JAN2624200PE,0.1587440782617866
07-01-2026 09:20||NIFTY27JAN2624800PE,0.1273734877065244
07-01-2026 09:20||NIFTY27JAN2625000PE,0.1172240579310638
07-01-2026 09:20||NIFTY27JAN2625300CE,0.0967306241466068
07-01-2026 09:20||NIFTY27JAN2625400CE,0.1074802421968697
07-01-2026 09:20||NIFTY27JAN2625800CE,0.0990870946278907
07-01-2026 09:20||NIFTY27JAN2625900CE,0.0961779392557815
07-01-2026 09:25||NIFTY27JAN2624300PE,0.1527221198999153
07-01-2026 09:25||NIFTY27JAN2625100PE,0.1139401100949121
07-01-2026 09:25||NIFTY27JAN2625300CE,0.1010448592464491
07-01-2026 09:25||NIFTY27JAN2626500CE,0.1205023926878157
07-01-2026 09:30||NIFTY27JAN2623900PE,0.1760157091043561
07-01-2026 09:30||NIFTY27JAN2624300PE,0.1525303748545026
07-01-2026 09:30||NIFTY27JAN2625900CE,0.0948922872828514
07-01-2026 09:30||NIFTY27JAN2626400CE,0.0905816693148978
07-01-2026 09:35||NIFTY27JAN2623900PE,0.1764348507429435
07-01-2026 09:35||NIFTY27JAN2624600PE,0.1368979505120379
07-01-2026 09:35||NIFTY27JAN2625100PE,0.1135655206694059
07-01-2026 09:35||NIFTY27JAN2625900CE,0.0949049381191719
07-01-2026 09:35||NIFTY27JAN2626100CE,0.0920343844339335
07-01-2026 09:40||NIFTY27JAN2625100PE,0.1130773367273573
07-01-2026 09:40||NIFTY27JAN2625600CE,0.1039883807844512
07-01-2026 09:40||NIFTY27JAN2625800CE,0.0976856953407609
07-01-2026 09:40||NIFTY27JAN2625900CE,0.0936749297199743
07-01-2026 09:40||NIFTY27JAN2626200CE,0.0898487308779713
07-01-2026 09:45||NIFTY27JAN2625000PE,0.1160354789894145
07-01-2026 09:45||NIFTY27JAN2625200CE,0.1020783140470607
07-01-2026 09:45||NIFTY27JAN2625900CE,0.0960349109978153
07-01-2026 09:45||NIFTY27JAN2626400CE,0.0874713260187878
07-01-2026 09:50||NIFTY27JAN2623800PE,0.1568579807038272
07-01-2026 09:50||NIFTY27JAN2624500PE,0.140704225130191
07-01-2026 09:50||NIFTY27JAN2624900PE,0.1203879068098051
07-01-2026 09:50||NIFTY27JAN2625200CE,0.1107943933092772
07-01-2026 09:50||NIFTY27JAN2625500CE,0.1138584372529225
07-01-2026 09:50||NIFTY27JAN2625600CE,0.1107520643987572
07-01-2026 09:50||NIFTY27JAN2626400CE,0.0897545458100544
07-01-2026 09:55||NIFTY27JAN2624300PE,0.1519394745971574
07-01-2026 09:55||NIFTY27JAN2624700PE,0.1306285918749864
07-01-2026 09:55||NIFTY27JAN2625000PE,0.1150169547783497
07-01-2026 09:55||NIFTY27JAN2625500CE,0.1184803144813073
07-01-2026 09:55||NIFTY27JAN2625800CE,0.103562240614785
07-01-2026 09:55||NIFTY27JAN2625900CE,0.1010009828159693
07-01-2026 10:00||NIFTY27JAN2624600PE,0.1362018697682753
07-01-2026 10:00||NIFTY27JAN2625000PE,0.115953777286013
07-01-2026 10:00||NIFTY27JAN2625900CE,0.1014120165272736
07-01-2026 10:00||NIFTY27JAN2626100CE,0.0974371703051514
07-01-2026 10:00||NIFTY27JAN2626500CE,0.1223459013936403
07-01-2026 10:05||NIFTY27JAN2625200CE,0.0985788782433165
07-01-2026 10:05||NIFTY27JAN2625500CE,0.1090864143443953
07-01-2026 10:05||NIFTY27JAN2626300CE,0.0919966318764353
07-01-2026 10:10||NIFTY27JAN2623800PE,0.1601010194653594
07-01-2026 10:10||NIFTY27JAN2623900PE,0.1761192656500506
07-01-2026 10:10||NIFTY27JAN2624200PE,0.1600168198695121
07-01-2026 10:10||NIFTY27JAN2625500CE,0.1039952631638884
07-01-2026 10:10||NIFTY27JAN2625600CE,0.1046552037501641
07-01-2026 10:10||NIFTY27JAN2625700CE,0.1064771122649703
07-01-2026 10:10||NIFTY27JAN2625900CE,0.0976917043869698
07-01-2026 10:10||NIFTY27JAN2626000CE,0.096003700106492
07-01-2026 10:15||NIFTY27JAN2623900PE,0.1763761772472299
07-01-2026 10:15||NIFTY27JAN2625700CE,0.1033155877849806
07-01-2026 10:15||NIFTY27JAN2626100CE,0.0926988144801133
07-01-2026 10:15||NIFTY27JAN2626200CE,0.0908178155644124
07-01-2026 10:15||NIFTY27JAN2626500CE,0.1204914417259729
07-01-2026 10:20||NIFTY27JAN2624000PE,0.1710974967050706
07-01-2026 10:20||NIFTY27JAN2624200PE,0.1594608651691338
07-01-2026 10:20||NIFTY27JAN2624300PE,0.1543181047534375
07-01-2026 10:20||NIFTY27JAN2624500PE,0.1441597991608876
07-01-2026 10:20||NIFTY27JAN2625500CE,0.1048743303076044
07-01-2026 10:20||NIFTY27JAN2625700CE,0.1029897912975617
07-01-2026 10:20||NIFTY27JAN2626100CE,0.0919189691414406
07-01-2026 10:25||NIFTY27JAN2624000PE,0.1701241070637734
07-01-2026 10:25||NIFTY27JAN2624100PE,0.1646056639816294
07-01-2026 10:25||NIFTY27JAN2625600CE,0.1043203530979043
07-01-2026 10:25||NIFTY27JAN2625700CE,0.1025896950899415
07-01-2026 10:25||NIFTY27JAN2626100CE,0.0917002685195844
07-01-2026 10:30||NIFTY27JAN2624200PE,0.1583889172291221
07-01-2026 10:30||NIFTY27JAN2625100PE,0.1129650273754926
07-01-2026 10:30||NIFTY27JAN2625500CE,0.1090851490664552
07-01-2026 10:30||NIFTY27JAN2625600CE,0.1064946254439842
07-01-2026 10:30||NIFTY27JAN2626000CE,0.0946190772324633
07-01-2026 10:30||NIFTY27JAN2626200CE,0.0898319703078698
07-01-2026 10:30||NIFTY27JAN2626300CE,0.0877503651148598
07-01-2026 10:35||NIFTY27JAN2623800PE,0.1561160685649292
07-01-2026 10:35||NIFTY27JAN2624200PE,0.1585140484364233
07-01-2026 10:35||NIFTY27JAN2624500PE,0.142299261141056
07-01-2026 10:35||NIFTY27JAN2625000PE,0.1162124519496076
07-01-2026 10:35||NIFTY27JAN2625400CE,0.1171720256890589
07-01-2026 10:35||NIFTY27JAN2625500CE,0.1102168477360884
07-01-2026 10:35||NIFTY27JAN2626100CE,0.0926946837876977
07-01-2026 10:35||NIFTY27JAN2626300CE,0.0881887688614387
07-01-2026 10:40||NIFTY27JAN2623900PE,0.1757587109107977
07-01-2026 10:40||NIFTY27JAN2624900PE,0.1213849945342706
07-01-2026 10:40||NIFTY27JAN2625100PE,0.1128141444829727
07-01-2026 10:40||NIFTY27JAN2625200CE,0.1311492762446165
07-01-2026 10:40||NIFTY27JAN2625400CE,0.1175592754910653
07-01-2026 10:40||NIFTY27JAN2625600CE,0.1072220939806445
07-01-2026 10:40||NIFTY27JAN2625800CE,0.100908268355852
07-01-2026 10:40||NIFTY27JAN2626100CE,0.0928345993078365
07-01-2026 10:40||NIFTY27JAN2626300CE,0.0886378991984658
07-01-2026 10:45||NIFTY27JAN2624000PE,0.1705092598874072
07-01-2026 10:45||NIFTY27JAN2625100PE,0.1127225170320222
07-01-2026 10:45||NIFTY27JAN2625300CE,0.1219151708974849
07-01-2026 10:45||NIFTY27JAN2626000CE,0.0962168728212819
07-01-2026 10:45||NIFTY27JAN2626400CE,0.0880063916454692
07-01-2026 10:50||NIFTY27JAN2623900PE,0.1761577405220892
07-01-2026 10:50||NIFTY27JAN2624200PE,0.1593100040117798
07-01-2026 10:50||NIFTY27JAN2625600CE,0.1077514775772178
07-01-2026 10:50||NIFTY27JAN2625800CE,0.1011217012441589
07-01-2026 10:55||NIFTY27JAN2624300PE,0.1540601070588871
07-01-2026 10:55||NIFTY27JAN2624900PE,0.1224291582785335
07-01-2026 10:55||NIFTY27JAN2625500CE,0.1149822511375053
07-01-2026 11:00||NIFTY27JAN2624200PE,0.1600396329115667
07-01-2026 11:00||NIFTY27JAN2626500CE,0.1207090079854093
07-01-2026 11:05||NIFTY27JAN2624300PE,0.1543875417874551
07-01-2026 11:05||NIFTY27JAN2624600PE,0.1390062165104504
07-01-2026 11:05||NIFTY27JAN2624800PE,0.1278649397878963
07-01-2026 11:05||NIFTY27JAN2625200CE,0.1281262364823566
07-01-2026 11:05||NIFTY27JAN2626000CE,0.0963846179280157
07-01-2026 11:05||NIFTY27JAN2626200CE,0.0913716845414249
07-01-2026 11:10||NIFTY27JAN2624400PE,0.1489400900902205
07-01-2026 11:10||NIFTY27JAN2624800PE,0.1273908074652545
07-01-2026 11:10||NIFTY27JAN2625200CE,0.1346248757289116
07-01-2026 11:10||NIFTY27JAN2625500CE,0.1132293784579436
07-01-2026 11:10||NIFTY27JAN2625700CE,0.1024978736539908
07-01-2026 11:10||NIFTY27JAN2625900CE,0.097830061568934
07-01-2026 11:10||NIFTY27JAN2626300CE,0.0880944091621578
07-01-2026 11:15||NIFTY27JAN2624000PE,0.1712362134784491
07-01-2026 11:15||NIFTY27JAN2624800PE,0.1267337327886624
07-01-2026 11:15||NIFTY27JAN2625400CE,0.1189469223400925
07-01-2026 11:15||NIFTY27JAN2626100CE,0.0927273687331768
07-01-2026 11:15||NIFTY27JAN2626300CE,0.0881397060272632
07-01-2026 11:20||NIFTY27JAN2623800PE,0.1555993381828821
07-01-2026 11:20||NIFTY27JAN2624200PE,0.159006709992596
07-01-2026 11:20||NIFTY27JAN2624900PE,0.1212543064732387
07-01-2026 11:20||NIFTY27JAN2625300CE,0.1300304249621391
07-01-2026 11:20||NIFTY27JAN2625700CE,0.1024057680806345
07-01-2026 11:20||NIFTY27JAN2626000CE,0.0968596560275327
07-01-2026 11:25||NIFTY27JAN2623800PE,0.1555489457037539
07-01-2026 11:25||NIFTY27JAN2624400PE,0.1477241929031023
07-01-2026 11:25||NIFTY27JAN2624800PE,0.126211618157999
07-01-2026 11:25||NIFTY27JAN2625300CE,0.1316692027981359
07-01-2026 11:25||NIFTY27JAN2625700CE,0.1040688640971327
07-01-2026 11:25||NIFTY27JAN2625800CE,0.1009548737286443
07-01-2026 11:25||NIFTY27JAN2625900CE,0.0994349426296951
07-01-2026 11:25||NIFTY27JAN2626000CE,0.0980417484614151
07-01-2026 11:25||NIFTY27JAN2626200CE,0.0916089307548669
07-01-2026 11:30||NIFTY27JAN2624300PE,0.1526869045835164
07-01-2026 11:30||NIFTY27JAN2624400PE,0.1475697197297068
07-01-2026 11:35||NIFTY27JAN2624900PE,0.1212504141112318
07-01-2026 11:35||NIFTY27JAN2626300CE,0.0897658701704868
07-01-2026 11:40||NIFTY27JAN2624000PE,0.1704294642090797
07-01-2026 11:40||NIFTY27JAN2624500PE,0.1425082217097385
07-01-2026 11:40||NIFTY27JAN2625200CE,0.1414285628902184
07-01-2026 11:40||NIFTY27JAN2625900CE,0.0986234647865075
07-01-2026 11:45||NIFTY27JAN2624000PE,0.1697853745594713
07-01-2026 11:45||NIFTY27JAN2625000PE,0.1155242313761053
07-01-2026 11:45||NIFTY27JAN2625500CE,0.1154168297980103
07-01-2026 11:45||NIFTY27JAN2625600CE,0.1111515880051343
07-01-2026 11:45||NIFTY27JAN2626400CE,0.0873513910412477
07-01-2026 11:50||NIFTY27JAN2624000PE,0.1693723433561315
07-01-2026 11:50||NIFTY27JAN2624600PE,0.1361406832140234
07-01-2026 11:50||NIFTY27JAN2625700CE,0.1049575898424819
07-01-2026 11:50||NIFTY27JAN2626400CE,0.0869087151183589
07-01-2026 11:55||NIFTY27JAN2623900PE,0.1747238019038884
07-01-2026 11:55||NIFTY27JAN2625200CE,0.1550843181914156
07-01-2026 11:55||NIFTY27JAN2625400CE,0.1213950524726616
07-01-2026 11:55||NIFTY27JAN2626100CE,0.0923140903404101
07-01-2026 11:55||NIFTY27JAN2626300CE,0.088350262697117
07-01-2026 12:00||NIFTY27JAN2624300PE,0.1510048555014311
07-01-2026 12:00||NIFTY27JAN2624500PE,0.1407366254895639
07-01-2026 12:00||NIFTY27JAN2625500CE,0.1146121811783495
07-01-2026 12:00||NIFTY27JAN2625600CE,0.1100248941215175
07-01-2026 12:00||NIFTY27JAN2626400CE,0.0886362448188609
07-01-2026 12:05||NIFTY27JAN2624200PE,0.1558203845546107
07-01-2026 12:05||NIFTY27JAN2624300PE,0.1501722786636181
07-01-2026 12:05||NIFTY27JAN2625300CE,0.1418740118981016
07-01-2026 12:05||NIFTY27JAN2625900CE,0.0993737085540361
07-01-2026 12:05||NIFTY27JAN2626000CE,0.0967219763351011
07-01-2026 12:05||NIFTY27JAN2626300CE,0.0898315936265671
07-01-2026 12:05||NIFTY27JAN2626400CE,0.0905235604547476
07-01-2026 12:10||NIFTY27JAN2624000PE,0.1682221121583082
07-01-2026 12:10||NIFTY27JAN2625200CE,0.1649658690767243
07-01-2026 12:10||NIFTY27JAN2625600CE,0.1133629277151591
07-01-2026 12:10||NIFTY27JAN2626500CE,0.1202607543024331
07-01-2026 12:15||NIFTY27JAN2624300PE,0.1502471261989458
07-01-2026 12:15||NIFTY27JAN2625000PE,0.1159639246395976
07-01-2026 12:15||NIFTY27JAN2625100PE,0.1122283900363356
07-01-2026 12:15||NIFTY27JAN2625300CE,0.1437405773845905
07-01-2026 12:15||NIFTY27JAN2625500CE,0.1197219075942731
07-01-2026 12:15||NIFTY27JAN2625600CE,0.1136571911814814
07-01-2026 12:20||NIFTY27JAN2624000PE,0.1676422979337381
07-01-2026 12:20||NIFTY27JAN2624400PE,0.1449680686160751
07-01-2026 12:20||NIFTY27JAN2625100PE,0.1119951533300571
07-01-2026 12:20||NIFTY27JAN2626100CE,0.0950654508496294
07-01-2026 12:25||NIFTY27JAN2624400PE,0.1450947906513949
07-01-2026 12:25||NIFTY27JAN2624600PE,0.1337133206396143
07-01-2026 12:25||NIFTY27JAN2624700PE,0.1292683965931692
07-01-2026 12:25||NIFTY27JAN2625300CE,0.1365003954472493
07-01-2026 12:25||NIFTY27JAN2626300CE,0.0903868423495618
07-01-2026 12:30||NIFTY27JAN2623800PE,0.1571348463813025
07-01-2026 12:30||NIFTY27JAN2624000PE,0.1671995200236908
07-01-2026 12:30||NIFTY27JAN2624100PE,0.1618597976142745
07-01-2026 12:30||NIFTY27JAN2624500PE,0.1391863969670395
07-01-2026 12:30||NIFTY27JAN2624600PE,0.1338779449354882
07-01-2026 12:30||NIFTY27JAN2625200CE,0.1397357560697238
07-01-2026 12:30||NIFTY27JAN2626300CE,0.0899091424076179
07-01-2026 12:35||NIFTY27JAN2625100PE,0.1115274158300622
07-01-2026 12:35||NIFTY27JAN2625300CE,0.1255251995584244
07-01-2026 12:35||NIFTY27JAN2625400CE,0.1194597331560573
07-01-2026 12:35||NIFTY27JAN2626300CE,0.0891446749141642
07-01-2026 12:35||NIFTY27JAN2626500CE,0.1192767287366636
07-01-2026 12:40||NIFTY27JAN2625100PE,0.1116114164467421
07-01-2026 12:40||NIFTY27JAN2625700CE,0.1046563445081029
07-01-2026 12:45||NIFTY27JAN2623800PE,0.1547365987632543
07-01-2026 12:45||NIFTY27JAN2624000PE,0.1670407937926972
07-01-2026 12:45||NIFTY27JAN2624900PE,0.1185706252945506
07-01-2026 12:45||NIFTY27JAN2625000PE,0.1140882667899
07-01-2026 12:45||NIFTY27JAN2625800CE,0.1010520433284957
07-01-2026 12:45||NIFTY27JAN2626400CE,0.0885115182438392
07-01-2026 12:50||NIFTY27JAN2624400PE,0.1447046994624527
07-01-2026 12:50||NIFTY27JAN2624700PE,0.1286904369119735
07-01-2026 12:50||NIFTY27JAN2625100PE,0.1109009133590925
07-01-2026 12:50||NIFTY27JAN2626300CE,0.0896753043343394
07-01-2026 12:55||NIFTY27JAN2623800PE,0.1532349980499101
07-01-2026 12:55||NIFTY27JAN2623900PE,0.1720325673031658
07-01-2026 12:55||NIFTY27JAN2625100PE,0.1104933209912355
07-01-2026 12:55||NIFTY27JAN2625200CE,0.1325500856663353
07-01-2026 12:55||NIFTY27JAN2625300CE,0.1262571428921809
07-01-2026 13:00||NIFTY27JAN2624000PE,0.167424784894569
07-01-2026 13:00||NIFTY27JAN2624400PE,0.1450141875
07-01-2026 13:00||NIFTY27JAN2624600PE,0.1339226404728425
07-01-2026 13:00||NIFTY27JAN2625300CE,0.12415882243244
07-01-2026 13:00||NIFTY27JAN2625800CE,0.1034672524511715
07-01-2026 13:05||NIFTY27JAN2623900PE,0.1731531316392095
07-01-2026 13:05||NIFTY27JAN2624700PE,0.1288004816865621
07-01-2026 13:05||NIFTY27JAN2625200CE,0.130930553359706
07-01-2026 13:05||NIFTY27JAN2625400CE,0.1184174185843232
07-01-2026 13:05||NIFTY27JAN2626100CE,0.0934263251482894
07-01-2026 13:10||NIFTY27JAN2624400PE,0.1450787700558392
07-01-2026 13:10||NIFTY27JAN2624700PE,0.1287878212339164
07-01-2026 13:10||NIFTY27JAN2625400CE,0.1176294642677344
07-01-2026 13:10||NIFTY27JAN2625900CE,0.0984282279600828
07-01-2026 13:10||NIFTY27JAN2626400CE,0.0869556995302451
07-01-2026 13:15||NIFTY27JAN2624600PE,0.1337350419613835
07-01-2026 13:15||NIFTY27JAN2625400CE,0.1185968254506937
07-01-2026 13:15||NIFTY27JAN2625500CE,0.1148815917200909
07-01-2026 13:15||NIFTY27JAN2625700CE,0.1042365828762111
07-01-2026 13:15||NIFTY27JAN2625800CE,0.1003039964113089
07-01-2026 13:15||NIFTY27JAN2626400CE,0.0913390889832308
07-01-2026 13:20||NIFTY27JAN2624000PE,0.166885205991875
07-01-2026 13:20||NIFTY27JAN2624500PE,0.1385148428550525
07-01-2026 13:20||NIFTY27JAN2624800PE,0.1217645939386457
07-01-2026 13:20||NIFTY27JAN2624900PE,0.1166664185201631
07-01-2026 13:20||NIFTY27JAN2625000PE,0.1127918303577621
07-01-2026 13:20||NIFTY27JAN2626300CE,0.095302631212552
07-01-2026 13:25||NIFTY27JAN2624200PE,0.1549208183022898
07-01-2026 13:25||NIFTY27JAN2624600PE,0.1319966475333407
07-01-2026 13:25||NIFTY27JAN2624700PE,0.1269792194683328
07-01-2026 13:25||NIFTY27JAN2625100PE,0.1094428565189574
07-01-2026 13:25||NIFTY27JAN2626300CE,0.1025976113672399
07-01-2026 13:25||NIFTY27JAN2626400CE,0.1076335538745402
07-01-2026 13:25||NIFTY27JAN2626500CE,0.1272945284815652
07-01-2026 13:30||NIFTY27JAN2624000PE,0.1657340670396006
07-01-2026 13:30||NIFTY27JAN2624400PE,0.1435137235775551
07-01-2026 13:30||NIFTY27JAN2624600PE,0.132098322393732
07-01-2026 13:30||NIFTY27JAN2624900PE,0.1166597491497942
07-01-2026 13:30||NIFTY27JAN2625300CE,0.135881566253234
07-01-2026 13:30||NIFTY27JAN2625700CE,0.1069304706053027
07-01-2026 13:30||NIFTY27JAN2625800CE,0.1026915816945255
07-01-2026 13:30||NIFTY27JAN2626500CE,0.1255394229876233
07-01-2026 13:35||NIFTY27JAN2623900PE,0.1712700495559158
07-01-2026 13:35||NIFTY27JAN2624200PE,0.1535777690110699
07-01-2026 13:35||NIFTY27JAN2624300PE,0.1482033659378736
07-01-2026 13:35||NIFTY27JAN2625100PE,0.108561508254772
07-01-2026 13:35||NIFTY27JAN2625200CE,0.1383265430540513
07-01-2026 13:35||NIFTY27JAN2625300CE,0.1359821518299144
07-01-2026 13:40||NIFTY27JAN2624300PE,0.148476163596293
07-01-2026 13:40||NIFTY27JAN2625000PE,0.1119944036486156
07-01-2026 13:40||NIFTY27JAN2625700CE,0.1095210813134452
07-01-2026 13:40||NIFTY27JAN2626100CE,0.0949183087728947
07-01-2026 13:45||NIFTY27JAN2623900PE,0.1707206850335463
07-01-2026 13:45||NIFTY27JAN2624200PE,0.1541458723455088
07-01-2026 13:45||NIFTY27JAN2624600PE,0.1325961369464683
07-01-2026 13:45||NIFTY27JAN2625200CE,0.1350890381713848
07-01-2026 13:45||NIFTY27JAN2625400CE,0.12962229264232
07-01-2026 13:50||NIFTY27JAN2623800PE,0.1515872171444788
07-01-2026 13:50||NIFTY27JAN2623900PE,0.1701661923127738
07-01-2026 13:50||NIFTY27JAN2624100PE,0.1602733964203467
07-01-2026 13:55||NIFTY27JAN2624400PE,0.1436853779603879
07-01-2026 13:55||NIFTY27JAN2625100PE,0.108768357332731
07-01-2026 13:55||NIFTY27JAN2625300CE,0.1292832133752373
07-01-2026 13:55||NIFTY27JAN2625800CE,0.1041702325571006
07-01-2026 13:55||NIFTY27JAN2626400CE,0.0883398514916733
07-01-2026 14:00||NIFTY27JAN2623800PE,0.1513623230479336
07-01-2026 14:00||NIFTY27JAN2623900PE,0.1701329135533144
07-01-2026 14:00||NIFTY27JAN2625400CE,0.121499860988522
07-01-2026 14:00||NIFTY27JAN2625500CE,0.1167195263315088
07-01-2026 14:00||NIFTY27JAN2625900CE,0.1001575401770147
07-01-2026 14:00||NIFTY27JAN2626200CE,0.0917575254744764
07-01-2026 14:05||NIFTY27JAN2624000PE,0.1661352848879647
07-01-2026 14:05||NIFTY27JAN2624200PE,0.1552994407991566
07-01-2026 14:05||NIFTY27JAN2624400PE,0.1442369751497006
07-01-2026 14:05||NIFTY27JAN2625900CE,0.0986153757175627
07-01-2026 14:05||NIFTY27JAN2626000CE,0.0957124540907323
07-01-2026 14:05||NIFTY27JAN2626300CE,0.0887672487840015
07-01-2026 14:10||NIFTY27JAN2623800PE,0.1520183887790878
07-01-2026 14:10||NIFTY27JAN2624000PE,0.1664151775527557
07-01-2026 14:10||NIFTY27JAN2624700PE,0.1287602072959151
07-01-2026 14:10||NIFTY27JAN2626100CE,0.0917274196286959
07-01-2026 14:10||NIFTY27JAN2626200CE,0.089448636273523
07-01-2026 14:10||NIFTY27JAN2626400CE,0.0865153116246665
07-01-2026 14:15||NIFTY27JAN2625200CE,0.120450000362276
07-01-2026 14:15||NIFTY27JAN2625600CE,0.1086571786121649
07-01-2026 14:15||NIFTY27JAN2625900CE,0.0965349838922572
07-01-2026 14:15||NIFTY27JAN2626200CE,0.089199007195832
07-01-2026 14:20||NIFTY27JAN2623800PE,0.151962440973852
07-01-2026 14:20||NIFTY27JAN2624500PE,0.1391654842113877
07-01-2026 14:20||NIFTY27JAN2625400CE,0.1159473361140719
07-01-2026 14:20||NIFTY27JAN2625700CE,0.1039011372446649
07-01-2026 14:20||NIFTY27JAN2626300CE,0.087577116871989
07-01-2026 14:25||NIFTY27JAN2623900PE,0.1714143730418885
07-01-2026 14:25||NIFTY27JAN2625400CE,0.1164831601158254
07-01-2026 14:25||NIFTY27JAN2625700CE,0.1042449490631283
07-01-2026 14:25||NIFTY27JAN2625900CE,0.096841437815447
07-01-2026 14:25||NIFTY27JAN2626300CE,0.0891218334179933
07-01-2026 14:30||NIFTY27JAN2624800PE,0.1231936787947235
07-01-2026 14:30||NIFTY27JAN2625100PE,0.1093115194272051
07-01-2026 14:30||NIFTY27JAN2625300CE,0.1210622886145011
07-01-2026 14:30||NIFTY27JAN2626300CE,0.0903543662126043
07-01-2026 14:35||NIFTY27JAN2624000PE,0.166165106898335
07-01-2026 14:35||NIFTY27JAN2624100PE,0.1613723586906433
07-01-2026 14:35||NIFTY27JAN2624400PE,0.1449536444913084
07-01-2026 14:35||NIFTY27JAN2624700PE,0.1284679798136252
07-01-2026 14:35||NIFTY27JAN2625000PE,0.113087196711688
07-01-2026 14:35||NIFTY27JAN2626400CE,0.1004387892530447
07-01-2026 14:35||NIFTY27JAN2626500CE,0.1220183856739145
07-01-2026 14:40||NIFTY27JAN2623800PE,0.1554468160693728
07-01-2026 14:40||NIFTY27JAN2624100PE,0.1618459659522681
07-01-2026 14:40||NIFTY27JAN2625100PE,0.1097114718065242
07-01-2026 14:40||NIFTY27JAN2625400CE,0.1210457393350764
07-01-2026 14:40||NIFTY27JAN2626200CE,0.0905470152887546
07-01-2026 14:45||NIFTY27JAN2623800PE,0.155442609602071
07-01-2026 14:45||NIFTY27JAN2624000PE,0.167300108951832
07-01-2026 14:45||NIFTY27JAN2624200PE,0.1567807137897441
07-01-2026 14:45||NIFTY27JAN2624500PE,0.1398616769348878
07-01-2026 14:45||NIFTY27JAN2624900PE,0.1182675315084903
07-01-2026 14:50||NIFTY27JAN2623900PE,0.1722979238077076
07-01-2026 14:50||NIFTY27JAN2624900PE,0.1185086634268338
07-01-2026 14:50||NIFTY27JAN2625600CE,0.1099264263225036
07-01-2026 14:50||NIFTY27JAN2626400CE,0.0999428742077905
07-01-2026 14:50||NIFTY27JAN2626500CE,0.12158605983043
07-01-2026 14:55||NIFTY27JAN2624100PE,0.1633958785879959
07-01-2026 14:55||NIFTY27JAN2624300PE,0.1517103956655143
07-01-2026 14:55||NIFTY27JAN2624600PE,0.1349329769187279
07-01-2026 14:55||NIFTY27JAN2625900CE,0.0976826625356045
07-01-2026 14:55||NIFTY27JAN2626300CE,0.090447046291195
07-01-2026 15:00||NIFTY27JAN2623900PE,0.1734337626400112
07-01-2026 15:00||NIFTY27JAN2625100PE,0.110632847421604
07-01-2026 15:00||NIFTY27JAN2625700CE,0.1023959654860486
07-01-2026 15:00||NIFTY27JAN2626000CE,0.0936465277621464
07-01-2026 15:00||NIFTY27JAN2626400CE,0.0906306846409072
07-01-2026 15:05||NIFTY27JAN2624200PE,0.1583744475083917
07-01-2026 15:05||NIFTY27JAN2624500PE,0.1413010288716712
07-01-2026 15:05||NIFTY27JAN2625400CE,0.1127002461422177
07-01-2026 15:05||NIFTY27JAN2626000CE,0.0921407431071872
07-01-2026 15:05||NIFTY27JAN2626400CE,0.087837431175895
07-01-2026 15:10||NIFTY27JAN2623800PE,0.1582113609824149
07-01-2026 15:10||NIFTY27JAN2624000PE,0.1697140466177095
07-01-2026 15:10||NIFTY27JAN2624400PE,0.1466972798863077
07-01-2026 15:10||NIFTY27JAN2624500PE,0.1415591209576306
07-01-2026 15:10||NIFTY27JAN2626500CE,0.1167129789978835
07-01-2026 15:15||NIFTY27JAN2624200PE,0.1590396629673158
07-01-2026 15:15||NIFTY27JAN2624900PE,0.1209725107750561
07-01-2026 15:15||NIFTY27JAN2625100PE,0.1116992835815975
07-01-2026 15:15||NIFTY27JAN2625600CE,0.1002451239419077
07-01-2026 15:20||NIFTY27JAN2624100PE,0.1650497646497221
07-01-2026 15:20||NIFTY27JAN2625900CE,0.0910715695040964
07-01-2026 15:20||NIFTY27JAN2626300CE,0.087815191648907
07-01-2026 15:25||NIFTY27JAN2624700PE,0.1305318842038098
07-01-2026 15:25||NIFTY27JAN2625500CE,0.1039731157359051
07-01-2026 15:25||NIFTY27JAN2626100CE,0.0887097491142648
07-01-2026 15:25||NIFTY27JAN2626400CE,0.1027691246167535
07-01-2026 15:25||NIFTY27JAN2626500CE,0.1264470739732735
08-01-2026 09:15||NIFTY27JAN2624100PE,0.164509437149768
08-01-2026 09:15||NIFTY27JAN2624300PE,0.152772280583108
08-01-2026 09:15||NIFTY27JAN2625100PE,0.1109775480931583
08-01-2026 09:15||NIFTY27JAN2625300CE,0.1086564252641817
08-01-2026 09:15||NIFTY27JAN2626300CE,0.0900226391991451
08-01-2026 09:20||NIFTY27JAN2623800PE,0.1614450083599381
08-01-2026 09:20||NIFTY27JAN2624100PE,0.1636915606958855
08-01-2026 09:20||NIFTY27JAN2624800PE,0.1231195788754951
08-01-2026 09:20||NIFTY27JAN2624900PE,0.1185536989804542
08-01-2026 09:20||NIFTY27JAN2625300CE,0.1062798089440977
08-01-2026 09:20||NIFTY27JAN2625900CE,0.0894837028157366
08-01-2026 09:20||NIFTY27JAN2626000CE,0.088222497248741
08-01-2026 09:20||NIFTY27JAN2626400CE,0.1020500441066327
08-01-2026 09:20||NIFTY27JAN2626500CE,0.126043212582294
08-01-2026 09:25||NIFTY27JAN2623900PE,0.1753955130736985
08-01-2026 09:25||NIFTY27JAN2624100PE,0.1622245658364806
08-01-2026 09:25||NIFTY27JAN2624200PE,0.1567700123347203
08-01-2026 09:25||NIFTY27JAN2625300CE,0.1093131921591689
08-01-2026 09:25||NIFTY27JAN2626200CE,0.0844736864213638
08-01-2026 09:25||NIFTY27JAN2626400CE,0.0928078916987751
08-01-2026 09:30||NIFTY27JAN2624100PE,0.1620773857375782
08-01-2026 09:30||NIFTY27JAN2624700PE,0.1261186577764526
08-01-2026 09:30||NIFTY27JAN2624800PE,0.1203101023257262
08-01-2026 09:30||NIFTY27JAN2624900PE,0.1162276756024369
08-01-2026 09:30||NIFTY27JAN2625000PE,0.1124319449548738
08-01-2026 09:30||NIFTY27JAN2626200CE,0.0851175741203706
08-01-2026 09:30||NIFTY27JAN2626300CE,0.0867723735840485
08-01-2026 09:35||NIFTY27JAN2623900PE,0.1741089331490571
08-01-2026 09:35||NIFTY27JAN2624100PE,0.1623625839253133
08-01-2026 09:35||NIFTY27JAN2624400PE,0.1449128431564367
08-01-2026 09:35||NIFTY27JAN2625300CE,0.1082741364139818
08-01-2026 09:35||NIFTY27JAN2625400CE,0.1068312356995892
08-01-2026 09:35||NIFTY27JAN2626100CE,0.0887815393741337
08-01-2026 09:35||NIFTY27JAN2626200CE,0.0864670914142804
08-01-2026 09:35||NIFTY27JAN2626500CE,0.120443917098719
08-01-2026 09:40||NIFTY27JAN2623800PE,0.1589647256171917
08-01-2026 09:40||NIFTY27JAN2624800PE,0.1215529709957805
08-01-2026 09:40||NIFTY27JAN2624900PE,0.1165351331723326
08-01-2026 09:40||NIFTY27JAN2625000PE,0.1127209736484942
08-01-2026 09:40||NIFTY27JAN2625200CE,0.1181866218452103
08-01-2026 09:40||NIFTY27JAN2625700CE,0.0998380828238684
08-01-2026 09:40||NIFTY27JAN2626200CE,0.0872131587524846
08-01-2026 09:40||NIFTY27JAN2626400CE,0.0911942632974404
08-01-2026 09:45||NIFTY27JAN2624200PE,0.1579074187261716
08-01-2026 09:45||NIFTY27JAN2624600PE,0.1347207005817185
08-01-2026 09:45||NIFTY27JAN2625400CE,0.1089951960947911
08-01-2026 09:45||NIFTY27JAN2625900CE,0.0947839714328046
08-01-2026 09:45||NIFTY27JAN2626500CE,0.1210071305790714
08-01-2026 09:50||NIFTY27JAN2624400PE,0.1464087111820274
08-01-2026 09:50||NIFTY27JAN2625100PE,0.1114769210798117
08-01-2026 09:50||NIFTY27JAN2625500CE,0.1077807397611809
08-01-2026 09:50||NIFTY27JAN2625600CE,0.1028426739002726
08-01-2026 09:50||NIFTY27JAN2626400CE,0.0884315955197692
08-01-2026 09:55||NIFTY27JAN2624200PE,0.1584315000328656
08-01-2026 09:55||NIFTY27JAN2624600PE,0.1350423645186516
08-01-2026 09:55||NIFTY27JAN2625000PE,0.1161806096153206
08-01-2026 09:55||NIFTY27JAN2625100PE,0.1122070518727479
08-01-2026 09:55||NIFTY27JAN2625300CE,0.1174480319322211
08-01-2026 09:55||NIFTY27JAN2626000CE,0.0908558335756506
08-01-2026 09:55||NIFTY27JAN2626200CE,0.087968986539856
08-01-2026 10:00||NIFTY27JAN2624600PE,0.1351176229702154
08-01-2026 10:00||NIFTY27JAN2625900CE,0.0909846957947124
08-01-2026 10:00||NIFTY27JAN2626100CE,0.087773238318416
08-01-2026 10:00||NIFTY27JAN2626200CE,0.086616215453793
08-01-2026 10:05||NIFTY27JAN2624800PE,0.1242973053842852
08-01-2026 10:05||NIFTY27JAN2625500CE,0.1034649036826429
08-01-2026 10:05||NIFTY27JAN2625800CE,0.0925780132287792
08-01-2026 10:05||NIFTY27JAN2626000CE,0.0890415825045382
08-01-2026 10:05||NIFTY27JAN2626500CE,0.1206263375576936
08-01-2026 10:10||NIFTY27JAN2624100PE,0.1635728063293153
08-01-2026 10:10||NIFTY27JAN2625000PE,0.1150749200941089
08-01-2026 10:10||NIFTY27JAN2625100PE,0.1111553995914673
08-01-2026 10:10||NIFTY27JAN2625200CE,0.1309443246192408
08-01-2026 10:10||NIFTY27JAN2625600CE,0.1012534326065197
08-01-2026 10:10||NIFTY27JAN2625800CE,0.0940459204324629
08-01-2026 10:10||NIFTY27JAN2626400CE,0.0893953059661729
08-01-2026 10:15||NIFTY27JAN2625100PE,0.1109623064417505
08-01-2026 10:15||NIFTY27JAN2625700CE,0.0980134380655665
08-01-2026 10:15||NIFTY27JAN2625800CE,0.0942891649723917
08-01-2026 10:15||NIFTY27JAN2626500CE,0.1230240165689889
08-01-2026 10:20||NIFTY27JAN2625200CE,0.1254053343365938
08-01-2026 10:20||NIFTY27JAN2626400CE,0.0937650695067942
08-01-2026 10:25||NIFTY27JAN2623900PE,0.172194473858969
08-01-2026 10:25||NIFTY27JAN2624000PE,0.1673917630381044
08-01-2026 10:25||NIFTY27JAN2624400PE,0.1445749094112386
08-01-2026 10:25||NIFTY27JAN2624800PE,0.1231294287874299
08-01-2026 10:25||NIFTY27JAN2625000PE,0.1144382971196043
08-01-2026 10:25||NIFTY27JAN2625100PE,0.1103312228999383
08-01-2026 10:25||NIFTY27JAN2625200CE,0.1254180374143364
08-01-2026 10:25||NIFTY27JAN2625500CE,0.1081964446050947
08-01-2026 10:25||NIFTY27JAN2625600CE,0.1036330190713816
08-01-2026 10:25||NIFTY27JAN2625700CE,0.1005762959799778
08-01-2026 10:25||NIFTY27JAN2626100CE,0.0910808510451221
08-01-2026 10:25||NIFTY27JAN2626500CE,0.1296181079659606
08-01-2026 10:30||NIFTY27JAN2623800PE,0.1628075014418791
08-01-2026 10:30||NIFTY27JAN2624000PE,0.1673636046607031
08-01-2026 10:30||NIFTY27JAN2624400PE,0.1440962079751933
08-01-2026 10:30||NIFTY27JAN2624500PE,0.1389763603247654
08-01-2026 10:30||NIFTY27JAN2626000CE,0.0928231749140987
08-01-2026 10:30||NIFTY27JAN2626400CE,0.104432406194468
08-01-2026 10:30||NIFTY27JAN2626500CE,0.1315459228736472
08-01-2026 10:35||NIFTY27JAN2624000PE,0.1673942111834947
08-01-2026 10:35||NIFTY27JAN2624200PE,0.1564132978331762
08-01-2026 10:35||NIFTY27JAN2625800CE,0.0973053892554806
08-01-2026 10:35||NIFTY27JAN2626300CE,0.0910375215998254
08-01-2026 10:35||NIFTY27JAN2626500CE,0.1310683316178256
08-01-2026 10:40||NIFTY27JAN2624000PE,0.1671819307498975
08-01-2026 10:40||NIFTY27JAN2624300PE,0.150081469081348
08-01-2026 10:40||NIFTY27JAN2625000PE,0.1130812964203655
08-01-2026 10:40||NIFTY27JAN2625500CE,0.1076400450941965
08-01-2026 10:40||NIFTY27JAN2625900CE,0.0939045638423555
08-01-2026 10:40||NIFTY27JAN2626100CE,0.0905301803337785
08-01-2026 10:40||NIFTY27JAN2626300CE,0.0909774335022509
08-01-2026 10:40||NIFTY27JAN2626400CE,0.100026828269377
08-01-2026 10:45||NIFTY27JAN2623900PE,0.1721339302087313
08-01-2026 10:45||NIFTY27JAN2624200PE,0.1560559179467363
08-01-2026 10:45||NIFTY27JAN2625200CE,0.1214138218933897
08-01-2026 10:45||NIFTY27JAN2625300CE,0.1207915998198339
08-01-2026 10:45||NIFTY27JAN2625600CE,0.1029487187601501
08-01-2026 10:45||NIFTY27JAN2626400CE,0.1037448071318203
08-01-2026 10:45||NIFTY27JAN2626500CE,0.1300910021989826
08-01-2026 10:50||NIFTY27JAN2623900PE,0.1714119661217655
08-01-2026 10:50||NIFTY27JAN2625500CE,0.1052402413775993
08-01-2026 10:50||NIFTY27JAN2625800CE,0.0965150337339117
08-01-2026 10:50||NIFTY27JAN2626100CE,0.09082470670816
08-01-2026 10:50||NIFTY27JAN2626500CE,0.1271108053171268
08-01-2026 10:55||NIFTY27JAN2624000PE,0.1664276415615018
08-01-2026 10:55||NIFTY27JAN2624700PE,0.1275396482819748
08-01-2026 10:55||NIFTY27JAN2624800PE,0.1226327191376189
08-01-2026 10:55||NIFTY27JAN2625100PE,0.1106184234614302
08-01-2026 10:55||NIFTY27JAN2625400CE,0.1126801526820527
08-01-2026 10:55||NIFTY27JAN2625600CE,0.1023526771890607
08-01-2026 11:00||NIFTY27JAN2623800PE,0.1568641042243368
08-01-2026 11:00||NIFTY27JAN2623900PE,0.1708590439886463
08-01-2026 11:00||NIFTY27JAN2624000PE,0.1661663115441592
08-01-2026 11:00||NIFTY27JAN2624300PE,0.1494438416636583
08-01-2026 11:00||NIFTY27JAN2624600PE,0.1334276223087749
08-01-2026 11:00||NIFTY27JAN2625000PE,0.115050114120276
08-01-2026 11:00||NIFTY27JAN2625100PE,0.1113307421341608
08-01-2026 11:00||NIFTY27JAN2626200CE,0.0896728862412063
08-01-2026 11:00||NIFTY27JAN2626500CE,0.1186844012425716
08-01-2026 11:05||NIFTY27JAN2623800PE,0.1553371295132284
08-01-2026 11:05||NIFTY27JAN2624200PE,0.155227562979863
08-01-2026 11:05||NIFTY27JAN2624400PE,0.1440368922973259
08-01-2026 11:05||NIFTY27JAN2624800PE,0.1236130013531392
08-01-2026 11:05||NIFTY27JAN2625400CE,0.1147301296589385
08-01-2026 11:05||NIFTY27JAN2626000CE,0.0933363018319933
08-01-2026 11:05||NIFTY27JAN2626200CE,0.0897637730782318
08-01-2026 11:05||NIFTY27JAN2626300CE,0.0885474237543671
08-01-2026 11:10||NIFTY27JAN2624000PE,0.1674747772231959
08-01-2026 11:10||NIFTY27JAN2624200PE,0.1555101906680496
08-01-2026 11:10||NIFTY27JAN2624400PE,0.144765897515122
08-01-2026 11:10||NIFTY27JAN2624600PE,0.1340506130757753
08-01-2026 11:10||NIFTY27JAN2624700PE,0.1291856856995898
08-01-2026 11:10||NIFTY27JAN2625200CE,0.134688297282695
08-01-2026 11:10||NIFTY27JAN2625600CE,0.1036884332473104
08-01-2026 11:10||NIFTY27JAN2625900CE,0.0948129176968637
08-01-2026 11:10||NIFTY27JAN2626000CE,0.0930030881315269
08-01-2026 11:15||NIFTY27JAN2624100PE,0.1619457574838111
08-01-2026 11:15||NIFTY27JAN2624200PE,0.1562713473600755
08-01-2026 11:15||NIFTY27JAN2624900PE,0.1202845602650845
08-01-2026 11:15||NIFTY27JAN2625200CE,0.1361117482452153
08-01-2026 11:15||NIFTY27JAN2626200CE,0.090305204702718
08-01-2026 11:15||NIFTY27JAN2626400CE,0.095226489120393
08-01-2026 11:20||NIFTY27JAN2624300PE,0.1517594727717573
08-01-2026 11:20||NIFTY27JAN2625700CE,0.1004542798600355
08-01-2026 11:20||NIFTY27JAN2626400CE,0.1030125134076788
08-01-2026 11:20||NIFTY27JAN2626500CE,0.1249525036093821
08-01-2026 11:25||NIFTY27JAN2623800PE,0.1580185471200168
08-01-2026 11:25||NIFTY27JAN2624300PE,0.1513896580086091
08-01-2026 11:25||NIFTY27JAN2624400PE,0.145963894748512
08-01-2026 11:25||NIFTY27JAN2624700PE,0.1305849225018849
08-01-2026 11:25||NIFTY27JAN2625400CE,0.1202095378630595
08-01-2026 11:25||NIFTY27JAN2626200CE,0.0926209876339967
08-01-2026 11:30||NIFTY27JAN2623800PE,0.1579960074851442
08-01-2026 11:30||NIFTY27JAN2624100PE,0.1622763874237106
08-01-2026 11:30||NIFTY27JAN2624200PE,0.1568670650746139
08-01-2026 11:30||NIFTY27JAN2625200CE,0.1365955291766819
08-01-2026 11:30||NIFTY27JAN2625400CE,0.1207032350047715
08-01-2026 11:30||NIFTY27JAN2625500CE,0.1136469614091213
08-01-2026 11:30||NIFTY27JAN2625800CE,0.1017909354116282
08-01-2026 11:30||NIFTY27JAN2626000CE,0.0969559888682577
08-01-2026 11:30||NIFTY27JAN2626100CE,0.0951212611031851
08-01-2026 11:35||NIFTY27JAN2623800PE,0.1591817167989838
08-01-2026 11:35||NIFTY27JAN2624100PE,0.1619747513217679
08-01-2026 11:35||NIFTY27JAN2624400PE,0.1449897908947905
08-01-2026 11:35||NIFTY27JAN2624500PE,0.1399522918586593
08-01-2026 11:35||NIFTY27JAN2624700PE,0.129731739875753
08-01-2026 11:35||NIFTY27JAN2624900PE,0.1196164254861859
08-01-2026 11:35||NIFTY27JAN2625200CE,0.1327245845267058
08-01-2026 11:35||NIFTY27JAN2625300CE,0.1256232224470471
08-01-2026 11:35||NIFTY27JAN2626500CE,0.1204535342183451
08-01-2026 11:40||NIFTY27JAN2624100PE,0.1617974189227441
08-01-2026 11:40||NIFTY27JAN2624200PE,0.1563600845118638
08-01-2026 11:40||NIFTY27JAN2624400PE,0.1455959290177599
08-01-2026 11:40||NIFTY27JAN2624900PE,0.1196424594295555
08-01-2026 11:40||NIFTY27JAN2625600CE,0.1080736652806182
08-01-2026 11:40||NIFTY27JAN2625800CE,0.0999040238776777
08-01-2026 11:45||NIFTY27JAN2624200PE,0.1567672425871351
08-01-2026 11:45||NIFTY27JAN2625500CE,0.1108259010577594
08-01-2026 11:45||NIFTY27JAN2625900CE,0.0966865448800569
08-01-2026 11:45||NIFTY27JAN2626100CE,0.0936795635325942
08-01-2026 11:50||NIFTY27JAN2623800PE,0.1596367784404937
08-01-2026 11:50||NIFTY27JAN2625700CE,0.1002949077947568
08-01-2026 11:50||NIFTY27JAN2625800CE,0.0971748256480649
08-01-2026 11:50||NIFTY27JAN2626500CE,0.1203216560937363
08-01-2026 11:55||NIFTY27JAN2624200PE,0.1568167284608937
08-01-2026 11:55||NIFTY27JAN2624700PE,0.1296713652322177
08-01-2026 11:55||NIFTY27JAN2625100PE,0.1120789661576442
08-01-2026 11:55||NIFTY27JAN2625400CE,0.1130368193158435
08-01-2026 11:55||NIFTY27JAN2625600CE,0.1049304814160486
08-01-2026 11:55||NIFTY27JAN2625800CE,0.0972096885103297
08-01-2026 12:00||NIFTY27JAN2624500PE,0.1402830968732648
08-01-2026 12:00||NIFTY27JAN2624700PE,0.1296862523857378
08-01-2026 12:00||NIFTY27JAN2625000PE,0.1156740763950129
08-01-2026 12:00||NIFTY27JAN2625500CE,0.1116000927824081
08-01-2026 12:00||NIFTY27JAN2626300CE,0.0932420587482572
08-01-2026 12:05||NIFTY27JAN2624000PE,0.1696987346671955
08-01-2026 12:05||NIFTY27JAN2624200PE,0.1564681718930357
08-01-2026 12:05||NIFTY27JAN2624500PE,0.1398038666665063
08-01-2026 12:05||NIFTY27JAN2624900PE,0.1203390201239192
08-01-2026 12:05||NIFTY27JAN2625300CE,0.1248396118030958
08-01-2026 12:05||NIFTY27JAN2625800CE,0.1027356025751528
08-01-2026 12:05||NIFTY27JAN2625900CE,0.100651063975498
08-01-2026 12:05||NIFTY27JAN2626400CE,0.094165130561881
08-01-2026 12:10||NIFTY27JAN2624000PE,0.1702651234967611
08-01-2026 12:10||NIFTY27JAN2624400PE,0.1455549347655376
08-01-2026 12:15||NIFTY27JAN2624100PE,0.1655135247094179
08-01-2026 12:15||NIFTY27JAN2624400PE,0.1473944674261423
08-01-2026 12:15||NIFTY27JAN2625200CE,0.1307736139512084
08-01-2026 12:15||NIFTY27JAN2625400CE,0.1199349668527835
08-01-2026 12:15||NIFTY27JAN2625500CE,0.1155143574147599
08-01-2026 12:15||NIFTY27JAN2625700CE,0.1069525555774403
08-01-2026 12:20||NIFTY27JAN2624800PE,0.127404705690579
08-01-2026 12:20||NIFTY27JAN2625800CE,0.1029980639195141
08-01-2026 12:20||NIFTY27JAN2626300CE,0.0946167273910959
08-01-2026 12:25||NIFTY27JAN2624100PE,0.1676195916243306
08-01-2026 12:25||NIFTY27JAN2624400PE,0.1501116263385771
08-01-2026 12:25||NIFTY27JAN2624900PE,0.122955343917263
08-01-2026 12:25||NIFTY27JAN2625700CE,0.1060575560774563
08-01-2026 12:25||NIFTY27JAN2626000CE,0.0992612282517539
08-01-2026 12:30||NIFTY27JAN2624200PE,0.1609747725641133
08-01-2026 12:30||NIFTY27JAN2624300PE,0.1555446100788804
08-01-2026 12:30||NIFTY27JAN2625100PE,0.1141600548976039
08-01-2026 12:30||NIFTY27JAN2625700CE,0.106153757323999
08-01-2026 12:30||NIFTY27JAN2626000CE,0.0992787795914103
08-01-2026 12:35||NIFTY27JAN2624800PE,0.1274247820748343
08-01-2026 12:35||NIFTY27JAN2625000PE,0.1174342069441497
08-01-2026 12:35||NIFTY27JAN2625400CE,0.1210747295711177
08-01-2026 12:35||NIFTY27JAN2625500CE,0.1152120215107848
08-01-2026 12:35||NIFTY27JAN2625800CE,0.1041141524390674
08-01-2026 12:35||NIFTY27JAN2626100CE,0.0975451294494625
08-01-2026 12:35||NIFTY27JAN2626200CE,0.0958159962791503
08-01-2026 12:40||NIFTY27JAN2624100PE,0.1669174647212692
08-01-2026 12:40||NIFTY27JAN2624400PE,0.1501503429867982
08-01-2026 12:40||NIFTY27JAN2624800PE,0.1270883964302789
08-01-2026 12:40||NIFTY27JAN2625000PE,0.1169107542343064
08-01-2026 12:40||NIFTY27JAN2625200CE,0.1350371586112923
08-01-2026 12:40||NIFTY27JAN2626000CE,0.1004353554526998
08-01-2026 12:45||NIFTY27JAN2624400PE,0.1498139823072916
08-01-2026 12:45||NIFTY27JAN2624600PE,0.1373471286420436
08-01-2026 12:45||NIFTY27JAN2625000PE,0.1166108537217615
08-01-2026 12:45||NIFTY27JAN2625300CE,0.1283851020786311
08-01-2026 12:45||NIFTY27JAN2625800CE,0.1055743133880683
08-01-2026 12:45||NIFTY27JAN2626200CE,0.0968258147241463
08-01-2026 12:45||NIFTY27JAN2626300CE,0.0952628172247556
08-01-2026 12:50||NIFTY27JAN2623800PE,0.1599171121732241
08-01-2026 12:50||NIFTY27JAN2624900PE,0.1216540746191118
08-01-2026 12:50||NIFTY27JAN2625600CE,0.1125647641951526
08-01-2026 12:50||NIFTY27JAN2626300CE,0.0957556752384667
08-01-2026 12:50||NIFTY27JAN2626400CE,0.094827530512039
08-01-2026 12:55||NIFTY27JAN2624200PE,0.1597972252103098
08-01-2026 12:55||NIFTY27JAN2624300PE,0.1539035105232442
08-01-2026 12:55||NIFTY27JAN2624400PE,0.1485543160128092
08-01-2026 12:55||NIFTY27JAN2626100CE,0.0997694711210977
08-01-2026 13:00||NIFTY27JAN2624200PE,0.1608117477232967
08-01-2026 13:00||NIFTY27JAN2624500PE,0.1414441861411018
08-01-2026 13:00||NIFTY27JAN2624600PE,0.1351281633120038
08-01-2026 13:00||NIFTY27JAN2624700PE,0.1307098656777721
08-01-2026 13:00||NIFTY27JAN2625000PE,0.1177433005082093
08-01-2026 13:00||NIFTY27JAN2625100PE,0.1136533166618074
08-01-2026 13:00||NIFTY27JAN2625400CE,0.1238117851966086
08-01-2026 13:00||NIFTY27JAN2625800CE,0.1056174293650182
08-01-2026 13:05||NIFTY27JAN2623800PE,0.1605689828747342
08-01-2026 13:05||NIFTY27JAN2624600PE,0.1360480458337106
08-01-2026 13:05||NIFTY27JAN2625700CE,0.1071691352680312
08-01-2026 13:05||NIFTY27JAN2625800CE,0.1042968316330331
08-01-2026 13:05||NIFTY27JAN2626000CE,0.1008264848270402
08-01-2026 13:05||NIFTY27JAN2626100CE,0.0988675825591883
08-01-2026 13:05||NIFTY27JAN2626200CE,0.0975370085384169
08-01-2026 13:05||NIFTY27JAN2626300CE,0.0960923484290863
08-01-2026 13:10||NIFTY27JAN2624100PE,0.1682267234218693
08-01-2026 13:10||NIFTY27JAN2624900PE,0.1213426622138489
08-01-2026 13:10||NIFTY27JAN2625400CE,0.1215714205567789
08-01-2026 13:10||NIFTY27JAN2625700CE,0.1066531225766572
08-01-2026 13:10||NIFTY27JAN2625800CE,0.103926383538619
08-01-2026 13:10||NIFTY27JAN2626100CE,0.0982028671004193
08-01-2026 13:10||NIFTY27JAN2626200CE,0.0968295405039891
08-01-2026 13:15||NIFTY27JAN2624300PE,0.1564797905498796
08-01-2026 13:15||NIFTY27JAN2625000PE,0.1160817195898455
08-01-2026 13:15||NIFTY27JAN2625900CE,0.1011936017319065
08-01-2026 13:15||NIFTY27JAN2626300CE,0.0945948453149192
08-01-2026 13:20||NIFTY27JAN2623800PE,0.1616234291246987
08-01-2026 13:20||NIFTY27JAN2624000PE,0.1739384892087305
08-01-2026 13:20||NIFTY27JAN2624400PE,0.1501790771923403
08-01-2026 13:20||NIFTY27JAN2625000PE,0.1161138124364246
08-01-2026 13:20||NIFTY27JAN2625300CE,0.1258939234392882
08-01-2026 13:20||NIFTY27JAN2625400CE,0.1193823316336973
08-01-2026 13:20||NIFTY27JAN2626200CE,0.0956142301653247
08-01-2026 13:25||NIFTY27JAN2624600PE,0.136311161964668
08-01-2026 13:25||NIFTY27JAN2624900PE,0.120979534709035
08-01-2026 13:25||NIFTY27JAN2625400CE,0.1188841630826997
08-01-2026 13:25||NIFTY27JAN2625500CE,0.1146091642441585
08-01-2026 13:25||NIFTY27JAN2625900CE,0.1012879105594285
08-01-2026 13:25||NIFTY27JAN2626000CE,0.0993151585991698
08-01-2026 13:25||NIFTY27JAN2626100CE,0.0973055437582983
08-01-2026 13:30||NIFTY27JAN2624300PE,0.154691569961388
08-01-2026 13:30||NIFTY27JAN2624400PE,0.1486431375212858
08-01-2026 13:30||NIFTY27JAN2625600CE,0.1093697071851297
08-01-2026 13:30||NIFTY27JAN2625700CE,0.1057215201110034
08-01-2026 13:30||NIFTY27JAN2626100CE,0.0981889294115534
08-01-2026 13:30||NIFTY27JAN2626500CE,0.1257224379644825
08-01-2026 13:35||NIFTY27JAN2624600PE,0.1330668735670801
08-01-2026 13:35||NIFTY27JAN2624700PE,0.1267799463730067
08-01-2026 13:35||NIFTY27JAN2624800PE,0.1224415824770108
08-01-2026 13:35||NIFTY27JAN2624900PE,0.1186743611660106
08-01-2026 13:40||NIFTY27JAN2624100PE,0.1668882799143622
08-01-2026 13:40||NIFTY27JAN2624800PE,0.1224382655929602
08-01-2026 13:40||NIFTY27JAN2624900PE,0.1183419529214551
08-01-2026 13:40||NIFTY27JAN2625300CE,0.1212624302568612
08-01-2026 13:40||NIFTY27JAN2625600CE,0.1106461367676201
08-01-2026 13:40||NIFTY27JAN2625700CE,0.1073859964923481
08-01-2026 13:40||NIFTY27JAN2626000CE,0.1006123751996444
08-01-2026 13:40||NIFTY27JAN2626200CE,0.0967782798058464
08-01-2026 13:40||NIFTY27JAN2626300CE,0.0953222973642933
08-01-2026 13:45||NIFTY27JAN2624600PE,0.1335071413784843
08-01-2026 13:45||NIFTY27JAN2624700PE,0.1277978639498163
08-01-2026 13:45||NIFTY27JAN2625100PE,0.1105599123534239
08-01-2026 13:45||NIFTY27JAN2625600CE,0.1108629067196953
08-01-2026 13:45||NIFTY27JAN2625700CE,0.1076491111885267
08-01-2026 13:50||NIFTY27JAN2624600PE,0.1342487452402479
08-01-2026 13:50||NIFTY27JAN2625500CE,0.1150737048319467
08-01-2026 13:55||NIFTY27JAN2624200PE,0.1609584439737489
08-01-2026 13:55||NIFTY27JAN2624600PE,0.1345456947798251
08-01-2026 13:55||NIFTY27JAN2625000PE,0.1141183237584793
08-01-2026 13:55||NIFTY27JAN2625200CE,0.1189747703021004
08-01-2026 13:55||NIFTY27JAN2625700CE,0.1059441496304445
08-01-2026 14:00||NIFTY27JAN2623800PE,0.1600924760181465
08-01-2026 14:00||NIFTY27JAN2623900PE,0.176799780981418
08-01-2026 14:00||NIFTY27JAN2625300CE,0.1178397998478555
08-01-2026 14:00||NIFTY27JAN2625400CE,0.1156499941434411
08-01-2026 14:00||NIFTY27JAN2625900CE,0.0989020785133766
08-01-2026 14:00||NIFTY27JAN2626000CE,0.0969877194041546
08-01-2026 14:00||NIFTY27JAN2626100CE,0.0954663275443145
08-01-2026 14:00||NIFTY27JAN2626200CE,0.0942036693389317
08-01-2026 14:00||NIFTY27JAN2626300CE,0.0930329392294388
08-01-2026 14:05||NIFTY27JAN2623900PE,0.1767946152752539
08-01-2026 14:05||NIFTY27JAN2624500PE,0.1414994419052535
08-01-2026 14:05||NIFTY27JAN2625300CE,0.117682336223695
08-01-2026 14:05||NIFTY27JAN2626000CE,0.0973490979825076
08-01-2026 14:05||NIFTY27JAN2626200CE,0.0941231360246331
08-01-2026 14:05||NIFTY27JAN2626300CE,0.0928565704761595
08-01-2026 14:05||NIFTY27JAN2626500CE,0.1234020399332371
08-01-2026 14:10||NIFTY27JAN2624800PE,0.1239900645621097
08-01-2026 14:10||NIFTY27JAN2625000PE,0.1137671699998173
08-01-2026 14:10||NIFTY27JAN2625200CE,0.1194612794140513
08-01-2026 14:10||NIFTY27JAN2625300CE,0.119412280905714
08-01-2026 14:10||NIFTY27JAN2625700CE,0.1059992181646588
08-01-2026 14:15||NIFTY27JAN2623800PE,0.1584769568367336
08-01-2026 14:15||NIFTY27JAN2624200PE,0.1585310693113006
08-01-2026 14:15||NIFTY27JAN2624300PE,0.1527139686855111
08-01-2026 14:15||NIFTY27JAN2625000PE,0.1133703575631667
08-01-2026 14:15||NIFTY27JAN2625200CE,0.125301679984548
08-01-2026 14:15||NIFTY27JAN2625600CE,0.1104470227045217
08-01-2026 14:15||NIFTY27JAN2626100CE,0.0958196238829746
08-01-2026 14:15||NIFTY27JAN2626400CE,0.0927870383868506
08-01-2026 14:20||NIFTY27JAN2624500PE,0.140521840868012
08-01-2026 14:20||NIFTY27JAN2625000PE,0.1132142209968137
08-01-2026 14:20||NIFTY27JAN2625700CE,0.1054573522286707
08-01-2026 14:20||NIFTY27JAN2626400CE,0.0942404920787672
08-01-2026 14:25||NIFTY27JAN2624600PE,0.134077042185939
08-01-2026 14:25||NIFTY27JAN2624800PE,0.1230624718128983
08-01-2026 14:25||NIFTY27JAN2625200CE,0.1327247396552944
08-01-2026 14:25||NIFTY27JAN2625600CE,0.1109357477334796
08-01-2026 14:25||NIFTY27JAN2625900CE,0.100251406969126
08-01-2026 14:25||NIFTY27JAN2626000CE,0.0981333537076417
08-01-2026 14:30||NIFTY27JAN2624500PE,0.1401361446601319
08-01-2026 14:30||NIFTY27JAN2626200CE,0.0941900410112914
08-01-2026 14:30||NIFTY27JAN2626400CE,0.1040513340506914
08-01-2026 14:30||NIFTY27JAN2626500CE,0.1260484776339951
08-01-2026 14:35||NIFTY27JAN2624200PE,0.1585078566747111
08-01-2026 14:35||NIFTY27JAN2624800PE,0.1226361491391735
08-01-2026 14:35||NIFTY27JAN2625100PE,0.1085256947000053
08-01-2026 14:35||NIFTY27JAN2626100CE,0.0961748844031165
08-01-2026 14:40||NIFTY27JAN2624200PE,0.1581038086787822
08-01-2026 14:40||NIFTY27JAN2624600PE,0.1338124241806601
08-01-2026 14:40||NIFTY27JAN2625000PE,0.1126219042263271
08-01-2026 14:40||NIFTY27JAN2625300CE,0.1193214419556539
08-01-2026 14:40||NIFTY27JAN2625400CE,0.117350867814966
08-01-2026 14:40||NIFTY27JAN2625500CE,0.1143583337644222
08-01-2026 14:40||NIFTY27JAN2626200CE,0.0929202604207921
08-01-2026 14:40||NIFTY27JAN2626300CE,0.0923176867755997
08-01-2026 14:45||NIFTY27JAN2624000PE,0.1699236419891216
08-01-2026 14:45||NIFTY27JAN2624700PE,0.1278879966276135
08-01-2026 14:45||NIFTY27JAN2625000PE,0.1126094358112522
08-01-2026 14:45||NIFTY27JAN2625300CE,0.1187101739359977
08-01-2026 14:45||NIFTY27JAN2625700CE,0.1035536485262469
08-01-2026 14:50||NIFTY27JAN2624100PE,0.1639094738785643
08-01-2026 14:50||NIFTY27JAN2624300PE,0.1521340785571122
08-01-2026 14:50||NIFTY27JAN2625100PE,0.1088505964923784
08-01-2026 14:50||NIFTY27JAN2625400CE,0.1144014380928303
08-01-2026 14:50||NIFTY27JAN2625500CE,0.110018842342357
08-01-2026 14:50||NIFTY27JAN2626000CE,0.0948867184344228
08-01-2026 14:50||NIFTY27JAN2626200CE,0.091545361500258
08-01-2026 14:55||NIFTY27JAN2626300CE,0.090272108727917
08-01-2026 15:00||NIFTY27JAN2623900PE,0.1719660747453727
08-01-2026 15:00||NIFTY27JAN2624000PE,0.1667994561160289
08-01-2026 15:00||NIFTY27JAN2624900PE,0.1160745869728192
08-01-2026 15:00||NIFTY27JAN2625100PE,0.1082986474328921
08-01-2026 15:00||NIFTY27JAN2625200CE,0.1289467179831948
08-01-2026 15:00||NIFTY27JAN2625600CE,0.1050099007822411
08-01-2026 15:00||NIFTY27JAN2625700CE,0.101787682968232
08-01-2026 15:00||NIFTY27JAN2626300CE,0.0905266346137211
08-01-2026 15:00||NIFTY27JAN2626400CE,0.09105762700428
08-01-2026 15:05||NIFTY27JAN2624400PE,0.1431993711627614
08-01-2026 15:05||NIFTY27JAN2624800PE,0.1196592056092637
08-01-2026 15:05||NIFTY27JAN2624900PE,0.1148632089203776
08-01-2026 15:05||NIFTY27JAN2626000CE,0.094485871492063
08-01-2026 15:05||NIFTY27JAN2626100CE,0.0925791931916626
08-01-2026 15:05||NIFTY27JAN2626200CE,0.0919315387053955
08-01-2026 15:10||NIFTY27JAN2624000PE,0.1657465968084248
08-01-2026 15:10||NIFTY27JAN2624200PE,0.1543508529884737
08-01-2026 15:10||NIFTY27JAN2624600PE,0.1303971997969249
08-01-2026 15:10||NIFTY27JAN2625100PE,0.1076738508746005
08-01-2026 15:10||NIFTY27JAN2625700CE,0.1031679989260098
08-01-2026 15:10||NIFTY27JAN2626100CE,0.0936908164818156
08-01-2026 15:10||NIFTY27JAN2626300CE,0.0927517156599358
08-01-2026 15:10||NIFTY27JAN2626500CE,0.124431930029463
08-01-2026 15:15||NIFTY27JAN2624800PE,0.1196829392161344
08-01-2026 15:15||NIFTY27JAN2625100PE,0.1077784083421218
08-01-2026 15:15||NIFTY27JAN2625500CE,0.109488549771203
08-01-2026 15:15||NIFTY27JAN2626100CE,0.0946597034111343
08-01-2026 15:20||NIFTY27JAN2624000PE,0.1663636427882005
08-01-2026 15:20||NIFTY27JAN2624500PE,0.136672865371233
08-01-2026 15:20||NIFTY27JAN2624800PE,0.1203405207885923
08-01-2026 15:20||NIFTY27JAN2625000PE,0.1111045339129221
08-01-2026 15:20||NIFTY27JAN2625600CE,0.1039750908699313
08-01-2026 15:20||NIFTY27JAN2626100CE,0.0953118740915933
08-01-2026 15:20||NIFTY27JAN2626400CE,0.1039581222321294
08-01-2026 15:20||NIFTY27JAN2626500CE,0.1266599859250852
08-01-2026 15:25||NIFTY27JAN2623800PE,0.1559715973528395
08-01-2026 15:25||NIFTY27JAN2624100PE,0.1601852409823703
08-01-2026 15:25||NIFTY27JAN2624300PE,0.1493680944431103
08-01-2026 15:25||NIFTY27JAN2624600PE,0.1312729389518057
08-01-2026 15:25||NIFTY27JAN2625100PE,0.1083641719948961
08-01-2026 15:25||NIFTY27JAN2625800CE,0.0961180765564032
08-01-2026 15:25||NIFTY27JAN2626100CE,0.0945963700905331
09-01-2026 09:15||NIFTY27JAN2624400PE,0.1445299872663032
09-01-2026 09:15||NIFTY27JAN2625000PE,0.1119901724540411
09-01-2026 09:15||NIFTY27JAN2625400CE,0.1093642630850101
09-01-2026 09:15||NIFTY27JAN2625500CE,0.1041644198896964
09-01-2026 09:15||NIFTY27JAN2625800CE,0.0963675504665894
09-01-2026 09:15||NIFTY27JAN2626300CE,0.0906908387752619
09-01-2026 09:20||NIFTY27JAN2624100PE,0.1596553897870097
09-01-2026 09:20||NIFTY27JAN2624200PE,0.1542018772299318
09-01-2026 09:20||NIFTY27JAN2624800PE,0.1221218634881017
09-01-2026 09:20||NIFTY27JAN2625000PE,0.1125960866410297
09-01-2026 09:20||NIFTY27JAN2625300CE,0.1187293799973156
09-01-2026 09:25||NIFTY27JAN2624100PE,0.1593878994132616
09-01-2026 09:25||NIFTY27JAN2625000PE,0.1118807484829055
09-01-2026 09:25||NIFTY27JAN2625400CE,0.1106958772743568
09-01-2026 09:25||NIFTY27JAN2626100CE,0.0908232846170895
09-01-2026 09:30||NIFTY27JAN2624300PE,0.147838142115165
09-01-2026 09:30||NIFTY27JAN2624500PE,0.1353123195845865
09-01-2026 09:30||NIFTY27JAN2624600PE,0.1297281416064591
09-01-2026 09:30||NIFTY27JAN2625300CE,0.1226290071622638
09-01-2026 09:30||NIFTY27JAN2625400CE,0.1159894257706544
09-01-2026 09:30||NIFTY27JAN2626100CE,0.0929152606526004
09-01-2026 09:30||NIFTY27JAN2626400CE,0.0912351090564909
09-01-2026 09:35||NIFTY27JAN2624800PE,0.1186588363669534
09-01-2026 09:35||NIFTY27JAN2626000CE,0.0995540848099122
09-01-2026 09:35||NIFTY27JAN2626200CE,0.0959936350812471
09-01-2026 09:40||NIFTY27JAN2625500CE,0.1234582209592249
09-01-2026 09:40||NIFTY27JAN2625600CE,0.1168044577801604
09-01-2026 09:40||NIFTY27JAN2625700CE,0.1136801637378829
09-01-2026 09:40||NIFTY27JAN2625900CE,0.1061281556386602
09-01-2026 09:45||NIFTY27JAN2624000PE,0.1641181414125778
09-01-2026 09:45||NIFTY27JAN2624300PE,0.1457337061234168
09-01-2026 09:45||NIFTY27JAN2624400PE,0.1396965511477875
09-01-2026 09:45||NIFTY27JAN2624700PE,0.122091814505486
09-01-2026 09:45||NIFTY27JAN2624900PE,0.1121201647869203
09-01-2026 09:45||NIFTY27JAN2625600CE,0.1190721522210607
09-01-2026 09:45||NIFTY27JAN2625900CE,0.1063353471955691
09-01-2026 09:50||NIFTY27JAN2624100PE,0.1590962883146388
09-01-2026 09:50||NIFTY27JAN2624400PE,0.140770322511658
09-01-2026 09:50||NIFTY27JAN2624600PE,0.1285796836479069
09-01-2026 09:50||NIFTY27JAN2624700PE,0.1226623554045312
09-01-2026 09:50||NIFTY27JAN2624900PE,0.1127986940071533
09-01-2026 09:50||NIFTY27JAN2625300CE,0.1348659860202672
09-01-2026 09:50||NIFTY27JAN2625600CE,0.1176239226102023
09-01-2026 09:50||NIFTY27JAN2626000CE,0.1013845483349149
09-01-2026 09:50||NIFTY27JAN2626100CE,0.0990383579182347
09-01-2026 09:50||NIFTY27JAN2626400CE,0.0940591972258386
09-01-2026 09:55||NIFTY27JAN2623800PE,0.1545276338999439
09-01-2026 09:55||NIFTY27JAN2624800PE,0.1180909499661505
09-01-2026 09:55||NIFTY27JAN2624900PE,0.1133970539600287
09-01-2026 09:55||NIFTY27JAN2625000PE,0.1099774760050175
09-01-2026 09:55||NIFTY27JAN2625200CE,0.1353890604395178
09-01-2026 10:00||NIFTY27JAN2624100PE,0.1601373860736019
09-01-2026 10:00||NIFTY27JAN2624300PE,0.1484351860162823
09-01-2026 10:00||NIFTY27JAN2625100PE,0.107468806289368
09-01-2026 10:00||NIFTY27JAN2625500CE,0.1174202306279535
09-01-2026 10:00||NIFTY27JAN2626100CE,0.0954236840400048
09-01-2026 10:05||NIFTY27JAN2624500PE,0.1365713120448753
09-01-2026 10:05||NIFTY27JAN2624800PE,0.1199325137264222
09-01-2026 10:05||NIFTY27JAN2625600CE,0.1106061911112321
09-01-2026 10:05||NIFTY27JAN2626100CE,0.0953364605297363
09-01-2026 10:10||NIFTY27JAN2624400PE,0.1420741279825884
09-01-2026 10:10||NIFTY27JAN2626300CE,0.0925564362494359
09-01-2026 10:10||NIFTY27JAN2626400CE,0.0916064815562199
09-01-2026 10:15||NIFTY27JAN2625100PE,0.1068692855677355
09-01-2026 10:15||NIFTY27JAN2625600CE,0.1119426553876266
09-01-2026 10:15||NIFTY27JAN2626200CE,0.0935502636242163
09-01-2026 10:15||NIFTY27JAN2626300CE,0.0926665479229899
09-01-2026 10:20||NIFTY27JAN2623900PE,0.1718690127360055
09-01-2026 10:20||NIFTY27JAN2624000PE,0.1662277536426847
09-01-2026 10:20||NIFTY27JAN2625200CE,0.1421118090313867
09-01-2026 10:20||NIFTY27JAN2625700CE,0.1083620586691678
09-01-2026 10:25||NIFTY27JAN2624200PE,0.1543157771865105
09-01-2026 10:25||NIFTY27JAN2625000PE,0.1099575348300639
09-01-2026 10:25||NIFTY27JAN2625600CE,0.1126599782967365
09-01-2026 10:25||NIFTY27JAN2626200CE,0.0935933658703842
09-01-2026 10:25||NIFTY27JAN2626500CE,0.1218689803820449
09-01-2026 10:30||NIFTY27JAN2624300PE,0.1480716070486915
09-01-2026 10:30||NIFTY27JAN2624900PE,0.1148167489473462
09-01-2026 10:35||NIFTY27JAN2624300PE,0.1479254213820678
09-01-2026 10:35||NIFTY27JAN2624800PE,0.1194929407656295
09-01-2026 10:35||NIFTY27JAN2626300CE,0.0931014752037949
09-01-2026 10:40||NIFTY27JAN2624000PE,0.1663117806178193
09-01-2026 10:40||NIFTY27JAN2624700PE,0.1244590676674448
09-01-2026 10:40||NIFTY27JAN2625000PE,0.1097195322669134
09-01-2026 10:40||NIFTY27JAN2625500CE,0.1117929596698308
09-01-2026 10:40||NIFTY27JAN2626000CE,0.095349007791231
09-01-2026 10:40||NIFTY27JAN2626100CE,0.0936819712058212
09-01-2026 10:40||NIFTY27JAN2626400CE,0.1066401686881392
09-01-2026 10:40||NIFTY27JAN2626500CE,0.1287300691754841
09-01-2026 10:45||NIFTY27JAN2624400PE,0.1417523673958064
09-01-2026 10:45||NIFTY27JAN2625000PE,0.1095858647198609
09-01-2026 10:45||NIFTY27JAN2625200CE,0.1307065948557212
09-01-2026 10:45||NIFTY27JAN2625400CE,0.1159842382328194
09-01-2026 10:45||NIFTY27JAN2625500CE,0.1098844272738699
09-01-2026 10:45||NIFTY27JAN2626300CE,0.0950613613949162
09-01-2026 10:50||NIFTY27JAN2624100PE,0.1595829906143315
09-01-2026 10:50||NIFTY27JAN2625800CE,0.0981712419858422
09-01-2026 10:50||NIFTY27JAN2625900CE,0.095864347383985
09-01-2026 10:50||NIFTY27JAN2626000CE,0.0939987927718446
09-01-2026 10:50||NIFTY27JAN2626400CE,0.1068141018853605
09-01-2026 10:50||NIFTY27JAN2626500CE,0.1288534174431133
09-01-2026 10:55||NIFTY27JAN2623800PE,0.155210903661875
09-01-2026 10:55||NIFTY27JAN2624700PE,0.1233836501094623
09-01-2026 10:55||NIFTY27JAN2624900PE,0.1131689389390492
09-01-2026 10:55||NIFTY27JAN2626300CE,0.0928515024265223
09-01-2026 11:00||NIFTY27JAN2624900PE,0.1121571791652122
09-01-2026 11:00||NIFTY27JAN2625000PE,0.1081163011306705
09-01-2026 11:00||NIFTY27JAN2625200CE,0.1296910730678087
09-01-2026 11:00||NIFTY27JAN2625700CE,0.1012245620558132
09-01-2026 11:00||NIFTY27JAN2625800CE,0.0985230338750615
09-01-2026 11:05||NIFTY27JAN2624000PE,0.1631346573585698
09-01-2026 11:05||NIFTY27JAN2624400PE,0.1391645117267955
09-01-2026 11:05||NIFTY27JAN2625100PE,0.1053947148857527
09-01-2026 11:05||NIFTY27JAN2625300CE,0.1244957487684198
09-01-2026 11:05||NIFTY27JAN2625500CE,0.1099563407682528
09-01-2026 11:05||NIFTY27JAN2625700CE,0.1015240878570962
09-01-2026 11:10||NIFTY27JAN2623900PE,0.1684957439137613
09-01-2026 11:10||NIFTY27JAN2624700PE,0.1221818134023717
09-01-2026 11:10||NIFTY27JAN2625100PE,0.1053823194224508
09-01-2026 11:10||NIFTY27JAN2625200CE,0.1269739999999999
09-01-2026 11:10||NIFTY27JAN2625500CE,0.1086363853597305
09-01-2026 11:10||NIFTY27JAN2625800CE,0.0980062403800417
09-01-2026 11:15||NIFTY27JAN2624200PE,0.1513116453198328
09-01-2026 11:15||NIFTY27JAN2624600PE,0.127173068914381
09-01-2026 11:15||NIFTY27JAN2625700CE,0.1009800866425585
09-01-2026 11:15||NIFTY27JAN2626400CE,0.0912698531370488
09-01-2026 11:20||NIFTY27JAN2625200CE,0.1273153389438995
09-01-2026 11:20||NIFTY27JAN2625500CE,0.1100742185978423
09-01-2026 11:25||NIFTY27JAN2624600PE,0.1260707744241213
09-01-2026 11:25||NIFTY27JAN2625100PE,0.1044496501074529
09-01-2026 11:25||NIFTY27JAN2625600CE,0.1058581549238428
09-01-2026 11:30||NIFTY27JAN2624000PE,0.1618685261316682
09-01-2026 11:30||NIFTY27JAN2624100PE,0.1559111366537449
09-01-2026 11:30||NIFTY27JAN2624500PE,0.1316495009039035
09-01-2026 11:30||NIFTY27JAN2624600PE,0.1255741483726331
09-01-2026 11:30||NIFTY27JAN2624900PE,0.1116806510549583
09-01-2026 11:30||NIFTY27JAN2625000PE,0.1075156024749346
09-01-2026 11:30||NIFTY27JAN2625300CE,0.1201120360886486
09-01-2026 11:30||NIFTY27JAN2626200CE,0.0923045318752142
09-01-2026 11:35||NIFTY27JAN2624100PE,0.1561008549611175
09-01-2026 11:35||NIFTY27JAN2624600PE,0.1256383657531208
09-01-2026 11:35||NIFTY27JAN2625200CE,0.1236562744661054
09-01-2026 11:35||NIFTY27JAN2625300CE,0.1181591664839665
09-01-2026 11:35||NIFTY27JAN2625700CE,0.0996365171798354
09-01-2026 11:35||NIFTY27JAN2625800CE,0.0966648023301798
09-01-2026 11:40||NIFTY27JAN2624600PE,0.1256549198502492
09-01-2026 11:40||NIFTY27JAN2624700PE,0.1211550192035509
09-01-2026 11:40||NIFTY27JAN2625000PE,0.1081293567415344
09-01-2026 11:40||NIFTY27JAN2625300CE,0.1173110864336595
09-01-2026 11:40||NIFTY27JAN2625800CE,0.0971641555741597
09-01-2026 11:40||NIFTY27JAN2625900CE,0.0958671324046852
09-01-2026 11:45||NIFTY27JAN2625900CE,0.0967109213740141
09-01-2026 11:45||NIFTY27JAN2626000CE,0.0950594527823931
09-01-2026 11:45||NIFTY27JAN2626200CE,0.0934022505117231
09-01-2026 11:45||NIFTY27JAN2626500CE,0.125471403760811
09-01-2026 11:50||NIFTY27JAN2625000PE,0.1080652095011763
09-01-2026 11:50||NIFTY27JAN2625200CE,0.1231117429941837
09-01-2026 11:50||NIFTY27JAN2625400CE,0.1130886581259115
09-01-2026 11:50||NIFTY27JAN2625500CE,0.1089789326931781
09-01-2026 11:50||NIFTY27JAN2626000CE,0.0958399563616897
09-01-2026 11:50||NIFTY27JAN2626500CE,0.1257848164073615
09-01-2026 11:55||NIFTY27JAN2624200PE,0.1495281736702315
09-01-2026 11:55||NIFTY27JAN2624300PE,0.1427945654019209
09-01-2026 11:55||NIFTY27JAN2624500PE,0.131896229045912
09-01-2026 11:55||NIFTY27JAN2624900PE,0.1120162502682816
09-01-2026 11:55||NIFTY27JAN2625400CE,0.1146149837136071
09-01-2026 11:55||NIFTY27JAN2625600CE,0.1063119489635171
09-01-2026 11:55||NIFTY27JAN2625800CE,0.1004346588088684
09-01-2026 11:55||NIFTY27JAN2626300CE,0.0937796810739289
09-01-2026 12:00||NIFTY27JAN2623800PE,0.1553379104126393
09-01-2026 12:00||NIFTY27JAN2624400PE,0.1375818398888657
09-01-2026 12:00||NIFTY27JAN2624800PE,0.1163331710066633
09-01-2026 12:00||NIFTY27JAN2625600CE,0.107013347123953
09-01-2026 12:00||NIFTY27JAN2625800CE,0.1006678986200216
09-01-2026 12:00||NIFTY27JAN2626300CE,0.0939940650123499
09-01-2026 12:05||NIFTY27JAN2624600PE,0.1265254236411488
09-01-2026 12:05||NIFTY27JAN2625500CE,0.110388166615771
09-01-2026 12:05||NIFTY27JAN2626000CE,0.0960365561159155
09-01-2026 12:05||NIFTY27JAN2626500CE,0.1252080796093845
09-01-2026 12:10||NIFTY27JAN2624200PE,0.1486034824817614
09-01-2026 12:10||NIFTY27JAN2624300PE,0.1428307537833075
09-01-2026 12:10||NIFTY27JAN2625500CE,0.1087557815757263
09-01-2026 12:10||NIFTY27JAN2625900CE,0.0965166701022424
09-01-2026 12:10||NIFTY27JAN2626300CE,0.1011882230931753
09-01-2026 12:15||NIFTY27JAN2623800PE,0.1570892069784088
09-01-2026 12:15||NIFTY27JAN2624100PE,0.1542084830454096
09-01-2026 12:15||NIFTY27JAN2624200PE,0.1473757807528103
09-01-2026 12:15||NIFTY27JAN2624300PE,0.1423184004024144
09-01-2026 12:15||NIFTY27JAN2625400CE,0.1095862717341093
09-01-2026 12:15||NIFTY27JAN2625500CE,0.1065270467110627
09-01-2026 12:15||NIFTY27JAN2625800CE,0.0975037027284791
09-01-2026 12:15||NIFTY27JAN2625900CE,0.0956730939774278
09-01-2026 12:15||NIFTY27JAN2626200CE,0.1047376159873659
09-01-2026 12:15||NIFTY27JAN2626300CE,0.1085430828778532
09-01-2026 12:15||NIFTY27JAN2626400CE,0.1100293259470736
09-01-2026 12:15||NIFTY27JAN2626500CE,0.1274326202163137
09-01-2026 12:20||NIFTY27JAN2624000PE,0.1617589113119594
09-01-2026 12:20||NIFTY27JAN2624700PE,0.1200241608040722
09-01-2026 12:20||NIFTY27JAN2624800PE,0.1158278326895294
09-01-2026 12:20||NIFTY27JAN2625000PE,0.1072559658869228
09-01-2026 12:25||NIFTY27JAN2624200PE,0.1489195182363373
09-01-2026 12:25||NIFTY27JAN2624400PE,0.1373949900576029
09-01-2026 12:25||NIFTY27JAN2624600PE,0.125698192525658
09-01-2026 12:25||NIFTY27JAN2625000PE,0.1076020067964198
09-01-2026 12:30||NIFTY27JAN2623800PE,0.152062598170597
09-01-2026 12:30||NIFTY27JAN2624400PE,0.1377500121443741
09-01-2026 12:30||NIFTY27JAN2624900PE,0.1124316227383717
09-01-2026 12:30||NIFTY27JAN2626400CE,0.0950675258931799
09-01-2026 12:35||NIFTY27JAN2624100PE,0.1558263404054224
09-01-2026 12:35||NIFTY27JAN2624300PE,0.1442635223679838
09-01-2026 12:35||NIFTY27JAN2624700PE,0.1220139095538932
09-01-2026 12:35||NIFTY27JAN2624900PE,0.1135100823482707
09-01-2026 12:35||NIFTY27JAN2625700CE,0.098752284241863
09-01-2026 12:35||NIFTY27JAN2626400CE,0.0963841769230168
09-01-2026 12:40||NIFTY27JAN2624100PE,0.1551798222572245
09-01-2026 12:40||NIFTY27JAN2625800CE,0.0981118823475094
09-01-2026 12:40||NIFTY27JAN2626100CE,0.0951882148618372
09-01-2026 12:45||NIFTY27JAN2623900PE,0.169419242402428
09-01-2026 12:45||NIFTY27JAN2624100PE,0.1543600191531177
09-01-2026 12:45||NIFTY27JAN2624200PE,0.1489505462460402
09-01-2026 12:45||NIFTY27JAN2625100PE,0.1056003939896233
09-01-2026 12:45||NIFTY27JAN2625300CE,0.111584631840284
09-01-2026 12:45||NIFTY27JAN2625800CE,0.098782940762219
09-01-2026 12:45||NIFTY27JAN2625900CE,0.0976714978526449
09-01-2026 12:45||NIFTY27JAN2626000CE,0.096704703297566
09-01-2026 12:45||NIFTY27JAN2626400CE,0.0986844734592592
09-01-2026 12:50||NIFTY27JAN2623800PE,0.1548419526180051
09-01-2026 12:50||NIFTY27JAN2624100PE,0.1546250898540634
09-01-2026 12:50||NIFTY27JAN2625300CE,0.1142930249396802
09-01-2026 12:50||NIFTY27JAN2625500CE,0.1066032421657294
09-01-2026 12:50||NIFTY27JAN2626200CE,0.0966908066226791
09-01-2026 12:55||NIFTY27JAN2624100PE,0.1554245426569147
09-01-2026 12:55||NIFTY27JAN2624500PE,0.1316404090752574
09-01-2026 12:55||NIFTY27JAN2624800PE,0.1159264128114736
09-01-2026 12:55||NIFTY27JAN2625600CE,0.1047219033998625
09-01-2026 12:55||NIFTY27JAN2625700CE,0.1022377527350065
09-01-2026 13:00||NIFTY27JAN2624200PE,0.1496010515520423
09-01-2026 13:00||NIFTY27JAN2624900PE,0.111915911584996
09-01-2026 13:00||NIFTY27JAN2625200CE,0.1197675942306298
09-01-2026 13:00||NIFTY27JAN2625600CE,0.1052648331176633
09-01-2026 13:00||NIFTY27JAN2625800CE,0.1002732739057443
09-01-2026 13:00||NIFTY27JAN2626400CE,0.1042434435822979
09-01-2026 13:05||NIFTY27JAN2623900PE,0.1694621076517695
09-01-2026 13:05||NIFTY27JAN2624100PE,0.156069764854712
09-01-2026 13:05||NIFTY27JAN2624300PE,0.1429346781335867
09-01-2026 13:05||NIFTY27JAN2624400PE,0.1373813610798916
09-01-2026 13:05||NIFTY27JAN2624700PE,0.1197285089789375
09-01-2026 13:05||NIFTY27JAN2624800PE,0.1148698315720011
09-01-2026 13:05||NIFTY27JAN2624900PE,0.1113905437305501
09-01-2026 13:05||NIFTY27JAN2625000PE,0.1081690406594368
09-01-2026 13:05||NIFTY27JAN2626000CE,0.0975372620018978
09-01-2026 13:05||NIFTY27JAN2626400CE,0.1099884884548245
09-01-2026 13:05||NIFTY27JAN2626500CE,0.1298243173756035
09-01-2026 13:10||NIFTY27JAN2624000PE,0.1620908268167326
09-01-2026 13:10||NIFTY27JAN2624100PE,0.1557692216287662
09-01-2026 13:10||NIFTY27JAN2624300PE,0.1434713214859294
09-01-2026 13:10||NIFTY27JAN2625200CE,0.1203866874999999
09-01-2026 13:10||NIFTY27JAN2625900CE,0.0987504735351099
09-01-2026 13:10||NIFTY27JAN2626100CE,0.0969831320445906
09-01-2026 13:10||NIFTY27JAN2626400CE,0.104401648958546
09-01-2026 13:15||NIFTY27JAN2624100PE,0.1561246528115289
09-01-2026 13:15||NIFTY27JAN2624400PE,0.1380773833526825
09-01-2026 13:15||NIFTY27JAN2625000PE,0.1080872744126295
09-01-2026 13:15||NIFTY27JAN2625300CE,0.1161037679045741
09-01-2026 13:15||NIFTY27JAN2625700CE,0.102222963691847
09-01-2026 13:15||NIFTY27JAN2625800CE,0.0998511835287811
09-01-2026 13:15||NIFTY27JAN2625900CE,0.0985906459815641
09-01-2026 13:15||NIFTY27JAN2626100CE,0.0969652486874122
09-01-2026 13:15||NIFTY27JAN2626200CE,0.0968838766369387
09-01-2026 13:20||NIFTY27JAN2624100PE,0.1565726967747451
09-01-2026 13:20||NIFTY27JAN2625000PE,0.1084577430171637
09-01-2026 13:20||NIFTY27JAN2625200CE,0.1201701208230122
09-01-2026 13:20||NIFTY27JAN2625600CE,0.104613590215364
09-01-2026 13:25||NIFTY27JAN2624500PE,0.1329413178700883
09-01-2026 13:25||NIFTY27JAN2625100PE,0.106447076697002
09-01-2026 13:25||NIFTY27JAN2625300CE,0.1138937165020742
09-01-2026 13:25||NIFTY27JAN2626200CE,0.0962767064000327
09-01-2026 13:30||NIFTY27JAN2624300PE,0.1451650267501011
09-01-2026 13:30||NIFTY27JAN2624900PE,0.1131321071607186
09-01-2026 13:30||NIFTY27JAN2625900CE,0.0973919256220785
09-01-2026 13:30||NIFTY27JAN2626400CE,0.0993645278732172
09-01-2026 13:35||NIFTY27JAN2623900PE,0.168863310116611
09-01-2026 13:35||NIFTY27JAN2624100PE,0.1565176941482863
09-01-2026 13:35||NIFTY27JAN2624400PE,0.1384708777018863
09-01-2026 13:35||NIFTY27JAN2624600PE,0.1270377911077129
09-01-2026 13:35||NIFTY27JAN2625100PE,0.1068763262130577
09-01-2026 13:35||NIFTY27JAN2625300CE,0.1111978792689099
09-01-2026 13:35||NIFTY27JAN2625400CE,0.1074309859463592
09-01-2026 13:35||NIFTY27JAN2625900CE,0.097346669879268
09-01-2026 13:35||NIFTY27JAN2626100CE,0.095732750514922
09-01-2026 13:40||NIFTY27JAN2624500PE,0.1322414233476162
09-01-2026 13:40||NIFTY27JAN2624800PE,0.1171080993040522
09-01-2026 13:40||NIFTY27JAN2625100PE,0.1065345383040125
09-01-2026 13:40||NIFTY27JAN2625300CE,0.1096972347393201
09-01-2026 13:40||NIFTY27JAN2625500CE,0.1053423670479559
09-01-2026 13:40||NIFTY27JAN2626500CE,0.1257198238999163
09-01-2026 13:45||NIFTY27JAN2623900PE,0.1672485406565635
09-01-2026 13:45||NIFTY27JAN2624100PE,0.1555029415046942
09-01-2026 13:45||NIFTY27JAN2624300PE,0.143517518504893
09-01-2026 13:45||NIFTY27JAN2624400PE,0.1374839549517765
09-01-2026 13:45||NIFTY27JAN2625200CE,0.1133342046638061
09-01-2026 13:45||NIFTY27JAN2626000CE,0.0961853166488067
09-01-2026 13:50||NIFTY27JAN2623800PE,0.153628238909409
09-01-2026 13:50||NIFTY27JAN2624600PE,0.1252578961289011
09-01-2026 13:50||NIFTY27JAN2624700PE,0.1203728106374981
09-01-2026 13:50||NIFTY27JAN2625400CE,0.109709181942085
09-01-2026 13:50||NIFTY27JAN2625800CE,0.0999705795078693
09-01-2026 13:50||NIFTY27JAN2626100CE,0.0968389222836295
09-01-2026 13:55||NIFTY27JAN2624000PE,0.1612712624588239
09-01-2026 13:55||NIFTY27JAN2625400CE,0.1108525148042291
09-01-2026 13:55||NIFTY27JAN2625500CE,0.1078325138949661
09-01-2026 13:55||NIFTY27JAN2626400CE,0.0996554346269375
09-01-2026 14:00||NIFTY27JAN2624200PE,0.1471543371163647
09-01-2026 14:00||NIFTY27JAN2624300PE,0.1405678846627411
09-01-2026 14:00||NIFTY27JAN2624400PE,0.136226462909456
09-01-2026 14:00||NIFTY27JAN2625500CE,0.1071918017708161
09-01-2026 14:00||NIFTY27JAN2625800CE,0.100543697857316
09-01-2026 14:00||NIFTY27JAN2626000CE,0.0980553408388471
09-01-2026 14:05||NIFTY27JAN2624100PE,0.1554532888747065
09-01-2026 14:05||NIFTY27JAN2624300PE,0.1408052816366008
09-01-2026 14:05||NIFTY27JAN2624400PE,0.1361616652789334
09-01-2026 14:05||NIFTY27JAN2625200CE,0.1182494221865145
09-01-2026 14:05||NIFTY27JAN2625400CE,0.110058034450508
09-01-2026 14:10||NIFTY27JAN2624300PE,0.1415722574725462
09-01-2026 14:10||NIFTY27JAN2624700PE,0.1217327617148089
09-01-2026 14:10||NIFTY27JAN2625300CE,0.1129632634242911
09-01-2026 14:10||NIFTY27JAN2626300CE,0.1090985752280051
09-01-2026 14:10||NIFTY27JAN2626400CE,0.1140989755110814
09-01-2026 14:10||NIFTY27JAN2626500CE,0.1296424315324739
09-01-2026 14:15||NIFTY27JAN2625500CE,0.1051437808405093
09-01-2026 14:20||NIFTY27JAN2624100PE,0.1545292406921043
09-01-2026 14:20||NIFTY27JAN2624300PE,0.1415720128829186
09-01-2026 14:20||NIFTY27JAN2624400PE,0.1369445988786844
09-01-2026 14:20||NIFTY27JAN2625000PE,0.1089920470371202
09-01-2026 14:20||NIFTY27JAN2625200CE,0.1144832714292538
09-01-2026 14:20||NIFTY27JAN2625400CE,0.1082775672491546
09-01-2026 14:20||NIFTY27JAN2625900CE,0.0972662093220573
09-01-2026 14:25||NIFTY27JAN2624100PE,0.1531633285110161
09-01-2026 14:25||NIFTY27JAN2624200PE,0.1463757180297327
09-01-2026 14:25||NIFTY27JAN2624300PE,0.1413362476702335
09-01-2026 14:25||NIFTY27JAN2625100PE,0.1054544847660661
09-01-2026 14:25||NIFTY27JAN2625300CE,0.1135120492659167
09-01-2026 14:25||NIFTY27JAN2625600CE,0.1036628858749739
09-01-2026 14:30||NIFTY27JAN2624000PE,0.1613049229421213
09-01-2026 14:30||NIFTY27JAN2624200PE,0.1468472705059136
09-01-2026 14:30||NIFTY27JAN2625900CE,0.0984707720838094
09-01-2026 14:30||NIFTY27JAN2626300CE,0.0981855580339797
09-01-2026 14:35||NIFTY27JAN2624200PE,0.1473788961142372
09-01-2026 14:35||NIFTY27JAN2624300PE,0.1417311551572042
09-01-2026 14:35||NIFTY27JAN2624600PE,0.1255999957870414
09-01-2026 14:35||NIFTY27JAN2625800CE,0.100697718596519
09-01-2026 14:40||NIFTY27JAN2623800PE,0.1535032143447618
09-01-2026 14:40||NIFTY27JAN2625200CE,0.1198145013615484
09-01-2026 14:40||NIFTY27JAN2625600CE,0.1052123502031399
09-01-2026 14:40||NIFTY27JAN2625900CE,0.0990221520859629
09-01-2026 14:40||NIFTY27JAN2626100CE,0.0973453525503544
09-01-2026 14:40||NIFTY27JAN2626400CE,0.0998782373245391
09-01-2026 14:45||NIFTY27JAN2624500PE,0.1309845338515382
09-01-2026 14:45||NIFTY27JAN2624600PE,0.1256068794000935
09-01-2026 14:45||NIFTY27JAN2625300CE,0.1155390058736624
09-01-2026 14:45||NIFTY27JAN2625600CE,0.104404759427185
09-01-2026 14:50||NIFTY27JAN2623900PE,0.1665942600279132
09-01-2026 14:50||NIFTY27JAN2626000CE,0.0973114208467347
09-01-2026 14:50||NIFTY27JAN2626300CE,0.0978033657930773
09-01-2026 14:55||NIFTY27JAN2623900PE,0.1659698485814456
09-01-2026 14:55||NIFTY27JAN2624000PE,0.1609487326042591
09-01-2026 14:55||NIFTY27JAN2624800PE,0.1167071245585259
09-01-2026 14:55||NIFTY27JAN2625600CE,0.1042065182153715
09-01-2026 14:55||NIFTY27JAN2625900CE,0.0981238001553931
09-01-2026 15:00||NIFTY27JAN2624000PE,0.1610760525640551
09-01-2026 15:00||NIFTY27JAN2624300PE,0.1427827276080067
09-01-2026 15:00||NIFTY27JAN2625400CE,0.1112342037841662
09-01-2026 15:00||NIFTY27JAN2625600CE,0.1046509829731036
09-01-2026 15:00||NIFTY27JAN2625700CE,0.1014885338758755
09-01-2026 15:00||NIFTY27JAN2625800CE,0.0994289545596089
09-01-2026 15:00||NIFTY27JAN2626500CE,0.1292291548595333
09-01-2026 15:05||NIFTY27JAN2624200PE,0.1482259500128303
09-01-2026 15:05||NIFTY27JAN2624300PE,0.1421761281241622
09-01-2026 15:05||NIFTY27JAN2625000PE,0.1098382501104575
09-01-2026 15:05||NIFTY27JAN2625100PE,0.1074628233886015
09-01-2026 15:05||NIFTY27JAN2625600CE,0.1049660195885066
09-01-2026 15:05||NIFTY27JAN2626500CE,0.129133786231985
09-01-2026 15:10||NIFTY27JAN2623800PE,0.1558390898617989
09-01-2026 15:10||NIFTY27JAN2624000PE,0.1620260788748241
09-01-2026 15:10||NIFTY27JAN2624600PE,0.1261820237746587
09-01-2026 15:10||NIFTY27JAN2625000PE,0.1103708242481935
09-01-2026 15:10||NIFTY27JAN2625100PE,0.108091435995545
09-01-2026 15:10||NIFTY27JAN2625200CE,0.1204569311669617
09-01-2026 15:10||NIFTY27JAN2626200CE,0.0967584264259072
09-01-2026 15:15||NIFTY27JAN2624200PE,0.1490992030165204
09-01-2026 15:15||NIFTY27JAN2624300PE,0.1435197798217827
09-01-2026 15:15||NIFTY27JAN2624500PE,0.1328744969954567
09-01-2026 15:15||NIFTY27JAN2624700PE,0.1212186367357452
09-01-2026 15:15||NIFTY27JAN2624900PE,0.1135988536539921
09-01-2026 15:15||NIFTY27JAN2625200CE,0.1211122946093057
09-01-2026 15:15||NIFTY27JAN2625900CE,0.0985116172500306
09-01-2026 15:15||NIFTY27JAN2626000CE,0.0974291400862751
09-01-2026 15:20||NIFTY27JAN2623800PE,0.154785577362944
09-01-2026 15:20||NIFTY27JAN2624700PE,0.1227505828075577
09-01-2026 15:20||NIFTY27JAN2625100PE,0.1073254888123674
09-01-2026 15:20||NIFTY27JAN2625200CE,0.1232078786319713
09-01-2026 15:20||NIFTY27JAN2625300CE,0.1177324199327246
09-01-2026 15:20||NIFTY27JAN2625600CE,0.1059167920286455
09-01-2026 15:20||NIFTY27JAN2625800CE,0.1015521598241275
09-01-2026 15:20||NIFTY27JAN2626100CE,0.0978382599152343
09-01-2026 15:25||NIFTY27JAN2624100PE,0.1600797685730308
09-01-2026 15:25||NIFTY27JAN2624200PE,0.1544965231579192
09-01-2026 15:25||NIFTY27JAN2624400PE,0.1432621310912311
09-01-2026 15:25||NIFTY27JAN2625500CE,0.1107184697645239
09-01-2026 15:25||NIFTY27JAN2626000CE,0.1009107120495158
09-01-2026 15:25||NIFTY27JAN2626100CE,0.1002163557694873
12-01-2026 09:15||NIFTY27JAN2624000PE,0.1709190488279585
12-01-2026 09:15||NIFTY27JAN2624900PE,0.1201596895799393
12-01-2026 09:15||NIFTY27JAN2625200CE,0.1272592136903207
12-01-2026 09:15||NIFTY27JAN2626000CE,0.1040293264557231
12-01-2026 09:15||NIFTY27JAN2626100CE,0.1037282836541379
12-01-2026 09:20||NIFTY27JAN2624200PE,0.1608416413577016
12-01-2026 09:20||NIFTY27JAN2624600PE,0.1368637831654485
12-01-2026 09:20||NIFTY27JAN2624800PE,0.1265651924955567
12-01-2026 09:20||NIFTY27JAN2625000PE,0.119211917747814
12-01-2026 09:20||NIFTY27JAN2625100PE,0.1162138251997342
12-01-2026 09:20||NIFTY27JAN2625200CE,0.1297569127469982
12-01-2026 09:20||NIFTY27JAN2625600CE,0.1134748404559258
12-01-2026 09:20||NIFTY27JAN2625800CE,0.1075853505899386
12-01-2026 09:25||NIFTY27JAN2624700PE,0.1313432664737171
12-01-2026 09:25||NIFTY27JAN2625800CE,0.1095083004998657
12-01-2026 09:25||NIFTY27JAN2626200CE,0.1118946508200419
12-01-2026 09:30||NIFTY27JAN2623900PE,0.179126260663956
12-01-2026 09:30||NIFTY27JAN2624000PE,0.1733874199209525
12-01-2026 09:30||NIFTY27JAN2624400PE,0.1478821598642563
12-01-2026 09:30||NIFTY27JAN2625200CE,0.135691013939027
12-01-2026 09:30||NIFTY27JAN2625600CE,0.1198251485848875
12-01-2026 09:30||NIFTY27JAN2625800CE,0.1112432509065048
12-01-2026 09:30||NIFTY27JAN2626000CE,0.1123998944956001
12-01-2026 09:35||NIFTY27JAN2623900PE,0.1790095920901741
12-01-2026 09:35||NIFTY27JAN2624500PE,0.1405976105511688
12-01-2026 09:35||NIFTY27JAN2624600PE,0.134236970180328
12-01-2026 09:35||NIFTY27JAN2624700PE,0.1297472332162039
12-01-2026 09:35||NIFTY27JAN2625000PE,0.1168321781367047
12-01-2026 09:35||NIFTY27JAN2625700CE,0.1159215444543277
12-01-2026 09:35||NIFTY27JAN2625800CE,0.1124154418857811
12-01-2026 09:35||NIFTY27JAN2625900CE,0.1122266947130472
12-01-2026 09:35||NIFTY27JAN2626200CE,0.1133960531588943
12-01-2026 09:35||NIFTY27JAN2626500CE,0.1449829882933564
12-01-2026 09:40||NIFTY27JAN2623900PE,0.1795261479884487
12-01-2026 09:40||NIFTY27JAN2624600PE,0.1351934443506658
12-01-2026 09:40||NIFTY27JAN2624700PE,0.1303001883247165
12-01-2026 09:40||NIFTY27JAN2625200CE,0.1380714189374098
12-01-2026 09:40||NIFTY27JAN2625400CE,0.1287347190991709
12-01-2026 09:45||NIFTY27JAN2623900PE,0.1803800406817708
12-01-2026 09:45||NIFTY27JAN2624800PE,0.1268854385385989
12-01-2026 09:45||NIFTY27JAN2625000PE,0.1169822635799975
12-01-2026 09:45||NIFTY27JAN2626400CE,0.1271728048609136
12-01-2026 09:45||NIFTY27JAN2626500CE,0.1467016332696904
12-01-2026 09:50||NIFTY27JAN2625000PE,0.1174986141605483
12-01-2026 09:50||NIFTY27JAN2625400CE,0.1286238033175051
12-01-2026 09:50||NIFTY27JAN2625900CE,0.1135532920221956
12-01-2026 09:50||NIFTY27JAN2626000CE,0.1117726009708122
12-01-2026 09:55||NIFTY27JAN2623800PE,0.1684312716208889
12-01-2026 09:55||NIFTY27JAN2625000PE,0.1181746352696351
12-01-2026 09:55||NIFTY27JAN2625100PE,0.1155923511164555
12-01-2026 09:55||NIFTY27JAN2625400CE,0.1265914410935297
12-01-2026 09:55||NIFTY27JAN2625700CE,0.1141836041956311
12-01-2026 09:55||NIFTY27JAN2625900CE,0.1124559429534069
12-01-2026 09:55||NIFTY27JAN2626200CE,0.1105461603281302
12-01-2026 09:55||NIFTY27JAN2626400CE,0.1178928543967091
12-01-2026 10:00||NIFTY27JAN2624800PE,0.1267904467027935
12-01-2026 10:00||NIFTY27JAN2625200CE,0.1317616882173643
12-01-2026 10:00||NIFTY27JAN2625700CE,0.1146167416563144
12-01-2026 10:00||NIFTY27JAN2626100CE,0.1099076468113515
12-01-2026 10:00||NIFTY27JAN2626200CE,0.1107365539991834
12-01-2026 10:05||NIFTY27JAN2623900PE,0.1802870574290859
12-01-2026 10:05||NIFTY27JAN2624300PE,0.1555219541180688
12-01-2026 10:05||NIFTY27JAN2624600PE,0.1356639939983906
12-01-2026 10:05||NIFTY27JAN2624700PE,0.1300615747994734
12-01-2026 10:05||NIFTY27JAN2624800PE,0.1260503518101806
12-01-2026 10:05||NIFTY27JAN2625100PE,0.1144868124999999
12-01-2026 10:10||NIFTY27JAN2624000PE,0.1736940185114567
12-01-2026 10:10||NIFTY27JAN2624100PE,0.1677427049377257
12-01-2026 10:10||NIFTY27JAN2624900PE,0.1209697496991992
12-01-2026 10:10||NIFTY27JAN2625600CE,0.1186601576923367
12-01-2026 10:10||NIFTY27JAN2626300CE,0.1147901832158853
12-01-2026 10:10||NIFTY27JAN2626400CE,0.1209706474252529
12-01-2026 10:15||NIFTY27JAN2623800PE,0.1724614981348995
12-01-2026 10:15||NIFTY27JAN2624500PE,0.1429637994809642
12-01-2026 10:15||NIFTY27JAN2624800PE,0.1246436197880807
12-01-2026 10:15||NIFTY27JAN2625000PE,0.1176180210221084
12-01-2026 10:15||NIFTY27JAN2625100PE,0.1148414813922589
12-01-2026 10:15||NIFTY27JAN2626200CE,0.1113349056765906
12-01-2026 10:15||NIFTY27JAN2626400CE,0.1262341014074395
12-01-2026 10:15||NIFTY27JAN2626500CE,0.1471162500298883
12-01-2026 10:20||NIFTY27JAN2624200PE,0.1615729704303532
12-01-2026 10:20||NIFTY27JAN2624800PE,0.1247232967388494
12-01-2026 10:20||NIFTY27JAN2624900PE,0.120052258788156
12-01-2026 10:20||NIFTY27JAN2625200CE,0.1399606098622489
12-01-2026 10:20||NIFTY27JAN2626500CE,0.1458858718026796
12-01-2026 10:25||NIFTY27JAN2623800PE,0.1705097649541382
12-01-2026 10:25||NIFTY27JAN2624300PE,0.1550337563432334
12-01-2026 10:25||NIFTY27JAN2624400PE,0.1491375028939287
12-01-2026 10:25||NIFTY27JAN2624900PE,0.1206125491408012
12-01-2026 10:25||NIFTY27JAN2625200CE,0.1391622710925254
12-01-2026 10:25||NIFTY27JAN2625800CE,0.1112735721831523
12-01-2026 10:25||NIFTY27JAN2625900CE,0.1092865721534518
12-01-2026 10:25||NIFTY27JAN2626000CE,0.1086578712135089
12-01-2026 10:30||NIFTY27JAN2624500PE,0.1435719592150341
12-01-2026 10:30||NIFTY27JAN2625200CE,0.1358722640754713
12-01-2026 10:30||NIFTY27JAN2625800CE,0.1101019531586748
12-01-2026 10:30||NIFTY27JAN2626200CE,0.1094844843710313
12-01-2026 10:35||NIFTY27JAN2624600PE,0.1374287963269409
12-01-2026 10:35||NIFTY27JAN2625400CE,0.1233070971332926
12-01-2026 10:35||NIFTY27JAN2625700CE,0.1125357057748342
12-01-2026 10:35||NIFTY27JAN2626400CE,0.1141626404283035
12-01-2026 10:40||NIFTY27JAN2625000PE,0.1177970771243279
12-01-2026 10:40||NIFTY27JAN2625100PE,0.1142706793750666
12-01-2026 10:40||NIFTY27JAN2625300CE,0.1271019826325813
12-01-2026 10:40||NIFTY27JAN2625400CE,0.1223324536534973
12-01-2026 10:40||NIFTY27JAN2625500CE,0.1191333050231795
12-01-2026 10:40||NIFTY27JAN2626400CE,0.1140466892595178
12-01-2026 10:45||NIFTY27JAN2624400PE,0.1493540987323258
12-01-2026 10:45||NIFTY27JAN2625000PE,0.1168691898876746
12-01-2026 10:45||NIFTY27JAN2626000CE,0.1074500808131618
12-01-2026 10:45||NIFTY27JAN2626200CE,0.1093014964509678
12-01-2026 10:45||NIFTY27JAN2626300CE,0.111040803586961
12-01-2026 10:50||NIFTY27JAN2623900PE,0.181049705225659
12-01-2026 10:50||NIFTY27JAN2624900PE,0.1202636123698381
12-01-2026 10:50||NIFTY27JAN2625500CE,0.1176488189025506
12-01-2026 10:50||NIFTY27JAN2625600CE,0.114752542613743
12-01-2026 10:50||NIFTY27JAN2626200CE,0.1086402467803101
12-01-2026 10:55||NIFTY27JAN2624000PE,0.1743992527321681
12-01-2026 10:55||NIFTY27JAN2624300PE,0.1545335159116341
12-01-2026 10:55||NIFTY27JAN2624400PE,0.1483070112820297
12-01-2026 10:55||NIFTY27JAN2624900PE,0.1193537253201314
12-01-2026 10:55||NIFTY27JAN2625100PE,0.1141752058825695
12-01-2026 10:55||NIFTY27JAN2625500CE,0.1174901643090416
12-01-2026 10:55||NIFTY27JAN2626200CE,0.1091442577986496
12-01-2026 10:55||NIFTY27JAN2626400CE,0.1137076686986392
12-01-2026 11:00||NIFTY27JAN2623800PE,0.1669804701730619
12-01-2026 11:00||NIFTY27JAN2624000PE,0.1737182620222427
12-01-2026 11:00||NIFTY27JAN2624500PE,0.1417737326756642
12-01-2026 11:00||NIFTY27JAN2624800PE,0.1238074546370772
12-01-2026 11:00||NIFTY27JAN2624900PE,0.1186142905483057
12-01-2026 11:00||NIFTY27JAN2625000PE,0.1156338653906025
12-01-2026 11:00||NIFTY27JAN2625200CE,0.1277357922652175
12-01-2026 11:00||NIFTY27JAN2625400CE,0.1211136028343579
12-01-2026 11:00||NIFTY27JAN2625600CE,0.1138266850443421
12-01-2026 11:00||NIFTY27JAN2626000CE,0.1079128354066303
12-01-2026 11:00||NIFTY27JAN2626300CE,0.1115703213248831
12-01-2026 11:05||NIFTY27JAN2624100PE,0.166845663891604
12-01-2026 11:05||NIFTY27JAN2624700PE,0.1299848356275348
12-01-2026 11:05||NIFTY27JAN2625200CE,0.1276706253012523
12-01-2026 11:05||NIFTY27JAN2625500CE,0.1168007712111431
12-01-2026 11:05||NIFTY27JAN2625600CE,0.1134804190923673
12-01-2026 11:05||NIFTY27JAN2625700CE,0.1117267149222501
12-01-2026 11:10||NIFTY27JAN2624400PE,0.1463844179943228
12-01-2026 11:10||NIFTY27JAN2624500PE,0.1405494709680817
12-01-2026 11:10||NIFTY27JAN2625200CE,0.1268026635868398
12-01-2026 11:10||NIFTY27JAN2625800CE,0.1100771296280594
12-01-2026 11:10||NIFTY27JAN2626000CE,0.1081499709209271
12-01-2026 11:15||NIFTY27JAN2625400CE,0.1194171468606922
12-01-2026 11:15||NIFTY27JAN2625700CE,0.1115953634605065
12-01-2026 11:15||NIFTY27JAN2625800CE,0.110065566936932
12-01-2026 11:20||NIFTY27JAN2624800PE,0.1239140676927025
12-01-2026 11:20||NIFTY27JAN2626400CE,0.116679937010357
12-01-2026 11:25||NIFTY27JAN2623800PE,0.164449786623578
12-01-2026 11:25||NIFTY27JAN2624200PE,0.1565588052500638
12-01-2026 11:25||NIFTY27JAN2624300PE,0.1507866998276806
12-01-2026 11:25||NIFTY27JAN2624700PE,0.1284898132946984
12-01-2026 11:25||NIFTY27JAN2625400CE,0.1190564574838608
12-01-2026 11:30||NIFTY27JAN2623900PE,0.174393264478554
12-01-2026 11:30||NIFTY27JAN2624000PE,0.1690526458358545
12-01-2026 11:35||NIFTY27JAN2624200PE,0.1563830109077835
12-01-2026 11:35||NIFTY27JAN2624400PE,0.1442553270591036
12-01-2026 11:35||NIFTY27JAN2624700PE,0.1282549030258689
12-01-2026 11:35||NIFTY27JAN2624900PE,0.119154273033358
12-01-2026 11:35||NIFTY27JAN2625300CE,0.1231990049075814
12-01-2026 11:35||NIFTY27JAN2625600CE,0.1150369045555202
12-01-2026 11:35||NIFTY27JAN2625800CE,0.1114457310994409
12-01-2026 11:40||NIFTY27JAN2624300PE,0.1492307124218569
12-01-2026 11:40||NIFTY27JAN2624400PE,0.1436299432310295
12-01-2026 11:40||NIFTY27JAN2625000PE,0.1145335273707537
12-01-2026 11:40||NIFTY27JAN2625200CE,0.1291814588537892
12-01-2026 11:40||NIFTY27JAN2625300CE,0.124586799993607
12-01-2026 11:50||NIFTY27JAN2624700PE,0.1270470919934272
12-01-2026 11:50||NIFTY27JAN2625600CE,0.1166663953478822
12-01-2026 11:50||NIFTY27JAN2625800CE,0.1126728091476264
12-01-2026 11:50||NIFTY27JAN2625900CE,0.1117238982699566
12-01-2026 11:55||NIFTY27JAN2624000PE,0.1688054321392739
12-01-2026 11:55||NIFTY27JAN2624900PE,0.1175446727399889
12-01-2026 11:55||NIFTY27JAN2625100PE,0.1125833597037727
12-01-2026 11:55||NIFTY27JAN2625700CE,0.1135947218710206
12-01-2026 11:55||NIFTY27JAN2626000CE,0.1107553975577569
12-01-2026 11:55||NIFTY27JAN2626500CE,0.1419913723456437
12-01-2026 12:00||NIFTY27JAN2624100PE,0.1623777687919924
12-01-2026 12:00||NIFTY27JAN2624900PE,0.1166540904630376
12-01-2026 12:00||NIFTY27JAN2625100PE,0.1118483516071906
12-01-2026 12:00||NIFTY27JAN2625900CE,0.1110212321468619
12-01-2026 12:05||NIFTY27JAN2624000PE,0.1691434605158009
12-01-2026 12:05||NIFTY27JAN2624900PE,0.1157226043496924
12-01-2026 12:05||NIFTY27JAN2625500CE,0.1226037180012476
12-01-2026 12:05||NIFTY27JAN2625800CE,0.1129896315574205
12-01-2026 12:05||NIFTY27JAN2626000CE,0.1120328126682466
12-01-2026 12:10||NIFTY27JAN2623800PE,0.1654759100249147
12-01-2026 12:10||NIFTY27JAN2624200PE,0.1568120495702242
12-01-2026 12:10||NIFTY27JAN2624700PE,0.1252144402526304
12-01-2026 12:10||NIFTY27JAN2624800PE,0.1200681325952102
12-01-2026 12:10||NIFTY27JAN2625000PE,0.1116645485074119
12-01-2026 12:10||NIFTY27JAN2625800CE,0.1156913507048359
12-01-2026 12:15||NIFTY27JAN2625100PE,0.1097981662996447
12-01-2026 12:15||NIFTY27JAN2625900CE,0.1154443883690378
12-01-2026 12:15||NIFTY27JAN2626200CE,0.1141266504549047
12-01-2026 12:20||NIFTY27JAN2624400PE,0.1483076632555461
12-01-2026 12:20||NIFTY27JAN2624700PE,0.1295982836347316
12-01-2026 12:20||NIFTY27JAN2625100PE,0.1121893610681562
12-01-2026 12:20||NIFTY27JAN2625300CE,0.1374742200107057
12-01-2026 12:20||NIFTY27JAN2625500CE,0.128413821668212
12-01-2026 12:20||NIFTY27JAN2626400CE,0.1170307537318515
12-01-2026 12:25||NIFTY27JAN2624800PE,0.1272708535383646
12-01-2026 12:25||NIFTY27JAN2625200CE,0.1466464226727146
12-01-2026 12:25||NIFTY27JAN2626300CE,0.1144442518418941
12-01-2026 12:30||NIFTY27JAN2623800PE,0.1721683974066451
12-01-2026 12:30||NIFTY27JAN2624800PE,0.128763870438191
12-01-2026 12:30||NIFTY27JAN2624900PE,0.1237810178466082
12-01-2026 12:30||NIFTY27JAN2625500CE,0.1272175624999999
12-01-2026 12:30||NIFTY27JAN2625700CE,0.1200773599773796
12-01-2026 12:30||NIFTY27JAN2626500CE,0.1404569165899196
12-01-2026 12:35||NIFTY27JAN2624300PE,0.1587483742413113
12-01-2026 12:35||NIFTY27JAN2624600PE,0.1414501332354352
12-01-2026 12:35||NIFTY27JAN2624900PE,0.125354368592826
12-01-2026 12:35||NIFTY27JAN2625100PE,0.1167336913775775
12-01-2026 12:35||NIFTY27JAN2626000CE,0.1151911100028392
12-01-2026 12:35||NIFTY27JAN2626300CE,0.1143666309015309
12-01-2026 12:40||NIFTY27JAN2624300PE,0.1582650444681135
12-01-2026 12:40||NIFTY27JAN2624400PE,0.1528247516899337
12-01-2026 12:40||NIFTY27JAN2624500PE,0.1478539043013829
12-01-2026 12:40||NIFTY27JAN2625000PE,0.1217981499532667
12-01-2026 12:40||NIFTY27JAN2625300CE,0.1339552244601956
12-01-2026 12:40||NIFTY27JAN2625500CE,0.1265539317485962
12-01-2026 12:40||NIFTY27JAN2626000CE,0.1164173024704836
12-01-2026 12:40||NIFTY27JAN2626200CE,0.1133205693071019
12-01-2026 12:45||NIFTY27JAN2624300PE,0.1606325867946027
12-01-2026 12:45||NIFTY27JAN2624500PE,0.1488293354240502
12-01-2026 12:45||NIFTY27JAN2624800PE,0.1324727895918973
12-01-2026 12:45||NIFTY27JAN2625000PE,0.1234050942908187
12-01-2026 12:45||NIFTY27JAN2625300CE,0.1312378033373282
12-01-2026 12:45||NIFTY27JAN2625700CE,0.1207696328084688
12-01-2026 12:45||NIFTY27JAN2625800CE,0.1182078344859484
12-01-2026 12:45||NIFTY27JAN2626000CE,0.1145396724352798
12-01-2026 12:45||NIFTY27JAN2626200CE,0.1121329870449071
12-01-2026 12:45||NIFTY27JAN2626400CE,0.1149049103825364
12-01-2026 12:50||NIFTY27JAN2624500PE,0.1483738811959071
12-01-2026 12:50||NIFTY27JAN2625300CE,0.1335003156066612
12-01-2026 12:50||NIFTY27JAN2625800CE,0.1182417539888818
12-01-2026 12:55||NIFTY27JAN2624500PE,0.1472855040899761
12-01-2026 12:55||NIFTY27JAN2624600PE,0.1413507983207031
12-01-2026 12:55||NIFTY27JAN2624700PE,0.1372958730028408
12-01-2026 12:55||NIFTY27JAN2625000PE,0.1234333143308885
12-01-2026 12:55||NIFTY27JAN2625400CE,0.1297479869163886
12-01-2026 12:55||NIFTY27JAN2625900CE,0.1152277105770058
12-01-2026 12:55||NIFTY27JAN2626200CE,0.1125572741148603
12-01-2026 13:00||NIFTY27JAN2624200PE,0.1674357562605832
12-01-2026 13:00||NIFTY27JAN2624500PE,0.1471748506092577
12-01-2026 13:00||NIFTY27JAN2624600PE,0.1412040113564045
12-01-2026 13:00||NIFTY27JAN2625500CE,0.1262620175741345
12-01-2026 13:00||NIFTY27JAN2626000CE,0.1139717287108431
12-01-2026 13:00||NIFTY27JAN2626100CE,0.1130434877288248
12-01-2026 13:00||NIFTY27JAN2626300CE,0.1131436740597506
12-01-2026 13:00||NIFTY27JAN2626500CE,0.1416593189733594
12-01-2026 13:05||NIFTY27JAN2623900PE,0.1852895082106889
12-01-2026 13:05||NIFTY27JAN2624200PE,0.1673812417990772
12-01-2026 13:05||NIFTY27JAN2624500PE,0.1479871272671764
12-01-2026 13:05||NIFTY27JAN2624900PE,0.127431280475274
12-01-2026 13:05||NIFTY27JAN2625300CE,0.1352371404904528
12-01-2026 13:05||NIFTY27JAN2625500CE,0.126094787510319
12-01-2026 13:05||NIFTY27JAN2626400CE,0.1159358328271434
12-01-2026 13:10||NIFTY27JAN2624700PE,0.1360651360133868
12-01-2026 13:10||NIFTY27JAN2624800PE,0.1314002035851011
12-01-2026 13:10||NIFTY27JAN2626400CE,0.1153027651243009
12-01-2026 13:15||NIFTY27JAN2623800PE,0.1717474961372843
12-01-2026 13:15||NIFTY27JAN2624500PE,0.1492141203074401
12-01-2026 13:15||NIFTY27JAN2624700PE,0.1363976985127464
12-01-2026 13:15||NIFTY27JAN2624800PE,0.1317677839315715
12-01-2026 13:15||NIFTY27JAN2625100PE,0.1198836763936962
12-01-2026 13:15||NIFTY27JAN2625500CE,0.1225405238709967
12-01-2026 13:15||NIFTY27JAN2625800CE,0.1140376834236365
12-01-2026 13:15||NIFTY27JAN2626100CE,0.1101613947078434
12-01-2026 13:15||NIFTY27JAN2626300CE,0.1120056201992589
12-01-2026 13:15||NIFTY27JAN2626400CE,0.1173624120485667
12-01-2026 13:20||NIFTY27JAN2624200PE,0.1662795385362427
12-01-2026 13:20||NIFTY27JAN2624300PE,0.1603339252189402
12-01-2026 13:20||NIFTY27JAN2625000PE,0.1239211985528261
12-01-2026 13:20||NIFTY27JAN2625200CE,0.1311705857050697
12-01-2026 13:20||NIFTY27JAN2625500CE,0.1225443986846667
12-01-2026 13:20||NIFTY27JAN2626200CE,0.1097029852741123
12-01-2026 13:20||NIFTY27JAN2626500CE,0.1456638718506762
12-01-2026 13:25||NIFTY27JAN2624300PE,0.1605096481760094
12-01-2026 13:25||NIFTY27JAN2624500PE,0.1481270014470702
12-01-2026 13:25||NIFTY27JAN2624600PE,0.142264218581563
12-01-2026 13:25||NIFTY27JAN2624800PE,0.1322112620708617
12-01-2026 13:25||NIFTY27JAN2625500CE,0.1205781526258067
12-01-2026 13:25||NIFTY27JAN2625800CE,0.1146944737758823
12-01-2026 13:25||NIFTY27JAN2626000CE,0.111882658092305
12-01-2026 13:25||NIFTY27JAN2626400CE,0.1263991875193985
12-01-2026 13:25||NIFTY27JAN2626500CE,0.1480810749520783
12-01-2026 13:30||NIFTY27JAN2623900PE,0.183998781773064
12-01-2026 13:30||NIFTY27JAN2624400PE,0.1550842777194288
12-01-2026 13:30||NIFTY27JAN2624800PE,0.1315237092394944
12-01-2026 13:30||NIFTY27JAN2624900PE,0.1273113933056028
12-01-2026 13:30||NIFTY27JAN2625100PE,0.1202834424957876
12-01-2026 13:30||NIFTY27JAN2625300CE,0.1334294585024268
12-01-2026 13:30||NIFTY27JAN2625500CE,0.1212757793388166
12-01-2026 13:30||NIFTY27JAN2625600CE,0.1165176333288932
12-01-2026 13:30||NIFTY27JAN2625700CE,0.1159867457602833
12-01-2026 13:35||NIFTY27JAN2624700PE,0.1375646625466633
12-01-2026 13:35||NIFTY27JAN2624900PE,0.1280330788487096
12-01-2026 13:35||NIFTY27JAN2625500CE,0.1194357853785549
12-01-2026 13:35||NIFTY27JAN2625600CE,0.1158069463940853
12-01-2026 13:35||NIFTY27JAN2625900CE,0.1126795916216055
12-01-2026 13:40||NIFTY27JAN2623900PE,0.183560160853933
12-01-2026 13:40||NIFTY27JAN2624000PE,0.1785668111693406
12-01-2026 13:40||NIFTY27JAN2624100PE,0.1739932366684054
12-01-2026 13:40||NIFTY27JAN2624800PE,0.132384748016438
12-01-2026 13:40||NIFTY27JAN2624900PE,0.1280541178340287
12-01-2026 13:40||NIFTY27JAN2625200CE,0.1349046498290948
12-01-2026 13:40||NIFTY27JAN2625400CE,0.125225466070239
12-01-2026 13:40||NIFTY27JAN2626100CE,0.1086999340988099
12-01-2026 13:40||NIFTY27JAN2626200CE,0.108472832966022
12-01-2026 13:45||NIFTY27JAN2623800PE,0.1687667613656401
12-01-2026 13:45||NIFTY27JAN2623900PE,0.1844536424251788
12-01-2026 13:45||NIFTY27JAN2624600PE,0.1443085031849335
12-01-2026 13:45||NIFTY27JAN2625100PE,0.1203901822910125
12-01-2026 13:50||NIFTY27JAN2624200PE,0.1689582171519311
12-01-2026 13:50||NIFTY27JAN2625200CE,0.1361570723203062
12-01-2026 13:50||NIFTY27JAN2625300CE,0.1293907831471511
12-01-2026 13:50||NIFTY27JAN2625400CE,0.1257932262835372
12-01-2026 13:50||NIFTY27JAN2626200CE,0.1080412296002571
12-01-2026 13:55||NIFTY27JAN2623800PE,0.171511737236096
12-01-2026 13:55||NIFTY27JAN2624000PE,0.1802148740111803
12-01-2026 13:55||NIFTY27JAN2624100PE,0.1747880679051736
12-01-2026 13:55||NIFTY27JAN2624700PE,0.1385845674586769
12-01-2026 13:55||NIFTY27JAN2624900PE,0.1285234376955503
12-01-2026 13:55||NIFTY27JAN2626100CE,0.1080893062444139
12-01-2026 13:55||NIFTY27JAN2626400CE,0.1130913327127535
12-01-2026 14:00||NIFTY27JAN2624000PE,0.1807259782312194
12-01-2026 14:00||NIFTY27JAN2624400PE,0.155391886314392
12-01-2026 14:00||NIFTY27JAN2624500PE,0.1490285183017443
12-01-2026 14:00||NIFTY27JAN2624600PE,0.143615237198712
12-01-2026 14:00||NIFTY27JAN2625000PE,0.1234297363972427
12-01-2026 14:00||NIFTY27JAN2625400CE,0.1243197231631736
12-01-2026 14:00||NIFTY27JAN2625600CE,0.1184867605277331
12-01-2026 14:00||NIFTY27JAN2625700CE,0.1149684596079046
12-01-2026 14:00||NIFTY27JAN2626300CE,0.1107135863801154
12-01-2026 14:00||NIFTY27JAN2626400CE,0.1160031167459562
12-01-2026 14:05||NIFTY27JAN2624400PE,0.1561628246463879
12-01-2026 14:05||NIFTY27JAN2624600PE,0.1436294979243739
12-01-2026 14:05||NIFTY27JAN2624800PE,0.1331549487286975
12-01-2026 14:05||NIFTY27JAN2625800CE,0.1116786520271223
12-01-2026 14:05||NIFTY27JAN2626000CE,0.1084075614865245
12-01-2026 14:05||NIFTY27JAN2626200CE,0.1075177551660093
12-01-2026 14:05||NIFTY27JAN2626400CE,0.1218259481413057
12-01-2026 14:05||NIFTY27JAN2626500CE,0.1432190934516212
12-01-2026 14:10||NIFTY27JAN2624100PE,0.1748332354423062
12-01-2026 14:10||NIFTY27JAN2624600PE,0.1436427909986949
12-01-2026 14:10||NIFTY27JAN2624800PE,0.1330741409508428
12-01-2026 14:10||NIFTY27JAN2625200CE,0.1369297598203062
12-01-2026 14:10||NIFTY27JAN2625500CE,0.1219542797930251
12-01-2026 14:10||NIFTY27JAN2626400CE,0.1165179127902235
12-01-2026 14:15||NIFTY27JAN2624100PE,0.1741622363361608
12-01-2026 14:15||NIFTY27JAN2624200PE,0.1683909221811719
12-01-2026 14:15||NIFTY27JAN2624900PE,0.1277163242779613
12-01-2026 14:15||NIFTY27JAN2625800CE,0.1127903638134953
12-01-2026 14:20||NIFTY27JAN2624400PE,0.1546732746602893
12-01-2026 14:20||NIFTY27JAN2624500PE,0.1480491232861068
12-01-2026 14:20||NIFTY27JAN2624600PE,0.1432633832222898
12-01-2026 14:20||NIFTY27JAN2625000PE,0.1228041985065714
12-01-2026 14:20||NIFTY27JAN2625200CE,0.138241
12-01-2026 14:20||NIFTY27JAN2625700CE,0.116243496211848
12-01-2026 14:20||NIFTY27JAN2626200CE,0.1081761239637139
12-01-2026 14:20||NIFTY27JAN2626500CE,0.1432062963542413
12-01-2026 14:25||NIFTY27JAN2623900PE,0.1861915727153373
12-01-2026 14:25||NIFTY27JAN2624200PE,0.1686083169051253
12-01-2026 14:25||NIFTY27JAN2624500PE,0.1488009600878462
12-01-2026 14:25||NIFTY27JAN2624600PE,0.1437235648899729
12-01-2026 14:25||NIFTY27JAN2626300CE,0.1091384503490599
12-01-2026 14:25||NIFTY27JAN2626500CE,0.1458142898721342
12-01-2026 14:30||NIFTY27JAN2623900PE,0.1860265025623818
12-01-2026 14:30||NIFTY27JAN2624200PE,0.1685602167551105
12-01-2026 14:30||NIFTY27JAN2625200CE,0.1390998496206565
12-01-2026 14:30||NIFTY27JAN2625700CE,0.1156898866193084
12-01-2026 14:30||NIFTY27JAN2626200CE,0.1076631423805661
12-01-2026 14:35||NIFTY27JAN2624500PE,0.1500881917612735
12-01-2026 14:35||NIFTY27JAN2625100PE,0.1206542134182238
12-01-2026 14:35||NIFTY27JAN2625900CE,0.1098864563901553
12-01-2026 14:35||NIFTY27JAN2626000CE,0.1080335410839893
12-01-2026 14:35||NIFTY27JAN2626100CE,0.1077956764357414
12-01-2026 14:35||NIFTY27JAN2626400CE,0.1227310651259337
12-01-2026 14:35||NIFTY27JAN2626500CE,0.1462037965082063
12-01-2026 14:40||NIFTY27JAN2624100PE,0.1752616298342634
12-01-2026 14:40||NIFTY27JAN2624300PE,0.1628067376268449
12-01-2026 14:40||NIFTY27JAN2624500PE,0.1507035317919675
12-01-2026 14:40||NIFTY27JAN2625100PE,0.12104629426375
12-01-2026 14:40||NIFTY27JAN2625300CE,0.1362328047296454
12-01-2026 14:40||NIFTY27JAN2625600CE,0.1197916107123522
12-01-2026 14:40||NIFTY27JAN2626400CE,0.1167022204886067
12-01-2026 14:45||NIFTY27JAN2624000PE,0.181615798396355
12-01-2026 14:45||NIFTY27JAN2624600PE,0.1447802149953419
12-01-2026 14:45||NIFTY27JAN2625000PE,0.1238089102078872
12-01-2026 14:45||NIFTY27JAN2625300CE,0.1355537471903521
12-01-2026 14:45||NIFTY27JAN2625500CE,0.1228843994584779
12-01-2026 14:45||NIFTY27JAN2626000CE,0.1087979365574282
12-01-2026 14:45||NIFTY27JAN2626100CE,0.1078700290522998
12-01-2026 14:45||NIFTY27JAN2626200CE,0.1073606793145995
12-01-2026 14:45||NIFTY27JAN2626500CE,0.1416995080573125
12-01-2026 14:50||NIFTY27JAN2624000PE,0.1820651656865875
12-01-2026 14:50||NIFTY27JAN2624400PE,0.1571597525029346
12-01-2026 14:50||NIFTY27JAN2624800PE,0.1333567278688814
12-01-2026 14:50||NIFTY27JAN2625100PE,0.1208108937842377
12-01-2026 14:50||NIFTY27JAN2625600CE,0.1188094897868054
12-01-2026 14:50||NIFTY27JAN2626000CE,0.1089899884190289
12-01-2026 14:50||NIFTY27JAN2626300CE,0.1071886519188417
12-01-2026 14:50||NIFTY27JAN2626400CE,0.11012312671994
12-01-2026 14:55||NIFTY27JAN2624300PE,0.1630046744422118
12-01-2026 14:55||NIFTY27JAN2624500PE,0.1512621356096055
12-01-2026 14:55||NIFTY27JAN2624700PE,0.1384554936607039
12-01-2026 14:55||NIFTY27JAN2624900PE,0.1281928163672785
12-01-2026 14:55||NIFTY27JAN2625100PE,0.1205116128079354
12-01-2026 14:55||NIFTY27JAN2626200CE,0.1066177792076414
12-01-2026 15:00||NIFTY27JAN2623800PE,0.1696624264610058
12-01-2026 15:00||NIFTY27JAN2623900PE,0.1874129424030511
12-01-2026 15:00||NIFTY27JAN2624300PE,0.1628222319412213
12-01-2026 15:00||NIFTY27JAN2624700PE,0.1381997562743902
12-01-2026 15:00||NIFTY27JAN2624800PE,0.1328865104076303
12-01-2026 15:00||NIFTY27JAN2626000CE,0.1076359764265769
12-01-2026 15:00||NIFTY27JAN2626100CE,0.1064389819415648
12-01-2026 15:05||NIFTY27JAN2623800PE,0.1698982556403244
12-01-2026 15:05||NIFTY27JAN2624200PE,0.1694733619665088
12-01-2026 15:05||NIFTY27JAN2624300PE,0.1631322964593849
12-01-2026 15:05||NIFTY27JAN2624900PE,0.1286294568850276
12-01-2026 15:05||NIFTY27JAN2625900CE,0.1082735331094435
12-01-2026 15:05||NIFTY27JAN2626200CE,0.1052964885046997
12-01-2026 15:10||NIFTY27JAN2624000PE,0.1829800997498459
12-01-2026 15:10||NIFTY27JAN2624500PE,0.1509077141675514
12-01-2026 15:10||NIFTY27JAN2624600PE,0.1450877200492707
12-01-2026 15:10||NIFTY27JAN2625200CE,0.1356540506658854
12-01-2026 15:10||NIFTY27JAN2625600CE,0.1150469993975639
12-01-2026 15:10||NIFTY27JAN2625900CE,0.10777894593846
12-01-2026 15:10||NIFTY27JAN2626200CE,0.1049682722675452
12-01-2026 15:10||NIFTY27JAN2626300CE,0.1052392708331727
12-01-2026 15:10||NIFTY27JAN2626400CE,0.1057403465325104
12-01-2026 15:15||NIFTY27JAN2623900PE,0.1889701065782202
12-01-2026 15:15||NIFTY27JAN2624000PE,0.1836356821886121
12-01-2026 15:15||NIFTY27JAN2624500PE,0.1516127395081828
12-01-2026 15:15||NIFTY27JAN2624900PE,0.1290886365649792
12-01-2026 15:15||NIFTY27JAN2625200CE,0.1380521197922573
12-01-2026 15:15||NIFTY27JAN2625400CE,0.1232847134282143
12-01-2026 15:15||NIFTY27JAN2625500CE,0.1187079427743742
12-01-2026 15:20||NIFTY27JAN2624100PE,0.1782325888178522
12-01-2026 15:20||NIFTY27JAN2624200PE,0.1721224193360016
12-01-2026 15:20||NIFTY27JAN2624400PE,0.1591288165157661
12-01-2026 15:20||NIFTY27JAN2624500PE,0.1525042094563901
12-01-2026 15:20||NIFTY27JAN2625000PE,0.124165701347677
12-01-2026 15:20||NIFTY27JAN2625200CE,0.134453288992823
12-01-2026 15:20||NIFTY27JAN2625300CE,0.1271337349726403
12-01-2026 15:20||NIFTY27JAN2626200CE,0.1035493454435304
12-01-2026 15:20||NIFTY27JAN2626300CE,0.1036439493837741
12-01-2026 15:25||NIFTY27JAN2624200PE,0.1730479349231862
12-01-2026 15:25||NIFTY27JAN2624600PE,0.1476775830606277
12-01-2026 15:25||NIFTY27JAN2625400CE,0.1161516247591192
12-01-2026 15:25||NIFTY27JAN2625500CE,0.1146606449702276
12-01-2026 15:25||NIFTY27JAN2625700CE,0.1082436693838209
13-01-2026 09:15||NIFTY27JAN2624000PE,0.1874047500798144
13-01-2026 09:15||NIFTY27JAN2624700PE,0.1426192654000818
13-01-2026 09:15||NIFTY27JAN2625500CE,0.1094605950085419
13-01-2026 09:15||NIFTY27JAN2625600CE,0.1075221728666464
13-01-2026 09:15||NIFTY27JAN2625800CE,0.1033626439650576
13-01-2026 09:15||NIFTY27JAN2625900CE,0.1026135652068866
13-01-2026 09:15||NIFTY27JAN2626100CE,0.1005294163714842
13-01-2026 09:20||NIFTY27JAN2623800PE,0.1734827752302072
13-01-2026 09:20||NIFTY27JAN2624500PE,0.1550030524272226
13-01-2026 09:20||NIFTY27JAN2624600PE,0.1485381784870053
13-01-2026 09:20||NIFTY27JAN2624800PE,0.1379687391639638
13-01-2026 09:25||NIFTY27JAN2623800PE,0.1732141582617765
13-01-2026 09:25||NIFTY27JAN2624200PE,0.1741856360874281
13-01-2026 09:25||NIFTY27JAN2624400PE,0.1619752934653607
13-01-2026 09:25||NIFTY27JAN2624600PE,0.1493067266349647
13-01-2026 09:25||NIFTY27JAN2624800PE,0.1387908974192125
13-01-2026 09:25||NIFTY27JAN2625300CE,0.1048180245387024
13-01-2026 09:25||NIFTY27JAN2625500CE,0.1006609537438107
13-01-2026 09:30||NIFTY27JAN2624500PE,0.1542909156114519
13-01-2026 09:30||NIFTY27JAN2625300CE,0.1089276668904956
13-01-2026 09:30||NIFTY27JAN2625500CE,0.1027306934120878
13-01-2026 09:30||NIFTY27JAN2625700CE,0.0997111954821872
13-01-2026 09:30||NIFTY27JAN2626000CE,0.1008701393686858
13-01-2026 09:30||NIFTY27JAN2626200CE,0.1017538870953728
13-01-2026 09:35||NIFTY27JAN2624000PE,0.1850978037148225
13-01-2026 09:35||NIFTY27JAN2625000PE,0.1265922575958792
13-01-2026 09:35||NIFTY27JAN2625300CE,0.111747448160943
13-01-2026 09:35||NIFTY27JAN2625700CE,0.1025825889319678
13-01-2026 09:35||NIFTY27JAN2625800CE,0.1029749429917036
13-01-2026 09:40||NIFTY27JAN2625200CE,0.1128663804437517
13-01-2026 09:40||NIFTY27JAN2625400CE,0.1110920644210193
13-01-2026 09:40||NIFTY27JAN2625600CE,0.1054116828700712
13-01-2026 09:45||NIFTY27JAN2623800PE,0.1720463348134914
13-01-2026 09:45||NIFTY27JAN2624500PE,0.1519167028517853
13-01-2026 09:45||NIFTY27JAN2625400CE,0.1090017919875567
13-01-2026 09:45||NIFTY27JAN2625800CE,0.1043242873879861
13-01-2026 09:45||NIFTY27JAN2625900CE,0.1042026564042362
13-01-2026 09:50||NIFTY27JAN2623900PE,0.1896878648363903
13-01-2026 09:50||NIFTY27JAN2624500PE,0.1511704321926146
13-01-2026 09:50||NIFTY27JAN2624600PE,0.1451352046605166
13-01-2026 09:50||NIFTY27JAN2625000PE,0.1271496372877651
13-01-2026 09:50||NIFTY27JAN2625100PE,0.1236204241966608
13-01-2026 09:50||NIFTY27JAN2626300CE,0.1056971297046154
13-01-2026 09:55||NIFTY27JAN2624100PE,0.1748709597767365
13-01-2026 09:55||NIFTY27JAN2624200PE,0.1680375188625768
13-01-2026 09:55||NIFTY27JAN2624300PE,0.1628603146563295
13-01-2026 09:55||NIFTY27JAN2624700PE,0.1391407210971133
13-01-2026 09:55||NIFTY27JAN2625600CE,0.1099309098359432
13-01-2026 10:00||NIFTY27JAN2624200PE,0.1682028398992315
13-01-2026 10:00||NIFTY27JAN2626300CE,0.1085339238373866
13-01-2026 10:00||NIFTY27JAN2626500CE,0.1399127454787755
13-01-2026 10:05||NIFTY27JAN2624000PE,0.1823337289673341
13-01-2026 10:05||NIFTY27JAN2624800PE,0.1333027046988528
13-01-2026 10:05||NIFTY27JAN2626400CE,0.1111076882121399
13-01-2026 10:10||NIFTY27JAN2624100PE,0.1761747141262308
13-01-2026 10:10||NIFTY27JAN2624200PE,0.1700144994649107
13-01-2026 10:10||NIFTY27JAN2624500PE,0.1518543076040464
13-01-2026 10:10||NIFTY27JAN2624700PE,0.1397865128619707
13-01-2026 10:10||NIFTY27JAN2625100PE,0.1222828152521219
13-01-2026 10:10||NIFTY27JAN2625800CE,0.1050988485300489
13-01-2026 10:15||NIFTY27JAN2624500PE,0.1519531888723305
13-01-2026 10:15||NIFTY27JAN2624800PE,0.1342127258880456
13-01-2026 10:15||NIFTY27JAN2624900PE,0.1296379133332493
13-01-2026 10:15||NIFTY27JAN2625100PE,0.1227147474286172
13-01-2026 10:15||NIFTY27JAN2625800CE,0.1040588368058589
13-01-2026 10:20||NIFTY27JAN2623900PE,0.1903195929005824
13-01-2026 10:20||NIFTY27JAN2624100PE,0.1781638040860074
13-01-2026 10:20||NIFTY27JAN2625300CE,0.1175530643234142
13-01-2026 10:20||NIFTY27JAN2625700CE,0.1059865951908859
13-01-2026 10:20||NIFTY27JAN2626500CE,0.1391922980335373
13-01-2026 10:25||NIFTY27JAN2623900PE,0.190590734549504
13-01-2026 10:25||NIFTY27JAN2624200PE,0.1721823840582579
13-01-2026 10:25||NIFTY27JAN2624500PE,0.1520884507782302
13-01-2026 10:25||NIFTY27JAN2624700PE,0.1395400387656567
13-01-2026 10:25||NIFTY27JAN2625100PE,0.1215768623772849
13-01-2026 10:25||NIFTY27JAN2625700CE,0.1077633001066779
13-01-2026 10:30||NIFTY27JAN2623800PE,0.1736785411174195
13-01-2026 10:30||NIFTY27JAN2624400PE,0.1592953848001495
13-01-2026 10:30||NIFTY27JAN2624600PE,0.1455401534120845
13-01-2026 10:30||NIFTY27JAN2624700PE,0.1399870451961173
13-01-2026 10:30||NIFTY27JAN2624900PE,0.1297895651995047
13-01-2026 10:30||NIFTY27JAN2625300CE,0.118363540185612
13-01-2026 10:30||NIFTY27JAN2625900CE,0.1047740007900036
13-01-2026 10:30||NIFTY27JAN2626000CE,0.1046411468177465
13-01-2026 10:30||NIFTY27JAN2626100CE,0.1040608231634418
13-01-2026 10:30||NIFTY27JAN2626400CE,0.1069466842516747
13-01-2026 10:35||NIFTY27JAN2623800PE,0.1721265745652372
13-01-2026 10:35||NIFTY27JAN2623900PE,0.1906817825392462
13-01-2026 10:35||NIFTY27JAN2624300PE,0.1659353281540125
13-01-2026 10:35||NIFTY27JAN2624600PE,0.1461750416229222
13-01-2026 10:35||NIFTY27JAN2625000PE,0.1252938607177131
13-01-2026 10:35||NIFTY27JAN2626000CE,0.1037836870247074
13-01-2026 10:35||NIFTY27JAN2626100CE,0.1033816591848922
13-01-2026 10:40||NIFTY27JAN2623900PE,0.1900342186677589
13-01-2026 10:40||NIFTY27JAN2624000PE,0.1849472754340029
13-01-2026 10:40||NIFTY27JAN2624400PE,0.1582823594691238
13-01-2026 10:40||NIFTY27JAN2624500PE,0.1521417739959144
13-01-2026 10:40||NIFTY27JAN2624800PE,0.1348910536135349
13-01-2026 10:40||NIFTY27JAN2626300CE,0.1038480782374368
13-01-2026 10:45||NIFTY27JAN2623900PE,0.1896888047163301
13-01-2026 10:45||NIFTY27JAN2624900PE,0.1282488660746156
13-01-2026 10:45||NIFTY27JAN2625200CE,0.117548310926927
13-01-2026 10:45||NIFTY27JAN2625600CE,0.1079247092909493
13-01-2026 10:50||NIFTY27JAN2624900PE,0.1276068741425068
13-01-2026 10:50||NIFTY27JAN2625000PE,0.1229591651681166
13-01-2026 10:50||NIFTY27JAN2625500CE,0.1094914443672086
13-01-2026 10:50||NIFTY27JAN2625600CE,0.1081675155635388
13-01-2026 10:50||NIFTY27JAN2625700CE,0.1061850388309042
13-01-2026 10:50||NIFTY27JAN2625900CE,0.1034616264962198
13-01-2026 10:55||NIFTY27JAN2624300PE,0.1630394665549962
13-01-2026 10:55||NIFTY27JAN2624400PE,0.1572161504801443
13-01-2026 10:55||NIFTY27JAN2625200CE,0.1185112617415015
13-01-2026 10:55||NIFTY27JAN2625700CE,0.1082942036379392
13-01-2026 10:55||NIFTY27JAN2626400CE,0.1048052710870523
13-01-2026 11:00||NIFTY27JAN2623900PE,0.1885629413139472
13-01-2026 11:00||NIFTY27JAN2624200PE,0.1695844788037862
13-01-2026 11:00||NIFTY27JAN2625000PE,0.1237662802995502
13-01-2026 11:00||NIFTY27JAN2625700CE,0.1080953686845177
13-01-2026 11:00||NIFTY27JAN2625800CE,0.106409793843759
13-01-2026 11:00||NIFTY27JAN2626400CE,0.1047392085739268
13-01-2026 11:05||NIFTY27JAN2624100PE,0.1762249785748339
13-01-2026 11:05||NIFTY27JAN2624800PE,0.1338841694341598
13-01-2026 11:05||NIFTY27JAN2625100PE,0.1226983887680034
13-01-2026 11:05||NIFTY27JAN2625800CE,0.1068433747324859
13-01-2026 11:10||NIFTY27JAN2623900PE,0.1883725273740968
13-01-2026 11:10||NIFTY27JAN2624800PE,0.1346978150457421
13-01-2026 11:10||NIFTY27JAN2624900PE,0.1302781361775863
13-01-2026 11:10||NIFTY27JAN2625000PE,0.1268002176470853
13-01-2026 11:10||NIFTY27JAN2625100PE,0.1246663956401402
13-01-2026 11:10||NIFTY27JAN2625900CE,0.1040005165320664
13-01-2026 11:10||NIFTY27JAN2626400CE,0.1044322923900473
13-01-2026 11:15||NIFTY27JAN2624500PE,0.1502571027663211
13-01-2026 11:15||NIFTY27JAN2625100PE,0.1223756897836555
13-01-2026 11:15||NIFTY27JAN2625200CE,0.1209296628654932
13-01-2026 11:15||NIFTY27JAN2625300CE,0.1149116614119518
13-01-2026 11:20||NIFTY27JAN2624900PE,0.1279872835470878
13-01-2026 11:20||NIFTY27JAN2626100CE,0.1016936721017627
13-01-2026 11:25||NIFTY27JAN2624000PE,0.1820039966162866
13-01-2026 11:25||NIFTY27JAN2624500PE,0.1497631666745024
13-01-2026 11:25||NIFTY27JAN2624800PE,0.1322175107056939
13-01-2026 11:25||NIFTY27JAN2625600CE,0.1092135474098822
13-01-2026 11:25||NIFTY27JAN2626000CE,0.102403001224286
13-01-2026 11:25||NIFTY27JAN2626200CE,0.1017781482494433
13-01-2026 11:25||NIFTY27JAN2626400CE,0.104557003338305
13-01-2026 11:30||NIFTY27JAN2625100PE,0.1191019777940843
13-01-2026 11:30||NIFTY27JAN2625500CE,0.1104107181701744
13-01-2026 11:30||NIFTY27JAN2625800CE,0.1038406290595015
13-01-2026 11:30||NIFTY27JAN2625900CE,0.102372026119222
13-01-2026 11:35||NIFTY27JAN2623800PE,0.1728454093920744
13-01-2026 11:35||NIFTY27JAN2623900PE,0.1876284209953687
13-01-2026 11:35||NIFTY27JAN2624100PE,0.1759648798098997
13-01-2026 11:35||NIFTY27JAN2624900PE,0.1273667001556007
13-01-2026 11:35||NIFTY27JAN2625300CE,0.1151570343788673
13-01-2026 11:35||NIFTY27JAN2626000CE,0.1003103095128939
13-01-2026 11:35||NIFTY27JAN2626300CE,0.1010018421105391
13-01-2026 11:35||NIFTY27JAN2626500CE,0.1333821170239969
13-01-2026 11:40||NIFTY27JAN2623800PE,0.1706141296104001
13-01-2026 11:40||NIFTY27JAN2624500PE,0.1502241897963162
13-01-2026 11:40||NIFTY27JAN2624900PE,0.1276044173393052
13-01-2026 11:40||NIFTY27JAN2625300CE,0.109836140718627
13-01-2026 11:40||NIFTY27JAN2625400CE,0.1056683004777607
13-01-2026 11:45||NIFTY27JAN2623800PE,0.1694931391803916
13-01-2026 11:45||NIFTY27JAN2625000PE,0.1227417525830317
13-01-2026 11:45||NIFTY27JAN2625400CE,0.1039406114760583
13-01-2026 11:45||NIFTY27JAN2625800CE,0.0998228715324166
13-01-2026 11:45||NIFTY27JAN2626200CE,0.1000873793342312
13-01-2026 11:45||NIFTY27JAN2626300CE,0.1007232605303389
13-01-2026 11:45||NIFTY27JAN2626400CE,0.1028311905683242
13-01-2026 11:50||NIFTY27JAN2624000PE,0.1799053907717414
13-01-2026 11:50||NIFTY27JAN2624300PE,0.1608298018752875
13-01-2026 11:50||NIFTY27JAN2625100PE,0.1187469131774121
13-01-2026 11:50||NIFTY27JAN2626200CE,0.1002835473334035
13-01-2026 11:50||NIFTY27JAN2626300CE,0.1009946853370546
13-01-2026 11:55||NIFTY27JAN2624300PE,0.1598059476988724
13-01-2026 11:55||NIFTY27JAN2624800PE,0.1312123096129284
13-01-2026 11:55||NIFTY27JAN2625000PE,0.1210369598989366
13-01-2026 11:55||NIFTY27JAN2625400CE,0.1044055668633289
13-01-2026 11:55||NIFTY27JAN2625500CE,0.1035760946257033
13-01-2026 12:00||NIFTY27JAN2624500PE,0.1467291635238022
13-01-2026 12:00||NIFTY27JAN2625000PE,0.1200222582941482
13-01-2026 12:00||NIFTY27JAN2625900CE,0.1017294511890502
13-01-2026 12:05||NIFTY27JAN2623800PE,0.1687533404056218
13-01-2026 12:05||NIFTY27JAN2624500PE,0.1458412621999766
13-01-2026 12:05||NIFTY27JAN2624700PE,0.1350851497065865
13-01-2026 12:05||NIFTY27JAN2625000PE,0.1191857638110199
13-01-2026 12:05||NIFTY27JAN2625300CE,0.1106520280637267
13-01-2026 12:05||NIFTY27JAN2625800CE,0.102766165025474
13-01-2026 12:10||NIFTY27JAN2624500PE,0.1460437672333022
13-01-2026 12:10||NIFTY27JAN2625000PE,0.119712089638745
13-01-2026 12:10||NIFTY27JAN2625200CE,0.1143834973401845
13-01-2026 12:10||NIFTY27JAN2625500CE,0.1074764257380432
13-01-2026 12:10||NIFTY27JAN2625600CE,0.1065255628503906
13-01-2026 12:15||NIFTY27JAN2624200PE,0.163132320898934
13-01-2026 12:15||NIFTY27JAN2624300PE,0.1576022566100443
13-01-2026 12:15||NIFTY27JAN2625300CE,0.1104072368902387
13-01-2026 12:15||NIFTY27JAN2625800CE,0.1032054927338491
13-01-2026 12:15||NIFTY27JAN2626500CE,0.1353009528320238
13-01-2026 12:20||NIFTY27JAN2624100PE,0.1696485348604965
13-01-2026 12:20||NIFTY27JAN2624700PE,0.1341281890241407
13-01-2026 12:20||NIFTY27JAN2625100PE,0.115860580746022
13-01-2026 12:20||NIFTY27JAN2625700CE,0.1050144079181814
13-01-2026 12:25||NIFTY27JAN2623800PE,0.1670260925521665
13-01-2026 12:25||NIFTY27JAN2624200PE,0.1619560090171311
13-01-2026 12:25||NIFTY27JAN2624300PE,0.156523485670905
13-01-2026 12:25||NIFTY27JAN2624500PE,0.1458310483624049
13-01-2026 12:25||NIFTY27JAN2625700CE,0.1056981476474654
13-01-2026 12:30||NIFTY27JAN2623900PE,0.1797485596973407
13-01-2026 12:30||NIFTY27JAN2624000PE,0.1737069224326458
13-01-2026 12:30||NIFTY27JAN2624100PE,0.1681051076247567
13-01-2026 12:30||NIFTY27JAN2624400PE,0.1514602451728619
13-01-2026 12:30||NIFTY27JAN2624700PE,0.1335305435170799
13-01-2026 12:30||NIFTY27JAN2624900PE,0.1240240672503965
13-01-2026 12:30||NIFTY27JAN2626000CE,0.1027823264833096
13-01-2026 12:30||NIFTY27JAN2626400CE,0.1074789071610975
13-01-2026 12:35||NIFTY27JAN2624200PE,0.1616908215466712
13-01-2026 12:35||NIFTY27JAN2624300PE,0.1563062511099356
13-01-2026 12:35||NIFTY27JAN2624600PE,0.1394683941118248
13-01-2026 12:35||NIFTY27JAN2624800PE,0.1288212494386272
13-01-2026 12:35||NIFTY27JAN2625100PE,0.1184364374526328
13-01-2026 12:35||NIFTY27JAN2625900CE,0.1019539277994966
13-01-2026 12:35||NIFTY27JAN2626100CE,0.1021082079064471
13-01-2026 12:35||NIFTY27JAN2626400CE,0.1084379161186744
13-01-2026 12:40||NIFTY27JAN2624100PE,0.1685157360613215
13-01-2026 12:40||NIFTY27JAN2624300PE,0.1568500572191013
13-01-2026 12:40||NIFTY27JAN2624600PE,0.1392877188234769
13-01-2026 12:40||NIFTY27JAN2624700PE,0.1338919748607348
13-01-2026 12:40||NIFTY27JAN2625100PE,0.1190191303952326
13-01-2026 12:40||NIFTY27JAN2626500CE,0.1357996899146445
13-01-2026 12:45||NIFTY27JAN2625300CE,0.1057379644135808
13-01-2026 12:45||NIFTY27JAN2626200CE,0.102923155727721
13-01-2026 12:50||NIFTY27JAN2623900PE,0.1805128113212234
13-01-2026 12:50||NIFTY27JAN2624100PE,0.1680872226034332
13-01-2026 12:50||NIFTY27JAN2624600PE,0.1389305390417679
13-01-2026 12:50||NIFTY27JAN2625400CE,0.1038249753307853
13-01-2026 12:50||NIFTY27JAN2625500CE,0.1022262206286383
13-01-2026 12:55||NIFTY27JAN2624000PE,0.1735048671858685
13-01-2026 12:55||NIFTY27JAN2624300PE,0.156362281414218
13-01-2026 12:55||NIFTY27JAN2624500PE,0.1445599957132231
13-01-2026 12:55||NIFTY27JAN2624700PE,0.1331828311545337
13-01-2026 12:55||NIFTY27JAN2625000PE,0.121475997620516
13-01-2026 12:55||NIFTY27JAN2625100PE,0.1182204540421626
13-01-2026 12:55||NIFTY27JAN2625300CE,0.1084669777700346
13-01-2026 12:55||NIFTY27JAN2625500CE,0.1039778890316354
13-01-2026 12:55||NIFTY27JAN2626200CE,0.1044694796009476
13-01-2026 12:55||NIFTY27JAN2626400CE,0.1217365448736109
13-01-2026 12:55||NIFTY27JAN2626500CE,0.1435260204876881
13-01-2026 13:00||NIFTY27JAN2624000PE,0.173670529702702
13-01-2026 13:00||NIFTY27JAN2624600PE,0.13739291518097
13-01-2026 13:00||NIFTY27JAN2624700PE,0.1322737897400415
13-01-2026 13:00||NIFTY27JAN2626400CE,0.1208066901536181
13-01-2026 13:05||NIFTY27JAN2624000PE,0.1740597497182409
13-01-2026 13:05||NIFTY27JAN2624600PE,0.1377632684606056
13-01-2026 13:05||NIFTY27JAN2625200CE,0.1118743677372517
13-01-2026 13:05||NIFTY27JAN2625700CE,0.1049567493287077
13-01-2026 13:05||NIFTY27JAN2626500CE,0.1474554219037593
13-01-2026 13:10||NIFTY27JAN2623900PE,0.1810978617975201
13-01-2026 13:10||NIFTY27JAN2624400PE,0.1496290691968393
13-01-2026 13:10||NIFTY27JAN2624500PE,0.1440600398055573
13-01-2026 13:10||NIFTY27JAN2624700PE,0.1328032252837511
13-01-2026 13:10||NIFTY27JAN2625000PE,0.1193596649915299
13-01-2026 13:10||NIFTY27JAN2625600CE,0.1073236967386183
13-01-2026 13:10||NIFTY27JAN2626000CE,0.1041161454202775
13-01-2026 13:10||NIFTY27JAN2626400CE,0.1251896959929939
13-01-2026 13:10||NIFTY27JAN2626500CE,0.1487726145918248
13-01-2026 13:15||NIFTY27JAN2623800PE,0.1723844975130571
13-01-2026 13:15||NIFTY27JAN2624000PE,0.1749261592368071
13-01-2026 13:15||NIFTY27JAN2624100PE,0.169142332101796
13-01-2026 13:15||NIFTY27JAN2624700PE,0.1330226666915225
13-01-2026 13:15||NIFTY27JAN2625000PE,0.1193141592876289
13-01-2026 13:15||NIFTY27JAN2625800CE,0.1046964385915616
13-01-2026 13:15||NIFTY27JAN2626100CE,0.105232965153989
13-01-2026 13:15||NIFTY27JAN2626200CE,0.1062963566162973
13-01-2026 13:15||NIFTY27JAN2626300CE,0.1100059873185143
13-01-2026 13:20||NIFTY27JAN2624300PE,0.1555242699951575
13-01-2026 13:20||NIFTY27JAN2624400PE,0.1501761946105977
13-01-2026 13:20||NIFTY27JAN2624800PE,0.1282948400205016
13-01-2026 13:20||NIFTY27JAN2625000PE,0.1194007038381461
13-01-2026 13:20||NIFTY27JAN2625300CE,0.114400939643386
13-01-2026 13:20||NIFTY27JAN2625400CE,0.1113999245534497
13-01-2026 13:20||NIFTY27JAN2625900CE,0.10407871794961
13-01-2026 13:20||NIFTY27JAN2626500CE,0.1418188398620135
13-01-2026 13:25||NIFTY27JAN2624000PE,0.1757010091081124
13-01-2026 13:25||NIFTY27JAN2624200PE,0.1619712088487412
13-01-2026 13:25||NIFTY27JAN2624300PE,0.1556217219972547
13-01-2026 13:25||NIFTY27JAN2624600PE,0.1390449064170393
13-01-2026 13:25||NIFTY27JAN2625600CE,0.1070976356538548
13-01-2026 13:25||NIFTY27JAN2626400CE,0.1118516970158968
13-01-2026 13:30||NIFTY27JAN2623800PE,0.168892315888867
13-01-2026 13:30||NIFTY27JAN2624000PE,0.1756416572511236
13-01-2026 13:30||NIFTY27JAN2624100PE,0.169317385190483
13-01-2026 13:30||NIFTY27JAN2625500CE,0.1077638267839751
13-01-2026 13:35||NIFTY27JAN2624300PE,0.1562678225898086
13-01-2026 13:35||NIFTY27JAN2624800PE,0.12805501166712
13-01-2026 13:35||NIFTY27JAN2625700CE,0.1048187346550761
13-01-2026 13:40||NIFTY27JAN2623800PE,0.1675818514520476
13-01-2026 13:40||NIFTY27JAN2624400PE,0.1492293304440559
13-01-2026 13:40||NIFTY27JAN2624500PE,0.1438261395769811
13-01-2026 13:40||NIFTY27JAN2625500CE,0.1073837874169309
13-01-2026 13:40||NIFTY27JAN2625700CE,0.1050116428135563
13-01-2026 13:40||NIFTY27JAN2625900CE,0.1027365933761441
13-01-2026 13:40||NIFTY27JAN2626100CE,0.1029393507796057
13-01-2026 13:45||NIFTY27JAN2624000PE,0.1743482889070106
13-01-2026 13:45||NIFTY27JAN2624100PE,0.1676079393724276
13-01-2026 13:45||NIFTY27JAN2625100PE,0.1154093147490573
13-01-2026 13:45||NIFTY27JAN2625300CE,0.1117349019503297
13-01-2026 13:45||NIFTY27JAN2625800CE,0.1030822422786203
13-01-2026 13:45||NIFTY27JAN2626000CE,0.1024996127176544
13-01-2026 13:50||NIFTY27JAN2624200PE,0.1607941213693776
13-01-2026 13:50||NIFTY27JAN2624400PE,0.1482303363700032
13-01-2026 13:50||NIFTY27JAN2624500PE,0.1428160046866577
13-01-2026 13:50||NIFTY27JAN2626000CE,0.1025129389241363
13-01-2026 13:55||NIFTY27JAN2624200PE,0.1599324663042839
13-01-2026 13:55||NIFTY27JAN2624300PE,0.1542146108702618
13-01-2026 13:55||NIFTY27JAN2625000PE,0.1189075199047924
13-01-2026 13:55||NIFTY27JAN2625500CE,0.1062594301560928
13-01-2026 13:55||NIFTY27JAN2626000CE,0.102348640634043
13-01-2026 14:00||NIFTY27JAN2623900PE,0.178263540928268
13-01-2026 14:00||NIFTY27JAN2624000PE,0.1720560080249648
13-01-2026 14:00||NIFTY27JAN2624100PE,0.1662986253703403
13-01-2026 14:00||NIFTY27JAN2624600PE,0.1374392309208205
13-01-2026 14:00||NIFTY27JAN2625300CE,0.1096234080813312
13-01-2026 14:00||NIFTY27JAN2625700CE,0.1031274701587512
13-01-2026 14:05||NIFTY27JAN2623900PE,0.1783813270679143
13-01-2026 14:05||NIFTY27JAN2624200PE,0.1598864467315716
13-01-2026 14:05||NIFTY27JAN2624500PE,0.14292679775654
13-01-2026 14:05||NIFTY27JAN2625700CE,0.1029824048772579
13-01-2026 14:05||NIFTY27JAN2626300CE,0.1058935433090202
13-01-2026 14:05||NIFTY27JAN2626500CE,0.1368554961772824
13-01-2026 14:10||NIFTY27JAN2624300PE,0.1534955224705319
13-01-2026 14:10||NIFTY27JAN2624700PE,0.1309632925469554
13-01-2026 14:10||NIFTY27JAN2625200CE,0.1125568952110176
13-01-2026 14:10||NIFTY27JAN2625400CE,0.1068103735600521
13-01-2026 14:10||NIFTY27JAN2626100CE,0.1023422501770689
13-01-2026 14:15||NIFTY27JAN2623800PE,0.1651072890042444
13-01-2026 14:15||NIFTY27JAN2624800PE,0.1252059566742416
13-01-2026 14:15||NIFTY27JAN2626200CE,0.103672157129597
13-01-2026 14:20||NIFTY27JAN2624000PE,0.1698329254288441
13-01-2026 14:20||NIFTY27JAN2624400PE,0.1463749346703571
13-01-2026 14:20||NIFTY27JAN2624800PE,0.1245435542792484
13-01-2026 14:20||NIFTY27JAN2624900PE,0.1203868132869177
13-01-2026 14:20||NIFTY27JAN2625200CE,0.1119055985679245
13-01-2026 14:20||NIFTY27JAN2625800CE,0.1017183571384115
13-01-2026 14:25||NIFTY27JAN2624000PE,0.1683667100288466
13-01-2026 14:25||NIFTY27JAN2624100PE,0.1621245630869494
13-01-2026 14:25||NIFTY27JAN2624200PE,0.1570092978343192
13-01-2026 14:25||NIFTY27JAN2624500PE,0.139031375799088
13-01-2026 14:25||NIFTY27JAN2624600PE,0.1337420120577346
13-01-2026 14:25||NIFTY27JAN2625600CE,0.1046076965199468
13-01-2026 14:25||NIFTY27JAN2626000CE,0.1026004708361636
13-01-2026 14:25||NIFTY27JAN2626200CE,0.1049699458515977
13-01-2026 14:30||NIFTY27JAN2624500PE,0.1381691046705224
13-01-2026 14:30||NIFTY27JAN2624600PE,0.1328488388590823
13-01-2026 14:30||NIFTY27JAN2624900PE,0.1191957121393969
13-01-2026 14:30||NIFTY27JAN2625100PE,0.1128124911253717
13-01-2026 14:30||NIFTY27JAN2625600CE,0.1074370840217439
13-01-2026 14:35||NIFTY27JAN2623800PE,0.1672625004379222
13-01-2026 14:35||NIFTY27JAN2624200PE,0.1574295799547695
13-01-2026 14:35||NIFTY27JAN2625100PE,0.1124417668308479
13-01-2026 14:35||NIFTY27JAN2625400CE,0.1146787693573442
13-01-2026 14:35||NIFTY27JAN2626300CE,0.1075659535752751
13-01-2026 14:35||NIFTY27JAN2626500CE,0.1375009654333085
13-01-2026 14:40||NIFTY27JAN2624500PE,0.1395747337183785
13-01-2026 14:40||NIFTY27JAN2624600PE,0.1341875437116136
13-01-2026 14:40||NIFTY27JAN2624800PE,0.1244424647032988
13-01-2026 14:40||NIFTY27JAN2625300CE,0.1176371805474374
13-01-2026 14:40||NIFTY27JAN2625600CE,0.1084812578253453
13-01-2026 14:40||NIFTY27JAN2625800CE,0.1047575606032325
13-01-2026 14:45||NIFTY27JAN2625100PE,0.1123583345287518
13-01-2026 14:45||NIFTY27JAN2626000CE,0.1022349104332492
13-01-2026 14:45||NIFTY27JAN2626100CE,0.1022726051646445
13-01-2026 14:45||NIFTY27JAN2626500CE,0.1367118319086821
13-01-2026 14:50||NIFTY27JAN2624400PE,0.1475075215418281
13-01-2026 14:50||NIFTY27JAN2624500PE,0.1412528752779369
13-01-2026 14:55||NIFTY27JAN2623800PE,0.1655494423989632
13-01-2026 14:55||NIFTY27JAN2623900PE,0.1796872611416985
13-01-2026 14:55||NIFTY27JAN2624100PE,0.1687939249786516
13-01-2026 14:55||NIFTY27JAN2624400PE,0.148347528439654
13-01-2026 14:55||NIFTY27JAN2624500PE,0.1418921663161216
13-01-2026 14:55||NIFTY27JAN2624800PE,0.1264698949656864
13-01-2026 14:55||NIFTY27JAN2624900PE,0.1217369303047321
13-01-2026 14:55||NIFTY27JAN2625100PE,0.1128050675720295
13-01-2026 14:55||NIFTY27JAN2625700CE,0.1006217801177519
13-01-2026 14:55||NIFTY27JAN2625900CE,0.097430232799859
13-01-2026 14:55||NIFTY27JAN2626400CE,0.105394118080834
13-01-2026 15:00||NIFTY27JAN2623900PE,0.1806193207865786
13-01-2026 15:00||NIFTY27JAN2624500PE,0.1422417560256793
13-01-2026 15:00||NIFTY27JAN2624600PE,0.1371211879535342
13-01-2026 15:00||NIFTY27JAN2625100PE,0.1129983936109565
13-01-2026 15:00||NIFTY27JAN2625700CE,0.0974759271250977
13-01-2026 15:00||NIFTY27JAN2626200CE,0.0979192111777338
13-01-2026 15:05||NIFTY27JAN2624000PE,0.1754745814326057
13-01-2026 15:05||NIFTY27JAN2624500PE,0.1427504164650511
13-01-2026 15:05||NIFTY27JAN2624900PE,0.12275827355543
13-01-2026 15:05||NIFTY27JAN2625400CE,0.0986398492673412
13-01-2026 15:05||NIFTY27JAN2625700CE,0.0973800749713396
13-01-2026 15:05||NIFTY27JAN2625800CE,0.0954392224300784
13-01-2026 15:05||NIFTY27JAN2626000CE,0.0948305699373791
13-01-2026 15:05||NIFTY27JAN2626100CE,0.0955411580730571
13-01-2026 15:05||NIFTY27JAN2626500CE,0.133759245756862
13-01-2026 15:10||NIFTY27JAN2624000PE,0.1758836141988801
13-01-2026 15:10||NIFTY27JAN2624200PE,0.1621667721031285
13-01-2026 15:10||NIFTY27JAN2624400PE,0.1502036228437863
13-01-2026 15:10||NIFTY27JAN2624900PE,0.1233185166326964
13-01-2026 15:10||NIFTY27JAN2625300CE,0.100341085679156
13-01-2026 15:10||NIFTY27JAN2625600CE,0.0976367558426338
13-01-2026 15:10||NIFTY27JAN2626200CE,0.0967583833801921
13-01-2026 15:15||NIFTY27JAN2623800PE,0.1692568775480765
13-01-2026 15:15||NIFTY27JAN2624200PE,0.1627208591623592
13-01-2026 15:15||NIFTY27JAN2624600PE,0.1381986751159954
13-01-2026 15:15||NIFTY27JAN2624700PE,0.1327887181229186
13-01-2026 15:15||NIFTY27JAN2625700CE,0.0952850996441723
13-01-2026 15:15||NIFTY27JAN2626000CE,0.09427398258493
13-01-2026 15:15||NIFTY27JAN2626300CE,0.0980853202455661
13-01-2026 15:15||NIFTY27JAN2626500CE,0.1334008095753451
13-01-2026 15:20||NIFTY27JAN2623900PE,0.1818488323097554
13-01-2026 15:20||NIFTY27JAN2624300PE,0.1569347116376601
13-01-2026 15:20||NIFTY27JAN2624800PE,0.1283493103893751
13-01-2026 15:20||NIFTY27JAN2625300CE,0.1009310937499999
13-01-2026 15:20||NIFTY27JAN2625600CE,0.0963566891600272
13-01-2026 15:20||NIFTY27JAN2626200CE,0.096142810199205
13-01-2026 15:25||NIFTY27JAN2624500PE,0.1463070102600971
13-01-2026 15:25||NIFTY27JAN2624700PE,0.1344923828638244
13-01-2026 15:25||NIFTY27JAN2624900PE,0.1239546353488676
13-01-2026 15:25||NIFTY27JAN2626000CE,0.0965852624565782
14-01-2026 09:15||NIFTY27JAN2624300PE,0.1592349374494411
14-01-2026 09:15||NIFTY27JAN2624400PE,0.153066877074465
14-01-2026 09:15||NIFTY27JAN2625300CE,0.1151433749999999
14-01-2026 09:15||NIFTY27JAN2626100CE,0.0987473408749028
14-01-2026 09:15||NIFTY27JAN2626500CE,0.1380448286326038
14-01-2026 09:20||NIFTY27JAN2624100PE,0.1749722007693517
14-01-2026 09:25||NIFTY27JAN2624000PE,0.1822630534531442
14-01-2026 09:25||NIFTY27JAN2624200PE,0.169484096328862
14-01-2026 09:25||NIFTY27JAN2624700PE,0.1366930996537787
14-01-2026 09:25||NIFTY27JAN2625300CE,0.1168830397143148
14-01-2026 09:25||NIFTY27JAN2626500CE,0.1438634522472275
14-01-2026 09:30||NIFTY27JAN2623800PE,0.1779528263534635
14-01-2026 09:30||NIFTY27JAN2624000PE,0.1827677206030244
14-01-2026 09:30||NIFTY27JAN2624600PE,0.1429153347424456
14-01-2026 09:30||NIFTY27JAN2624700PE,0.1367318327017164
14-01-2026 09:30||NIFTY27JAN2626200CE,0.0995284184968891
14-01-2026 09:30||NIFTY27JAN2626500CE,0.1408951225569019
14-01-2026 09:35||NIFTY27JAN2624000PE,0.1824913295838896
14-01-2026 09:35||NIFTY27JAN2625500CE,0.1002527521357371
14-01-2026 09:35||NIFTY27JAN2626400CE,0.106649355528521
14-01-2026 09:40||NIFTY27JAN2623800PE,0.1711389529002206
14-01-2026 09:40||NIFTY27JAN2624000PE,0.1817940772046784
14-01-2026 09:40||NIFTY27JAN2624200PE,0.16872724098948
14-01-2026 09:40||NIFTY27JAN2624700PE,0.1357777310824131
14-01-2026 09:40||NIFTY27JAN2624800PE,0.1305171459457273
14-01-2026 09:40||NIFTY27JAN2625000PE,0.1201091390179436
14-01-2026 09:40||NIFTY27JAN2625500CE,0.1016064265432811
14-01-2026 09:40||NIFTY27JAN2625800CE,0.0989485802525807
14-01-2026 09:45||NIFTY27JAN2624300PE,0.1587738805016161
14-01-2026 09:45||NIFTY27JAN2624400PE,0.1520117389716553
14-01-2026 09:45||NIFTY27JAN2624500PE,0.146915968503982
14-01-2026 09:45||NIFTY27JAN2624600PE,0.1415630590940357
14-01-2026 09:45||NIFTY27JAN2625400CE,0.1081727526458256
14-01-2026 09:50||NIFTY27JAN2623800PE,0.1707840853612877
14-01-2026 09:50||NIFTY27JAN2623900PE,0.1871354527426107
14-01-2026 09:50||NIFTY27JAN2624600PE,0.1418365581701679
14-01-2026 09:50||NIFTY27JAN2625200CE,0.1101209169858559
14-01-2026 09:50||NIFTY27JAN2625300CE,0.1085113497154417
14-01-2026 09:50||NIFTY27JAN2626400CE,0.1057203071363019
14-01-2026 09:55||NIFTY27JAN2624100PE,0.1752669349186315
14-01-2026 09:55||NIFTY27JAN2626000CE,0.0985851671819838
14-01-2026 10:00||NIFTY27JAN2624000PE,0.1814696470645799
14-01-2026 10:00||NIFTY27JAN2624400PE,0.1556116748829706
14-01-2026 10:00||NIFTY27JAN2625100PE,0.1161444308656311
14-01-2026 10:00||NIFTY27JAN2625500CE,0.1029735884467497
14-01-2026 10:00||NIFTY27JAN2626100CE,0.0977677114401015
14-01-2026 10:00||NIFTY27JAN2626500CE,0.1356734858536602
14-01-2026 10:05||NIFTY27JAN2624600PE,0.1411310472940824
14-01-2026 10:05||NIFTY27JAN2624800PE,0.1296706415701772
14-01-2026 10:05||NIFTY27JAN2625000PE,0.1189433715256446
14-01-2026 10:05||NIFTY27JAN2625300CE,0.1119287100914085
14-01-2026 10:05||NIFTY27JAN2625400CE,0.1066571800819743
14-01-2026 10:05||NIFTY27JAN2626200CE,0.0997501732203133
14-01-2026 10:05||NIFTY27JAN2626300CE,0.1018288878106233
14-01-2026 10:05||NIFTY27JAN2626400CE,0.1059710629420089
14-01-2026 10:10||NIFTY27JAN2624000PE,0.1799687870587631
14-01-2026 10:10||NIFTY27JAN2624200PE,0.1667132231943328
14-01-2026 10:10||NIFTY27JAN2624500PE,0.1464045656913818
14-01-2026 10:10||NIFTY27JAN2624600PE,0.1400361222585545
14-01-2026 10:10||NIFTY27JAN2625400CE,0.1067173288942593
14-01-2026 10:10||NIFTY27JAN2625600CE,0.1009042222532681
14-01-2026 10:10||NIFTY27JAN2626400CE,0.1054232976996464
14-01-2026 10:15||NIFTY27JAN2624100PE,0.1728698739266912
14-01-2026 10:15||NIFTY27JAN2625000PE,0.1173821958317035
14-01-2026 10:15||NIFTY27JAN2625200CE,0.1098229137400555
14-01-2026 10:15||NIFTY27JAN2625600CE,0.0998323675247578
14-01-2026 10:15||NIFTY27JAN2625900CE,0.097284853601347
14-01-2026 10:20||NIFTY27JAN2624200PE,0.1657115962536104
14-01-2026 10:20||NIFTY27JAN2624700PE,0.1335584844701364
14-01-2026 10:20||NIFTY27JAN2625000PE,0.1168838790049907
14-01-2026 10:20||NIFTY27JAN2625500CE,0.1017580585675744
14-01-2026 10:20||NIFTY27JAN2625600CE,0.0999453894602631
14-01-2026 10:20||NIFTY27JAN2625700CE,0.0985085844035325
14-01-2026 10:20||NIFTY27JAN2625800CE,0.0976349026069662
14-01-2026 10:25||NIFTY27JAN2623800PE,0.1701516017673664
14-01-2026 10:25||NIFTY27JAN2624300PE,0.1591298716872876
14-01-2026 10:25||NIFTY27JAN2625000PE,0.116930857178201
14-01-2026 10:25||NIFTY27JAN2626100CE,0.0989001651246131
14-01-2026 10:25||NIFTY27JAN2626200CE,0.1002291757359894
14-01-2026 10:25||NIFTY27JAN2626400CE,0.1071460372428669
14-01-2026 10:30||NIFTY27JAN2623900PE,0.1836423899958357
14-01-2026 10:30||NIFTY27JAN2624000PE,0.1784429144516087
14-01-2026 10:30||NIFTY27JAN2624700PE,0.1325971512934322
14-01-2026 10:30||NIFTY27JAN2624800PE,0.1272872925866746
14-01-2026 10:30||NIFTY27JAN2625100PE,0.1138995906130206
14-01-2026 10:30||NIFTY27JAN2625200CE,0.111347276129581
14-01-2026 10:30||NIFTY27JAN2626500CE,0.137804751573001
14-01-2026 10:35||NIFTY27JAN2623900PE,0.1839046336196236
14-01-2026 10:35||NIFTY27JAN2624400PE,0.1528878525346482
14-01-2026 10:35||NIFTY27JAN2625600CE,0.1026760755648748
14-01-2026 10:35||NIFTY27JAN2625700CE,0.1000441459974233
14-01-2026 10:35||NIFTY27JAN2626300CE,0.1026319260531563
14-01-2026 10:40||NIFTY27JAN2623800PE,0.1725317087663622
14-01-2026 10:40||NIFTY27JAN2624100PE,0.1723711680447982
14-01-2026 10:40||NIFTY27JAN2625300CE,0.1103457118005462
14-01-2026 10:40||NIFTY27JAN2625600CE,0.1039082209794007
14-01-2026 10:40||NIFTY27JAN2626300CE,0.1028191690211678
14-01-2026 10:40||NIFTY27JAN2626500CE,0.1373616789364044
14-01-2026 10:45||NIFTY27JAN2624000PE,0.1780021138494068
14-01-2026 10:45||NIFTY27JAN2624600PE,0.1390081022129217
14-01-2026 10:45||NIFTY27JAN2624800PE,0.1267699803547787
14-01-2026 10:45||NIFTY27JAN2625400CE,0.1111660503312115
14-01-2026 10:50||NIFTY27JAN2624000PE,0.1788052230103693
14-01-2026 10:50||NIFTY27JAN2624300PE,0.1591278937127033
14-01-2026 10:50||NIFTY27JAN2624800PE,0.1270883396493156
14-01-2026 10:50||NIFTY27JAN2625200CE,0.1214390526085437
14-01-2026 10:50||NIFTY27JAN2625400CE,0.1127765643809002
14-01-2026 10:50||NIFTY27JAN2625800CE,0.1024125458008703
14-01-2026 10:55||NIFTY27JAN2624600PE,0.1400081007664662
14-01-2026 10:55||NIFTY27JAN2625000PE,0.1171190635527733
14-01-2026 10:55||NIFTY27JAN2625200CE,0.1229488724075534
14-01-2026 10:55||NIFTY27JAN2626200CE,0.1139127821523498
14-01-2026 10:55||NIFTY27JAN2626300CE,0.1195008537315965
14-01-2026 10:55||NIFTY27JAN2626400CE,0.1215883588980153
14-01-2026 10:55||NIFTY27JAN2626500CE,0.1406135204434324
14-01-2026 11:00||NIFTY27JAN2624100PE,0.1740284572766713
14-01-2026 11:00||NIFTY27JAN2626100CE,0.1015731301479317
14-01-2026 11:00||NIFTY27JAN2626300CE,0.1097771007694978
14-01-2026 11:05||NIFTY27JAN2624000PE,0.1807683509396458
14-01-2026 11:05||NIFTY27JAN2624800PE,0.129539211594727
14-01-2026 11:05||NIFTY27JAN2625300CE,0.1121815789773942
14-01-2026 11:05||NIFTY27JAN2626000CE,0.0981849025364404
14-01-2026 11:05||NIFTY27JAN2626100CE,0.0994367427474192
14-01-2026 11:05||NIFTY27JAN2626300CE,0.104715674147577
14-01-2026 11:10||NIFTY27JAN2624000PE,0.1809469800726428
14-01-2026 11:10||NIFTY27JAN2624300PE,0.1602696835901098
14-01-2026 11:10||NIFTY27JAN2624500PE,0.1474360149599398
14-01-2026 11:10||NIFTY27JAN2625200CE,0.1159746805243398
14-01-2026 11:15||NIFTY27JAN2624100PE,0.1752788155030724
14-01-2026 11:15||NIFTY27JAN2624300PE,0.1590054015106367
14-01-2026 11:15||NIFTY27JAN2624400PE,0.152107981879188
14-01-2026 11:15||NIFTY27JAN2624500PE,0.1464239319289718
14-01-2026 11:15||NIFTY27JAN2624600PE,0.1406191465051345
14-01-2026 11:15||NIFTY27JAN2625500CE,0.1062392734748693
14-01-2026 11:15||NIFTY27JAN2625800CE,0.1007687680152551
14-01-2026 11:15||NIFTY27JAN2626000CE,0.0974802246486365
14-01-2026 11:20||NIFTY27JAN2623800PE,0.1691709558712239
14-01-2026 11:20||NIFTY27JAN2623900PE,0.1875197086518922
14-01-2026 11:20||NIFTY27JAN2624600PE,0.1412330230113672
14-01-2026 11:20||NIFTY27JAN2624800PE,0.129765903318077
14-01-2026 11:20||NIFTY27JAN2625100PE,0.1147725341014887
14-01-2026 11:20||NIFTY27JAN2625300CE,0.1180713850823864
14-01-2026 11:20||NIFTY27JAN2625600CE,0.1061532441100037
14-01-2026 11:20||NIFTY27JAN2625800CE,0.1014793509681919
14-01-2026 11:25||NIFTY27JAN2623900PE,0.1882898959720959
14-01-2026 11:25||NIFTY27JAN2624700PE,0.1357376036394056
14-01-2026 11:25||NIFTY27JAN2624900PE,0.1244632519822055
14-01-2026 11:25||NIFTY27JAN2625400CE,0.1130110860798759
14-01-2026 11:25||NIFTY27JAN2626200CE,0.0983990272487307
14-01-2026 11:30||NIFTY27JAN2624200PE,0.1678143648257727
14-01-2026 11:30||NIFTY27JAN2624300PE,0.1607954051611142
14-01-2026 11:30||NIFTY27JAN2624400PE,0.1551271748383318
14-01-2026 11:30||NIFTY27JAN2625000PE,0.1198872736074302
14-01-2026 11:30||NIFTY27JAN2625300CE,0.1158336253328028
14-01-2026 11:30||NIFTY27JAN2625800CE,0.1000687861025183
14-01-2026 11:30||NIFTY27JAN2626000CE,0.0976960484382353
14-01-2026 11:35||NIFTY27JAN2623900PE,0.1895189857315432
14-01-2026 11:35||NIFTY27JAN2624400PE,0.1549658955986675
14-01-2026 11:35||NIFTY27JAN2624500PE,0.1492857788020262
14-01-2026 11:35||NIFTY27JAN2624700PE,0.1371368358991962
14-01-2026 11:35||NIFTY27JAN2625100PE,0.116621507882129
14-01-2026 11:35||NIFTY27JAN2625500CE,0.1056172633901667
14-01-2026 11:35||NIFTY27JAN2625700CE,0.1005646485593261
14-01-2026 11:35||NIFTY27JAN2626100CE,0.0964018952994532
14-01-2026 11:40||NIFTY27JAN2623900PE,0.1896563134974429
14-01-2026 11:40||NIFTY27JAN2625500CE,0.1060515463919908
14-01-2026 11:40||NIFTY27JAN2625600CE,0.1035205569507645
14-01-2026 11:40||NIFTY27JAN2626500CE,0.1354198433192994
14-01-2026 11:45||NIFTY27JAN2623900PE,0.1897733661802859
14-01-2026 11:45||NIFTY27JAN2624300PE,0.1630337801396963
14-01-2026 11:45||NIFTY27JAN2624500PE,0.1496963538065832
14-01-2026 11:45||NIFTY27JAN2626400CE,0.1032959968556706
14-01-2026 11:50||NIFTY27JAN2625100PE,0.1163073865576167
14-01-2026 11:50||NIFTY27JAN2625700CE,0.1016696248916765
14-01-2026 11:50||NIFTY27JAN2625800CE,0.0997085463348148
14-01-2026 11:50||NIFTY27JAN2626100CE,0.0965100637074648
14-01-2026 11:55||NIFTY27JAN2624200PE,0.1709068730762206
14-01-2026 11:55||NIFTY27JAN2624400PE,0.1566229175760823
14-01-2026 11:55||NIFTY27JAN2624800PE,0.1317056268097452
14-01-2026 11:55||NIFTY27JAN2625200CE,0.114266809392935
14-01-2026 11:55||NIFTY27JAN2625600CE,0.1014240555582544
14-01-2026 12:00||NIFTY27JAN2623800PE,0.1741681839073169
14-01-2026 12:00||NIFTY27JAN2624400PE,0.1565762055523563
14-01-2026 12:00||NIFTY27JAN2624900PE,0.1276041250419671
14-01-2026 12:00||NIFTY27JAN2625000PE,0.1236685521407821
14-01-2026 12:00||NIFTY27JAN2625100PE,0.1196348749999999
14-01-2026 12:05||NIFTY27JAN2624400PE,0.1560725882773395
14-01-2026 12:05||NIFTY27JAN2624600PE,0.143412601963038
14-01-2026 12:05||NIFTY27JAN2626500CE,0.1360293684272752
14-01-2026 12:10||NIFTY27JAN2624400PE,0.1557037085886234
14-01-2026 12:10||NIFTY27JAN2624600PE,0.1425568711488317
14-01-2026 12:10||NIFTY27JAN2624800PE,0.1300298771928344
14-01-2026 12:10||NIFTY27JAN2624900PE,0.1247597846158332
14-01-2026 12:10||NIFTY27JAN2625100PE,0.1160929346369126
14-01-2026 12:10||NIFTY27JAN2625900CE,0.0946404243215782
14-01-2026 12:10||NIFTY27JAN2626300CE,0.0963169624559145
14-01-2026 12:15||NIFTY27JAN2624200PE,0.1695557924743229
14-01-2026 12:15||NIFTY27JAN2624800PE,0.1296094350952876
14-01-2026 12:15||NIFTY27JAN2626500CE,0.1357071116003672
14-01-2026 12:20||NIFTY27JAN2623800PE,0.1715188169667566
14-01-2026 12:20||NIFTY27JAN2623900PE,0.1886044687428494
14-01-2026 12:20||NIFTY27JAN2625300CE,0.1075962381324141
14-01-2026 12:20||NIFTY27JAN2626400CE,0.1014056609921269
14-01-2026 12:25||NIFTY27JAN2624500PE,0.1501195673170782
14-01-2026 12:25||NIFTY27JAN2625400CE,0.1020542312388753
14-01-2026 12:25||NIFTY27JAN2625500CE,0.1004187576989543
14-01-2026 12:25||NIFTY27JAN2625900CE,0.0939190623776018
14-01-2026 12:30||NIFTY27JAN2623900PE,0.1897421681511141
14-01-2026 12:30||NIFTY27JAN2624300PE,0.1637944961186551
14-01-2026 12:30||NIFTY27JAN2624900PE,0.1254726327764866
14-01-2026 12:30||NIFTY27JAN2625800CE,0.0944105611258694
14-01-2026 12:30||NIFTY27JAN2626300CE,0.0959577465528679
14-01-2026 12:30||NIFTY27JAN2626400CE,0.0983653423078279
14-01-2026 12:35||NIFTY27JAN2623900PE,0.1901073729313748
14-01-2026 12:35||NIFTY27JAN2625300CE,0.1054708693663188
14-01-2026 12:35||NIFTY27JAN2625500CE,0.0979325866993219
14-01-2026 12:35||NIFTY27JAN2625900CE,0.0929648531321387
14-01-2026 12:45||NIFTY27JAN2625600CE,0.0950783754971449
14-01-2026 12:45||NIFTY27JAN2625700CE,0.0937507285524477
14-01-2026 12:50||NIFTY27JAN2624900PE,0.1240884242502125
14-01-2026 12:50||NIFTY27JAN2626300CE,0.0957561485273032
14-01-2026 12:50||NIFTY27JAN2626500CE,0.1355391582436311
14-01-2026 12:55||NIFTY27JAN2623900PE,0.1877672844551
14-01-2026 12:55||NIFTY27JAN2624300PE,0.1615251374635511
14-01-2026 12:55||NIFTY27JAN2625000PE,0.1181448663602899
14-01-2026 13:00||NIFTY27JAN2624700PE,0.1347277272503786
14-01-2026 13:00||NIFTY27JAN2625400CE,0.1006853689050011
14-01-2026 13:00||NIFTY27JAN2625700CE,0.095769319768206
14-01-2026 13:00||NIFTY27JAN2625800CE,0.0943806027520918
14-01-2026 13:00||NIFTY27JAN2626200CE,0.0944131952341696
14-01-2026 13:00||NIFTY27JAN2626300CE,0.0960498595844437
14-01-2026 13:00||NIFTY27JAN2626500CE,0.1357384884984115
14-01-2026 13:05||NIFTY27JAN2624000PE,0.181118058974992
14-01-2026 13:05||NIFTY27JAN2624400PE,0.155160501349061
14-01-2026 13:05||NIFTY27JAN2624800PE,0.1281412669847507
14-01-2026 13:05||NIFTY27JAN2624900PE,0.1229141525355685
14-01-2026 13:05||NIFTY27JAN2625800CE,0.094037098918609
14-01-2026 13:05||NIFTY27JAN2626200CE,0.0938706491116676
14-01-2026 13:05||NIFTY27JAN2626300CE,0.0955537370743465
14-01-2026 13:10||NIFTY27JAN2624000PE,0.1810367765154781
14-01-2026 13:10||NIFTY27JAN2624600PE,0.1403440668280217
14-01-2026 13:10||NIFTY27JAN2624700PE,0.1338552466893209
14-01-2026 13:10||NIFTY27JAN2624900PE,0.1230650308746432
14-01-2026 13:10||NIFTY27JAN2625300CE,0.1003624576946589
14-01-2026 13:10||NIFTY27JAN2625800CE,0.0922224319061845
14-01-2026 13:10||NIFTY27JAN2625900CE,0.091667079687402
14-01-2026 13:10||NIFTY27JAN2626400CE,0.0986744700531679
14-01-2026 13:15||NIFTY27JAN2624000PE,0.1805468285591595
14-01-2026 13:15||NIFTY27JAN2624600PE,0.1402394155501045
14-01-2026 13:15||NIFTY27JAN2624800PE,0.1280676813015319
14-01-2026 13:15||NIFTY27JAN2625200CE,0.0922544541685297
14-01-2026 13:15||NIFTY27JAN2625600CE,0.0920870061390302
14-01-2026 13:15||NIFTY27JAN2626100CE,0.0910477114894143
14-01-2026 13:15||NIFTY27JAN2626200CE,0.0922072181568005
14-01-2026 13:20||NIFTY27JAN2624400PE,0.1537409150171808
14-01-2026 13:20||NIFTY27JAN2624700PE,0.13353029041785
14-01-2026 13:20||NIFTY27JAN2624900PE,0.122527438033009
14-01-2026 13:20||NIFTY27JAN2625200CE,0.0805209571228541
14-01-2026 13:20||NIFTY27JAN2625900CE,0.090532384540169
14-01-2026 13:25||NIFTY27JAN2624100PE,0.1719589646590905
14-01-2026 13:25||NIFTY27JAN2624700PE,0.1332964981900629
14-01-2026 13:25||NIFTY27JAN2624900PE,0.1221919326871576
14-01-2026 13:25||NIFTY27JAN2625200CE,0.0722741015036004
14-01-2026 13:25||NIFTY27JAN2625600CE,0.0915626556019872
14-01-2026 13:25||NIFTY27JAN2626400CE,0.1136618244894413
14-01-2026 13:25||NIFTY27JAN2626500CE,0.1409182211661925
14-01-2026 13:30||NIFTY27JAN2624200PE,0.1638986606939513
14-01-2026 13:30||NIFTY27JAN2624300PE,0.1580454142278265
14-01-2026 13:30||NIFTY27JAN2625200CE,0.0701206290252089
14-01-2026 13:30||NIFTY27JAN2625700CE,0.0905857116618736
14-01-2026 13:30||NIFTY27JAN2626500CE,0.1410329934977204
14-01-2026 13:35||NIFTY27JAN2624000PE,0.1756078515033324
14-01-2026 13:35||NIFTY27JAN2624100PE,0.1688455040295399
14-01-2026 13:35||NIFTY27JAN2625100PE,0.1130441842999745
14-01-2026 13:35||NIFTY27JAN2625500CE,0.0901112984514704
14-01-2026 13:35||NIFTY27JAN2625700CE,0.0903345375313799
14-01-2026 13:40||NIFTY27JAN2626500CE,0.1354758932756931
14-01-2026 13:45||NIFTY27JAN2624100PE,0.1670993747605419
14-01-2026 13:45||NIFTY27JAN2624200PE,0.1611404129442521
14-01-2026 13:45||NIFTY27JAN2624400PE,0.1490075215450959
14-01-2026 13:45||NIFTY27JAN2624600PE,0.1347162997848659
14-01-2026 13:45||NIFTY27JAN2624700PE,0.1289962514974055
14-01-2026 13:45||NIFTY27JAN2624800PE,0.1246654368540907
14-01-2026 13:45||NIFTY27JAN2625400CE,0.0964551981955625
14-01-2026 13:45||NIFTY27JAN2626200CE,0.0980552266485092
14-01-2026 13:45||NIFTY27JAN2626300CE,0.1011422611979399
14-01-2026 13:45||NIFTY27JAN2626400CE,0.105662895813245
14-01-2026 13:50||NIFTY27JAN2625400CE,0.0956206410400845
14-01-2026 13:50||NIFTY27JAN2625600CE,0.093757369042702
14-01-2026 13:50||NIFTY27JAN2626300CE,0.1010973066835809
14-01-2026 13:55||NIFTY27JAN2623800PE,0.1646851113935574
14-01-2026 13:55||NIFTY27JAN2624600PE,0.1353679606958547
14-01-2026 13:55||NIFTY27JAN2624900PE,0.1199816497317896
14-01-2026 13:55||NIFTY27JAN2625200CE,0.0928581471969348
14-01-2026 13:55||NIFTY27JAN2626200CE,0.0980146668747909
14-01-2026 14:00||NIFTY27JAN2623800PE,0.1644807384829266
14-01-2026 14:00||NIFTY27JAN2623900PE,0.1799982792200468
14-01-2026 14:00||NIFTY27JAN2624400PE,0.1472906947190399
14-01-2026 14:00||NIFTY27JAN2624500PE,0.1413850518795382
14-01-2026 14:05||NIFTY27JAN2624000PE,0.1747211059759579
14-01-2026 14:05||NIFTY27JAN2624300PE,0.1543661595011607
14-01-2026 14:05||NIFTY27JAN2624700PE,0.1288839174535334
14-01-2026 14:05||NIFTY27JAN2624800PE,0.1237711261030388
14-01-2026 14:05||NIFTY27JAN2625200CE,0.101738945067851
14-01-2026 14:05||NIFTY27JAN2625700CE,0.0943956401652014
14-01-2026 14:05||NIFTY27JAN2625900CE,0.0950718095947237
14-01-2026 14:10||NIFTY27JAN2624200PE,0.1615369276515951
14-01-2026 14:10||NIFTY27JAN2624800PE,0.1239523895021509
14-01-2026 14:10||NIFTY27JAN2625700CE,0.0942712393828441
14-01-2026 14:15||NIFTY27JAN2624600PE,0.1357569640452538
14-01-2026 14:15||NIFTY27JAN2625300CE,0.0993407109443898
14-01-2026 14:15||NIFTY27JAN2625900CE,0.0946707721227589
14-01-2026 14:15||NIFTY27JAN2626000CE,0.0953440406041993
14-01-2026 14:15||NIFTY27JAN2626500CE,0.1355869789616414
14-01-2026 14:20||NIFTY27JAN2624400PE,0.1482286728087972
14-01-2026 14:20||NIFTY27JAN2624900PE,0.1194163560598959
14-01-2026 14:20||NIFTY27JAN2625100PE,0.1117692971890048
14-01-2026 14:25||NIFTY27JAN2623800PE,0.1687044028737809
14-01-2026 14:25||NIFTY27JAN2625600CE,0.0984911173744351
14-01-2026 14:25||NIFTY27JAN2626100CE,0.0988951961013737
14-01-2026 14:30||NIFTY27JAN2623900PE,0.1802669088514789
14-01-2026 14:30||NIFTY27JAN2624300PE,0.1531389748632286
14-01-2026 14:30||NIFTY27JAN2624500PE,0.1408477602974517
14-01-2026 14:30||NIFTY27JAN2625000PE,0.1144213442744074
14-01-2026 14:30||NIFTY27JAN2625100PE,0.1107525541059207
14-01-2026 14:30||NIFTY27JAN2625400CE,0.1062190771696235
14-01-2026 14:30||NIFTY27JAN2626000CE,0.0989158964844425
14-01-2026 14:30||NIFTY27JAN2626100CE,0.0998933353510545
14-01-2026 14:30||NIFTY27JAN2626400CE,0.1195170424423144
14-01-2026 14:30||NIFTY27JAN2626500CE,0.1409689352342344
14-01-2026 14:35||NIFTY27JAN2624000PE,0.1750219030961842
14-01-2026 14:35||NIFTY27JAN2624300PE,0.1535442569108887
14-01-2026 14:35||NIFTY27JAN2625500CE,0.1038193731826953
14-01-2026 14:35||NIFTY27JAN2625900CE,0.0981403283363932
14-01-2026 14:35||NIFTY27JAN2626400CE,0.1133695021368691
14-01-2026 14:40||NIFTY27JAN2624300PE,0.1541945173720449
14-01-2026 14:40||NIFTY27JAN2624400PE,0.147352953217824
14-01-2026 14:40||NIFTY27JAN2624500PE,0.1418752384097865
14-01-2026 14:40||NIFTY27JAN2624700PE,0.1294755175280426
14-01-2026 14:40||NIFTY27JAN2624800PE,0.1238979967965639
14-01-2026 14:40||NIFTY27JAN2625000PE,0.1145772791853688
14-01-2026 14:40||NIFTY27JAN2625400CE,0.1048346684831469
14-01-2026 14:40||NIFTY27JAN2625800CE,0.0973822035453926
14-01-2026 14:45||NIFTY27JAN2624500PE,0.1434359540728634
14-01-2026 14:45||NIFTY27JAN2624800PE,0.1251713818630145
14-01-2026 14:45||NIFTY27JAN2625100PE,0.1116753080440977
14-01-2026 14:45||NIFTY27JAN2625400CE,0.101763868929219
14-01-2026 14:45||NIFTY27JAN2625500CE,0.0998998766151798
14-01-2026 14:45||NIFTY27JAN2625800CE,0.0953282072904658
14-01-2026 14:45||NIFTY27JAN2626100CE,0.0973749678476282
14-01-2026 14:45||NIFTY27JAN2626200CE,0.0992334517490547
14-01-2026 14:45||NIFTY27JAN2626300CE,0.101300272026983
14-01-2026 14:50||NIFTY27JAN2624400PE,0.1508254743627187
14-01-2026 14:50||NIFTY27JAN2624600PE,0.1375462029257439
14-01-2026 14:50||NIFTY27JAN2624900PE,0.1207259591869132
14-01-2026 14:50||NIFTY27JAN2625200CE,0.1024011430084245
14-01-2026 14:50||NIFTY27JAN2625700CE,0.094476310636016
14-01-2026 14:50||NIFTY27JAN2625800CE,0.0936607652411651
14-01-2026 14:50||NIFTY27JAN2626300CE,0.1001456850414298
14-01-2026 14:55||NIFTY27JAN2624100PE,0.170041804023745
14-01-2026 14:55||NIFTY27JAN2624200PE,0.1635497954980015
14-01-2026 14:55||NIFTY27JAN2624600PE,0.1377119612510622
14-01-2026 14:55||NIFTY27JAN2624800PE,0.1259151347945147
14-01-2026 14:55||NIFTY27JAN2625100PE,0.1117952401596781
14-01-2026 14:55||NIFTY27JAN2625300CE,0.1005933506034911
14-01-2026 14:55||NIFTY27JAN2625400CE,0.0992320918303047
14-01-2026 14:55||NIFTY27JAN2625600CE,0.0952144267518092
14-01-2026 14:55||NIFTY27JAN2626400CE,0.1031608528857489
14-01-2026 15:00||NIFTY27JAN2624300PE,0.1569409408008779
14-01-2026 15:00||NIFTY27JAN2624700PE,0.1314173909069985
14-01-2026 15:00||NIFTY27JAN2625800CE,0.0928096415981176
14-01-2026 15:05||NIFTY27JAN2623900PE,0.182858128528742
14-01-2026 15:05||NIFTY27JAN2624400PE,0.1501106679315915
14-01-2026 15:05||NIFTY27JAN2624800PE,0.1259127585953851
14-01-2026 15:05||NIFTY27JAN2626300CE,0.1008911194852495
14-01-2026 15:10||NIFTY27JAN2624100PE,0.1695382008037239
14-01-2026 15:10||NIFTY27JAN2624500PE,0.14310806250008
14-01-2026 15:10||NIFTY27JAN2624900PE,0.120740669364563
14-01-2026 15:10||NIFTY27JAN2625500CE,0.0976656986056303
14-01-2026 15:10||NIFTY27JAN2626200CE,0.0991583574080958
14-01-2026 15:15||NIFTY27JAN2624400PE,0.1490701141175269
14-01-2026 15:15||NIFTY27JAN2624700PE,0.130811354407723
14-01-2026 15:15||NIFTY27JAN2625100PE,0.1124179901596781
14-01-2026 15:15||NIFTY27JAN2625500CE,0.1007220026357221
14-01-2026 15:15||NIFTY27JAN2625900CE,0.0968873323172334
14-01-2026 15:15||NIFTY27JAN2626100CE,0.0981175965366998
14-01-2026 15:20||NIFTY27JAN2624500PE,0.1430927004537563
14-01-2026 15:20||NIFTY27JAN2624800PE,0.1256118623508361
14-01-2026 15:20||NIFTY27JAN2626100CE,0.099090973217976
14-01-2026 15:20||NIFTY27JAN2626300CE,0.1063874148790176
14-01-2026 15:20||NIFTY27JAN2626400CE,0.1138691427096996
14-01-2026 15:25||NIFTY27JAN2623900PE,0.1860137266470304
14-01-2026 15:25||NIFTY27JAN2624600PE,0.1389963466198746
14-01-2026 15:25||NIFTY27JAN2625100PE,0.1133904217657358
14-01-2026 15:25||NIFTY27JAN2625200CE,0.1242941031808088
14-01-2026 15:25||NIFTY27JAN2626400CE,0.1200863287936081
14-01-2026 15:25||NIFTY27JAN2626500CE,0.1430554611545963
16-01-2026 09:15||NIFTY27JAN2624100PE,0.1710581436878935
16-01-2026 09:15||NIFTY27JAN2624200PE,0.1650081361357465
16-01-2026 09:15||NIFTY27JAN2624300PE,0.1604533137258458
16-01-2026 09:15||NIFTY27JAN2624800PE,0.1288878771102431
16-01-2026 09:15||NIFTY27JAN2625000PE,0.1178506551437361
16-01-2026 09:15||NIFTY27JAN2626000CE,0.0995745667513754
16-01-2026 09:15||NIFTY27JAN2626100CE,0.0996125993115591
16-01-2026 09:20||NIFTY27JAN2624100PE,0.1731648758737997
16-01-2026 09:20||NIFTY27JAN2624400PE,0.1548162274665925
16-01-2026 09:20||NIFTY27JAN2624600PE,0.140964131207437
16-01-2026 09:20||NIFTY27JAN2625000PE,0.1180655466906283
16-01-2026 09:20||NIFTY27JAN2625200CE,0.134505642064834
16-01-2026 09:20||NIFTY27JAN2625400CE,0.1178819231463286
16-01-2026 09:20||NIFTY27JAN2625700CE,0.1058233504951097
16-01-2026 09:20||NIFTY27JAN2626000CE,0.0987254777873469
16-01-2026 09:25||NIFTY27JAN2624600PE,0.1395864948696787
16-01-2026 09:25||NIFTY27JAN2624700PE,0.1336105901233993
16-01-2026 09:25||NIFTY27JAN2625300CE,0.1221310069548165
16-01-2026 09:25||NIFTY27JAN2625600CE,0.1071792726992532
16-01-2026 09:25||NIFTY27JAN2626300CE,0.1006548581782676
16-01-2026 09:25||NIFTY27JAN2626500CE,0.1370162981519715
16-01-2026 09:30||NIFTY27JAN2623800PE,0.1742187392048004
16-01-2026 09:30||NIFTY27JAN2624300PE,0.15821566056355
16-01-2026 09:30||NIFTY27JAN2624400PE,0.1520780763563134
16-01-2026 09:30||NIFTY27JAN2624900PE,0.1214489854388081
16-01-2026 09:30||NIFTY27JAN2625100PE,0.1119605692568526
16-01-2026 09:30||NIFTY27JAN2625500CE,0.1100278768846217
16-01-2026 09:30||NIFTY27JAN2625700CE,0.1029893625384278
16-01-2026 09:30||NIFTY27JAN2625900CE,0.098711851910183
16-01-2026 09:30||NIFTY27JAN2626000CE,0.0973206943174849
16-01-2026 09:35||NIFTY27JAN2624100PE,0.1718460881927892
16-01-2026 09:35||NIFTY27JAN2624200PE,0.1643239654349599
16-01-2026 09:35||NIFTY27JAN2624800PE,0.1254297216029042
16-01-2026 09:35||NIFTY27JAN2625100PE,0.1106480534031439
16-01-2026 09:35||NIFTY27JAN2626300CE,0.1001395147551509
16-01-2026 09:35||NIFTY27JAN2626400CE,0.1058051621804391
16-01-2026 09:40||NIFTY27JAN2624200PE,0.1646924764804879
16-01-2026 09:40||NIFTY27JAN2624300PE,0.158655384352968
16-01-2026 09:40||NIFTY27JAN2625900CE,0.1007618443511604
16-01-2026 09:40||NIFTY27JAN2626500CE,0.1359706734295218
16-01-2026 09:45||NIFTY27JAN2623900PE,0.1889937667828802
16-01-2026 09:45||NIFTY27JAN2624500PE,0.1460941785406332
16-01-2026 09:45||NIFTY27JAN2624800PE,0.123909979920668
16-01-2026 09:45||NIFTY27JAN2624900PE,0.117595474489306
16-01-2026 09:45||NIFTY27JAN2625400CE,0.1220351804223186
16-01-2026 09:45||NIFTY27JAN2626000CE,0.0997499452244001
16-01-2026 09:45||NIFTY27JAN2626100CE,0.0984293010973725
16-01-2026 09:50||NIFTY27JAN2623900PE,0.190377694845524
16-01-2026 09:50||NIFTY27JAN2624200PE,0.1688802057311519
16-01-2026 09:50||NIFTY27JAN2624900PE,0.1180787521612801
16-01-2026 09:50||NIFTY27JAN2625500CE,0.1138618346168692
16-01-2026 09:50||NIFTY27JAN2625600CE,0.1091293906381494
16-01-2026 09:50||NIFTY27JAN2625700CE,0.1058290983241093
16-01-2026 09:50||NIFTY27JAN2625800CE,0.1023833170501917
16-01-2026 09:50||NIFTY27JAN2626000CE,0.0990954668070021
16-01-2026 09:50||NIFTY27JAN2626200CE,0.0970150540329971
16-01-2026 09:55||NIFTY27JAN2623800PE,0.1807458994707755
16-01-2026 09:55||NIFTY27JAN2624000PE,0.1843563098174315
16-01-2026 09:55||NIFTY27JAN2624200PE,0.1704303348548612
16-01-2026 09:55||NIFTY27JAN2624500PE,0.1484464685129247
16-01-2026 09:55||NIFTY27JAN2624900PE,0.1185883668639478
16-01-2026 09:55||NIFTY27JAN2625000PE,0.1136062495392595
16-01-2026 09:55||NIFTY27JAN2625300CE,0.1259964240399967
16-01-2026 09:55||NIFTY27JAN2625400CE,0.1190155697211151
16-01-2026 09:55||NIFTY27JAN2625500CE,0.1136995120933753
16-01-2026 09:55||NIFTY27JAN2625700CE,0.1055662802223514
16-01-2026 09:55||NIFTY27JAN2625900CE,0.0993091490862615
16-01-2026 09:55||NIFTY27JAN2626000CE,0.0982541466548104
16-01-2026 09:55||NIFTY27JAN2626400CE,0.12503126558071
16-01-2026 09:55||NIFTY27JAN2626500CE,0.1504505568539887
16-01-2026 10:00||NIFTY27JAN2624000PE,0.1847019490296853
16-01-2026 10:00||NIFTY27JAN2625400CE,0.1231858369970233
16-01-2026 10:00||NIFTY27JAN2625900CE,0.1008581086553433
16-01-2026 10:00||NIFTY27JAN2626000CE,0.0992552384402404
16-01-2026 10:00||NIFTY27JAN2626400CE,0.1301701037203114
16-01-2026 10:00||NIFTY27JAN2626500CE,0.1552155256674311
16-01-2026 10:05||NIFTY27JAN2624000PE,0.185522804748973
16-01-2026 10:05||NIFTY27JAN2624100PE,0.1792414896519901
16-01-2026 10:05||NIFTY27JAN2624400PE,0.1578500430478601
16-01-2026 10:05||NIFTY27JAN2625100PE,0.1107457589671736
16-01-2026 10:05||NIFTY27JAN2625700CE,0.1112311219772326
16-01-2026 10:05||NIFTY27JAN2626400CE,0.1285422537801469
16-01-2026 10:05||NIFTY27JAN2626500CE,0.1533406269048302
16-01-2026 10:10||NIFTY27JAN2623900PE,0.1954355437520399
16-01-2026 10:10||NIFTY27JAN2624800PE,0.1301618875126257
16-01-2026 10:10||NIFTY27JAN2625300CE,0.139660771627726
16-01-2026 10:10||NIFTY27JAN2625600CE,0.1208684299122917
16-01-2026 10:10||NIFTY27JAN2626100CE,0.1026742825702996
16-01-2026 10:10||NIFTY27JAN2626400CE,0.1162093284177175
16-01-2026 10:15||NIFTY27JAN2623800PE,0.1801177562472226
16-01-2026 10:15||NIFTY27JAN2624400PE,0.1619292370098709
16-01-2026 10:15||NIFTY27JAN2624500PE,0.1543905490778844
16-01-2026 10:15||NIFTY27JAN2625300CE,0.1451502552925328
16-01-2026 10:20||NIFTY27JAN2623800PE,0.1808820404867011
16-01-2026 10:20||NIFTY27JAN2624300PE,0.1728991282090287
16-01-2026 10:20||NIFTY27JAN2624500PE,0.1576728359178634
16-01-2026 10:20||NIFTY27JAN2624800PE,0.1361836562499999
16-01-2026 10:20||NIFTY27JAN2625700CE,0.1193283212943409
16-01-2026 10:20||NIFTY27JAN2625900CE,0.1104123087087499
16-01-2026 10:20||NIFTY27JAN2626400CE,0.1052144005450446
16-01-2026 10:25||NIFTY27JAN2624000PE,0.196672971569313
16-01-2026 10:25||NIFTY27JAN2624200PE,0.1813089760381843
16-01-2026 10:25||NIFTY27JAN2624300PE,0.1742047083707595
16-01-2026 10:25||NIFTY27JAN2624600PE,0.1527165113436638
16-01-2026 10:25||NIFTY27JAN2625400CE,0.1357053918219978
16-01-2026 10:25||NIFTY27JAN2626000CE,0.1053826766846549
16-01-2026 10:30||NIFTY27JAN2624200PE,0.1824978787246892
16-01-2026 10:30||NIFTY27JAN2624400PE,0.1688826244413325
16-01-2026 10:30||NIFTY27JAN2624800PE,0.1394040785482843
16-01-2026 10:30||NIFTY27JAN2625500CE,0.1242243295504863
16-01-2026 10:35||NIFTY27JAN2624000PE,0.1977544375
16-01-2026 10:35||NIFTY27JAN2624200PE,0.1832642757422136
16-01-2026 10:35||NIFTY27JAN2624900PE,0.133085166766445
16-01-2026 10:35||NIFTY27JAN2625100PE,0.1223474032499494
16-01-2026 10:35||NIFTY27JAN2625200CE,0.1372126079091964
16-01-2026 10:35||NIFTY27JAN2625600CE,0.1147447372480069
16-01-2026 10:35||NIFTY27JAN2626300CE,0.0986666215680495
16-01-2026 10:35||NIFTY27JAN2626400CE,0.0997087218326053
16-01-2026 10:40||NIFTY27JAN2623800PE,0.1818158916079042
16-01-2026 10:40||NIFTY27JAN2624200PE,0.1831137745229318
16-01-2026 10:40||NIFTY27JAN2624700PE,0.147370335044946
16-01-2026 10:40||NIFTY27JAN2624900PE,0.1332438083965586
16-01-2026 10:40||NIFTY27JAN2626200CE,0.0976021797908995
16-01-2026 10:45||NIFTY27JAN2623800PE,0.1822872268766948
16-01-2026 10:45||NIFTY27JAN2624000PE,0.1973966100180345
16-01-2026 10:45||NIFTY27JAN2624400PE,0.1687705511873714
16-01-2026 10:45||NIFTY27JAN2624600PE,0.1538377072076749
16-01-2026 10:45||NIFTY27JAN2624900PE,0.1328875566448112
16-01-2026 10:45||NIFTY27JAN2625200CE,0.1335901454605664
16-01-2026 10:50||NIFTY27JAN2624200PE,0.1805353538921822
16-01-2026 10:50||NIFTY27JAN2624300PE,0.1734321676993364
16-01-2026 10:50||NIFTY27JAN2624400PE,0.167444920971505
16-01-2026 10:50||NIFTY27JAN2624600PE,0.1532053947625474
16-01-2026 10:50||NIFTY27JAN2625400CE,0.1258881581022554
16-01-2026 10:50||NIFTY27JAN2626300CE,0.0980648262705547
16-01-2026 10:50||NIFTY27JAN2626400CE,0.1017825594399451
16-01-2026 10:55||NIFTY27JAN2623800PE,0.1843707873172075
16-01-2026 10:55||NIFTY27JAN2623900PE,0.2020392687362129
16-01-2026 10:55||NIFTY27JAN2624900PE,0.1312143346750014
16-01-2026 10:55||NIFTY27JAN2625400CE,0.1267842867451365
16-01-2026 10:55||NIFTY27JAN2625800CE,0.1047308367033764
16-01-2026 10:55||NIFTY27JAN2625900CE,0.101599173550666
16-01-2026 10:55||NIFTY27JAN2626100CE,0.0974736508329299
16-01-2026 10:55||NIFTY27JAN2626500CE,0.1369055721420656
16-01-2026 11:00||NIFTY27JAN2624400PE,0.1664457984253642
16-01-2026 11:00||NIFTY27JAN2624900PE,0.130403484230275
16-01-2026 11:00||NIFTY27JAN2625000PE,0.1244518611112165
16-01-2026 11:00||NIFTY27JAN2625300CE,0.1358101995137537
16-01-2026 11:00||NIFTY27JAN2626000CE,0.0991755455167759
16-01-2026 11:00||NIFTY27JAN2626100CE,0.0972278130422779
16-01-2026 11:05||NIFTY27JAN2624300PE,0.1728472246635244
16-01-2026 11:05||NIFTY27JAN2624400PE,0.1658661565828629
16-01-2026 11:05||NIFTY27JAN2625100PE,0.1206336650736826
16-01-2026 11:05||NIFTY27JAN2626100CE,0.0973635256282467
16-01-2026 11:10||NIFTY27JAN2624000PE,0.1932064079046898
16-01-2026 11:10||NIFTY27JAN2625800CE,0.1038599125714428
16-01-2026 11:10||NIFTY27JAN2626000CE,0.0983927582681933
16-01-2026 11:15||NIFTY27JAN2623900PE,0.1989639209623036
16-01-2026 11:15||NIFTY27JAN2624600PE,0.1504225824768895
16-01-2026 11:15||NIFTY27JAN2625800CE,0.1030217346241888
16-01-2026 11:15||NIFTY27JAN2626200CE,0.0962024815448379
16-01-2026 11:20||NIFTY27JAN2623800PE,0.1791597746888702
16-01-2026 11:20||NIFTY27JAN2624000PE,0.1905475593870878
16-01-2026 11:20||NIFTY27JAN2624100PE,0.1839356005745705
16-01-2026 11:20||NIFTY27JAN2624900PE,0.130117915218428
16-01-2026 11:20||NIFTY27JAN2625900CE,0.0999052647499598
16-01-2026 11:20||NIFTY27JAN2626000CE,0.0978229691457662
16-01-2026 11:20||NIFTY27JAN2626200CE,0.0963314009937269
16-01-2026 11:25||NIFTY27JAN2624200PE,0.1770942388951359
16-01-2026 11:25||NIFTY27JAN2624800PE,0.13589397243159
16-01-2026 11:25||NIFTY27JAN2625000PE,0.1236640439628558
16-01-2026 11:25||NIFTY27JAN2626300CE,0.097191448246792
16-01-2026 11:30||NIFTY27JAN2624300PE,0.1699143960301143
16-01-2026 11:30||NIFTY27JAN2625600CE,0.1080021092470004
16-01-2026 11:30||NIFTY27JAN2626500CE,0.1376919292713614
16-01-2026 11:35||NIFTY27JAN2624500PE,0.154728558899828
16-01-2026 11:35||NIFTY27JAN2624800PE,0.1354563099575581
16-01-2026 11:35||NIFTY27JAN2625300CE,0.1230039489691858
16-01-2026 11:35||NIFTY27JAN2625500CE,0.1114645839098411
16-01-2026 11:35||NIFTY27JAN2626200CE,0.0959637357179338
16-01-2026 11:40||NIFTY27JAN2624400PE,0.160609695701741
16-01-2026 11:40||NIFTY27JAN2624500PE,0.1538256895799136
16-01-2026 11:40||NIFTY27JAN2625500CE,0.1120709193646253
16-01-2026 11:40||NIFTY27JAN2626100CE,0.0965117421439148
16-01-2026 11:45||NIFTY27JAN2624300PE,0.1684902361490982
16-01-2026 11:45||NIFTY27JAN2625000PE,0.1222034324858547
16-01-2026 11:45||NIFTY27JAN2625400CE,0.1192204351624578
16-01-2026 11:50||NIFTY27JAN2623900PE,0.1962682988127748
16-01-2026 11:50||NIFTY27JAN2624300PE,0.1682391050110112
16-01-2026 11:50||NIFTY27JAN2625500CE,0.1133743073667158
16-01-2026 11:55||NIFTY27JAN2624000PE,0.1886257247338892
16-01-2026 11:55||NIFTY27JAN2624500PE,0.1531795887070637
16-01-2026 11:55||NIFTY27JAN2624800PE,0.133018587616334
16-01-2026 11:55||NIFTY27JAN2625000PE,0.122192716598491
16-01-2026 11:55||NIFTY27JAN2625100PE,0.1174619740796851
16-01-2026 11:55||NIFTY27JAN2626200CE,0.0982436359307058
16-01-2026 12:00||NIFTY27JAN2623900PE,0.1941793769540034
16-01-2026 12:00||NIFTY27JAN2624000PE,0.1876862900616764
16-01-2026 12:00||NIFTY27JAN2624200PE,0.1743012169041553
16-01-2026 12:00||NIFTY27JAN2624400PE,0.1598961129887609
16-01-2026 12:00||NIFTY27JAN2624800PE,0.1319786480788358
16-01-2026 12:00||NIFTY27JAN2624900PE,0.1260137695258779
16-01-2026 12:00||NIFTY27JAN2625200CE,0.1341157537572428
16-01-2026 12:00||NIFTY27JAN2626200CE,0.1004300509312809
16-01-2026 12:05||NIFTY27JAN2623800PE,0.1761540659996028
16-01-2026 12:05||NIFTY27JAN2624200PE,0.1742431719406785
16-01-2026 12:05||NIFTY27JAN2624500PE,0.1523966812018346
16-01-2026 12:05||NIFTY27JAN2624800PE,0.132047512860207
16-01-2026 12:05||NIFTY27JAN2625000PE,0.1203641230944886
16-01-2026 12:05||NIFTY27JAN2625200CE,0.1395891315991734
16-01-2026 12:05||NIFTY27JAN2625900CE,0.107815694943587
16-01-2026 12:10||NIFTY27JAN2624800PE,0.1324075774371925
16-01-2026 12:10||NIFTY27JAN2625100PE,0.1166193747047069
16-01-2026 12:10||NIFTY27JAN2625300CE,0.1390089676170181
16-01-2026 12:10||NIFTY27JAN2625800CE,0.1116197730802486
16-01-2026 12:10||NIFTY27JAN2626000CE,0.1046033763839805
16-01-2026 12:10||NIFTY27JAN2626100CE,0.1019655856141559
16-01-2026 12:15||NIFTY27JAN2624000PE,0.1899033711073796
16-01-2026 12:15||NIFTY27JAN2624600PE,0.1460251018292707
16-01-2026 12:15||NIFTY27JAN2624800PE,0.132200461608423
16-01-2026 12:15||NIFTY27JAN2624900PE,0.1265289078430737
16-01-2026 12:15||NIFTY27JAN2625000PE,0.1217076561073718
16-01-2026 12:15||NIFTY27JAN2625800CE,0.1065409393466134
16-01-2026 12:15||NIFTY27JAN2626000CE,0.1014125145260455
16-01-2026 12:20||NIFTY27JAN2623900PE,0.1962291206873322
16-01-2026 12:20||NIFTY27JAN2624300PE,0.1672277001306009
16-01-2026 12:20||NIFTY27JAN2624500PE,0.1518622499802111
16-01-2026 12:20||NIFTY27JAN2624900PE,0.1273661919410716
16-01-2026 12:20||NIFTY27JAN2625400CE,0.1132294521131582
16-01-2026 12:20||NIFTY27JAN2625600CE,0.1040601005340406
16-01-2026 12:20||NIFTY27JAN2625700CE,0.1014831453771925
16-01-2026 12:25||NIFTY27JAN2623800PE,0.1742999486440669
16-01-2026 12:25||NIFTY27JAN2624500PE,0.1506525562638516
16-01-2026 12:25||NIFTY27JAN2624700PE,0.1370488894663218
16-01-2026 12:25||NIFTY27JAN2624800PE,0.1311660889210403
16-01-2026 12:25||NIFTY27JAN2625000PE,0.1221985911805689
16-01-2026 12:25||NIFTY27JAN2625100PE,0.1173410838432732
16-01-2026 12:25||NIFTY27JAN2626400CE,0.1003313333058308
16-01-2026 12:30||NIFTY27JAN2623800PE,0.1730170221599523
16-01-2026 12:30||NIFTY27JAN2624400PE,0.1561166612967296
16-01-2026 12:30||NIFTY27JAN2624600PE,0.142364083682329
16-01-2026 12:35||NIFTY27JAN2623800PE,0.1721160127017409
16-01-2026 12:35||NIFTY27JAN2623900PE,0.1910840422952274
16-01-2026 12:35||NIFTY27JAN2624800PE,0.1292965830095123
16-01-2026 12:35||NIFTY27JAN2625600CE,0.1088221188077966
16-01-2026 12:35||NIFTY27JAN2625700CE,0.1057207576988759
16-01-2026 12:35||NIFTY27JAN2625800CE,0.1050635253919894
16-01-2026 12:35||NIFTY27JAN2625900CE,0.1047657164226005
16-01-2026 12:35||NIFTY27JAN2626000CE,0.1013057505415038
16-01-2026 12:35||NIFTY27JAN2626200CE,0.0985825943522298
16-01-2026 12:40||NIFTY27JAN2623800PE,0.1728576703861719
16-01-2026 12:40||NIFTY27JAN2625200CE,0.1311742046598703
16-01-2026 12:40||NIFTY27JAN2625900CE,0.1056084017495864
16-01-2026 12:45||NIFTY27JAN2624000PE,0.1836755275568179
16-01-2026 12:45||NIFTY27JAN2624800PE,0.1290700788784693
16-01-2026 12:45||NIFTY27JAN2625700CE,0.1056723471403509
16-01-2026 12:45||NIFTY27JAN2625900CE,0.1037119818435566
16-01-2026 12:45||NIFTY27JAN2626000CE,0.099815836025947
16-01-2026 12:45||NIFTY27JAN2626300CE,0.1002494721554032
16-01-2026 12:50||NIFTY27JAN2624300PE,0.1620223315912302
16-01-2026 12:50||NIFTY27JAN2626000CE,0.099134332554508
16-01-2026 12:50||NIFTY27JAN2626200CE,0.0989899395959224
16-01-2026 12:55||NIFTY27JAN2623900PE,0.1905009128529122
16-01-2026 12:55||NIFTY27JAN2624700PE,0.1335556348479607
16-01-2026 12:55||NIFTY27JAN2624900PE,0.1228250648311412
16-01-2026 12:55||NIFTY27JAN2625500CE,0.1116085370061399
16-01-2026 12:55||NIFTY27JAN2625800CE,0.102306962878208
16-01-2026 13:00||NIFTY27JAN2623800PE,0.1724835870507936
16-01-2026 13:00||NIFTY27JAN2624700PE,0.1323112731769707
16-01-2026 13:00||NIFTY27JAN2624800PE,0.1268677478720805
16-01-2026 13:00||NIFTY27JAN2625400CE,0.1144591202975621
16-01-2026 13:00||NIFTY27JAN2625900CE,0.0998221715890691
16-01-2026 13:00||NIFTY27JAN2626000CE,0.0986468842149238
16-01-2026 13:05||NIFTY27JAN2624100PE,0.1739495252092172
16-01-2026 13:05||NIFTY27JAN2625000PE,0.1159658615664332
16-01-2026 13:05||NIFTY27JAN2625300CE,0.1211932490341639
16-01-2026 13:10||NIFTY27JAN2625200CE,0.1290607145293974
16-01-2026 13:15||NIFTY27JAN2623800PE,0.1716148774814847
16-01-2026 13:15||NIFTY27JAN2624100PE,0.171659109626148
16-01-2026 13:15||NIFTY27JAN2624600PE,0.1357562625457013
16-01-2026 13:15||NIFTY27JAN2624700PE,0.12946191103112
16-01-2026 13:15||NIFTY27JAN2625800CE,0.1021019956397485
16-01-2026 13:15||NIFTY27JAN2626100CE,0.1003791992671981
16-01-2026 13:15||NIFTY27JAN2626200CE,0.1006760978136613
16-01-2026 13:20||NIFTY27JAN2624300PE,0.1556087962287904
16-01-2026 13:20||NIFTY27JAN2624700PE,0.1291233155411973
16-01-2026 13:20||NIFTY27JAN2625100PE,0.1097977527856541
16-01-2026 13:20||NIFTY27JAN2625600CE,0.109452955941391
16-01-2026 13:20||NIFTY27JAN2626100CE,0.1007952184080874
16-01-2026 13:25||NIFTY27JAN2623900PE,0.1845865991907463
16-01-2026 13:25||NIFTY27JAN2624300PE,0.1538985594567787
16-01-2026 13:25||NIFTY27JAN2624400PE,0.1474544445938373
16-01-2026 13:25||NIFTY27JAN2625200CE,0.1311884538874365
16-01-2026 13:25||NIFTY27JAN2625300CE,0.12428755785891
16-01-2026 13:25||NIFTY27JAN2625500CE,0.114291789513017
16-01-2026 13:25||NIFTY27JAN2625800CE,0.1040553618761673
16-01-2026 13:25||NIFTY27JAN2626400CE,0.1182362263798628
16-01-2026 13:25||NIFTY27JAN2626500CE,0.1412054328328738
16-01-2026 13:30||NIFTY27JAN2624000PE,0.1765915326886548
16-01-2026 13:30||NIFTY27JAN2624200PE,0.1616421824805572
16-01-2026 13:30||NIFTY27JAN2624400PE,0.147562980478122
16-01-2026 13:30||NIFTY27JAN2624900PE,0.1175855496376585
16-01-2026 13:30||NIFTY27JAN2625000PE,0.1129019336694741
16-01-2026 13:30||NIFTY27JAN2625200CE,0.1331628043422948
16-01-2026 13:35||NIFTY27JAN2624400PE,0.1474144101152574
16-01-2026 13:35||NIFTY27JAN2624500PE,0.1414661661983745
16-01-2026 13:35||NIFTY27JAN2624900PE,0.1182717932485866
16-01-2026 13:35||NIFTY27JAN2625500CE,0.1129966687272862
16-01-2026 13:35||NIFTY27JAN2626100CE,0.1007337174137751
16-01-2026 13:35||NIFTY27JAN2626400CE,0.1117442392274388
16-01-2026 13:40||NIFTY27JAN2623900PE,0.1849468415332634
16-01-2026 13:40||NIFTY27JAN2624500PE,0.1426112812707158
16-01-2026 13:40||NIFTY27JAN2624700PE,0.130319299897716
16-01-2026 13:40||NIFTY27JAN2625200CE,0.1324098769412724
16-01-2026 13:40||NIFTY27JAN2625300CE,0.124378627158338
16-01-2026 13:40||NIFTY27JAN2625900CE,0.1016538534164065
16-01-2026 13:40||NIFTY27JAN2626000CE,0.1004978942280318
16-01-2026 13:40||NIFTY27JAN2626200CE,0.1010598181605792
16-01-2026 13:40||NIFTY27JAN2626500CE,0.1382932670564927
16-01-2026 13:45||NIFTY27JAN2623900PE,0.1852775906066476
16-01-2026 13:45||NIFTY27JAN2624100PE,0.1701431830826237
16-01-2026 13:45||NIFTY27JAN2624500PE,0.1431095340230435
16-01-2026 13:50||NIFTY27JAN2624700PE,0.1311877674610097
16-01-2026 13:50||NIFTY27JAN2625900CE,0.0993626580357869
16-01-2026 13:50||NIFTY27JAN2626000CE,0.0988087975441484
16-01-2026 13:55||NIFTY27JAN2623900PE,0.1855752876691717
16-01-2026 13:55||NIFTY27JAN2624200PE,0.161858081011024
16-01-2026 13:55||NIFTY27JAN2624300PE,0.1556557883249817
16-01-2026 13:55||NIFTY27JAN2625000PE,0.1173203211186005
16-01-2026 13:55||NIFTY27JAN2625700CE,0.1008522077673221
16-01-2026 13:55||NIFTY27JAN2626100CE,0.0987174590660547
16-01-2026 14:00||NIFTY27JAN2624500PE,0.1427172550219225
16-01-2026 14:00||NIFTY27JAN2624900PE,0.1219111624317312
16-01-2026 14:00||NIFTY27JAN2625000PE,0.1183091422504639
16-01-2026 14:00||NIFTY27JAN2625100PE,0.1142872857416943
16-01-2026 14:00||NIFTY27JAN2626000CE,0.0986123176848372
16-01-2026 14:05||NIFTY27JAN2624100PE,0.1704825271181319
16-01-2026 14:05||NIFTY27JAN2625500CE,0.1059056635204009
16-01-2026 14:05||NIFTY27JAN2625800CE,0.0999543941195181
16-01-2026 14:05||NIFTY27JAN2626100CE,0.0991944167634764
16-01-2026 14:10||NIFTY27JAN2624500PE,0.1426218957717711
16-01-2026 14:10||NIFTY27JAN2625100PE,0.1122645615268181
16-01-2026 14:10||NIFTY27JAN2625500CE,0.1072796966961902
16-01-2026 14:10||NIFTY27JAN2626400CE,0.1195004721451225
16-01-2026 14:10||NIFTY27JAN2626500CE,0.1430730797794124
16-01-2026 14:15||NIFTY27JAN2624300PE,0.1566642078035325
16-01-2026 14:15||NIFTY27JAN2624600PE,0.1364157407593252
16-01-2026 14:15||NIFTY27JAN2624900PE,0.1194346595972222
16-01-2026 14:15||NIFTY27JAN2625500CE,0.1083066615384181
16-01-2026 14:20||NIFTY27JAN2624200PE,0.1641024147747704
16-01-2026 14:20||NIFTY27JAN2624800PE,0.1249685904474508
16-01-2026 14:20||NIFTY27JAN2625100PE,0.1111340997558544
16-01-2026 14:20||NIFTY27JAN2626000CE,0.0989218778283411
16-01-2026 14:20||NIFTY27JAN2626300CE,0.1042505159069686
16-01-2026 14:25||NIFTY27JAN2623900PE,0.1871514121072255
16-01-2026 14:25||NIFTY27JAN2624900PE,0.1194143395825937
16-01-2026 14:25||NIFTY27JAN2625100PE,0.1112564963416047
16-01-2026 14:25||NIFTY27JAN2625500CE,0.1076851709425369
16-01-2026 14:25||NIFTY27JAN2626500CE,0.1405250547930927
16-01-2026 14:30||NIFTY27JAN2623800PE,0.176038207036061
16-01-2026 14:30||NIFTY27JAN2624300PE,0.1576485997543781
16-01-2026 14:30||NIFTY27JAN2626300CE,0.1023943894642868
16-01-2026 14:35||NIFTY27JAN2623800PE,0.1778335863592845
16-01-2026 14:35||NIFTY27JAN2624800PE,0.1238654373883976
16-01-2026 14:35||NIFTY27JAN2624900PE,0.1182008269760304
16-01-2026 14:35||NIFTY27JAN2625000PE,0.1143151085757377
16-01-2026 14:35||NIFTY27JAN2625300CE,0.1146173235993044
16-01-2026 14:35||NIFTY27JAN2625900CE,0.0982603609218124
16-01-2026 14:35||NIFTY27JAN2626100CE,0.0989993224295357
16-01-2026 14:35||NIFTY27JAN2626200CE,0.1004585512327858
16-01-2026 14:35||NIFTY27JAN2626300CE,0.102112916151444
16-01-2026 14:35||NIFTY27JAN2626500CE,0.143445241150121
16-01-2026 14:40||NIFTY27JAN2624200PE,0.163468120704776
16-01-2026 14:40||NIFTY27JAN2624600PE,0.1373952739189972
16-01-2026 14:40||NIFTY27JAN2624900PE,0.1190787331697923
16-01-2026 14:40||NIFTY27JAN2625800CE,0.0989275300155661
16-01-2026 14:40||NIFTY27JAN2626500CE,0.1416428842203526
16-01-2026 14:45||NIFTY27JAN2623900PE,0.1842684790076503
16-01-2026 14:45||NIFTY27JAN2624000PE,0.1763137744181108
16-01-2026 14:45||NIFTY27JAN2624100PE,0.1689424227240498
16-01-2026 14:45||NIFTY27JAN2625000PE,0.1149416534299334
16-01-2026 14:45||NIFTY27JAN2625300CE,0.1148051851971592
16-01-2026 14:45||NIFTY27JAN2625600CE,0.1034768142657831
16-01-2026 14:45||NIFTY27JAN2626300CE,0.1021980939421313
16-01-2026 14:45||NIFTY27JAN2626400CE,0.1083527084285423
16-01-2026 14:50||NIFTY27JAN2623900PE,0.1850864092989884
16-01-2026 14:50||NIFTY27JAN2624100PE,0.1677996836392253
16-01-2026 14:50||NIFTY27JAN2624200PE,0.1607384892079814
16-01-2026 14:50||NIFTY27JAN2624300PE,0.1556859942032382
16-01-2026 14:50||NIFTY27JAN2624700PE,0.1310073269380618
16-01-2026 14:50||NIFTY27JAN2625100PE,0.1118165593542064
16-01-2026 14:55||NIFTY27JAN2624200PE,0.1614394535293104
16-01-2026 14:55||NIFTY27JAN2624900PE,0.1198668216969896
16-01-2026 14:55||NIFTY27JAN2625200CE,0.1196479631545487
16-01-2026 14:55||NIFTY27JAN2625300CE,0.1128715229134782
16-01-2026 14:55||NIFTY27JAN2625600CE,0.1026476351567552
16-01-2026 14:55||NIFTY27JAN2625700CE,0.0998915598269124
16-01-2026 14:55||NIFTY27JAN2625800CE,0.0985036228986994
16-01-2026 15:00||NIFTY27JAN2624000PE,0.1777476588648586
16-01-2026 15:00||NIFTY27JAN2624800PE,0.124707866067987
16-01-2026 15:00||NIFTY27JAN2624900PE,0.1198233094271509
16-01-2026 15:00||NIFTY27JAN2625500CE,0.1047198937584272
16-01-2026 15:05||NIFTY27JAN2623900PE,0.1858004371607014
16-01-2026 15:05||NIFTY27JAN2624100PE,0.1688602618891496
16-01-2026 15:05||NIFTY27JAN2624200PE,0.161612834981071
16-01-2026 15:05||NIFTY27JAN2624600PE,0.1365437551802703
16-01-2026 15:05||NIFTY27JAN2624900PE,0.1199681364552958
16-01-2026 15:05||NIFTY27JAN2626200CE,0.0982030240494912
16-01-2026 15:10||NIFTY27JAN2623900PE,0.1849830270758744
16-01-2026 15:10||NIFTY27JAN2624700PE,0.1291728502964619
16-01-2026 15:10||NIFTY27JAN2624800PE,0.1240222292708059
16-01-2026 15:10||NIFTY27JAN2625100PE,0.1117903544030877
16-01-2026 15:10||NIFTY27JAN2625600CE,0.1024946602872963
16-01-2026 15:15||NIFTY27JAN2623800PE,0.1735204949975437
16-01-2026 15:15||NIFTY27JAN2624200PE,0.1612026304399871
16-01-2026 15:15||NIFTY27JAN2624400PE,0.1472731010564353
16-01-2026 15:15||NIFTY27JAN2624500PE,0.1413891850560506
16-01-2026 15:15||NIFTY27JAN2624700PE,0.1289297591838984
16-01-2026 15:15||NIFTY27JAN2624800PE,0.1239078015481384
16-01-2026 15:15||NIFTY27JAN2625000PE,0.1151101632107815
16-01-2026 15:15||NIFTY27JAN2625300CE,0.1151955006180474
16-01-2026 15:15||NIFTY27JAN2625500CE,0.1061063792566728
16-01-2026 15:15||NIFTY27JAN2626000CE,0.0971798608501371
16-01-2026 15:15||NIFTY27JAN2626100CE,0.096621382631546
16-01-2026 15:15||NIFTY27JAN2626300CE,0.1054031354816038
16-01-2026 15:20||NIFTY27JAN2623900PE,0.1858910142910875
16-01-2026 15:20||NIFTY27JAN2624000PE,0.1786371024674787
16-01-2026 15:20||NIFTY27JAN2624200PE,0.1629082060298711
16-01-2026 15:20||NIFTY27JAN2624400PE,0.1485160794990143
16-01-2026 15:20||NIFTY27JAN2624600PE,0.1362794884411101
16-01-2026 15:20||NIFTY27JAN2624800PE,0.124643966003834
16-01-2026 15:20||NIFTY27JAN2625500CE,0.1068524351601383
16-01-2026 15:20||NIFTY27JAN2625900CE,0.0996497351597667
16-01-2026 15:20||NIFTY27JAN2626100CE,0.0985412722431564
16-01-2026 15:20||NIFTY27JAN2626400CE,0.1299109360727768
16-01-2026 15:20||NIFTY27JAN2626500CE,0.1540009416339107
16-01-2026 15:25||NIFTY27JAN2626400CE,0.1353996947746157
16-01-2026 15:25||NIFTY27JAN2626500CE,0.1594026659112312
19-01-2026 09:15||NIFTY27JAN2624700PE,0.134846808960196
19-01-2026 09:15||NIFTY27JAN2624900PE,0.1239938442915083
19-01-2026 09:15||NIFTY27JAN2625400CE,0.1079065186645004
19-01-2026 09:15||NIFTY27JAN2625500CE,0.1060963624061148
19-01-2026 09:15||NIFTY27JAN2625900CE,0.1055954341749941
19-01-2026 09:15||NIFTY27JAN2626300CE,0.1202599412196363
19-01-2026 09:15||NIFTY27JAN2626400CE,0.1337186413661788
19-01-2026 09:20||NIFTY27JAN2624600PE,0.1431079039791001
19-01-2026 09:20||NIFTY27JAN2625700CE,0.1104844769885728
19-01-2026 09:20||NIFTY27JAN2626100CE,0.1156148412046595
19-01-2026 09:20||NIFTY27JAN2626400CE,0.1313754835288494
19-01-2026 09:25||NIFTY27JAN2624500PE,0.1510618428809083
19-01-2026 09:25||NIFTY27JAN2625500CE,0.1072485822431715
19-01-2026 09:25||NIFTY27JAN2625600CE,0.1099816863632021
19-01-2026 09:25||NIFTY27JAN2625700CE,0.1110832063970689
19-01-2026 09:25||NIFTY27JAN2626100CE,0.1177336825201126
19-01-2026 09:25||NIFTY27JAN2626200CE,0.1196922397379313
19-01-2026 09:25||NIFTY27JAN2626400CE,0.1308379691212069
19-01-2026 09:30||NIFTY27JAN2623800PE,0.1914933090947544
19-01-2026 09:30||NIFTY27JAN2624000PE,0.1926879409183128
19-01-2026 09:30||NIFTY27JAN2624200PE,0.1738147395179679
19-01-2026 09:30||NIFTY27JAN2624300PE,0.1659048118034141
19-01-2026 09:30||NIFTY27JAN2624400PE,0.1582052272782533
19-01-2026 09:30||NIFTY27JAN2624800PE,0.1298171901853524
19-01-2026 09:30||NIFTY27JAN2625400CE,0.1100999355664343
19-01-2026 09:30||NIFTY27JAN2625800CE,0.1083484433633156
19-01-2026 09:30||NIFTY27JAN2626500CE,0.1590495358345229
19-01-2026 09:35||NIFTY27JAN2624500PE,0.1496901035834506
19-01-2026 09:35||NIFTY27JAN2624800PE,0.1299055139834101
19-01-2026 09:35||NIFTY27JAN2625500CE,0.1111616527767059
19-01-2026 09:35||NIFTY27JAN2625600CE,0.1108718441853129
19-01-2026 09:35||NIFTY27JAN2626200CE,0.1204062227324183
19-01-2026 09:40||NIFTY27JAN2624100PE,0.1829843533997923
19-01-2026 09:40||NIFTY27JAN2624200PE,0.1749693241750471
19-01-2026 09:40||NIFTY27JAN2624400PE,0.1568420633511186
19-01-2026 09:40||NIFTY27JAN2624500PE,0.1484109807671075
19-01-2026 09:40||NIFTY27JAN2624600PE,0.1422311137077204
19-01-2026 09:40||NIFTY27JAN2624900PE,0.1245618008551384
19-01-2026 09:40||NIFTY27JAN2625700CE,0.1071604962013407
19-01-2026 09:40||NIFTY27JAN2626200CE,0.120616162300687
19-01-2026 09:40||NIFTY27JAN2626300CE,0.1236005493544174
19-01-2026 09:40||NIFTY27JAN2626500CE,0.1592776121888833
19-01-2026 09:45||NIFTY27JAN2623900PE,0.1985117772019773
19-01-2026 09:45||NIFTY27JAN2624000PE,0.1908772270102776
19-01-2026 09:45||NIFTY27JAN2626200CE,0.1190204739963862
19-01-2026 09:50||NIFTY27JAN2623900PE,0.1989418214597698
19-01-2026 09:50||NIFTY27JAN2624700PE,0.1352517075923768
19-01-2026 09:50||NIFTY27JAN2624800PE,0.1297164214600954
19-01-2026 09:50||NIFTY27JAN2625300CE,0.1058635424017515
19-01-2026 09:50||NIFTY27JAN2625900CE,0.1068162075149119
19-01-2026 09:50||NIFTY27JAN2626200CE,0.1180013674469723
19-01-2026 09:55||NIFTY27JAN2624700PE,0.1353447450946265
19-01-2026 09:55||NIFTY27JAN2625400CE,0.1050471391237439
19-01-2026 09:55||NIFTY27JAN2625700CE,0.1050244842747905
19-01-2026 09:55||NIFTY27JAN2626400CE,0.1286629475106016
19-01-2026 10:00||NIFTY27JAN2624400PE,0.1571480538107714
19-01-2026 10:00||NIFTY27JAN2625000PE,0.1191508152630089
19-01-2026 10:00||NIFTY27JAN2625700CE,0.1065962263284132
19-01-2026 10:00||NIFTY27JAN2625900CE,0.1086423436262389
19-01-2026 10:05||NIFTY27JAN2624500PE,0.1479847358081443
19-01-2026 10:05||NIFTY27JAN2624800PE,0.1281840638104233
19-01-2026 10:05||NIFTY27JAN2625200CE,0.1138828424603241
19-01-2026 10:05||NIFTY27JAN2625500CE,0.1092179570762715
19-01-2026 10:05||NIFTY27JAN2626100CE,0.1167210156215886
19-01-2026 10:05||NIFTY27JAN2626200CE,0.12079115707641
19-01-2026 10:10||NIFTY27JAN2623800PE,0.1883057399127147
19-01-2026 10:10||NIFTY27JAN2624200PE,0.1732265793496037
19-01-2026 10:10||NIFTY27JAN2624400PE,0.1559924485069875
19-01-2026 10:10||NIFTY27JAN2625100PE,0.114859222302453
19-01-2026 10:15||NIFTY27JAN2624200PE,0.1734980280448206
19-01-2026 10:15||NIFTY27JAN2624400PE,0.156716799593552
19-01-2026 10:15||NIFTY27JAN2624700PE,0.1343845427902603
19-01-2026 10:15||NIFTY27JAN2624800PE,0.128886457839974
19-01-2026 10:15||NIFTY27JAN2625100PE,0.1158122029839547
19-01-2026 10:15||NIFTY27JAN2625500CE,0.1075956626040274
19-01-2026 10:15||NIFTY27JAN2625700CE,0.1069608845602595
19-01-2026 10:15||NIFTY27JAN2626200CE,0.1202258079223512
19-01-2026 10:15||NIFTY27JAN2626500CE,0.1619600258354604
19-01-2026 10:20||NIFTY27JAN2623900PE,0.1988791928707282
19-01-2026 10:20||NIFTY27JAN2624100PE,0.1825508309628047
19-01-2026 10:20||NIFTY27JAN2625500CE,0.1061042640480671
19-01-2026 10:20||NIFTY27JAN2626300CE,0.1266898651978458
19-01-2026 10:25||NIFTY27JAN2625400CE,0.1067512252652565
19-01-2026 10:25||NIFTY27JAN2626100CE,0.1155817181733856
19-01-2026 10:25||NIFTY27JAN2626400CE,0.1424937562648798
19-01-2026 10:25||NIFTY27JAN2626500CE,0.1648597111627376
19-01-2026 10:30||NIFTY27JAN2623800PE,0.1863917444032121
19-01-2026 10:30||NIFTY27JAN2623900PE,0.1967518949075752
19-01-2026 10:30||NIFTY27JAN2624600PE,0.1398872762130922
19-01-2026 10:30||NIFTY27JAN2624700PE,0.1332379146359109
19-01-2026 10:30||NIFTY27JAN2624800PE,0.1288866837723281
19-01-2026 10:30||NIFTY27JAN2624900PE,0.1251478443359273
19-01-2026 10:30||NIFTY27JAN2626200CE,0.1207957522980699
19-01-2026 10:35||NIFTY27JAN2623800PE,0.1852635496305419
19-01-2026 10:35||NIFTY27JAN2624700PE,0.1336397645618637
19-01-2026 10:35||NIFTY27JAN2624800PE,0.1289086819674135
19-01-2026 10:35||NIFTY27JAN2625000PE,0.120766276494515
19-01-2026 10:35||NIFTY27JAN2625200CE,0.1157859145366568
19-01-2026 10:35||NIFTY27JAN2626300CE,0.1273440548844744
19-01-2026 10:40||NIFTY27JAN2623800PE,0.1837082469492748
19-01-2026 10:40||NIFTY27JAN2623900PE,0.195080717074825
19-01-2026 10:40||NIFTY27JAN2624000PE,0.1887040041710644
19-01-2026 10:40||NIFTY27JAN2624700PE,0.1342130684672671
19-01-2026 10:40||NIFTY27JAN2625400CE,0.1112804387755824
19-01-2026 10:40||NIFTY27JAN2625700CE,0.1086148201510813
19-01-2026 10:45||NIFTY27JAN2624000PE,0.1894333564679891
19-01-2026 10:45||NIFTY27JAN2624700PE,0.1353428896283146
19-01-2026 10:45||NIFTY27JAN2625600CE,0.1100681610522188
19-01-2026 10:45||NIFTY27JAN2626200CE,0.1217212921703986
19-01-2026 10:50||NIFTY27JAN2625100PE,0.1165992020390395
19-01-2026 10:50||NIFTY27JAN2625200CE,0.1212199735296613
19-01-2026 10:50||NIFTY27JAN2626200CE,0.1214992754977265
19-01-2026 10:55||NIFTY27JAN2624100PE,0.1817474346460111
19-01-2026 10:55||NIFTY27JAN2624200PE,0.1737787673055832
19-01-2026 10:55||NIFTY27JAN2624500PE,0.1490965417568555
19-01-2026 10:55||NIFTY27JAN2625400CE,0.1133327611532583
19-01-2026 10:55||NIFTY27JAN2625500CE,0.112065582433921
19-01-2026 10:55||NIFTY27JAN2625900CE,0.1110370748781458
19-01-2026 10:55||NIFTY27JAN2626000CE,0.1134515775365858
19-01-2026 11:00||NIFTY27JAN2623900PE,0.1996443653241369
19-01-2026 11:00||NIFTY27JAN2624400PE,0.1584968846286329
19-01-2026 11:00||NIFTY27JAN2625400CE,0.1110458410407637
19-01-2026 11:00||NIFTY27JAN2625600CE,0.109917867066018
19-01-2026 11:00||NIFTY27JAN2625700CE,0.1080452424910582
19-01-2026 11:00||NIFTY27JAN2625800CE,0.1076202023543688
19-01-2026 11:00||NIFTY27JAN2626300CE,0.1234475178707664
19-01-2026 11:00||NIFTY27JAN2626500CE,0.1589304872343022
19-01-2026 11:05||NIFTY27JAN2623800PE,0.1881239845665552
19-01-2026 11:05||NIFTY27JAN2623900PE,0.1993624699852471
19-01-2026 11:05||NIFTY27JAN2624200PE,0.1757601354143484
19-01-2026 11:05||NIFTY27JAN2624500PE,0.1502941006401034
19-01-2026 11:05||NIFTY27JAN2625000PE,0.1218631133385194
19-01-2026 11:05||NIFTY27JAN2625600CE,0.1069716572767296
19-01-2026 11:05||NIFTY27JAN2626100CE,0.1135765616746444
19-01-2026 11:10||NIFTY27JAN2624300PE,0.1664707261978023
19-01-2026 11:10||NIFTY27JAN2625800CE,0.1048775818102651
19-01-2026 11:15||NIFTY27JAN2624400PE,0.1551636426529292
19-01-2026 11:15||NIFTY27JAN2624500PE,0.1470187276549864
19-01-2026 11:15||NIFTY27JAN2624600PE,0.1414321278513807
19-01-2026 11:15||NIFTY27JAN2624700PE,0.1367217066505882
19-01-2026 11:15||NIFTY27JAN2624900PE,0.1256588558214273
19-01-2026 11:15||NIFTY27JAN2625100PE,0.1179599943751101
19-01-2026 11:20||NIFTY27JAN2623800PE,0.1901389205211815
19-01-2026 11:20||NIFTY27JAN2624200PE,0.173073434500863
19-01-2026 11:20||NIFTY27JAN2624300PE,0.1646039158946708
19-01-2026 11:20||NIFTY27JAN2624500PE,0.1478891614906465
19-01-2026 11:20||NIFTY27JAN2624900PE,0.1240197524245311
19-01-2026 11:20||NIFTY27JAN2625400CE,0.1100209684008141
19-01-2026 11:20||NIFTY27JAN2625500CE,0.1082943857308558
19-01-2026 11:20||NIFTY27JAN2625600CE,0.1076729101908612
19-01-2026 11:20||NIFTY27JAN2625700CE,0.1071511518461539
19-01-2026 11:20||NIFTY27JAN2626200CE,0.1205591209874328
19-01-2026 11:20||NIFTY27JAN2626300CE,0.1252551930286227
19-01-2026 11:20||NIFTY27JAN2626500CE,0.159459087087205
19-01-2026 11:25||NIFTY27JAN2624900PE,0.1233321552760584
19-01-2026 11:25||NIFTY27JAN2625300CE,0.1165942281176243
19-01-2026 11:25||NIFTY27JAN2625400CE,0.1125921289690507
19-01-2026 11:30||NIFTY27JAN2624100PE,0.1820094255055261
19-01-2026 11:30||NIFTY27JAN2624600PE,0.141867199472963
19-01-2026 11:30||NIFTY27JAN2624900PE,0.1230143221578483
19-01-2026 11:30||NIFTY27JAN2625000PE,0.1186160644041216
19-01-2026 11:30||NIFTY27JAN2625500CE,0.1126781680513373
19-01-2026 11:30||NIFTY27JAN2625700CE,0.1095558050271506
19-01-2026 11:30||NIFTY27JAN2626500CE,0.1661846566963054
19-01-2026 11:35||NIFTY27JAN2623900PE,0.1990103814559163
19-01-2026 11:35||NIFTY27JAN2624600PE,0.1420031758271097
19-01-2026 11:35||NIFTY27JAN2625800CE,0.1090543177787259
19-01-2026 11:35||NIFTY27JAN2626000CE,0.1125164602792848
19-01-2026 11:35||NIFTY27JAN2626200CE,0.1322625806491774
19-01-2026 11:35||NIFTY27JAN2626300CE,0.1405475871871268
19-01-2026 11:35||NIFTY27JAN2626400CE,0.1466492394982516
19-01-2026 11:35||NIFTY27JAN2626500CE,0.1662434264414379
19-01-2026 11:40||NIFTY27JAN2623800PE,0.1895221127273179
19-01-2026 11:40||NIFTY27JAN2624100PE,0.1821551780576408
19-01-2026 11:40||NIFTY27JAN2624200PE,0.1741538892854149
19-01-2026 11:40||NIFTY27JAN2624400PE,0.1573293100714791
19-01-2026 11:40||NIFTY27JAN2624500PE,0.149337634738701
19-01-2026 11:40||NIFTY27JAN2625100PE,0.1159185801722928
19-01-2026 11:45||NIFTY27JAN2624300PE,0.1668441787413989
19-01-2026 11:45||NIFTY27JAN2625400CE,0.113912029196407
19-01-2026 11:50||NIFTY27JAN2624600PE,0.1426350635170516
19-01-2026 11:50||NIFTY27JAN2625200CE,0.1136120290471876
19-01-2026 11:50||NIFTY27JAN2626300CE,0.1232621584013364
19-01-2026 11:55||NIFTY27JAN2623800PE,0.1894448327654142
19-01-2026 11:55||NIFTY27JAN2624300PE,0.1652614082525954
19-01-2026 11:55||NIFTY27JAN2624500PE,0.1486713012520436
19-01-2026 11:55||NIFTY27JAN2624600PE,0.1417991475198639
19-01-2026 11:55||NIFTY27JAN2624700PE,0.1368276741479952
19-01-2026 11:55||NIFTY27JAN2625900CE,0.1071120919662029
19-01-2026 11:55||NIFTY27JAN2626200CE,0.1187576755581208
19-01-2026 12:00||NIFTY27JAN2624200PE,0.1721704638207086
19-01-2026 12:00||NIFTY27JAN2624300PE,0.1632325259583594
19-01-2026 12:00||NIFTY27JAN2624400PE,0.1557867067817747
19-01-2026 12:00||NIFTY27JAN2624500PE,0.1488358507716439
19-01-2026 12:00||NIFTY27JAN2624700PE,0.1370944190064253
19-01-2026 12:00||NIFTY27JAN2625000PE,0.1214862263738539
19-01-2026 12:00||NIFTY27JAN2626100CE,0.1149785953768517
19-01-2026 12:00||NIFTY27JAN2626500CE,0.1642476172141086
19-01-2026 12:05||NIFTY27JAN2623900PE,0.1990471720581408
19-01-2026 12:05||NIFTY27JAN2624400PE,0.1565660358562545
19-01-2026 12:05||NIFTY27JAN2624500PE,0.149442331337221
19-01-2026 12:05||NIFTY27JAN2625200CE,0.116061083818268
19-01-2026 12:05||NIFTY27JAN2625400CE,0.1100367599890303
19-01-2026 12:05||NIFTY27JAN2625500CE,0.1079877009495647
19-01-2026 12:05||NIFTY27JAN2625700CE,0.1059719454881489
19-01-2026 12:05||NIFTY27JAN2626100CE,0.1160123651842916
19-01-2026 12:05||NIFTY27JAN2626200CE,0.1202257298219184
19-01-2026 12:05||NIFTY27JAN2626400CE,0.1431256255541368
19-01-2026 12:05||NIFTY27JAN2626500CE,0.1668309575804916
19-01-2026 12:10||NIFTY27JAN2623900PE,0.1991727966539296
19-01-2026 12:10||NIFTY27JAN2625600CE,0.1080035649611429
19-01-2026 12:10||NIFTY27JAN2626400CE,0.136852157982485
19-01-2026 12:15||NIFTY27JAN2623900PE,0.1993552994611002
19-01-2026 12:15||NIFTY27JAN2624100PE,0.1844319741920831
19-01-2026 12:15||NIFTY27JAN2624300PE,0.1679225295270499
19-01-2026 12:20||NIFTY27JAN2623800PE,0.1890609573522931
19-01-2026 12:20||NIFTY27JAN2624400PE,0.1596447874270453
19-01-2026 12:20||NIFTY27JAN2625100PE,0.1162876433787024
19-01-2026 12:20||NIFTY27JAN2625300CE,0.1147115289731549
19-01-2026 12:20||NIFTY27JAN2626200CE,0.118362458861203
19-01-2026 12:25||NIFTY27JAN2623800PE,0.1916425390207235
19-01-2026 12:25||NIFTY27JAN2625700CE,0.1041813396992334
19-01-2026 12:25||NIFTY27JAN2626500CE,0.160996786049833
19-01-2026 12:30||NIFTY27JAN2623900PE,0.1995808709942056
19-01-2026 12:30||NIFTY27JAN2624300PE,0.1676055465466979
19-01-2026 12:30||NIFTY27JAN2624500PE,0.1510730821649953
19-01-2026 12:30||NIFTY27JAN2625000PE,0.1197686380670992
19-01-2026 12:30||NIFTY27JAN2625400CE,0.1092919852635027
19-01-2026 12:30||NIFTY27JAN2626500CE,0.1621302322698282
19-01-2026 12:35||NIFTY27JAN2624100PE,0.1825716477751095
19-01-2026 12:35||NIFTY27JAN2624200PE,0.1748240430564548
19-01-2026 12:35||NIFTY27JAN2624400PE,0.15875687161214
19-01-2026 12:35||NIFTY27JAN2624700PE,0.1367011368958873
19-01-2026 12:35||NIFTY27JAN2625000PE,0.1194780457469636
19-01-2026 12:35||NIFTY27JAN2625300CE,0.1133511465240645
19-01-2026 12:40||NIFTY27JAN2623800PE,0.1887753475655411
19-01-2026 12:40||NIFTY27JAN2625700CE,0.1061855918893437
19-01-2026 12:40||NIFTY27JAN2625800CE,0.1064305589288808
19-01-2026 12:40||NIFTY27JAN2626400CE,0.1330416101168802
19-01-2026 12:45||NIFTY27JAN2626000CE,0.1126739602102129
19-01-2026 12:45||NIFTY27JAN2626100CE,0.1161298561310877
19-01-2026 12:45||NIFTY27JAN2626400CE,0.1324687119736858
19-01-2026 12:50||NIFTY27JAN2623800PE,0.1911598921857739
19-01-2026 12:50||NIFTY27JAN2624200PE,0.1755311562962198
19-01-2026 12:50||NIFTY27JAN2625900CE,0.1087549198560078
19-01-2026 12:50||NIFTY27JAN2626500CE,0.1600554667260888
19-01-2026 12:55||NIFTY27JAN2623900PE,0.2003711440564263
19-01-2026 12:55||NIFTY27JAN2624100PE,0.1854656808383355
19-01-2026 12:55||NIFTY27JAN2624300PE,0.1661575268615837
19-01-2026 12:55||NIFTY27JAN2624400PE,0.1570093099537926
19-01-2026 12:55||NIFTY27JAN2624500PE,0.1504606758100654
19-01-2026 12:55||NIFTY27JAN2624700PE,0.1366298710353713
19-01-2026 12:55||NIFTY27JAN2625100PE,0.1166601342129044
19-01-2026 12:55||NIFTY27JAN2625700CE,0.1061870394364125
19-01-2026 12:55||NIFTY27JAN2626000CE,0.1107453820881488
19-01-2026 13:00||NIFTY27JAN2623900PE,0.2008247166742816
19-01-2026 13:00||NIFTY27JAN2624000PE,0.1938734833761252
19-01-2026 13:00||NIFTY27JAN2624400PE,0.1587772996966567
19-01-2026 13:00||NIFTY27JAN2624700PE,0.137503479933843
19-01-2026 13:00||NIFTY27JAN2625400CE,0.1089880908916459
19-01-2026 13:00||NIFTY27JAN2625600CE,0.1053957555948214
19-01-2026 13:00||NIFTY27JAN2625900CE,0.1067396277994312
19-01-2026 13:00||NIFTY27JAN2626200CE,0.1178045746969876
19-01-2026 13:00||NIFTY27JAN2626500CE,0.1605523712491583
19-01-2026 13:05||NIFTY27JAN2624600PE,0.1442995669072671
19-01-2026 13:05||NIFTY27JAN2625100PE,0.1186975694750301
19-01-2026 13:05||NIFTY27JAN2625700CE,0.1033537705779991
19-01-2026 13:10||NIFTY27JAN2623800PE,0.1896320305389365
19-01-2026 13:10||NIFTY27JAN2623900PE,0.2026706760034544
19-01-2026 13:10||NIFTY27JAN2624400PE,0.1589895015493445
19-01-2026 13:10||NIFTY27JAN2624500PE,0.1502015469393935
19-01-2026 13:10||NIFTY27JAN2624600PE,0.1438778453381786
19-01-2026 13:10||NIFTY27JAN2626200CE,0.1184484300984025
19-01-2026 13:10||NIFTY27JAN2626300CE,0.1231166001589902
19-01-2026 13:15||NIFTY27JAN2625800CE,0.1041860115651518
19-01-2026 13:20||NIFTY27JAN2624400PE,0.1600894307280519
19-01-2026 13:20||NIFTY27JAN2624800PE,0.1295668236192302
19-01-2026 13:20||NIFTY27JAN2624900PE,0.1232908244260259
19-01-2026 13:20||NIFTY27JAN2625000PE,0.1189690650967093
19-01-2026 13:20||NIFTY27JAN2625200CE,0.1156799371780028
19-01-2026 13:20||NIFTY27JAN2625400CE,0.1110781959448906
19-01-2026 13:25||NIFTY27JAN2623900PE,0.2035862113254835
19-01-2026 13:25||NIFTY27JAN2625000PE,0.1190685872447113
19-01-2026 13:25||NIFTY27JAN2625300CE,0.1142879839615202
19-01-2026 13:25||NIFTY27JAN2625400CE,0.1120800414496758
19-01-2026 13:25||NIFTY27JAN2625900CE,0.1067069841497649
19-01-2026 13:25||NIFTY27JAN2626200CE,0.1182898038887174
19-01-2026 13:25||NIFTY27JAN2626500CE,0.1637397425955214
19-01-2026 13:30||NIFTY27JAN2624300PE,0.170320267236171
19-01-2026 13:30||NIFTY27JAN2624900PE,0.1251918298459853
19-01-2026 13:30||NIFTY27JAN2625100PE,0.1166819764685235
19-01-2026 13:30||NIFTY27JAN2625800CE,0.1050756304460848
19-01-2026 13:30||NIFTY27JAN2626100CE,0.1133686843843379
19-01-2026 13:30||NIFTY27JAN2626300CE,0.1228774748405601
19-01-2026 13:30||NIFTY27JAN2626500CE,0.1634284026375967
19-01-2026 13:35||NIFTY27JAN2624400PE,0.1618128652976204
19-01-2026 13:35||NIFTY27JAN2624900PE,0.1261546803590116
19-01-2026 13:35||NIFTY27JAN2626200CE,0.1173801046173195
19-01-2026 13:35||NIFTY27JAN2626400CE,0.1313294582201009
19-01-2026 13:40||NIFTY27JAN2624800PE,0.131631970546276
19-01-2026 13:40||NIFTY27JAN2625300CE,0.1175097652651224
19-01-2026 13:40||NIFTY27JAN2625400CE,0.1137089878496732
19-01-2026 13:40||NIFTY27JAN2625600CE,0.1071438631388293
19-01-2026 13:40||NIFTY27JAN2625800CE,0.1064643806663568
19-01-2026 13:40||NIFTY27JAN2625900CE,0.1073283802909636
19-01-2026 13:45||NIFTY27JAN2624300PE,0.1711700973233823
19-01-2026 13:45||NIFTY27JAN2624700PE,0.1383111127907511
19-01-2026 13:45||NIFTY27JAN2625100PE,0.1183073439845955
19-01-2026 13:45||NIFTY27JAN2625500CE,0.1115092414808141
19-01-2026 13:45||NIFTY27JAN2626500CE,0.1576099494708377
19-01-2026 13:50||NIFTY27JAN2623900PE,0.2051074027706078
19-01-2026 13:50||NIFTY27JAN2624200PE,0.1807756912682866
19-01-2026 13:50||NIFTY27JAN2625100PE,0.1187318889791288
19-01-2026 13:50||NIFTY27JAN2625400CE,0.1154022571332228
19-01-2026 13:50||NIFTY27JAN2625700CE,0.1092653738845427
19-01-2026 13:50||NIFTY27JAN2626200CE,0.11609990575351
19-01-2026 13:55||NIFTY27JAN2624500PE,0.1554274751186231
19-01-2026 13:55||NIFTY27JAN2624600PE,0.1475710268930573
19-01-2026 13:55||NIFTY27JAN2625600CE,0.1091370370856569
19-01-2026 13:55||NIFTY27JAN2625700CE,0.1082025206844754
19-01-2026 13:55||NIFTY27JAN2625800CE,0.105901860719224
19-01-2026 13:55||NIFTY27JAN2625900CE,0.1050555047390792
19-01-2026 13:55||NIFTY27JAN2626200CE,0.1142095780380292
19-01-2026 14:00||NIFTY27JAN2624100PE,0.1926770591998091
19-01-2026 14:00||NIFTY27JAN2624600PE,0.1489090677504098
19-01-2026 14:00||NIFTY27JAN2625300CE,0.1146980043397069
19-01-2026 14:00||NIFTY27JAN2625800CE,0.1039849002096625
19-01-2026 14:00||NIFTY27JAN2625900CE,0.1036437521675868
19-01-2026 14:00||NIFTY27JAN2626100CE,0.108199120961836
19-01-2026 14:05||NIFTY27JAN2623800PE,0.1965682983265377
19-01-2026 14:05||NIFTY27JAN2624200PE,0.1851859851743592
19-01-2026 14:05||NIFTY27JAN2624500PE,0.1568808789989687
19-01-2026 14:05||NIFTY27JAN2625000PE,0.1234860014574029
19-01-2026 14:05||NIFTY27JAN2625400CE,0.1092513828497192
19-01-2026 14:05||NIFTY27JAN2626500CE,0.1554533184454259
19-01-2026 14:10||NIFTY27JAN2624400PE,0.1657507682136876
19-01-2026 14:10||NIFTY27JAN2624500PE,0.1564637591006085
19-01-2026 14:10||NIFTY27JAN2625100PE,0.1204609234679199
19-01-2026 14:10||NIFTY27JAN2625200CE,0.1222138861546986
19-01-2026 14:10||NIFTY27JAN2626100CE,0.106851888360942
19-01-2026 14:15||NIFTY27JAN2623800PE,0.1945848004849614
19-01-2026 14:15||NIFTY27JAN2624100PE,0.1918693355962891
19-01-2026 14:15||NIFTY27JAN2624200PE,0.1839639979145146
19-01-2026 14:15||NIFTY27JAN2624500PE,0.1565794527242157
19-01-2026 14:15||NIFTY27JAN2624700PE,0.1414346608166582
19-01-2026 14:15||NIFTY27JAN2624800PE,0.1347512865832035
19-01-2026 14:15||NIFTY27JAN2625100PE,0.1204411339692598
19-01-2026 14:15||NIFTY27JAN2626400CE,0.1225081477655192
19-01-2026 14:20||NIFTY27JAN2624200PE,0.1839943125185703
19-01-2026 14:20||NIFTY27JAN2624500PE,0.1573913466978727
19-01-2026 14:20||NIFTY27JAN2625800CE,0.1023812215939913
19-01-2026 14:20||NIFTY27JAN2626000CE,0.1047141572547432
19-01-2026 14:25||NIFTY27JAN2624000PE,0.2005757247505887
19-01-2026 14:25||NIFTY27JAN2625100PE,0.1196646277076903
19-01-2026 14:25||NIFTY27JAN2625700CE,0.1020162387568167
19-01-2026 14:25||NIFTY27JAN2625900CE,0.1022881152607657
19-01-2026 14:25||NIFTY27JAN2626000CE,0.1040314792743373
19-01-2026 14:25||NIFTY27JAN2626500CE,0.1559475961702039
19-01-2026 14:30||NIFTY27JAN2624100PE,0.1920751627486636
19-01-2026 14:30||NIFTY27JAN2624300PE,0.1749333883847418
19-01-2026 14:30||NIFTY27JAN2624700PE,0.1413389249380472
19-01-2026 14:30||NIFTY27JAN2624800PE,0.1347551916774533
19-01-2026 14:30||NIFTY27JAN2625000PE,0.1233129388007483
19-01-2026 14:35||NIFTY27JAN2623800PE,0.1926375600122692
19-01-2026 14:35||NIFTY27JAN2624300PE,0.1746628425481386
19-01-2026 14:35||NIFTY27JAN2625000PE,0.1232452079199541
19-01-2026 14:35||NIFTY27JAN2625800CE,0.1013291052621975
19-01-2026 14:35||NIFTY27JAN2626100CE,0.1057708199875299
19-01-2026 14:35||NIFTY27JAN2626300CE,0.1149848792794967
19-01-2026 14:35||NIFTY27JAN2626400CE,0.1213642355088479
19-01-2026 14:40||NIFTY27JAN2624000PE,0.2003090967310466
19-01-2026 14:40||NIFTY27JAN2624300PE,0.1753208106743778
19-01-2026 14:40||NIFTY27JAN2624700PE,0.1423998774260206
19-01-2026 14:40||NIFTY27JAN2625200CE,0.1149784109796411
19-01-2026 14:45||NIFTY27JAN2623900PE,0.2095065649990192
19-01-2026 14:45||NIFTY27JAN2624100PE,0.1931317211936075
19-01-2026 14:45||NIFTY27JAN2624400PE,0.1676264522006097
19-01-2026 14:45||NIFTY27JAN2624600PE,0.1511108368198195
19-01-2026 14:45||NIFTY27JAN2624800PE,0.1367137186854856
19-01-2026 14:45||NIFTY27JAN2625800CE,0.1004101607468954
19-01-2026 14:45||NIFTY27JAN2626000CE,0.1024104691928061
19-01-2026 14:50||NIFTY27JAN2624000PE,0.2024440344076654
19-01-2026 14:50||NIFTY27JAN2624200PE,0.1860166789161859
19-01-2026 14:50||NIFTY27JAN2624500PE,0.1601032536095701
19-01-2026 14:50||NIFTY27JAN2625100PE,0.1209687158191895
19-01-2026 14:50||NIFTY27JAN2625700CE,0.0999430324160585
19-01-2026 14:55||NIFTY27JAN2623800PE,0.1932834195804063
19-01-2026 14:55||NIFTY27JAN2624400PE,0.1692248475333466
19-01-2026 14:55||NIFTY27JAN2625300CE,0.0990282391301156
19-01-2026 14:55||NIFTY27JAN2625400CE,0.0992718487592813
19-01-2026 14:55||NIFTY27JAN2626000CE,0.1012335020013656
19-01-2026 14:55||NIFTY27JAN2626100CE,0.1031011202725065
19-01-2026 15:00||NIFTY27JAN2624300PE,0.1776442898566422
19-01-2026 15:00||NIFTY27JAN2625000PE,0.1264071968807086
19-01-2026 15:00||NIFTY27JAN2625600CE,0.0960788433950533
19-01-2026 15:00||NIFTY27JAN2626000CE,0.0999390280666624
19-01-2026 15:00||NIFTY27JAN2626300CE,0.1109402166646466
19-01-2026 15:05||NIFTY27JAN2623900PE,0.2103297994149638
19-01-2026 15:05||NIFTY27JAN2625700CE,0.0947358665071494
19-01-2026 15:05||NIFTY27JAN2626000CE,0.0994667962221307
19-01-2026 15:05||NIFTY27JAN2626400CE,0.117464994732402
19-01-2026 15:10||NIFTY27JAN2624100PE,0.192306613876404
19-01-2026 15:10||NIFTY27JAN2624300PE,0.1747632642301632
19-01-2026 15:10||NIFTY27JAN2624800PE,0.137696887932041
19-01-2026 15:10||NIFTY27JAN2625800CE,0.0947466310659113
19-01-2026 15:10||NIFTY27JAN2626100CE,0.1024010806679526
19-01-2026 15:15||NIFTY27JAN2624200PE,0.1824269611351895
19-01-2026 15:15||NIFTY27JAN2624400PE,0.162730175483221
19-01-2026 15:15||NIFTY27JAN2624500PE,0.154587209418404
19-01-2026 15:15||NIFTY27JAN2624600PE,0.1483806201868618
19-01-2026 15:15||NIFTY27JAN2624700PE,0.1425968659557787
19-01-2026 15:15||NIFTY27JAN2625300CE,0.0951273047856939
19-01-2026 15:15||NIFTY27JAN2625400CE,0.096828830462228
19-01-2026 15:15||NIFTY27JAN2626200CE,0.1076764252467064
19-01-2026 15:20||NIFTY27JAN2624500PE,0.1551895255145038
19-01-2026 15:20||NIFTY27JAN2625200CE,0.0908435246936015
19-01-2026 15:20||NIFTY27JAN2625800CE,0.0958603822275009
19-01-2026 15:20||NIFTY27JAN2626400CE,0.1343676539988463
19-01-2026 15:20||NIFTY27JAN2626500CE,0.1607853601787306
19-01-2026 15:25||NIFTY27JAN2624300PE,0.1716158708967092
19-01-2026 15:25||NIFTY27JAN2624400PE,0.163039172263584
19-01-2026 15:25||NIFTY27JAN2624700PE,0.1424017254807389
19-01-2026 15:25||NIFTY27JAN2625800CE,0.0969811959960742
19-01-2026 15:25||NIFTY27JAN2626300CE,0.1205378259679432
20-01-2026 09:15||NIFTY27JAN2623900PE,0.2029383488700685
20-01-2026 09:15||NIFTY27JAN2624000PE,0.1944677533880962
20-01-2026 09:15||NIFTY27JAN2624100PE,0.187999256676963
20-01-2026 09:15||NIFTY27JAN2624400PE,0.164321048920969
20-01-2026 09:15||NIFTY27JAN2624600PE,0.1496819022595653
20-01-2026 09:15||NIFTY27JAN2625200CE,0.0991188272280717
20-01-2026 09:15||NIFTY27JAN2625500CE,0.099576450586689
20-01-2026 09:15||NIFTY27JAN2626200CE,0.1154472256634537
20-01-2026 09:15||NIFTY27JAN2626300CE,0.1233355443090695
20-01-2026 09:15||NIFTY27JAN2626400CE,0.1322171323307036
20-01-2026 09:20||NIFTY27JAN2623800PE,0.1946297590925105
20-01-2026 09:20||NIFTY27JAN2624000PE,0.1942622282362238
20-01-2026 09:20||NIFTY27JAN2624700PE,0.1425537867374247
20-01-2026 09:20||NIFTY27JAN2625200CE,0.1010445321710918
20-01-2026 09:20||NIFTY27JAN2625400CE,0.1026957132570197
20-01-2026 09:20||NIFTY27JAN2625500CE,0.1008207114884774
20-01-2026 09:20||NIFTY27JAN2625800CE,0.100771785099016
20-01-2026 09:20||NIFTY27JAN2626300CE,0.1238214015935621
20-01-2026 09:20||NIFTY27JAN2626500CE,0.1605050606918523
20-01-2026 09:25||NIFTY27JAN2623900PE,0.2020169976808251
20-01-2026 09:25||NIFTY27JAN2625000PE,0.1251208183723368
20-01-2026 09:25||NIFTY27JAN2625400CE,0.1064691179408351
20-01-2026 09:30||NIFTY27JAN2623900PE,0.2022728671003542
20-01-2026 09:30||NIFTY27JAN2624400PE,0.1606645375740067
20-01-2026 09:30||NIFTY27JAN2624800PE,0.1335904133645675
20-01-2026 09:30||NIFTY27JAN2625700CE,0.1061614157885097
20-01-2026 09:30||NIFTY27JAN2626100CE,0.1169968689739274
20-01-2026 09:30||NIFTY27JAN2626300CE,0.1288806473650985
20-01-2026 09:35||NIFTY27JAN2624500PE,0.1521662232925461
20-01-2026 09:35||NIFTY27JAN2625200CE,0.1175083866297648
20-01-2026 09:35||NIFTY27JAN2625700CE,0.1085854413404095
20-01-2026 09:35||NIFTY27JAN2625800CE,0.1089337082812731
20-01-2026 09:35||NIFTY27JAN2626200CE,0.1254492245030051
20-01-2026 09:40||NIFTY27JAN2623800PE,0.1942861732400806
20-01-2026 09:40||NIFTY27JAN2624100PE,0.1859592424231699
20-01-2026 09:40||NIFTY27JAN2625000PE,0.1230661037445986
20-01-2026 09:40||NIFTY27JAN2625900CE,0.1120694333062408
20-01-2026 09:40||NIFTY27JAN2626100CE,0.1218094184225481
20-01-2026 09:40||NIFTY27JAN2626200CE,0.1276137306842246
20-01-2026 09:40||NIFTY27JAN2626400CE,0.1397751580267382
20-01-2026 09:45||NIFTY27JAN2624800PE,0.1322065410316788
20-01-2026 09:45||NIFTY27JAN2625500CE,0.1105272865128103
20-01-2026 09:45||NIFTY27JAN2626200CE,0.1283085800082
20-01-2026 09:45||NIFTY27JAN2626300CE,0.1342261701162189
20-01-2026 09:50||NIFTY27JAN2624100PE,0.1865374697225607
20-01-2026 09:50||NIFTY27JAN2624800PE,0.1323483690704864
20-01-2026 09:50||NIFTY27JAN2625100PE,0.1205178269953184
20-01-2026 09:50||NIFTY27JAN2625200CE,0.1165592680235234
20-01-2026 09:55||NIFTY27JAN2623900PE,0.2039182696161097
20-01-2026 09:55||NIFTY27JAN2624100PE,0.1861492125608964
20-01-2026 09:55||NIFTY27JAN2625000PE,0.1236193731416428
20-01-2026 10:00||NIFTY27JAN2623900PE,0.203636050800935
20-01-2026 10:00||NIFTY27JAN2624600PE,0.142866328827021
20-01-2026 10:00||NIFTY27JAN2624700PE,0.136373929845655
20-01-2026 10:00||NIFTY27JAN2625200CE,0.1205768904404023
20-01-2026 10:00||NIFTY27JAN2625400CE,0.1146334830294764
20-01-2026 10:00||NIFTY27JAN2625700CE,0.1104602863330916
20-01-2026 10:00||NIFTY27JAN2626000CE,0.1169851765492122
20-01-2026 10:00||NIFTY27JAN2626200CE,0.1267187247206024
20-01-2026 10:05||NIFTY27JAN2626100CE,0.1213184455601008
20-01-2026 10:05||NIFTY27JAN2626200CE,0.126265114529307
20-01-2026 10:05||NIFTY27JAN2626500CE,0.1714495137706489
20-01-2026 10:10||NIFTY27JAN2624900PE,0.1268067703524408
20-01-2026 10:10||NIFTY27JAN2625100PE,0.1183795811890609
20-01-2026 10:10||NIFTY27JAN2626500CE,0.170960977853192
20-01-2026 10:15||NIFTY27JAN2624000PE,0.1949929638538399
20-01-2026 10:15||NIFTY27JAN2625800CE,0.1086887789305394
20-01-2026 10:15||NIFTY27JAN2626300CE,0.1303590131818688
20-01-2026 10:20||NIFTY27JAN2624100PE,0.1865710162466433
20-01-2026 10:20||NIFTY27JAN2625700CE,0.1073431322927787
20-01-2026 10:20||NIFTY27JAN2626000CE,0.1135138368491584
20-01-2026 10:25||NIFTY27JAN2623800PE,0.1925678738480955
20-01-2026 10:25||NIFTY27JAN2624700PE,0.13786441383033
20-01-2026 10:25||NIFTY27JAN2625000PE,0.1227335048313166
20-01-2026 10:25||NIFTY27JAN2625800CE,0.1080793321782672
20-01-2026 10:25||NIFTY27JAN2626200CE,0.122420889527001
20-01-2026 10:25||NIFTY27JAN2626400CE,0.1350701847030995
20-01-2026 10:30||NIFTY27JAN2623900PE,0.2029049955122456
20-01-2026 10:30||NIFTY27JAN2624000PE,0.1944601672511033
20-01-2026 10:30||NIFTY27JAN2624300PE,0.1689133646920159
20-01-2026 10:30||NIFTY27JAN2624600PE,0.1444640268308415
20-01-2026 10:30||NIFTY27JAN2625500CE,0.1090718192748311
20-01-2026 10:30||NIFTY27JAN2625700CE,0.1079721822736606
20-01-2026 10:30||NIFTY27JAN2625800CE,0.1086821545492971
20-01-2026 10:35||NIFTY27JAN2624300PE,0.1683254725762852
20-01-2026 10:35||NIFTY27JAN2624700PE,0.1373228484061394
20-01-2026 10:35||NIFTY27JAN2625200CE,0.1125270689286818
20-01-2026 10:35||NIFTY27JAN2625400CE,0.1116768964087159
20-01-2026 10:35||NIFTY27JAN2625900CE,0.1104834277632132
20-01-2026 10:40||NIFTY27JAN2624000PE,0.1954525053765329
20-01-2026 10:40||NIFTY27JAN2624300PE,0.168809625969024
20-01-2026 10:40||NIFTY27JAN2625800CE,0.1077493231193112
20-01-2026 10:40||NIFTY27JAN2626000CE,0.1126700795514343
20-01-2026 10:45||NIFTY27JAN2624900PE,0.1267357453449246
20-01-2026 10:45||NIFTY27JAN2625900CE,0.1092523525247048
20-01-2026 10:45||NIFTY27JAN2626200CE,0.1215544382401084
20-01-2026 10:45||NIFTY27JAN2626400CE,0.1337367184232427
20-01-2026 10:50||NIFTY27JAN2623800PE,0.1934023692508055
20-01-2026 10:50||NIFTY27JAN2624100PE,0.1871885716747943
20-01-2026 10:50||NIFTY27JAN2625300CE,0.1090820570606772
20-01-2026 10:50||NIFTY27JAN2626200CE,0.1218170912004201
20-01-2026 10:55||NIFTY27JAN2624200PE,0.1780806216411734
20-01-2026 10:55||NIFTY27JAN2624500PE,0.148597555056131
20-01-2026 10:55||NIFTY27JAN2624600PE,0.1410549520023077
20-01-2026 10:55||NIFTY27JAN2624700PE,0.1357257625843321
20-01-2026 10:55||NIFTY27JAN2624800PE,0.1310103482385734
20-01-2026 10:55||NIFTY27JAN2625300CE,0.1092243188294143
20-01-2026 10:55||NIFTY27JAN2625400CE,0.1074227202459651
20-01-2026 10:55||NIFTY27JAN2625900CE,0.109272356901618
20-01-2026 10:55||NIFTY27JAN2626400CE,0.1352540005218423
20-01-2026 11:00||NIFTY27JAN2623800PE,0.1926227055273512
20-01-2026 11:00||NIFTY27JAN2624000PE,0.1955731522345797
20-01-2026 11:00||NIFTY27JAN2624400PE,0.1579447254577656
20-01-2026 11:00||NIFTY27JAN2625300CE,0.1090049037757907
20-01-2026 11:05||NIFTY27JAN2623800PE,0.1922535660088121
20-01-2026 11:05||NIFTY27JAN2624400PE,0.1565339552839575
20-01-2026 11:05||NIFTY27JAN2624500PE,0.1480403769716205
20-01-2026 11:05||NIFTY27JAN2625400CE,0.1077820523556878
20-01-2026 11:05||NIFTY27JAN2625500CE,0.1063025830694172
20-01-2026 11:05||NIFTY27JAN2625800CE,0.1070718117944713
20-01-2026 11:05||NIFTY27JAN2626300CE,0.130029734814177
20-01-2026 11:10||NIFTY27JAN2624500PE,0.1483750968421736
20-01-2026 11:10||NIFTY27JAN2624900PE,0.1245103518784912
20-01-2026 11:10||NIFTY27JAN2625200CE,0.1142483927764899
20-01-2026 11:10||NIFTY27JAN2625600CE,0.1060738418078459
20-01-2026 11:15||NIFTY27JAN2623800PE,0.1918149814167111
20-01-2026 11:15||NIFTY27JAN2624300PE,0.1654944342474739
20-01-2026 11:15||NIFTY27JAN2624700PE,0.134575871665174
20-01-2026 11:15||NIFTY27JAN2625000PE,0.1189985380823002
20-01-2026 11:15||NIFTY27JAN2625300CE,0.1129602140142746
20-01-2026 11:15||NIFTY27JAN2625600CE,0.10714004760727
20-01-2026 11:20||NIFTY27JAN2624500PE,0.1481924103292165
20-01-2026 11:20||NIFTY27JAN2625700CE,0.1075015821721367
20-01-2026 11:20||NIFTY27JAN2626200CE,0.1248842648714537
20-01-2026 11:25||NIFTY27JAN2624000PE,0.1926792054158866
20-01-2026 11:25||NIFTY27JAN2624300PE,0.1652039749797466
20-01-2026 11:25||NIFTY27JAN2624900PE,0.1224479501829223
20-01-2026 11:25||NIFTY27JAN2625200CE,0.1145807314437639
20-01-2026 11:25||NIFTY27JAN2625300CE,0.1136839720025861
20-01-2026 11:25||NIFTY27JAN2625700CE,0.107725689293595
20-01-2026 11:25||NIFTY27JAN2626100CE,0.1192156906087156
20-01-2026 11:30||NIFTY27JAN2623900PE,0.2017435308818736
20-01-2026 11:30||NIFTY27JAN2624200PE,0.1748577422083942
20-01-2026 11:30||NIFTY27JAN2624900PE,0.122778451149758
20-01-2026 11:30||NIFTY27JAN2625200CE,0.1136782239491425
20-01-2026 11:30||NIFTY27JAN2625700CE,0.1070282771336772
20-01-2026 11:30||NIFTY27JAN2625800CE,0.1079316180758849
20-01-2026 11:30||NIFTY27JAN2626000CE,0.1139973484051561
20-01-2026 11:35||NIFTY27JAN2623800PE,0.1945096718490203
20-01-2026 11:35||NIFTY27JAN2625900CE,0.1100868323678161
20-01-2026 11:35||NIFTY27JAN2626300CE,0.1296979890164445
20-01-2026 11:35||NIFTY27JAN2626500CE,0.1643540466410318
20-01-2026 11:40||NIFTY27JAN2623800PE,0.1929065247063101
20-01-2026 11:40||NIFTY27JAN2624000PE,0.1922459385243596
20-01-2026 11:40||NIFTY27JAN2624100PE,0.1837743881300656
20-01-2026 11:40||NIFTY27JAN2624700PE,0.1328521162794284
20-01-2026 11:40||NIFTY27JAN2624800PE,0.1270338746929814
20-01-2026 11:40||NIFTY27JAN2625100PE,0.114381764010326
20-01-2026 11:40||NIFTY27JAN2625300CE,0.1137165158981004
20-01-2026 11:45||NIFTY27JAN2623900PE,0.2007970079676475
20-01-2026 11:45||NIFTY27JAN2624500PE,0.1488716444463484
20-01-2026 11:45||NIFTY27JAN2625600CE,0.106051053791479
20-01-2026 11:45||NIFTY27JAN2625800CE,0.1077427580592579
20-01-2026 11:45||NIFTY27JAN2625900CE,0.1101898554291039
20-01-2026 11:45||NIFTY27JAN2626000CE,0.1129284138595269
20-01-2026 11:50||NIFTY27JAN2624200PE,0.1761347847857239
20-01-2026 11:50||NIFTY27JAN2624600PE,0.1400055608249475
20-01-2026 11:50||NIFTY27JAN2624700PE,0.1331518965944139
20-01-2026 11:50||NIFTY27JAN2624900PE,0.1225125514119896
20-01-2026 11:50||NIFTY27JAN2625400CE,0.1078233643530975
20-01-2026 11:50||NIFTY27JAN2625700CE,0.1046412215649679
20-01-2026 11:50||NIFTY27JAN2626300CE,0.1290810646794324
20-01-2026 11:55||NIFTY27JAN2623800PE,0.1884907049086041
20-01-2026 11:55||NIFTY27JAN2623900PE,0.1989269969457474
20-01-2026 11:55||NIFTY27JAN2624000PE,0.1921830992928921
20-01-2026 11:55||NIFTY27JAN2624100PE,0.1849106787838292
20-01-2026 11:55||NIFTY27JAN2625800CE,0.1059578164170387
20-01-2026 11:55||NIFTY27JAN2625900CE,0.1082514310430206
20-01-2026 12:00||NIFTY27JAN2623800PE,0.1907910877949618
20-01-2026 12:00||NIFTY27JAN2624400PE,0.1585265699144705
20-01-2026 12:00||NIFTY27JAN2624600PE,0.1399305365792547
20-01-2026 12:00||NIFTY27JAN2624700PE,0.1334836580868774
20-01-2026 12:00||NIFTY27JAN2625800CE,0.1055982860044418
20-01-2026 12:00||NIFTY27JAN2625900CE,0.1079402931192261
20-01-2026 12:05||NIFTY27JAN2624700PE,0.1330646789726645
20-01-2026 12:05||NIFTY27JAN2624900PE,0.1235299887718798
20-01-2026 12:05||NIFTY27JAN2625800CE,0.1055642340554508
20-01-2026 12:10||NIFTY27JAN2624200PE,0.1748316681933049
20-01-2026 12:10||NIFTY27JAN2624500PE,0.1449642627029992
20-01-2026 12:10||NIFTY27JAN2624600PE,0.1366894714807815
20-01-2026 12:10||NIFTY27JAN2624700PE,0.1312900347516279
20-01-2026 12:10||NIFTY27JAN2624800PE,0.1266615613147277
20-01-2026 12:10||NIFTY27JAN2624900PE,0.1224610658870627
20-01-2026 12:15||NIFTY27JAN2624300PE,0.165304253562259
20-01-2026 12:15||NIFTY27JAN2624500PE,0.1464188210004189
20-01-2026 12:15||NIFTY27JAN2625000PE,0.119096471344105
20-01-2026 12:15||NIFTY27JAN2625100PE,0.1161044096527461
20-01-2026 12:15||NIFTY27JAN2625400CE,0.1054676010850212
20-01-2026 12:15||NIFTY27JAN2626400CE,0.1405847477716857
20-01-2026 12:20||NIFTY27JAN2623900PE,0.1987245371419436
20-01-2026 12:20||NIFTY27JAN2624000PE,0.1900203547910612
20-01-2026 12:20||NIFTY27JAN2624100PE,0.1826228981731345
20-01-2026 12:20||NIFTY27JAN2625200CE,0.1110221007957401
20-01-2026 12:20||NIFTY27JAN2625300CE,0.1088400258729281
20-01-2026 12:20||NIFTY27JAN2625700CE,0.1059415225111643
20-01-2026 12:20||NIFTY27JAN2625800CE,0.1079922882177325
20-01-2026 12:20||NIFTY27JAN2625900CE,0.1107269723190618
20-01-2026 12:25||NIFTY27JAN2623800PE,0.1910719011450299
20-01-2026 12:25||NIFTY27JAN2625000PE,0.1195933965974863
20-01-2026 12:25||NIFTY27JAN2625100PE,0.1167222301231507
20-01-2026 12:25||NIFTY27JAN2625700CE,0.1060882017826954
20-01-2026 12:25||NIFTY27JAN2626000CE,0.1153133667205165
20-01-2026 12:30||NIFTY27JAN2623800PE,0.1902874669224456
20-01-2026 12:30||NIFTY27JAN2623900PE,0.1989251765975274
20-01-2026 12:30||NIFTY27JAN2624900PE,0.1230903891754316
20-01-2026 12:30||NIFTY27JAN2625000PE,0.1201157600618584
20-01-2026 12:30||NIFTY27JAN2625100PE,0.1169928910266564
20-01-2026 12:30||NIFTY27JAN2625300CE,0.1102973950974518
20-01-2026 12:30||NIFTY27JAN2626000CE,0.1155883739640632
20-01-2026 12:35||NIFTY27JAN2623800PE,0.190880924174155
20-01-2026 12:35||NIFTY27JAN2624200PE,0.173157814515372
20-01-2026 12:35||NIFTY27JAN2625000PE,0.1187442471502925
20-01-2026 12:35||NIFTY27JAN2625200CE,0.1097208038948931
20-01-2026 12:35||NIFTY27JAN2625500CE,0.1061981180667021
20-01-2026 12:35||NIFTY27JAN2625700CE,0.1061839827001157
20-01-2026 12:35||NIFTY27JAN2625800CE,0.1077250759998205
20-01-2026 12:35||NIFTY27JAN2626200CE,0.1293295170977464
20-01-2026 12:35||NIFTY27JAN2626300CE,0.1360951481067682
20-01-2026 12:40||NIFTY27JAN2623800PE,0.1912478539348684
20-01-2026 12:40||NIFTY27JAN2624000PE,0.1915079369345627
20-01-2026 12:40||NIFTY27JAN2624300PE,0.1629182183166104
20-01-2026 12:40||NIFTY27JAN2624600PE,0.138883438792527
20-01-2026 12:40||NIFTY27JAN2624700PE,0.1324116939815433
20-01-2026 12:40||NIFTY27JAN2625400CE,0.108355095986121
20-01-2026 12:40||NIFTY27JAN2626100CE,0.1224106815025452
20-01-2026 12:45||NIFTY27JAN2623800PE,0.1917369629069981
20-01-2026 12:45||NIFTY27JAN2624300PE,0.1621410787983118
20-01-2026 12:45||NIFTY27JAN2624400PE,0.1544092229370466
20-01-2026 12:45||NIFTY27JAN2625100PE,0.1143775705533962
20-01-2026 12:50||NIFTY27JAN2624200PE,0.1727205648495709
20-01-2026 12:50||NIFTY27JAN2625600CE,0.1064249991055735
20-01-2026 12:50||NIFTY27JAN2626000CE,0.1161141489637969
20-01-2026 12:50||NIFTY27JAN2626200CE,0.1277993445412447
20-01-2026 12:55||NIFTY27JAN2624900PE,0.1212648998188554
20-01-2026 12:55||NIFTY27JAN2625400CE,0.10825141866428
20-01-2026 13:00||NIFTY27JAN2623900PE,0.2014416906422096
20-01-2026 13:00||NIFTY27JAN2624200PE,0.1738867219868254
20-01-2026 13:00||NIFTY27JAN2625100PE,0.113945254547927
20-01-2026 13:00||NIFTY27JAN2625800CE,0.108373511695
20-01-2026 13:00||NIFTY27JAN2625900CE,0.1114204843183828
20-01-2026 13:00||NIFTY27JAN2626400CE,0.1435869595271861
20-01-2026 13:05||NIFTY27JAN2624200PE,0.1742312799695587
20-01-2026 13:05||NIFTY27JAN2624900PE,0.1212573259912389
20-01-2026 13:05||NIFTY27JAN2625300CE,0.1079682089783171
20-01-2026 13:05||NIFTY27JAN2625400CE,0.1064591743379148
20-01-2026 13:05||NIFTY27JAN2625600CE,0.1049854121178887
20-01-2026 13:05||NIFTY27JAN2626500CE,0.1694939969670944
20-01-2026 13:10||NIFTY27JAN2624000PE,0.1925581979267196
20-01-2026 13:10||NIFTY27JAN2624400PE,0.1565229337276265
20-01-2026 13:10||NIFTY27JAN2624700PE,0.133509566367346
20-01-2026 13:10||NIFTY27JAN2625000PE,0.1166242287358121
20-01-2026 13:10||NIFTY27JAN2626000CE,0.1155511577587496
20-01-2026 13:10||NIFTY27JAN2626400CE,0.1439573096183424
20-01-2026 13:15||NIFTY27JAN2623900PE,0.2015057662211182
20-01-2026 13:15||NIFTY27JAN2624600PE,0.1401892835412458
20-01-2026 13:15||NIFTY27JAN2624900PE,0.1210012133662445
20-01-2026 13:15||NIFTY27JAN2625000PE,0.1161526415747133
20-01-2026 13:15||NIFTY27JAN2625200CE,0.1084570541361676
20-01-2026 13:15||NIFTY27JAN2626000CE,0.1159333332436937
20-01-2026 13:15||NIFTY27JAN2626200CE,0.1279880153190367
20-01-2026 13:20||NIFTY27JAN2624200PE,0.1743623533072187
20-01-2026 13:20||NIFTY27JAN2624600PE,0.140575344197383
20-01-2026 13:20||NIFTY27JAN2625000PE,0.1170699487366458
20-01-2026 13:20||NIFTY27JAN2625700CE,0.1059687772255865
20-01-2026 13:20||NIFTY27JAN2626100CE,0.1221135636317765
20-01-2026 13:20||NIFTY27JAN2626200CE,0.1278380719287584
20-01-2026 13:25||NIFTY27JAN2623800PE,0.1925992329650828
20-01-2026 13:25||NIFTY27JAN2624100PE,0.1837132489369506
20-01-2026 13:25||NIFTY27JAN2624700PE,0.1343071308784489
20-01-2026 13:25||NIFTY27JAN2625000PE,0.1177462475481043
20-01-2026 13:25||NIFTY27JAN2625800CE,0.1077675075386046
20-01-2026 13:30||NIFTY27JAN2624100PE,0.1837839373302531
20-01-2026 13:30||NIFTY27JAN2624700PE,0.1345688044237916
20-01-2026 13:30||NIFTY27JAN2624900PE,0.1230830076400693
20-01-2026 13:30||NIFTY27JAN2626000CE,0.1166643503547739
20-01-2026 13:35||NIFTY27JAN2625100PE,0.1155115302328189
20-01-2026 13:35||NIFTY27JAN2625800CE,0.1099312270173116
20-01-2026 13:40||NIFTY27JAN2623800PE,0.19391259630054
20-01-2026 13:40||NIFTY27JAN2624600PE,0.1403805905340865
20-01-2026 13:40||NIFTY27JAN2625000PE,0.118231710034712
20-01-2026 13:45||NIFTY27JAN2624000PE,0.1902472386607796
20-01-2026 13:45||NIFTY27JAN2624400PE,0.1554082284463464
20-01-2026 13:45||NIFTY27JAN2624600PE,0.1403241430333818
20-01-2026 13:50||NIFTY27JAN2624000PE,0.1881319330804958
20-01-2026 13:50||NIFTY27JAN2624100PE,0.178415658731576
20-01-2026 13:50||NIFTY27JAN2624200PE,0.1712367383698602
20-01-2026 13:50||NIFTY27JAN2624300PE,0.1636520203937521
20-01-2026 13:50||NIFTY27JAN2624500PE,0.147324998652595
20-01-2026 13:50||NIFTY27JAN2625200CE,0.1126840994033482
20-01-2026 13:50||NIFTY27JAN2625400CE,0.1105226796050193
20-01-2026 13:50||NIFTY27JAN2626000CE,0.1218994556977657
20-01-2026 13:50||NIFTY27JAN2626100CE,0.1273809055118154
20-01-2026 13:55||NIFTY27JAN2624400PE,0.1560604739028258
20-01-2026 13:55||NIFTY27JAN2625200CE,0.1117587383876023
20-01-2026 13:55||NIFTY27JAN2625400CE,0.1102223560735295
20-01-2026 13:55||NIFTY27JAN2625600CE,0.1086137591166174
20-01-2026 14:00||NIFTY27JAN2624100PE,0.1814024475632084
20-01-2026 14:00||NIFTY27JAN2624200PE,0.1729794114907961
20-01-2026 14:00||NIFTY27JAN2624800PE,0.1300762202243285
20-01-2026 14:00||NIFTY27JAN2624900PE,0.1254411592594224
20-01-2026 14:00||NIFTY27JAN2625000PE,0.1215998439487287
20-01-2026 14:00||NIFTY27JAN2625100PE,0.1181672474884928
20-01-2026 14:00||NIFTY27JAN2625200CE,0.1122602987610553
20-01-2026 14:00||NIFTY27JAN2626100CE,0.1284705283408721
20-01-2026 14:05||NIFTY27JAN2623800PE,0.1958567179447029
20-01-2026 14:05||NIFTY27JAN2625100PE,0.1171448466272753
20-01-2026 14:05||NIFTY27JAN2625200CE,0.11371493756145
20-01-2026 14:05||NIFTY27JAN2626100CE,0.1294410889553733
20-01-2026 14:05||NIFTY27JAN2626400CE,0.150703042394673
20-01-2026 14:10||NIFTY27JAN2624000PE,0.1925644014720246
20-01-2026 14:10||NIFTY27JAN2624200PE,0.1744634164803523
20-01-2026 14:10||NIFTY27JAN2624500PE,0.1483719153525279
20-01-2026 14:10||NIFTY27JAN2624900PE,0.1234255019888851
20-01-2026 14:10||NIFTY27JAN2625000PE,0.1193942274897636
20-01-2026 14:10||NIFTY27JAN2625500CE,0.1091849610208215
20-01-2026 14:10||NIFTY27JAN2625700CE,0.110394182376321
20-01-2026 14:10||NIFTY27JAN2626100CE,0.1309642368679075
20-01-2026 14:10||NIFTY27JAN2626200CE,0.1374464246952406
20-01-2026 14:10||NIFTY27JAN2626300CE,0.1437976307023171
20-01-2026 14:15||NIFTY27JAN2623800PE,0.1980347585992317
20-01-2026 14:15||NIFTY27JAN2624100PE,0.1830165664550592
20-01-2026 14:15||NIFTY27JAN2624500PE,0.1477988672659684
20-01-2026 14:15||NIFTY27JAN2624600PE,0.1408680339861272
20-01-2026 14:15||NIFTY27JAN2624900PE,0.1231468391279452
20-01-2026 14:15||NIFTY27JAN2625200CE,0.1176032175792206
20-01-2026 14:15||NIFTY27JAN2625400CE,0.1113341734642292
20-01-2026 14:15||NIFTY27JAN2626000CE,0.12321915092213
20-01-2026 14:15||NIFTY27JAN2626300CE,0.1430152774720912
20-01-2026 14:15||NIFTY27JAN2626500CE,0.1754724867764764
20-01-2026 14:20||NIFTY27JAN2625400CE,0.1120364289366499
20-01-2026 14:20||NIFTY27JAN2625700CE,0.1110634958606198
20-01-2026 14:20||NIFTY27JAN2626500CE,0.1777886721512064
20-01-2026 14:25||NIFTY27JAN2624100PE,0.184320107838198
20-01-2026 14:25||NIFTY27JAN2624600PE,0.1419406539312358
20-01-2026 14:25||NIFTY27JAN2625400CE,0.110827042786924
20-01-2026 14:25||NIFTY27JAN2625900CE,0.116952194949208
20-01-2026 14:30||NIFTY27JAN2624000PE,0.1947649622168487
20-01-2026 14:30||NIFTY27JAN2624600PE,0.1436343305394439
20-01-2026 14:30||NIFTY27JAN2625400CE,0.108667590105375
20-01-2026 14:30||NIFTY27JAN2625500CE,0.1075790782130264
20-01-2026 14:30||NIFTY27JAN2625800CE,0.1116533695532918
20-01-2026 14:30||NIFTY27JAN2626000CE,0.1208210513873325
20-01-2026 14:30||NIFTY27JAN2626400CE,0.1563659857960806
20-01-2026 14:30||NIFTY27JAN2626500CE,0.17733157637655
20-01-2026 14:35||NIFTY27JAN2624600PE,0.1448678708221127
20-01-2026 14:35||NIFTY27JAN2624800PE,0.1325558266741692
20-01-2026 14:35||NIFTY27JAN2625600CE,0.1065299426742259
20-01-2026 14:35||NIFTY27JAN2626000CE,0.1208192259763514
20-01-2026 14:35||NIFTY27JAN2626300CE,0.1404633473196241
20-01-2026 14:40||NIFTY27JAN2623800PE,0.1981411525830455
20-01-2026 14:40||NIFTY27JAN2625200CE,0.1109031994482517
20-01-2026 14:40||NIFTY27JAN2625500CE,0.105284799367635
20-01-2026 14:45||NIFTY27JAN2624600PE,0.1453456898195794
20-01-2026 14:45||NIFTY27JAN2625500CE,0.1044818622518095
20-01-2026 14:45||NIFTY27JAN2626000CE,0.1219637698512956
20-01-2026 14:45||NIFTY27JAN2626100CE,0.1271835919953659
20-01-2026 14:50||NIFTY27JAN2624000PE,0.194426136046073
20-01-2026 14:50||NIFTY27JAN2624200PE,0.1782914335582932
20-01-2026 14:50||NIFTY27JAN2624900PE,0.1269568525656726
20-01-2026 14:50||NIFTY27JAN2625100PE,0.1201682763707673
20-01-2026 14:50||NIFTY27JAN2625500CE,0.102936441669515
20-01-2026 14:50||NIFTY27JAN2625900CE,0.1159171302413405
20-01-2026 14:55||NIFTY27JAN2623900PE,0.2021125085166729
20-01-2026 14:55||NIFTY27JAN2624000PE,0.19173091323137
20-01-2026 14:55||NIFTY27JAN2624100PE,0.1845821148227883
20-01-2026 14:55||NIFTY27JAN2626000CE,0.1227852858272999
20-01-2026 15:00||NIFTY27JAN2624800PE,0.131828111571167
20-01-2026 15:00||NIFTY27JAN2625600CE,0.1049607751471314
20-01-2026 15:00||NIFTY27JAN2626100CE,0.1325817361204618
20-01-2026 15:00||NIFTY27JAN2626200CE,0.1389601728063774
20-01-2026 15:00||NIFTY27JAN2626400CE,0.1525557491191804
20-01-2026 15:05||NIFTY27JAN2623900PE,0.2035190877491366
20-01-2026 15:05||NIFTY27JAN2624300PE,0.1655708231557259
20-01-2026 15:05||NIFTY27JAN2625000PE,0.126016382898017
20-01-2026 15:05||NIFTY27JAN2625200CE,0.1013129712751807
20-01-2026 15:05||NIFTY27JAN2626100CE,0.1354888188057938
20-01-2026 15:05||NIFTY27JAN2626200CE,0.1419829672466269
20-01-2026 15:10||NIFTY27JAN2624300PE,0.1657909333805625
20-01-2026 15:10||NIFTY27JAN2625100PE,0.1255860149950735
20-01-2026 15:10||NIFTY27JAN2625300CE,0.1039857720556871
20-01-2026 15:10||NIFTY27JAN2625400CE,0.1048076138139706
20-01-2026 15:10||NIFTY27JAN2625900CE,0.1245953214950862
20-01-2026 15:10||NIFTY27JAN2626100CE,0.1385063184906826
20-01-2026 15:15||NIFTY27JAN2624000PE,0.1977769437611309
20-01-2026 15:15||NIFTY27JAN2624200PE,0.1756192217110182
20-01-2026 15:15||NIFTY27JAN2624500PE,0.1513354143479126
20-01-2026 15:15||NIFTY27JAN2624800PE,0.1338130603066736
20-01-2026 15:15||NIFTY27JAN2625000PE,0.1268058756921656
20-01-2026 15:15||NIFTY27JAN2625100PE,0.124268883443991
20-01-2026 15:15||NIFTY27JAN2625700CE,0.1180188652273062
20-01-2026 15:15||NIFTY27JAN2625900CE,0.128950637222615
20-01-2026 15:15||NIFTY27JAN2626000CE,0.1349920816214115
20-01-2026 15:15||NIFTY27JAN2626200CE,0.1479429059525778
20-01-2026 15:20||NIFTY27JAN2623800PE,0.2055473774985662
20-01-2026 15:20||NIFTY27JAN2624200PE,0.1760268263101551
20-01-2026 15:20||NIFTY27JAN2624500PE,0.1509150531681467
20-01-2026 15:20||NIFTY27JAN2625500CE,0.118980763408146
20-01-2026 15:20||NIFTY27JAN2625700CE,0.1236332813130191
20-01-2026 15:20||NIFTY27JAN2626400CE,0.1647234145441385
20-01-2026 15:25||NIFTY27JAN2623800PE,0.2062961488858595
20-01-2026 15:25||NIFTY27JAN2625100PE,0.1118170343672797
20-01-2026 15:25||NIFTY27JAN2625200CE,0.1352258463993343
20-01-2026 15:25||NIFTY27JAN2625300CE,0.1321107942455939
20-01-2026 15:25||NIFTY27JAN2625900CE,0.1365380635091107
20-01-2026 15:25||NIFTY27JAN2626200CE,0.1538329372593289
21-01-2026 09:15||NIFTY27JAN2625200CE,0.1420650638544539
21-01-2026 09:15||NIFTY27JAN2625400CE,0.1329024283216695
21-01-2026 09:15||NIFTY27JAN2625900CE,0.1378790736088092
21-01-2026 09:15||NIFTY27JAN2626200CE,0.155285223716293
21-01-2026 09:20||NIFTY27JAN2623900PE,0.2171462737803602
21-01-2026 09:20||NIFTY27JAN2624300PE,0.1742170698337129
21-01-2026 09:20||NIFTY27JAN2624400PE,0.165287763646929
21-01-2026 09:25||NIFTY27JAN2624000PE,0.2117317931097005
21-01-2026 09:25||NIFTY27JAN2624300PE,0.178412293931802
21-01-2026 09:25||NIFTY27JAN2624400PE,0.1693355197292824
21-01-2026 09:25||NIFTY27JAN2625100PE,0.114858140160735
21-01-2026 09:25||NIFTY27JAN2625300CE,0.1249886245075438
21-01-2026 09:25||NIFTY27JAN2625600CE,0.1205981419721182
21-01-2026 09:25||NIFTY27JAN2625800CE,0.1258622740034053
21-01-2026 09:30||NIFTY27JAN2623800PE,0.2138428082497442
21-01-2026 09:30||NIFTY27JAN2623900PE,0.2209580103270527
21-01-2026 09:30||NIFTY27JAN2624000PE,0.2124188517149502
21-01-2026 09:30||NIFTY27JAN2624400PE,0.1709683382017211
21-01-2026 09:30||NIFTY27JAN2625300CE,0.1232403583110089
21-01-2026 09:30||NIFTY27JAN2625700CE,0.1195910382516621
21-01-2026 09:35||NIFTY27JAN2623900PE,0.2218129524088989
21-01-2026 09:35||NIFTY27JAN2624200PE,0.1916911184677195
21-01-2026 09:35||NIFTY27JAN2625200CE,0.1321799639477308
21-01-2026 09:35||NIFTY27JAN2625300CE,0.1214500000238999
21-01-2026 09:35||NIFTY27JAN2625600CE,0.1168740293133497
21-01-2026 09:35||NIFTY27JAN2626200CE,0.1508014287053987
21-01-2026 09:40||NIFTY27JAN2624400PE,0.168806590296942
21-01-2026 09:40||NIFTY27JAN2625100PE,0.1148183626167084
21-01-2026 09:40||NIFTY27JAN2625200CE,0.1339534662141996
21-01-2026 09:40||NIFTY27JAN2625900CE,0.1299387009133307
21-01-2026 09:40||NIFTY27JAN2626300CE,0.1610996118501721
21-01-2026 09:40||NIFTY27JAN2626400CE,0.168400665475975
21-01-2026 09:45||NIFTY27JAN2623800PE,0.2127690986875049
21-01-2026 09:45||NIFTY27JAN2624100PE,0.1961428973727171
21-01-2026 09:45||NIFTY27JAN2624400PE,0.1667578287020816
21-01-2026 09:45||NIFTY27JAN2625200CE,0.1291713019755971
21-01-2026 09:45||NIFTY27JAN2625600CE,0.1176942900568223
21-01-2026 09:45||NIFTY27JAN2626000CE,0.1383141187323729
21-01-2026 09:45||NIFTY27JAN2626300CE,0.1614424138635524
21-01-2026 09:50||NIFTY27JAN2624700PE,0.1383708737753354
21-01-2026 09:50||NIFTY27JAN2624900PE,0.1232953340758952
21-01-2026 09:50||NIFTY27JAN2625400CE,0.1159536950190124
21-01-2026 09:50||NIFTY27JAN2625600CE,0.1172713372370491
21-01-2026 09:50||NIFTY27JAN2625800CE,0.1251989801263044
21-01-2026 09:55||NIFTY27JAN2624100PE,0.1911785746733292
21-01-2026 09:55||NIFTY27JAN2624200PE,0.1822305421839316
21-01-2026 09:55||NIFTY27JAN2624400PE,0.1638389520665339
21-01-2026 09:55||NIFTY27JAN2624800PE,0.1300142883413548
21-01-2026 09:55||NIFTY27JAN2625400CE,0.1140667724321434
21-01-2026 09:55||NIFTY27JAN2626000CE,0.1411989601072699
21-01-2026 09:55||NIFTY27JAN2626100CE,0.1487477249412656
21-01-2026 09:55||NIFTY27JAN2626200CE,0.1550078242551222
21-01-2026 09:55||NIFTY27JAN2626500CE,0.1939652563101367
21-01-2026 10:00||NIFTY27JAN2624000PE,0.2009913707742407
21-01-2026 10:00||NIFTY27JAN2625000PE,0.1170807270911978
21-01-2026 10:00||NIFTY27JAN2625300CE,0.1168300798928548
21-01-2026 10:00||NIFTY27JAN2625400CE,0.1150403137174705
21-01-2026 10:00||NIFTY27JAN2626500CE,0.1938714998187795
21-01-2026 10:05||NIFTY27JAN2625200CE,0.1232666715300309
21-01-2026 10:05||NIFTY27JAN2625600CE,0.1214341913021266
21-01-2026 10:05||NIFTY27JAN2625700CE,0.1253213007300797
21-01-2026 10:05||NIFTY27JAN2625800CE,0.1289678048861547
21-01-2026 10:10||NIFTY27JAN2624000PE,0.1987922146173315
21-01-2026 10:10||NIFTY27JAN2624400PE,0.1601422107980296
21-01-2026 10:10||NIFTY27JAN2625800CE,0.1297525459187511
21-01-2026 10:10||NIFTY27JAN2626100CE,0.1485594041880135
21-01-2026 10:15||NIFTY27JAN2624000PE,0.1989522295831704
21-01-2026 10:15||NIFTY27JAN2624200PE,0.1794239507043592
21-01-2026 10:15||NIFTY27JAN2624500PE,0.1508013860736702
21-01-2026 10:15||NIFTY27JAN2624600PE,0.14299688105017
21-01-2026 10:15||NIFTY27JAN2625500CE,0.1172210504099006
21-01-2026 10:15||NIFTY27JAN2626100CE,0.1494913459030162
21-01-2026 10:20||NIFTY27JAN2625700CE,0.124686817653339
21-01-2026 10:25||NIFTY27JAN2624300PE,0.1691844293443901
21-01-2026 10:25||NIFTY27JAN2625000PE,0.1189879424161396
21-01-2026 10:25||NIFTY27JAN2625700CE,0.1267867015597234
21-01-2026 10:25||NIFTY27JAN2626200CE,0.1618395080748333
21-01-2026 10:30||NIFTY27JAN2624200PE,0.1774148330474249
21-01-2026 10:30||NIFTY27JAN2624700PE,0.1348566976532788
21-01-2026 10:30||NIFTY27JAN2624800PE,0.1285961677623459
21-01-2026 10:30||NIFTY27JAN2625200CE,0.1193886593194124
21-01-2026 10:30||NIFTY27JAN2625900CE,0.1406878717925098
21-01-2026 10:30||NIFTY27JAN2626300CE,0.1731070216973196
21-01-2026 10:30||NIFTY27JAN2626400CE,0.1803246374971511
21-01-2026 10:35||NIFTY27JAN2624400PE,0.1602325072436245
21-01-2026 10:35||NIFTY27JAN2625100PE,0.1209834489759677
21-01-2026 10:35||NIFTY27JAN2625500CE,0.1220753416825202
21-01-2026 10:35||NIFTY27JAN2625600CE,0.1253207629097836
21-01-2026 10:35||NIFTY27JAN2625800CE,0.1371459814106697
21-01-2026 10:35||NIFTY27JAN2625900CE,0.1434960767119224
21-01-2026 10:40||NIFTY27JAN2624200PE,0.1773629558824969
21-01-2026 10:40||NIFTY27JAN2624800PE,0.1354793292954357
21-01-2026 10:40||NIFTY27JAN2625200CE,0.1218541385048243
21-01-2026 10:40||NIFTY27JAN2625400CE,0.1219814164155788
21-01-2026 10:40||NIFTY27JAN2626300CE,0.1791482773446456
21-01-2026 10:45||NIFTY27JAN2624700PE,0.1425656399235879
21-01-2026 10:45||NIFTY27JAN2624800PE,0.1368844624989445
21-01-2026 10:45||NIFTY27JAN2625700CE,0.1399852211622695
21-01-2026 10:45||NIFTY27JAN2626400CE,0.1934238801100098
21-01-2026 10:45||NIFTY27JAN2626500CE,0.2030505163990301
21-01-2026 10:50||NIFTY27JAN2624100PE,0.1894128594225803
21-01-2026 10:50||NIFTY27JAN2624300PE,0.166921098816164
21-01-2026 10:50||NIFTY27JAN2624400PE,0.1592370138112102
21-01-2026 10:50||NIFTY27JAN2624500PE,0.154224899585683
21-01-2026 10:50||NIFTY27JAN2625400CE,0.1314024131980922
21-01-2026 10:50||NIFTY27JAN2625700CE,0.1444343778021472
21-01-2026 10:50||NIFTY27JAN2625900CE,0.1571464873208687
21-01-2026 10:50||NIFTY27JAN2626400CE,0.1963017668148848
21-01-2026 10:55||NIFTY27JAN2623900PE,0.2101659405284831
21-01-2026 10:55||NIFTY27JAN2624300PE,0.1673210378573337
21-01-2026 10:55||NIFTY27JAN2624800PE,0.1360742067984182
21-01-2026 10:55||NIFTY27JAN2625000PE,0.1307533465203026
21-01-2026 10:55||NIFTY27JAN2625100PE,0.1321445845197088
21-01-2026 10:55||NIFTY27JAN2625300CE,0.1329367845804223
21-01-2026 10:55||NIFTY27JAN2625900CE,0.1609625240669187
21-01-2026 10:55||NIFTY27JAN2626200CE,0.1819967604932469
21-01-2026 11:00||NIFTY27JAN2624000PE,0.1989847438210895
21-01-2026 11:00||NIFTY27JAN2624300PE,0.1687956139641355
21-01-2026 11:00||NIFTY27JAN2624600PE,0.1464241972527419
21-01-2026 11:00||NIFTY27JAN2624800PE,0.1341043513402628
21-01-2026 11:00||NIFTY27JAN2625100PE,0.1267144620770947
21-01-2026 11:00||NIFTY27JAN2625300CE,0.1347116189494211
21-01-2026 11:05||NIFTY27JAN2624000PE,0.1975350833292847
21-01-2026 11:05||NIFTY27JAN2624100PE,0.1885147637261195
21-01-2026 11:05||NIFTY27JAN2624400PE,0.1608421777868536
21-01-2026 11:05||NIFTY27JAN2625000PE,0.1188259865178533
21-01-2026 11:05||NIFTY27JAN2625200CE,0.1381404724356818
21-01-2026 11:10||NIFTY27JAN2624800PE,0.128034172812799
21-01-2026 11:10||NIFTY27JAN2625200CE,0.1390496424908557
21-01-2026 11:10||NIFTY27JAN2625300CE,0.1384197692368754
21-01-2026 11:10||NIFTY27JAN2625500CE,0.14020070780654
21-01-2026 11:10||NIFTY27JAN2625900CE,0.1585835961860592
21-01-2026 11:10||NIFTY27JAN2626100CE,0.1719350192414118
21-01-2026 11:15||NIFTY27JAN2624300PE,0.1719654223691663
21-01-2026 11:15||NIFTY27JAN2625100PE,0.111087257941728
21-01-2026 11:15||NIFTY27JAN2625400CE,0.1364100874002556
21-01-2026 11:20||NIFTY27JAN2623900PE,0.2128495155256081
21-01-2026 11:20||NIFTY27JAN2625800CE,0.1467852111383212
21-01-2026 11:20||NIFTY27JAN2626000CE,0.1603713202805343
21-01-2026 11:20||NIFTY27JAN2626100CE,0.1668912086304855
21-01-2026 11:20||NIFTY27JAN2626400CE,0.193009287654527
21-01-2026 11:20||NIFTY27JAN2626500CE,0.2062191949021934
21-01-2026 11:25||NIFTY27JAN2624600PE,0.1506268046167827
21-01-2026 11:25||NIFTY27JAN2624800PE,0.1359671392191023
21-01-2026 11:30||NIFTY27JAN2623900PE,0.2125798202610334
21-01-2026 11:30||NIFTY27JAN2624000PE,0.2033533682707286
21-01-2026 11:30||NIFTY27JAN2624100PE,0.195741898444722
21-01-2026 11:30||NIFTY27JAN2624400PE,0.16862032351346
21-01-2026 11:30||NIFTY27JAN2625400CE,0.1300482235428875
21-01-2026 11:30||NIFTY27JAN2625800CE,0.1451116601664021
21-01-2026 11:30||NIFTY27JAN2626000CE,0.1585084110401393
21-01-2026 11:30||NIFTY27JAN2626500CE,0.2050249122314019
21-01-2026 11:35||NIFTY27JAN2623900PE,0.2142430810175204
21-01-2026 11:35||NIFTY27JAN2624600PE,0.1509630624999999
21-01-2026 11:35||NIFTY27JAN2626100CE,0.1653222704163633
21-01-2026 11:35||NIFTY27JAN2626300CE,0.1800773096008686
21-01-2026 11:40||NIFTY27JAN2624800PE,0.1361544150256546
21-01-2026 11:40||NIFTY27JAN2625100PE,0.1204879711313575
21-01-2026 11:40||NIFTY27JAN2625200CE,0.13258863529542
21-01-2026 11:40||NIFTY27JAN2625700CE,0.139865894955655
21-01-2026 11:45||NIFTY27JAN2624600PE,0.1497944283155059
21-01-2026 11:45||NIFTY27JAN2625100PE,0.119433400961887
21-01-2026 11:45||NIFTY27JAN2625200CE,0.1329172681789535
21-01-2026 11:45||NIFTY27JAN2625400CE,0.1311885832724027
21-01-2026 11:50||NIFTY27JAN2624000PE,0.2030662719188682
21-01-2026 11:50||NIFTY27JAN2624100PE,0.1936973695603807
21-01-2026 11:50||NIFTY27JAN2624300PE,0.1762696174745184
21-01-2026 11:55||NIFTY27JAN2624000PE,0.2034014324148828
21-01-2026 11:55||NIFTY27JAN2624600PE,0.1477416701369215
21-01-2026 11:55||NIFTY27JAN2624700PE,0.1404677293536311
21-01-2026 11:55||NIFTY27JAN2624900PE,0.1263855694195151
21-01-2026 12:00||NIFTY27JAN2624100PE,0.1919256867304765
21-01-2026 12:00||NIFTY27JAN2624200PE,0.1837160980457172
21-01-2026 12:00||NIFTY27JAN2624700PE,0.1393921139045039
21-01-2026 12:00||NIFTY27JAN2624800PE,0.1322185098494319
21-01-2026 12:00||NIFTY27JAN2625600CE,0.1330758066394186
21-01-2026 12:00||NIFTY27JAN2625900CE,0.1465201620624415
21-01-2026 12:05||NIFTY27JAN2623800PE,0.2128957369405645
21-01-2026 12:05||NIFTY27JAN2624100PE,0.1930104532002175
21-01-2026 12:05||NIFTY27JAN2625500CE,0.1303947930740999
21-01-2026 12:05||NIFTY27JAN2626200CE,0.1642473472443328
21-01-2026 12:10||NIFTY27JAN2624100PE,0.1929074097576638
21-01-2026 12:10||NIFTY27JAN2624200PE,0.184364167669149
21-01-2026 12:10||NIFTY27JAN2625000PE,0.1167280097116869
21-01-2026 12:10||NIFTY27JAN2625900CE,0.1431121399545997
21-01-2026 12:10||NIFTY27JAN2626500CE,0.1950876708908364
21-01-2026 12:15||NIFTY27JAN2623800PE,0.2138254202224523
21-01-2026 12:15||NIFTY27JAN2624200PE,0.1875958411531599
21-01-2026 12:15||NIFTY27JAN2625400CE,0.1279884324704188
21-01-2026 12:15||NIFTY27JAN2625700CE,0.1335354708242152
21-01-2026 12:20||NIFTY27JAN2624200PE,0.1907435293138142
21-01-2026 12:20||NIFTY27JAN2625000PE,0.1220794260876667
21-01-2026 12:20||NIFTY27JAN2625400CE,0.1255679716346189
21-01-2026 12:20||NIFTY27JAN2625600CE,0.1287366070932938
21-01-2026 12:20||NIFTY27JAN2625700CE,0.1321599006660412
21-01-2026 12:20||NIFTY27JAN2626300CE,0.1648908105753757
21-01-2026 12:25||NIFTY27JAN2624000PE,0.2123266316189356
21-01-2026 12:25||NIFTY27JAN2624500PE,0.1625027458941112
21-01-2026 12:25||NIFTY27JAN2624600PE,0.1531923031443626
21-01-2026 12:25||NIFTY27JAN2624700PE,0.1466745260342991
21-01-2026 12:25||NIFTY27JAN2625700CE,0.1303951125676737
21-01-2026 12:25||NIFTY27JAN2626500CE,0.1956279996632121
21-01-2026 12:30||NIFTY27JAN2624100PE,0.2033157723100936
21-01-2026 12:30||NIFTY27JAN2624200PE,0.1945803792951546
21-01-2026 12:30||NIFTY27JAN2625300CE,0.1311282700601586
21-01-2026 12:30||NIFTY27JAN2625800CE,0.1335901405239539
21-01-2026 12:35||NIFTY27JAN2624000PE,0.2148275171616822
21-01-2026 12:35||NIFTY27JAN2624100PE,0.2054921628561623
21-01-2026 12:35||NIFTY27JAN2625600CE,0.1289938674279993
21-01-2026 12:35||NIFTY27JAN2626400CE,0.1674448359097415
21-01-2026 12:40||NIFTY27JAN2624500PE,0.1719853119509559
21-01-2026 12:40||NIFTY27JAN2624700PE,0.1528871072122312
21-01-2026 12:40||NIFTY27JAN2624800PE,0.1448092038405662
21-01-2026 12:40||NIFTY27JAN2625200CE,0.1436205276443057
21-01-2026 12:40||NIFTY27JAN2625400CE,0.1323887507145144
21-01-2026 12:40||NIFTY27JAN2625900CE,0.135774809136097
21-01-2026 12:45||NIFTY27JAN2623800PE,0.2220429790821955
21-01-2026 12:45||NIFTY27JAN2624400PE,0.1856422785621472
21-01-2026 12:45||NIFTY27JAN2625300CE,0.1376490647734471
21-01-2026 12:45||NIFTY27JAN2625800CE,0.1314416520834349
21-01-2026 12:45||NIFTY27JAN2626200CE,0.1487182129098875
21-01-2026 12:50||NIFTY27JAN2623800PE,0.2253663852188591
21-01-2026 12:50||NIFTY27JAN2624100PE,0.2177292279002095
21-01-2026 12:50||NIFTY27JAN2625200CE,0.1424587999877645
21-01-2026 12:50||NIFTY27JAN2625500CE,0.12968729372246
21-01-2026 12:50||NIFTY27JAN2625600CE,0.128560924460002
21-01-2026 12:55||NIFTY27JAN2625300CE,0.1346625550143299
21-01-2026 12:55||NIFTY27JAN2625400CE,0.1304060353428927
21-01-2026 12:55||NIFTY27JAN2625600CE,0.1273781914241925
21-01-2026 12:55||NIFTY27JAN2625700CE,0.1283746278826635
21-01-2026 12:55||NIFTY27JAN2625800CE,0.1298360753727096
21-01-2026 12:55||NIFTY27JAN2625900CE,0.1321179330642435
21-01-2026 12:55||NIFTY27JAN2626500CE,0.1928799670198347
21-01-2026 13:00||NIFTY27JAN2624600PE,0.1733608525817378
21-01-2026 13:00||NIFTY27JAN2624700PE,0.1649755932522693
21-01-2026 13:00||NIFTY27JAN2626100CE,0.1396958759089096
21-01-2026 13:05||NIFTY27JAN2623800PE,0.2239326823869254
21-01-2026 13:05||NIFTY27JAN2623900PE,0.236769776296094
21-01-2026 13:05||NIFTY27JAN2624100PE,0.2193752552563781
21-01-2026 13:05||NIFTY27JAN2625600CE,0.1234669996135161
21-01-2026 13:05||NIFTY27JAN2626300CE,0.1546904349312034
21-01-2026 13:05||NIFTY27JAN2626400CE,0.1623010380983716
21-01-2026 13:10||NIFTY27JAN2625800CE,0.1263315894116242
21-01-2026 13:10||NIFTY27JAN2626200CE,0.1481127494786322
21-01-2026 13:15||NIFTY27JAN2624400PE,0.1878296083142118
21-01-2026 13:15||NIFTY27JAN2625400CE,0.1282890193379008
21-01-2026 13:15||NIFTY27JAN2625800CE,0.12660563701542
21-01-2026 13:20||NIFTY27JAN2623800PE,0.2211171895051222
21-01-2026 13:20||NIFTY27JAN2623900PE,0.2331009247508972
21-01-2026 13:20||NIFTY27JAN2624600PE,0.1697992339930914
21-01-2026 13:20||NIFTY27JAN2624800PE,0.1533979779578327
21-01-2026 13:20||NIFTY27JAN2625400CE,0.1271731405215769
21-01-2026 13:20||NIFTY27JAN2626200CE,0.1501201164537664
21-01-2026 13:25||NIFTY27JAN2624200PE,0.2050228953191713
21-01-2026 13:25||NIFTY27JAN2624300PE,0.1954044192142933
21-01-2026 13:25||NIFTY27JAN2624900PE,0.1459571635322387
21-01-2026 13:25||NIFTY27JAN2625000PE,0.1397050272771476
21-01-2026 13:25||NIFTY27JAN2625200CE,0.1339419675044507
21-01-2026 13:25||NIFTY27JAN2625700CE,0.1244962106063717
21-01-2026 13:25||NIFTY27JAN2626000CE,0.1369829047422773
21-01-2026 13:25||NIFTY27JAN2626300CE,0.158244691335017
21-01-2026 13:30||NIFTY27JAN2624000PE,0.2227649995324571
21-01-2026 13:30||NIFTY27JAN2624400PE,0.1851802163341682
21-01-2026 13:30||NIFTY27JAN2625200CE,0.1353408115293478
21-01-2026 13:30||NIFTY27JAN2625300CE,0.1295618543815055
21-01-2026 13:30||NIFTY27JAN2625800CE,0.1289499213800209
21-01-2026 13:30||NIFTY27JAN2626200CE,0.1529486598146102
21-01-2026 13:30||NIFTY27JAN2626300CE,0.1594839602542204
21-01-2026 13:35||NIFTY27JAN2623800PE,0.2214442378402448
21-01-2026 13:35||NIFTY27JAN2624000PE,0.2207071249815357
21-01-2026 13:35||NIFTY27JAN2624700PE,0.1577948643638683
21-01-2026 13:35||NIFTY27JAN2624800PE,0.1507902132766244
21-01-2026 13:35||NIFTY27JAN2625800CE,0.1312940698640666
21-01-2026 13:35||NIFTY27JAN2626300CE,0.1600776242394938
21-01-2026 13:40||NIFTY27JAN2624600PE,0.165490780099455
21-01-2026 13:40||NIFTY27JAN2624800PE,0.1511929418887085
21-01-2026 13:40||NIFTY27JAN2625300CE,0.1304035475582862
21-01-2026 13:40||NIFTY27JAN2625800CE,0.1309797401087282
21-01-2026 13:40||NIFTY27JAN2626200CE,0.1531303199685046
21-01-2026 13:45||NIFTY27JAN2624800PE,0.1508938920144795
21-01-2026 13:45||NIFTY27JAN2625400CE,0.125106169264485
21-01-2026 13:45||NIFTY27JAN2625900CE,0.1348055729002487
21-01-2026 13:50||NIFTY27JAN2625100PE,0.133412962382435
21-01-2026 13:50||NIFTY27JAN2626100CE,0.1468731541645688
21-01-2026 13:55||NIFTY27JAN2624300PE,0.188611530497695
21-01-2026 13:55||NIFTY27JAN2624400PE,0.1798718629566174
21-01-2026 13:55||NIFTY27JAN2625500CE,0.1234867264362795
21-01-2026 13:55||NIFTY27JAN2625700CE,0.1276303254816921
21-01-2026 14:00||NIFTY27JAN2623800PE,0.2203194597811342
21-01-2026 14:00||NIFTY27JAN2624200PE,0.1965796566351874
21-01-2026 14:00||NIFTY27JAN2624600PE,0.1614663734339188
21-01-2026 14:00||NIFTY27JAN2625000PE,0.132936827189858
21-01-2026 14:00||NIFTY27JAN2625200CE,0.125185118960096
21-01-2026 14:05||NIFTY27JAN2624500PE,0.1648219366279549
21-01-2026 14:05||NIFTY27JAN2625000PE,0.1293543326300135
21-01-2026 14:05||NIFTY27JAN2625400CE,0.1232200428175984
21-01-2026 14:05||NIFTY27JAN2626100CE,0.1489962303343009
21-01-2026 14:05||NIFTY27JAN2626500CE,0.199639767782783
21-01-2026 14:10||NIFTY27JAN2624000PE,0.2091611816021792
21-01-2026 14:10||NIFTY27JAN2624100PE,0.2002116844762308
21-01-2026 14:10||NIFTY27JAN2624400PE,0.1712205652898599
21-01-2026 14:10||NIFTY27JAN2624500PE,0.1623262157495711
21-01-2026 14:10||NIFTY27JAN2625000PE,0.1274055472797806
21-01-2026 14:10||NIFTY27JAN2625200CE,0.1283031249999999
21-01-2026 14:10||NIFTY27JAN2626000CE,0.1419886646797868
21-01-2026 14:10||NIFTY27JAN2626400CE,0.1805781781794495
21-01-2026 14:10||NIFTY27JAN2626500CE,0.2016763573784512
21-01-2026 14:15||NIFTY27JAN2624700PE,0.1490286507660667
21-01-2026 14:15||NIFTY27JAN2625400CE,0.1209525375913763
21-01-2026 14:15||NIFTY27JAN2625800CE,0.129744700003633
21-01-2026 14:15||NIFTY27JAN2626100CE,0.1476530057488516
21-01-2026 14:20||NIFTY27JAN2624000PE,0.2092978692003079
21-01-2026 14:20||NIFTY27JAN2624300PE,0.181867978896482
21-01-2026 14:20||NIFTY27JAN2624700PE,0.1506529318383289
21-01-2026 14:20||NIFTY27JAN2625200CE,0.1231420465902096
21-01-2026 14:20||NIFTY27JAN2625600CE,0.1222521315351697
21-01-2026 14:20||NIFTY27JAN2626100CE,0.1465356062642124
21-01-2026 14:20||NIFTY27JAN2626500CE,0.1986126045700551
21-01-2026 14:25||NIFTY27JAN2623900PE,0.2186218869057125
21-01-2026 14:25||NIFTY27JAN2624800PE,0.1435219563756042
21-01-2026 14:25||NIFTY27JAN2624900PE,0.1369149429238725
21-01-2026 14:25||NIFTY27JAN2625100PE,0.1268336853393907
21-01-2026 14:25||NIFTY27JAN2626500CE,0.1963904053924649
21-01-2026 14:30||NIFTY27JAN2624500PE,0.1607594515084341
21-01-2026 14:30||NIFTY27JAN2624600PE,0.1524315777477215
21-01-2026 14:30||NIFTY27JAN2624800PE,0.1411370200345131
21-01-2026 14:30||NIFTY27JAN2625200CE,0.1174551920181753
21-01-2026 14:30||NIFTY27JAN2625300CE,0.1205527308689646
21-01-2026 14:30||NIFTY27JAN2626300CE,0.1626457641058248
21-01-2026 14:35||NIFTY27JAN2624200PE,0.1867554369703213
21-01-2026 14:35||NIFTY27JAN2624700PE,0.1439999871260438
21-01-2026 14:35||NIFTY27JAN2624800PE,0.139484589845621
21-01-2026 14:35||NIFTY27JAN2625100PE,0.1203321439219891
21-01-2026 14:35||NIFTY27JAN2625200CE,0.1187738590517389
21-01-2026 14:35||NIFTY27JAN2625800CE,0.1325701691914561
21-01-2026 14:35||NIFTY27JAN2626100CE,0.1487638873072843
21-01-2026 14:40||NIFTY27JAN2624000PE,0.2060825613380019
21-01-2026 14:40||NIFTY27JAN2624200PE,0.1863543670296057
21-01-2026 14:40||NIFTY27JAN2624500PE,0.1580971658506784
21-01-2026 14:40||NIFTY27JAN2624600PE,0.149889844353272
21-01-2026 14:40||NIFTY27JAN2624700PE,0.1442995922374329
21-01-2026 14:40||NIFTY27JAN2625100PE,0.1219696137753099
21-01-2026 14:40||NIFTY27JAN2625200CE,0.1205595670181753
21-01-2026 14:40||NIFTY27JAN2625400CE,0.121396920680413
21-01-2026 14:40||NIFTY27JAN2625800CE,0.1317488388449326
21-01-2026 14:40||NIFTY27JAN2626200CE,0.1550655184370009
21-01-2026 14:45||NIFTY27JAN2624500PE,0.1594034754193307
21-01-2026 14:45||NIFTY27JAN2625400CE,0.1204833483545065
21-01-2026 14:45||NIFTY27JAN2625900CE,0.1348824963806896
21-01-2026 14:45||NIFTY27JAN2626100CE,0.1471803549603314
21-01-2026 14:50||NIFTY27JAN2623900PE,0.2138799206068604
21-01-2026 14:50||NIFTY27JAN2624900PE,0.1337629082175809
21-01-2026 14:50||NIFTY27JAN2625200CE,0.1221273590902096
21-01-2026 14:50||NIFTY27JAN2625300CE,0.1213001636404839
21-01-2026 14:50||NIFTY27JAN2625500CE,0.1204210805793819
21-01-2026 14:50||NIFTY27JAN2625800CE,0.1292899235343768
21-01-2026 14:50||NIFTY27JAN2626300CE,0.1611392990710208
21-01-2026 14:55||NIFTY27JAN2624200PE,0.1849892836553117
21-01-2026 14:55||NIFTY27JAN2625300CE,0.1210102840037726
21-01-2026 14:55||NIFTY27JAN2625700CE,0.1248094330389386
21-01-2026 14:55||NIFTY27JAN2626100CE,0.1458479573897519
21-01-2026 15:00||NIFTY27JAN2623900PE,0.2146873819425637
21-01-2026 15:00||NIFTY27JAN2624100PE,0.1950595150005735
21-01-2026 15:00||NIFTY27JAN2624500PE,0.1589986062080473
21-01-2026 15:00||NIFTY27JAN2624800PE,0.1381096046829385
21-01-2026 15:00||NIFTY27JAN2625000PE,0.1268436606226662
21-01-2026 15:00||NIFTY27JAN2625200CE,0.1201509269019253
21-01-2026 15:00||NIFTY27JAN2625300CE,0.1200518005467772
21-01-2026 15:00||NIFTY27JAN2625600CE,0.1214017449965103
21-01-2026 15:00||NIFTY27JAN2626400CE,0.1687027318248565
21-01-2026 15:05||NIFTY27JAN2624300PE,0.1762462240261691
21-01-2026 15:05||NIFTY27JAN2625100PE,0.1241748756156377
21-01-2026 15:05||NIFTY27JAN2626200CE,0.1522334063003737
21-01-2026 15:10||NIFTY27JAN2624300PE,0.1767214690447947
21-01-2026 15:10||NIFTY27JAN2624500PE,0.1595913491146937
21-01-2026 15:10||NIFTY27JAN2624600PE,0.1524194117427395
21-01-2026 15:10||NIFTY27JAN2625700CE,0.1230492776547262
21-01-2026 15:10||NIFTY27JAN2625800CE,0.1270219925992209
21-01-2026 15:10||NIFTY27JAN2625900CE,0.1311691739196298
21-01-2026 15:10||NIFTY27JAN2626500CE,0.1918141985135623
21-01-2026 15:15||NIFTY27JAN2624200PE,0.1845073194440319
21-01-2026 15:15||NIFTY27JAN2624300PE,0.1758881516186941
21-01-2026 15:15||NIFTY27JAN2624800PE,0.1398241759092657
21-01-2026 15:15||NIFTY27JAN2624900PE,0.1342973042918315
21-01-2026 15:15||NIFTY27JAN2625200CE,0.1139167664835848
21-01-2026 15:15||NIFTY27JAN2625300CE,0.1141412075212018
21-01-2026 15:15||NIFTY27JAN2625600CE,0.1191988314223726
21-01-2026 15:15||NIFTY27JAN2625700CE,0.1220537848124867
21-01-2026 15:15||NIFTY27JAN2625900CE,0.1305210472017495
21-01-2026 15:15||NIFTY27JAN2626200CE,0.1525674374999999
21-01-2026 15:20||NIFTY27JAN2623800PE,0.2120877078919911
21-01-2026 15:20||NIFTY27JAN2624800PE,0.1397972428532248
21-01-2026 15:20||NIFTY27JAN2625100PE,0.1258669861881637
21-01-2026 15:20||NIFTY27JAN2625400CE,0.1141871400497497
21-01-2026 15:20||NIFTY27JAN2625600CE,0.1176251503555594
21-01-2026 15:25||NIFTY27JAN2623800PE,0.2134010613728109
21-01-2026 15:25||NIFTY27JAN2624200PE,0.1886561736003829
21-01-2026 15:25||NIFTY27JAN2624500PE,0.1609994024153461
21-01-2026 15:25||NIFTY27JAN2624800PE,0.1381446013935602
21-01-2026 15:25||NIFTY27JAN2625100PE,0.1240397498976947
21-01-2026 15:25||NIFTY27JAN2626200CE,0.1485115713830434
22-01-2026 09:15||NIFTY27JAN2623800PE,0.2180361294850266
22-01-2026 09:15||NIFTY27JAN2625100PE,0.1228353172151918
22-01-2026 09:15||NIFTY27JAN2625300CE,0.1130710029312109
22-01-2026 09:20||NIFTY27JAN2623900PE,0.233477284101333
22-01-2026 09:20||NIFTY27JAN2624000PE,0.2232022358056172
22-01-2026 09:20||NIFTY27JAN2624300PE,0.1914471895356965
22-01-2026 09:20||NIFTY27JAN2624500PE,0.1690569561766428
22-01-2026 09:20||NIFTY27JAN2624800PE,0.1398451092777007
22-01-2026 09:20||NIFTY27JAN2625200CE,0.1155172015558291
22-01-2026 09:20||NIFTY27JAN2626300CE,0.152736647103204
22-01-2026 09:25||NIFTY27JAN2624700PE,0.1594812400495709
22-01-2026 09:25||NIFTY27JAN2625000PE,0.1308069531959725
22-01-2026 09:25||NIFTY27JAN2625200CE,0.1227277444354322
22-01-2026 09:25||NIFTY27JAN2625500CE,0.1157660787058538
22-01-2026 09:25||NIFTY27JAN2625600CE,0.1150355218318291
22-01-2026 09:25||NIFTY27JAN2626200CE,0.1448628723201991
22-01-2026 09:30||NIFTY27JAN2624600PE,0.1893228778236053
22-01-2026 09:30||NIFTY27JAN2624800PE,0.1621599851069817
22-01-2026 09:30||NIFTY27JAN2624900PE,0.1507628709276902
22-01-2026 09:30||NIFTY27JAN2625100PE,0.1333055346967344
22-01-2026 09:30||NIFTY27JAN2625500CE,0.115930045176916
22-01-2026 09:30||NIFTY27JAN2625800CE,0.1212713111812562
22-01-2026 09:30||NIFTY27JAN2626000CE,0.1321340010664333
22-01-2026 09:30||NIFTY27JAN2626300CE,0.1543592046084057
22-01-2026 09:35||NIFTY27JAN2624100PE,0.265822825030925
22-01-2026 09:40||NIFTY27JAN2624100PE,0.2659136920394496
22-01-2026 09:40||NIFTY27JAN2624500PE,0.2172227104873176
22-01-2026 09:40||NIFTY27JAN2626000CE,0.1339164420757341
22-01-2026 09:40||NIFTY27JAN2626200CE,0.1478225145840203
22-01-2026 09:45||NIFTY27JAN2623900PE,0.2768225830021247
22-01-2026 09:45||NIFTY27JAN2624200PE,0.2462140739896628
22-01-2026 09:50||NIFTY27JAN2623900PE,0.2674231333931588
22-01-2026 09:50||NIFTY27JAN2624100PE,0.2464919009701687
22-01-2026 09:50||NIFTY27JAN2624900PE,0.15273039984921
22-01-2026 09:50||NIFTY27JAN2625000PE,0.1428533748982613
22-01-2026 09:50||NIFTY27JAN2625600CE,0.1156084168396566
22-01-2026 09:50||NIFTY27JAN2625800CE,0.122141446346664
22-01-2026 09:50||NIFTY27JAN2625900CE,0.1266615829028931
22-01-2026 09:50||NIFTY27JAN2626300CE,0.1517935214991677
22-01-2026 09:50||NIFTY27JAN2626500CE,0.2077606260673644
22-01-2026 09:55||NIFTY27JAN2624700PE,0.16883145204968
22-01-2026 09:55||NIFTY27JAN2624800PE,0.1573020727919401
22-01-2026 09:55||NIFTY27JAN2624900PE,0.1465578577427503
22-01-2026 09:55||NIFTY27JAN2625200CE,0.1157713178149636
22-01-2026 09:55||NIFTY27JAN2625500CE,0.1135531006839144
22-01-2026 10:00||NIFTY27JAN2624200PE,0.2195656539602481
22-01-2026 10:00||NIFTY27JAN2624700PE,0.1645236555472146
22-01-2026 10:00||NIFTY27JAN2625100PE,0.1288288543913642
22-01-2026 10:00||NIFTY27JAN2625400CE,0.1153570660004809
22-01-2026 10:00||NIFTY27JAN2625600CE,0.110682912151768
22-01-2026 10:00||NIFTY27JAN2626100CE,0.1345393718528143
22-01-2026 10:00||NIFTY27JAN2626500CE,0.1991502499430535
22-01-2026 10:05||NIFTY27JAN2624500PE,0.1840698623813224
22-01-2026 10:05||NIFTY27JAN2624800PE,0.1517999174583339
22-01-2026 10:05||NIFTY27JAN2625000PE,0.1333703493055716
22-01-2026 10:05||NIFTY27JAN2625400CE,0.1157541412623905
22-01-2026 10:05||NIFTY27JAN2625700CE,0.1129326617980439
22-01-2026 10:05||NIFTY27JAN2625800CE,0.1157195475199113
22-01-2026 10:05||NIFTY27JAN2626100CE,0.134531775396743
22-01-2026 10:05||NIFTY27JAN2626400CE,0.1572849926109813
22-01-2026 10:10||NIFTY27JAN2623800PE,0.231884542728909
22-01-2026 10:10||NIFTY27JAN2624200PE,0.2139297586275449
22-01-2026 10:10||NIFTY27JAN2624300PE,0.2034061528406731
22-01-2026 10:10||NIFTY27JAN2624500PE,0.1820275080794994
22-01-2026 10:10||NIFTY27JAN2624800PE,0.1508118998144103
22-01-2026 10:10||NIFTY27JAN2625300CE,0.1199330183629933
22-01-2026 10:10||NIFTY27JAN2625500CE,0.1095684478748724
22-01-2026 10:10||NIFTY27JAN2626200CE,0.1418243981221909
22-01-2026 10:10||NIFTY27JAN2626300CE,0.1484844099126702
22-01-2026 10:15||NIFTY27JAN2623900PE,0.2412614931983968
22-01-2026 10:15||NIFTY27JAN2624400PE,0.1898414503485082
22-01-2026 10:15||NIFTY27JAN2625000PE,0.1339408890552614
22-01-2026 10:15||NIFTY27JAN2625300CE,0.1158399114867076
22-01-2026 10:15||NIFTY27JAN2625400CE,0.1096423657778454
22-01-2026 10:20||NIFTY27JAN2624000PE,0.2251116828417991
22-01-2026 10:20||NIFTY27JAN2625000PE,0.132323912792583
22-01-2026 10:20||NIFTY27JAN2625100PE,0.1278768038716363
22-01-2026 10:20||NIFTY27JAN2625400CE,0.1094226245021024
22-01-2026 10:20||NIFTY27JAN2625500CE,0.1057152655695768
22-01-2026 10:20||NIFTY27JAN2625600CE,0.1080275102021209
22-01-2026 10:20||NIFTY27JAN2625900CE,0.1229726578525034
22-01-2026 10:25||NIFTY27JAN2623900PE,0.2289536869587662
22-01-2026 10:25||NIFTY27JAN2624000PE,0.2193722199112572
22-01-2026 10:25||NIFTY27JAN2624200PE,0.1993787487836792
22-01-2026 10:25||NIFTY27JAN2625100PE,0.1242608561995357
22-01-2026 10:25||NIFTY27JAN2625900CE,0.1235426195213388
22-01-2026 10:25||NIFTY27JAN2626300CE,0.15379536854779
22-01-2026 10:30||NIFTY27JAN2624300PE,0.1850003217381302
22-01-2026 10:30||NIFTY27JAN2625800CE,0.1193222288537001
22-01-2026 10:30||NIFTY27JAN2626100CE,0.1394800567642987
22-01-2026 10:35||NIFTY27JAN2625100PE,0.1180342485915215
22-01-2026 10:35||NIFTY27JAN2625200CE,0.1234349099709509
22-01-2026 10:35||NIFTY27JAN2625300CE,0.1189415306372086
22-01-2026 10:35||NIFTY27JAN2625400CE,0.1149454074236492
22-01-2026 10:35||NIFTY27JAN2625800CE,0.1193673501039898
22-01-2026 10:40||NIFTY27JAN2624300PE,0.1829534019402871
22-01-2026 10:40||NIFTY27JAN2624600PE,0.1544574001961426
22-01-2026 10:40||NIFTY27JAN2625000PE,0.1272500648533615
22-01-2026 10:40||NIFTY27JAN2625800CE,0.1224217338768206
22-01-2026 10:40||NIFTY27JAN2625900CE,0.1282961409301852
22-01-2026 10:40||NIFTY27JAN2626000CE,0.1345275398573626
22-01-2026 10:45||NIFTY27JAN2623900PE,0.2252828218843364
22-01-2026 10:45||NIFTY27JAN2625000PE,0.1302824345137489
22-01-2026 10:45||NIFTY27JAN2625400CE,0.11272517907161
22-01-2026 10:45||NIFTY27JAN2625500CE,0.1130482016648752
22-01-2026 10:45||NIFTY27JAN2625700CE,0.1175528475541665
22-01-2026 10:45||NIFTY27JAN2625900CE,0.1288823652643683
22-01-2026 10:45||NIFTY27JAN2626400CE,0.1771755292029048
22-01-2026 10:45||NIFTY27JAN2626500CE,0.1986044691685598
22-01-2026 10:50||NIFTY27JAN2623900PE,0.2248861837625799
22-01-2026 10:50||NIFTY27JAN2624400PE,0.172406720657897
22-01-2026 10:50||NIFTY27JAN2624500PE,0.1628508094512198
22-01-2026 10:50||NIFTY27JAN2624600PE,0.1546807760487119
22-01-2026 10:50||NIFTY27JAN2624900PE,0.1355340756251957
22-01-2026 10:50||NIFTY27JAN2625000PE,0.1311447882960302
22-01-2026 10:50||NIFTY27JAN2625300CE,0.1105660328627164
22-01-2026 10:50||NIFTY27JAN2625700CE,0.1185623609734817
22-01-2026 10:50||NIFTY27JAN2625900CE,0.1311825177663287
22-01-2026 10:50||NIFTY27JAN2626000CE,0.1374641759833066
22-01-2026 10:50||NIFTY27JAN2626300CE,0.1626087671143306
22-01-2026 10:55||NIFTY27JAN2624000PE,0.2143772994589108
22-01-2026 10:55||NIFTY27JAN2624200PE,0.1942687605931706
22-01-2026 10:55||NIFTY27JAN2624600PE,0.1564795776509383
22-01-2026 10:55||NIFTY27JAN2625900CE,0.1320940825746847
22-01-2026 11:00||NIFTY27JAN2624400PE,0.1734906887182798
22-01-2026 11:00||NIFTY27JAN2624800PE,0.1428751085018189
22-01-2026 11:00||NIFTY27JAN2626300CE,0.1644665192035339
22-01-2026 11:05||NIFTY27JAN2624500PE,0.163751682366324
22-01-2026 11:05||NIFTY27JAN2624800PE,0.142088485128802
22-01-2026 11:05||NIFTY27JAN2625500CE,0.1181015915488823
22-01-2026 11:05||NIFTY27JAN2625600CE,0.1205589175572234
22-01-2026 11:05||NIFTY27JAN2625900CE,0.1359550271150101
22-01-2026 11:05||NIFTY27JAN2626200CE,0.1584046899416506
22-01-2026 11:10||NIFTY27JAN2623800PE,0.2171588659615015
22-01-2026 11:10||NIFTY27JAN2624300PE,0.1801446922455812
22-01-2026 11:10||NIFTY27JAN2624600PE,0.1536837879587075
22-01-2026 11:10||NIFTY27JAN2624700PE,0.1465106422838246
22-01-2026 11:10||NIFTY27JAN2625000PE,0.1303485398851508
22-01-2026 11:10||NIFTY27JAN2625100PE,0.12656925345468
22-01-2026 11:10||NIFTY27JAN2625400CE,0.1182054399260999
22-01-2026 11:10||NIFTY27JAN2625800CE,0.1312993751854086
22-01-2026 11:10||NIFTY27JAN2626100CE,0.1523907816858242
22-01-2026 11:15||NIFTY27JAN2623900PE,0.2194652057896087
22-01-2026 11:15||NIFTY27JAN2624300PE,0.1796744061160685
22-01-2026 11:15||NIFTY27JAN2625600CE,0.1206774947100165
22-01-2026 11:15||NIFTY27JAN2625800CE,0.1320738691373314
22-01-2026 11:15||NIFTY27JAN2626100CE,0.1529460177950325
22-01-2026 11:15||NIFTY27JAN2626200CE,0.1596636672451169
22-01-2026 11:15||NIFTY27JAN2626400CE,0.1818286279966835
22-01-2026 11:15||NIFTY27JAN2626500CE,0.2001428387736571
22-01-2026 11:20||NIFTY27JAN2623900PE,0.2178529636192248
22-01-2026 11:20||NIFTY27JAN2624700PE,0.1448531369824178
22-01-2026 11:20||NIFTY27JAN2624800PE,0.1388291579856045
22-01-2026 11:20||NIFTY27JAN2625600CE,0.1210496252561301
22-01-2026 11:20||NIFTY27JAN2625900CE,0.1379545747910458
22-01-2026 11:25||NIFTY27JAN2623800PE,0.21465094792244
22-01-2026 11:25||NIFTY27JAN2623900PE,0.2172251906440755
22-01-2026 11:25||NIFTY27JAN2624000PE,0.209481210614611
22-01-2026 11:25||NIFTY27JAN2624500PE,0.1602350810648903
22-01-2026 11:25||NIFTY27JAN2624600PE,0.1518629330065367
22-01-2026 11:25||NIFTY27JAN2625800CE,0.1318151848352332
22-01-2026 11:25||NIFTY27JAN2625900CE,0.137217196480919
22-01-2026 11:25||NIFTY27JAN2626500CE,0.1948781539211672
22-01-2026 11:30||NIFTY27JAN2624300PE,0.180646787091636
22-01-2026 11:30||NIFTY27JAN2625800CE,0.1310769758532734
22-01-2026 11:30||NIFTY27JAN2626000CE,0.1420746655084747
22-01-2026 11:35||NIFTY27JAN2624200PE,0.188896107445004
22-01-2026 11:35||NIFTY27JAN2625500CE,0.1186057240337661
22-01-2026 11:35||NIFTY27JAN2625900CE,0.1363941582869456
22-01-2026 11:40||NIFTY27JAN2624200PE,0.1881524123335964
22-01-2026 11:40||NIFTY27JAN2624700PE,0.1462276265715796
22-01-2026 11:40||NIFTY27JAN2625200CE,0.1201950812193911
22-01-2026 11:40||NIFTY27JAN2626300CE,0.1685007243827181
22-01-2026 11:45||NIFTY27JAN2623900PE,0.2198764648425378
22-01-2026 11:45||NIFTY27JAN2624400PE,0.1701374043781759
22-01-2026 11:45||NIFTY27JAN2625000PE,0.1297297360323173
22-01-2026 11:45||NIFTY27JAN2626500CE,0.1988283660650059
22-01-2026 11:50||NIFTY27JAN2624500PE,0.1607339288773931
22-01-2026 11:50||NIFTY27JAN2624800PE,0.1387973187569371
22-01-2026 11:50||NIFTY27JAN2625200CE,0.1234633681275127
22-01-2026 11:50||NIFTY27JAN2625700CE,0.1297292558026355
22-01-2026 11:50||NIFTY27JAN2626200CE,0.1645431877124827
22-01-2026 11:50||NIFTY27JAN2626300CE,0.1723643647300578
22-01-2026 11:55||NIFTY27JAN2624000PE,0.2080290091805536
22-01-2026 11:55||NIFTY27JAN2625000PE,0.1271624694740694
22-01-2026 12:00||NIFTY27JAN2623800PE,0.2159162234329625
22-01-2026 12:00||NIFTY27JAN2624300PE,0.1770478831456295
22-01-2026 12:00||NIFTY27JAN2625600CE,0.1285434750315781
22-01-2026 12:00||NIFTY27JAN2625700CE,0.1316505267384343
22-01-2026 12:00||NIFTY27JAN2626100CE,0.1574266765909938
22-01-2026 12:00||NIFTY27JAN2626400CE,0.1813112423689449
22-01-2026 12:05||NIFTY27JAN2624300PE,0.1767874805190224
22-01-2026 12:05||NIFTY27JAN2625600CE,0.1282030543960667
22-01-2026 12:05||NIFTY27JAN2625700CE,0.1310836612291529
22-01-2026 12:05||NIFTY27JAN2626000CE,0.1488892674149143
22-01-2026 12:05||NIFTY27JAN2626300CE,0.1724405931607932
22-01-2026 12:10||NIFTY27JAN2624000PE,0.2084153786623424
22-01-2026 12:10||NIFTY27JAN2624500PE,0.1597493695306775
22-01-2026 12:10||NIFTY27JAN2625500CE,0.1246253620687466
22-01-2026 12:10||NIFTY27JAN2625800CE,0.1343954978681247
22-01-2026 12:10||NIFTY27JAN2626100CE,0.1543507766037029
22-01-2026 12:15||NIFTY27JAN2623800PE,0.2194130975136262
22-01-2026 12:15||NIFTY27JAN2624000PE,0.209267471375105
22-01-2026 12:15||NIFTY27JAN2624500PE,0.1605570227653695
22-01-2026 12:15||NIFTY27JAN2626100CE,0.1524683804241849
22-01-2026 12:15||NIFTY27JAN2626400CE,0.18270602006258
22-01-2026 12:15||NIFTY27JAN2626500CE,0.2019010249569751
22-01-2026 12:20||NIFTY27JAN2624800PE,0.1347765230016502
22-01-2026 12:20||NIFTY27JAN2624900PE,0.1293527786538071
22-01-2026 12:20||NIFTY27JAN2625900CE,0.1384787105762248
22-01-2026 12:20||NIFTY27JAN2626000CE,0.1446525166561056
22-01-2026 12:20||NIFTY27JAN2626500CE,0.2017918530957309
22-01-2026 12:25||NIFTY27JAN2623900PE,0.2208332420922362
22-01-2026 12:25||NIFTY27JAN2624200PE,0.1898548915700113
22-01-2026 12:25||NIFTY27JAN2624700PE,0.1425557362072786
22-01-2026 12:25||NIFTY27JAN2624800PE,0.1343440825075814
22-01-2026 12:25||NIFTY27JAN2625300CE,0.1205294766087366
22-01-2026 12:30||NIFTY27JAN2624200PE,0.1895643280031003
22-01-2026 12:30||NIFTY27JAN2624400PE,0.166717801868433
22-01-2026 12:30||NIFTY27JAN2624500PE,0.1585859783756857
22-01-2026 12:30||NIFTY27JAN2625100PE,0.1214564402736129
22-01-2026 12:30||NIFTY27JAN2625700CE,0.1264071940286789
22-01-2026 12:30||NIFTY27JAN2625800CE,0.1310446840348556
22-01-2026 12:30||NIFTY27JAN2625900CE,0.1359721996232883
22-01-2026 12:30||NIFTY27JAN2626400CE,0.1751300239617328
22-01-2026 12:35||NIFTY27JAN2623800PE,0.2156381188656175
22-01-2026 12:35||NIFTY27JAN2624400PE,0.1671823179129927
22-01-2026 12:35||NIFTY27JAN2626100CE,0.1510227419985567
22-01-2026 12:35||NIFTY27JAN2626300CE,0.1668075366507232
22-01-2026 12:40||NIFTY27JAN2624100PE,0.1984434910990038
22-01-2026 12:40||NIFTY27JAN2626200CE,0.1609049798069537
22-01-2026 12:45||NIFTY27JAN2624700PE,0.1429382688864587
22-01-2026 12:45||NIFTY27JAN2624900PE,0.1294758026494119
22-01-2026 12:45||NIFTY27JAN2625200CE,0.1142030720449101
22-01-2026 12:45||NIFTY27JAN2625700CE,0.122894641287802
22-01-2026 12:45||NIFTY27JAN2625800CE,0.1279771024166733
22-01-2026 12:45||NIFTY27JAN2626000CE,0.1465742351835613
22-01-2026 12:45||NIFTY27JAN2626100CE,0.1561528989734785
22-01-2026 12:45||NIFTY27JAN2626200CE,0.163995459850383
22-01-2026 12:45||NIFTY27JAN2626300CE,0.1705741928174602
22-01-2026 12:45||NIFTY27JAN2626400CE,0.1762802634067113
22-01-2026 12:50||NIFTY27JAN2624200PE,0.1844876443397995
22-01-2026 12:50||NIFTY27JAN2624300PE,0.1750388145020061
22-01-2026 12:50||NIFTY27JAN2624900PE,0.1289212951976766
22-01-2026 12:50||NIFTY27JAN2625900CE,0.1355960543041934
22-01-2026 12:50||NIFTY27JAN2626200CE,0.1632349076206257
22-01-2026 12:50||NIFTY27JAN2626300CE,0.1706395833600054
22-01-2026 12:55||NIFTY27JAN2624400PE,0.1646977970394896
22-01-2026 12:55||NIFTY27JAN2625100PE,0.1212146699872092
22-01-2026 12:55||NIFTY27JAN2626100CE,0.1538196158482256
22-01-2026 12:55||NIFTY27JAN2626400CE,0.1786944873453809
22-01-2026 13:00||NIFTY27JAN2624000PE,0.2038431380234153
22-01-2026 13:00||NIFTY27JAN2624400PE,0.1632782921247586
22-01-2026 13:00||NIFTY27JAN2624900PE,0.1270120985947974
22-01-2026 13:00||NIFTY27JAN2625700CE,0.1251140827552409
22-01-2026 13:05||NIFTY27JAN2623800PE,0.214629715235994
22-01-2026 13:05||NIFTY27JAN2624100PE,0.1920081149469829
22-01-2026 13:05||NIFTY27JAN2624400PE,0.1625857584178363
22-01-2026 13:05||NIFTY27JAN2625000PE,0.1217047443648833
22-01-2026 13:05||NIFTY27JAN2625300CE,0.1172236372031913
22-01-2026 13:05||NIFTY27JAN2625400CE,0.1170327658332841
22-01-2026 13:05||NIFTY27JAN2625700CE,0.1256503992428415
22-01-2026 13:10||NIFTY27JAN2624200PE,0.1809147171222205
22-01-2026 13:10||NIFTY27JAN2625300CE,0.1168783987368213
22-01-2026 13:10||NIFTY27JAN2625500CE,0.1185361270796862
22-01-2026 13:10||NIFTY27JAN2626000CE,0.1464019072856139
22-01-2026 13:10||NIFTY27JAN2626500CE,0.2004029429666564
22-01-2026 13:15||NIFTY27JAN2624200PE,0.1804927272621344
22-01-2026 13:15||NIFTY27JAN2624600PE,0.1437350184757099
22-01-2026 13:15||NIFTY27JAN2624700PE,0.1368105766586094
22-01-2026 13:15||NIFTY27JAN2625200CE,0.1117354247186985
22-01-2026 13:15||NIFTY27JAN2625600CE,0.1218401665132092
22-01-2026 13:20||NIFTY27JAN2623900PE,0.2129757392171718
22-01-2026 13:20||NIFTY27JAN2624700PE,0.1367993335869734
22-01-2026 13:20||NIFTY27JAN2624900PE,0.1207220297517734
22-01-2026 13:20||NIFTY27JAN2625200CE,0.1137325976956879
22-01-2026 13:20||NIFTY27JAN2625500CE,0.1199624361755006
22-01-2026 13:20||NIFTY27JAN2626100CE,0.1564369491005011
22-01-2026 13:25||NIFTY27JAN2624900PE,0.1209947045781469
22-01-2026 13:25||NIFTY27JAN2625100PE,0.1195553863574212
22-01-2026 13:25||NIFTY27JAN2625800CE,0.1318431809543382
22-01-2026 13:25||NIFTY27JAN2626100CE,0.1570918107962335
22-01-2026 13:25||NIFTY27JAN2626300CE,0.173499640955319
22-01-2026 13:30||NIFTY27JAN2623800PE,0.210711367635227
22-01-2026 13:30||NIFTY27JAN2624000PE,0.2001793648453274
22-01-2026 13:30||NIFTY27JAN2624100PE,0.1903909722874421
22-01-2026 13:30||NIFTY27JAN2624600PE,0.1426811996327052
22-01-2026 13:30||NIFTY27JAN2625100PE,0.1198305717406107
22-01-2026 13:30||NIFTY27JAN2625800CE,0.1326792853605616
22-01-2026 13:30||NIFTY27JAN2625900CE,0.1395557883323411
22-01-2026 13:35||NIFTY27JAN2623800PE,0.209614436227412
22-01-2026 13:35||NIFTY27JAN2623900PE,0.2104111860922782
22-01-2026 13:35||NIFTY27JAN2624400PE,0.1592459582994182
22-01-2026 13:35||NIFTY27JAN2624600PE,0.142779407951074
22-01-2026 13:35||NIFTY27JAN2624700PE,0.1349776060069871
22-01-2026 13:35||NIFTY27JAN2625300CE,0.122074914641096
22-01-2026 13:35||NIFTY27JAN2625500CE,0.1200026771189071
22-01-2026 13:35||NIFTY27JAN2625700CE,0.12671876029937
22-01-2026 13:35||NIFTY27JAN2626000CE,0.1492986754141154
22-01-2026 13:35||NIFTY27JAN2626100CE,0.156945210085014
22-01-2026 13:35||NIFTY27JAN2626400CE,0.1814039782532212
22-01-2026 13:40||NIFTY27JAN2624000PE,0.2005498265476282
22-01-2026 13:40||NIFTY27JAN2624200PE,0.1778797164099019
22-01-2026 13:40||NIFTY27JAN2624300PE,0.1667781710430837
22-01-2026 13:40||NIFTY27JAN2624400PE,0.1574509331789279
22-01-2026 13:40||NIFTY27JAN2624900PE,0.1218814900881732
22-01-2026 13:40||NIFTY27JAN2625100PE,0.1143531143466217
22-01-2026 13:40||NIFTY27JAN2625300CE,0.1235808609875047
22-01-2026 13:40||NIFTY27JAN2625400CE,0.1207699400683706
22-01-2026 13:40||NIFTY27JAN2625600CE,0.1231073151622961
22-01-2026 13:40||NIFTY27JAN2626000CE,0.148901788899876
22-01-2026 13:40||NIFTY27JAN2626300CE,0.1715905398439478
22-01-2026 13:45||NIFTY27JAN2624400PE,0.1579487654036393
22-01-2026 13:45||NIFTY27JAN2625200CE,0.1244969236686191
22-01-2026 13:45||NIFTY27JAN2625800CE,0.1326955836967626
22-01-2026 13:45||NIFTY27JAN2626100CE,0.1557157852690528
22-01-2026 13:45||NIFTY27JAN2626300CE,0.1712556513850938
22-01-2026 13:50||NIFTY27JAN2623800PE,0.2116617455116042
22-01-2026 13:50||NIFTY27JAN2625200CE,0.1238474641663916
22-01-2026 13:50||NIFTY27JAN2626300CE,0.170538997350349
22-01-2026 13:55||NIFTY27JAN2624500PE,0.1493288276480448
22-01-2026 13:55||NIFTY27JAN2624600PE,0.1407349686199914
22-01-2026 13:55||NIFTY27JAN2624800PE,0.1262534141860719
22-01-2026 13:55||NIFTY27JAN2625400CE,0.1169079962667366
22-01-2026 13:55||NIFTY27JAN2625500CE,0.1180344177089834
22-01-2026 13:55||NIFTY27JAN2625900CE,0.1370092679353565
22-01-2026 13:55||NIFTY27JAN2626000CE,0.1444413768194849
22-01-2026 13:55||NIFTY27JAN2626400CE,0.1794128610662854
22-01-2026 14:00||NIFTY27JAN2623800PE,0.2109190543526306
22-01-2026 14:00||NIFTY27JAN2623900PE,0.212033663940051
22-01-2026 14:00||NIFTY27JAN2624300PE,0.1700017604237458
22-01-2026 14:00||NIFTY27JAN2625000PE,0.1168237970144895
22-01-2026 14:00||NIFTY27JAN2625300CE,0.1115985874863805
22-01-2026 14:00||NIFTY27JAN2625500CE,0.1147830544158537
22-01-2026 14:00||NIFTY27JAN2625600CE,0.1168905907119747
22-01-2026 14:00||NIFTY27JAN2626500CE,0.195094416089278
22-01-2026 14:05||NIFTY27JAN2623800PE,0.2106454172845132
22-01-2026 14:05||NIFTY27JAN2624000PE,0.2011440098904838
22-01-2026 14:05||NIFTY27JAN2624200PE,0.1776120600093979
22-01-2026 14:05||NIFTY27JAN2624300PE,0.168492590669547
22-01-2026 14:05||NIFTY27JAN2625200CE,0.1089870813442812
22-01-2026 14:05||NIFTY27JAN2626200CE,0.1601852376428929
22-01-2026 14:05||NIFTY27JAN2626400CE,0.179858467740276
22-01-2026 14:10||NIFTY27JAN2623900PE,0.2080461942544818
22-01-2026 14:10||NIFTY27JAN2624200PE,0.1768517212957351
22-01-2026 14:10||NIFTY27JAN2625100PE,0.1159069080304635
22-01-2026 14:10||NIFTY27JAN2625900CE,0.1360060899395578
22-01-2026 14:15||NIFTY27JAN2623800PE,0.2077236742336334
22-01-2026 14:15||NIFTY27JAN2624600PE,0.1384010598333705
22-01-2026 14:15||NIFTY27JAN2625000PE,0.1159015242703548
22-01-2026 14:15||NIFTY27JAN2625100PE,0.1125550308739227
22-01-2026 14:15||NIFTY27JAN2626500CE,0.1968621570165891
22-01-2026 14:20||NIFTY27JAN2623800PE,0.205362613010646
22-01-2026 14:20||NIFTY27JAN2623900PE,0.2028628716539991
22-01-2026 14:20||NIFTY27JAN2624000PE,0.1943311662340682
22-01-2026 14:20||NIFTY27JAN2624100PE,0.184701198073369
22-01-2026 14:20||NIFTY27JAN2624400PE,0.1545623098489411
22-01-2026 14:20||NIFTY27JAN2624900PE,0.1150536349869478
22-01-2026 14:20||NIFTY27JAN2625400CE,0.1179400880708861
22-01-2026 14:20||NIFTY27JAN2625700CE,0.1272230344143548
22-01-2026 14:20||NIFTY27JAN2625800CE,0.133277418637719
22-01-2026 14:20||NIFTY27JAN2625900CE,0.1390229605207628
22-01-2026 14:20||NIFTY27JAN2626100CE,0.1558159416391172
22-01-2026 14:20||NIFTY27JAN2626200CE,0.1642926161079639
22-01-2026 14:25||NIFTY27JAN2624200PE,0.1742233821146921
22-01-2026 14:25||NIFTY27JAN2624300PE,0.1637491280560875
22-01-2026 14:25||NIFTY27JAN2624600PE,0.1341986448013896
22-01-2026 14:25||NIFTY27JAN2624700PE,0.1259753482574138
22-01-2026 14:25||NIFTY27JAN2626500CE,0.1974549448802697
22-01-2026 14:30||NIFTY27JAN2623800PE,0.2117235131674592
22-01-2026 14:30||NIFTY27JAN2624300PE,0.1666953712547851
22-01-2026 14:30||NIFTY27JAN2625600CE,0.1206458369547983
22-01-2026 14:30||NIFTY27JAN2625700CE,0.1234275384792151
22-01-2026 14:30||NIFTY27JAN2625900CE,0.1340078698086324
22-01-2026 14:30||NIFTY27JAN2626500CE,0.1955767901151904
22-01-2026 14:35||NIFTY27JAN2624000PE,0.2037809364019507
22-01-2026 14:35||NIFTY27JAN2624800PE,0.1219958473053804
22-01-2026 14:35||NIFTY27JAN2625500CE,0.1171130028480115
22-01-2026 14:40||NIFTY27JAN2623800PE,0.2133603213924868
22-01-2026 14:40||NIFTY27JAN2625200CE,0.1266610277242212
22-01-2026 14:40||NIFTY27JAN2625400CE,0.1157942346648685
22-01-2026 14:40||NIFTY27JAN2626100CE,0.142456574709106
22-01-2026 14:40||NIFTY27JAN2626500CE,0.1904599813209637
22-01-2026 14:45||NIFTY27JAN2624000PE,0.2048504310235362
22-01-2026 14:45||NIFTY27JAN2626100CE,0.1404535974020062
22-01-2026 14:50||NIFTY27JAN2624400PE,0.1565021402542308
22-01-2026 14:50||NIFTY27JAN2624500PE,0.1469769439460232
22-01-2026 14:50||NIFTY27JAN2625400CE,0.11217836031651
22-01-2026 14:50||NIFTY27JAN2625500CE,0.1110895427383836
22-01-2026 14:50||NIFTY27JAN2625600CE,0.1107781185779704
22-01-2026 14:50||NIFTY27JAN2626200CE,0.1467822140131105
22-01-2026 14:55||NIFTY27JAN2624300PE,0.1664250494707088
22-01-2026 14:55||NIFTY27JAN2625000PE,0.109503342960881
22-01-2026 14:55||NIFTY27JAN2626100CE,0.1377829296630974
22-01-2026 14:55||NIFTY27JAN2626500CE,0.1879786471719408
22-01-2026 15:00||NIFTY27JAN2624300PE,0.1655269672665353
22-01-2026 15:00||NIFTY27JAN2624600PE,0.135958010826404
22-01-2026 15:00||NIFTY27JAN2624900PE,0.1140623956194082
22-01-2026 15:00||NIFTY27JAN2625600CE,0.1101547146220397
22-01-2026 15:00||NIFTY27JAN2626400CE,0.1637203830236473
22-01-2026 15:05||NIFTY27JAN2625300CE,0.116860351590281
22-01-2026 15:05||NIFTY27JAN2625400CE,0.111783149278524
22-01-2026 15:05||NIFTY27JAN2625600CE,0.1113364717373902
22-01-2026 15:10||NIFTY27JAN2623800PE,0.205562448315459
22-01-2026 15:10||NIFTY27JAN2624000PE,0.2012737466112663
22-01-2026 15:10||NIFTY27JAN2624200PE,0.1770132271315614
22-01-2026 15:10||NIFTY27JAN2625100PE,0.0986566991466797
22-01-2026 15:10||NIFTY27JAN2625600CE,0.110280490749958
22-01-2026 15:10||NIFTY27JAN2626100CE,0.1346133452012633
22-01-2026 15:15||NIFTY27JAN2623800PE,0.2054513654892152
22-01-2026 15:15||NIFTY27JAN2624200PE,0.1770991772736121
22-01-2026 15:15||NIFTY27JAN2624600PE,0.134853426055319
22-01-2026 15:15||NIFTY27JAN2625400CE,0.1153917536560401
22-01-2026 15:15||NIFTY27JAN2625800CE,0.1142086420931945
22-01-2026 15:15||NIFTY27JAN2625900CE,0.1191001570191435
22-01-2026 15:15||NIFTY27JAN2626200CE,0.1415718447513436
22-01-2026 15:15||NIFTY27JAN2626300CE,0.1500965036234183
22-01-2026 15:20||NIFTY27JAN2624800PE,0.1178688049758622
22-01-2026 15:20||NIFTY27JAN2625200CE,0.1241026578649841
22-01-2026 15:20||NIFTY27JAN2626400CE,0.1617604161981652
22-01-2026 15:25||NIFTY27JAN2623800PE,0.2145417353964671
22-01-2026 15:25||NIFTY27JAN2624300PE,0.16978312148285
22-01-2026 15:25||NIFTY27JAN2624700PE,0.129641178173241
22-01-2026 15:25||NIFTY27JAN2625100PE,0.1062918311693752
22-01-2026 15:25||NIFTY27JAN2625200CE,0.122784227505429
22-01-2026 15:25||NIFTY27JAN2625300CE,0.1204503245800115
22-01-2026 15:25||NIFTY27JAN2625600CE,0.1117104128283034
22-01-2026 15:25||NIFTY27JAN2625900CE,0.1230359530521587
22-01-2026 15:25||NIFTY27JAN2626000CE,0.1311157835204953
22-01-2026 15:25||NIFTY27JAN2626400CE,0.1668135876662003
23-01-2026 09:15||NIFTY27JAN2624100PE,0.1979749439343822
23-01-2026 09:15||NIFTY27JAN2624200PE,0.1848824231573719
23-01-2026 09:15||NIFTY27JAN2624300PE,0.1758214225234772
23-01-2026 09:15||NIFTY27JAN2625500CE,0.1148417886142608
23-01-2026 09:15||NIFTY27JAN2626000CE,0.1370740608144278
23-01-2026 09:15||NIFTY27JAN2626100CE,0.1444881155887881
23-01-2026 09:15||NIFTY27JAN2626200CE,0.1503510114897373
23-01-2026 09:15||NIFTY27JAN2626300CE,0.1600526566033516
23-01-2026 09:15||NIFTY27JAN2626500CE,0.1974593679209144
23-01-2026 09:20||NIFTY27JAN2623900PE,0.2325858885103092
23-01-2026 09:20||NIFTY27JAN2624400PE,0.1700345876234865
23-01-2026 09:20||NIFTY27JAN2625500CE,0.1157985416252216
23-01-2026 09:20||NIFTY27JAN2626200CE,0.1515888726576997
23-01-2026 09:20||NIFTY27JAN2626400CE,0.1740720608178046
23-01-2026 09:25||NIFTY27JAN2623800PE,0.2282142642976492
23-01-2026 09:25||NIFTY27JAN2625100PE,0.1129531839786366
23-01-2026 09:25||NIFTY27JAN2626100CE,0.1427363599317017
23-01-2026 09:25||NIFTY27JAN2626200CE,0.1512884066933869
23-01-2026 09:25||NIFTY27JAN2626400CE,0.1722670670278029
23-01-2026 09:30||NIFTY27JAN2623900PE,0.2358981909849171
23-01-2026 09:30||NIFTY27JAN2624000PE,0.2256537589068177
23-01-2026 09:30||NIFTY27JAN2624400PE,0.1722681031873755
23-01-2026 09:30||NIFTY27JAN2624500PE,0.15959693322789
23-01-2026 09:30||NIFTY27JAN2624600PE,0.1501557497360115
23-01-2026 09:30||NIFTY27JAN2624700PE,0.1417512423046605
23-01-2026 09:30||NIFTY27JAN2625200CE,0.1226116856096088
23-01-2026 09:30||NIFTY27JAN2626300CE,0.160108730038299
23-01-2026 09:35||NIFTY27JAN2623900PE,0.2357350012231349
23-01-2026 09:35||NIFTY27JAN2624000PE,0.2251598348497671
23-01-2026 09:35||NIFTY27JAN2624400PE,0.1742114040276594
23-01-2026 09:35||NIFTY27JAN2625500CE,0.108358491229054
23-01-2026 09:35||NIFTY27JAN2626100CE,0.1400537400378398
23-01-2026 09:40||NIFTY27JAN2625400CE,0.1113651139547573
23-01-2026 09:40||NIFTY27JAN2625500CE,0.1086393135292318
23-01-2026 09:40||NIFTY27JAN2626000CE,0.1302064776756776
23-01-2026 09:45||NIFTY27JAN2623900PE,0.2354685852459805
23-01-2026 09:45||NIFTY27JAN2624100PE,0.2113135298607529
23-01-2026 09:45||NIFTY27JAN2624300PE,0.1859999065127809
23-01-2026 09:45||NIFTY27JAN2624800PE,0.1312534319245054
23-01-2026 09:45||NIFTY27JAN2624900PE,0.1245665317619887
23-01-2026 09:45||NIFTY27JAN2626100CE,0.1413716914110686
23-01-2026 09:45||NIFTY27JAN2626400CE,0.1733727420516543
23-01-2026 09:50||NIFTY27JAN2623900PE,0.2356440927556236
23-01-2026 09:50||NIFTY27JAN2624200PE,0.1974513779601859
23-01-2026 09:50||NIFTY27JAN2624400PE,0.1734744041113748
23-01-2026 09:50||NIFTY27JAN2624700PE,0.1393750516313291
23-01-2026 09:50||NIFTY27JAN2625200CE,0.123739925215398
23-01-2026 09:50||NIFTY27JAN2625300CE,0.1155215142909172
23-01-2026 09:50||NIFTY27JAN2625700CE,0.109852597043606
23-01-2026 09:50||NIFTY27JAN2625800CE,0.1141597219202687
23-01-2026 09:55||NIFTY27JAN2623800PE,0.2277447802280033
23-01-2026 09:55||NIFTY27JAN2624200PE,0.1968173853358285
23-01-2026 09:55||NIFTY27JAN2624800PE,0.1301575955331343
23-01-2026 09:55||NIFTY27JAN2625000PE,0.1173243644622756
23-01-2026 09:55||NIFTY27JAN2625200CE,0.1213796201891958
23-01-2026 09:55||NIFTY27JAN2625700CE,0.1082140197153007
23-01-2026 09:55||NIFTY27JAN2626300CE,0.1627100675844858
23-01-2026 10:00||NIFTY27JAN2624700PE,0.1386559397922178
23-01-2026 10:00||NIFTY27JAN2625900CE,0.1222008828443909
23-01-2026 10:00||NIFTY27JAN2626000CE,0.1324235617903523
23-01-2026 10:00||NIFTY27JAN2626100CE,0.1413589375561492
23-01-2026 10:00||NIFTY27JAN2626300CE,0.1623423598392649
23-01-2026 10:05||NIFTY27JAN2623800PE,0.2273611907622879
23-01-2026 10:05||NIFTY27JAN2624100PE,0.2100617645587273
23-01-2026 10:05||NIFTY27JAN2624600PE,0.1493000691871845
23-01-2026 10:05||NIFTY27JAN2624800PE,0.1302166926816816
23-01-2026 10:05||NIFTY27JAN2626200CE,0.1520910222207236
23-01-2026 10:10||NIFTY27JAN2623800PE,0.2279913812703343
23-01-2026 10:10||NIFTY27JAN2624000PE,0.2223643678817905
23-01-2026 10:10||NIFTY27JAN2624400PE,0.1727407963881376
23-01-2026 10:10||NIFTY27JAN2624600PE,0.1487307662089012
23-01-2026 10:10||NIFTY27JAN2624800PE,0.1299691461733774
23-01-2026 10:10||NIFTY27JAN2625300CE,0.102684130282135
23-01-2026 10:15||NIFTY27JAN2624700PE,0.1373715870069822
23-01-2026 10:15||NIFTY27JAN2625700CE,0.1060193287291046
23-01-2026 10:15||NIFTY27JAN2625900CE,0.1221395124282348
23-01-2026 10:15||NIFTY27JAN2626000CE,0.13278210869475
23-01-2026 10:15||NIFTY27JAN2626400CE,0.1768414557082133
23-01-2026 10:20||NIFTY27JAN2625700CE,0.1078494216935138
23-01-2026 10:20||NIFTY27JAN2625800CE,0.1132134878019381
23-01-2026 10:20||NIFTY27JAN2626100CE,0.1434065426227593
23-01-2026 10:20||NIFTY27JAN2626500CE,0.2032590036076506
23-01-2026 10:25||NIFTY27JAN2623800PE,0.2286583334862023
23-01-2026 10:25||NIFTY27JAN2624400PE,0.170020722977301
23-01-2026 10:25||NIFTY27JAN2624600PE,0.145309252377228
23-01-2026 10:25||NIFTY27JAN2625100PE,0.1067574960750982
23-01-2026 10:25||NIFTY27JAN2625400CE,0.1062200501769826
23-01-2026 10:25||NIFTY27JAN2626000CE,0.1314270733856565
23-01-2026 10:30||NIFTY27JAN2624100PE,0.2073472069271575
23-01-2026 10:30||NIFTY27JAN2624400PE,0.1715935712278732
23-01-2026 10:30||NIFTY27JAN2624600PE,0.1465260403622623
23-01-2026 10:30||NIFTY27JAN2625100PE,0.1069073738803862
23-01-2026 10:35||NIFTY27JAN2624000PE,0.2196297386461592
23-01-2026 10:35||NIFTY27JAN2624100PE,0.2064756022479256
23-01-2026 10:35||NIFTY27JAN2624200PE,0.1973983366487081
23-01-2026 10:35||NIFTY27JAN2624500PE,0.1600735763457326
23-01-2026 10:35||NIFTY27JAN2624900PE,0.1208443679074145
23-01-2026 10:35||NIFTY27JAN2625100PE,0.1086573675238403
23-01-2026 10:35||NIFTY27JAN2625600CE,0.099881045057623
23-01-2026 10:40||NIFTY27JAN2624000PE,0.2216065571951594
23-01-2026 10:40||NIFTY27JAN2624600PE,0.1493714456190175
23-01-2026 10:40||NIFTY27JAN2624800PE,0.129844583823597
23-01-2026 10:40||NIFTY27JAN2625300CE,0.1020899513500765
23-01-2026 10:40||NIFTY27JAN2625800CE,0.106675094735132
23-01-2026 10:45||NIFTY27JAN2624100PE,0.2100111520202472
23-01-2026 10:45||NIFTY27JAN2625100PE,0.109097022158807
23-01-2026 10:45||NIFTY27JAN2625900CE,0.1159087151845804
23-01-2026 10:45||NIFTY27JAN2626200CE,0.1524147875999976
23-01-2026 10:45||NIFTY27JAN2626500CE,0.2027833997188416
23-01-2026 10:50||NIFTY27JAN2623900PE,0.2355869600743467
23-01-2026 10:50||NIFTY27JAN2625400CE,0.0983556841431398
23-01-2026 10:50||NIFTY27JAN2625700CE,0.1008907882858236
23-01-2026 10:50||NIFTY27JAN2626200CE,0.1552517922176872
23-01-2026 10:50||NIFTY27JAN2626300CE,0.1655468963923594
23-01-2026 10:50||NIFTY27JAN2626400CE,0.1750584414447181
23-01-2026 10:55||NIFTY27JAN2623800PE,0.2294221305894278
23-01-2026 10:55||NIFTY27JAN2624600PE,0.147122331375788
23-01-2026 10:55||NIFTY27JAN2624900PE,0.1188906862039056
23-01-2026 10:55||NIFTY27JAN2626200CE,0.1547042225490238
23-01-2026 11:00||NIFTY27JAN2625100PE,0.1052558030310204
23-01-2026 11:00||NIFTY27JAN2625400CE,0.0992297225861251
23-01-2026 11:00||NIFTY27JAN2625800CE,0.1083993355965916
23-01-2026 11:00||NIFTY27JAN2626100CE,0.1417100161553695
23-01-2026 11:05||NIFTY27JAN2624200PE,0.1957176625383283
23-01-2026 11:05||NIFTY27JAN2625600CE,0.0989137139893697
23-01-2026 11:05||NIFTY27JAN2625700CE,0.1022162838316887
23-01-2026 11:05||NIFTY27JAN2626200CE,0.1536426372650441
23-01-2026 11:05||NIFTY27JAN2626500CE,0.2033163485118099
23-01-2026 11:10||NIFTY27JAN2624000PE,0.218666203184413
23-01-2026 11:10||NIFTY27JAN2624100PE,0.2058295908738934
23-01-2026 11:10||NIFTY27JAN2625300CE,0.1021028326150934
23-01-2026 11:10||NIFTY27JAN2626300CE,0.1655447849404561
23-01-2026 11:15||NIFTY27JAN2624200PE,0.1939718155898223
23-01-2026 11:15||NIFTY27JAN2624800PE,0.1227890758831061
23-01-2026 11:15||NIFTY27JAN2624900PE,0.1150353665282917
23-01-2026 11:15||NIFTY27JAN2625300CE,0.1012426113150503
23-01-2026 11:15||NIFTY27JAN2625400CE,0.0984717532737698
23-01-2026 11:15||NIFTY27JAN2625500CE,0.0967167404782599
23-01-2026 11:15||NIFTY27JAN2625700CE,0.1017809707010686
23-01-2026 11:15||NIFTY27JAN2626300CE,0.1660582403901135
23-01-2026 11:20||NIFTY27JAN2624100PE,0.2060968209655254
23-01-2026 11:20||NIFTY27JAN2624400PE,0.1693446574680409
23-01-2026 11:20||NIFTY27JAN2624800PE,0.1224422806675824
23-01-2026 11:20||NIFTY27JAN2625100PE,0.1042900016148898
23-01-2026 11:20||NIFTY27JAN2626000CE,0.1302290590564363
23-01-2026 11:20||NIFTY27JAN2626300CE,0.1663536682935409
23-01-2026 11:25||NIFTY27JAN2623800PE,0.2247959336760936
23-01-2026 11:25||NIFTY27JAN2623900PE,0.2312952548738532
23-01-2026 11:25||NIFTY27JAN2624900PE,0.1151202989640774
23-01-2026 11:25||NIFTY27JAN2625200CE,0.1007299889540844
23-01-2026 11:25||NIFTY27JAN2625800CE,0.1094057981167521
23-01-2026 11:25||NIFTY27JAN2626400CE,0.1769023048691192
23-01-2026 11:30||NIFTY27JAN2624700PE,0.1342231066311279
23-01-2026 11:30||NIFTY27JAN2624900PE,0.1169230235517822
23-01-2026 11:30||NIFTY27JAN2625000PE,0.1105566760975608
23-01-2026 11:30||NIFTY27JAN2625500CE,0.0943774086915263
23-01-2026 11:30||NIFTY27JAN2625800CE,0.1099691876638493
23-01-2026 11:30||NIFTY27JAN2626000CE,0.1327122580779191
23-01-2026 11:30||NIFTY27JAN2626200CE,0.1551560192003667
23-01-2026 11:30||NIFTY27JAN2626400CE,0.1784841878376552
23-01-2026 11:35||NIFTY27JAN2624900PE,0.1191497226291109
23-01-2026 11:35||NIFTY27JAN2625400CE,0.0939525035906559
23-01-2026 11:35||NIFTY27JAN2626000CE,0.1358079636332252
23-01-2026 11:40||NIFTY27JAN2623900PE,0.2261861054445038
23-01-2026 11:40||NIFTY27JAN2624300PE,0.1758596909173551
23-01-2026 11:40||NIFTY27JAN2624900PE,0.1188866627980167
23-01-2026 11:40||NIFTY27JAN2625500CE,0.0976403391337275
23-01-2026 11:40||NIFTY27JAN2626300CE,0.1734132798165123
23-01-2026 11:40||NIFTY27JAN2626500CE,0.2068429412842079
23-01-2026 11:45||NIFTY27JAN2625300CE,0.1003704342319601
23-01-2026 11:45||NIFTY27JAN2626100CE,0.154559579647829
23-01-2026 11:45||NIFTY27JAN2626400CE,0.1881498392574615
23-01-2026 11:50||NIFTY27JAN2624100PE,0.1959921635269117
23-01-2026 11:50||NIFTY27JAN2624500PE,0.1485362466958611
23-01-2026 11:50||NIFTY27JAN2625400CE,0.1024236570882349
23-01-2026 11:50||NIFTY27JAN2625500CE,0.1031633092402547
23-01-2026 11:50||NIFTY27JAN2625700CE,0.1135748991488842
23-01-2026 11:55||NIFTY27JAN2624800PE,0.1194124543163085
23-01-2026 11:55||NIFTY27JAN2625100PE,0.1027184339696923
23-01-2026 11:55||NIFTY27JAN2625700CE,0.1140147755365296
23-01-2026 11:55||NIFTY27JAN2626200CE,0.1664362859236222
23-01-2026 11:55||NIFTY27JAN2626500CE,0.208518717461092
23-01-2026 12:00||NIFTY27JAN2624000PE,0.2079575951902938
23-01-2026 12:00||NIFTY27JAN2624300PE,0.170683908914778
23-01-2026 12:00||NIFTY27JAN2624800PE,0.1187885856183538
23-01-2026 12:00||NIFTY27JAN2625200CE,0.1035174562294308
23-01-2026 12:00||NIFTY27JAN2625800CE,0.1237732114114075
23-01-2026 12:00||NIFTY27JAN2625900CE,0.133554091250019
23-01-2026 12:00||NIFTY27JAN2626400CE,0.1896869154803115
23-01-2026 12:05||NIFTY27JAN2624600PE,0.1359688728110307
23-01-2026 12:05||NIFTY27JAN2625300CE,0.1032078376874732
23-01-2026 12:05||NIFTY27JAN2625400CE,0.1026351784788313
23-01-2026 12:05||NIFTY27JAN2626400CE,0.1903038921263765
23-01-2026 12:10||NIFTY27JAN2623900PE,0.2180686093435805
23-01-2026 12:10||NIFTY27JAN2624000PE,0.205844653535262
23-01-2026 12:10||NIFTY27JAN2625000PE,0.1053357125654539
23-01-2026 12:10||NIFTY27JAN2625700CE,0.1143384168797175
23-01-2026 12:10||NIFTY27JAN2626200CE,0.1680993600968779
23-01-2026 12:10||NIFTY27JAN2626500CE,0.2084540437018955
23-01-2026 12:15||NIFTY27JAN2625500CE,0.1050292034641807
23-01-2026 12:15||NIFTY27JAN2626100CE,0.1574331884414674
23-01-2026 12:15||NIFTY27JAN2626300CE,0.1782996755478631
23-01-2026 12:20||NIFTY27JAN2624200PE,0.1816137416006696
23-01-2026 12:20||NIFTY27JAN2625200CE,0.1109629057620562
23-01-2026 12:20||NIFTY27JAN2625300CE,0.1073896318138036
23-01-2026 12:20||NIFTY27JAN2625400CE,0.1049274565184835
23-01-2026 12:20||NIFTY27JAN2625800CE,0.1221792890439779
23-01-2026 12:20||NIFTY27JAN2626100CE,0.157179441075082
23-01-2026 12:25||NIFTY27JAN2624300PE,0.1693275008257945
23-01-2026 12:25||NIFTY27JAN2624500PE,0.143159390380847
23-01-2026 12:25||NIFTY27JAN2624600PE,0.1327170658722674
23-01-2026 12:25||NIFTY27JAN2624900PE,0.1080663029910037
23-01-2026 12:25||NIFTY27JAN2625400CE,0.1045635664956703
23-01-2026 12:25||NIFTY27JAN2625600CE,0.1067878165839627
23-01-2026 12:25||NIFTY27JAN2626400CE,0.1879532416767022
23-01-2026 12:30||NIFTY27JAN2623800PE,0.2212319640798081
23-01-2026 12:30||NIFTY27JAN2624100PE,0.1920611546531044
23-01-2026 12:30||NIFTY27JAN2624200PE,0.1801345770537802
23-01-2026 12:30||NIFTY27JAN2624500PE,0.1424196139783831
23-01-2026 12:30||NIFTY27JAN2625900CE,0.1325814738331351
23-01-2026 12:30||NIFTY27JAN2626100CE,0.1578210114222553
23-01-2026 12:30||NIFTY27JAN2626200CE,0.1677576341089352
23-01-2026 12:35||NIFTY27JAN2624100PE,0.1931639787031066
23-01-2026 12:35||NIFTY27JAN2624400PE,0.1555682888287584
23-01-2026 12:35||NIFTY27JAN2625100PE,0.0934113056938882
23-01-2026 12:35||NIFTY27JAN2625300CE,0.1047895004594062
23-01-2026 12:35||NIFTY27JAN2626100CE,0.1559311595301201
23-01-2026 12:40||NIFTY27JAN2624500PE,0.1417063279463766
23-01-2026 12:40||NIFTY27JAN2624600PE,0.1303352091185705
23-01-2026 12:40||NIFTY27JAN2624900PE,0.1057581819401981
23-01-2026 12:40||NIFTY27JAN2625300CE,0.1033861303677124
23-01-2026 12:45||NIFTY27JAN2623800PE,0.218212118730499
23-01-2026 12:45||NIFTY27JAN2623900PE,0.2195851832360991
23-01-2026 12:45||NIFTY27JAN2624600PE,0.1318139780873123
23-01-2026 12:45||NIFTY27JAN2625900CE,0.1295912404053855
23-01-2026 12:50||NIFTY27JAN2623800PE,0.2193178816337877
23-01-2026 12:50||NIFTY27JAN2624400PE,0.1576064402817349
23-01-2026 12:50||NIFTY27JAN2624800PE,0.1141795307330221
23-01-2026 12:50||NIFTY27JAN2625300CE,0.1001016021972625
23-01-2026 12:50||NIFTY27JAN2625600CE,0.104619421712989
23-01-2026 12:50||NIFTY27JAN2625700CE,0.1101902169853987
23-01-2026 12:50||NIFTY27JAN2626000CE,0.1408427669027474
23-01-2026 12:50||NIFTY27JAN2626400CE,0.186114063581038
23-01-2026 12:55||NIFTY27JAN2624200PE,0.1832033138153493
23-01-2026 12:55||NIFTY27JAN2625400CE,0.0989873928041923
23-01-2026 12:55||NIFTY27JAN2625600CE,0.1039966200098104
23-01-2026 12:55||NIFTY27JAN2625800CE,0.1203562181002304
23-01-2026 12:55||NIFTY27JAN2626400CE,0.1872303573863421
23-01-2026 13:00||NIFTY27JAN2624900PE,0.1049354015543365
23-01-2026 13:00||NIFTY27JAN2625700CE,0.1125258813086493
23-01-2026 13:00||NIFTY27JAN2626000CE,0.1446328463597848
23-01-2026 13:05||NIFTY27JAN2623800PE,0.2189250606724387
23-01-2026 13:05||NIFTY27JAN2625200CE,0.1030636292068988
23-01-2026 13:05||NIFTY27JAN2625900CE,0.1359086483191461
23-01-2026 13:10||NIFTY27JAN2623900PE,0.2129055611637585
23-01-2026 13:10||NIFTY27JAN2624000PE,0.2013536720516119
23-01-2026 13:10||NIFTY27JAN2624100PE,0.191307892796789
23-01-2026 13:10||NIFTY27JAN2624700PE,0.1204481627711793
23-01-2026 13:10||NIFTY27JAN2625100PE,0.0959908274304319
23-01-2026 13:10||NIFTY27JAN2625800CE,0.125900847998673
23-01-2026 13:10||NIFTY27JAN2626000CE,0.1498282177698676
23-01-2026 13:15||NIFTY27JAN2623800PE,0.2176496345124215
23-01-2026 13:15||NIFTY27JAN2624200PE,0.1776858471454517
23-01-2026 13:15||NIFTY27JAN2625300CE,0.0988486316568962
23-01-2026 13:15||NIFTY27JAN2625600CE,0.1099001244679122
23-01-2026 13:15||NIFTY27JAN2625900CE,0.1422435670838779
23-01-2026 13:15||NIFTY27JAN2626000CE,0.1532420760082155
23-01-2026 13:20||NIFTY27JAN2624700PE,0.1197978764924894
23-01-2026 13:20||NIFTY27JAN2624800PE,0.113173674859979
23-01-2026 13:20||NIFTY27JAN2625700CE,0.1222563632830619
23-01-2026 13:20||NIFTY27JAN2626200CE,0.1776825986845271
23-01-2026 13:20||NIFTY27JAN2626500CE,0.2121029199021193
23-01-2026 13:25||NIFTY27JAN2624100PE,0.1866054787176885
23-01-2026 13:25||NIFTY27JAN2624500PE,0.1396324540083869
23-01-2026 13:25||NIFTY27JAN2625000PE,0.1048572625247629
23-01-2026 13:25||NIFTY27JAN2625400CE,0.1063958114505027
23-01-2026 13:30||NIFTY27JAN2624700PE,0.1212518333012054
23-01-2026 13:30||NIFTY27JAN2624800PE,0.1158451602053012
23-01-2026 13:30||NIFTY27JAN2625000PE,0.1087894854480229
23-01-2026 13:30||NIFTY27JAN2625400CE,0.1096260872134266
23-01-2026 13:30||NIFTY27JAN2625700CE,0.1314570913315071
23-01-2026 13:30||NIFTY27JAN2626000CE,0.1642571878955337
23-01-2026 13:35||NIFTY27JAN2623900PE,0.2082314284142772
23-01-2026 13:35||NIFTY27JAN2624100PE,0.1850877859245209
23-01-2026 13:35||NIFTY27JAN2624900PE,0.1131519876335516
23-01-2026 13:35||NIFTY27JAN2625600CE,0.1253116901271984
23-01-2026 13:35||NIFTY27JAN2626000CE,0.1675802121069417
23-01-2026 13:35||NIFTY27JAN2626200CE,0.1907541602972974
23-01-2026 13:35||NIFTY27JAN2626500CE,0.2194071798555466
23-01-2026 13:40||NIFTY27JAN2623900PE,0.2069398518300589
23-01-2026 13:40||NIFTY27JAN2624600PE,0.1288064494162226
23-01-2026 13:40||NIFTY27JAN2624900PE,0.1136707164232429
23-01-2026 13:40||NIFTY27JAN2625700CE,0.1387397183089259
23-01-2026 13:40||NIFTY27JAN2625800CE,0.1484229988656827
23-01-2026 13:40||NIFTY27JAN2626300CE,0.2044682200335242
23-01-2026 13:45||NIFTY27JAN2623900PE,0.2045964280363993
23-01-2026 13:45||NIFTY27JAN2624000PE,0.1934414051663069
23-01-2026 13:45||NIFTY27JAN2624500PE,0.1359138157054731
23-01-2026 13:45||NIFTY27JAN2624600PE,0.1261695914856735
23-01-2026 13:45||NIFTY27JAN2625000PE,0.1066915364179363
23-01-2026 13:45||NIFTY27JAN2625300CE,0.1109732090435644
23-01-2026 13:45||NIFTY27JAN2626100CE,0.1830501883392358
23-01-2026 13:45||NIFTY27JAN2626300CE,0.2063142923423354
23-01-2026 13:50||NIFTY27JAN2624000PE,0.1936182904190898
23-01-2026 13:50||NIFTY27JAN2624500PE,0.1354469826456861
23-01-2026 13:50||NIFTY27JAN2625100PE,0.1006395895490701
23-01-2026 13:50||NIFTY27JAN2626400CE,0.2174878483546616
23-01-2026 13:55||NIFTY27JAN2625500CE,0.1232936809910154
23-01-2026 13:55||NIFTY27JAN2625700CE,0.141289026061313
23-01-2026 13:55||NIFTY27JAN2625800CE,0.1512861734968281
23-01-2026 13:55||NIFTY27JAN2626400CE,0.2161367195678619
23-01-2026 13:55||NIFTY27JAN2626500CE,0.2215258357132725
23-01-2026 14:00||NIFTY27JAN2624200PE,0.1660267652240774
23-01-2026 14:00||NIFTY27JAN2624300PE,0.1548404604159547
23-01-2026 14:00||NIFTY27JAN2625300CE,0.1158289440332041
23-01-2026 14:00||NIFTY27JAN2625400CE,0.1190152903636478
23-01-2026 14:00||NIFTY27JAN2625500CE,0.1231181827336703
23-01-2026 14:00||NIFTY27JAN2625800CE,0.1499517667266497
23-01-2026 14:05||NIFTY27JAN2624200PE,0.1675651609752644
23-01-2026 14:05||NIFTY27JAN2624800PE,0.1108340070682906
23-01-2026 14:05||NIFTY27JAN2626300CE,0.2028874158576426
23-01-2026 14:10||NIFTY27JAN2623900PE,0.2089056320175763
23-01-2026 14:10||NIFTY27JAN2625800CE,0.1462370018386783
23-01-2026 14:10||NIFTY27JAN2626400CE,0.213592996765994
23-01-2026 14:15||NIFTY27JAN2625000PE,0.1049750619700027
23-01-2026 14:15||NIFTY27JAN2625400CE,0.1149195939220038
23-01-2026 14:15||NIFTY27JAN2626400CE,0.2128735427476217
23-01-2026 14:20||NIFTY27JAN2624100PE,0.1828640738320706
23-01-2026 14:20||NIFTY27JAN2624800PE,0.111618457350792
23-01-2026 14:20||NIFTY27JAN2625400CE,0.1154332645225192
23-01-2026 14:20||NIFTY27JAN2625600CE,0.1260790029633705
23-01-2026 14:20||NIFTY27JAN2625800CE,0.1451047698403463
23-01-2026 14:20||NIFTY27JAN2626400CE,0.2129640428199825
23-01-2026 14:20||NIFTY27JAN2626500CE,0.219700431767339
23-01-2026 14:25||NIFTY27JAN2624200PE,0.1686060120755435
23-01-2026 14:25||NIFTY27JAN2624400PE,0.1425822210981763
23-01-2026 14:25||NIFTY27JAN2624500PE,0.1313752303597545
23-01-2026 14:25||NIFTY27JAN2625200CE,0.1093310945165172
23-01-2026 14:25||NIFTY27JAN2626200CE,0.1911487047593132
23-01-2026 14:25||NIFTY27JAN2626300CE,0.2030804476459283
23-01-2026 14:25||NIFTY27JAN2626400CE,0.2122399981690098
23-01-2026 14:30||NIFTY27JAN2624600PE,0.1213015208835415
23-01-2026 14:30||NIFTY27JAN2625700CE,0.135701041839993
23-01-2026 14:35||NIFTY27JAN2623900PE,0.2090231768269873
23-01-2026 14:35||NIFTY27JAN2624500PE,0.1320757543123415
23-01-2026 14:35||NIFTY27JAN2624700PE,0.1143638299332609
23-01-2026 14:35||NIFTY27JAN2625400CE,0.1121004743264745
23-01-2026 14:35||NIFTY27JAN2625600CE,0.1249586102875677
23-01-2026 14:35||NIFTY27JAN2625800CE,0.1471552122716325
23-01-2026 14:35||NIFTY27JAN2625900CE,0.1571131234855339
23-01-2026 14:35||NIFTY27JAN2626000CE,0.1653070378398723
23-01-2026 14:35||NIFTY27JAN2626300CE,0.1984546576923576
23-01-2026 14:40||NIFTY27JAN2623900PE,0.2090858743654825
23-01-2026 14:40||NIFTY27JAN2624300PE,0.1556740343141799
23-01-2026 14:40||NIFTY27JAN2624400PE,0.1431789647610627
23-01-2026 14:40||NIFTY27JAN2625000PE,0.1003174877176044
23-01-2026 14:40||NIFTY27JAN2625100PE,0.092992823604579
23-01-2026 14:40||NIFTY27JAN2625200CE,0.105845230345389
23-01-2026 14:40||NIFTY27JAN2625700CE,0.1359865119904614
23-01-2026 14:40||NIFTY27JAN2625800CE,0.1461984122281511
23-01-2026 14:40||NIFTY27JAN2626400CE,0.2082597522002282
23-01-2026 14:45||NIFTY27JAN2624400PE,0.1433564580498275
23-01-2026 14:45||NIFTY27JAN2624700PE,0.1155972173413404
23-01-2026 14:45||NIFTY27JAN2625100PE,0.0924451092119103
23-01-2026 14:45||NIFTY27JAN2625400CE,0.1119727728312466
23-01-2026 14:45||NIFTY27JAN2625600CE,0.1256488040733473
23-01-2026 14:45||NIFTY27JAN2626000CE,0.1653855179825161
23-01-2026 14:45||NIFTY27JAN2626200CE,0.1868256723705309
23-01-2026 14:50||NIFTY27JAN2623800PE,0.2157252664681882
23-01-2026 14:50||NIFTY27JAN2624500PE,0.1325803605152101
23-01-2026 14:50||NIFTY27JAN2624800PE,0.1082893511969932
23-01-2026 14:50||NIFTY27JAN2625200CE,0.1072064861925353
23-01-2026 14:50||NIFTY27JAN2625300CE,0.1088146537590358
23-01-2026 14:50||NIFTY27JAN2625500CE,0.1181867059914235
23-01-2026 14:55||NIFTY27JAN2623900PE,0.2030316471268339
23-01-2026 14:55||NIFTY27JAN2624400PE,0.144146785085551
23-01-2026 14:55||NIFTY27JAN2625200CE,0.1064276217300433
23-01-2026 14:55||NIFTY27JAN2625900CE,0.1559818206587251
23-01-2026 14:55||NIFTY27JAN2626200CE,0.1893965994692491
23-01-2026 15:00||NIFTY27JAN2623900PE,0.2012803959614112
23-01-2026 15:00||NIFTY27JAN2624100PE,0.1827995725980945
23-01-2026 15:00||NIFTY27JAN2624300PE,0.1575668632921018
23-01-2026 15:00||NIFTY27JAN2624600PE,0.1247744886204578
23-01-2026 15:05||NIFTY27JAN2623900PE,0.2016754599394999
23-01-2026 15:05||NIFTY27JAN2624800PE,0.1115247177904426
23-01-2026 15:05||NIFTY27JAN2626200CE,0.1980183199602129
23-01-2026 15:10||NIFTY27JAN2623800PE,0.2131698863003905
23-01-2026 15:10||NIFTY27JAN2624000PE,0.1890763071597072
23-01-2026 15:10||NIFTY27JAN2624200PE,0.1730371830606346
23-01-2026 15:10||NIFTY27JAN2624600PE,0.1240669981605455
23-01-2026 15:10||NIFTY27JAN2625000PE,0.1103863297565908
23-01-2026 15:10||NIFTY27JAN2625300CE,0.1089356024900592
23-01-2026 15:10||NIFTY27JAN2625700CE,0.139642109176052
23-01-2026 15:10||NIFTY27JAN2626100CE,0.186976572824604
23-01-2026 15:10||NIFTY27JAN2626200CE,0.1995504406177491
23-01-2026 15:10||NIFTY27JAN2626300CE,0.2073717755500811
23-01-2026 15:15||NIFTY27JAN2624100PE,0.1833277789484519
23-01-2026 15:15||NIFTY27JAN2624200PE,0.1731150606496953
23-01-2026 15:15||NIFTY27JAN2625000PE,0.1086264193130773
23-01-2026 15:20||NIFTY27JAN2623800PE,0.2448956377154499
23-01-2026 15:20||NIFTY27JAN2623900PE,0.2363533787748024
23-01-2026 15:20||NIFTY27JAN2624800PE,0.1324112152899624
23-01-2026 15:20||NIFTY27JAN2625400CE,0.1316519558803365
23-01-2026 15:20||NIFTY27JAN2625500CE,0.1393578942558355
23-01-2026 15:20||NIFTY27JAN2625700CE,0.1869016088610156
23-01-2026 15:20||NIFTY27JAN2625900CE,0.1904273872081224
23-01-2026 15:20||NIFTY27JAN2626200CE,0.2352282556508648
23-01-2026 15:25||NIFTY27JAN2624500PE,0.2552452815428642
23-01-2026 15:25||NIFTY27JAN2624600PE,0.2417052809470379
23-01-2026 15:25||NIFTY27JAN2625700CE,0.2613862215764031
27-01-2026 09:15||NIFTY27JAN2626200CE,0.5413448249493359
27-01-2026 09:15||NIFTY27JAN2626400CE,0.5710906848406709
27-01-2026 09:15||NIFTY27JAN2626500CE,0.5529214380338049
27-01-2026 09:20||NIFTY27JAN2624400PE,0.4219400737042468
27-01-2026 09:20||NIFTY27JAN2624900PE,0.3675660337620787
27-01-2026 09:20||NIFTY27JAN2625100PE,0.4169853400775461
27-01-2026 09:20||NIFTY27JAN2625400CE,0.3971399831036134
27-01-2026 09:20||NIFTY27JAN2625500CE,0.4315795486871006
27-01-2026 09:20||NIFTY27JAN2625600CE,0.4562687554302974
27-01-2026 09:20||NIFTY27JAN2625700CE,0.482584172985086
27-01-2026 09:20||NIFTY27JAN2626500CE,0.6867192024398465
27-01-2026 09:25||NIFTY27JAN2623900PE,0.6621783510969538
27-01-2026 09:25||NIFTY27JAN2624600PE,0.3562682491869489
27-01-2026 09:25||NIFTY27JAN2625100PE,0.3445318227797196
27-01-2026 09:25||NIFTY27JAN2625500CE,0.4655592247754375
27-01-2026 09:25||NIFTY27JAN2625900CE,0.618779559847378
27-01-2026 09:25||NIFTY27JAN2626500CE,0.7749359724384081
27-01-2026 09:30||NIFTY27JAN2624400PE,0.4189976140093671
27-01-2026 09:30||NIFTY27JAN2624800PE,0.302229318821992
27-01-2026 09:30||NIFTY27JAN2624900PE,0.2834454601649163
27-01-2026 09:30||NIFTY27JAN2625400CE,0.4343766880474309
27-01-2026 09:30||NIFTY27JAN2625600CE,0.4887298543235195
27-01-2026 09:30||NIFTY27JAN2625800CE,0.5691741885822712
27-01-2026 09:30||NIFTY27JAN2626100CE,0.718212243948077
27-01-2026 09:30||NIFTY27JAN2626400CE,0.8394818788148534
27-01-2026 09:35||NIFTY27JAN2623800PE,0.7523828291775692
27-01-2026 09:35||NIFTY27JAN2624500PE,0.3985016259316482
27-01-2026 09:35||NIFTY27JAN2625700CE,0.4948911139994906
27-01-2026 09:35||NIFTY27JAN2626200CE,0.7395967320364589
27-01-2026 09:45||NIFTY27JAN2623800PE,0.7826104017811323
27-01-2026 09:45||NIFTY27JAN2624000PE,0.7044937575637698
27-01-2026 09:45||NIFTY27JAN2624500PE,0.4616250421593098
27-01-2026 09:45||NIFTY27JAN2625000PE,0.2992821834550846
27-01-2026 09:45||NIFTY27JAN2625600CE,0.3893677391305811
27-01-2026 09:45||NIFTY27JAN2626200CE,0.6823379819703282
27-01-2026 09:45||NIFTY27JAN2626300CE,0.7293003545656566
27-01-2026 09:50||NIFTY27JAN2623800PE,0.7896452336058377
27-01-2026 09:50||NIFTY27JAN2624200PE,0.6207837096887608
27-01-2026 09:50||NIFTY27JAN2624800PE,0.370739247410716
27-01-2026 09:50||NIFTY27JAN2624900PE,0.3494393892638247
27-01-2026 09:50||NIFTY27JAN2626300CE,0.7194680640929396
27-01-2026 09:55||NIFTY27JAN2624100PE,0.6700716989261191
27-01-2026 09:55||NIFTY27JAN2624700PE,0.3991052633433521
27-01-2026 09:55||NIFTY27JAN2624800PE,0.3763566850605702
27-01-2026 09:55||NIFTY27JAN2625000PE,0.3391463064696057
27-01-2026 09:55||NIFTY27JAN2625700CE,0.4133599908942614
27-01-2026 09:55||NIFTY27JAN2626000CE,0.5639596120198251
27-01-2026 09:55||NIFTY27JAN2626200CE,0.6698545572323918
27-01-2026 10:00||NIFTY27JAN2624000PE,0.7200777986653737
27-01-2026 10:00||NIFTY27JAN2625300CE,0.3176172056478444
27-01-2026 10:00||NIFTY27JAN2625400CE,0.3177508086576265
27-01-2026 10:00||NIFTY27JAN2625600CE,0.3719348527167637
27-01-2026 10:00||NIFTY27JAN2625800CE,0.4670656676392944
27-01-2026 10:00||NIFTY27JAN2626100CE,0.6229566095633392
27-01-2026 10:00||NIFTY27JAN2626400CE,0.7735674995182598
27-01-2026 10:00||NIFTY27JAN2626500CE,0.8020093719476736
27-01-2026 10:05||NIFTY27JAN2623800PE,0.7965731831065238
27-01-2026 10:05||NIFTY27JAN2623900PE,0.7664980360999318
27-01-2026 10:05||NIFTY27JAN2624100PE,0.6697496724704961
27-01-2026 10:05||NIFTY27JAN2626400CE,0.77535071610477
27-01-2026 10:10||NIFTY27JAN2624200PE,0.6231787873527669
27-01-2026 10:10||NIFTY27JAN2624900PE,0.3296002572232109
27-01-2026 10:10||NIFTY27JAN2625300CE,0.3503689428688895
27-01-2026 10:10||NIFTY27JAN2625600CE,0.3815985181825386
27-01-2026 10:15||NIFTY27JAN2625800CE,0.4700392120621264
27-01-2026 10:20||NIFTY27JAN2623900PE,0.8067842020878858
27-01-2026 10:20||NIFTY27JAN2624500PE,0.4843723482521866
27-01-2026 10:20||NIFTY27JAN2624600PE,0.4369022314017338
27-01-2026 10:20||NIFTY27JAN2624800PE,0.3744360185082515
27-01-2026 10:20||NIFTY27JAN2625000PE,0.3198781229162289
27-01-2026 10:20||NIFTY27JAN2625400CE,0.322110260777828
27-01-2026 10:20||NIFTY27JAN2625800CE,0.4645626248321891
27-01-2026 10:25||NIFTY27JAN2624600PE,0.4451263009451024
27-01-2026 10:25||NIFTY27JAN2624900PE,0.3611613214146774
27-01-2026 10:25||NIFTY27JAN2626000CE,0.5720403767669983
27-01-2026 10:25||NIFTY27JAN2626300CE,0.733573807083292
27-01-2026 10:25||NIFTY27JAN2626400CE,0.7755904787450765
27-01-2026 10:30||NIFTY27JAN2624100PE,0.7034084826749303
27-01-2026 10:30||NIFTY27JAN2624800PE,0.3920438534464224
27-01-2026 10:30||NIFTY27JAN2625400CE,0.3083577079580897
27-01-2026 10:30||NIFTY27JAN2625600CE,0.377658375608974
27-01-2026 10:30||NIFTY27JAN2625900CE,0.5346731606948002
27-01-2026 10:30||NIFTY27JAN2626200CE,0.6974684058660596
27-01-2026 10:35||NIFTY27JAN2624300PE,0.5677754573901803
27-01-2026 10:35||NIFTY27JAN2624400PE,0.5149197571348779
27-01-2026 10:35||NIFTY27JAN2624800PE,0.3933392883133909
27-01-2026 10:35||NIFTY27JAN2625200CE,0.3234314499400405
27-01-2026 10:35||NIFTY27JAN2625300CE,0.3080003135978597
27-01-2026 10:35||NIFTY27JAN2625700CE,0.4513116392358348
27-01-2026 10:40||NIFTY27JAN2624400PE,0.4984080389197302
27-01-2026 10:40||NIFTY27JAN2625200CE,0.3271760015184911
27-01-2026 10:40||NIFTY27JAN2625700CE,0.4773213607205862
27-01-2026 10:40||NIFTY27JAN2626100CE,0.69831610182837
27-01-2026 10:40||NIFTY27JAN2626200CE,0.7495045658593325
27-01-2026 10:45||NIFTY27JAN2624000PE,0.702337537255322
27-01-2026 10:45||NIFTY27JAN2624700PE,0.378547868423445
27-01-2026 10:45||NIFTY27JAN2624900PE,0.3627043477676028
27-01-2026 10:45||NIFTY27JAN2625500CE,0.3952631502056951
27-01-2026 10:45||NIFTY27JAN2626200CE,0.7776708010829617
27-01-2026 10:45||NIFTY27JAN2626400CE,0.867163550683858
27-01-2026 10:50||NIFTY27JAN2623900PE,0.7378070390198135
27-01-2026 10:50||NIFTY27JAN2624000PE,0.6892304383460074
27-01-2026 10:50||NIFTY27JAN2624600PE,0.3860163628800052
27-01-2026 10:50||NIFTY27JAN2625000PE,0.3374005098621231
27-01-2026 10:50||NIFTY27JAN2625200CE,0.3338648980613392
27-01-2026 10:50||NIFTY27JAN2625400CE,0.3823568263299222
27-01-2026 10:50||NIFTY27JAN2625700CE,0.5275115520225493
27-01-2026 10:55||NIFTY27JAN2623900PE,0.7370609071362635
27-01-2026 10:55||NIFTY27JAN2624400PE,0.4648435242141974
27-01-2026 10:55||NIFTY27JAN2624900PE,0.3297160715278379
27-01-2026 10:55||NIFTY27JAN2625000PE,0.3147471174667918
27-01-2026 10:55||NIFTY27JAN2625300CE,0.3683456136488893
27-01-2026 10:55||NIFTY27JAN2625400CE,0.4005540888816469
27-01-2026 10:55||NIFTY27JAN2625600CE,0.4883348527996908
27-01-2026 10:55||NIFTY27JAN2626400CE,0.9241687877431995
27-01-2026 11:00||NIFTY27JAN2623800PE,0.8231347604356515
27-01-2026 11:00||NIFTY27JAN2623900PE,0.7433848073702013
27-01-2026 11:00||NIFTY27JAN2624300PE,0.5179484466255538
27-01-2026 11:00||NIFTY27JAN2625200CE,0.3636210395505835
27-01-2026 11:00||NIFTY27JAN2625300CE,0.3780473197090623
27-01-2026 11:00||NIFTY27JAN2625400CE,0.4071523590257836
27-01-2026 11:00||NIFTY27JAN2626300CE,0.8869668651746971
27-01-2026 11:05||NIFTY27JAN2623800PE,0.8349512172913471
27-01-2026 11:05||NIFTY27JAN2624100PE,0.6396822229069841
27-01-2026 11:05||NIFTY27JAN2624200PE,0.5761203332783859
27-01-2026 11:05||NIFTY27JAN2624900PE,0.3048329539794442
27-01-2026 11:05||NIFTY27JAN2625300CE,0.3752847494561908
27-01-2026 11:05||NIFTY27JAN2625700CE,0.5541588270480665
27-01-2026 11:10||NIFTY27JAN2624200PE,0.5904288956806287
27-01-2026 11:10||NIFTY27JAN2624400PE,0.4772116220183316
27-01-2026 11:10||NIFTY27JAN2624900PE,0.3044343391443543
27-01-2026 11:10||NIFTY27JAN2625300CE,0.3718429151091788
27-01-2026 11:10||NIFTY27JAN2625500CE,0.4404738438199886
27-01-2026 11:10||NIFTY27JAN2625800CE,0.607149329827671
27-01-2026 11:10||NIFTY27JAN2626500CE,0.9203356697860072
27-01-2026 11:15||NIFTY27JAN2624300PE,0.5446386787907738
27-01-2026 11:15||NIFTY27JAN2625000PE,0.3026223645719267
27-01-2026 11:15||NIFTY27JAN2625100PE,0.2912034576631926
27-01-2026 11:15||NIFTY27JAN2626400CE,0.9330452274735704
27-01-2026 11:20||NIFTY27JAN2625300CE,0.3611462527382381
27-01-2026 11:20||NIFTY27JAN2626100CE,0.7674887760268874
27-01-2026 11:25||NIFTY27JAN2623800PE,0.8679663839912499
27-01-2026 11:25||NIFTY27JAN2624000PE,0.7564430173768084
27-01-2026 11:25||NIFTY27JAN2624200PE,0.6358635110354873
27-01-2026 11:25||NIFTY27JAN2624900PE,0.3163257466492902
27-01-2026 11:25||NIFTY27JAN2625600CE,0.4677674570203504
27-01-2026 11:25||NIFTY27JAN2626500CE,0.912615042809142
27-01-2026 11:30||NIFTY27JAN2624200PE,0.6547502524783028
27-01-2026 11:30||NIFTY27JAN2625100PE,0.256293506100427
27-01-2026 11:30||NIFTY27JAN2625600CE,0.4575655871112287
27-01-2026 11:30||NIFTY27JAN2625900CE,0.6257480798531815
27-01-2026 11:30||NIFTY27JAN2626200CE,0.8084915464977446
27-01-2026 11:35||NIFTY27JAN2624000PE,0.7917881811910759
27-01-2026 11:35||NIFTY27JAN2624900PE,0.3194064040158741
27-01-2026 11:35||NIFTY27JAN2625200CE,0.3842263623209128
27-01-2026 11:40||NIFTY27JAN2623800PE,0.9077438543122776
27-01-2026 11:40||NIFTY27JAN2624000PE,0.8104866239711306
27-01-2026 11:40||NIFTY27JAN2626000CE,0.6559140321247711
27-01-2026 11:40||NIFTY27JAN2626300CE,0.8274817929722341
27-01-2026 11:45||NIFTY27JAN2624300PE,0.6112076587957921
27-01-2026 11:45||NIFTY27JAN2624400PE,0.5439577872063973
27-01-2026 11:45||NIFTY27JAN2624500PE,0.4974531368092917
27-01-2026 11:45||NIFTY27JAN2626100CE,0.7060073690663228
27-01-2026 11:45||NIFTY27JAN2626400CE,0.8674146259451249
27-01-2026 11:50||NIFTY27JAN2624700PE,0.4131934291980681
27-01-2026 11:50||NIFTY27JAN2624900PE,0.3638014682285648
27-01-2026 11:50||NIFTY27JAN2625700CE,0.4782381762327292
27-01-2026 11:50||NIFTY27JAN2626000CE,0.6507910631916748
27-01-2026 11:55||NIFTY27JAN2623900PE,0.8712799017528208
27-01-2026 11:55||NIFTY27JAN2624000PE,0.8129317425647113
27-01-2026 11:55||NIFTY27JAN2624400PE,0.5450099042510032
27-01-2026 11:55||NIFTY27JAN2624500PE,0.4907639062902233
27-01-2026 11:55||NIFTY27JAN2624800PE,0.3756297051139837
27-01-2026 11:55||NIFTY27JAN2625200CE,0.3620186218863312
27-01-2026 11:55||NIFTY27JAN2625400CE,0.3703326836719974
27-01-2026 11:55||NIFTY27JAN2626500CE,0.939049626676516
27-01-2026 12:00||NIFTY27JAN2624200PE,0.6912414767800004
27-01-2026 12:00||NIFTY27JAN2624300PE,0.6232411569776448
27-01-2026 12:00||NIFTY27JAN2624500PE,0.5017278104471647
27-01-2026 12:00||NIFTY27JAN2625100PE,0.2817765492327147
27-01-2026 12:00||NIFTY27JAN2625500CE,0.4010657574677512
27-01-2026 12:00||NIFTY27JAN2626100CE,0.7209612447885322
27-01-2026 12:00||NIFTY27JAN2626400CE,0.9078030787537368
27-01-2026 12:00||NIFTY27JAN2626500CE,0.9527319778604014
27-01-2026 12:05||NIFTY27JAN2624500PE,0.5130839322350095
27-01-2026 12:05||NIFTY27JAN2624700PE,0.4196611947714554
27-01-2026 12:05||NIFTY27JAN2625100PE,0.2925321831658451
27-01-2026 12:05||NIFTY27JAN2625900CE,0.6090921823335349
27-01-2026 12:05||NIFTY27JAN2626500CE,0.9593620449812956
27-01-2026 12:10||NIFTY27JAN2624400PE,0.5900371350139577
27-01-2026 12:10||NIFTY27JAN2625700CE,0.4990325710603785
27-01-2026 12:10||NIFTY27JAN2626400CE,0.9152993381665088
27-01-2026 12:15||NIFTY27JAN2624500PE,0.5335093127915863
27-01-2026 12:15||NIFTY27JAN2624600PE,0.4783338196571813
27-01-2026 12:15||NIFTY27JAN2626000CE,0.6804180529825756
27-01-2026 12:15||NIFTY27JAN2626200CE,0.7981210157270532
27-01-2026 12:20||NIFTY27JAN2624000PE,0.8697853003090397
27-01-2026 12:20||NIFTY27JAN2624200PE,0.7478546516969586
27-01-2026 12:20||NIFTY27JAN2625000PE,0.3462518039601038
27-01-2026 12:20||NIFTY27JAN2625300CE,0.3406898848730846
27-01-2026 12:20||NIFTY27JAN2625600CE,0.4497128694371163
27-01-2026 12:25||NIFTY27JAN2624100PE,0.8172421508543366
27-01-2026 12:25||NIFTY27JAN2624700PE,0.4441241287137911
27-01-2026 12:25||NIFTY27JAN2625400CE,0.3609741777001927
27-01-2026 12:25||NIFTY27JAN2625900CE,0.6444129842697329
27-01-2026 12:30||NIFTY27JAN2625300CE,0.3404726771778432
27-01-2026 12:35||NIFTY27JAN2624100PE,0.8304309901858807
27-01-2026 12:35||NIFTY27JAN2624400PE,0.6285120200734367
27-01-2026 12:35||NIFTY27JAN2624900PE,0.3810793488654131
27-01-2026 12:35||NIFTY27JAN2625100PE,0.3281529533742975
27-01-2026 12:35||NIFTY27JAN2625800CE,0.615797820211486
27-01-2026 12:35||NIFTY27JAN2626100CE,0.8009609324365838
27-01-2026 12:40||NIFTY27JAN2624200PE,0.7704796169264515
27-01-2026 12:40||NIFTY27JAN2624700PE,0.4381599466923064
27-01-2026 12:40||NIFTY27JAN2624800PE,0.4007387966893724
27-01-2026 12:40||NIFTY27JAN2624900PE,0.3762221840147682
27-01-2026 12:40||NIFTY27JAN2625100PE,0.3362681038096251
27-01-2026 12:40||NIFTY27JAN2625200CE,0.3538473294588909
27-01-2026 12:40||NIFTY27JAN2625900CE,0.7062258184980492
27-01-2026 12:40||NIFTY27JAN2626000CE,0.7646953316834725
27-01-2026 12:40||NIFTY27JAN2626300CE,0.946539910766137
27-01-2026 12:45||NIFTY27JAN2625200CE,0.3623970106262791
27-01-2026 12:45||NIFTY27JAN2625700CE,0.579464903849884
27-01-2026 12:45||NIFTY27JAN2625900CE,0.7172814856957618
27-01-2026 12:45||NIFTY27JAN2626200CE,0.9064561335481232
27-01-2026 12:50||NIFTY27JAN2624600PE,0.4905496167050539
27-01-2026 12:50||NIFTY27JAN2625000PE,0.3493448359817661
27-01-2026 12:50||NIFTY27JAN2625100PE,0.3363360378122662
27-01-2026 12:50||NIFTY27JAN2625900CE,0.7277330770370883
27-01-2026 12:50||NIFTY27JAN2626200CE,0.9259102207452934
27-01-2026 12:50||NIFTY27JAN2626500CE,1.071750596725605
27-01-2026 12:55||NIFTY27JAN2623900PE,0.9917424338571362
27-01-2026 12:55||NIFTY27JAN2624000PE,0.9218523222731462
27-01-2026 12:55||NIFTY27JAN2625500CE,0.4779009761551512
27-01-2026 12:55||NIFTY27JAN2625600CE,0.537653141984431
27-01-2026 12:55||NIFTY27JAN2625800CE,0.6684846790805516
27-01-2026 12:55||NIFTY27JAN2626200CE,0.935389079656162
27-01-2026 13:00||NIFTY27JAN2624100PE,0.8733023795916779
27-01-2026 13:00||NIFTY27JAN2624500PE,0.5695101724930517
27-01-2026 13:00||NIFTY27JAN2625400CE,0.4192353872906212
27-01-2026 13:00||NIFTY27JAN2626000CE,0.8066038221791494
27-01-2026 13:05||NIFTY27JAN2623900PE,1.0278218472138834
27-01-2026 13:05||NIFTY27JAN2624500PE,0.5716267448085048
27-01-2026 13:05||NIFTY27JAN2624800PE,0.3979530737905991
27-01-2026 13:10||NIFTY27JAN2624200PE,0.8211092426151962
27-01-2026 13:10||NIFTY27JAN2624500PE,0.5709741106165407
27-01-2026 13:10||NIFTY27JAN2624600PE,0.4973254145664399
27-01-2026 13:10||NIFTY27JAN2624700PE,0.4461933367711577
27-01-2026 13:15||NIFTY27JAN2624400PE,0.6811509824190922
27-01-2026 13:15||NIFTY27JAN2625000PE,0.3050406667784247
27-01-2026 13:15||NIFTY27JAN2625200CE,0.4100387073415678
27-01-2026 13:15||NIFTY27JAN2626300CE,1.0628012953034152
27-01-2026 13:20||NIFTY27JAN2624000PE,1.0121684561196365
27-01-2026 13:20||NIFTY27JAN2624200PE,0.8570223947214614
27-01-2026 13:20||NIFTY27JAN2624600PE,0.5333433441651945
27-01-2026 13:20||NIFTY27JAN2624900PE,0.3528375837385749
27-01-2026 13:20||NIFTY27JAN2625700CE,0.6418623778504418
27-01-2026 13:20||NIFTY27JAN2625900CE,0.7862709249696873
27-01-2026 13:25||NIFTY27JAN2623800PE,1.1671220972868424
27-01-2026 13:25||NIFTY27JAN2625100PE,0.3639267702959301
27-01-2026 13:25||NIFTY27JAN2625700CE,0.6497102401729815
27-01-2026 13:30||NIFTY27JAN2624100PE,0.9832764204507398
27-01-2026 13:30||NIFTY27JAN2624300PE,0.8104014825900574
27-01-2026 13:30||NIFTY27JAN2625100PE,0.4306975415687857
27-01-2026 13:30||NIFTY27JAN2625400CE,0.4561180435310553
27-01-2026 13:30||NIFTY27JAN2626300CE,1.1380607495375807
27-01-2026 13:35||NIFTY27JAN2623900PE,1.1369369935898446
27-01-2026 13:35||NIFTY27JAN2624300PE,0.8123445904355315
27-01-2026 13:35||NIFTY27JAN2624400PE,0.7320153789146515
27-01-2026 13:35||NIFTY27JAN2624600PE,0.5805730538990644
27-01-2026 13:35||NIFTY27JAN2624800PE,0.4611412885320439
27-01-2026 13:35||NIFTY27JAN2625300CE,0.4091924660666994
27-01-2026 13:35||NIFTY27JAN2625600CE,0.6254227495878628
27-01-2026 13:35||NIFTY27JAN2626000CE,0.9300621273643104
27-01-2026 13:35||NIFTY27JAN2626200CE,1.108595989049913
27-01-2026 13:35||NIFTY27JAN2626300CE,1.188971677843326
27-01-2026 13:35||NIFTY27JAN2626400CE,1.237954563797694
27-01-2026 13:40||NIFTY27JAN2625500CE,0.5743674157064844
27-01-2026 13:40||NIFTY27JAN2626300CE,1.2198878351504887
27-01-2026 13:45||NIFTY27JAN2623800PE,1.233509265414252
27-01-2026 13:45||NIFTY27JAN2623900PE,1.1483256991915725
27-01-2026 13:45||NIFTY27JAN2624100PE,1.010315130177434
27-01-2026 13:45||NIFTY27JAN2624700PE,0.4840656859286783
27-01-2026 13:45||NIFTY27JAN2625300CE,0.4424991257185314
27-01-2026 13:45||NIFTY27JAN2625600CE,0.723997139988144
27-01-2026 13:45||NIFTY27JAN2625700CE,0.8154826456229956
27-01-2026 13:45||NIFTY27JAN2625800CE,0.8810115258435212
27-01-2026 13:45||NIFTY27JAN2625900CE,0.9446036967314484
27-01-2026 13:45||NIFTY27JAN2626000CE,1.005637683800001
27-01-2026 13:45||NIFTY27JAN2626300CE,1.2526856408767424
27-01-2026 13:45||NIFTY27JAN2626400CE,1.3130550594151338
27-01-2026 13:50||NIFTY27JAN2623900PE,1.1849133267456888
27-01-2026 13:50||NIFTY27JAN2624800PE,0.4211812327792739
27-01-2026 13:50||NIFTY27JAN2625000PE,0.3281872343917874
27-01-2026 13:50||NIFTY27JAN2626200CE,1.1910645328185905
27-01-2026 13:55||NIFTY27JAN2623800PE,1.3142857613236965
27-01-2026 13:55||NIFTY27JAN2624000PE,1.1321411669541386
27-01-2026 13:55||NIFTY27JAN2624100PE,1.055600925761965
27-01-2026 13:55||NIFTY27JAN2624300PE,0.8578202355134488
27-01-2026 13:55||NIFTY27JAN2624400PE,0.7607509341431675
27-01-2026 13:55||NIFTY27JAN2624600PE,0.5765843994945083
27-01-2026 13:55||NIFTY27JAN2624900PE,0.3701814749129627
27-01-2026 13:55||NIFTY27JAN2625400CE,0.526820947495013
27-01-2026 13:55||NIFTY27JAN2625700CE,0.8223110635548987
27-01-2026 14:00||NIFTY27JAN2623800PE,1.3533015712002676
27-01-2026 14:00||NIFTY27JAN2624300PE,0.8778882821929297
27-01-2026 14:00||NIFTY27JAN2624500PE,0.6770499374203522
27-01-2026 14:00||NIFTY27JAN2625000PE,0.3117461527551475
27-01-2026 14:00||NIFTY27JAN2625100PE,0.2284270495157354
27-01-2026 14:05||NIFTY27JAN2624000PE,1.1812822755567614
27-01-2026 14:05||NIFTY27JAN2624800PE,0.4178363286001139
27-01-2026 14:05||NIFTY27JAN2625400CE,0.5634466304171357
27-01-2026 14:05||NIFTY27JAN2625700CE,0.8721953569496501
27-01-2026 14:05||NIFTY27JAN2625800CE,0.9586641443515708
27-01-2026 14:05||NIFTY27JAN2626100CE,1.2391954149852418
27-01-2026 14:05||NIFTY27JAN2626200CE,1.3164643272223475
27-01-2026 14:05||NIFTY27JAN2626400CE,1.4767707761036388
27-01-2026 14:10||NIFTY27JAN2623900PE,1.2921745143381134
27-01-2026 14:10||NIFTY27JAN2624000PE,1.2070572421274537
27-01-2026 14:10||NIFTY27JAN2624600PE,0.5975989278130464
27-01-2026 14:10||NIFTY27JAN2625500CE,0.6858184455567607
27-01-2026 14:10||NIFTY27JAN2626000CE,1.182777556523055
27-01-2026 14:10||NIFTY27JAN2626200CE,1.3514302422604545
27-01-2026 14:15||NIFTY27JAN2624000PE,1.2385213097068817
27-01-2026 14:15||NIFTY27JAN2624400PE,0.8314892779638632
27-01-2026 14:15||NIFTY27JAN2624900PE,0.3516613880909939
27-01-2026 14:15||NIFTY27JAN2625600CE,0.8064186683570277
27-01-2026 14:15||NIFTY27JAN2625800CE,1.0007445012969916
27-01-2026 14:20||NIFTY27JAN2624100PE,1.1737528587934647
27-01-2026 14:20||NIFTY27JAN2625500CE,0.7176239798157725
27-01-2026 14:20||NIFTY27JAN2626000CE,1.2528492040142707
27-01-2026 14:20||NIFTY27JAN2626100CE,1.34866497521049
27-01-2026 14:20||NIFTY27JAN2626500CE,1.5972487328266491
27-01-2026 14:25||NIFTY27JAN2623800PE,1.5189466330838512
27-01-2026 14:25||NIFTY27JAN2623900PE,1.3852525756829828
27-01-2026 14:25||NIFTY27JAN2624000PE,1.3059478928342605
27-01-2026 14:25||NIFTY27JAN2624200PE,1.085483009982198
27-01-2026 14:25||NIFTY27JAN2624300PE,0.9847761962335396
27-01-2026 14:25||NIFTY27JAN2624800PE,0.4042025730684003
27-01-2026 14:25||NIFTY27JAN2624900PE,0.3171435295910171
27-01-2026 14:25||NIFTY27JAN2625000PE,0.2570487610273761
27-01-2026 14:25||NIFTY27JAN2625700CE,0.9598174331467212
27-01-2026 14:30||NIFTY27JAN2624000PE,1.3648237418155225
27-01-2026 14:30||NIFTY27JAN2624200PE,1.151304889913161
27-01-2026 14:30||NIFTY27JAN2624600PE,0.6890314493884914
27-01-2026 14:30||NIFTY27JAN2625100PE,0.1653739493099367
27-01-2026 14:30||NIFTY27JAN2626400CE,1.734571894667878
27-01-2026 14:35||NIFTY27JAN2624000PE,1.4263395006465251
27-01-2026 14:35||NIFTY27JAN2624200PE,1.2275043470601543
27-01-2026 14:35||NIFTY27JAN2624900PE,0.3388136804187878
27-01-2026 14:35||NIFTY27JAN2625000PE,0.2493187323596369
27-01-2026 14:35||NIFTY27JAN2626200CE,1.582151131855159
27-01-2026 14:40||NIFTY27JAN2624000PE,1.506296602825829
27-01-2026 14:40||NIFTY27JAN2624800PE,0.5106628742366294
27-01-2026 14:40||NIFTY27JAN2626200CE,1.5909385603782142
27-01-2026 14:40||NIFTY27JAN2626400CE,1.797904576337387
27-01-2026 14:45||NIFTY27JAN2624000PE,1.5974073585371324
27-01-2026 14:45||NIFTY27JAN2624200PE,1.4240536539964723
27-01-2026 14:45||NIFTY27JAN2624700PE,0.7146475363393235
27-01-2026 14:45||NIFTY27JAN2625400CE,0.5797899441912406
27-01-2026 14:45||NIFTY27JAN2626400CE,1.8341633842935567
27-01-2026 14:45||NIFTY27JAN2626500CE,1.884001544302298
27-01-2026 14:50||NIFTY27JAN2623800PE,1.9467623668151224
27-01-2026 14:50||NIFTY27JAN2624000PE,1.7156820170488871
27-01-2026 14:50||NIFTY27JAN2624200PE,1.5345562501426142
27-01-2026 14:50||NIFTY27JAN2624800PE,0.6032367910355789
27-01-2026 14:50||NIFTY27JAN2625200CE,0.3728915525695083
27-01-2026 14:50||NIFTY27JAN2625900CE,1.2706161971988656
27-01-2026 14:55||NIFTY27JAN2623800PE,2.0709752569338207
27-01-2026 14:55||NIFTY27JAN2624000PE,1.8441112371020096
27-01-2026 14:55||NIFTY27JAN2624800PE,0.657987706392202
27-01-2026 14:55||NIFTY27JAN2625500CE,0.7353874854386132
27-01-2026 14:55||NIFTY27JAN2625800CE,1.1868736146142906
27-01-2026 14:55||NIFTY27JAN2626400CE,1.965798747115628
27-01-2026 15:00||NIFTY27JAN2624100PE,1.8477035958100907
27-01-2026 15:00||NIFTY27JAN2624700PE,0.8773058385029759
27-01-2026 15:00||NIFTY27JAN2625100PE,0.208123408055378
27-01-2026 15:00||NIFTY27JAN2625400CE,0.6014200261775067
27-01-2026 15:05||NIFTY27JAN2624000PE,2.1287287578158764
27-01-2026 15:05||NIFTY27JAN2624100PE,1.9844287683871615
27-01-2026 15:05||NIFTY27JAN2624200PE,1.868687361545432
27-01-2026 15:05||NIFTY27JAN2624500PE,1.310101516434782
27-01-2026 15:05||NIFTY27JAN2626300CE,2.116251271532246
27-01-2026 15:10||NIFTY27JAN2623900PE,2.5946685782995096
27-01-2026 15:10||NIFTY27JAN2624000PE,2.417428173514525
27-01-2026 15:10||NIFTY27JAN2624900PE,0.6240347768842308
27-01-2026 15:10||NIFTY27JAN2625400CE,0.6488208692556976
27-01-2026 15:10||NIFTY27JAN2625600CE,1.0215540730915635
27-01-2026 15:10||NIFTY27JAN2625800CE,1.4201371512418162
27-01-2026 15:10||NIFTY27JAN2626000CE,1.8435861576792172
27-01-2026 15:15||NIFTY27JAN2625000PE,0.5013049272305301
27-01-2026 15:15||NIFTY27JAN2625900CE,1.885524241373003
27-01-2026 15:15||NIFTY27JAN2626000CE,2.11516006326312
27-01-2026 15:15||NIFTY27JAN2626400CE,2.8217402796702022
27-01-2026 15:20||NIFTY27JAN2623800PE,3.466200614043826
27-01-2026 15:20||NIFTY27JAN2623900PE,3.4719762280876525
27-01-2026 15:20||NIFTY27JAN2624900PE,0.83672
27-01-2026 15:20||NIFTY27JAN2625500CE,0.9866192601139516
27-01-2026 15:20||NIFTY27JAN2626000CE,2.380331590317716
27-01-2026 15:20||NIFTY27JAN2626300CE,2.99858375
27-01-2026 15:20||NIFTY27JAN2626400CE,3.2150825000000003
27-01-2026 15:25||NIFTY27JAN2623800PE,4.6198225
27-01-2026 15:25||NIFTY27JAN2624900PE,1.2060675
27-01-2026 15:25||NIFTY27JAN2625100PE,0.714555
27-01-2026 15:25||NIFTY27JAN2626100CE,3.2919825
27-01-2026 15:25||NIFTY27JAN2626300CE,3.87906875
27-01-2026 15:25||NIFTY27JAN2626400CE,4.062082500000001
27-01-2026 15:25||NIFTY27JAN2626500CE,4.3090975
