id,value
07-01-2026 09:15||NIFTY27JAN2624100PE,0.162569375
07-01-2026 09:15||NIFTY27JAN2625500CE,0.11390125
07-01-2026 09:15||NIFTY27JAN2625800CE,0.099121875
07-01-2026 09:20||NIFTY27JAN2624000PE,0.1692234758324202
07-01-2026 09:20||NIFTY27JAN2624200PE,0.1583505943607991
07-01-2026 09:20||NIFTY27JAN2624800PE,0.1272589757957445
07-01-2026 09:20||NIFTY27JAN2625000PE,0.117609796501107
07-01-2026 09:20||NIFTY27JAN2625300CE,0.1045299312729172
07-01-2026 09:20||NIFTY27JAN2625400CE,0.1075126813406787
07-01-2026 09:20||NIFTY27JAN2625800CE,0.0978363768926443
07-01-2026 09:20||NIFTY27JAN2625900CE,0.0953080497139665
07-01-2026 09:25||NIFTY27JAN2624300PE,0.1528836379887832
07-01-2026 09:25||NIFTY27JAN2625100PE,0.1140147857803443
07-01-2026 09:25||NIFTY27JAN2625300CE,0.099716674604504
07-01-2026 09:25||NIFTY27JAN2626500CE,0.1210803645379513
07-01-2026 09:30||NIFTY27JAN2623900PE,0.1706475939543837
07-01-2026 09:30||NIFTY27JAN2624300PE,0.1526927792428812
07-01-2026 09:30||NIFTY27JAN2625900CE,0.0960589680154364
07-01-2026 09:30||NIFTY27JAN2626400CE,0.0974368338904012
07-01-2026 09:35||NIFTY27JAN2623900PE,0.1704786492916566
07-01-2026 09:35||NIFTY27JAN2624600PE,0.1371345816580301
07-01-2026 09:35||NIFTY27JAN2625100PE,0.1135944844660636
07-01-2026 09:35||NIFTY27JAN2625900CE,0.0956597267889006
07-01-2026 09:35||NIFTY27JAN2626100CE,0.0919458610144425
07-01-2026 09:40||NIFTY27JAN2625100PE,0.1132439361521807
07-01-2026 09:40||NIFTY27JAN2625600CE,0.1029868874469451
07-01-2026 09:40||NIFTY27JAN2625800CE,0.0974182265528885
07-01-2026 09:40||NIFTY27JAN2625900CE,0.0939256488663965
07-01-2026 09:40||NIFTY27JAN2626200CE,0.0894694045705392
07-01-2026 09:45||NIFTY27JAN2625000PE,0.1163037778998231
07-01-2026 09:45||NIFTY27JAN2625200CE,0.0994882382107202
07-01-2026 09:45||NIFTY27JAN2625900CE,0.0955443973865813
07-01-2026 09:45||NIFTY27JAN2626400CE,0.0930297460606201
07-01-2026 09:50||NIFTY27JAN2623800PE,0.1559410546120547
07-01-2026 09:50||NIFTY27JAN2624500PE,0.1406030902285973
07-01-2026 09:50||NIFTY27JAN2624900PE,0.1201673870781612
07-01-2026 09:50||NIFTY27JAN2625200CE,0.1151638075651597
07-01-2026 09:50||NIFTY27JAN2625500CE,0.1151854510100351
07-01-2026 09:50||NIFTY27JAN2625600CE,0.1117252842895562
07-01-2026 09:50||NIFTY27JAN2626400CE,0.0954282785456419
07-01-2026 09:55||NIFTY27JAN2624300PE,0.1519747497960599
07-01-2026 09:55||NIFTY27JAN2624700PE,0.1305443434076533
07-01-2026 09:55||NIFTY27JAN2625000PE,0.115234894915578
07-01-2026 09:55||NIFTY27JAN2625500CE,0.1180563964134392
07-01-2026 09:55||NIFTY27JAN2625800CE,0.1039748452188036
07-01-2026 09:55||NIFTY27JAN2625900CE,0.1011322792800306
07-01-2026 10:00||NIFTY27JAN2624600PE,0.136355868178663
07-01-2026 10:00||NIFTY27JAN2625000PE,0.1161432290963611
07-01-2026 10:00||NIFTY27JAN2625900CE,0.1023851826599747
07-01-2026 10:00||NIFTY27JAN2626100CE,0.0978032665825966
07-01-2026 10:00||NIFTY27JAN2626500CE,0.1232774871087088
07-01-2026 10:05||NIFTY27JAN2625200CE,0.0949351831335238
07-01-2026 10:05||NIFTY27JAN2625500CE,0.1078620501646959
07-01-2026 10:05||NIFTY27JAN2626300CE,0.0933446543303201
07-01-2026 10:10||NIFTY27JAN2623800PE,0.1598521912131352
07-01-2026 10:10||NIFTY27JAN2623900PE,0.1709513975790541
07-01-2026 10:10||NIFTY27JAN2624200PE,0.1604272948841622
07-01-2026 10:10||NIFTY27JAN2625500CE,0.1034183528003859
07-01-2026 10:10||NIFTY27JAN2625600CE,0.1043538617712023
07-01-2026 10:10||NIFTY27JAN2625700CE,0.1050365614123437
07-01-2026 10:10||NIFTY27JAN2625900CE,0.0986095654426752
07-01-2026 10:10||NIFTY27JAN2626000CE,0.0962716504747332
07-01-2026 10:15||NIFTY27JAN2623900PE,0.1716488667648841
07-01-2026 10:15||NIFTY27JAN2625700CE,0.1016324955515468
07-01-2026 10:15||NIFTY27JAN2626100CE,0.0920682088007064
07-01-2026 10:15||NIFTY27JAN2626200CE,0.090597102773715
07-01-2026 10:15||NIFTY27JAN2626500CE,0.1210088877992027
07-01-2026 10:20||NIFTY27JAN2624000PE,0.1710416552443855
07-01-2026 10:20||NIFTY27JAN2624200PE,0.1599010502960395
07-01-2026 10:20||NIFTY27JAN2624300PE,0.1546261997931912
07-01-2026 10:20||NIFTY27JAN2624500PE,0.1444056395712546
07-01-2026 10:20||NIFTY27JAN2625500CE,0.1054259199391182
07-01-2026 10:20||NIFTY27JAN2625700CE,0.1011024079792651
07-01-2026 10:20||NIFTY27JAN2626100CE,0.0910525407523546
07-01-2026 10:25||NIFTY27JAN2624000PE,0.170104932128425
07-01-2026 10:25||NIFTY27JAN2624100PE,0.1643985591532518
07-01-2026 10:25||NIFTY27JAN2625600CE,0.1047910093943991
07-01-2026 10:25||NIFTY27JAN2625700CE,0.1021729049534289
07-01-2026 10:25||NIFTY27JAN2626100CE,0.0915163516924387
07-01-2026 10:30||NIFTY27JAN2624200PE,0.1585605446506102
07-01-2026 10:30||NIFTY27JAN2625100PE,0.1127718093056888
07-01-2026 10:30||NIFTY27JAN2625500CE,0.1102050476097546
07-01-2026 10:30||NIFTY27JAN2625600CE,0.1064727351882088
07-01-2026 10:30||NIFTY27JAN2626000CE,0.0947591543553604
07-01-2026 10:30||NIFTY27JAN2626200CE,0.090019486785819
07-01-2026 10:30||NIFTY27JAN2626300CE,0.0881461163310987
07-01-2026 10:35||NIFTY27JAN2623800PE,0.1561136825715618
07-01-2026 10:35||NIFTY27JAN2624200PE,0.158691214266941
07-01-2026 10:35||NIFTY27JAN2624500PE,0.1423336338780289
07-01-2026 10:35||NIFTY27JAN2625000PE,0.1164576780526703
07-01-2026 10:35||NIFTY27JAN2625400CE,0.1185670925803786
07-01-2026 10:35||NIFTY27JAN2625500CE,0.1115824079488324
07-01-2026 10:35||NIFTY27JAN2626100CE,0.0928278419926091
07-01-2026 10:35||NIFTY27JAN2626300CE,0.0885496721838884
07-01-2026 10:40||NIFTY27JAN2623900PE,0.1695552871730833
07-01-2026 10:40||NIFTY27JAN2624900PE,0.1215099626910134
07-01-2026 10:40||NIFTY27JAN2625100PE,0.1128005218301847
07-01-2026 10:40||NIFTY27JAN2625200CE,0.1289354810099049
07-01-2026 10:40||NIFTY27JAN2625400CE,0.1172867480853765
07-01-2026 10:40||NIFTY27JAN2625600CE,0.1074096799169309
07-01-2026 10:40||NIFTY27JAN2625800CE,0.1009208951556266
07-01-2026 10:40||NIFTY27JAN2626100CE,0.0926574325784353
07-01-2026 10:40||NIFTY27JAN2626300CE,0.0886672369308358
07-01-2026 10:45||NIFTY27JAN2624000PE,0.1703639883794274
07-01-2026 10:45||NIFTY27JAN2625100PE,0.1128254476360356
07-01-2026 10:45||NIFTY27JAN2625300CE,0.1236908662482398
07-01-2026 10:45||NIFTY27JAN2626000CE,0.0963073566896342
07-01-2026 10:45||NIFTY27JAN2626400CE,0.0941330564225147
07-01-2026 10:50||NIFTY27JAN2623900PE,0.1700979792302512
07-01-2026 10:50||NIFTY27JAN2624200PE,0.1594654734500721
07-01-2026 10:50||NIFTY27JAN2625600CE,0.1075379507908868
07-01-2026 10:50||NIFTY27JAN2625800CE,0.1003857132672098
07-01-2026 10:55||NIFTY27JAN2624300PE,0.154256972561667
07-01-2026 10:55||NIFTY27JAN2624900PE,0.122505499486461
07-01-2026 10:55||NIFTY27JAN2625500CE,0.1138902314253773
07-01-2026 11:00||NIFTY27JAN2624200PE,0.16032261083029
07-01-2026 11:00||NIFTY27JAN2626500CE,0.1213036022344973
07-01-2026 11:05||NIFTY27JAN2624300PE,0.1547242451727926
07-01-2026 11:05||NIFTY27JAN2624600PE,0.1390366558555821
07-01-2026 11:05||NIFTY27JAN2624800PE,0.1281577306982738
07-01-2026 11:05||NIFTY27JAN2625200CE,0.1281437209484705
07-01-2026 11:05||NIFTY27JAN2626000CE,0.0966044881119098
07-01-2026 11:05||NIFTY27JAN2626200CE,0.091566578262359
07-01-2026 11:10||NIFTY27JAN2624400PE,0.1490789167411835
07-01-2026 11:10||NIFTY27JAN2624800PE,0.1276392828117617
07-01-2026 11:10||NIFTY27JAN2625200CE,0.1340840302892062
07-01-2026 11:10||NIFTY27JAN2625500CE,0.1108741865975886
07-01-2026 11:10||NIFTY27JAN2625700CE,0.1023628491232709
07-01-2026 11:10||NIFTY27JAN2625900CE,0.097238248616252
07-01-2026 11:10||NIFTY27JAN2626300CE,0.0880827014714569
07-01-2026 11:15||NIFTY27JAN2624000PE,0.1710934342185792
07-01-2026 11:15||NIFTY27JAN2624800PE,0.1269776316749967
07-01-2026 11:15||NIFTY27JAN2625400CE,0.1193131328240384
07-01-2026 11:15||NIFTY27JAN2626100CE,0.0925909461669805
07-01-2026 11:15||NIFTY27JAN2626300CE,0.088125165694467
07-01-2026 11:20||NIFTY27JAN2623800PE,0.1554055813958513
07-01-2026 11:20||NIFTY27JAN2624200PE,0.159104160707046
07-01-2026 11:20||NIFTY27JAN2624900PE,0.1212244270674788
07-01-2026 11:20||NIFTY27JAN2625300CE,0.1318967981561325
07-01-2026 11:20||NIFTY27JAN2625700CE,0.1025678519237349
07-01-2026 11:20||NIFTY27JAN2626000CE,0.0963120724659099
07-01-2026 11:25||NIFTY27JAN2623800PE,0.1553944879766141
07-01-2026 11:25||NIFTY27JAN2624400PE,0.1476194265757664
07-01-2026 11:25||NIFTY27JAN2624800PE,0.1263061677080592
07-01-2026 11:25||NIFTY27JAN2625300CE,0.1325972990321338
07-01-2026 11:25||NIFTY27JAN2625700CE,0.1046977925165087
07-01-2026 11:25||NIFTY27JAN2625800CE,0.1016180647294183
07-01-2026 11:25||NIFTY27JAN2625900CE,0.0997918702960469
07-01-2026 11:25||NIFTY27JAN2626000CE,0.0979715108117172
07-01-2026 11:25||NIFTY27JAN2626200CE,0.0921924087069772
07-01-2026 11:30||NIFTY27JAN2624300PE,0.1530120369475704
07-01-2026 11:30||NIFTY27JAN2624400PE,0.1476795916750712
07-01-2026 11:35||NIFTY27JAN2624900PE,0.1215073894194404
07-01-2026 11:35||NIFTY27JAN2626300CE,0.0898462602309668
07-01-2026 11:40||NIFTY27JAN2624000PE,0.1706049362102885
07-01-2026 11:40||NIFTY27JAN2624500PE,0.1427300245248172
07-01-2026 11:40||NIFTY27JAN2625200CE,0.141605598070857
07-01-2026 11:40||NIFTY27JAN2625900CE,0.0986550321979894
07-01-2026 11:45||NIFTY27JAN2624000PE,0.1698306896823389
07-01-2026 11:45||NIFTY27JAN2625000PE,0.1157019748137597
07-01-2026 11:45||NIFTY27JAN2625500CE,0.1162894066647185
07-01-2026 11:45||NIFTY27JAN2625600CE,0.1113275511913703
07-01-2026 11:45||NIFTY27JAN2626400CE,0.0935067776634992
07-01-2026 11:50||NIFTY27JAN2624000PE,0.1694497328140706
07-01-2026 11:50||NIFTY27JAN2624600PE,0.1363714545066253
07-01-2026 11:50||NIFTY27JAN2625700CE,0.1046213012821628
07-01-2026 11:50||NIFTY27JAN2626400CE,0.092989010660229
07-01-2026 11:55||NIFTY27JAN2623900PE,0.1686127991002469
07-01-2026 11:55||NIFTY27JAN2625200CE,0.154301838078379
07-01-2026 11:55||NIFTY27JAN2625400CE,0.1226829164189077
07-01-2026 11:55||NIFTY27JAN2626100CE,0.0919856024208326
07-01-2026 11:55||NIFTY27JAN2626300CE,0.0882153980207881
07-01-2026 12:00||NIFTY27JAN2624300PE,0.1510445629147969
07-01-2026 12:00||NIFTY27JAN2624500PE,0.1407098674961125
07-01-2026 12:00||NIFTY27JAN2625500CE,0.1155198366032795
07-01-2026 12:00||NIFTY27JAN2625600CE,0.1100962022550185
07-01-2026 12:00||NIFTY27JAN2626400CE,0.0939594289476671
07-01-2026 12:05||NIFTY27JAN2624200PE,0.1560606012248432
07-01-2026 12:05||NIFTY27JAN2624300PE,0.1503866938158018
07-01-2026 12:05||NIFTY27JAN2625300CE,0.1443215744611222
07-01-2026 12:05||NIFTY27JAN2625900CE,0.0998416215692752
07-01-2026 12:05||NIFTY27JAN2626000CE,0.0969699948054427
07-01-2026 12:05||NIFTY27JAN2626300CE,0.0908317749885469
07-01-2026 12:05||NIFTY27JAN2626400CE,0.0971896246493758
07-01-2026 12:10||NIFTY27JAN2624000PE,0.1682381642521347
07-01-2026 12:10||NIFTY27JAN2625200CE,0.1666986108940195
07-01-2026 12:10||NIFTY27JAN2625600CE,0.114079673428512
07-01-2026 12:10||NIFTY27JAN2626500CE,0.1208543753878739
07-01-2026 12:15||NIFTY27JAN2624300PE,0.1506053571787677
07-01-2026 12:15||NIFTY27JAN2625000PE,0.1161730269360789
07-01-2026 12:15||NIFTY27JAN2625100PE,0.1124375342025927
07-01-2026 12:15||NIFTY27JAN2625300CE,0.1454380558821817
07-01-2026 12:15||NIFTY27JAN2625500CE,0.1209528707708231
07-01-2026 12:15||NIFTY27JAN2625600CE,0.1143964517580973
07-01-2026 12:20||NIFTY27JAN2624000PE,0.1680688155673403
07-01-2026 12:20||NIFTY27JAN2624400PE,0.1450110246495672
07-01-2026 12:20||NIFTY27JAN2625100PE,0.112356452084599
07-01-2026 12:20||NIFTY27JAN2626100CE,0.0950185002619248
07-01-2026 12:25||NIFTY27JAN2624400PE,0.145007758302009
07-01-2026 12:25||NIFTY27JAN2624600PE,0.1338234701744567
07-01-2026 12:25||NIFTY27JAN2624700PE,0.1292567889595252
07-01-2026 12:25||NIFTY27JAN2625300CE,0.1367890622450779
07-01-2026 12:25||NIFTY27JAN2626300CE,0.0907612067002205
07-01-2026 12:30||NIFTY27JAN2623800PE,0.1577120663407165
07-01-2026 12:30||NIFTY27JAN2624000PE,0.1674151376371039
07-01-2026 12:30||NIFTY27JAN2624100PE,0.1619614651258781
07-01-2026 12:30||NIFTY27JAN2624500PE,0.1393194822796264
07-01-2026 12:30||NIFTY27JAN2624600PE,0.1339993871387734
07-01-2026 12:30||NIFTY27JAN2625200CE,0.1407444908240815
07-01-2026 12:30||NIFTY27JAN2626300CE,0.0910331016984094
07-01-2026 12:35||NIFTY27JAN2625100PE,0.1117396546037375
07-01-2026 12:35||NIFTY27JAN2625300CE,0.1255516171531052
07-01-2026 12:35||NIFTY27JAN2625400CE,0.1190873947542726
07-01-2026 12:35||NIFTY27JAN2626300CE,0.0905823818223763
07-01-2026 12:35||NIFTY27JAN2626500CE,0.119845791865023
07-01-2026 12:40||NIFTY27JAN2625100PE,0.1116731520146628
07-01-2026 12:40||NIFTY27JAN2625700CE,0.1041520125875721
07-01-2026 12:45||NIFTY27JAN2623800PE,0.1541424107392692
07-01-2026 12:45||NIFTY27JAN2624000PE,0.1670426011827965
07-01-2026 12:45||NIFTY27JAN2624900PE,0.1187677667338433
07-01-2026 12:45||NIFTY27JAN2625000PE,0.1143797959824635
07-01-2026 12:45||NIFTY27JAN2625800CE,0.1008788597424091
07-01-2026 12:45||NIFTY27JAN2626400CE,0.0935462618571865
07-01-2026 12:50||NIFTY27JAN2624400PE,0.1447963099172975
07-01-2026 12:50||NIFTY27JAN2624700PE,0.1286963054362666
07-01-2026 12:50||NIFTY27JAN2625100PE,0.1108675571758362
07-01-2026 12:50||NIFTY27JAN2626300CE,0.0899763123226579
07-01-2026 12:55||NIFTY27JAN2623800PE,0.1533491030278646
07-01-2026 12:55||NIFTY27JAN2623900PE,0.1661848554458298
07-01-2026 12:55||NIFTY27JAN2625100PE,0.1106267808996899
07-01-2026 12:55||NIFTY27JAN2625200CE,0.1330688601642421
07-01-2026 12:55||NIFTY27JAN2625300CE,0.1270906299380038
07-01-2026 13:00||NIFTY27JAN2624000PE,0.1673985245590432
07-01-2026 13:00||NIFTY27JAN2624400PE,0.1452793560912489
07-01-2026 13:00||NIFTY27JAN2624600PE,0.1340521897303178
07-01-2026 13:00||NIFTY27JAN2625300CE,0.1251074978383493
07-01-2026 13:00||NIFTY27JAN2625800CE,0.1039882784394246
07-01-2026 13:05||NIFTY27JAN2623900PE,0.16723494141553
07-01-2026 13:05||NIFTY27JAN2624700PE,0.1289990469859755
07-01-2026 13:05||NIFTY27JAN2625200CE,0.131063880934846
07-01-2026 13:05||NIFTY27JAN2625400CE,0.1186931970954215
07-01-2026 13:05||NIFTY27JAN2626100CE,0.0934853923175099
07-01-2026 13:10||NIFTY27JAN2624400PE,0.1453462534263199
07-01-2026 13:10||NIFTY27JAN2624700PE,0.1290685912123835
07-01-2026 13:10||NIFTY27JAN2625400CE,0.1177704929908728
07-01-2026 13:10||NIFTY27JAN2625900CE,0.0984978066161218
07-01-2026 13:10||NIFTY27JAN2626400CE,0.0929960494533248
07-01-2026 13:15||NIFTY27JAN2624600PE,0.1339657884304892
07-01-2026 13:15||NIFTY27JAN2625400CE,0.1184125158757883
07-01-2026 13:15||NIFTY27JAN2625500CE,0.1141128461891173
07-01-2026 13:15||NIFTY27JAN2625700CE,0.104336828741957
07-01-2026 13:15||NIFTY27JAN2625800CE,0.1004351321024488
07-01-2026 13:15||NIFTY27JAN2626400CE,0.0942845473017749
07-01-2026 13:20||NIFTY27JAN2624000PE,0.1669757739070597
07-01-2026 13:20||NIFTY27JAN2624500PE,0.1386852565093811
07-01-2026 13:20||NIFTY27JAN2624800PE,0.1219114367936292
07-01-2026 13:20||NIFTY27JAN2624900PE,0.1169328461311547
07-01-2026 13:20||NIFTY27JAN2625000PE,0.1129418396155317
07-01-2026 13:20||NIFTY27JAN2626300CE,0.0963752756321266
07-01-2026 13:25||NIFTY27JAN2624200PE,0.1550888780631974
07-01-2026 13:25||NIFTY27JAN2624600PE,0.1320801695657305
07-01-2026 13:25||NIFTY27JAN2624700PE,0.1267593099221563
07-01-2026 13:25||NIFTY27JAN2625100PE,0.1093559727951362
07-01-2026 13:25||NIFTY27JAN2626300CE,0.1029240300693436
07-01-2026 13:25||NIFTY27JAN2626400CE,0.1127723826182039
07-01-2026 13:25||NIFTY27JAN2626500CE,0.129180311829161
07-01-2026 13:30||NIFTY27JAN2624000PE,0.1657189296072211
07-01-2026 13:30||NIFTY27JAN2624400PE,0.1433239681307591
07-01-2026 13:30||NIFTY27JAN2624600PE,0.1321114790287027
07-01-2026 13:30||NIFTY27JAN2624900PE,0.117103938817449
07-01-2026 13:30||NIFTY27JAN2625300CE,0.1359632709779057
07-01-2026 13:30||NIFTY27JAN2625700CE,0.1075011754648701
07-01-2026 13:30||NIFTY27JAN2625800CE,0.1031963804717835
07-01-2026 13:30||NIFTY27JAN2626500CE,0.1278312226426475
07-01-2026 13:35||NIFTY27JAN2623900PE,0.1663226397877811
07-01-2026 13:35||NIFTY27JAN2624200PE,0.1538887190893772
07-01-2026 13:35||NIFTY27JAN2624300PE,0.1483599176586017
07-01-2026 13:35||NIFTY27JAN2625100PE,0.1084215646205634
07-01-2026 13:35||NIFTY27JAN2625200CE,0.1387716615534862
07-01-2026 13:35||NIFTY27JAN2625300CE,0.1357115569346048
07-01-2026 13:40||NIFTY27JAN2624300PE,0.1485088448666752
07-01-2026 13:40||NIFTY27JAN2625000PE,0.1122848614063027
07-01-2026 13:40||NIFTY27JAN2625700CE,0.1102710008740701
07-01-2026 13:40||NIFTY27JAN2626100CE,0.0952371483971503
07-01-2026 13:45||NIFTY27JAN2623900PE,0.1649363083224384
07-01-2026 13:45||NIFTY27JAN2624200PE,0.1544017422915036
07-01-2026 13:45||NIFTY27JAN2624600PE,0.1327192576813789
07-01-2026 13:45||NIFTY27JAN2625200CE,0.1348813010800421
07-01-2026 13:45||NIFTY27JAN2625400CE,0.1285716050924388
07-01-2026 13:50||NIFTY27JAN2623800PE,0.1516691766361723
07-01-2026 13:50||NIFTY27JAN2623900PE,0.1644166782740874
07-01-2026 13:50||NIFTY27JAN2624100PE,0.160180788378983
07-01-2026 13:55||NIFTY27JAN2624400PE,0.1439070657178045
07-01-2026 13:55||NIFTY27JAN2625100PE,0.1088506296660267
07-01-2026 13:55||NIFTY27JAN2625300CE,0.1290226700917013
07-01-2026 13:55||NIFTY27JAN2625800CE,0.1042169476249044
07-01-2026 13:55||NIFTY27JAN2626400CE,0.0939938580773362
07-01-2026 14:00||NIFTY27JAN2623800PE,0.151577487078526
07-01-2026 14:00||NIFTY27JAN2623900PE,0.164506400482132
07-01-2026 14:00||NIFTY27JAN2625400CE,0.1214167014241254
07-01-2026 14:00||NIFTY27JAN2625500CE,0.1167998100292988
07-01-2026 14:00||NIFTY27JAN2625900CE,0.1006850328910226
07-01-2026 14:00||NIFTY27JAN2626200CE,0.0921927859528518
07-01-2026 14:05||NIFTY27JAN2624000PE,0.1659782796505776
07-01-2026 14:05||NIFTY27JAN2624200PE,0.155347188791475
07-01-2026 14:05||NIFTY27JAN2624400PE,0.1444019769328982
07-01-2026 14:05||NIFTY27JAN2625900CE,0.0989635926125167
07-01-2026 14:05||NIFTY27JAN2626000CE,0.0957557536211843
07-01-2026 14:05||NIFTY27JAN2626300CE,0.088821019385193
07-01-2026 14:10||NIFTY27JAN2623800PE,0.1523057331103516
07-01-2026 14:10||NIFTY27JAN2624000PE,0.1663625246227222
07-01-2026 14:10||NIFTY27JAN2624700PE,0.128996277308597
07-01-2026 14:10||NIFTY27JAN2626100CE,0.0916037999647655
07-01-2026 14:10||NIFTY27JAN2626200CE,0.089420474666576
07-01-2026 14:10||NIFTY27JAN2626400CE,0.0921893435550217
07-01-2026 14:15||NIFTY27JAN2625200CE,0.1201271253849182
07-01-2026 14:15||NIFTY27JAN2625600CE,0.108442047846207
07-01-2026 14:15||NIFTY27JAN2625900CE,0.0966788844243203
07-01-2026 14:15||NIFTY27JAN2626200CE,0.0891544767549192
07-01-2026 14:20||NIFTY27JAN2623800PE,0.1519893615658445
07-01-2026 14:20||NIFTY27JAN2624500PE,0.1391670679726985
07-01-2026 14:20||NIFTY27JAN2625400CE,0.1163728186015967
07-01-2026 14:20||NIFTY27JAN2625700CE,0.1040186275851376
07-01-2026 14:20||NIFTY27JAN2626300CE,0.0878214652566566
07-01-2026 14:25||NIFTY27JAN2623900PE,0.1656367537593686
07-01-2026 14:25||NIFTY27JAN2625400CE,0.1165358774930295
07-01-2026 14:25||NIFTY27JAN2625700CE,0.1042058554723992
07-01-2026 14:25||NIFTY27JAN2625900CE,0.0968050113067123
07-01-2026 14:25||NIFTY27JAN2626300CE,0.0885042046751953
07-01-2026 14:30||NIFTY27JAN2624800PE,0.1232070710827093
07-01-2026 14:30||NIFTY27JAN2625100PE,0.1091494808672894
07-01-2026 14:30||NIFTY27JAN2625300CE,0.1205622113402526
07-01-2026 14:30||NIFTY27JAN2626300CE,0.0916952076151082
07-01-2026 14:35||NIFTY27JAN2624000PE,0.1662564499568068
07-01-2026 14:35||NIFTY27JAN2624100PE,0.1613767947901664
07-01-2026 14:35||NIFTY27JAN2624400PE,0.1451806399209187
07-01-2026 14:35||NIFTY27JAN2624700PE,0.1285988105207868
07-01-2026 14:35||NIFTY27JAN2625000PE,0.1134788379345364
07-01-2026 14:35||NIFTY27JAN2626400CE,0.1048524602203551
07-01-2026 14:35||NIFTY27JAN2626500CE,0.1229426021995276
07-01-2026 14:40||NIFTY27JAN2623800PE,0.1552530355278387
07-01-2026 14:40||NIFTY27JAN2624100PE,0.1616497080720647
07-01-2026 14:40||NIFTY27JAN2625100PE,0.10967733602391
07-01-2026 14:40||NIFTY27JAN2625400CE,0.120041409225991
07-01-2026 14:40||NIFTY27JAN2626200CE,0.0914791608490252
07-01-2026 14:45||NIFTY27JAN2623800PE,0.1550870593762432
07-01-2026 14:45||NIFTY27JAN2624000PE,0.1672761745571627
07-01-2026 14:45||NIFTY27JAN2624200PE,0.1568238789741894
07-01-2026 14:45||NIFTY27JAN2624500PE,0.1399885440673302
07-01-2026 14:45||NIFTY27JAN2624900PE,0.1184145473448268
07-01-2026 14:50||NIFTY27JAN2623900PE,0.167468356652868
07-01-2026 14:50||NIFTY27JAN2624900PE,0.1185651430190767
07-01-2026 14:50||NIFTY27JAN2625600CE,0.1106275389976802
07-01-2026 14:50||NIFTY27JAN2626400CE,0.1042488992524577
07-01-2026 14:50||NIFTY27JAN2626500CE,0.1223314747321054
07-01-2026 14:55||NIFTY27JAN2624100PE,0.1632975445258507
07-01-2026 14:55||NIFTY27JAN2624300PE,0.1519390674691275
07-01-2026 14:55||NIFTY27JAN2624600PE,0.1350922601576565
07-01-2026 14:55||NIFTY27JAN2625900CE,0.0983563641055204
07-01-2026 14:55||NIFTY27JAN2626300CE,0.0919979899364247
07-01-2026 15:00||NIFTY27JAN2623900PE,0.1677513121936296
07-01-2026 15:00||NIFTY27JAN2625100PE,0.1107368378854542
07-01-2026 15:00||NIFTY27JAN2625700CE,0.1022618879883629
07-01-2026 15:00||NIFTY27JAN2626000CE,0.0934389829868958
07-01-2026 15:00||NIFTY27JAN2626400CE,0.0935654329335218
07-01-2026 15:05||NIFTY27JAN2624200PE,0.158513292864603
07-01-2026 15:05||NIFTY27JAN2624500PE,0.1413584674667347
07-01-2026 15:05||NIFTY27JAN2625400CE,0.1121657461829715
07-01-2026 15:05||NIFTY27JAN2626000CE,0.0924143451384614
07-01-2026 15:05||NIFTY27JAN2626400CE,0.0944448167544645
07-01-2026 15:10||NIFTY27JAN2623800PE,0.158461259249025
07-01-2026 15:10||NIFTY27JAN2624000PE,0.1696356497100861
07-01-2026 15:10||NIFTY27JAN2624400PE,0.1468836356792828
07-01-2026 15:10||NIFTY27JAN2624500PE,0.1416006808009041
07-01-2026 15:10||NIFTY27JAN2626500CE,0.11716066337271
07-01-2026 15:15||NIFTY27JAN2624200PE,0.1590957398713277
07-01-2026 15:15||NIFTY27JAN2624900PE,0.1211597384248167
07-01-2026 15:15||NIFTY27JAN2625100PE,0.1118394888054473
07-01-2026 15:15||NIFTY27JAN2625600CE,0.1002918487916778
07-01-2026 15:20||NIFTY27JAN2624100PE,0.1651001476995098
07-01-2026 15:20||NIFTY27JAN2625900CE,0.0908830361719108
07-01-2026 15:20||NIFTY27JAN2626300CE,0.0891921352758094
07-01-2026 15:25||NIFTY27JAN2624700PE,0.1307118166057924
07-01-2026 15:25||NIFTY27JAN2625500CE,0.1053214496929729
07-01-2026 15:25||NIFTY27JAN2626100CE,0.0890573645561777
07-01-2026 15:25||NIFTY27JAN2626400CE,0.1050108267208407
07-01-2026 15:25||NIFTY27JAN2626500CE,0.1253734687360999
08-01-2026 09:15||NIFTY27JAN2624100PE,0.164899069700198
08-01-2026 09:15||NIFTY27JAN2624300PE,0.1530423479127724
08-01-2026 09:15||NIFTY27JAN2625100PE,0.1110622073489806
08-01-2026 09:15||NIFTY27JAN2625300CE,0.1079012899595915
08-01-2026 09:15||NIFTY27JAN2626300CE,0.0930323734432895
08-01-2026 09:20||NIFTY27JAN2623800PE,0.1610667702454861
08-01-2026 09:20||NIFTY27JAN2624100PE,0.1638462727826881
08-01-2026 09:20||NIFTY27JAN2624800PE,0.1239066950055858
08-01-2026 09:20||NIFTY27JAN2624900PE,0.1190049530904555
08-01-2026 09:20||NIFTY27JAN2625300CE,0.1048999151340954
08-01-2026 09:20||NIFTY27JAN2625900CE,0.0893605696941667
08-01-2026 09:20||NIFTY27JAN2626000CE,0.0878208365295149
08-01-2026 09:20||NIFTY27JAN2626400CE,0.1038433494478078
08-01-2026 09:20||NIFTY27JAN2626500CE,0.1246500538585523
08-01-2026 09:25||NIFTY27JAN2623900PE,0.1697300159287457
08-01-2026 09:25||NIFTY27JAN2624100PE,0.162638983697909
08-01-2026 09:25||NIFTY27JAN2624200PE,0.1568931982207185
08-01-2026 09:25||NIFTY27JAN2625300CE,0.1089572071203316
08-01-2026 09:25||NIFTY27JAN2626200CE,0.0851384816328404
08-01-2026 09:25||NIFTY27JAN2626400CE,0.0979221814281042
08-01-2026 09:30||NIFTY27JAN2624100PE,0.1620227309590127
08-01-2026 09:30||NIFTY27JAN2624700PE,0.1264352170137224
08-01-2026 09:30||NIFTY27JAN2624800PE,0.1208463977069208
08-01-2026 09:30||NIFTY27JAN2624900PE,0.1164456312750714
08-01-2026 09:30||NIFTY27JAN2625000PE,0.1124102357515513
08-01-2026 09:30||NIFTY27JAN2626200CE,0.0860661069580099
08-01-2026 09:30||NIFTY27JAN2626300CE,0.086956408993597
08-01-2026 09:35||NIFTY27JAN2623900PE,0.1689999120586585
08-01-2026 09:35||NIFTY27JAN2624100PE,0.1625810979102064
08-01-2026 09:35||NIFTY27JAN2624400PE,0.1451288495895731
08-01-2026 09:35||NIFTY27JAN2625300CE,0.1120252269927425
08-01-2026 09:35||NIFTY27JAN2625400CE,0.1070600971455267
08-01-2026 09:35||NIFTY27JAN2626100CE,0.0892419736848651
08-01-2026 09:35||NIFTY27JAN2626200CE,0.0872680612028248
08-01-2026 09:35||NIFTY27JAN2626500CE,0.1195397409960478
08-01-2026 09:40||NIFTY27JAN2623800PE,0.1599748269340026
08-01-2026 09:40||NIFTY27JAN2624800PE,0.1222061558286042
08-01-2026 09:40||NIFTY27JAN2624900PE,0.117000214405066
08-01-2026 09:40||NIFTY27JAN2625000PE,0.1127884962512366
08-01-2026 09:40||NIFTY27JAN2625200CE,0.1174678482105359
08-01-2026 09:40||NIFTY27JAN2625700CE,0.0995986134987845
08-01-2026 09:40||NIFTY27JAN2626200CE,0.087546172974586
08-01-2026 09:40||NIFTY27JAN2626400CE,0.0980665032504428
08-01-2026 09:45||NIFTY27JAN2624200PE,0.1581516524599999
08-01-2026 09:45||NIFTY27JAN2624600PE,0.1348271764900749
08-01-2026 09:45||NIFTY27JAN2625400CE,0.1078910841345299
08-01-2026 09:45||NIFTY27JAN2625900CE,0.0948088269310528
08-01-2026 09:45||NIFTY27JAN2626500CE,0.1201677590122403
08-01-2026 09:50||NIFTY27JAN2624400PE,0.1463432289254667
08-01-2026 09:50||NIFTY27JAN2625100PE,0.1117601775639051
08-01-2026 09:50||NIFTY27JAN2625500CE,0.1086554555127581
08-01-2026 09:50||NIFTY27JAN2625600CE,0.1044766681314957
08-01-2026 09:50||NIFTY27JAN2626400CE,0.0954698799288332
08-01-2026 09:55||NIFTY27JAN2624200PE,0.1586719116852646
08-01-2026 09:55||NIFTY27JAN2624600PE,0.1353556837783603
08-01-2026 09:55||NIFTY27JAN2625000PE,0.1164609370269808
08-01-2026 09:55||NIFTY27JAN2625100PE,0.1125172920077243
08-01-2026 09:55||NIFTY27JAN2625300CE,0.1180531604928035
08-01-2026 09:55||NIFTY27JAN2626000CE,0.0911529167987331
08-01-2026 09:55||NIFTY27JAN2626200CE,0.0880741659561216
08-01-2026 10:00||NIFTY27JAN2624600PE,0.135465124975316
08-01-2026 10:00||NIFTY27JAN2625900CE,0.090283565876463
08-01-2026 10:00||NIFTY27JAN2626100CE,0.0870891891679831
08-01-2026 10:00||NIFTY27JAN2626200CE,0.0859828965772197
08-01-2026 10:05||NIFTY27JAN2624800PE,0.1243344387943334
08-01-2026 10:05||NIFTY27JAN2625500CE,0.1044021053247989
08-01-2026 10:05||NIFTY27JAN2625800CE,0.0928592008592994
08-01-2026 10:05||NIFTY27JAN2626000CE,0.0890802844092614
08-01-2026 10:05||NIFTY27JAN2626500CE,0.1197080273891219
08-01-2026 10:10||NIFTY27JAN2624100PE,0.1635489628561731
08-01-2026 10:10||NIFTY27JAN2625000PE,0.11520219606739
08-01-2026 10:10||NIFTY27JAN2625100PE,0.111389084918802
08-01-2026 10:10||NIFTY27JAN2625200CE,0.1319106612892895
08-01-2026 10:10||NIFTY27JAN2625600CE,0.1015738172793112
08-01-2026 10:10||NIFTY27JAN2625800CE,0.0942667419760973
08-01-2026 10:10||NIFTY27JAN2626400CE,0.0969140274216713
08-01-2026 10:15||NIFTY27JAN2625100PE,0.1109399665012635
08-01-2026 10:15||NIFTY27JAN2625700CE,0.0981080578316982
08-01-2026 10:15||NIFTY27JAN2625800CE,0.0946975550243343
08-01-2026 10:15||NIFTY27JAN2626500CE,0.1205821263926162
08-01-2026 10:20||NIFTY27JAN2625200CE,0.1244416368413235
08-01-2026 10:20||NIFTY27JAN2626400CE,0.0986901069586031
08-01-2026 10:25||NIFTY27JAN2623900PE,0.1682725574321471
08-01-2026 10:25||NIFTY27JAN2624000PE,0.1673033673853632
08-01-2026 10:25||NIFTY27JAN2624400PE,0.1445858964464458
08-01-2026 10:25||NIFTY27JAN2624800PE,0.1232438620314561
08-01-2026 10:25||NIFTY27JAN2625000PE,0.1143117973810425
08-01-2026 10:25||NIFTY27JAN2625100PE,0.1101894741009263
08-01-2026 10:25||NIFTY27JAN2625200CE,0.1262417137719981
08-01-2026 10:25||NIFTY27JAN2625500CE,0.1093409407736536
08-01-2026 10:25||NIFTY27JAN2625600CE,0.1047752228075458
08-01-2026 10:25||NIFTY27JAN2625700CE,0.1012645279847817
08-01-2026 10:25||NIFTY27JAN2626100CE,0.0915681739024098
08-01-2026 10:25||NIFTY27JAN2626500CE,0.1288410368822878
08-01-2026 10:30||NIFTY27JAN2623800PE,0.1642271077852088
08-01-2026 10:30||NIFTY27JAN2624000PE,0.1674123914480577
08-01-2026 10:30||NIFTY27JAN2624400PE,0.1443642447004367
08-01-2026 10:30||NIFTY27JAN2624500PE,0.13906419920548
08-01-2026 10:30||NIFTY27JAN2626000CE,0.09302811256706
08-01-2026 10:30||NIFTY27JAN2626400CE,0.1101682511906618
08-01-2026 10:30||NIFTY27JAN2626500CE,0.1347608391100158
08-01-2026 10:35||NIFTY27JAN2624000PE,0.16759439627107
08-01-2026 10:35||NIFTY27JAN2624200PE,0.1564056598866394
08-01-2026 10:35||NIFTY27JAN2625800CE,0.0974037861108022
08-01-2026 10:35||NIFTY27JAN2626300CE,0.0930539753382297
08-01-2026 10:35||NIFTY27JAN2626500CE,0.1296574649508604
08-01-2026 10:40||NIFTY27JAN2624000PE,0.167303845996833
08-01-2026 10:40||NIFTY27JAN2624300PE,0.1502613839075354
08-01-2026 10:40||NIFTY27JAN2625000PE,0.1132062905916489
08-01-2026 10:40||NIFTY27JAN2625500CE,0.1085243114722872
08-01-2026 10:40||NIFTY27JAN2625900CE,0.0941665430142419
08-01-2026 10:40||NIFTY27JAN2626100CE,0.0904078451686709
08-01-2026 10:40||NIFTY27JAN2626300CE,0.092495210420115
08-01-2026 10:40||NIFTY27JAN2626400CE,0.1039397842148243
08-01-2026 10:45||NIFTY27JAN2623900PE,0.1682837315685874
08-01-2026 10:45||NIFTY27JAN2624200PE,0.1561371269487483
08-01-2026 10:45||NIFTY27JAN2625200CE,0.1215042482617266
08-01-2026 10:45||NIFTY27JAN2625300CE,0.1194505178502816
08-01-2026 10:45||NIFTY27JAN2625600CE,0.1035155891156769
08-01-2026 10:45||NIFTY27JAN2626400CE,0.1079897010179177
08-01-2026 10:45||NIFTY27JAN2626500CE,0.1306194142011852
08-01-2026 10:50||NIFTY27JAN2623900PE,0.1678688676354287
08-01-2026 10:50||NIFTY27JAN2625500CE,0.1059316097948711
08-01-2026 10:50||NIFTY27JAN2625800CE,0.096365203474343
08-01-2026 10:50||NIFTY27JAN2626100CE,0.0907742669069091
08-01-2026 10:50||NIFTY27JAN2626500CE,0.1283265723430027
08-01-2026 10:55||NIFTY27JAN2624000PE,0.1662220406030812
08-01-2026 10:55||NIFTY27JAN2624700PE,0.1277776913745792
08-01-2026 10:55||NIFTY27JAN2624800PE,0.1228116915878836
08-01-2026 10:55||NIFTY27JAN2625100PE,0.1109381412282002
08-01-2026 10:55||NIFTY27JAN2625400CE,0.112770121043574
08-01-2026 10:55||NIFTY27JAN2625600CE,0.102092239373065
08-01-2026 11:00||NIFTY27JAN2623800PE,0.1562520756030626
08-01-2026 11:00||NIFTY27JAN2623900PE,0.1660217575653018
08-01-2026 11:00||NIFTY27JAN2624000PE,0.1661024760738892
08-01-2026 11:00||NIFTY27JAN2624300PE,0.149588781454474
08-01-2026 11:00||NIFTY27JAN2624600PE,0.133479928907006
08-01-2026 11:00||NIFTY27JAN2625000PE,0.115129318078993
08-01-2026 11:00||NIFTY27JAN2625100PE,0.1115121700668395
08-01-2026 11:00||NIFTY27JAN2626200CE,0.0898442208971688
08-01-2026 11:00||NIFTY27JAN2626500CE,0.1176573475772393
08-01-2026 11:05||NIFTY27JAN2623800PE,0.1555000585791849
08-01-2026 11:05||NIFTY27JAN2624200PE,0.1551291917597823
08-01-2026 11:05||NIFTY27JAN2624400PE,0.143906909298324
08-01-2026 11:05||NIFTY27JAN2624800PE,0.1237805149698431
08-01-2026 11:05||NIFTY27JAN2625400CE,0.1159428557643702
08-01-2026 11:05||NIFTY27JAN2626000CE,0.0934467226533279
08-01-2026 11:05||NIFTY27JAN2626200CE,0.0899186807443136
08-01-2026 11:05||NIFTY27JAN2626300CE,0.0892402141725362
08-01-2026 11:10||NIFTY27JAN2624000PE,0.1674593347438326
08-01-2026 11:10||NIFTY27JAN2624200PE,0.1553298728227801
08-01-2026 11:10||NIFTY27JAN2624400PE,0.1446537373990239
08-01-2026 11:10||NIFTY27JAN2624600PE,0.1340883882414259
08-01-2026 11:10||NIFTY27JAN2624700PE,0.1291481138103574
08-01-2026 11:10||NIFTY27JAN2625200CE,0.1343538908133469
08-01-2026 11:10||NIFTY27JAN2625600CE,0.1040916041593486
08-01-2026 11:10||NIFTY27JAN2625900CE,0.0950447033153764
08-01-2026 11:10||NIFTY27JAN2626000CE,0.0930959173688637
08-01-2026 11:15||NIFTY27JAN2624100PE,0.1621506976372102
08-01-2026 11:15||NIFTY27JAN2624200PE,0.1564494550599248
08-01-2026 11:15||NIFTY27JAN2624900PE,0.1205562592929084
08-01-2026 11:15||NIFTY27JAN2625200CE,0.1367861604055522
08-01-2026 11:15||NIFTY27JAN2626200CE,0.0909389490890415
08-01-2026 11:15||NIFTY27JAN2626400CE,0.1011770014069488
08-01-2026 11:20||NIFTY27JAN2624300PE,0.1520137547534837
08-01-2026 11:20||NIFTY27JAN2625700CE,0.1002941854413084
08-01-2026 11:20||NIFTY27JAN2626400CE,0.1071346972931883
08-01-2026 11:20||NIFTY27JAN2626500CE,0.1258173389014892
08-01-2026 11:25||NIFTY27JAN2623800PE,0.1578712026381859
08-01-2026 11:25||NIFTY27JAN2624300PE,0.1517104756179351
08-01-2026 11:25||NIFTY27JAN2624400PE,0.1463842943457891
08-01-2026 11:25||NIFTY27JAN2624700PE,0.1308617034653069
08-01-2026 11:25||NIFTY27JAN2625400CE,0.1216583373880565
08-01-2026 11:25||NIFTY27JAN2626200CE,0.0935138844642996
08-01-2026 11:30||NIFTY27JAN2623800PE,0.1576511068494521
08-01-2026 11:30||NIFTY27JAN2624100PE,0.1625947052713913
08-01-2026 11:30||NIFTY27JAN2624200PE,0.1568582222184931
08-01-2026 11:30||NIFTY27JAN2625200CE,0.1358486022425201
08-01-2026 11:30||NIFTY27JAN2625400CE,0.12253155554193
08-01-2026 11:30||NIFTY27JAN2625500CE,0.1153955571861496
08-01-2026 11:30||NIFTY27JAN2625800CE,0.1026765160238769
08-01-2026 11:30||NIFTY27JAN2626000CE,0.0975503752923474
08-01-2026 11:30||NIFTY27JAN2626100CE,0.0955815583398283
08-01-2026 11:35||NIFTY27JAN2623800PE,0.1594973604640563
08-01-2026 11:35||NIFTY27JAN2624100PE,0.1621534001728538
08-01-2026 11:35||NIFTY27JAN2624400PE,0.1453002796806289
08-01-2026 11:35||NIFTY27JAN2624500PE,0.1399241720108973
08-01-2026 11:35||NIFTY27JAN2624700PE,0.1297827335267871
08-01-2026 11:35||NIFTY27JAN2624900PE,0.1196104550074453
08-01-2026 11:35||NIFTY27JAN2625200CE,0.1337082756737909
08-01-2026 11:35||NIFTY27JAN2625300CE,0.1258150419564931
08-01-2026 11:35||NIFTY27JAN2626500CE,0.1210145779770597
08-01-2026 11:40||NIFTY27JAN2624100PE,0.1622543900967573
08-01-2026 11:40||NIFTY27JAN2624200PE,0.1564568229190358
08-01-2026 11:40||NIFTY27JAN2624400PE,0.145615350476795
08-01-2026 11:40||NIFTY27JAN2624900PE,0.1196735154406866
08-01-2026 11:40||NIFTY27JAN2625600CE,0.1078566338949213
08-01-2026 11:40||NIFTY27JAN2625800CE,0.1002621774637669
08-01-2026 11:45||NIFTY27JAN2624200PE,0.1569618674830543
08-01-2026 11:45||NIFTY27JAN2625500CE,0.1107468285066761
08-01-2026 11:45||NIFTY27JAN2625900CE,0.0966892616535115
08-01-2026 11:45||NIFTY27JAN2626100CE,0.093729231976786
08-01-2026 11:50||NIFTY27JAN2623800PE,0.1597872177180245
08-01-2026 11:50||NIFTY27JAN2625700CE,0.1006849446299632
08-01-2026 11:50||NIFTY27JAN2625800CE,0.0975532662735653
08-01-2026 11:50||NIFTY27JAN2626500CE,0.1207358689745948
08-01-2026 11:55||NIFTY27JAN2624200PE,0.1573383249125149
08-01-2026 11:55||NIFTY27JAN2624700PE,0.1300049979562643
08-01-2026 11:55||NIFTY27JAN2625100PE,0.1122825265424969
08-01-2026 11:55||NIFTY27JAN2625400CE,0.1124601582992662
08-01-2026 11:55||NIFTY27JAN2625600CE,0.1039728563140548
08-01-2026 11:55||NIFTY27JAN2625800CE,0.0970955832578529
08-01-2026 12:00||NIFTY27JAN2624500PE,0.1402014739916902
08-01-2026 12:00||NIFTY27JAN2624700PE,0.1299119183222861
08-01-2026 12:00||NIFTY27JAN2625000PE,0.1161123346658772
08-01-2026 12:00||NIFTY27JAN2625500CE,0.1109272938905244
08-01-2026 12:00||NIFTY27JAN2626300CE,0.0933127104291643
08-01-2026 12:05||NIFTY27JAN2624000PE,0.1694220810019596
08-01-2026 12:05||NIFTY27JAN2624200PE,0.156471537246241
08-01-2026 12:05||NIFTY27JAN2624500PE,0.1394968588732065
08-01-2026 12:05||NIFTY27JAN2624900PE,0.120126077771802
08-01-2026 12:05||NIFTY27JAN2625300CE,0.1265852836387477
08-01-2026 12:05||NIFTY27JAN2625800CE,0.1038273639206584
08-01-2026 12:05||NIFTY27JAN2625900CE,0.1014940013549485
08-01-2026 12:05||NIFTY27JAN2626400CE,0.1001546504253564
08-01-2026 12:10||NIFTY27JAN2624000PE,0.1699853333385674
08-01-2026 12:10||NIFTY27JAN2624400PE,0.1454926415918855
08-01-2026 12:15||NIFTY27JAN2624100PE,0.1656975430299841
08-01-2026 12:15||NIFTY27JAN2624400PE,0.1477901885901271
08-01-2026 12:15||NIFTY27JAN2625200CE,0.1302217773231589
08-01-2026 12:15||NIFTY27JAN2625400CE,0.1199620213319543
08-01-2026 12:15||NIFTY27JAN2625500CE,0.1152433870230073
08-01-2026 12:15||NIFTY27JAN2625700CE,0.1069553740318647
08-01-2026 12:20||NIFTY27JAN2624800PE,0.1275580301621589
08-01-2026 12:20||NIFTY27JAN2625800CE,0.1033233226894939
08-01-2026 12:20||NIFTY27JAN2626300CE,0.0947570210460294
08-01-2026 12:25||NIFTY27JAN2624100PE,0.1678835919722651
08-01-2026 12:25||NIFTY27JAN2624400PE,0.1502887495318314
08-01-2026 12:25||NIFTY27JAN2624900PE,0.1232118118166913
08-01-2026 12:25||NIFTY27JAN2625700CE,0.1060551233364783
08-01-2026 12:25||NIFTY27JAN2626000CE,0.0990612353480953
08-01-2026 12:30||NIFTY27JAN2624200PE,0.1613265049619213
08-01-2026 12:30||NIFTY27JAN2624300PE,0.1556613570246805
08-01-2026 12:30||NIFTY27JAN2625100PE,0.1142281833287041
08-01-2026 12:30||NIFTY27JAN2625700CE,0.1059783765237199
08-01-2026 12:30||NIFTY27JAN2626000CE,0.0990045622607902
08-01-2026 12:35||NIFTY27JAN2624800PE,0.1274419151688495
08-01-2026 12:35||NIFTY27JAN2625000PE,0.117667127382948
08-01-2026 12:35||NIFTY27JAN2625400CE,0.1218226447387691
08-01-2026 12:35||NIFTY27JAN2625500CE,0.1160036418866307
08-01-2026 12:35||NIFTY27JAN2625800CE,0.104524491637557
08-01-2026 12:35||NIFTY27JAN2626100CE,0.0976995006395368
08-01-2026 12:35||NIFTY27JAN2626200CE,0.0959623407185095
08-01-2026 12:40||NIFTY27JAN2624100PE,0.1670818322570262
08-01-2026 12:40||NIFTY27JAN2624400PE,0.1500949273772838
08-01-2026 12:40||NIFTY27JAN2624800PE,0.1269287189577314
08-01-2026 12:40||NIFTY27JAN2625000PE,0.1169276852131624
08-01-2026 12:40||NIFTY27JAN2625200CE,0.136283043524498
08-01-2026 12:40||NIFTY27JAN2626000CE,0.1005761055838378
08-01-2026 12:45||NIFTY27JAN2624400PE,0.1499879613024179
08-01-2026 12:45||NIFTY27JAN2624600PE,0.1375494301042712
08-01-2026 12:45||NIFTY27JAN2625000PE,0.1168200017920176
08-01-2026 12:45||NIFTY27JAN2625300CE,0.1278649395811644
08-01-2026 12:45||NIFTY27JAN2625800CE,0.1057831808119747
08-01-2026 12:45||NIFTY27JAN2626200CE,0.0969183108567375
08-01-2026 12:45||NIFTY27JAN2626300CE,0.0954131735745621
08-01-2026 12:50||NIFTY27JAN2623800PE,0.1598569160590505
08-01-2026 12:50||NIFTY27JAN2624900PE,0.1217292973767827
08-01-2026 12:50||NIFTY27JAN2625600CE,0.1122177230811732
08-01-2026 12:50||NIFTY27JAN2626300CE,0.0957836894848578
08-01-2026 12:50||NIFTY27JAN2626400CE,0.1004161030157548
08-01-2026 12:55||NIFTY27JAN2624200PE,0.1599919165522172
08-01-2026 12:55||NIFTY27JAN2624300PE,0.1537760340433066
08-01-2026 12:55||NIFTY27JAN2624400PE,0.1480815524889185
08-01-2026 12:55||NIFTY27JAN2626100CE,0.1001425394415736
08-01-2026 13:00||NIFTY27JAN2624200PE,0.1609119907122704
08-01-2026 13:00||NIFTY27JAN2624500PE,0.1415288942580021
08-01-2026 13:00||NIFTY27JAN2624600PE,0.1354436675566843
08-01-2026 13:00||NIFTY27JAN2624700PE,0.130705620919287
08-01-2026 13:00||NIFTY27JAN2625000PE,0.1179579698657524
08-01-2026 13:00||NIFTY27JAN2625100PE,0.1138655239531703
08-01-2026 13:00||NIFTY27JAN2625400CE,0.124154166940274
08-01-2026 13:00||NIFTY27JAN2625800CE,0.1058222775439764
08-01-2026 13:05||NIFTY27JAN2623800PE,0.160551919304405
08-01-2026 13:05||NIFTY27JAN2624600PE,0.1362390203627528
08-01-2026 13:05||NIFTY27JAN2625700CE,0.1076454471019285
08-01-2026 13:05||NIFTY27JAN2625800CE,0.1047187396175554
08-01-2026 13:05||NIFTY27JAN2626000CE,0.1010190023242372
08-01-2026 13:05||NIFTY27JAN2626100CE,0.0992345565624395
08-01-2026 13:05||NIFTY27JAN2626200CE,0.0977034853675291
08-01-2026 13:05||NIFTY27JAN2626300CE,0.0962980910268965
08-01-2026 13:10||NIFTY27JAN2624100PE,0.168308005718831
08-01-2026 13:10||NIFTY27JAN2624900PE,0.1213777818123753
08-01-2026 13:10||NIFTY27JAN2625400CE,0.1215331121201499
08-01-2026 13:10||NIFTY27JAN2625700CE,0.1068207462072145
08-01-2026 13:10||NIFTY27JAN2625800CE,0.1039024412629535
08-01-2026 13:10||NIFTY27JAN2626100CE,0.0981345797072892
08-01-2026 13:10||NIFTY27JAN2626200CE,0.0966620010673901
08-01-2026 13:15||NIFTY27JAN2624300PE,0.1564545829780044
08-01-2026 13:15||NIFTY27JAN2625000PE,0.1161279282340881
08-01-2026 13:15||NIFTY27JAN2625900CE,0.101427507484246
08-01-2026 13:15||NIFTY27JAN2626300CE,0.0947149893352258
08-01-2026 13:20||NIFTY27JAN2623800PE,0.160886010686557
08-01-2026 13:20||NIFTY27JAN2624000PE,0.1741092528252809
08-01-2026 13:20||NIFTY27JAN2624400PE,0.1504845507465392
08-01-2026 13:20||NIFTY27JAN2625000PE,0.1165059982399178
08-01-2026 13:20||NIFTY27JAN2625300CE,0.1275102610872846
08-01-2026 13:20||NIFTY27JAN2625400CE,0.1193162334205954
08-01-2026 13:20||NIFTY27JAN2626200CE,0.0954423027712833
08-01-2026 13:25||NIFTY27JAN2624600PE,0.1370986848919718
08-01-2026 13:25||NIFTY27JAN2624900PE,0.1212942434314754
08-01-2026 13:25||NIFTY27JAN2625400CE,0.1197700531080699
08-01-2026 13:25||NIFTY27JAN2625500CE,0.1142400742054502
08-01-2026 13:25||NIFTY27JAN2625900CE,0.1013202116152866
08-01-2026 13:25||NIFTY27JAN2626000CE,0.0993993598385938
08-01-2026 13:25||NIFTY27JAN2626100CE,0.0974590629169356
08-01-2026 13:30||NIFTY27JAN2624300PE,0.1548930007376622
08-01-2026 13:30||NIFTY27JAN2624400PE,0.1485722704777034
08-01-2026 13:30||NIFTY27JAN2625600CE,0.1099685045456996
08-01-2026 13:30||NIFTY27JAN2625700CE,0.106121514181038
08-01-2026 13:30||NIFTY27JAN2626100CE,0.0983765351209874
08-01-2026 13:30||NIFTY27JAN2626500CE,0.1262819763041633
08-01-2026 13:35||NIFTY27JAN2624600PE,0.1334851652765508
08-01-2026 13:35||NIFTY27JAN2624700PE,0.1270343747917
08-01-2026 13:35||NIFTY27JAN2624800PE,0.1222428207866519
08-01-2026 13:35||NIFTY27JAN2624900PE,0.1183953867962218
08-01-2026 13:40||NIFTY27JAN2624100PE,0.166890252372394
08-01-2026 13:40||NIFTY27JAN2624800PE,0.1223567036031658
08-01-2026 13:40||NIFTY27JAN2624900PE,0.1182886390357349
08-01-2026 13:40||NIFTY27JAN2625300CE,0.1221784523198571
08-01-2026 13:40||NIFTY27JAN2625600CE,0.1111884881943953
08-01-2026 13:40||NIFTY27JAN2625700CE,0.1076466421364954
08-01-2026 13:40||NIFTY27JAN2626000CE,0.1005355921743948
08-01-2026 13:40||NIFTY27JAN2626200CE,0.0967183430763058
08-01-2026 13:40||NIFTY27JAN2626300CE,0.095436665494066
08-01-2026 13:45||NIFTY27JAN2624600PE,0.1343177447248542
08-01-2026 13:45||NIFTY27JAN2624700PE,0.1284376930933165
08-01-2026 13:45||NIFTY27JAN2625100PE,0.1105995943755129
08-01-2026 13:45||NIFTY27JAN2625600CE,0.1114725908014722
08-01-2026 13:45||NIFTY27JAN2625700CE,0.1080602486224381
08-01-2026 13:50||NIFTY27JAN2624600PE,0.134408724452009
08-01-2026 13:50||NIFTY27JAN2625500CE,0.1153955770000912
08-01-2026 13:55||NIFTY27JAN2624200PE,0.1610102405103311
08-01-2026 13:55||NIFTY27JAN2624600PE,0.1350221574964601
08-01-2026 13:55||NIFTY27JAN2625000PE,0.1142452795170592
08-01-2026 13:55||NIFTY27JAN2625200CE,0.1188924434459817
08-01-2026 13:55||NIFTY27JAN2625700CE,0.1062286934215162
08-01-2026 14:00||NIFTY27JAN2623800PE,0.1605881006986984
08-01-2026 14:00||NIFTY27JAN2623900PE,0.1716543544837162
08-01-2026 14:00||NIFTY27JAN2625300CE,0.1156314725097875
08-01-2026 14:00||NIFTY27JAN2625400CE,0.1144717564112358
08-01-2026 14:00||NIFTY27JAN2625900CE,0.0985801327705903
08-01-2026 14:00||NIFTY27JAN2626000CE,0.0966022032428276
08-01-2026 14:00||NIFTY27JAN2626100CE,0.0951250499477255
08-01-2026 14:00||NIFTY27JAN2626200CE,0.0938830606654673
08-01-2026 14:00||NIFTY27JAN2626300CE,0.0935052892870138
08-01-2026 14:05||NIFTY27JAN2623900PE,0.1720950108769352
08-01-2026 14:05||NIFTY27JAN2624500PE,0.1417029360426337
08-01-2026 14:05||NIFTY27JAN2625300CE,0.1157960262455526
08-01-2026 14:05||NIFTY27JAN2626000CE,0.0971615073258365
08-01-2026 14:05||NIFTY27JAN2626200CE,0.0940599051579127
08-01-2026 14:05||NIFTY27JAN2626300CE,0.0940752886986844
08-01-2026 14:05||NIFTY27JAN2626500CE,0.1239519386353921
08-01-2026 14:10||NIFTY27JAN2624800PE,0.1240459159384441
08-01-2026 14:10||NIFTY27JAN2625000PE,0.1138346806365952
08-01-2026 14:10||NIFTY27JAN2625200CE,0.1191680328361156
08-01-2026 14:10||NIFTY27JAN2625300CE,0.1189428113684669
08-01-2026 14:10||NIFTY27JAN2625700CE,0.1066748510394222
08-01-2026 14:15||NIFTY27JAN2623800PE,0.1576437384350967
08-01-2026 14:15||NIFTY27JAN2624200PE,0.1586188638627305
08-01-2026 14:15||NIFTY27JAN2624300PE,0.1526314828506648
08-01-2026 14:15||NIFTY27JAN2625000PE,0.1132856380627867
08-01-2026 14:15||NIFTY27JAN2625200CE,0.1257973070312838
08-01-2026 14:15||NIFTY27JAN2625600CE,0.1110942148464067
08-01-2026 14:15||NIFTY27JAN2626100CE,0.0960992345228618
08-01-2026 14:15||NIFTY27JAN2626400CE,0.0979250903882836
08-01-2026 14:20||NIFTY27JAN2624500PE,0.1407119259572317
08-01-2026 14:20||NIFTY27JAN2625000PE,0.113395132892238
08-01-2026 14:20||NIFTY27JAN2625700CE,0.1048808195057511
08-01-2026 14:20||NIFTY27JAN2626400CE,0.0975425300692481
08-01-2026 14:25||NIFTY27JAN2624600PE,0.1341213552708216
08-01-2026 14:25||NIFTY27JAN2624800PE,0.1231798900954898
08-01-2026 14:25||NIFTY27JAN2625200CE,0.1342848220428255
08-01-2026 14:25||NIFTY27JAN2625600CE,0.1114951267864312
08-01-2026 14:25||NIFTY27JAN2625900CE,0.1003465395121561
08-01-2026 14:25||NIFTY27JAN2626000CE,0.0981249964232711
08-01-2026 14:30||NIFTY27JAN2624500PE,0.1403565596853445
08-01-2026 14:30||NIFTY27JAN2626200CE,0.0957825327931505
08-01-2026 14:30||NIFTY27JAN2626400CE,0.1084890789588289
08-01-2026 14:30||NIFTY27JAN2626500CE,0.1269075286650746
08-01-2026 14:35||NIFTY27JAN2624200PE,0.1585790079229275
08-01-2026 14:35||NIFTY27JAN2624800PE,0.122777070670666
08-01-2026 14:35||NIFTY27JAN2625100PE,0.1084498631187556
08-01-2026 14:35||NIFTY27JAN2626100CE,0.0964572628416271
08-01-2026 14:40||NIFTY27JAN2624200PE,0.1582835938396356
08-01-2026 14:40||NIFTY27JAN2624600PE,0.1340320640463305
08-01-2026 14:40||NIFTY27JAN2625000PE,0.1127952642059806
08-01-2026 14:40||NIFTY27JAN2625300CE,0.1194877278252402
08-01-2026 14:40||NIFTY27JAN2625400CE,0.1163562696635906
08-01-2026 14:40||NIFTY27JAN2625500CE,0.1134799864900006
08-01-2026 14:40||NIFTY27JAN2626200CE,0.0930869840813997
08-01-2026 14:40||NIFTY27JAN2626300CE,0.091835314213373
08-01-2026 14:45||NIFTY27JAN2624000PE,0.1699089534585318
08-01-2026 14:45||NIFTY27JAN2624700PE,0.1281672547495464
08-01-2026 14:45||NIFTY27JAN2625000PE,0.1128059120494462
08-01-2026 14:45||NIFTY27JAN2625300CE,0.1187412289130411
08-01-2026 14:45||NIFTY27JAN2625700CE,0.1035726730587036
08-01-2026 14:50||NIFTY27JAN2624100PE,0.1639885347382056
08-01-2026 14:50||NIFTY27JAN2624300PE,0.1523261425193832
08-01-2026 14:50||NIFTY27JAN2625100PE,0.1087247787990469
08-01-2026 14:50||NIFTY27JAN2625400CE,0.1153076059740477
08-01-2026 14:50||NIFTY27JAN2625500CE,0.1106705907683207
08-01-2026 14:50||NIFTY27JAN2626000CE,0.0950875998136184
08-01-2026 14:50||NIFTY27JAN2626200CE,0.0917450046196888
08-01-2026 14:55||NIFTY27JAN2626300CE,0.090044603382043
08-01-2026 15:00||NIFTY27JAN2623900PE,0.166424413874009
08-01-2026 15:00||NIFTY27JAN2624000PE,0.1669284691421066
08-01-2026 15:00||NIFTY27JAN2624900PE,0.1161374362647283
08-01-2026 15:00||NIFTY27JAN2625100PE,0.1080109126837544
08-01-2026 15:00||NIFTY27JAN2625200CE,0.1297160753571444
08-01-2026 15:00||NIFTY27JAN2625600CE,0.1052045504417195
08-01-2026 15:00||NIFTY27JAN2625700CE,0.1019766646702338
08-01-2026 15:00||NIFTY27JAN2626300CE,0.0906248995395113
08-01-2026 15:00||NIFTY27JAN2626400CE,0.0961080066220714
08-01-2026 15:05||NIFTY27JAN2624400PE,0.1430560949288451
08-01-2026 15:05||NIFTY27JAN2624800PE,0.1197787865201408
08-01-2026 15:05||NIFTY27JAN2624900PE,0.1150096561224334
08-01-2026 15:05||NIFTY27JAN2626000CE,0.0944930277257196
08-01-2026 15:05||NIFTY27JAN2626100CE,0.0926515078173498
08-01-2026 15:05||NIFTY27JAN2626200CE,0.0918822651539421
08-01-2026 15:10||NIFTY27JAN2624000PE,0.1657813362531655
08-01-2026 15:10||NIFTY27JAN2624200PE,0.1541721057181098
08-01-2026 15:10||NIFTY27JAN2624600PE,0.1304097903607788
08-01-2026 15:10||NIFTY27JAN2625100PE,0.1075690538788346
08-01-2026 15:10||NIFTY27JAN2625700CE,0.1039838306931122
08-01-2026 15:10||NIFTY27JAN2626100CE,0.0940255337100533
08-01-2026 15:10||NIFTY27JAN2626300CE,0.0936554536658954
08-01-2026 15:10||NIFTY27JAN2626500CE,0.123119537506024
08-01-2026 15:15||NIFTY27JAN2624800PE,0.1198609529551763
08-01-2026 15:15||NIFTY27JAN2625100PE,0.1078119712139768
08-01-2026 15:15||NIFTY27JAN2625500CE,0.1096997434895737
08-01-2026 15:15||NIFTY27JAN2626100CE,0.0946658804664235
08-01-2026 15:20||NIFTY27JAN2624000PE,0.1662212694820571
08-01-2026 15:20||NIFTY27JAN2624500PE,0.1366833376270211
08-01-2026 15:20||NIFTY27JAN2624800PE,0.1202512773135655
08-01-2026 15:20||NIFTY27JAN2625000PE,0.1114006191996234
08-01-2026 15:20||NIFTY27JAN2625600CE,0.1034945781618042
08-01-2026 15:20||NIFTY27JAN2626100CE,0.0947126473833774
08-01-2026 15:20||NIFTY27JAN2626400CE,0.1071479856208086
08-01-2026 15:20||NIFTY27JAN2626500CE,0.1258370610337257
08-01-2026 15:25||NIFTY27JAN2623800PE,0.1565344102427829
08-01-2026 15:25||NIFTY27JAN2624100PE,0.1605026233482675
08-01-2026 15:25||NIFTY27JAN2624300PE,0.1492876263556412
08-01-2026 15:25||NIFTY27JAN2624600PE,0.131380588983833
08-01-2026 15:25||NIFTY27JAN2625100PE,0.1080411218636699
08-01-2026 15:25||NIFTY27JAN2625800CE,0.0973610320222036
08-01-2026 15:25||NIFTY27JAN2626100CE,0.0948551747218206
09-01-2026 09:15||NIFTY27JAN2624400PE,0.1446503799110516
09-01-2026 09:15||NIFTY27JAN2625000PE,0.1126192854606334
09-01-2026 09:15||NIFTY27JAN2625400CE,0.1102192443098222
09-01-2026 09:15||NIFTY27JAN2625500CE,0.1044195721268418
09-01-2026 09:15||NIFTY27JAN2625800CE,0.0964238998831536
09-01-2026 09:15||NIFTY27JAN2626300CE,0.0902406562065802
09-01-2026 09:20||NIFTY27JAN2624100PE,0.160247008473888
09-01-2026 09:20||NIFTY27JAN2624200PE,0.154680523767885
09-01-2026 09:20||NIFTY27JAN2624800PE,0.1222594841964412
09-01-2026 09:20||NIFTY27JAN2625000PE,0.1128435499652043
09-01-2026 09:20||NIFTY27JAN2625300CE,0.1202134961372172
09-01-2026 09:25||NIFTY27JAN2624100PE,0.1595855807603674
09-01-2026 09:25||NIFTY27JAN2625000PE,0.1123561481358711
09-01-2026 09:25||NIFTY27JAN2625400CE,0.1105862442764679
09-01-2026 09:25||NIFTY27JAN2626100CE,0.0903281244304399
09-01-2026 09:30||NIFTY27JAN2624300PE,0.1476654781036071
09-01-2026 09:30||NIFTY27JAN2624500PE,0.1354325362773899
09-01-2026 09:30||NIFTY27JAN2624600PE,0.1298946734007176
09-01-2026 09:30||NIFTY27JAN2625300CE,0.1214430353738454
09-01-2026 09:30||NIFTY27JAN2625400CE,0.1161061640234571
09-01-2026 09:30||NIFTY27JAN2626100CE,0.0931102643454308
09-01-2026 09:30||NIFTY27JAN2626400CE,0.0966473636607821
09-01-2026 09:35||NIFTY27JAN2624800PE,0.1187546204151614
09-01-2026 09:35||NIFTY27JAN2626000CE,0.0998958449341057
09-01-2026 09:35||NIFTY27JAN2626200CE,0.0962718046197623
09-01-2026 09:40||NIFTY27JAN2625500CE,0.1252910401026894
09-01-2026 09:40||NIFTY27JAN2625600CE,0.1183876545573881
09-01-2026 09:40||NIFTY27JAN2625700CE,0.1142297678230644
09-01-2026 09:40||NIFTY27JAN2625900CE,0.1070274910118985
09-01-2026 09:45||NIFTY27JAN2624000PE,0.1639820198347419
09-01-2026 09:45||NIFTY27JAN2624300PE,0.14565398029769
09-01-2026 09:45||NIFTY27JAN2624400PE,0.139522619079107
09-01-2026 09:45||NIFTY27JAN2624700PE,0.1220453757894815
09-01-2026 09:45||NIFTY27JAN2624900PE,0.1121881324763684
09-01-2026 09:45||NIFTY27JAN2625600CE,0.1207028531810165
09-01-2026 09:45||NIFTY27JAN2625900CE,0.107454460400128
09-01-2026 09:50||NIFTY27JAN2624100PE,0.1591886420507103
09-01-2026 09:50||NIFTY27JAN2624400PE,0.1408097097032682
09-01-2026 09:50||NIFTY27JAN2624600PE,0.128625896885154
09-01-2026 09:50||NIFTY27JAN2624700PE,0.1226961746270067
09-01-2026 09:50||NIFTY27JAN2624900PE,0.1128118227445758
09-01-2026 09:50||NIFTY27JAN2625300CE,0.1347725159525701
09-01-2026 09:50||NIFTY27JAN2625600CE,0.1187666815832939
09-01-2026 09:50||NIFTY27JAN2626000CE,0.1016835641042423
09-01-2026 09:50||NIFTY27JAN2626100CE,0.0991185986050989
09-01-2026 09:50||NIFTY27JAN2626400CE,0.0994439918440232
09-01-2026 09:55||NIFTY27JAN2623800PE,0.1545639235186904
09-01-2026 09:55||NIFTY27JAN2624800PE,0.1185693380125295
09-01-2026 09:55||NIFTY27JAN2624900PE,0.113919796736332
09-01-2026 09:55||NIFTY27JAN2625000PE,0.1102608883770121
09-01-2026 09:55||NIFTY27JAN2625200CE,0.1357431892169877
09-01-2026 10:00||NIFTY27JAN2624100PE,0.1603485137156526
09-01-2026 10:00||NIFTY27JAN2624300PE,0.1485020318180874
09-01-2026 10:00||NIFTY27JAN2625100PE,0.1075429816824534
09-01-2026 10:00||NIFTY27JAN2625500CE,0.1169572952395442
09-01-2026 10:00||NIFTY27JAN2626100CE,0.0957063804732857
09-01-2026 10:05||NIFTY27JAN2624500PE,0.1365970135739782
09-01-2026 10:05||NIFTY27JAN2624800PE,0.1204059111593771
09-01-2026 10:05||NIFTY27JAN2625600CE,0.1109586927512097
09-01-2026 10:05||NIFTY27JAN2626100CE,0.0954376410812293
09-01-2026 10:10||NIFTY27JAN2624400PE,0.1422516186001916
09-01-2026 10:10||NIFTY27JAN2626300CE,0.0926066889275505
09-01-2026 10:10||NIFTY27JAN2626400CE,0.0972725572123079
09-01-2026 10:15||NIFTY27JAN2625100PE,0.1070295534157189
09-01-2026 10:15||NIFTY27JAN2625600CE,0.11171312450615
09-01-2026 10:15||NIFTY27JAN2626200CE,0.0934080446377803
09-01-2026 10:15||NIFTY27JAN2626300CE,0.0925328251703495
09-01-2026 10:20||NIFTY27JAN2623900PE,0.1667700927691598
09-01-2026 10:20||NIFTY27JAN2624000PE,0.1660667418500974
09-01-2026 10:20||NIFTY27JAN2625200CE,0.1422513595958484
09-01-2026 10:20||NIFTY27JAN2625700CE,0.1097191334932611
09-01-2026 10:25||NIFTY27JAN2624200PE,0.1544773339730679
09-01-2026 10:25||NIFTY27JAN2625000PE,0.1099833238526498
09-01-2026 10:25||NIFTY27JAN2625600CE,0.1136573950102166
09-01-2026 10:25||NIFTY27JAN2626200CE,0.0939306964945782
09-01-2026 10:25||NIFTY27JAN2626500CE,0.1224563072809226
09-01-2026 10:30||NIFTY27JAN2624300PE,0.1483268526817556
09-01-2026 10:30||NIFTY27JAN2624900PE,0.1150798249509922
09-01-2026 10:35||NIFTY27JAN2624300PE,0.1482369964606164
09-01-2026 10:35||NIFTY27JAN2624800PE,0.1196550882763058
09-01-2026 10:35||NIFTY27JAN2626300CE,0.0943868903441656
09-01-2026 10:40||NIFTY27JAN2624000PE,0.1662503309099798
09-01-2026 10:40||NIFTY27JAN2624700PE,0.1245337216875245
09-01-2026 10:40||NIFTY27JAN2625000PE,0.1096845006438946
09-01-2026 10:40||NIFTY27JAN2625500CE,0.1130567337255363
09-01-2026 10:40||NIFTY27JAN2626000CE,0.0960589724964265
09-01-2026 10:40||NIFTY27JAN2626100CE,0.0942125463832389
09-01-2026 10:40||NIFTY27JAN2626400CE,0.108729721283382
09-01-2026 10:40||NIFTY27JAN2626500CE,0.12754586733603
09-01-2026 10:45||NIFTY27JAN2624400PE,0.1420026024302416
09-01-2026 10:45||NIFTY27JAN2625000PE,0.109772524281447
09-01-2026 10:45||NIFTY27JAN2625200CE,0.1312050695342037
09-01-2026 10:45||NIFTY27JAN2625400CE,0.1164274568426052
09-01-2026 10:45||NIFTY27JAN2625500CE,0.1103675410820535
09-01-2026 10:45||NIFTY27JAN2626300CE,0.0977181317908863
09-01-2026 10:50||NIFTY27JAN2624100PE,0.1598008412641331
09-01-2026 10:50||NIFTY27JAN2625800CE,0.0981396571004399
09-01-2026 10:50||NIFTY27JAN2625900CE,0.0957645189120402
09-01-2026 10:50||NIFTY27JAN2626000CE,0.0938765462723894
09-01-2026 10:50||NIFTY27JAN2626400CE,0.1084414100404095
09-01-2026 10:50||NIFTY27JAN2626500CE,0.127634969523133
09-01-2026 10:55||NIFTY27JAN2623800PE,0.1557447154728194
09-01-2026 10:55||NIFTY27JAN2624700PE,0.123545428294427
09-01-2026 10:55||NIFTY27JAN2624900PE,0.1133490125435709
09-01-2026 10:55||NIFTY27JAN2626300CE,0.0941982084949258
09-01-2026 11:00||NIFTY27JAN2624900PE,0.1121964888562852
09-01-2026 11:00||NIFTY27JAN2625000PE,0.1080867557621741
09-01-2026 11:00||NIFTY27JAN2625200CE,0.1302671335815502
09-01-2026 11:00||NIFTY27JAN2625700CE,0.1021470548554766
09-01-2026 11:00||NIFTY27JAN2625800CE,0.0992374185788581
09-01-2026 11:05||NIFTY27JAN2624000PE,0.1630459529593992
09-01-2026 11:05||NIFTY27JAN2624400PE,0.1392019584776632
09-01-2026 11:05||NIFTY27JAN2625100PE,0.105524129813559
09-01-2026 11:05||NIFTY27JAN2625300CE,0.1240973920669525
09-01-2026 11:05||NIFTY27JAN2625500CE,0.1103932303920069
09-01-2026 11:05||NIFTY27JAN2625700CE,0.1017702502653365
09-01-2026 11:10||NIFTY27JAN2623900PE,0.1630849565355441
09-01-2026 11:10||NIFTY27JAN2624700PE,0.1224170700861901
09-01-2026 11:10||NIFTY27JAN2625100PE,0.1056297837831698
09-01-2026 11:10||NIFTY27JAN2625200CE,0.1266622762119858
09-01-2026 11:10||NIFTY27JAN2625500CE,0.1086350120158238
09-01-2026 11:10||NIFTY27JAN2625800CE,0.0980345090402222
09-01-2026 11:15||NIFTY27JAN2624200PE,0.1514491839407917
09-01-2026 11:15||NIFTY27JAN2624600PE,0.1275435256294441
09-01-2026 11:15||NIFTY27JAN2625700CE,0.1008859054290344
09-01-2026 11:15||NIFTY27JAN2626400CE,0.0963830821873357
09-01-2026 11:20||NIFTY27JAN2625200CE,0.1276936660748967
09-01-2026 11:20||NIFTY27JAN2625500CE,0.1107003667303328
09-01-2026 11:25||NIFTY27JAN2624600PE,0.126445445997277
09-01-2026 11:25||NIFTY27JAN2625100PE,0.1044163157391686
09-01-2026 11:25||NIFTY27JAN2625600CE,0.1062937171046713
09-01-2026 11:30||NIFTY27JAN2624000PE,0.1619095345820059
09-01-2026 11:30||NIFTY27JAN2624100PE,0.1561150631916793
09-01-2026 11:30||NIFTY27JAN2624500PE,0.1319711973876777
09-01-2026 11:30||NIFTY27JAN2624600PE,0.1260986170022903
09-01-2026 11:30||NIFTY27JAN2624900PE,0.1120073331490678
09-01-2026 11:30||NIFTY27JAN2625000PE,0.1078656222712839
09-01-2026 11:30||NIFTY27JAN2625300CE,0.120381068683934
09-01-2026 11:30||NIFTY27JAN2626200CE,0.0923151191505613
09-01-2026 11:35||NIFTY27JAN2624100PE,0.1560951053659595
09-01-2026 11:35||NIFTY27JAN2624600PE,0.1260151885532018
09-01-2026 11:35||NIFTY27JAN2625200CE,0.1232204166202369
09-01-2026 11:35||NIFTY27JAN2625300CE,0.1179726379682603
09-01-2026 11:35||NIFTY27JAN2625700CE,0.0995962549208334
09-01-2026 11:35||NIFTY27JAN2625800CE,0.0966233947284245
09-01-2026 11:40||NIFTY27JAN2624600PE,0.1261563863224942
09-01-2026 11:40||NIFTY27JAN2624700PE,0.1213008491255503
09-01-2026 11:40||NIFTY27JAN2625000PE,0.1085136384499509
09-01-2026 11:40||NIFTY27JAN2625300CE,0.1174504575092416
09-01-2026 11:40||NIFTY27JAN2625800CE,0.0974372793333459
09-01-2026 11:40||NIFTY27JAN2625900CE,0.095848217582238
09-01-2026 11:45||NIFTY27JAN2625900CE,0.0968343151928058
09-01-2026 11:45||NIFTY27JAN2626000CE,0.0952014420028569
09-01-2026 11:45||NIFTY27JAN2626200CE,0.0934417084881399
09-01-2026 11:45||NIFTY27JAN2626500CE,0.1269379124365589
09-01-2026 11:50||NIFTY27JAN2625000PE,0.1083874272332332
09-01-2026 11:50||NIFTY27JAN2625200CE,0.1225366019313201
09-01-2026 11:50||NIFTY27JAN2625400CE,0.1129182926450847
09-01-2026 11:50||NIFTY27JAN2625500CE,0.1088573927885185
09-01-2026 11:50||NIFTY27JAN2626000CE,0.0959010752122264
09-01-2026 11:50||NIFTY27JAN2626500CE,0.1272910875016012
09-01-2026 11:55||NIFTY27JAN2624200PE,0.1495488763224908
09-01-2026 11:55||NIFTY27JAN2624300PE,0.142847474772335
09-01-2026 11:55||NIFTY27JAN2624500PE,0.1318340332744705
09-01-2026 11:55||NIFTY27JAN2624900PE,0.1120415392725773
09-01-2026 11:55||NIFTY27JAN2625400CE,0.1148854619205847
09-01-2026 11:55||NIFTY27JAN2625600CE,0.1067854291583772
09-01-2026 11:55||NIFTY27JAN2625800CE,0.1008179378135455
09-01-2026 11:55||NIFTY27JAN2626300CE,0.0949074270079129
09-01-2026 12:00||NIFTY27JAN2623800PE,0.1552621149579176
09-01-2026 12:00||NIFTY27JAN2624400PE,0.1375461686158763
09-01-2026 12:00||NIFTY27JAN2624800PE,0.1163150229791602
09-01-2026 12:00||NIFTY27JAN2625600CE,0.1074791096407572
09-01-2026 12:00||NIFTY27JAN2625800CE,0.1009499684103766
09-01-2026 12:00||NIFTY27JAN2626300CE,0.0949508415734013
09-01-2026 12:05||NIFTY27JAN2624600PE,0.126768937236758
09-01-2026 12:05||NIFTY27JAN2625500CE,0.1105629556734144
09-01-2026 12:05||NIFTY27JAN2626000CE,0.0962561307582367
09-01-2026 12:05||NIFTY27JAN2626500CE,0.1239913111778008
09-01-2026 12:10||NIFTY27JAN2624200PE,0.1487674881675702
09-01-2026 12:10||NIFTY27JAN2624300PE,0.1430218754095346
09-01-2026 12:10||NIFTY27JAN2625500CE,0.1083718101421569
09-01-2026 12:10||NIFTY27JAN2625900CE,0.0965702550685843
09-01-2026 12:10||NIFTY27JAN2626300CE,0.1031772560984751
09-01-2026 12:15||NIFTY27JAN2623800PE,0.1567369965930757
09-01-2026 12:15||NIFTY27JAN2624100PE,0.1542039128270811
09-01-2026 12:15||NIFTY27JAN2624200PE,0.1475527819312456
09-01-2026 12:15||NIFTY27JAN2624300PE,0.1422637026957925
09-01-2026 12:15||NIFTY27JAN2625400CE,0.1101952078896187
09-01-2026 12:15||NIFTY27JAN2625500CE,0.1066494812388122
09-01-2026 12:15||NIFTY27JAN2625800CE,0.0977890939759292
09-01-2026 12:15||NIFTY27JAN2625900CE,0.0959683506322428
09-01-2026 12:15||NIFTY27JAN2626200CE,0.1046804525157068
09-01-2026 12:15||NIFTY27JAN2626300CE,0.1087999276854937
09-01-2026 12:15||NIFTY27JAN2626400CE,0.1143510297148169
09-01-2026 12:15||NIFTY27JAN2626500CE,0.126919446711866
09-01-2026 12:20||NIFTY27JAN2624000PE,0.1613808188873925
09-01-2026 12:20||NIFTY27JAN2624700PE,0.1202812232477078
09-01-2026 12:20||NIFTY27JAN2624800PE,0.1157349855755202
09-01-2026 12:20||NIFTY27JAN2625000PE,0.1074316259144422
09-01-2026 12:25||NIFTY27JAN2624200PE,0.1493419464474421
09-01-2026 12:25||NIFTY27JAN2624400PE,0.1373433264111978
09-01-2026 12:25||NIFTY27JAN2624600PE,0.1256766954610297
09-01-2026 12:25||NIFTY27JAN2625000PE,0.1076701320849127
09-01-2026 12:30||NIFTY27JAN2623800PE,0.1518842605562592
09-01-2026 12:30||NIFTY27JAN2624400PE,0.1377571200187708
09-01-2026 12:30||NIFTY27JAN2624900PE,0.1125877392288129
09-01-2026 12:30||NIFTY27JAN2626400CE,0.0996272311634386
09-01-2026 12:35||NIFTY27JAN2624100PE,0.1562878904206537
09-01-2026 12:35||NIFTY27JAN2624300PE,0.1444208902643442
09-01-2026 12:35||NIFTY27JAN2624700PE,0.1222975703977708
09-01-2026 12:35||NIFTY27JAN2624900PE,0.1136064535827631
09-01-2026 12:35||NIFTY27JAN2625700CE,0.099015956027696
09-01-2026 12:35||NIFTY27JAN2626400CE,0.1011158151017685
09-01-2026 12:40||NIFTY27JAN2624100PE,0.1557207822298731
09-01-2026 12:40||NIFTY27JAN2625800CE,0.0980628361418785
09-01-2026 12:40||NIFTY27JAN2626100CE,0.0953370581412492
09-01-2026 12:45||NIFTY27JAN2623900PE,0.163902895220865
09-01-2026 12:45||NIFTY27JAN2624100PE,0.1548601177478405
09-01-2026 12:45||NIFTY27JAN2624200PE,0.149020081318716
09-01-2026 12:45||NIFTY27JAN2625100PE,0.1054169186139748
09-01-2026 12:45||NIFTY27JAN2625300CE,0.1120845164603571
09-01-2026 12:45||NIFTY27JAN2625800CE,0.0991293141892104
09-01-2026 12:45||NIFTY27JAN2625900CE,0.0979194134326406
09-01-2026 12:45||NIFTY27JAN2626000CE,0.0969501908855541
09-01-2026 12:45||NIFTY27JAN2626400CE,0.1034429532156368
09-01-2026 12:50||NIFTY27JAN2623800PE,0.1547783561190267
09-01-2026 12:50||NIFTY27JAN2624100PE,0.1550171780723347
09-01-2026 12:50||NIFTY27JAN2625300CE,0.1147119214133807
09-01-2026 12:50||NIFTY27JAN2625500CE,0.1067365306467538
09-01-2026 12:50||NIFTY27JAN2626200CE,0.0969646601996222
09-01-2026 12:55||NIFTY27JAN2624100PE,0.1559979158053348
09-01-2026 12:55||NIFTY27JAN2624500PE,0.1316878169433278
09-01-2026 12:55||NIFTY27JAN2624800PE,0.1163400814593721
09-01-2026 12:55||NIFTY27JAN2625600CE,0.1049689927289008
09-01-2026 12:55||NIFTY27JAN2625700CE,0.1024762965764555
09-01-2026 13:00||NIFTY27JAN2624200PE,0.149792042449166
09-01-2026 13:00||NIFTY27JAN2624900PE,0.111918061387399
09-01-2026 13:00||NIFTY27JAN2625200CE,0.1193141698324998
09-01-2026 13:00||NIFTY27JAN2625600CE,0.1052454780771943
09-01-2026 13:00||NIFTY27JAN2625800CE,0.1003136480437435
09-01-2026 13:00||NIFTY27JAN2626400CE,0.1090479198714426
09-01-2026 13:05||NIFTY27JAN2623900PE,0.1651237844276156
09-01-2026 13:05||NIFTY27JAN2624100PE,0.1560966904008315
09-01-2026 13:05||NIFTY27JAN2624300PE,0.1431372387317569
09-01-2026 13:05||NIFTY27JAN2624400PE,0.137599742691961
09-01-2026 13:05||NIFTY27JAN2624700PE,0.1201240670200198
09-01-2026 13:05||NIFTY27JAN2624800PE,0.1151663289050238
09-01-2026 13:05||NIFTY27JAN2624900PE,0.1114454461865289
09-01-2026 13:05||NIFTY27JAN2625000PE,0.1081790047899474
09-01-2026 13:05||NIFTY27JAN2626000CE,0.0977024926322088
09-01-2026 13:05||NIFTY27JAN2626400CE,0.1134372974006869
09-01-2026 13:05||NIFTY27JAN2626500CE,0.1305738905919549
09-01-2026 13:10||NIFTY27JAN2624000PE,0.1621306557255675
09-01-2026 13:10||NIFTY27JAN2624100PE,0.1558080018570457
09-01-2026 13:10||NIFTY27JAN2624300PE,0.1434861943841467
09-01-2026 13:10||NIFTY27JAN2625200CE,0.1208848539626774
09-01-2026 13:10||NIFTY27JAN2625900CE,0.0990058425397487
09-01-2026 13:10||NIFTY27JAN2626100CE,0.0972834431862923
09-01-2026 13:10||NIFTY27JAN2626400CE,0.1094054377291082
09-01-2026 13:15||NIFTY27JAN2624100PE,0.1562305848126517
09-01-2026 13:15||NIFTY27JAN2624400PE,0.1384431657814422
09-01-2026 13:15||NIFTY27JAN2625000PE,0.1083527508012051
09-01-2026 13:15||NIFTY27JAN2625300CE,0.1162139580155543
09-01-2026 13:15||NIFTY27JAN2625700CE,0.1022825895647044
09-01-2026 13:15||NIFTY27JAN2625800CE,0.0999642857317437
09-01-2026 13:15||NIFTY27JAN2625900CE,0.0985692100678726
09-01-2026 13:15||NIFTY27JAN2626100CE,0.0971009262101041
09-01-2026 13:15||NIFTY27JAN2626200CE,0.0971214663936304
09-01-2026 13:20||NIFTY27JAN2624100PE,0.1568387913769913
09-01-2026 13:20||NIFTY27JAN2625000PE,0.1087008481041244
09-01-2026 13:20||NIFTY27JAN2625200CE,0.1205837293369061
09-01-2026 13:20||NIFTY27JAN2625600CE,0.1048798514470821
09-01-2026 13:25||NIFTY27JAN2624500PE,0.1332134192152844
09-01-2026 13:25||NIFTY27JAN2625100PE,0.1064698220188643
09-01-2026 13:25||NIFTY27JAN2625300CE,0.1142890965345689
09-01-2026 13:25||NIFTY27JAN2626200CE,0.0963546022998873
09-01-2026 13:30||NIFTY27JAN2624300PE,0.1450487734668102
09-01-2026 13:30||NIFTY27JAN2624900PE,0.1134143081951276
09-01-2026 13:30||NIFTY27JAN2625900CE,0.0978589449870599
09-01-2026 13:30||NIFTY27JAN2626400CE,0.1035299286642757
09-01-2026 13:35||NIFTY27JAN2623900PE,0.164568181014009
09-01-2026 13:35||NIFTY27JAN2624100PE,0.1568532602322933
09-01-2026 13:35||NIFTY27JAN2624400PE,0.1387793671053436
09-01-2026 13:35||NIFTY27JAN2624600PE,0.1272715718568046
09-01-2026 13:35||NIFTY27JAN2625100PE,0.1070249575334481
09-01-2026 13:35||NIFTY27JAN2625300CE,0.1118810859088586
09-01-2026 13:35||NIFTY27JAN2625400CE,0.1075606412485001
09-01-2026 13:35||NIFTY27JAN2625900CE,0.0972856008872147
09-01-2026 13:35||NIFTY27JAN2626100CE,0.0957785254882522
09-01-2026 13:40||NIFTY27JAN2624500PE,0.1322876428710206
09-01-2026 13:40||NIFTY27JAN2624800PE,0.1172759061873079
09-01-2026 13:40||NIFTY27JAN2625100PE,0.1065697418871224
09-01-2026 13:40||NIFTY27JAN2625300CE,0.1100700082267486
09-01-2026 13:40||NIFTY27JAN2625500CE,0.1054091423440758
09-01-2026 13:40||NIFTY27JAN2626500CE,0.1262772837791684
09-01-2026 13:45||NIFTY27JAN2623900PE,0.1630400355466184
09-01-2026 13:45||NIFTY27JAN2624100PE,0.1557000332226863
09-01-2026 13:45||NIFTY27JAN2624300PE,0.1436423383387937
09-01-2026 13:45||NIFTY27JAN2624400PE,0.1376721196493092
09-01-2026 13:45||NIFTY27JAN2625200CE,0.1110448424552939
09-01-2026 13:45||NIFTY27JAN2626000CE,0.0959731693180691
09-01-2026 13:50||NIFTY27JAN2623800PE,0.1528029554326888
09-01-2026 13:50||NIFTY27JAN2624600PE,0.1253919486383879
09-01-2026 13:50||NIFTY27JAN2624700PE,0.1204329455731448
09-01-2026 13:50||NIFTY27JAN2625400CE,0.1102601264957535
09-01-2026 13:50||NIFTY27JAN2625800CE,0.1004756127723661
09-01-2026 13:50||NIFTY27JAN2626100CE,0.0972558959637483
09-01-2026 13:55||NIFTY27JAN2624000PE,0.1610580810852074
09-01-2026 13:55||NIFTY27JAN2625400CE,0.1112348028998266
09-01-2026 13:55||NIFTY27JAN2625500CE,0.107929855897126
09-01-2026 13:55||NIFTY27JAN2626400CE,0.1040930574206351
09-01-2026 14:00||NIFTY27JAN2624200PE,0.147284618693238
09-01-2026 14:00||NIFTY27JAN2624300PE,0.1408354256906403
09-01-2026 14:00||NIFTY27JAN2624400PE,0.1360131402760485
09-01-2026 14:00||NIFTY27JAN2625500CE,0.1077792033372482
09-01-2026 14:00||NIFTY27JAN2625800CE,0.1010648051432018
09-01-2026 14:00||NIFTY27JAN2626000CE,0.0984038159982484
09-01-2026 14:05||NIFTY27JAN2624100PE,0.1552488359707587
09-01-2026 14:05||NIFTY27JAN2624300PE,0.1411135074675481
09-01-2026 14:05||NIFTY27JAN2624400PE,0.1361866423030479
09-01-2026 14:05||NIFTY27JAN2625200CE,0.1176060735731716
09-01-2026 14:05||NIFTY27JAN2625400CE,0.1103165520820135
09-01-2026 14:10||NIFTY27JAN2624300PE,0.142403753725069
09-01-2026 14:10||NIFTY27JAN2624700PE,0.1219275913664882
09-01-2026 14:10||NIFTY27JAN2625300CE,0.1131078040266715
09-01-2026 14:10||NIFTY27JAN2626300CE,0.1089078586760381
09-01-2026 14:10||NIFTY27JAN2626400CE,0.1176254301922642
09-01-2026 14:10||NIFTY27JAN2626500CE,0.1303795053782535
09-01-2026 14:15||NIFTY27JAN2625500CE,0.1052075339054421
09-01-2026 14:20||NIFTY27JAN2624100PE,0.1546584549220945
09-01-2026 14:20||NIFTY27JAN2624300PE,0.1419139028950461
09-01-2026 14:20||NIFTY27JAN2624400PE,0.1370283732441606
09-01-2026 14:20||NIFTY27JAN2625000PE,0.1092495118398261
09-01-2026 14:20||NIFTY27JAN2625200CE,0.1132305383935822
09-01-2026 14:20||NIFTY27JAN2625400CE,0.1079298183963178
09-01-2026 14:20||NIFTY27JAN2625900CE,0.097244456898851
09-01-2026 14:25||NIFTY27JAN2624100PE,0.1533427819132398
09-01-2026 14:25||NIFTY27JAN2624200PE,0.1466709006166424
09-01-2026 14:25||NIFTY27JAN2624300PE,0.1414644732804752
09-01-2026 14:25||NIFTY27JAN2625100PE,0.1054558275639452
09-01-2026 14:25||NIFTY27JAN2625300CE,0.1133322451599847
09-01-2026 14:25||NIFTY27JAN2625600CE,0.1037602670604467
09-01-2026 14:30||NIFTY27JAN2624000PE,0.1609021664606927
09-01-2026 14:30||NIFTY27JAN2624200PE,0.1468735652893164
09-01-2026 14:30||NIFTY27JAN2625900CE,0.0986657076506645
09-01-2026 14:30||NIFTY27JAN2626300CE,0.0982638074281752
09-01-2026 14:35||NIFTY27JAN2624200PE,0.1479174391252503
09-01-2026 14:35||NIFTY27JAN2624300PE,0.1419749084907308
09-01-2026 14:35||NIFTY27JAN2624600PE,0.1258963926765823
09-01-2026 14:35||NIFTY27JAN2625800CE,0.1011242364317817
09-01-2026 14:40||NIFTY27JAN2623800PE,0.1534217301521068
09-01-2026 14:40||NIFTY27JAN2625200CE,0.1193679701966452
09-01-2026 14:40||NIFTY27JAN2625600CE,0.1053374897241309
09-01-2026 14:40||NIFTY27JAN2625900CE,0.099195635957096
09-01-2026 14:40||NIFTY27JAN2626100CE,0.0974888528198621
09-01-2026 14:40||NIFTY27JAN2626400CE,0.1042357575711196
09-01-2026 14:45||NIFTY27JAN2624500PE,0.131211855956314
09-01-2026 14:45||NIFTY27JAN2624600PE,0.1259093525775229
09-01-2026 14:45||NIFTY27JAN2625300CE,0.1155130534229788
09-01-2026 14:45||NIFTY27JAN2625600CE,0.1047693653983902
09-01-2026 14:50||NIFTY27JAN2623900PE,0.1620427820639429
09-01-2026 14:50||NIFTY27JAN2626000CE,0.0973285242345714
09-01-2026 14:50||NIFTY27JAN2626300CE,0.0978783673103239
09-01-2026 14:55||NIFTY27JAN2623900PE,0.1619637971062197
09-01-2026 14:55||NIFTY27JAN2624000PE,0.1608752406678846
09-01-2026 14:55||NIFTY27JAN2624800PE,0.1168884054126623
09-01-2026 14:55||NIFTY27JAN2625600CE,0.1041774732124857
09-01-2026 14:55||NIFTY27JAN2625900CE,0.0981378242786248
09-01-2026 15:00||NIFTY27JAN2624000PE,0.1610665852061752
09-01-2026 15:00||NIFTY27JAN2624300PE,0.1429591234933404
09-01-2026 15:00||NIFTY27JAN2625400CE,0.1113916262372975
09-01-2026 15:00||NIFTY27JAN2625600CE,0.1045335275863763
09-01-2026 15:00||NIFTY27JAN2625700CE,0.1016006282096656
09-01-2026 15:00||NIFTY27JAN2625800CE,0.0995340183400187
09-01-2026 15:00||NIFTY27JAN2626500CE,0.130574995455648
09-01-2026 15:05||NIFTY27JAN2624200PE,0.1485081439858684
09-01-2026 15:05||NIFTY27JAN2624300PE,0.1424535819362878
09-01-2026 15:05||NIFTY27JAN2625000PE,0.1100216238554671
09-01-2026 15:05||NIFTY27JAN2625100PE,0.1076689240001371
09-01-2026 15:05||NIFTY27JAN2625600CE,0.1053621648843376
09-01-2026 15:05||NIFTY27JAN2626500CE,0.1304846570963767
09-01-2026 15:10||NIFTY27JAN2623800PE,0.1558158555676466
09-01-2026 15:10||NIFTY27JAN2624000PE,0.1617965643983953
09-01-2026 15:10||NIFTY27JAN2624600PE,0.1263200476459744
09-01-2026 15:10||NIFTY27JAN2625000PE,0.1106497976127416
09-01-2026 15:10||NIFTY27JAN2625100PE,0.1084281444795828
09-01-2026 15:10||NIFTY27JAN2625200CE,0.1201825372137201
09-01-2026 15:10||NIFTY27JAN2626200CE,0.0968974552953764
09-01-2026 15:15||NIFTY27JAN2624200PE,0.1496425697664321
09-01-2026 15:15||NIFTY27JAN2624300PE,0.1437735089511802
09-01-2026 15:15||NIFTY27JAN2624500PE,0.1326885898190972
09-01-2026 15:15||NIFTY27JAN2624700PE,0.1214671763899203
09-01-2026 15:15||NIFTY27JAN2624900PE,0.1137752936160265
09-01-2026 15:15||NIFTY27JAN2625200CE,0.1201522384820636
09-01-2026 15:15||NIFTY27JAN2625900CE,0.098358460070701
09-01-2026 15:15||NIFTY27JAN2626000CE,0.0972970000754928
09-01-2026 15:20||NIFTY27JAN2623800PE,0.1539661995893113
09-01-2026 15:20||NIFTY27JAN2624700PE,0.1225158145300474
09-01-2026 15:20||NIFTY27JAN2625100PE,0.1063780438386022
09-01-2026 15:20||NIFTY27JAN2625200CE,0.1236255338031591
09-01-2026 15:20||NIFTY27JAN2625300CE,0.118234526437306
09-01-2026 15:20||NIFTY27JAN2625600CE,0.1060441773502518
09-01-2026 15:20||NIFTY27JAN2625800CE,0.1016076627097281
09-01-2026 15:20||NIFTY27JAN2626100CE,0.0977461451279041
09-01-2026 15:25||NIFTY27JAN2624100PE,0.1601879107581557
09-01-2026 15:25||NIFTY27JAN2624200PE,0.1546862417256695
09-01-2026 15:25||NIFTY27JAN2624400PE,0.1434075295492392
09-01-2026 15:25||NIFTY27JAN2625500CE,0.1112090900170453
09-01-2026 15:25||NIFTY27JAN2626000CE,0.1008582017525087
09-01-2026 15:25||NIFTY27JAN2626100CE,0.1001774951384482
12-01-2026 09:15||NIFTY27JAN2624000PE,0.1712941624799353
12-01-2026 09:15||NIFTY27JAN2624900PE,0.1207214905997547
12-01-2026 09:15||NIFTY27JAN2625200CE,0.1273823776993337
12-01-2026 09:15||NIFTY27JAN2626000CE,0.1039595793583815
12-01-2026 09:15||NIFTY27JAN2626100CE,0.1037912222738237
12-01-2026 09:20||NIFTY27JAN2624200PE,0.1616251809216863
12-01-2026 09:20||NIFTY27JAN2624600PE,0.1376869690751066
12-01-2026 09:20||NIFTY27JAN2624800PE,0.1274149878138074
12-01-2026 09:20||NIFTY27JAN2625000PE,0.120123479313782
12-01-2026 09:20||NIFTY27JAN2625100PE,0.1172993142747175
12-01-2026 09:20||NIFTY27JAN2625200CE,0.1290619338515816
12-01-2026 09:20||NIFTY27JAN2625600CE,0.1128741257314237
12-01-2026 09:20||NIFTY27JAN2625800CE,0.1079310241669177
12-01-2026 09:25||NIFTY27JAN2624700PE,0.1316229230319963
12-01-2026 09:25||NIFTY27JAN2625800CE,0.1108728041708718
12-01-2026 09:25||NIFTY27JAN2626200CE,0.1125260607230164
12-01-2026 09:30||NIFTY27JAN2623900PE,0.1752757705821959
12-01-2026 09:30||NIFTY27JAN2624000PE,0.1732536115391857
12-01-2026 09:30||NIFTY27JAN2624400PE,0.1476941585089256
12-01-2026 09:30||NIFTY27JAN2625200CE,0.1363564412638755
12-01-2026 09:30||NIFTY27JAN2625600CE,0.1201658858283824
12-01-2026 09:30||NIFTY27JAN2625800CE,0.1124746148244518
12-01-2026 09:30||NIFTY27JAN2626000CE,0.1125462797502953
12-01-2026 09:35||NIFTY27JAN2623900PE,0.1754811112269662
12-01-2026 09:35||NIFTY27JAN2624500PE,0.1406003741513262
12-01-2026 09:35||NIFTY27JAN2624600PE,0.1344759805532724
12-01-2026 09:35||NIFTY27JAN2624700PE,0.1298267065838226
12-01-2026 09:35||NIFTY27JAN2625000PE,0.1171105289574997
12-01-2026 09:35||NIFTY27JAN2625700CE,0.1158349283727129
12-01-2026 09:35||NIFTY27JAN2625800CE,0.1128908487703183
12-01-2026 09:35||NIFTY27JAN2625900CE,0.1120994321144224
12-01-2026 09:35||NIFTY27JAN2626200CE,0.1134913471763241
12-01-2026 09:35||NIFTY27JAN2626500CE,0.1438454815430267
12-01-2026 09:40||NIFTY27JAN2623900PE,0.1761445520257143
12-01-2026 09:40||NIFTY27JAN2624600PE,0.1352733790819574
12-01-2026 09:40||NIFTY27JAN2624700PE,0.1302521440221814
12-01-2026 09:40||NIFTY27JAN2625200CE,0.1385440548618127
12-01-2026 09:40||NIFTY27JAN2625400CE,0.1289634826031641
12-01-2026 09:45||NIFTY27JAN2623900PE,0.1769366260716361
12-01-2026 09:45||NIFTY27JAN2624800PE,0.1267324743645709
12-01-2026 09:45||NIFTY27JAN2625000PE,0.1172057972879808
12-01-2026 09:45||NIFTY27JAN2626400CE,0.1297004325503512
12-01-2026 09:45||NIFTY27JAN2626500CE,0.1463639490507914
12-01-2026 09:50||NIFTY27JAN2625000PE,0.1181905707033737
12-01-2026 09:50||NIFTY27JAN2625400CE,0.1282181086697027
12-01-2026 09:50||NIFTY27JAN2625900CE,0.1134113753232754
12-01-2026 09:50||NIFTY27JAN2626000CE,0.1119876137758389
12-01-2026 09:55||NIFTY27JAN2623800PE,0.1679185293469796
12-01-2026 09:55||NIFTY27JAN2625000PE,0.1187678810903361
12-01-2026 09:55||NIFTY27JAN2625100PE,0.1157704775594297
12-01-2026 09:55||NIFTY27JAN2625400CE,0.1259040534732327
12-01-2026 09:55||NIFTY27JAN2625700CE,0.1143221498860695
12-01-2026 09:55||NIFTY27JAN2625900CE,0.112074897596554
12-01-2026 09:55||NIFTY27JAN2626200CE,0.1107354876095919
12-01-2026 09:55||NIFTY27JAN2626400CE,0.1201549207363888
12-01-2026 10:00||NIFTY27JAN2624800PE,0.126638800606119
12-01-2026 10:00||NIFTY27JAN2625200CE,0.1310477312309496
12-01-2026 10:00||NIFTY27JAN2625700CE,0.1148748484983113
12-01-2026 10:00||NIFTY27JAN2626100CE,0.110195416239683
12-01-2026 10:00||NIFTY27JAN2626200CE,0.1109096843773454
12-01-2026 10:05||NIFTY27JAN2623900PE,0.1757100099875952
12-01-2026 10:05||NIFTY27JAN2624300PE,0.1556524714168937
12-01-2026 10:05||NIFTY27JAN2624600PE,0.1359953846925489
12-01-2026 10:05||NIFTY27JAN2624700PE,0.1302612171167394
12-01-2026 10:05||NIFTY27JAN2624800PE,0.1258285140793295
12-01-2026 10:05||NIFTY27JAN2625100PE,0.1137893866947166
12-01-2026 10:10||NIFTY27JAN2624000PE,0.1737524003344582
12-01-2026 10:10||NIFTY27JAN2624100PE,0.1677690410120902
12-01-2026 10:10||NIFTY27JAN2624900PE,0.1214645478343146
12-01-2026 10:10||NIFTY27JAN2625600CE,0.1185893865696769
12-01-2026 10:10||NIFTY27JAN2626300CE,0.1157953650549813
12-01-2026 10:10||NIFTY27JAN2626400CE,0.1247775123174039
12-01-2026 10:15||NIFTY27JAN2623800PE,0.1731714992005441
12-01-2026 10:15||NIFTY27JAN2624500PE,0.1430934884351179
12-01-2026 10:15||NIFTY27JAN2624800PE,0.1249939310065254
12-01-2026 10:15||NIFTY27JAN2625000PE,0.1175749346515923
12-01-2026 10:15||NIFTY27JAN2625100PE,0.1149193659774708
12-01-2026 10:15||NIFTY27JAN2626200CE,0.1124439933962172
12-01-2026 10:15||NIFTY27JAN2626400CE,0.1299497436485744
12-01-2026 10:15||NIFTY27JAN2626500CE,0.148664724501692
12-01-2026 10:20||NIFTY27JAN2624200PE,0.1616118303965371
12-01-2026 10:20||NIFTY27JAN2624800PE,0.1248736876779012
12-01-2026 10:20||NIFTY27JAN2624900PE,0.1202252172508686
12-01-2026 10:20||NIFTY27JAN2625200CE,0.1411660229277954
12-01-2026 10:20||NIFTY27JAN2626500CE,0.1475091320601771
12-01-2026 10:25||NIFTY27JAN2623800PE,0.1706095063761594
12-01-2026 10:25||NIFTY27JAN2624300PE,0.1553762500531241
12-01-2026 10:25||NIFTY27JAN2624400PE,0.1493480004817581
12-01-2026 10:25||NIFTY27JAN2624900PE,0.1209606614551029
12-01-2026 10:25||NIFTY27JAN2625200CE,0.1387523633914575
12-01-2026 10:25||NIFTY27JAN2625800CE,0.1112503967268795
12-01-2026 10:25||NIFTY27JAN2625900CE,0.1092806851203795
12-01-2026 10:25||NIFTY27JAN2626000CE,0.1086242174392802
12-01-2026 10:30||NIFTY27JAN2624500PE,0.1435089228618297
12-01-2026 10:30||NIFTY27JAN2625200CE,0.1358014929532076
12-01-2026 10:30||NIFTY27JAN2625800CE,0.1102584982345937
12-01-2026 10:30||NIFTY27JAN2626200CE,0.1096446336879481
12-01-2026 10:35||NIFTY27JAN2624600PE,0.1376918995196437
12-01-2026 10:35||NIFTY27JAN2625400CE,0.1228563321685559
12-01-2026 10:35||NIFTY27JAN2625700CE,0.1123826925911225
12-01-2026 10:35||NIFTY27JAN2626400CE,0.1182953016876056
12-01-2026 10:40||NIFTY27JAN2625000PE,0.1177642392079752
12-01-2026 10:40||NIFTY27JAN2625100PE,0.1140549093360082
12-01-2026 10:40||NIFTY27JAN2625300CE,0.1286331914180679
12-01-2026 10:40||NIFTY27JAN2625400CE,0.1234769435258953
12-01-2026 10:40||NIFTY27JAN2625500CE,0.1196732515184067
12-01-2026 10:40||NIFTY27JAN2626400CE,0.1186015596187924
12-01-2026 10:45||NIFTY27JAN2624400PE,0.1497388485980331
12-01-2026 10:45||NIFTY27JAN2625000PE,0.1171597535562092
12-01-2026 10:45||NIFTY27JAN2626000CE,0.1077143986877807
12-01-2026 10:45||NIFTY27JAN2626200CE,0.1092880680484362
12-01-2026 10:45||NIFTY27JAN2626300CE,0.1112091062976126
12-01-2026 10:50||NIFTY27JAN2623900PE,0.1764128251533074
12-01-2026 10:50||NIFTY27JAN2624900PE,0.1209260613775085
12-01-2026 10:50||NIFTY27JAN2625500CE,0.1176584170495601
12-01-2026 10:50||NIFTY27JAN2625600CE,0.1148133186406075
12-01-2026 10:50||NIFTY27JAN2626200CE,0.1086860729709123
12-01-2026 10:55||NIFTY27JAN2624000PE,0.1745127746462922
12-01-2026 10:55||NIFTY27JAN2624300PE,0.1549507248004812
12-01-2026 10:55||NIFTY27JAN2624400PE,0.1486231865971974
12-01-2026 10:55||NIFTY27JAN2624900PE,0.1199114538537473
12-01-2026 10:55||NIFTY27JAN2625100PE,0.11452859375023
12-01-2026 10:55||NIFTY27JAN2625500CE,0.1170902665555314
12-01-2026 10:55||NIFTY27JAN2626200CE,0.1090103083424469
12-01-2026 10:55||NIFTY27JAN2626400CE,0.1177728056337311
12-01-2026 11:00||NIFTY27JAN2623800PE,0.1669577221093106
12-01-2026 11:00||NIFTY27JAN2624000PE,0.17352392670024
12-01-2026 11:00||NIFTY27JAN2624500PE,0.1418380671403401
12-01-2026 11:00||NIFTY27JAN2624800PE,0.1238745228572755
12-01-2026 11:00||NIFTY27JAN2624900PE,0.1189282572591715
12-01-2026 11:00||NIFTY27JAN2625000PE,0.1156331857816568
12-01-2026 11:00||NIFTY27JAN2625200CE,0.128387934738145
12-01-2026 11:00||NIFTY27JAN2625400CE,0.1215208092958974
12-01-2026 11:00||NIFTY27JAN2625600CE,0.1142680329981378
12-01-2026 11:00||NIFTY27JAN2626000CE,0.1084369033884316
12-01-2026 11:00||NIFTY27JAN2626300CE,0.111975009200064
12-01-2026 11:05||NIFTY27JAN2624100PE,0.1669533045934711
12-01-2026 11:05||NIFTY27JAN2624700PE,0.1298695022145352
12-01-2026 11:05||NIFTY27JAN2625200CE,0.1276981432014312
12-01-2026 11:05||NIFTY27JAN2625500CE,0.1171871767079607
12-01-2026 11:05||NIFTY27JAN2625600CE,0.1139229950186802
12-01-2026 11:05||NIFTY27JAN2625700CE,0.1119180421357136
12-01-2026 11:10||NIFTY27JAN2624400PE,0.1467795043888315
12-01-2026 11:10||NIFTY27JAN2624500PE,0.1408370243593488
12-01-2026 11:10||NIFTY27JAN2625200CE,0.1263840601952404
12-01-2026 11:10||NIFTY27JAN2625800CE,0.1100230492260697
12-01-2026 11:10||NIFTY27JAN2626000CE,0.1082749190527791
12-01-2026 11:15||NIFTY27JAN2625400CE,0.1195029548011091
12-01-2026 11:15||NIFTY27JAN2625700CE,0.1117333878126714
12-01-2026 11:15||NIFTY27JAN2625800CE,0.110058260221683
12-01-2026 11:20||NIFTY27JAN2624800PE,0.1238416950601964
12-01-2026 11:20||NIFTY27JAN2626400CE,0.1204297727684834
12-01-2026 11:25||NIFTY27JAN2623800PE,0.1642971706674197
12-01-2026 11:25||NIFTY27JAN2624200PE,0.1568000900413315
12-01-2026 11:25||NIFTY27JAN2624300PE,0.1509381808393089
12-01-2026 11:25||NIFTY27JAN2624700PE,0.1286978884514863
12-01-2026 11:25||NIFTY27JAN2625400CE,0.1194453732235132
12-01-2026 11:30||NIFTY27JAN2623900PE,0.1704550500505575
12-01-2026 11:30||NIFTY27JAN2624000PE,0.168872254559318
12-01-2026 11:35||NIFTY27JAN2624200PE,0.1566502850484407
12-01-2026 11:35||NIFTY27JAN2624400PE,0.1444611102983546
12-01-2026 11:35||NIFTY27JAN2624700PE,0.128737884684991
12-01-2026 11:35||NIFTY27JAN2624900PE,0.1195069006703148
12-01-2026 11:35||NIFTY27JAN2625300CE,0.1230254349402533
12-01-2026 11:35||NIFTY27JAN2625600CE,0.1148155256808816
12-01-2026 11:35||NIFTY27JAN2625800CE,0.1114071792936469
12-01-2026 11:40||NIFTY27JAN2624300PE,0.1493307399453653
12-01-2026 11:40||NIFTY27JAN2624400PE,0.1435604185220212
12-01-2026 11:40||NIFTY27JAN2625000PE,0.1145999425806831
12-01-2026 11:40||NIFTY27JAN2625200CE,0.129826237532151
12-01-2026 11:40||NIFTY27JAN2625300CE,0.1253688027054571
12-01-2026 11:50||NIFTY27JAN2624700PE,0.1271680117249276
12-01-2026 11:50||NIFTY27JAN2625600CE,0.117003476844981
12-01-2026 11:50||NIFTY27JAN2625800CE,0.1130258983153548
12-01-2026 11:50||NIFTY27JAN2625900CE,0.1120373556449047
12-01-2026 11:55||NIFTY27JAN2624000PE,0.1689794109520629
12-01-2026 11:55||NIFTY27JAN2624900PE,0.1181736988600954
12-01-2026 11:55||NIFTY27JAN2625100PE,0.1130601536546715
12-01-2026 11:55||NIFTY27JAN2625700CE,0.1136006449690602
12-01-2026 11:55||NIFTY27JAN2626000CE,0.1107627356195627
12-01-2026 11:55||NIFTY27JAN2626500CE,0.1423245362422464
12-01-2026 12:00||NIFTY27JAN2624100PE,0.1624343226407794
12-01-2026 12:00||NIFTY27JAN2624900PE,0.1172852997885783
12-01-2026 12:00||NIFTY27JAN2625100PE,0.1123695215701622
12-01-2026 12:00||NIFTY27JAN2625900CE,0.1108239655719234
12-01-2026 12:05||NIFTY27JAN2624000PE,0.1690295936159721
12-01-2026 12:05||NIFTY27JAN2624900PE,0.1158201650054138
12-01-2026 12:05||NIFTY27JAN2625500CE,0.1227125040356226
12-01-2026 12:05||NIFTY27JAN2625800CE,0.113364287913046
12-01-2026 12:05||NIFTY27JAN2626000CE,0.1120903677846651
12-01-2026 12:10||NIFTY27JAN2623800PE,0.1654007794014719
12-01-2026 12:10||NIFTY27JAN2624200PE,0.156720895574642
12-01-2026 12:10||NIFTY27JAN2624700PE,0.1252247155526247
12-01-2026 12:10||NIFTY27JAN2624800PE,0.1199141811696265
12-01-2026 12:10||NIFTY27JAN2625000PE,0.1113413921577241
12-01-2026 12:10||NIFTY27JAN2625800CE,0.116124190523238
12-01-2026 12:15||NIFTY27JAN2625100PE,0.1093688364331642
12-01-2026 12:15||NIFTY27JAN2625900CE,0.1161103166704374
12-01-2026 12:15||NIFTY27JAN2626200CE,0.1145220834486493
12-01-2026 12:20||NIFTY27JAN2624400PE,0.1485625923154061
12-01-2026 12:20||NIFTY27JAN2624700PE,0.1301559952780646
12-01-2026 12:20||NIFTY27JAN2625100PE,0.1125616318556118
12-01-2026 12:20||NIFTY27JAN2625300CE,0.1379321561424849
12-01-2026 12:20||NIFTY27JAN2625500CE,0.1278559186190153
12-01-2026 12:20||NIFTY27JAN2626400CE,0.1205988861299824
12-01-2026 12:25||NIFTY27JAN2624800PE,0.1274292263987989
12-01-2026 12:25||NIFTY27JAN2625200CE,0.1481601990897592
12-01-2026 12:25||NIFTY27JAN2626300CE,0.1151085044685878
12-01-2026 12:30||NIFTY27JAN2623800PE,0.1724509066195604
12-01-2026 12:30||NIFTY27JAN2624800PE,0.1293408461718473
12-01-2026 12:30||NIFTY27JAN2624900PE,0.1244237069515933
12-01-2026 12:30||NIFTY27JAN2625500CE,0.1265189595184974
12-01-2026 12:30||NIFTY27JAN2625700CE,0.119268547515267
12-01-2026 12:30||NIFTY27JAN2626500CE,0.1405387998183087
12-01-2026 12:35||NIFTY27JAN2624300PE,0.1589192717227427
12-01-2026 12:35||NIFTY27JAN2624600PE,0.1415131134091032
12-01-2026 12:35||NIFTY27JAN2624900PE,0.1254376343522807
12-01-2026 12:35||NIFTY27JAN2625100PE,0.116350047088676
12-01-2026 12:35||NIFTY27JAN2626000CE,0.1156278330376227
12-01-2026 12:35||NIFTY27JAN2626300CE,0.1151512295222508
12-01-2026 12:40||NIFTY27JAN2624300PE,0.1588059531090206
12-01-2026 12:40||NIFTY27JAN2624400PE,0.1528789971275204
12-01-2026 12:40||NIFTY27JAN2624500PE,0.1476283391737423
12-01-2026 12:40||NIFTY27JAN2625000PE,0.1217486559377173
12-01-2026 12:40||NIFTY27JAN2625300CE,0.1345129867442734
12-01-2026 12:40||NIFTY27JAN2625500CE,0.1259152107701282
12-01-2026 12:40||NIFTY27JAN2626000CE,0.1158691288895437
12-01-2026 12:40||NIFTY27JAN2626200CE,0.1135566764662404
12-01-2026 12:45||NIFTY27JAN2624300PE,0.1608125015925006
12-01-2026 12:45||NIFTY27JAN2624500PE,0.1489374820917443
12-01-2026 12:45||NIFTY27JAN2624800PE,0.132586713899588
12-01-2026 12:45||NIFTY27JAN2625000PE,0.1234135716917005
12-01-2026 12:45||NIFTY27JAN2625300CE,0.1331884471064587
12-01-2026 12:45||NIFTY27JAN2625700CE,0.1213544855713464
12-01-2026 12:45||NIFTY27JAN2625800CE,0.1190516223697518
12-01-2026 12:45||NIFTY27JAN2626000CE,0.1149514449847968
12-01-2026 12:45||NIFTY27JAN2626200CE,0.1129226975617005
12-01-2026 12:45||NIFTY27JAN2626400CE,0.1197354684443037
12-01-2026 12:50||NIFTY27JAN2624500PE,0.1490077147827217
12-01-2026 12:50||NIFTY27JAN2625300CE,0.1337840953862724
12-01-2026 12:50||NIFTY27JAN2625800CE,0.1176712415831561
12-01-2026 12:55||NIFTY27JAN2624500PE,0.1475745089212412
12-01-2026 12:55||NIFTY27JAN2624600PE,0.1416014892789532
12-01-2026 12:55||NIFTY27JAN2624700PE,0.1371910808529192
12-01-2026 12:55||NIFTY27JAN2625000PE,0.1236775281154825
12-01-2026 12:55||NIFTY27JAN2625400CE,0.1301670871114496
12-01-2026 12:55||NIFTY27JAN2625900CE,0.1153594923268965
12-01-2026 12:55||NIFTY27JAN2626200CE,0.1127891958009321
12-01-2026 13:00||NIFTY27JAN2624200PE,0.1675173867391008
12-01-2026 13:00||NIFTY27JAN2624500PE,0.1472849455176596
12-01-2026 13:00||NIFTY27JAN2624600PE,0.1413598049026206
12-01-2026 13:00||NIFTY27JAN2625500CE,0.1264865908622293
12-01-2026 13:00||NIFTY27JAN2626000CE,0.1141689258811157
12-01-2026 13:00||NIFTY27JAN2626100CE,0.1132308563805455
12-01-2026 13:00||NIFTY27JAN2626300CE,0.114312275745539
12-01-2026 13:00||NIFTY27JAN2626500CE,0.1420999460820006
12-01-2026 13:05||NIFTY27JAN2623900PE,0.1808836109714087
12-01-2026 13:05||NIFTY27JAN2624200PE,0.1674117444362375
12-01-2026 13:05||NIFTY27JAN2624500PE,0.1482908575286284
12-01-2026 13:05||NIFTY27JAN2624900PE,0.1273019311566815
12-01-2026 13:05||NIFTY27JAN2625300CE,0.1359568621558818
12-01-2026 13:05||NIFTY27JAN2625500CE,0.1271251420570538
12-01-2026 13:05||NIFTY27JAN2626400CE,0.1213384161148557
12-01-2026 13:10||NIFTY27JAN2624700PE,0.1364065550031211
12-01-2026 13:10||NIFTY27JAN2624800PE,0.1315460532475859
12-01-2026 13:10||NIFTY27JAN2626400CE,0.1187188787947387
12-01-2026 13:15||NIFTY27JAN2623800PE,0.1715136412256852
12-01-2026 13:15||NIFTY27JAN2624500PE,0.1494347051756438
12-01-2026 13:15||NIFTY27JAN2624700PE,0.1367336054033201
12-01-2026 13:15||NIFTY27JAN2624800PE,0.1319646285427164
12-01-2026 13:15||NIFTY27JAN2625100PE,0.1198211561683021
12-01-2026 13:15||NIFTY27JAN2625500CE,0.1227865624619898
12-01-2026 13:15||NIFTY27JAN2625800CE,0.1139925487534513
12-01-2026 13:15||NIFTY27JAN2626100CE,0.1101442109967858
12-01-2026 13:15||NIFTY27JAN2626300CE,0.1120625827834235
12-01-2026 13:15||NIFTY27JAN2626400CE,0.1201710732081645
12-01-2026 13:20||NIFTY27JAN2624200PE,0.1665064718377067
12-01-2026 13:20||NIFTY27JAN2624300PE,0.1604670421328904
12-01-2026 13:20||NIFTY27JAN2625000PE,0.1241075064783092
12-01-2026 13:20||NIFTY27JAN2625200CE,0.1280563723116365
12-01-2026 13:20||NIFTY27JAN2625500CE,0.1217801139466664
12-01-2026 13:20||NIFTY27JAN2626200CE,0.1102364011633831
12-01-2026 13:20||NIFTY27JAN2626500CE,0.1472708921478166
12-01-2026 13:25||NIFTY27JAN2624300PE,0.1601772459613338
12-01-2026 13:25||NIFTY27JAN2624500PE,0.1480015068338588
12-01-2026 13:25||NIFTY27JAN2624600PE,0.1422719756024645
12-01-2026 13:25||NIFTY27JAN2624800PE,0.132287556215791
12-01-2026 13:25||NIFTY27JAN2625500CE,0.1215733031209266
12-01-2026 13:25||NIFTY27JAN2625800CE,0.1151179223432719
12-01-2026 13:25||NIFTY27JAN2626000CE,0.1124715658103763
12-01-2026 13:25||NIFTY27JAN2626400CE,0.1303426398854375
12-01-2026 13:25||NIFTY27JAN2626500CE,0.15007385644512
12-01-2026 13:30||NIFTY27JAN2623900PE,0.1800339711603925
12-01-2026 13:30||NIFTY27JAN2624400PE,0.1549221565759495
12-01-2026 13:30||NIFTY27JAN2624800PE,0.1318341740506178
12-01-2026 13:30||NIFTY27JAN2624900PE,0.1275132737255258
12-01-2026 13:30||NIFTY27JAN2625100PE,0.1204509701517743
12-01-2026 13:30||NIFTY27JAN2625300CE,0.13391631961053
12-01-2026 13:30||NIFTY27JAN2625500CE,0.1214524267919748
12-01-2026 13:30||NIFTY27JAN2625600CE,0.1172018722523045
12-01-2026 13:30||NIFTY27JAN2625700CE,0.11595025782376
12-01-2026 13:35||NIFTY27JAN2624700PE,0.1377726751683703
12-01-2026 13:35||NIFTY27JAN2624900PE,0.1278930594450016
12-01-2026 13:35||NIFTY27JAN2625500CE,0.1201535765850938
12-01-2026 13:35||NIFTY27JAN2625600CE,0.1164596584693196
12-01-2026 13:35||NIFTY27JAN2625900CE,0.112977678574047
12-01-2026 13:40||NIFTY27JAN2623900PE,0.1785440761031481
12-01-2026 13:40||NIFTY27JAN2624000PE,0.1786785003486551
12-01-2026 13:40||NIFTY27JAN2624100PE,0.1739218830515481
12-01-2026 13:40||NIFTY27JAN2624800PE,0.1329054759879061
12-01-2026 13:40||NIFTY27JAN2624900PE,0.1284291371231536
12-01-2026 13:40||NIFTY27JAN2625200CE,0.1330655569685239
12-01-2026 13:40||NIFTY27JAN2625400CE,0.124623264227176
12-01-2026 13:40||NIFTY27JAN2626100CE,0.1083406069892792
12-01-2026 13:40||NIFTY27JAN2626200CE,0.1081574340457037
12-01-2026 13:45||NIFTY27JAN2623800PE,0.1685896619477359
12-01-2026 13:45||NIFTY27JAN2623900PE,0.1790779335694786
12-01-2026 13:45||NIFTY27JAN2624600PE,0.1444685078266364
12-01-2026 13:45||NIFTY27JAN2625100PE,0.1203931936842008
12-01-2026 13:50||NIFTY27JAN2624200PE,0.168935666879289
12-01-2026 13:50||NIFTY27JAN2625200CE,0.137248186019672
12-01-2026 13:50||NIFTY27JAN2625300CE,0.1307632077969143
12-01-2026 13:50||NIFTY27JAN2625400CE,0.1264692412653522
12-01-2026 13:50||NIFTY27JAN2626200CE,0.1083314017784919
12-01-2026 13:55||NIFTY27JAN2623800PE,0.1711253829744736
12-01-2026 13:55||NIFTY27JAN2624000PE,0.1804074663649453
12-01-2026 13:55||NIFTY27JAN2624100PE,0.1747910811930063
12-01-2026 13:55||NIFTY27JAN2624700PE,0.138886560120579
12-01-2026 13:55||NIFTY27JAN2624900PE,0.1286502300986528
12-01-2026 13:55||NIFTY27JAN2626100CE,0.1082761691639798
12-01-2026 13:55||NIFTY27JAN2626400CE,0.1159981686741711
12-01-2026 14:00||NIFTY27JAN2624000PE,0.1808140522894991
12-01-2026 14:00||NIFTY27JAN2624400PE,0.1555525161320677
12-01-2026 14:00||NIFTY27JAN2624500PE,0.1491172325845162
12-01-2026 14:00||NIFTY27JAN2624600PE,0.1436294340185906
12-01-2026 14:00||NIFTY27JAN2625000PE,0.1235147983824909
12-01-2026 14:00||NIFTY27JAN2625400CE,0.1246477814856297
12-01-2026 14:00||NIFTY27JAN2625600CE,0.1186176086201764
12-01-2026 14:00||NIFTY27JAN2625700CE,0.1151849432466639
12-01-2026 14:00||NIFTY27JAN2626300CE,0.1120151968394423
12-01-2026 14:00||NIFTY27JAN2626400CE,0.1213235587109017
12-01-2026 14:05||NIFTY27JAN2624400PE,0.1560460713975164
12-01-2026 14:05||NIFTY27JAN2624600PE,0.1436020320314379
12-01-2026 14:05||NIFTY27JAN2624800PE,0.1332397572918018
12-01-2026 14:05||NIFTY27JAN2625800CE,0.1118326712781342
12-01-2026 14:05||NIFTY27JAN2626000CE,0.1083716893189309
12-01-2026 14:05||NIFTY27JAN2626200CE,0.1087587791500124
12-01-2026 14:05||NIFTY27JAN2626400CE,0.1254014262076244
12-01-2026 14:05||NIFTY27JAN2626500CE,0.1439398931794932
12-01-2026 14:10||NIFTY27JAN2624100PE,0.174907769117637
12-01-2026 14:10||NIFTY27JAN2624600PE,0.1441319635152297
12-01-2026 14:10||NIFTY27JAN2624800PE,0.1330996294619227
12-01-2026 14:10||NIFTY27JAN2625200CE,0.1372075604512655
12-01-2026 14:10||NIFTY27JAN2625500CE,0.1215734406257829
12-01-2026 14:10||NIFTY27JAN2626400CE,0.121032720822865
12-01-2026 14:15||NIFTY27JAN2624100PE,0.1743119677207363
12-01-2026 14:15||NIFTY27JAN2624200PE,0.1683367127994497
12-01-2026 14:15||NIFTY27JAN2624900PE,0.1277122953976626
12-01-2026 14:15||NIFTY27JAN2625800CE,0.1131019660592323
12-01-2026 14:20||NIFTY27JAN2624400PE,0.1545965651244498
12-01-2026 14:20||NIFTY27JAN2624500PE,0.1481609232273293
12-01-2026 14:20||NIFTY27JAN2624600PE,0.1430700535264399
12-01-2026 14:20||NIFTY27JAN2625000PE,0.1226536104151302
12-01-2026 14:20||NIFTY27JAN2625200CE,0.1387543624312394
12-01-2026 14:20||NIFTY27JAN2625700CE,0.1172528040789093
12-01-2026 14:20||NIFTY27JAN2626200CE,0.108730387850023
12-01-2026 14:20||NIFTY27JAN2626500CE,0.1449126458671654
12-01-2026 14:25||NIFTY27JAN2623900PE,0.1828608808457446
12-01-2026 14:25||NIFTY27JAN2624200PE,0.1690217421261994
12-01-2026 14:25||NIFTY27JAN2624500PE,0.1491921051014348
12-01-2026 14:25||NIFTY27JAN2624600PE,0.1438738172516702
12-01-2026 14:25||NIFTY27JAN2626300CE,0.1102698147861938
12-01-2026 14:25||NIFTY27JAN2626500CE,0.1454333494637753
12-01-2026 14:30||NIFTY27JAN2623900PE,0.182014843066823
12-01-2026 14:30||NIFTY27JAN2624200PE,0.1688134479921678
12-01-2026 14:30||NIFTY27JAN2625200CE,0.1392483433641376
12-01-2026 14:30||NIFTY27JAN2625700CE,0.1154096066232287
12-01-2026 14:30||NIFTY27JAN2626200CE,0.1080633537818461
12-01-2026 14:35||NIFTY27JAN2624500PE,0.1502480304761181
12-01-2026 14:35||NIFTY27JAN2625100PE,0.1208297880982835
12-01-2026 14:35||NIFTY27JAN2625900CE,0.1103982437729705
12-01-2026 14:35||NIFTY27JAN2626000CE,0.1084374178993763
12-01-2026 14:35||NIFTY27JAN2626100CE,0.1080355546326697
12-01-2026 14:35||NIFTY27JAN2626400CE,0.1254062906101674
12-01-2026 14:35||NIFTY27JAN2626500CE,0.1442845431594531
12-01-2026 14:40||NIFTY27JAN2624100PE,0.1751066989263007
12-01-2026 14:40||NIFTY27JAN2624300PE,0.1628100275182729
12-01-2026 14:40||NIFTY27JAN2624500PE,0.1505295717144688
12-01-2026 14:40||NIFTY27JAN2625100PE,0.1210082604264832
12-01-2026 14:40||NIFTY27JAN2625300CE,0.1365233735565345
12-01-2026 14:40||NIFTY27JAN2625600CE,0.1205350285125469
12-01-2026 14:40||NIFTY27JAN2626400CE,0.1228873413558462
12-01-2026 14:45||NIFTY27JAN2624000PE,0.1817701393766091
12-01-2026 14:45||NIFTY27JAN2624600PE,0.1451965224678388
12-01-2026 14:45||NIFTY27JAN2625000PE,0.1243683371917429
12-01-2026 14:45||NIFTY27JAN2625300CE,0.1340753251645381
12-01-2026 14:45||NIFTY27JAN2625500CE,0.1226376712668581
12-01-2026 14:45||NIFTY27JAN2626000CE,0.1088612299011766
12-01-2026 14:45||NIFTY27JAN2626100CE,0.1078746896370967
12-01-2026 14:45||NIFTY27JAN2626200CE,0.1074585756932654
12-01-2026 14:45||NIFTY27JAN2626500CE,0.140398423453234
12-01-2026 14:50||NIFTY27JAN2624000PE,0.182241064426035
12-01-2026 14:50||NIFTY27JAN2624400PE,0.1573309534595772
12-01-2026 14:50||NIFTY27JAN2624800PE,0.1335547889552687
12-01-2026 14:50||NIFTY27JAN2625100PE,0.1208385348161949
12-01-2026 14:50||NIFTY27JAN2625600CE,0.1191247852811508
12-01-2026 14:50||NIFTY27JAN2626000CE,0.1091343809877935
12-01-2026 14:50||NIFTY27JAN2626300CE,0.107996644310042
12-01-2026 14:50||NIFTY27JAN2626400CE,0.1159548616808286
12-01-2026 14:55||NIFTY27JAN2624300PE,0.1632251448644752
12-01-2026 14:55||NIFTY27JAN2624500PE,0.150965564649139
12-01-2026 14:55||NIFTY27JAN2624700PE,0.1384185728486913
12-01-2026 14:55||NIFTY27JAN2624900PE,0.1282403140941135
12-01-2026 14:55||NIFTY27JAN2625100PE,0.1205891624171581
12-01-2026 14:55||NIFTY27JAN2626200CE,0.1069728968566685
12-01-2026 15:00||NIFTY27JAN2623800PE,0.169532332327879
12-01-2026 15:00||NIFTY27JAN2623900PE,0.1817794468582826
12-01-2026 15:00||NIFTY27JAN2624300PE,0.1629514896160587
12-01-2026 15:00||NIFTY27JAN2624700PE,0.1384909805110552
12-01-2026 15:00||NIFTY27JAN2624800PE,0.133037124176415
12-01-2026 15:00||NIFTY27JAN2626000CE,0.1078519435945356
12-01-2026 15:00||NIFTY27JAN2626100CE,0.1066716279443325
12-01-2026 15:05||NIFTY27JAN2623800PE,0.1696507410071135
12-01-2026 15:05||NIFTY27JAN2624200PE,0.1696301301083864
12-01-2026 15:05||NIFTY27JAN2624300PE,0.1632724637581348
12-01-2026 15:05||NIFTY27JAN2624900PE,0.1288489946121225
12-01-2026 15:05||NIFTY27JAN2625900CE,0.1080906572591166
12-01-2026 15:05||NIFTY27JAN2626200CE,0.105302698909157
12-01-2026 15:10||NIFTY27JAN2624000PE,0.1827908846358439
12-01-2026 15:10||NIFTY27JAN2624500PE,0.1512365471351052
12-01-2026 15:10||NIFTY27JAN2624600PE,0.1452825008269153
12-01-2026 15:10||NIFTY27JAN2625200CE,0.1353531863200483
12-01-2026 15:10||NIFTY27JAN2625600CE,0.1147853312326199
12-01-2026 15:10||NIFTY27JAN2625900CE,0.1076832700691186
12-01-2026 15:10||NIFTY27JAN2626200CE,0.1049827961582749
12-01-2026 15:10||NIFTY27JAN2626300CE,0.1052381070864402
12-01-2026 15:10||NIFTY27JAN2626400CE,0.1112096382466538
12-01-2026 15:15||NIFTY27JAN2623900PE,0.1831713892370183
12-01-2026 15:15||NIFTY27JAN2624000PE,0.1833533840491681
12-01-2026 15:15||NIFTY27JAN2624500PE,0.1516485153528377
12-01-2026 15:15||NIFTY27JAN2624900PE,0.1292032185237049
12-01-2026 15:15||NIFTY27JAN2625200CE,0.1390284672625797
12-01-2026 15:15||NIFTY27JAN2625400CE,0.1246873459268338
12-01-2026 15:15||NIFTY27JAN2625500CE,0.1196123195044307
12-01-2026 15:20||NIFTY27JAN2624100PE,0.1783279648381932
12-01-2026 15:20||NIFTY27JAN2624200PE,0.1720409112521861
12-01-2026 15:20||NIFTY27JAN2624400PE,0.1591675965867498
12-01-2026 15:20||NIFTY27JAN2624500PE,0.1527744760992118
12-01-2026 15:20||NIFTY27JAN2625000PE,0.1241365351615986
12-01-2026 15:20||NIFTY27JAN2625200CE,0.1369690358256761
12-01-2026 15:20||NIFTY27JAN2625300CE,0.1293491749369712
12-01-2026 15:20||NIFTY27JAN2626200CE,0.1039810233122886
12-01-2026 15:20||NIFTY27JAN2626300CE,0.1040532239931495
12-01-2026 15:25||NIFTY27JAN2624200PE,0.1731528651071305
12-01-2026 15:25||NIFTY27JAN2624600PE,0.1480526504670264
12-01-2026 15:25||NIFTY27JAN2625400CE,0.1162295950977586
12-01-2026 15:25||NIFTY27JAN2625500CE,0.1139878915473568
12-01-2026 15:25||NIFTY27JAN2625700CE,0.1083920175699756
13-01-2026 09:15||NIFTY27JAN2624000PE,0.1873555646492911
13-01-2026 09:15||NIFTY27JAN2624700PE,0.1426191998874356
13-01-2026 09:15||NIFTY27JAN2625500CE,0.1095865205099216
13-01-2026 09:15||NIFTY27JAN2625600CE,0.1078292744405272
13-01-2026 09:15||NIFTY27JAN2625800CE,0.1038143817166302
13-01-2026 09:15||NIFTY27JAN2625900CE,0.1027917487864778
13-01-2026 09:15||NIFTY27JAN2626100CE,0.1007353684318391
13-01-2026 09:20||NIFTY27JAN2623800PE,0.1736332950129293
13-01-2026 09:20||NIFTY27JAN2624500PE,0.1554090251374094
13-01-2026 09:20||NIFTY27JAN2624600PE,0.1490134383930915
13-01-2026 09:20||NIFTY27JAN2624800PE,0.138256025041497
13-01-2026 09:25||NIFTY27JAN2623800PE,0.1730479426655523
13-01-2026 09:25||NIFTY27JAN2624200PE,0.1744726217691827
13-01-2026 09:25||NIFTY27JAN2624400PE,0.1619149132191159
13-01-2026 09:25||NIFTY27JAN2624600PE,0.1495216362637605
13-01-2026 09:25||NIFTY27JAN2624800PE,0.1391065691833152
13-01-2026 09:25||NIFTY27JAN2625300CE,0.1019729978700219
13-01-2026 09:25||NIFTY27JAN2625500CE,0.1003025436133815
13-01-2026 09:30||NIFTY27JAN2624500PE,0.1546975569928915
13-01-2026 09:30||NIFTY27JAN2625300CE,0.1039891773174779
13-01-2026 09:30||NIFTY27JAN2625500CE,0.1015700301748672
13-01-2026 09:30||NIFTY27JAN2625700CE,0.0990119116228122
13-01-2026 09:30||NIFTY27JAN2626000CE,0.1002911748674036
13-01-2026 09:30||NIFTY27JAN2626200CE,0.1014671199452787
13-01-2026 09:35||NIFTY27JAN2624000PE,0.1847404253054953
13-01-2026 09:35||NIFTY27JAN2625000PE,0.1262794527447202
13-01-2026 09:35||NIFTY27JAN2625300CE,0.1116309000470371
13-01-2026 09:35||NIFTY27JAN2625700CE,0.1040013137038182
13-01-2026 09:35||NIFTY27JAN2625800CE,0.1038001798294773
13-01-2026 09:40||NIFTY27JAN2625200CE,0.1139409042214862
13-01-2026 09:40||NIFTY27JAN2625400CE,0.11104460234498
13-01-2026 09:40||NIFTY27JAN2625600CE,0.1061237945657913
13-01-2026 09:45||NIFTY27JAN2623800PE,0.1718700635459854
13-01-2026 09:45||NIFTY27JAN2624500PE,0.1519905269118319
13-01-2026 09:45||NIFTY27JAN2625400CE,0.1089452007112019
13-01-2026 09:45||NIFTY27JAN2625800CE,0.1042109893657046
13-01-2026 09:45||NIFTY27JAN2625900CE,0.1040296017522859
13-01-2026 09:50||NIFTY27JAN2623900PE,0.184073133809525
13-01-2026 09:50||NIFTY27JAN2624500PE,0.1515064306467748
13-01-2026 09:50||NIFTY27JAN2624600PE,0.1455393134145085
13-01-2026 09:50||NIFTY27JAN2625000PE,0.1277185413227397
13-01-2026 09:50||NIFTY27JAN2625100PE,0.124280825708952
13-01-2026 09:50||NIFTY27JAN2626300CE,0.1053483014330059
13-01-2026 09:55||NIFTY27JAN2624100PE,0.1749905960474174
13-01-2026 09:55||NIFTY27JAN2624200PE,0.1681904041366688
13-01-2026 09:55||NIFTY27JAN2624300PE,0.1625709724795303
13-01-2026 09:55||NIFTY27JAN2624700PE,0.1392237347674269
13-01-2026 09:55||NIFTY27JAN2625600CE,0.1105433404577849
13-01-2026 10:00||NIFTY27JAN2624200PE,0.168183450064619
13-01-2026 10:00||NIFTY27JAN2626300CE,0.1102613669834962
13-01-2026 10:00||NIFTY27JAN2626500CE,0.1406609272517914
13-01-2026 10:05||NIFTY27JAN2624000PE,0.1821871527597723
13-01-2026 10:05||NIFTY27JAN2624800PE,0.1334827147681021
13-01-2026 10:05||NIFTY27JAN2626400CE,0.1170571524777812
13-01-2026 10:10||NIFTY27JAN2624100PE,0.176546221425444
13-01-2026 10:10||NIFTY27JAN2624200PE,0.1703984952524741
13-01-2026 10:10||NIFTY27JAN2624500PE,0.1521070624518545
13-01-2026 10:10||NIFTY27JAN2624700PE,0.1399931216538983
13-01-2026 10:10||NIFTY27JAN2625100PE,0.1228040535974114
13-01-2026 10:10||NIFTY27JAN2625800CE,0.1044947881657375
13-01-2026 10:15||NIFTY27JAN2624500PE,0.1523130253168857
13-01-2026 10:15||NIFTY27JAN2624800PE,0.1348287986780685
13-01-2026 10:15||NIFTY27JAN2624900PE,0.1301981702067467
13-01-2026 10:15||NIFTY27JAN2625100PE,0.1229793239186949
13-01-2026 10:15||NIFTY27JAN2625800CE,0.1031864337564756
13-01-2026 10:20||NIFTY27JAN2623900PE,0.1855435439079172
13-01-2026 10:20||NIFTY27JAN2624100PE,0.1780986840410615
13-01-2026 10:20||NIFTY27JAN2625300CE,0.118541224848597
13-01-2026 10:20||NIFTY27JAN2625700CE,0.106667663837787
13-01-2026 10:20||NIFTY27JAN2626500CE,0.1399700227364552
13-01-2026 10:25||NIFTY27JAN2623900PE,0.1855920863023286
13-01-2026 10:25||NIFTY27JAN2624200PE,0.1722762059584783
13-01-2026 10:25||NIFTY27JAN2624500PE,0.152052408910667
13-01-2026 10:25||NIFTY27JAN2624700PE,0.139548465208643
13-01-2026 10:25||NIFTY27JAN2625100PE,0.1213566352238064
13-01-2026 10:25||NIFTY27JAN2625700CE,0.1086576845195183
13-01-2026 10:30||NIFTY27JAN2623800PE,0.172946577767773
13-01-2026 10:30||NIFTY27JAN2624400PE,0.1594562875271581
13-01-2026 10:30||NIFTY27JAN2624600PE,0.14580423120369
13-01-2026 10:30||NIFTY27JAN2624700PE,0.1400636935841588
13-01-2026 10:30||NIFTY27JAN2624900PE,0.1299400116488275
13-01-2026 10:30||NIFTY27JAN2625300CE,0.1208558082269337
13-01-2026 10:30||NIFTY27JAN2625900CE,0.1051062353179587
13-01-2026 10:30||NIFTY27JAN2626000CE,0.1048160810171972
13-01-2026 10:30||NIFTY27JAN2626100CE,0.104277917533378
13-01-2026 10:30||NIFTY27JAN2626400CE,0.1116390038322856
13-01-2026 10:35||NIFTY27JAN2623800PE,0.1720825822852451
13-01-2026 10:35||NIFTY27JAN2623900PE,0.1849699712779313
13-01-2026 10:35||NIFTY27JAN2624300PE,0.1662791077359047
13-01-2026 10:35||NIFTY27JAN2624600PE,0.1465901989202507
13-01-2026 10:35||NIFTY27JAN2625000PE,0.12573781276
13-01-2026 10:35||NIFTY27JAN2626000CE,0.1031891744468562
13-01-2026 10:35||NIFTY27JAN2626100CE,0.1029714174013849
13-01-2026 10:40||NIFTY27JAN2623900PE,0.1841221882001753
13-01-2026 10:40||NIFTY27JAN2624000PE,0.1846961830898708
13-01-2026 10:40||NIFTY27JAN2624400PE,0.1584464318298414
13-01-2026 10:40||NIFTY27JAN2624500PE,0.1522142976625334
13-01-2026 10:40||NIFTY27JAN2624800PE,0.1350541127235516
13-01-2026 10:40||NIFTY27JAN2626300CE,0.1042712029892488
13-01-2026 10:45||NIFTY27JAN2623900PE,0.1840330729398814
13-01-2026 10:45||NIFTY27JAN2624900PE,0.1284832128712946
13-01-2026 10:45||NIFTY27JAN2625200CE,0.1169695299580687
13-01-2026 10:45||NIFTY27JAN2625600CE,0.1072999692877906
13-01-2026 10:50||NIFTY27JAN2624900PE,0.1278178800600616
13-01-2026 10:50||NIFTY27JAN2625000PE,0.123148547045339
13-01-2026 10:50||NIFTY27JAN2625500CE,0.1106327776921213
13-01-2026 10:50||NIFTY27JAN2625600CE,0.1086391375136944
13-01-2026 10:50||NIFTY27JAN2625700CE,0.1066129871571662
13-01-2026 10:50||NIFTY27JAN2625900CE,0.1037471488081492
13-01-2026 10:55||NIFTY27JAN2624300PE,0.1633676985610757
13-01-2026 10:55||NIFTY27JAN2624400PE,0.157402642824713
13-01-2026 10:55||NIFTY27JAN2625200CE,0.1174109247602274
13-01-2026 10:55||NIFTY27JAN2625700CE,0.1078008281373876
13-01-2026 10:55||NIFTY27JAN2626400CE,0.110014283487222
13-01-2026 11:00||NIFTY27JAN2623900PE,0.1827180772873254
13-01-2026 11:00||NIFTY27JAN2624200PE,0.1694324897535477
13-01-2026 11:00||NIFTY27JAN2625000PE,0.1237209293950468
13-01-2026 11:00||NIFTY27JAN2625700CE,0.1085836162531162
13-01-2026 11:00||NIFTY27JAN2625800CE,0.1069378910053303
13-01-2026 11:00||NIFTY27JAN2626400CE,0.1105596646229922
13-01-2026 11:05||NIFTY27JAN2624100PE,0.1761686054055805
13-01-2026 11:05||NIFTY27JAN2624800PE,0.1341654205135733
13-01-2026 11:05||NIFTY27JAN2625100PE,0.1232661072336418
13-01-2026 11:05||NIFTY27JAN2625800CE,0.1068238780002407
13-01-2026 11:10||NIFTY27JAN2623900PE,0.1826274497205954
13-01-2026 11:10||NIFTY27JAN2624800PE,0.1347771530568078
13-01-2026 11:10||NIFTY27JAN2624900PE,0.1306785991475815
13-01-2026 11:10||NIFTY27JAN2625000PE,0.1275008857826631
13-01-2026 11:10||NIFTY27JAN2625100PE,0.1252581932315888
13-01-2026 11:10||NIFTY27JAN2625900CE,0.1043171665755021
13-01-2026 11:10||NIFTY27JAN2626400CE,0.1100868423859022
13-01-2026 11:15||NIFTY27JAN2624500PE,0.1506206281317601
13-01-2026 11:15||NIFTY27JAN2625100PE,0.1229053710455258
13-01-2026 11:15||NIFTY27JAN2625200CE,0.1199788292945865
13-01-2026 11:15||NIFTY27JAN2625300CE,0.1147343999239399
13-01-2026 11:20||NIFTY27JAN2624900PE,0.1278448476943465
13-01-2026 11:20||NIFTY27JAN2626100CE,0.1017177279828932
13-01-2026 11:25||NIFTY27JAN2624000PE,0.1820079775325492
13-01-2026 11:25||NIFTY27JAN2624500PE,0.1498291197303109
13-01-2026 11:25||NIFTY27JAN2624800PE,0.1322322527988592
13-01-2026 11:25||NIFTY27JAN2625600CE,0.1096512661318158
13-01-2026 11:25||NIFTY27JAN2626000CE,0.1027290691837855
13-01-2026 11:25||NIFTY27JAN2626200CE,0.1021309815513511
13-01-2026 11:25||NIFTY27JAN2626400CE,0.1096362517630099
13-01-2026 11:30||NIFTY27JAN2625100PE,0.1190162889062144
13-01-2026 11:30||NIFTY27JAN2625500CE,0.1117445401790563
13-01-2026 11:30||NIFTY27JAN2625800CE,0.1045731772093223
13-01-2026 11:30||NIFTY27JAN2625900CE,0.1029920121224334
13-01-2026 11:35||NIFTY27JAN2623800PE,0.1730681434839435
13-01-2026 11:35||NIFTY27JAN2623900PE,0.1828081590749054
13-01-2026 11:35||NIFTY27JAN2624100PE,0.1761954645818978
13-01-2026 11:35||NIFTY27JAN2624900PE,0.12785460929328
13-01-2026 11:35||NIFTY27JAN2625300CE,0.1132868077452725
13-01-2026 11:35||NIFTY27JAN2626000CE,0.1000803175945704
13-01-2026 11:35||NIFTY27JAN2626300CE,0.101969068893707
13-01-2026 11:35||NIFTY27JAN2626500CE,0.13371549091975
13-01-2026 11:40||NIFTY27JAN2623800PE,0.1708398463313083
13-01-2026 11:40||NIFTY27JAN2624500PE,0.1504123419162183
13-01-2026 11:40||NIFTY27JAN2624900PE,0.1279191019513044
13-01-2026 11:40||NIFTY27JAN2625300CE,0.1088633027763034
13-01-2026 11:40||NIFTY27JAN2625400CE,0.1061566253995484
13-01-2026 11:45||NIFTY27JAN2623800PE,0.1689716694605199
13-01-2026 11:45||NIFTY27JAN2625000PE,0.1230507520542507
13-01-2026 11:45||NIFTY27JAN2625400CE,0.1039448356210272
13-01-2026 11:45||NIFTY27JAN2625800CE,0.0997852587356759
13-01-2026 11:45||NIFTY27JAN2626200CE,0.0999308825011076
13-01-2026 11:45||NIFTY27JAN2626300CE,0.1007524730854346
13-01-2026 11:45||NIFTY27JAN2626400CE,0.1076182838176025
13-01-2026 11:50||NIFTY27JAN2624000PE,0.1798476305404195
13-01-2026 11:50||NIFTY27JAN2624300PE,0.1609666089996574
13-01-2026 11:50||NIFTY27JAN2625100PE,0.1186915952510004
13-01-2026 11:50||NIFTY27JAN2626200CE,0.1004223854042761
13-01-2026 11:50||NIFTY27JAN2626300CE,0.1012169240889757
13-01-2026 11:55||NIFTY27JAN2624300PE,0.1600164115259548
13-01-2026 11:55||NIFTY27JAN2624800PE,0.1313860094120089
13-01-2026 11:55||NIFTY27JAN2625000PE,0.1216331997524337
13-01-2026 11:55||NIFTY27JAN2625400CE,0.1048086184266904
13-01-2026 11:55||NIFTY27JAN2625500CE,0.1031384642636087
13-01-2026 12:00||NIFTY27JAN2624500PE,0.1467521325619843
13-01-2026 12:00||NIFTY27JAN2625000PE,0.1202448775118821
13-01-2026 12:00||NIFTY27JAN2625900CE,0.1022730594387953
13-01-2026 12:05||NIFTY27JAN2623800PE,0.1681734116459972
13-01-2026 12:05||NIFTY27JAN2624500PE,0.1459640211292013
13-01-2026 12:05||NIFTY27JAN2624700PE,0.1351634732019181
13-01-2026 12:05||NIFTY27JAN2625000PE,0.1197965320318096
13-01-2026 12:05||NIFTY27JAN2625300CE,0.1109022018656286
13-01-2026 12:05||NIFTY27JAN2625800CE,0.1029796885868442
13-01-2026 12:10||NIFTY27JAN2624500PE,0.1461502823420671
13-01-2026 12:10||NIFTY27JAN2625000PE,0.1200982995598552
13-01-2026 12:10||NIFTY27JAN2625200CE,0.114883590923946
13-01-2026 12:10||NIFTY27JAN2625500CE,0.1076741761224875
13-01-2026 12:10||NIFTY27JAN2625600CE,0.1065624060501081
13-01-2026 12:15||NIFTY27JAN2624200PE,0.1637419514181246
13-01-2026 12:15||NIFTY27JAN2624300PE,0.1579045802790331
13-01-2026 12:15||NIFTY27JAN2625300CE,0.1102744566929141
13-01-2026 12:15||NIFTY27JAN2625800CE,0.1031282540821458
13-01-2026 12:15||NIFTY27JAN2626500CE,0.1357130825918163
13-01-2026 12:20||NIFTY27JAN2624100PE,0.1696457055806816
13-01-2026 12:20||NIFTY27JAN2624700PE,0.1342692756163953
13-01-2026 12:20||NIFTY27JAN2625100PE,0.1154558045426483
13-01-2026 12:20||NIFTY27JAN2625700CE,0.1057089107916314
13-01-2026 12:25||NIFTY27JAN2623800PE,0.1662936315064797
13-01-2026 12:25||NIFTY27JAN2624200PE,0.1625193402244901
13-01-2026 12:25||NIFTY27JAN2624300PE,0.1568559208830185
13-01-2026 12:25||NIFTY27JAN2624500PE,0.1457159647909783
13-01-2026 12:25||NIFTY27JAN2625700CE,0.1056603555564412
13-01-2026 12:30||NIFTY27JAN2623900PE,0.1746708845219821
13-01-2026 12:30||NIFTY27JAN2624000PE,0.1736807455690135
13-01-2026 12:30||NIFTY27JAN2624100PE,0.1678912638443794
13-01-2026 12:30||NIFTY27JAN2624400PE,0.1512282668803529
13-01-2026 12:30||NIFTY27JAN2624700PE,0.1337646320226582
13-01-2026 12:30||NIFTY27JAN2624900PE,0.1239907795142441
13-01-2026 12:30||NIFTY27JAN2626000CE,0.1030008179115922
13-01-2026 12:30||NIFTY27JAN2626400CE,0.1118689009341873
13-01-2026 12:35||NIFTY27JAN2624200PE,0.1619211067387789
13-01-2026 12:35||NIFTY27JAN2624300PE,0.1564429127591959
13-01-2026 12:35||NIFTY27JAN2624600PE,0.1395551234898717
13-01-2026 12:35||NIFTY27JAN2624800PE,0.1288213484892035
13-01-2026 12:35||NIFTY27JAN2625100PE,0.1188369537520368
13-01-2026 12:35||NIFTY27JAN2625900CE,0.1018638911927081
13-01-2026 12:35||NIFTY27JAN2626100CE,0.1020338304594972
13-01-2026 12:35||NIFTY27JAN2626400CE,0.1136547398245412
13-01-2026 12:40||NIFTY27JAN2624100PE,0.1688083503629988
13-01-2026 12:40||NIFTY27JAN2624300PE,0.1569070215763282
13-01-2026 12:40||NIFTY27JAN2624600PE,0.1396677527797229
13-01-2026 12:40||NIFTY27JAN2624700PE,0.1341990567990587
13-01-2026 12:40||NIFTY27JAN2625100PE,0.1193023100768116
13-01-2026 12:40||NIFTY27JAN2626500CE,0.136180909930637
13-01-2026 12:45||NIFTY27JAN2625300CE,0.1049020250125441
13-01-2026 12:45||NIFTY27JAN2626200CE,0.1029966740251199
13-01-2026 12:50||NIFTY27JAN2623900PE,0.1761200931960861
13-01-2026 12:50||NIFTY27JAN2624100PE,0.1682942456737039
13-01-2026 12:50||NIFTY27JAN2624600PE,0.1395730099957111
13-01-2026 12:50||NIFTY27JAN2625400CE,0.1036608214140922
13-01-2026 12:50||NIFTY27JAN2625500CE,0.1022662115301434
13-01-2026 12:55||NIFTY27JAN2624000PE,0.1735297654082817
13-01-2026 12:55||NIFTY27JAN2624300PE,0.1562393518582935
13-01-2026 12:55||NIFTY27JAN2624500PE,0.1443290258303456
13-01-2026 12:55||NIFTY27JAN2624700PE,0.1332494530271127
13-01-2026 12:55||NIFTY27JAN2625000PE,0.1216212035585796
13-01-2026 12:55||NIFTY27JAN2625100PE,0.1183228574197977
13-01-2026 12:55||NIFTY27JAN2625300CE,0.1087592545321221
13-01-2026 12:55||NIFTY27JAN2625500CE,0.10424433321789
13-01-2026 12:55||NIFTY27JAN2626200CE,0.1056739837121206
13-01-2026 12:55||NIFTY27JAN2626400CE,0.1244542017677521
13-01-2026 12:55||NIFTY27JAN2626500CE,0.143158743739765
13-01-2026 13:00||NIFTY27JAN2624000PE,0.1736843652524951
13-01-2026 13:00||NIFTY27JAN2624600PE,0.1376342421564077
13-01-2026 13:00||NIFTY27JAN2624700PE,0.1324604416840408
13-01-2026 13:00||NIFTY27JAN2626400CE,0.1240012119610809
13-01-2026 13:05||NIFTY27JAN2624000PE,0.1744858261963543
13-01-2026 13:05||NIFTY27JAN2624600PE,0.1378345985178077
13-01-2026 13:05||NIFTY27JAN2625200CE,0.1106704532208299
13-01-2026 13:05||NIFTY27JAN2625700CE,0.1049904026020231
13-01-2026 13:05||NIFTY27JAN2626500CE,0.1476401339141335
13-01-2026 13:10||NIFTY27JAN2623900PE,0.1778003091493357
13-01-2026 13:10||NIFTY27JAN2624400PE,0.1500651286152346
13-01-2026 13:10||NIFTY27JAN2624500PE,0.1440899401488014
13-01-2026 13:10||NIFTY27JAN2624700PE,0.133211798360066
13-01-2026 13:10||NIFTY27JAN2625000PE,0.1197168323953427
13-01-2026 13:10||NIFTY27JAN2625600CE,0.1073572230671342
13-01-2026 13:10||NIFTY27JAN2626000CE,0.1043848535503571
13-01-2026 13:10||NIFTY27JAN2626400CE,0.1282609726694032
13-01-2026 13:10||NIFTY27JAN2626500CE,0.149293264596682
13-01-2026 13:15||NIFTY27JAN2623800PE,0.1727462739964323
13-01-2026 13:15||NIFTY27JAN2624000PE,0.1752146022919862
13-01-2026 13:15||NIFTY27JAN2624100PE,0.1692927321828111
13-01-2026 13:15||NIFTY27JAN2624700PE,0.1334018204629599
13-01-2026 13:15||NIFTY27JAN2625000PE,0.1196515528213507
13-01-2026 13:15||NIFTY27JAN2625800CE,0.1050331207381201
13-01-2026 13:15||NIFTY27JAN2626100CE,0.1053878275030943
13-01-2026 13:15||NIFTY27JAN2626200CE,0.1070961256422226
13-01-2026 13:15||NIFTY27JAN2626300CE,0.1120068837189778
13-01-2026 13:20||NIFTY27JAN2624300PE,0.1558266758275245
13-01-2026 13:20||NIFTY27JAN2624400PE,0.1503110618391774
13-01-2026 13:20||NIFTY27JAN2624800PE,0.1283679527997368
13-01-2026 13:20||NIFTY27JAN2625000PE,0.1196118882015366
13-01-2026 13:20||NIFTY27JAN2625300CE,0.1156092834037105
13-01-2026 13:20||NIFTY27JAN2625400CE,0.1122304913219382
13-01-2026 13:20||NIFTY27JAN2625900CE,0.1042925983605793
13-01-2026 13:20||NIFTY27JAN2626500CE,0.1405216019747478
13-01-2026 13:25||NIFTY27JAN2624000PE,0.1756584342601769
13-01-2026 13:25||NIFTY27JAN2624200PE,0.1620261046580125
13-01-2026 13:25||NIFTY27JAN2624300PE,0.1558520219636307
13-01-2026 13:25||NIFTY27JAN2624600PE,0.1391488842393564
13-01-2026 13:25||NIFTY27JAN2625600CE,0.1071848881831142
13-01-2026 13:25||NIFTY27JAN2626400CE,0.1169556328649258
13-01-2026 13:30||NIFTY27JAN2623800PE,0.1684046479288358
13-01-2026 13:30||NIFTY27JAN2624000PE,0.1757028062907913
13-01-2026 13:30||NIFTY27JAN2624100PE,0.1691930984611663
13-01-2026 13:30||NIFTY27JAN2625500CE,0.1076704306941193
13-01-2026 13:35||NIFTY27JAN2624300PE,0.1566222136957325
13-01-2026 13:35||NIFTY27JAN2624800PE,0.1282185270339964
13-01-2026 13:35||NIFTY27JAN2625700CE,0.1050067945282349
13-01-2026 13:40||NIFTY27JAN2623800PE,0.1676723035501728
13-01-2026 13:40||NIFTY27JAN2624400PE,0.1496799400730414
13-01-2026 13:40||NIFTY27JAN2624500PE,0.1440865441839531
13-01-2026 13:40||NIFTY27JAN2625500CE,0.1073485891486757
13-01-2026 13:40||NIFTY27JAN2625700CE,0.1047054552888054
13-01-2026 13:40||NIFTY27JAN2625900CE,0.1027404033251069
13-01-2026 13:40||NIFTY27JAN2626100CE,0.1029319041933863
13-01-2026 13:45||NIFTY27JAN2624000PE,0.1743204351626692
13-01-2026 13:45||NIFTY27JAN2624100PE,0.1676734460827208
13-01-2026 13:45||NIFTY27JAN2625100PE,0.1152657094208734
13-01-2026 13:45||NIFTY27JAN2625300CE,0.1120505591179476
13-01-2026 13:45||NIFTY27JAN2625800CE,0.1032721303661714
13-01-2026 13:45||NIFTY27JAN2626000CE,0.1026461380134375
13-01-2026 13:50||NIFTY27JAN2624200PE,0.1606708372999385
13-01-2026 13:50||NIFTY27JAN2624400PE,0.1485046056644738
13-01-2026 13:50||NIFTY27JAN2624500PE,0.143059447768154
13-01-2026 13:50||NIFTY27JAN2626000CE,0.1026101227244222
13-01-2026 13:55||NIFTY27JAN2624200PE,0.1601308433561341
13-01-2026 13:55||NIFTY27JAN2624300PE,0.1541775179439651
13-01-2026 13:55||NIFTY27JAN2625000PE,0.1190188647357323
13-01-2026 13:55||NIFTY27JAN2625500CE,0.1064942036889999
13-01-2026 13:55||NIFTY27JAN2626000CE,0.1024155110618516
13-01-2026 14:00||NIFTY27JAN2623900PE,0.1739348218157529
13-01-2026 14:00||NIFTY27JAN2624000PE,0.1720043538354003
13-01-2026 14:00||NIFTY27JAN2624100PE,0.1660906613043077
13-01-2026 14:00||NIFTY27JAN2624600PE,0.137763439333121
13-01-2026 14:00||NIFTY27JAN2625300CE,0.1094427897881896
13-01-2026 14:00||NIFTY27JAN2625700CE,0.103334642932251
13-01-2026 14:05||NIFTY27JAN2623900PE,0.1744171855991562
13-01-2026 14:05||NIFTY27JAN2624200PE,0.1602739061881339
13-01-2026 14:05||NIFTY27JAN2624500PE,0.1430018683370472
13-01-2026 14:05||NIFTY27JAN2625700CE,0.1027505988699679
13-01-2026 14:05||NIFTY27JAN2626300CE,0.1069686556779768
13-01-2026 14:05||NIFTY27JAN2626500CE,0.1373101724813679
13-01-2026 14:10||NIFTY27JAN2624300PE,0.1536266032848677
13-01-2026 14:10||NIFTY27JAN2624700PE,0.1311548601327899
13-01-2026 14:10||NIFTY27JAN2625200CE,0.1135862824547584
13-01-2026 14:10||NIFTY27JAN2625400CE,0.107512791047568
13-01-2026 14:10||NIFTY27JAN2626100CE,0.102592513377394
13-01-2026 14:15||NIFTY27JAN2623800PE,0.1644980085325479
13-01-2026 14:15||NIFTY27JAN2624800PE,0.125309916975478
13-01-2026 14:15||NIFTY27JAN2626200CE,0.103654522313095
13-01-2026 14:20||NIFTY27JAN2624000PE,0.169693677989534
13-01-2026 14:20||NIFTY27JAN2624400PE,0.1464438175027486
13-01-2026 14:20||NIFTY27JAN2624800PE,0.1248478028860204
13-01-2026 14:20||NIFTY27JAN2624900PE,0.1206346698629398
13-01-2026 14:20||NIFTY27JAN2625200CE,0.1114305242907631
13-01-2026 14:20||NIFTY27JAN2625800CE,0.1014821456146061
13-01-2026 14:25||NIFTY27JAN2624000PE,0.1685108887573919
13-01-2026 14:25||NIFTY27JAN2624100PE,0.1622458160631791
13-01-2026 14:25||NIFTY27JAN2624200PE,0.1569428667025331
13-01-2026 14:25||NIFTY27JAN2624500PE,0.1391978948736349
13-01-2026 14:25||NIFTY27JAN2624600PE,0.1338394163464158
13-01-2026 14:25||NIFTY27JAN2625600CE,0.1044352555361282
13-01-2026 14:25||NIFTY27JAN2626000CE,0.1027008045519949
13-01-2026 14:25||NIFTY27JAN2626200CE,0.105052567683299
13-01-2026 14:30||NIFTY27JAN2624500PE,0.1384306317205214
13-01-2026 14:30||NIFTY27JAN2624600PE,0.1329576374875792
13-01-2026 14:30||NIFTY27JAN2624900PE,0.1194974738828121
13-01-2026 14:30||NIFTY27JAN2625100PE,0.1128945793348333
13-01-2026 14:30||NIFTY27JAN2625600CE,0.108075992558721
13-01-2026 14:35||NIFTY27JAN2623800PE,0.1667040446793139
13-01-2026 14:35||NIFTY27JAN2624200PE,0.1576172329973855
13-01-2026 14:35||NIFTY27JAN2625100PE,0.1122121649995479
13-01-2026 14:35||NIFTY27JAN2625400CE,0.1158637633999283
13-01-2026 14:35||NIFTY27JAN2626300CE,0.1089757271918343
13-01-2026 14:35||NIFTY27JAN2626500CE,0.1368350204509334
13-01-2026 14:40||NIFTY27JAN2624500PE,0.1402498666777761
13-01-2026 14:40||NIFTY27JAN2624600PE,0.1346019079984234
13-01-2026 14:40||NIFTY27JAN2624800PE,0.1246704290914317
13-01-2026 14:40||NIFTY27JAN2625300CE,0.1181308189917333
13-01-2026 14:40||NIFTY27JAN2625600CE,0.1084913628291269
13-01-2026 14:40||NIFTY27JAN2625800CE,0.104745402999943
13-01-2026 14:45||NIFTY27JAN2625100PE,0.1120842936249558
13-01-2026 14:45||NIFTY27JAN2626000CE,0.1024546514762892
13-01-2026 14:45||NIFTY27JAN2626100CE,0.1025471228169218
13-01-2026 14:45||NIFTY27JAN2626500CE,0.1363217707535829
13-01-2026 14:50||NIFTY27JAN2624400PE,0.1477597579649133
13-01-2026 14:50||NIFTY27JAN2624500PE,0.1417625828444748
13-01-2026 14:55||NIFTY27JAN2623800PE,0.1642993375862098
13-01-2026 14:55||NIFTY27JAN2623900PE,0.1746602267508472
13-01-2026 14:55||NIFTY27JAN2624100PE,0.1689531899641656
13-01-2026 14:55||NIFTY27JAN2624400PE,0.1485799969261584
13-01-2026 14:55||NIFTY27JAN2624500PE,0.1422074787589807
13-01-2026 14:55||NIFTY27JAN2624800PE,0.1267823452458363
13-01-2026 14:55||NIFTY27JAN2624900PE,0.1219979505237295
13-01-2026 14:55||NIFTY27JAN2625100PE,0.1128819535514277
13-01-2026 14:55||NIFTY27JAN2625700CE,0.1000379782010923
13-01-2026 14:55||NIFTY27JAN2625900CE,0.0973727668794098
13-01-2026 14:55||NIFTY27JAN2626400CE,0.1087589502146957
13-01-2026 15:00||NIFTY27JAN2623900PE,0.1758020429971533
13-01-2026 15:00||NIFTY27JAN2624500PE,0.14272516352534
13-01-2026 15:00||NIFTY27JAN2624600PE,0.1372623473941961
13-01-2026 15:00||NIFTY27JAN2625100PE,0.1130678944130658
13-01-2026 15:00||NIFTY27JAN2625700CE,0.0969878544340811
13-01-2026 15:00||NIFTY27JAN2626200CE,0.0977215274663853
13-01-2026 15:05||NIFTY27JAN2624000PE,0.1753458439781559
13-01-2026 15:05||NIFTY27JAN2624500PE,0.1430430781298751
13-01-2026 15:05||NIFTY27JAN2624900PE,0.1228974130602278
13-01-2026 15:05||NIFTY27JAN2625400CE,0.0990124844127818
13-01-2026 15:05||NIFTY27JAN2625700CE,0.0972105737118356
13-01-2026 15:05||NIFTY27JAN2625800CE,0.0955850990454835
13-01-2026 15:05||NIFTY27JAN2626000CE,0.0948841894748713
13-01-2026 15:05||NIFTY27JAN2626100CE,0.0958024440214326
13-01-2026 15:05||NIFTY27JAN2626500CE,0.1329987121759422
13-01-2026 15:10||NIFTY27JAN2624000PE,0.175422541000345
13-01-2026 15:10||NIFTY27JAN2624200PE,0.1621147339845106
13-01-2026 15:10||NIFTY27JAN2624400PE,0.1499771409438827
13-01-2026 15:10||NIFTY27JAN2624900PE,0.1231172314651693
13-01-2026 15:10||NIFTY27JAN2625300CE,0.1014511591853323
13-01-2026 15:10||NIFTY27JAN2625600CE,0.0978284110383933
13-01-2026 15:10||NIFTY27JAN2626200CE,0.096946684800973
13-01-2026 15:15||NIFTY27JAN2623800PE,0.1688006074458268
13-01-2026 15:15||NIFTY27JAN2624200PE,0.1629109860089925
13-01-2026 15:15||NIFTY27JAN2624600PE,0.138676567885176
13-01-2026 15:15||NIFTY27JAN2624700PE,0.1331470556386467
13-01-2026 15:15||NIFTY27JAN2625700CE,0.0949394059066096
13-01-2026 15:15||NIFTY27JAN2626000CE,0.0940774514042929
13-01-2026 15:15||NIFTY27JAN2626300CE,0.0990892417633424
13-01-2026 15:15||NIFTY27JAN2626500CE,0.1325859551695243
13-01-2026 15:20||NIFTY27JAN2623900PE,0.1769023395685283
13-01-2026 15:20||NIFTY27JAN2624300PE,0.1573708919744788
13-01-2026 15:20||NIFTY27JAN2624800PE,0.128221252783753
13-01-2026 15:20||NIFTY27JAN2625300CE,0.1002166644836698
13-01-2026 15:20||NIFTY27JAN2625600CE,0.0957473951716239
13-01-2026 15:20||NIFTY27JAN2626200CE,0.0959770750256981
13-01-2026 15:25||NIFTY27JAN2624500PE,0.1460740857805962
13-01-2026 15:25||NIFTY27JAN2624700PE,0.1345563383826492
13-01-2026 15:25||NIFTY27JAN2624900PE,0.123874008850645
13-01-2026 15:25||NIFTY27JAN2626000CE,0.0966486333545128
14-01-2026 09:15||NIFTY27JAN2624300PE,0.1596993722163753
14-01-2026 09:15||NIFTY27JAN2624400PE,0.1533079243833861
14-01-2026 09:15||NIFTY27JAN2625300CE,0.1171058112225059
14-01-2026 09:15||NIFTY27JAN2626100CE,0.0989928744512159
14-01-2026 09:15||NIFTY27JAN2626500CE,0.137207266583465
14-01-2026 09:20||NIFTY27JAN2624100PE,0.1749535813956287
14-01-2026 09:25||NIFTY27JAN2624000PE,0.1823619446720111
14-01-2026 09:25||NIFTY27JAN2624200PE,0.1696079662571491
14-01-2026 09:25||NIFTY27JAN2624700PE,0.1368035451126927
14-01-2026 09:25||NIFTY27JAN2625300CE,0.1176155150923808
14-01-2026 09:25||NIFTY27JAN2626500CE,0.1442148230655513
14-01-2026 09:30||NIFTY27JAN2623800PE,0.1789583114489729
14-01-2026 09:30||NIFTY27JAN2624000PE,0.1830139440627863
14-01-2026 09:30||NIFTY27JAN2624600PE,0.1434308108316208
14-01-2026 09:30||NIFTY27JAN2624700PE,0.1372379080181585
14-01-2026 09:30||NIFTY27JAN2626200CE,0.0996933784387252
14-01-2026 09:30||NIFTY27JAN2626500CE,0.1425653520147859
14-01-2026 09:35||NIFTY27JAN2624000PE,0.1827307461779816
14-01-2026 09:35||NIFTY27JAN2625500CE,0.0998312431354397
14-01-2026 09:35||NIFTY27JAN2626400CE,0.1116068775504072
14-01-2026 09:40||NIFTY27JAN2623800PE,0.1705802818224669
14-01-2026 09:40||NIFTY27JAN2624000PE,0.181749140607622
14-01-2026 09:40||NIFTY27JAN2624200PE,0.1683920462153515
14-01-2026 09:40||NIFTY27JAN2624700PE,0.1362233767328757
14-01-2026 09:40||NIFTY27JAN2624800PE,0.1306829914737543
14-01-2026 09:40||NIFTY27JAN2625000PE,0.1203194527207569
14-01-2026 09:40||NIFTY27JAN2625500CE,0.1011152036018895
14-01-2026 09:40||NIFTY27JAN2625800CE,0.0984071850450251
14-01-2026 09:45||NIFTY27JAN2624300PE,0.1586326943111172
14-01-2026 09:45||NIFTY27JAN2624400PE,0.1517604617794213
14-01-2026 09:45||NIFTY27JAN2624500PE,0.1462429449186147
14-01-2026 09:45||NIFTY27JAN2624600PE,0.1409083433537999
14-01-2026 09:45||NIFTY27JAN2625400CE,0.1093568596041815
14-01-2026 09:50||NIFTY27JAN2623800PE,0.1702186063884439
14-01-2026 09:50||NIFTY27JAN2623900PE,0.1815882196201273
14-01-2026 09:50||NIFTY27JAN2624600PE,0.1418383619945968
14-01-2026 09:50||NIFTY27JAN2625200CE,0.1077735367974719
14-01-2026 09:50||NIFTY27JAN2625300CE,0.1080660366190486
14-01-2026 09:50||NIFTY27JAN2626400CE,0.1104514378027771
14-01-2026 09:55||NIFTY27JAN2624100PE,0.1754697619929422
14-01-2026 09:55||NIFTY27JAN2626000CE,0.0988224704040716
14-01-2026 10:00||NIFTY27JAN2624000PE,0.1817808427824928
14-01-2026 10:00||NIFTY27JAN2624400PE,0.1559850451151773
14-01-2026 10:00||NIFTY27JAN2625100PE,0.116730020294733
14-01-2026 10:00||NIFTY27JAN2625500CE,0.101686554110545
14-01-2026 10:00||NIFTY27JAN2626100CE,0.0974694300082519
14-01-2026 10:00||NIFTY27JAN2626500CE,0.1359581829252335
14-01-2026 10:05||NIFTY27JAN2624600PE,0.1409494465854766
14-01-2026 10:05||NIFTY27JAN2624800PE,0.1294073815314686
14-01-2026 10:05||NIFTY27JAN2625000PE,0.1190788119297991
14-01-2026 10:05||NIFTY27JAN2625300CE,0.1143756790298493
14-01-2026 10:05||NIFTY27JAN2625400CE,0.1087753144662487
14-01-2026 10:05||NIFTY27JAN2626200CE,0.1000730554743853
14-01-2026 10:05||NIFTY27JAN2626300CE,0.1027861315759945
14-01-2026 10:05||NIFTY27JAN2626400CE,0.1121121050963954
14-01-2026 10:10||NIFTY27JAN2624000PE,0.1799258256784219
14-01-2026 10:10||NIFTY27JAN2624200PE,0.1668339323366358
14-01-2026 10:10||NIFTY27JAN2624500PE,0.1466466807590592
14-01-2026 10:10||NIFTY27JAN2624600PE,0.1402465144217914
14-01-2026 10:10||NIFTY27JAN2625400CE,0.1070813523524865
14-01-2026 10:10||NIFTY27JAN2625600CE,0.101344492028828
14-01-2026 10:10||NIFTY27JAN2626400CE,0.1101014169501343
14-01-2026 10:15||NIFTY27JAN2624100PE,0.1728420718485905
14-01-2026 10:15||NIFTY27JAN2625000PE,0.117882774872346
14-01-2026 10:15||NIFTY27JAN2625200CE,0.1091420333488089
14-01-2026 10:15||NIFTY27JAN2625600CE,0.0996059926557302
14-01-2026 10:15||NIFTY27JAN2625900CE,0.0972314611889766
14-01-2026 10:20||NIFTY27JAN2624200PE,0.1658536076969538
14-01-2026 10:20||NIFTY27JAN2624700PE,0.134049656677554
14-01-2026 10:20||NIFTY27JAN2625000PE,0.1172676334599807
14-01-2026 10:20||NIFTY27JAN2625500CE,0.1011981756653569
14-01-2026 10:20||NIFTY27JAN2625600CE,0.09958221827278
14-01-2026 10:20||NIFTY27JAN2625700CE,0.0982775601510236
14-01-2026 10:20||NIFTY27JAN2625800CE,0.0975252656740656
14-01-2026 10:25||NIFTY27JAN2623800PE,0.1704840356301099
14-01-2026 10:25||NIFTY27JAN2624300PE,0.1591405299662366
14-01-2026 10:25||NIFTY27JAN2625000PE,0.1171965861124324
14-01-2026 10:25||NIFTY27JAN2626100CE,0.0992879401870303
14-01-2026 10:25||NIFTY27JAN2626200CE,0.1006238169729847
14-01-2026 10:25||NIFTY27JAN2626400CE,0.1127745565048163
14-01-2026 10:30||NIFTY27JAN2623900PE,0.1795346169188053
14-01-2026 10:30||NIFTY27JAN2624000PE,0.1783872396711989
14-01-2026 10:30||NIFTY27JAN2624700PE,0.1329780883965218
14-01-2026 10:30||NIFTY27JAN2624800PE,0.127377100807747
14-01-2026 10:30||NIFTY27JAN2625100PE,0.1139385025263343
14-01-2026 10:30||NIFTY27JAN2625200CE,0.1117914808876798
14-01-2026 10:30||NIFTY27JAN2626500CE,0.1371585874703033
14-01-2026 10:35||NIFTY27JAN2623900PE,0.1798195439178903
14-01-2026 10:35||NIFTY27JAN2624400PE,0.1532103291313407
14-01-2026 10:35||NIFTY27JAN2625600CE,0.1017587130304553
14-01-2026 10:35||NIFTY27JAN2625700CE,0.0996829746000982
14-01-2026 10:35||NIFTY27JAN2626300CE,0.1035620811486505
14-01-2026 10:40||NIFTY27JAN2623800PE,0.1721168422123244
14-01-2026 10:40||NIFTY27JAN2624100PE,0.1722238536360574
14-01-2026 10:40||NIFTY27JAN2625300CE,0.1097966419503733
14-01-2026 10:40||NIFTY27JAN2625600CE,0.1034796051995342
14-01-2026 10:40||NIFTY27JAN2626300CE,0.1039501620479422
14-01-2026 10:40||NIFTY27JAN2626500CE,0.136577318338788
14-01-2026 10:45||NIFTY27JAN2624000PE,0.1777368548603369
14-01-2026 10:45||NIFTY27JAN2624600PE,0.1391229818996875
14-01-2026 10:45||NIFTY27JAN2624800PE,0.1268208188971917
14-01-2026 10:45||NIFTY27JAN2625400CE,0.1115158539045664
14-01-2026 10:50||NIFTY27JAN2624000PE,0.1787362483789081
14-01-2026 10:50||NIFTY27JAN2624300PE,0.1591621838085616
14-01-2026 10:50||NIFTY27JAN2624800PE,0.1269195205465192
14-01-2026 10:50||NIFTY27JAN2625200CE,0.1220994116594878
14-01-2026 10:50||NIFTY27JAN2625400CE,0.1141836397697031
14-01-2026 10:50||NIFTY27JAN2625800CE,0.103122808891271
14-01-2026 10:55||NIFTY27JAN2624600PE,0.140318260057416
14-01-2026 10:55||NIFTY27JAN2625000PE,0.1171950130213313
14-01-2026 10:55||NIFTY27JAN2625200CE,0.1241425039836213
14-01-2026 10:55||NIFTY27JAN2626200CE,0.1137179438392665
14-01-2026 10:55||NIFTY27JAN2626300CE,0.1195829309615593
14-01-2026 10:55||NIFTY27JAN2626400CE,0.1267761813125481
14-01-2026 10:55||NIFTY27JAN2626500CE,0.1414006310961468
14-01-2026 11:00||NIFTY27JAN2624100PE,0.1741704168751046
14-01-2026 11:00||NIFTY27JAN2626100CE,0.1031033959103438
14-01-2026 11:00||NIFTY27JAN2626300CE,0.111575118187351
14-01-2026 11:05||NIFTY27JAN2624000PE,0.1808676549489753
14-01-2026 11:05||NIFTY27JAN2624800PE,0.1298477551476134
14-01-2026 11:05||NIFTY27JAN2625300CE,0.1113014582635167
14-01-2026 11:05||NIFTY27JAN2626000CE,0.0982135665165353
14-01-2026 11:05||NIFTY27JAN2626100CE,0.0987934365731983
14-01-2026 11:05||NIFTY27JAN2626300CE,0.1019517596707594
14-01-2026 11:10||NIFTY27JAN2624000PE,0.180946407393658
14-01-2026 11:10||NIFTY27JAN2624300PE,0.1601531640222133
14-01-2026 11:10||NIFTY27JAN2624500PE,0.1471933394078567
14-01-2026 11:10||NIFTY27JAN2625200CE,0.115397035557111
14-01-2026 11:15||NIFTY27JAN2624100PE,0.1749446192144194
14-01-2026 11:15||NIFTY27JAN2624300PE,0.1592474408756919
14-01-2026 11:15||NIFTY27JAN2624400PE,0.152160393919253
14-01-2026 11:15||NIFTY27JAN2624500PE,0.146177712755369
14-01-2026 11:15||NIFTY27JAN2624600PE,0.1406101269712267
14-01-2026 11:15||NIFTY27JAN2625500CE,0.1063769857144271
14-01-2026 11:15||NIFTY27JAN2625800CE,0.1003930389565636
14-01-2026 11:15||NIFTY27JAN2626000CE,0.0973760316854917
14-01-2026 11:20||NIFTY27JAN2623800PE,0.1689775787782346
14-01-2026 11:20||NIFTY27JAN2623900PE,0.1814801222130743
14-01-2026 11:20||NIFTY27JAN2624600PE,0.1410348003568486
14-01-2026 11:20||NIFTY27JAN2624800PE,0.1295837647065758
14-01-2026 11:20||NIFTY27JAN2625100PE,0.1145487549828317
14-01-2026 11:20||NIFTY27JAN2625300CE,0.1185912347444725
14-01-2026 11:20||NIFTY27JAN2625600CE,0.1068050619179079
14-01-2026 11:20||NIFTY27JAN2625800CE,0.1021445461967977
14-01-2026 11:25||NIFTY27JAN2623900PE,0.1824082109139049
14-01-2026 11:25||NIFTY27JAN2624700PE,0.1359786668330644
14-01-2026 11:25||NIFTY27JAN2624900PE,0.124497313808974
14-01-2026 11:25||NIFTY27JAN2625400CE,0.1142554455647275
14-01-2026 11:25||NIFTY27JAN2626200CE,0.0987500310033156
14-01-2026 11:30||NIFTY27JAN2624200PE,0.1679796779336882
14-01-2026 11:30||NIFTY27JAN2624300PE,0.1608376529430353
14-01-2026 11:30||NIFTY27JAN2624400PE,0.1549043220126028
14-01-2026 11:30||NIFTY27JAN2625000PE,0.1201585939775482
14-01-2026 11:30||NIFTY27JAN2625300CE,0.1157358241414757
14-01-2026 11:30||NIFTY27JAN2625800CE,0.1006271815083971
14-01-2026 11:30||NIFTY27JAN2626000CE,0.098221515804739
14-01-2026 11:35||NIFTY27JAN2623900PE,0.1844435832220217
14-01-2026 11:35||NIFTY27JAN2624400PE,0.1553046595861789
14-01-2026 11:35||NIFTY27JAN2624500PE,0.1494739060425378
14-01-2026 11:35||NIFTY27JAN2624700PE,0.1376275726464216
14-01-2026 11:35||NIFTY27JAN2625100PE,0.117194102124762
14-01-2026 11:35||NIFTY27JAN2625500CE,0.1042824956138877
14-01-2026 11:35||NIFTY27JAN2625700CE,0.099527090613231
14-01-2026 11:35||NIFTY27JAN2626100CE,0.0960622693190803
14-01-2026 11:40||NIFTY27JAN2623900PE,0.184649993502023
14-01-2026 11:40||NIFTY27JAN2625500CE,0.1067146424938127
14-01-2026 11:40||NIFTY27JAN2625600CE,0.1037771190674459
14-01-2026 11:40||NIFTY27JAN2626500CE,0.1361043415780479
14-01-2026 11:45||NIFTY27JAN2623900PE,0.1844297224494583
14-01-2026 11:45||NIFTY27JAN2624300PE,0.1632680843846868
14-01-2026 11:45||NIFTY27JAN2624500PE,0.1499468802335577
14-01-2026 11:45||NIFTY27JAN2626400CE,0.1097208270945961
14-01-2026 11:50||NIFTY27JAN2625100PE,0.1155549867582705
14-01-2026 11:50||NIFTY27JAN2625700CE,0.1022898885943833
14-01-2026 11:50||NIFTY27JAN2625800CE,0.1002666233687558
14-01-2026 11:50||NIFTY27JAN2626100CE,0.096979765610636
14-01-2026 11:55||NIFTY27JAN2624200PE,0.1710124921166666
14-01-2026 11:55||NIFTY27JAN2624400PE,0.1570411513730965
14-01-2026 11:55||NIFTY27JAN2624800PE,0.132095837741389
14-01-2026 11:55||NIFTY27JAN2625200CE,0.1159597349799934
14-01-2026 11:55||NIFTY27JAN2625600CE,0.1016650818951175
14-01-2026 12:00||NIFTY27JAN2623800PE,0.1748774224923304
14-01-2026 12:00||NIFTY27JAN2624400PE,0.156997344918517
14-01-2026 12:00||NIFTY27JAN2624900PE,0.1280909316469873
14-01-2026 12:00||NIFTY27JAN2625000PE,0.1238841954451778
14-01-2026 12:00||NIFTY27JAN2625100PE,0.1197455239617888
14-01-2026 12:05||NIFTY27JAN2624400PE,0.156466677893961
14-01-2026 12:05||NIFTY27JAN2624600PE,0.1435662010957107
14-01-2026 12:05||NIFTY27JAN2626500CE,0.1350423847408384
14-01-2026 12:10||NIFTY27JAN2624400PE,0.1556548852785394
14-01-2026 12:10||NIFTY27JAN2624600PE,0.1422900905666063
14-01-2026 12:10||NIFTY27JAN2624800PE,0.1298805875459414
14-01-2026 12:10||NIFTY27JAN2624900PE,0.1245761705697965
14-01-2026 12:10||NIFTY27JAN2625100PE,0.1153757565925224
14-01-2026 12:10||NIFTY27JAN2625900CE,0.0947686975062576
14-01-2026 12:10||NIFTY27JAN2626300CE,0.0979079717911719
14-01-2026 12:15||NIFTY27JAN2624200PE,0.1694250444231259
14-01-2026 12:15||NIFTY27JAN2624800PE,0.1294520768631581
14-01-2026 12:15||NIFTY27JAN2626500CE,0.1347673901009559
14-01-2026 12:20||NIFTY27JAN2623800PE,0.1720106875836496
14-01-2026 12:20||NIFTY27JAN2623900PE,0.1831324541687491
14-01-2026 12:20||NIFTY27JAN2625300CE,0.1080839131334026
14-01-2026 12:20||NIFTY27JAN2626400CE,0.1075705308327351
14-01-2026 12:25||NIFTY27JAN2624500PE,0.1503093228713165
14-01-2026 12:25||NIFTY27JAN2625400CE,0.1013463656382644
14-01-2026 12:25||NIFTY27JAN2625500CE,0.099504948134915
14-01-2026 12:25||NIFTY27JAN2625900CE,0.0935375346223252
14-01-2026 12:30||NIFTY27JAN2623900PE,0.1836613355575801
14-01-2026 12:30||NIFTY27JAN2624300PE,0.1638736154474499
14-01-2026 12:30||NIFTY27JAN2624900PE,0.1255407073687627
14-01-2026 12:30||NIFTY27JAN2625800CE,0.0948451256661263
14-01-2026 12:30||NIFTY27JAN2626300CE,0.096121965992701
14-01-2026 12:30||NIFTY27JAN2626400CE,0.1042705210622853
14-01-2026 12:35||NIFTY27JAN2623900PE,0.1838862676967054
14-01-2026 12:35||NIFTY27JAN2625300CE,0.1057329835338423
14-01-2026 12:35||NIFTY27JAN2625500CE,0.0985421571519949
14-01-2026 12:35||NIFTY27JAN2625900CE,0.0931978674428011
14-01-2026 12:45||NIFTY27JAN2625600CE,0.0946821277289388
14-01-2026 12:45||NIFTY27JAN2625700CE,0.0934353474870038
14-01-2026 12:50||NIFTY27JAN2624900PE,0.1240578743502935
14-01-2026 12:50||NIFTY27JAN2626300CE,0.0973172509317475
14-01-2026 12:50||NIFTY27JAN2626500CE,0.1347139422403997
14-01-2026 12:55||NIFTY27JAN2623900PE,0.1831284450472856
14-01-2026 12:55||NIFTY27JAN2624300PE,0.1616672041395109
14-01-2026 12:55||NIFTY27JAN2625000PE,0.1182602543536445
14-01-2026 13:00||NIFTY27JAN2624700PE,0.1350420259561587
14-01-2026 13:00||NIFTY27JAN2625400CE,0.1011615920892832
14-01-2026 13:00||NIFTY27JAN2625700CE,0.096258895521523
14-01-2026 13:00||NIFTY27JAN2625800CE,0.0948058385130542
14-01-2026 13:00||NIFTY27JAN2626200CE,0.0947498906549313
14-01-2026 13:00||NIFTY27JAN2626300CE,0.0977314531362152
14-01-2026 13:00||NIFTY27JAN2626500CE,0.1349430242607376
14-01-2026 13:05||NIFTY27JAN2624000PE,0.1814273958684656
14-01-2026 13:05||NIFTY27JAN2624400PE,0.1552763327355579
14-01-2026 13:05||NIFTY27JAN2624800PE,0.128333789053651
14-01-2026 13:05||NIFTY27JAN2624900PE,0.1230693539665755
14-01-2026 13:05||NIFTY27JAN2625800CE,0.0940813953095748
14-01-2026 13:05||NIFTY27JAN2626200CE,0.0940014432763269
14-01-2026 13:05||NIFTY27JAN2626300CE,0.0965228731588377
14-01-2026 13:10||NIFTY27JAN2624000PE,0.1812583452721954
14-01-2026 13:10||NIFTY27JAN2624600PE,0.1406316838974014
14-01-2026 13:10||NIFTY27JAN2624700PE,0.1340443623115317
14-01-2026 13:10||NIFTY27JAN2624900PE,0.1231138324996221
14-01-2026 13:10||NIFTY27JAN2625300CE,0.1009041898554997
14-01-2026 13:10||NIFTY27JAN2625800CE,0.0923434961659115
14-01-2026 13:10||NIFTY27JAN2625900CE,0.0918217473977999
14-01-2026 13:10||NIFTY27JAN2626400CE,0.1037147238104064
14-01-2026 13:15||NIFTY27JAN2624000PE,0.180946229088754
14-01-2026 13:15||NIFTY27JAN2624600PE,0.1404346538530349
14-01-2026 13:15||NIFTY27JAN2624800PE,0.1283597461377921
14-01-2026 13:15||NIFTY27JAN2625200CE,0.0923063286396969
14-01-2026 13:15||NIFTY27JAN2625600CE,0.0914534217293472
14-01-2026 13:15||NIFTY27JAN2626100CE,0.0908589637932357
14-01-2026 13:15||NIFTY27JAN2626200CE,0.0921637502969214
14-01-2026 13:20||NIFTY27JAN2624400PE,0.1537973587595394
14-01-2026 13:20||NIFTY27JAN2624700PE,0.1337593187711908
14-01-2026 13:20||NIFTY27JAN2624900PE,0.122606113352218
14-01-2026 13:20||NIFTY27JAN2625200CE,0.0799870068037698
14-01-2026 13:20||NIFTY27JAN2625900CE,0.0906396401355814
14-01-2026 13:25||NIFTY27JAN2624100PE,0.1722330733396189
14-01-2026 13:25||NIFTY27JAN2624700PE,0.1334574456880261
14-01-2026 13:25||NIFTY27JAN2624900PE,0.1221837322165612
14-01-2026 13:25||NIFTY27JAN2625200CE,0.0714889733748893
14-01-2026 13:25||NIFTY27JAN2625600CE,0.0920951732365501
14-01-2026 13:25||NIFTY27JAN2626400CE,0.1182548727392773
14-01-2026 13:25||NIFTY27JAN2626500CE,0.1428545218562199
14-01-2026 13:30||NIFTY27JAN2624200PE,0.1640839593479945
14-01-2026 13:30||NIFTY27JAN2624300PE,0.1582009943703745
14-01-2026 13:30||NIFTY27JAN2625200CE,0.0673222184010544
14-01-2026 13:30||NIFTY27JAN2625700CE,0.0903723845192214
14-01-2026 13:30||NIFTY27JAN2626500CE,0.1418909661575564
14-01-2026 13:35||NIFTY27JAN2624000PE,0.1759044991846271
14-01-2026 13:35||NIFTY27JAN2624100PE,0.1692452424648847
14-01-2026 13:35||NIFTY27JAN2625100PE,0.1133264458187228
14-01-2026 13:35||NIFTY27JAN2625500CE,0.0891402704235847
14-01-2026 13:35||NIFTY27JAN2625700CE,0.0896029333708192
14-01-2026 13:40||NIFTY27JAN2626500CE,0.1346894229214965
14-01-2026 13:45||NIFTY27JAN2624100PE,0.1673990155658576
14-01-2026 13:45||NIFTY27JAN2624200PE,0.161080759528691
14-01-2026 13:45||NIFTY27JAN2624400PE,0.1486928345270754
14-01-2026 13:45||NIFTY27JAN2624600PE,0.1349359979074769
14-01-2026 13:45||NIFTY27JAN2624700PE,0.1291534654602991
14-01-2026 13:45||NIFTY27JAN2624800PE,0.1244707872002991
14-01-2026 13:45||NIFTY27JAN2625400CE,0.0967730078261444
14-01-2026 13:45||NIFTY27JAN2626200CE,0.0983537990114327
14-01-2026 13:45||NIFTY27JAN2626300CE,0.1019368879706513
14-01-2026 13:45||NIFTY27JAN2626400CE,0.1113743864649454
14-01-2026 13:50||NIFTY27JAN2625400CE,0.0956890714144069
14-01-2026 13:50||NIFTY27JAN2625600CE,0.0941977071785918
14-01-2026 13:50||NIFTY27JAN2626300CE,0.1013684133500175
14-01-2026 13:55||NIFTY27JAN2623800PE,0.1644600162039232
14-01-2026 13:55||NIFTY27JAN2624600PE,0.1359767717462201
14-01-2026 13:55||NIFTY27JAN2624900PE,0.1203850511121742
14-01-2026 13:55||NIFTY27JAN2625200CE,0.0908354732141634
14-01-2026 13:55||NIFTY27JAN2626200CE,0.0977530015306359
14-01-2026 14:00||NIFTY27JAN2623800PE,0.1643070024071213
14-01-2026 14:00||NIFTY27JAN2623900PE,0.1746255938904389
14-01-2026 14:00||NIFTY27JAN2624400PE,0.1474089765801225
14-01-2026 14:00||NIFTY27JAN2624500PE,0.1412657356494838
14-01-2026 14:05||NIFTY27JAN2624000PE,0.1745499962391121
14-01-2026 14:05||NIFTY27JAN2624300PE,0.1543068104313745
14-01-2026 14:05||NIFTY27JAN2624700PE,0.1291623639078927
14-01-2026 14:05||NIFTY27JAN2624800PE,0.1238145794783984
14-01-2026 14:05||NIFTY27JAN2625200CE,0.1029123371307635
14-01-2026 14:05||NIFTY27JAN2625700CE,0.0950719610647484
14-01-2026 14:05||NIFTY27JAN2625900CE,0.095186779539825
14-01-2026 14:10||NIFTY27JAN2624200PE,0.1616216597204441
14-01-2026 14:10||NIFTY27JAN2624800PE,0.1239269678144108
14-01-2026 14:10||NIFTY27JAN2625700CE,0.0950813381971858
14-01-2026 14:15||NIFTY27JAN2624600PE,0.1361351484508538
14-01-2026 14:15||NIFTY27JAN2625300CE,0.0984836024201066
14-01-2026 14:15||NIFTY27JAN2625900CE,0.0942631780054884
14-01-2026 14:15||NIFTY27JAN2626000CE,0.0950585411121788
14-01-2026 14:15||NIFTY27JAN2626500CE,0.1359659164220475
14-01-2026 14:20||NIFTY27JAN2624400PE,0.148484026168528
14-01-2026 14:20||NIFTY27JAN2624900PE,0.1198613228720761
14-01-2026 14:20||NIFTY27JAN2625100PE,0.1118529861317282
14-01-2026 14:25||NIFTY27JAN2623800PE,0.168395232904706
14-01-2026 14:25||NIFTY27JAN2625600CE,0.0987674379872848
14-01-2026 14:25||NIFTY27JAN2626100CE,0.0992379088969261
14-01-2026 14:30||NIFTY27JAN2623900PE,0.1759690827053694
14-01-2026 14:30||NIFTY27JAN2624300PE,0.1534816945024157
14-01-2026 14:30||NIFTY27JAN2624500PE,0.140870158774412
14-01-2026 14:30||NIFTY27JAN2625000PE,0.1144139728401204
14-01-2026 14:30||NIFTY27JAN2625100PE,0.1104575263160779
14-01-2026 14:30||NIFTY27JAN2625400CE,0.1072080737792106
14-01-2026 14:30||NIFTY27JAN2626000CE,0.0994404340670216
14-01-2026 14:30||NIFTY27JAN2626100CE,0.1004982611011887
14-01-2026 14:30||NIFTY27JAN2626400CE,0.1230429619479506
14-01-2026 14:30||NIFTY27JAN2626500CE,0.1419254438821107
14-01-2026 14:35||NIFTY27JAN2624000PE,0.1749022901097238
14-01-2026 14:35||NIFTY27JAN2624300PE,0.1534097234769969
14-01-2026 14:35||NIFTY27JAN2625500CE,0.1045078344348632
14-01-2026 14:35||NIFTY27JAN2625900CE,0.0986204649540912
14-01-2026 14:35||NIFTY27JAN2626400CE,0.1183543432887032
14-01-2026 14:40||NIFTY27JAN2624300PE,0.1546033470937304
14-01-2026 14:40||NIFTY27JAN2624400PE,0.1477043508304847
14-01-2026 14:40||NIFTY27JAN2624500PE,0.1418090481391714
14-01-2026 14:40||NIFTY27JAN2624700PE,0.1296353952073865
14-01-2026 14:40||NIFTY27JAN2624800PE,0.1240169722151108
14-01-2026 14:40||NIFTY27JAN2625000PE,0.1145917545896868
14-01-2026 14:40||NIFTY27JAN2625400CE,0.1051809917899734
14-01-2026 14:40||NIFTY27JAN2625800CE,0.0977086531222326
14-01-2026 14:45||NIFTY27JAN2624500PE,0.1434593764820179
14-01-2026 14:45||NIFTY27JAN2624800PE,0.1254590925125763
14-01-2026 14:45||NIFTY27JAN2625100PE,0.1117505890529339
14-01-2026 14:45||NIFTY27JAN2625400CE,0.1016277278822515
14-01-2026 14:45||NIFTY27JAN2625500CE,0.0998018408245422
14-01-2026 14:45||NIFTY27JAN2625800CE,0.0954368609767205
14-01-2026 14:45||NIFTY27JAN2626100CE,0.0974366510060495
14-01-2026 14:45||NIFTY27JAN2626200CE,0.0992977124329044
14-01-2026 14:45||NIFTY27JAN2626300CE,0.1014103959712431
14-01-2026 14:50||NIFTY27JAN2624400PE,0.1514400910134234
14-01-2026 14:50||NIFTY27JAN2624600PE,0.1379963213361104
14-01-2026 14:50||NIFTY27JAN2624900PE,0.1211720491160663
14-01-2026 14:50||NIFTY27JAN2625200CE,0.101052214446451
14-01-2026 14:50||NIFTY27JAN2625700CE,0.0942920702230699
14-01-2026 14:50||NIFTY27JAN2625800CE,0.0934501860695469
14-01-2026 14:50||NIFTY27JAN2626300CE,0.1001014052907125
14-01-2026 14:55||NIFTY27JAN2624100PE,0.170138656959557
14-01-2026 14:55||NIFTY27JAN2624200PE,0.1634816088297418
14-01-2026 14:55||NIFTY27JAN2624600PE,0.137736477323863
14-01-2026 14:55||NIFTY27JAN2624800PE,0.1260018155846616
14-01-2026 14:55||NIFTY27JAN2625100PE,0.1114029180355585
14-01-2026 14:55||NIFTY27JAN2625300CE,0.1009750758063686
14-01-2026 14:55||NIFTY27JAN2625400CE,0.099894601014191
14-01-2026 14:55||NIFTY27JAN2625600CE,0.095508973091227
14-01-2026 14:55||NIFTY27JAN2626400CE,0.1081383216060514
14-01-2026 15:00||NIFTY27JAN2624300PE,0.1569085429335745
14-01-2026 15:00||NIFTY27JAN2624700PE,0.131501059593891
14-01-2026 15:00||NIFTY27JAN2625800CE,0.0928944728094029
14-01-2026 15:05||NIFTY27JAN2623900PE,0.1773761032027831
14-01-2026 15:05||NIFTY27JAN2624400PE,0.1503052354304937
14-01-2026 15:05||NIFTY27JAN2624800PE,0.1262756226519691
14-01-2026 15:05||NIFTY27JAN2626300CE,0.1009399851198884
14-01-2026 15:10||NIFTY27JAN2624100PE,0.1696406519054242
14-01-2026 15:10||NIFTY27JAN2624500PE,0.1433647417863575
14-01-2026 15:10||NIFTY27JAN2624900PE,0.1211021841499187
14-01-2026 15:10||NIFTY27JAN2625500CE,0.0968156413888216
14-01-2026 15:10||NIFTY27JAN2626200CE,0.0991108693910428
14-01-2026 15:15||NIFTY27JAN2624400PE,0.149003550411369
14-01-2026 15:15||NIFTY27JAN2624700PE,0.1306705486094792
14-01-2026 15:15||NIFTY27JAN2625100PE,0.1121103284365916
14-01-2026 15:15||NIFTY27JAN2625500CE,0.1015193721585693
14-01-2026 15:15||NIFTY27JAN2625900CE,0.0974248531619356
14-01-2026 15:15||NIFTY27JAN2626100CE,0.0987193453043014
14-01-2026 15:20||NIFTY27JAN2624500PE,0.1428523787380666
14-01-2026 15:20||NIFTY27JAN2624800PE,0.1255416153375631
14-01-2026 15:20||NIFTY27JAN2626100CE,0.0993305048326855
14-01-2026 15:20||NIFTY27JAN2626300CE,0.1075921783132693
14-01-2026 15:20||NIFTY27JAN2626400CE,0.1188491605265801
14-01-2026 15:25||NIFTY27JAN2623900PE,0.1812250447962241
14-01-2026 15:25||NIFTY27JAN2624600PE,0.1390967524721938
14-01-2026 15:25||NIFTY27JAN2625100PE,0.1131498025944161
14-01-2026 15:25||NIFTY27JAN2625200CE,0.1251001633135102
14-01-2026 15:25||NIFTY27JAN2626400CE,0.1239467178751804
14-01-2026 15:25||NIFTY27JAN2626500CE,0.1441197021027891
16-01-2026 09:15||NIFTY27JAN2624100PE,0.1720613482847399
16-01-2026 09:15||NIFTY27JAN2624200PE,0.1655285450865124
16-01-2026 09:15||NIFTY27JAN2624300PE,0.1603772544135624
16-01-2026 09:15||NIFTY27JAN2624800PE,0.1293882393183249
16-01-2026 09:15||NIFTY27JAN2625000PE,0.1184979063699005
16-01-2026 09:15||NIFTY27JAN2626000CE,0.0999156647703396
16-01-2026 09:15||NIFTY27JAN2626100CE,0.0999428005227386
16-01-2026 09:20||NIFTY27JAN2624100PE,0.1741144851643013
16-01-2026 09:20||NIFTY27JAN2624400PE,0.1553178875406954
16-01-2026 09:20||NIFTY27JAN2624600PE,0.1415773862137252
16-01-2026 09:20||NIFTY27JAN2625000PE,0.1185005655534694
16-01-2026 09:20||NIFTY27JAN2625200CE,0.1372776510387093
16-01-2026 09:20||NIFTY27JAN2625400CE,0.119925632014613
16-01-2026 09:20||NIFTY27JAN2625700CE,0.1069098460372001
16-01-2026 09:20||NIFTY27JAN2626000CE,0.0996818068855909
16-01-2026 09:25||NIFTY27JAN2624600PE,0.1398581639763302
16-01-2026 09:25||NIFTY27JAN2624700PE,0.1338331151607209
16-01-2026 09:25||NIFTY27JAN2625300CE,0.1225811965313566
16-01-2026 09:25||NIFTY27JAN2625600CE,0.107096049159601
16-01-2026 09:25||NIFTY27JAN2626300CE,0.1015572089423482
16-01-2026 09:25||NIFTY27JAN2626500CE,0.1372554592377098
16-01-2026 09:30||NIFTY27JAN2623800PE,0.1738075161614403
16-01-2026 09:30||NIFTY27JAN2624300PE,0.1583127902968495
16-01-2026 09:30||NIFTY27JAN2624400PE,0.1519159707685837
16-01-2026 09:30||NIFTY27JAN2624900PE,0.121620582057795
16-01-2026 09:30||NIFTY27JAN2625100PE,0.1120250759322455
16-01-2026 09:30||NIFTY27JAN2625500CE,0.1093142125714953
16-01-2026 09:30||NIFTY27JAN2625700CE,0.1024854326917212
16-01-2026 09:30||NIFTY27JAN2625900CE,0.0986076198337279
16-01-2026 09:30||NIFTY27JAN2626000CE,0.0973245855607499
16-01-2026 09:35||NIFTY27JAN2624100PE,0.1717417442012299
16-01-2026 09:35||NIFTY27JAN2624200PE,0.164189651805296
16-01-2026 09:35||NIFTY27JAN2624800PE,0.125836553204574
16-01-2026 09:35||NIFTY27JAN2625100PE,0.1107358745602504
16-01-2026 09:35||NIFTY27JAN2626300CE,0.100856763080735
16-01-2026 09:35||NIFTY27JAN2626400CE,0.1110383886966826
16-01-2026 09:40||NIFTY27JAN2624200PE,0.1649732985512653
16-01-2026 09:40||NIFTY27JAN2624300PE,0.1585788220942609
16-01-2026 09:40||NIFTY27JAN2625900CE,0.1014454991942221
16-01-2026 09:40||NIFTY27JAN2626500CE,0.1367669833898598
16-01-2026 09:45||NIFTY27JAN2623900PE,0.1837807903314414
16-01-2026 09:45||NIFTY27JAN2624500PE,0.1462682117599489
16-01-2026 09:45||NIFTY27JAN2624800PE,0.124130406023051
16-01-2026 09:45||NIFTY27JAN2624900PE,0.1179400272563461
16-01-2026 09:45||NIFTY27JAN2625400CE,0.1236035276903602
16-01-2026 09:45||NIFTY27JAN2626000CE,0.1002936455206855
16-01-2026 09:45||NIFTY27JAN2626100CE,0.0991685698734881
16-01-2026 09:50||NIFTY27JAN2623900PE,0.1851721462852491
16-01-2026 09:50||NIFTY27JAN2624200PE,0.1695525953292242
16-01-2026 09:50||NIFTY27JAN2624900PE,0.1185238407509114
16-01-2026 09:50||NIFTY27JAN2625500CE,0.1132292783794423
16-01-2026 09:50||NIFTY27JAN2625600CE,0.1085639637651922
16-01-2026 09:50||NIFTY27JAN2625700CE,0.1050138476250315
16-01-2026 09:50||NIFTY27JAN2625800CE,0.1021064714993743
16-01-2026 09:50||NIFTY27JAN2626000CE,0.0987127987945112
16-01-2026 09:50||NIFTY27JAN2626200CE,0.0979295809855271
16-01-2026 09:55||NIFTY27JAN2623800PE,0.1809098181636824
16-01-2026 09:55||NIFTY27JAN2624000PE,0.184636485452051
16-01-2026 09:55||NIFTY27JAN2624200PE,0.1707291491937497
16-01-2026 09:55||NIFTY27JAN2624500PE,0.1489974495329157
16-01-2026 09:55||NIFTY27JAN2624900PE,0.1193375237653866
16-01-2026 09:55||NIFTY27JAN2625000PE,0.1138396730922691
16-01-2026 09:55||NIFTY27JAN2625300CE,0.1254881968381684
16-01-2026 09:55||NIFTY27JAN2625400CE,0.1188518828433333
16-01-2026 09:55||NIFTY27JAN2625500CE,0.1132543237156806
16-01-2026 09:55||NIFTY27JAN2625700CE,0.1050875762046893
16-01-2026 09:55||NIFTY27JAN2625900CE,0.0993035275352377
16-01-2026 09:55||NIFTY27JAN2626000CE,0.0978544294371503
16-01-2026 09:55||NIFTY27JAN2626400CE,0.1267440429529624
16-01-2026 09:55||NIFTY27JAN2626500CE,0.1506577258661395
16-01-2026 10:00||NIFTY27JAN2624000PE,0.1846349662286192
16-01-2026 10:00||NIFTY27JAN2625400CE,0.1235485317867274
16-01-2026 10:00||NIFTY27JAN2625900CE,0.1010228269368865
16-01-2026 10:00||NIFTY27JAN2626000CE,0.0990848776438758
16-01-2026 10:00||NIFTY27JAN2626400CE,0.1346384917958659
16-01-2026 10:00||NIFTY27JAN2626500CE,0.1593811718222405
16-01-2026 10:05||NIFTY27JAN2624000PE,0.1854686237184486
16-01-2026 10:05||NIFTY27JAN2624100PE,0.1790460683010564
16-01-2026 10:05||NIFTY27JAN2624400PE,0.1579990581658234
16-01-2026 10:05||NIFTY27JAN2625100PE,0.1104274939026219
16-01-2026 10:05||NIFTY27JAN2625700CE,0.1111309174090362
16-01-2026 10:05||NIFTY27JAN2626400CE,0.1303715178733024
16-01-2026 10:05||NIFTY27JAN2626500CE,0.1537895176496776
16-01-2026 10:10||NIFTY27JAN2623900PE,0.1896628263384292
16-01-2026 10:10||NIFTY27JAN2624800PE,0.1303186378132539
16-01-2026 10:10||NIFTY27JAN2625300CE,0.1412265635880418
16-01-2026 10:10||NIFTY27JAN2625600CE,0.1212545511693511
16-01-2026 10:10||NIFTY27JAN2626100CE,0.1030550992090483
16-01-2026 10:10||NIFTY27JAN2626400CE,0.119906332634159
16-01-2026 10:15||NIFTY27JAN2623800PE,0.179380169901872
16-01-2026 10:15||NIFTY27JAN2624400PE,0.1622688653877828
16-01-2026 10:15||NIFTY27JAN2624500PE,0.1547088842679863
16-01-2026 10:15||NIFTY27JAN2625300CE,0.1476822154082893
16-01-2026 10:20||NIFTY27JAN2623800PE,0.1811174065833773
16-01-2026 10:20||NIFTY27JAN2624300PE,0.1730105956939867
16-01-2026 10:20||NIFTY27JAN2624500PE,0.1579622790270638
16-01-2026 10:20||NIFTY27JAN2624800PE,0.1368612157322075
16-01-2026 10:20||NIFTY27JAN2625700CE,0.1205577813345761
16-01-2026 10:20||NIFTY27JAN2625900CE,0.1114136204223081
16-01-2026 10:20||NIFTY27JAN2626400CE,0.1117834887722092
16-01-2026 10:25||NIFTY27JAN2624000PE,0.1968150945650692
16-01-2026 10:25||NIFTY27JAN2624200PE,0.1816377382165202
16-01-2026 10:25||NIFTY27JAN2624300PE,0.1744457968937292
16-01-2026 10:25||NIFTY27JAN2624600PE,0.1529962155129356
16-01-2026 10:25||NIFTY27JAN2625400CE,0.1361496691999217
16-01-2026 10:25||NIFTY27JAN2626000CE,0.1053483321355425
16-01-2026 10:30||NIFTY27JAN2624200PE,0.1826049548003205
16-01-2026 10:30||NIFTY27JAN2624400PE,0.1687363455873189
16-01-2026 10:30||NIFTY27JAN2624800PE,0.1397546565337102
16-01-2026 10:30||NIFTY27JAN2625500CE,0.1252018753797514
16-01-2026 10:35||NIFTY27JAN2624000PE,0.1979493598420682
16-01-2026 10:35||NIFTY27JAN2624200PE,0.1836326892638729
16-01-2026 10:35||NIFTY27JAN2624900PE,0.1335248864310246
16-01-2026 10:35||NIFTY27JAN2625100PE,0.1226285534530712
16-01-2026 10:35||NIFTY27JAN2625200CE,0.1356375304315888
16-01-2026 10:35||NIFTY27JAN2625600CE,0.1143379356267112
16-01-2026 10:35||NIFTY27JAN2626300CE,0.0986721325646589
16-01-2026 10:35||NIFTY27JAN2626400CE,0.1064318232851438
16-01-2026 10:40||NIFTY27JAN2623800PE,0.1817851718893219
16-01-2026 10:40||NIFTY27JAN2624200PE,0.1838622989920664
16-01-2026 10:40||NIFTY27JAN2624700PE,0.1475730604839351
16-01-2026 10:40||NIFTY27JAN2624900PE,0.1336255534232216
16-01-2026 10:40||NIFTY27JAN2626200CE,0.0976561942321731
16-01-2026 10:45||NIFTY27JAN2623800PE,0.1816664729368373
16-01-2026 10:45||NIFTY27JAN2624000PE,0.1973445368151151
16-01-2026 10:45||NIFTY27JAN2624400PE,0.168425680053681
16-01-2026 10:45||NIFTY27JAN2624600PE,0.1539580356428229
16-01-2026 10:45||NIFTY27JAN2624900PE,0.1333207526613117
16-01-2026 10:45||NIFTY27JAN2625200CE,0.1327602664354417
16-01-2026 10:50||NIFTY27JAN2624200PE,0.1808292836881758
16-01-2026 10:50||NIFTY27JAN2624300PE,0.1735733761251222
16-01-2026 10:50||NIFTY27JAN2624400PE,0.167110882388522
16-01-2026 10:50||NIFTY27JAN2624600PE,0.1533146686120135
16-01-2026 10:50||NIFTY27JAN2625400CE,0.1270359829962906
16-01-2026 10:50||NIFTY27JAN2626300CE,0.0991825166597901
16-01-2026 10:50||NIFTY27JAN2626400CE,0.1093007801038836
16-01-2026 10:55||NIFTY27JAN2623800PE,0.1845993154636727
16-01-2026 10:55||NIFTY27JAN2623900PE,0.1962662058467564
16-01-2026 10:55||NIFTY27JAN2624900PE,0.1314853936006878
16-01-2026 10:55||NIFTY27JAN2625400CE,0.1265660359110284
16-01-2026 10:55||NIFTY27JAN2625800CE,0.104558300814594
16-01-2026 10:55||NIFTY27JAN2625900CE,0.1013905666741768
16-01-2026 10:55||NIFTY27JAN2626100CE,0.0975481502105178
16-01-2026 10:55||NIFTY27JAN2626500CE,0.1374188798970206
16-01-2026 11:00||NIFTY27JAN2624400PE,0.1666244896227833
16-01-2026 11:00||NIFTY27JAN2624900PE,0.1306926807290317
16-01-2026 11:00||NIFTY27JAN2625000PE,0.1246481948679077
16-01-2026 11:00||NIFTY27JAN2625300CE,0.1376196387061108
16-01-2026 11:00||NIFTY27JAN2626000CE,0.0994357663933092
16-01-2026 11:00||NIFTY27JAN2626100CE,0.0976593065232129
16-01-2026 11:05||NIFTY27JAN2624300PE,0.173060796266482
16-01-2026 11:05||NIFTY27JAN2624400PE,0.1659413994248127
16-01-2026 11:05||NIFTY27JAN2625100PE,0.1206855816407877
16-01-2026 11:05||NIFTY27JAN2626100CE,0.0979074929936174
16-01-2026 11:10||NIFTY27JAN2624000PE,0.1936183573285024
16-01-2026 11:10||NIFTY27JAN2625800CE,0.1040768421268432
16-01-2026 11:10||NIFTY27JAN2626000CE,0.0986867561366321
16-01-2026 11:15||NIFTY27JAN2623900PE,0.1917594772062897
16-01-2026 11:15||NIFTY27JAN2624600PE,0.1506719637683907
16-01-2026 11:15||NIFTY27JAN2625800CE,0.1024895852317118
16-01-2026 11:15||NIFTY27JAN2626200CE,0.0961676365415299
16-01-2026 11:20||NIFTY27JAN2623800PE,0.1781370698217707
16-01-2026 11:20||NIFTY27JAN2624000PE,0.1905679427770954
16-01-2026 11:20||NIFTY27JAN2624100PE,0.183833101973703
16-01-2026 11:20||NIFTY27JAN2624900PE,0.1300693492479029
16-01-2026 11:20||NIFTY27JAN2625900CE,0.1002892881802685
16-01-2026 11:20||NIFTY27JAN2626000CE,0.0982096838216252
16-01-2026 11:20||NIFTY27JAN2626200CE,0.0966911109039572
16-01-2026 11:25||NIFTY27JAN2624200PE,0.1771007094918352
16-01-2026 11:25||NIFTY27JAN2624800PE,0.1359901699661438
16-01-2026 11:25||NIFTY27JAN2625000PE,0.123667731570985
16-01-2026 11:25||NIFTY27JAN2626300CE,0.0983799977595104
16-01-2026 11:30||NIFTY27JAN2624300PE,0.1700733797760137
16-01-2026 11:30||NIFTY27JAN2625600CE,0.1082915636779565
16-01-2026 11:30||NIFTY27JAN2626500CE,0.1384783159900178
16-01-2026 11:35||NIFTY27JAN2624500PE,0.1548747753081304
16-01-2026 11:35||NIFTY27JAN2624800PE,0.1358291514150658
16-01-2026 11:35||NIFTY27JAN2625300CE,0.1239293296532181
16-01-2026 11:35||NIFTY27JAN2625500CE,0.110667114372102
16-01-2026 11:35||NIFTY27JAN2626200CE,0.0960082074924103
16-01-2026 11:40||NIFTY27JAN2624400PE,0.1607974328952938
16-01-2026 11:40||NIFTY27JAN2624500PE,0.1538862899065684
16-01-2026 11:40||NIFTY27JAN2625500CE,0.1125163369400638
16-01-2026 11:40||NIFTY27JAN2626100CE,0.096726357309463
16-01-2026 11:45||NIFTY27JAN2624300PE,0.1683358154754231
16-01-2026 11:45||NIFTY27JAN2625000PE,0.1221164072498447
16-01-2026 11:45||NIFTY27JAN2625400CE,0.120942242326551
16-01-2026 11:50||NIFTY27JAN2623900PE,0.1899213352648838
16-01-2026 11:50||NIFTY27JAN2624300PE,0.1685622744063179
16-01-2026 11:50||NIFTY27JAN2625500CE,0.1129950615365197
16-01-2026 11:55||NIFTY27JAN2624000PE,0.1884934344968316
16-01-2026 11:55||NIFTY27JAN2624500PE,0.1534797023556663
16-01-2026 11:55||NIFTY27JAN2624800PE,0.1332591985681413
16-01-2026 11:55||NIFTY27JAN2625000PE,0.1224215538396246
16-01-2026 11:55||NIFTY27JAN2625100PE,0.1176050349596654
16-01-2026 11:55||NIFTY27JAN2626200CE,0.0981712992617877
16-01-2026 12:00||NIFTY27JAN2623900PE,0.1877082047841853
16-01-2026 12:00||NIFTY27JAN2624000PE,0.187470048659542
16-01-2026 12:00||NIFTY27JAN2624200PE,0.1741786120917533
16-01-2026 12:00||NIFTY27JAN2624400PE,0.1597456849715891
16-01-2026 12:00||NIFTY27JAN2624800PE,0.1321436079100593
16-01-2026 12:00||NIFTY27JAN2624900PE,0.1260895723254786
16-01-2026 12:00||NIFTY27JAN2625200CE,0.1319310202071395
16-01-2026 12:00||NIFTY27JAN2626200CE,0.1007054042198184
16-01-2026 12:05||NIFTY27JAN2623800PE,0.1759791224248715
16-01-2026 12:05||NIFTY27JAN2624200PE,0.1740938715523123
16-01-2026 12:05||NIFTY27JAN2624500PE,0.1525559841856048
16-01-2026 12:05||NIFTY27JAN2624800PE,0.1322141898015967
16-01-2026 12:05||NIFTY27JAN2625000PE,0.1202929275607117
16-01-2026 12:05||NIFTY27JAN2625200CE,0.1412954758188288
16-01-2026 12:05||NIFTY27JAN2625900CE,0.1091384331011013
16-01-2026 12:10||NIFTY27JAN2624800PE,0.1325459738759685
16-01-2026 12:10||NIFTY27JAN2625100PE,0.1167664606237511
16-01-2026 12:10||NIFTY27JAN2625300CE,0.140039988691891
16-01-2026 12:10||NIFTY27JAN2625800CE,0.1122768861717847
16-01-2026 12:10||NIFTY27JAN2626000CE,0.1050801271704253
16-01-2026 12:10||NIFTY27JAN2626100CE,0.1025523468623881
16-01-2026 12:15||NIFTY27JAN2624000PE,0.1900588355801618
16-01-2026 12:15||NIFTY27JAN2624600PE,0.1462625369954464
16-01-2026 12:15||NIFTY27JAN2624800PE,0.1326749585039322
16-01-2026 12:15||NIFTY27JAN2624900PE,0.1267641239581275
16-01-2026 12:15||NIFTY27JAN2625000PE,0.1218013372792827
16-01-2026 12:15||NIFTY27JAN2625800CE,0.1070668111380091
16-01-2026 12:15||NIFTY27JAN2626000CE,0.102196060629182
16-01-2026 12:20||NIFTY27JAN2623900PE,0.1898246331370457
16-01-2026 12:20||NIFTY27JAN2624300PE,0.1676575526595076
16-01-2026 12:20||NIFTY27JAN2624500PE,0.1524678294263319
16-01-2026 12:20||NIFTY27JAN2624900PE,0.1277187466774745
16-01-2026 12:20||NIFTY27JAN2625400CE,0.1101099878987823
16-01-2026 12:20||NIFTY27JAN2625600CE,0.101558965896004
16-01-2026 12:20||NIFTY27JAN2625700CE,0.0997780759351199
16-01-2026 12:25||NIFTY27JAN2623800PE,0.1743510744877052
16-01-2026 12:25||NIFTY27JAN2624500PE,0.1507246789213731
16-01-2026 12:25||NIFTY27JAN2624700PE,0.1373579498284784
16-01-2026 12:25||NIFTY27JAN2624800PE,0.131771637781986
16-01-2026 12:25||NIFTY27JAN2625000PE,0.1222646640963404
16-01-2026 12:25||NIFTY27JAN2625100PE,0.1172890265834777
16-01-2026 12:25||NIFTY27JAN2626400CE,0.1062551894346644
16-01-2026 12:30||NIFTY27JAN2623800PE,0.1726563756646893
16-01-2026 12:30||NIFTY27JAN2624400PE,0.1560813221466972
16-01-2026 12:30||NIFTY27JAN2624600PE,0.1421012844337487
16-01-2026 12:35||NIFTY27JAN2623800PE,0.171954878654544
16-01-2026 12:35||NIFTY27JAN2623900PE,0.1845675898941036
16-01-2026 12:35||NIFTY27JAN2624800PE,0.1294580744664162
16-01-2026 12:35||NIFTY27JAN2625600CE,0.1114868013043874
16-01-2026 12:35||NIFTY27JAN2625700CE,0.1082804663019427
16-01-2026 12:35||NIFTY27JAN2625800CE,0.1068458938136813
16-01-2026 12:35||NIFTY27JAN2625900CE,0.1055006910743685
16-01-2026 12:35||NIFTY27JAN2626000CE,0.1027415325527801
16-01-2026 12:35||NIFTY27JAN2626200CE,0.0995692090843965
16-01-2026 12:40||NIFTY27JAN2623800PE,0.1726978358349079
16-01-2026 12:40||NIFTY27JAN2625200CE,0.1286927799511122
16-01-2026 12:40||NIFTY27JAN2625900CE,0.104385647989161
16-01-2026 12:45||NIFTY27JAN2624000PE,0.183812265821087
16-01-2026 12:45||NIFTY27JAN2624800PE,0.1294269239324845
16-01-2026 12:45||NIFTY27JAN2625700CE,0.1066842003763345
16-01-2026 12:45||NIFTY27JAN2625900CE,0.1032118632889341
16-01-2026 12:45||NIFTY27JAN2626000CE,0.1003537904958234
16-01-2026 12:45||NIFTY27JAN2626300CE,0.1005368170746088
16-01-2026 12:50||NIFTY27JAN2624300PE,0.1622048306430115
16-01-2026 12:50||NIFTY27JAN2626000CE,0.0995589152404671
16-01-2026 12:50||NIFTY27JAN2626200CE,0.0992478616279043
16-01-2026 12:55||NIFTY27JAN2623900PE,0.1845344193240755
16-01-2026 12:55||NIFTY27JAN2624700PE,0.1338965891238613
16-01-2026 12:55||NIFTY27JAN2624900PE,0.1229353976554917
16-01-2026 12:55||NIFTY27JAN2625500CE,0.1115770867017859
16-01-2026 12:55||NIFTY27JAN2625800CE,0.1021355266462026
16-01-2026 13:00||NIFTY27JAN2623800PE,0.1724255136244157
16-01-2026 13:00||NIFTY27JAN2624700PE,0.1328460462293598
16-01-2026 13:00||NIFTY27JAN2624800PE,0.1270780244116067
16-01-2026 13:00||NIFTY27JAN2625400CE,0.1137603239246418
16-01-2026 13:00||NIFTY27JAN2625900CE,0.0996303276984578
16-01-2026 13:00||NIFTY27JAN2626000CE,0.0985993080203985
16-01-2026 13:05||NIFTY27JAN2624100PE,0.1741572088210532
16-01-2026 13:05||NIFTY27JAN2625000PE,0.1160524110746793
16-01-2026 13:05||NIFTY27JAN2625300CE,0.1218904006220103
16-01-2026 13:10||NIFTY27JAN2625200CE,0.1301109466874846
16-01-2026 13:15||NIFTY27JAN2623800PE,0.1710651325056808
16-01-2026 13:15||NIFTY27JAN2624100PE,0.172033192740057
16-01-2026 13:15||NIFTY27JAN2624600PE,0.136132225573949
16-01-2026 13:15||NIFTY27JAN2624700PE,0.1298508752981647
16-01-2026 13:15||NIFTY27JAN2625800CE,0.102009176024912
16-01-2026 13:15||NIFTY27JAN2626100CE,0.100101075853876
16-01-2026 13:15||NIFTY27JAN2626200CE,0.1007166957342284
16-01-2026 13:20||NIFTY27JAN2624300PE,0.1556813639065429
16-01-2026 13:20||NIFTY27JAN2624700PE,0.1291568573551206
16-01-2026 13:20||NIFTY27JAN2625100PE,0.1095516123347574
16-01-2026 13:20||NIFTY27JAN2625600CE,0.1096792438963869
16-01-2026 13:20||NIFTY27JAN2626100CE,0.1011778619852884
16-01-2026 13:25||NIFTY27JAN2623900PE,0.1799009616383664
16-01-2026 13:25||NIFTY27JAN2624300PE,0.1540602102427454
16-01-2026 13:25||NIFTY27JAN2624400PE,0.1476312188236127
16-01-2026 13:25||NIFTY27JAN2625200CE,0.1305445765503911
16-01-2026 13:25||NIFTY27JAN2625300CE,0.1242333133514072
16-01-2026 13:25||NIFTY27JAN2625500CE,0.1145812900868149
16-01-2026 13:25||NIFTY27JAN2625800CE,0.1044734058164427
16-01-2026 13:25||NIFTY27JAN2626400CE,0.1219224570178495
16-01-2026 13:25||NIFTY27JAN2626500CE,0.1419331215112356
16-01-2026 13:30||NIFTY27JAN2624000PE,0.1764672961248143
16-01-2026 13:30||NIFTY27JAN2624200PE,0.1613491799555517
16-01-2026 13:30||NIFTY27JAN2624400PE,0.1474072856764098
16-01-2026 13:30||NIFTY27JAN2624900PE,0.1176247291082732
16-01-2026 13:30||NIFTY27JAN2625000PE,0.1128620450221804
16-01-2026 13:30||NIFTY27JAN2625200CE,0.1337104716790629
16-01-2026 13:35||NIFTY27JAN2624400PE,0.147927944672672
16-01-2026 13:35||NIFTY27JAN2624500PE,0.1416855624246688
16-01-2026 13:35||NIFTY27JAN2624900PE,0.1186355434157529
16-01-2026 13:35||NIFTY27JAN2625500CE,0.1132049109545823
16-01-2026 13:35||NIFTY27JAN2626100CE,0.1009283735710904
16-01-2026 13:35||NIFTY27JAN2626400CE,0.1152028337960718
16-01-2026 13:40||NIFTY27JAN2623900PE,0.1804283575567998
16-01-2026 13:40||NIFTY27JAN2624500PE,0.1423843843819658
16-01-2026 13:40||NIFTY27JAN2624700PE,0.1303045812943173
16-01-2026 13:40||NIFTY27JAN2625200CE,0.1357544672092873
16-01-2026 13:40||NIFTY27JAN2625300CE,0.1267674741523553
16-01-2026 13:40||NIFTY27JAN2625900CE,0.1021707028502821
16-01-2026 13:40||NIFTY27JAN2626000CE,0.101047125319336
16-01-2026 13:40||NIFTY27JAN2626200CE,0.10161265430944
16-01-2026 13:40||NIFTY27JAN2626500CE,0.1390171649547565
16-01-2026 13:45||NIFTY27JAN2623900PE,0.1805105163851116
16-01-2026 13:45||NIFTY27JAN2624100PE,0.1704798564405683
16-01-2026 13:45||NIFTY27JAN2624500PE,0.1434334737778139
16-01-2026 13:50||NIFTY27JAN2624700PE,0.131577485048992
16-01-2026 13:50||NIFTY27JAN2625900CE,0.0992331426664394
16-01-2026 13:50||NIFTY27JAN2626000CE,0.0988033480670125
16-01-2026 13:55||NIFTY27JAN2623900PE,0.1800417885132946
16-01-2026 13:55||NIFTY27JAN2624200PE,0.1624258093234555
16-01-2026 13:55||NIFTY27JAN2624300PE,0.1557638594047748
16-01-2026 13:55||NIFTY27JAN2625000PE,0.1177077769199862
16-01-2026 13:55||NIFTY27JAN2625700CE,0.1009030107579221
16-01-2026 13:55||NIFTY27JAN2626100CE,0.0989294301597146
16-01-2026 14:00||NIFTY27JAN2624500PE,0.1427997824752714
16-01-2026 14:00||NIFTY27JAN2624900PE,0.1219553116983968
16-01-2026 14:00||NIFTY27JAN2625000PE,0.1181113437065186
16-01-2026 14:00||NIFTY27JAN2625100PE,0.1141233871031084
16-01-2026 14:00||NIFTY27JAN2626000CE,0.0988417631041233
16-01-2026 14:05||NIFTY27JAN2624100PE,0.1708176787026088
16-01-2026 14:05||NIFTY27JAN2625500CE,0.1059511258433035
16-01-2026 14:05||NIFTY27JAN2625800CE,0.099905468360864
16-01-2026 14:05||NIFTY27JAN2626100CE,0.0992984654762897
16-01-2026 14:10||NIFTY27JAN2624500PE,0.1428766609889217
16-01-2026 14:10||NIFTY27JAN2625100PE,0.1117968765623237
16-01-2026 14:10||NIFTY27JAN2625500CE,0.1073635413645914
16-01-2026 14:10||NIFTY27JAN2626400CE,0.123099430179838
16-01-2026 14:10||NIFTY27JAN2626500CE,0.1438807878906256
16-01-2026 14:15||NIFTY27JAN2624300PE,0.1566158078310784
16-01-2026 14:15||NIFTY27JAN2624600PE,0.1364166461721133
16-01-2026 14:15||NIFTY27JAN2624900PE,0.1195589431099316
16-01-2026 14:15||NIFTY27JAN2625500CE,0.1094293320292323
16-01-2026 14:20||NIFTY27JAN2624200PE,0.1644070845584847
16-01-2026 14:20||NIFTY27JAN2624800PE,0.1250947069284468
16-01-2026 14:20||NIFTY27JAN2625100PE,0.1110678740736079
16-01-2026 14:20||NIFTY27JAN2626000CE,0.0990032815507092
16-01-2026 14:20||NIFTY27JAN2626300CE,0.1044322681596992
16-01-2026 14:25||NIFTY27JAN2623900PE,0.1827601925584228
16-01-2026 14:25||NIFTY27JAN2624900PE,0.1201068790522764
16-01-2026 14:25||NIFTY27JAN2625100PE,0.1113557512660971
16-01-2026 14:25||NIFTY27JAN2625500CE,0.1079220561173765
16-01-2026 14:25||NIFTY27JAN2626500CE,0.1398826666445538
16-01-2026 14:30||NIFTY27JAN2623800PE,0.1762808546882406
16-01-2026 14:30||NIFTY27JAN2624300PE,0.1580101481090132
16-01-2026 14:30||NIFTY27JAN2626300CE,0.1040308209776215
16-01-2026 14:35||NIFTY27JAN2623800PE,0.1780204422789625
16-01-2026 14:35||NIFTY27JAN2624800PE,0.1240049752706296
16-01-2026 14:35||NIFTY27JAN2624900PE,0.1184312427780626
16-01-2026 14:35||NIFTY27JAN2625000PE,0.1142339240339704
16-01-2026 14:35||NIFTY27JAN2625300CE,0.11486898566343
16-01-2026 14:35||NIFTY27JAN2625900CE,0.0987597675919755
16-01-2026 14:35||NIFTY27JAN2626100CE,0.0994569026541514
16-01-2026 14:35||NIFTY27JAN2626200CE,0.1007196981306232
16-01-2026 14:35||NIFTY27JAN2626300CE,0.1043048082345858
16-01-2026 14:35||NIFTY27JAN2626500CE,0.1436088196968991
16-01-2026 14:40||NIFTY27JAN2624200PE,0.1641873521615934
16-01-2026 14:40||NIFTY27JAN2624600PE,0.1376387071995368
16-01-2026 14:40||NIFTY27JAN2624900PE,0.1191967276766211
16-01-2026 14:40||NIFTY27JAN2625800CE,0.0988263709371303
16-01-2026 14:40||NIFTY27JAN2626500CE,0.1430905700899945
16-01-2026 14:45||NIFTY27JAN2623900PE,0.1792727969970854
16-01-2026 14:45||NIFTY27JAN2624000PE,0.1760603487358245
16-01-2026 14:45||NIFTY27JAN2624100PE,0.1686990097919893
16-01-2026 14:45||NIFTY27JAN2625000PE,0.1153903548368272
16-01-2026 14:45||NIFTY27JAN2625300CE,0.1153794546146342
16-01-2026 14:45||NIFTY27JAN2625600CE,0.1038092926074024
16-01-2026 14:45||NIFTY27JAN2626300CE,0.1030103265979876
16-01-2026 14:45||NIFTY27JAN2626400CE,0.1135814159514918
16-01-2026 14:50||NIFTY27JAN2623900PE,0.1790139959694955
16-01-2026 14:50||NIFTY27JAN2624100PE,0.1678528941661785
16-01-2026 14:50||NIFTY27JAN2624200PE,0.160964318249742
16-01-2026 14:50||NIFTY27JAN2624300PE,0.155409904526909
16-01-2026 14:50||NIFTY27JAN2624700PE,0.1311937283307787
16-01-2026 14:50||NIFTY27JAN2625100PE,0.1118278443138442
16-01-2026 14:55||NIFTY27JAN2624200PE,0.1618299805281253
16-01-2026 14:55||NIFTY27JAN2624900PE,0.1200924667300605
16-01-2026 14:55||NIFTY27JAN2625200CE,0.1207255858517079
16-01-2026 14:55||NIFTY27JAN2625300CE,0.1140979161123858
16-01-2026 14:55||NIFTY27JAN2625600CE,0.1030201907280136
16-01-2026 14:55||NIFTY27JAN2625700CE,0.1002899343411731
16-01-2026 14:55||NIFTY27JAN2625800CE,0.0987205233886065
16-01-2026 15:00||NIFTY27JAN2624000PE,0.1779287601317184
16-01-2026 15:00||NIFTY27JAN2624800PE,0.1251391678905367
16-01-2026 15:00||NIFTY27JAN2624900PE,0.1200667954243779
16-01-2026 15:00||NIFTY27JAN2625500CE,0.1044255915983864
16-01-2026 15:05||NIFTY27JAN2623900PE,0.1797938712956538
16-01-2026 15:05||NIFTY27JAN2624100PE,0.1692328607370617
16-01-2026 15:05||NIFTY27JAN2624200PE,0.1621646945551174
16-01-2026 15:05||NIFTY27JAN2624600PE,0.1367639444389308
16-01-2026 15:05||NIFTY27JAN2624900PE,0.1202557103146155
16-01-2026 15:05||NIFTY27JAN2626200CE,0.0982512408046472
16-01-2026 15:10||NIFTY27JAN2623900PE,0.1795141619620806
16-01-2026 15:10||NIFTY27JAN2624700PE,0.1294556003433524
16-01-2026 15:10||NIFTY27JAN2624800PE,0.1242955181646136
16-01-2026 15:10||NIFTY27JAN2625100PE,0.1118051265532806
16-01-2026 15:10||NIFTY27JAN2625600CE,0.1026175822147716
16-01-2026 15:15||NIFTY27JAN2623800PE,0.1730653645325885
16-01-2026 15:15||NIFTY27JAN2624200PE,0.1614356199926461
16-01-2026 15:15||NIFTY27JAN2624400PE,0.147370048830351
16-01-2026 15:15||NIFTY27JAN2624500PE,0.1412314055315836
16-01-2026 15:15||NIFTY27JAN2624700PE,0.1290514389238038
16-01-2026 15:15||NIFTY27JAN2624800PE,0.1238898299821796
16-01-2026 15:15||NIFTY27JAN2625000PE,0.1151906976661965
16-01-2026 15:15||NIFTY27JAN2625300CE,0.1160553973501266
16-01-2026 15:15||NIFTY27JAN2625500CE,0.1066984127894323
16-01-2026 15:15||NIFTY27JAN2626000CE,0.0974432235417406
16-01-2026 15:15||NIFTY27JAN2626100CE,0.0972967027209802
16-01-2026 15:15||NIFTY27JAN2626300CE,0.1061662142766899
16-01-2026 15:20||NIFTY27JAN2623900PE,0.1818888528424518
16-01-2026 15:20||NIFTY27JAN2624000PE,0.1778155634125526
16-01-2026 15:20||NIFTY27JAN2624200PE,0.162277410766272
16-01-2026 15:20||NIFTY27JAN2624400PE,0.1479252730803113
16-01-2026 15:20||NIFTY27JAN2624600PE,0.1357982105802077
16-01-2026 15:20||NIFTY27JAN2624800PE,0.124588645617734
16-01-2026 15:20||NIFTY27JAN2625500CE,0.1071342860699622
16-01-2026 15:20||NIFTY27JAN2625900CE,0.0988270760740934
16-01-2026 15:20||NIFTY27JAN2626100CE,0.0977021957869011
16-01-2026 15:20||NIFTY27JAN2626400CE,0.1322712044676665
16-01-2026 15:20||NIFTY27JAN2626500CE,0.1554911488856865
16-01-2026 15:25||NIFTY27JAN2626400CE,0.1386572610511327
16-01-2026 15:25||NIFTY27JAN2626500CE,0.1621729413823794
19-01-2026 09:15||NIFTY27JAN2624700PE,0.1352354387723441
19-01-2026 09:15||NIFTY27JAN2624900PE,0.1242943760406759
19-01-2026 09:15||NIFTY27JAN2625400CE,0.1085661839161234
19-01-2026 09:15||NIFTY27JAN2625500CE,0.1068034386912767
19-01-2026 09:15||NIFTY27JAN2625900CE,0.1068185468458682
19-01-2026 09:15||NIFTY27JAN2626300CE,0.121877829918178
19-01-2026 09:15||NIFTY27JAN2626400CE,0.1360397227807974
19-01-2026 09:20||NIFTY27JAN2624600PE,0.1440417716119909
19-01-2026 09:20||NIFTY27JAN2625700CE,0.1097105004875204
19-01-2026 09:20||NIFTY27JAN2626100CE,0.1158443970534153
19-01-2026 09:20||NIFTY27JAN2626400CE,0.1334903733678733
19-01-2026 09:25||NIFTY27JAN2624500PE,0.151328441765349
19-01-2026 09:25||NIFTY27JAN2625500CE,0.1072660772485048
19-01-2026 09:25||NIFTY27JAN2625600CE,0.109319426866205
19-01-2026 09:25||NIFTY27JAN2625700CE,0.1100409368866949
19-01-2026 09:25||NIFTY27JAN2626100CE,0.116949814371217
19-01-2026 09:25||NIFTY27JAN2626200CE,0.1200679354391995
19-01-2026 09:25||NIFTY27JAN2626400CE,0.1352683887692342
19-01-2026 09:30||NIFTY27JAN2623800PE,0.191212082320643
19-01-2026 09:30||NIFTY27JAN2624000PE,0.1925448081764081
19-01-2026 09:30||NIFTY27JAN2624200PE,0.1744207568829809
19-01-2026 09:30||NIFTY27JAN2624300PE,0.1661662149775911
19-01-2026 09:30||NIFTY27JAN2624400PE,0.1583915393959815
19-01-2026 09:30||NIFTY27JAN2624800PE,0.1301207866727099
19-01-2026 09:30||NIFTY27JAN2625400CE,0.111548434410953
19-01-2026 09:30||NIFTY27JAN2625800CE,0.1090366654684654
19-01-2026 09:30||NIFTY27JAN2626500CE,0.158387502609645
19-01-2026 09:35||NIFTY27JAN2624500PE,0.1498728018093743
19-01-2026 09:35||NIFTY27JAN2624800PE,0.1300720734304237
19-01-2026 09:35||NIFTY27JAN2625500CE,0.1115023949890558
19-01-2026 09:35||NIFTY27JAN2625600CE,0.1108693198691531
19-01-2026 09:35||NIFTY27JAN2626200CE,0.1201828197733135
19-01-2026 09:40||NIFTY27JAN2624100PE,0.1834411685758705
19-01-2026 09:40||NIFTY27JAN2624200PE,0.1754088502845668
19-01-2026 09:40||NIFTY27JAN2624400PE,0.1573848658908483
19-01-2026 09:40||NIFTY27JAN2624500PE,0.1490020658686909
19-01-2026 09:40||NIFTY27JAN2624600PE,0.1423108994788312
19-01-2026 09:40||NIFTY27JAN2624900PE,0.1249386195646845
19-01-2026 09:40||NIFTY27JAN2625700CE,0.1072771675973846
19-01-2026 09:40||NIFTY27JAN2626200CE,0.1198836875964885
19-01-2026 09:40||NIFTY27JAN2626300CE,0.1246059162846855
19-01-2026 09:40||NIFTY27JAN2626500CE,0.1586760108110995
19-01-2026 09:45||NIFTY27JAN2623900PE,0.1937639278652138
19-01-2026 09:45||NIFTY27JAN2624000PE,0.190437530226762
19-01-2026 09:45||NIFTY27JAN2626200CE,0.1188807827107337
19-01-2026 09:50||NIFTY27JAN2623900PE,0.1940844300673634
19-01-2026 09:50||NIFTY27JAN2624700PE,0.1359521006699757
19-01-2026 09:50||NIFTY27JAN2624800PE,0.1301380468488674
19-01-2026 09:50||NIFTY27JAN2625300CE,0.1049084748578174
19-01-2026 09:50||NIFTY27JAN2625900CE,0.1066298298608578
19-01-2026 09:50||NIFTY27JAN2626200CE,0.1174505196214736
19-01-2026 09:55||NIFTY27JAN2624700PE,0.1359165398529819
19-01-2026 09:55||NIFTY27JAN2625400CE,0.1038675307475084
19-01-2026 09:55||NIFTY27JAN2625700CE,0.1044811691495207
19-01-2026 09:55||NIFTY27JAN2626400CE,0.1327672704765601
19-01-2026 10:00||NIFTY27JAN2624400PE,0.1573569313781905
19-01-2026 10:00||NIFTY27JAN2625000PE,0.1191470141868419
19-01-2026 10:00||NIFTY27JAN2625700CE,0.106950556731855
19-01-2026 10:00||NIFTY27JAN2625900CE,0.1091512473475416
19-01-2026 10:05||NIFTY27JAN2624500PE,0.1479894628870467
19-01-2026 10:05||NIFTY27JAN2624800PE,0.1283764569488658
19-01-2026 10:05||NIFTY27JAN2625200CE,0.1140562701140943
19-01-2026 10:05||NIFTY27JAN2625500CE,0.1100208120510303
19-01-2026 10:05||NIFTY27JAN2626100CE,0.1170137554029427
19-01-2026 10:05||NIFTY27JAN2626200CE,0.1211197171579734
19-01-2026 10:10||NIFTY27JAN2623800PE,0.1886717562332187
19-01-2026 10:10||NIFTY27JAN2624200PE,0.1730860822232042
19-01-2026 10:10||NIFTY27JAN2624400PE,0.155989216705542
19-01-2026 10:10||NIFTY27JAN2625100PE,0.1146819976754473
19-01-2026 10:15||NIFTY27JAN2624200PE,0.1735276100180455
19-01-2026 10:15||NIFTY27JAN2624400PE,0.1569255151987575
19-01-2026 10:15||NIFTY27JAN2624700PE,0.1348456881556706
19-01-2026 10:15||NIFTY27JAN2624800PE,0.1292164357461596
19-01-2026 10:15||NIFTY27JAN2625100PE,0.1158863557717613
19-01-2026 10:15||NIFTY27JAN2625500CE,0.1078890342216456
19-01-2026 10:15||NIFTY27JAN2625700CE,0.1069407789381565
19-01-2026 10:15||NIFTY27JAN2626200CE,0.1201856676529257
19-01-2026 10:15||NIFTY27JAN2626500CE,0.1604960778290799
19-01-2026 10:20||NIFTY27JAN2623900PE,0.1953395172904148
19-01-2026 10:20||NIFTY27JAN2624100PE,0.1827434898678074
19-01-2026 10:20||NIFTY27JAN2625500CE,0.10609059976983
19-01-2026 10:20||NIFTY27JAN2626300CE,0.1282645238485946
19-01-2026 10:25||NIFTY27JAN2625400CE,0.1062083557679947
19-01-2026 10:25||NIFTY27JAN2626100CE,0.1155531503352113
19-01-2026 10:25||NIFTY27JAN2626400CE,0.1445927788710623
19-01-2026 10:25||NIFTY27JAN2626500CE,0.1644109401095018
19-01-2026 10:30||NIFTY27JAN2623800PE,0.187159925279834
19-01-2026 10:30||NIFTY27JAN2623900PE,0.1930828838419472
19-01-2026 10:30||NIFTY27JAN2624600PE,0.1404290131591937
19-01-2026 10:30||NIFTY27JAN2624700PE,0.1337176039245987
19-01-2026 10:30||NIFTY27JAN2624800PE,0.1290046604949608
19-01-2026 10:30||NIFTY27JAN2624900PE,0.1251497950842221
19-01-2026 10:30||NIFTY27JAN2626200CE,0.1214493257113453
19-01-2026 10:35||NIFTY27JAN2623800PE,0.1839331430283437
19-01-2026 10:35||NIFTY27JAN2624700PE,0.1336449679785723
19-01-2026 10:35||NIFTY27JAN2624800PE,0.1285992165224903
19-01-2026 10:35||NIFTY27JAN2625000PE,0.1205434842506097
19-01-2026 10:35||NIFTY27JAN2625200CE,0.1176114716951978
19-01-2026 10:35||NIFTY27JAN2626300CE,0.1270674296312535
19-01-2026 10:40||NIFTY27JAN2623800PE,0.1837333775100613
19-01-2026 10:40||NIFTY27JAN2623900PE,0.1905837804702618
19-01-2026 10:40||NIFTY27JAN2624000PE,0.1884654643432695
19-01-2026 10:40||NIFTY27JAN2624700PE,0.1349398973293119
19-01-2026 10:40||NIFTY27JAN2625400CE,0.1116198114913928
19-01-2026 10:40||NIFTY27JAN2625700CE,0.1089078306382805
19-01-2026 10:45||NIFTY27JAN2624000PE,0.1893989039861556
19-01-2026 10:45||NIFTY27JAN2624700PE,0.1358080633707205
19-01-2026 10:45||NIFTY27JAN2625600CE,0.1099812707245316
19-01-2026 10:45||NIFTY27JAN2626200CE,0.1217558886698258
19-01-2026 10:50||NIFTY27JAN2625100PE,0.1167460271664795
19-01-2026 10:50||NIFTY27JAN2625200CE,0.1208600968752651
19-01-2026 10:50||NIFTY27JAN2626200CE,0.1214817348201512
19-01-2026 10:55||NIFTY27JAN2624100PE,0.1819649794176139
19-01-2026 10:55||NIFTY27JAN2624200PE,0.1737795417625309
19-01-2026 10:55||NIFTY27JAN2624500PE,0.1492214085185748
19-01-2026 10:55||NIFTY27JAN2625400CE,0.1154242575050304
19-01-2026 10:55||NIFTY27JAN2625500CE,0.1131503757135102
19-01-2026 10:55||NIFTY27JAN2625900CE,0.111794983803669
19-01-2026 10:55||NIFTY27JAN2626000CE,0.1140397942545664
19-01-2026 11:00||NIFTY27JAN2623900PE,0.195646124268079
19-01-2026 11:00||NIFTY27JAN2624400PE,0.1586798797746105
19-01-2026 11:00||NIFTY27JAN2625400CE,0.1117649842765542
19-01-2026 11:00||NIFTY27JAN2625600CE,0.1096285645395187
19-01-2026 11:00||NIFTY27JAN2625700CE,0.108472291402269
19-01-2026 11:00||NIFTY27JAN2625800CE,0.1081555542243837
19-01-2026 11:00||NIFTY27JAN2626300CE,0.124406851315621
19-01-2026 11:00||NIFTY27JAN2626500CE,0.1592573559431748
19-01-2026 11:05||NIFTY27JAN2623800PE,0.1885582893976102
19-01-2026 11:05||NIFTY27JAN2623900PE,0.1950409430091092
19-01-2026 11:05||NIFTY27JAN2624200PE,0.1763098503226762
19-01-2026 11:05||NIFTY27JAN2624500PE,0.1516131867899384
19-01-2026 11:05||NIFTY27JAN2625000PE,0.1224333722479988
19-01-2026 11:05||NIFTY27JAN2625600CE,0.1064348954813367
19-01-2026 11:05||NIFTY27JAN2626100CE,0.113414062001699
19-01-2026 11:10||NIFTY27JAN2624300PE,0.1666186884396003
19-01-2026 11:10||NIFTY27JAN2625800CE,0.104703624623659
19-01-2026 11:15||NIFTY27JAN2624400PE,0.155183317272644
19-01-2026 11:15||NIFTY27JAN2624500PE,0.1472732037214745
19-01-2026 11:15||NIFTY27JAN2624600PE,0.1413420797434633
19-01-2026 11:15||NIFTY27JAN2624700PE,0.1363109880215871
19-01-2026 11:15||NIFTY27JAN2624900PE,0.1259349573212555
19-01-2026 11:15||NIFTY27JAN2625100PE,0.1178298065235544
19-01-2026 11:20||NIFTY27JAN2623800PE,0.1896684565907821
19-01-2026 11:20||NIFTY27JAN2624200PE,0.1731900798449672
19-01-2026 11:20||NIFTY27JAN2624300PE,0.1643091315553243
19-01-2026 11:20||NIFTY27JAN2624500PE,0.1478580295776607
19-01-2026 11:20||NIFTY27JAN2624900PE,0.1245688005051526
19-01-2026 11:20||NIFTY27JAN2625400CE,0.110387002262599
19-01-2026 11:20||NIFTY27JAN2625500CE,0.1083166981036621
19-01-2026 11:20||NIFTY27JAN2625600CE,0.1075457685987895
19-01-2026 11:20||NIFTY27JAN2625700CE,0.1073265338883324
19-01-2026 11:20||NIFTY27JAN2626200CE,0.1206123881107501
19-01-2026 11:20||NIFTY27JAN2626300CE,0.1262809304549352
19-01-2026 11:20||NIFTY27JAN2626500CE,0.1587305183542089
19-01-2026 11:25||NIFTY27JAN2624900PE,0.1236817725476615
19-01-2026 11:25||NIFTY27JAN2625300CE,0.1167589798752338
19-01-2026 11:25||NIFTY27JAN2625400CE,0.1131414562716666
19-01-2026 11:30||NIFTY27JAN2624100PE,0.1825564089975587
19-01-2026 11:30||NIFTY27JAN2624600PE,0.1423267646894351
19-01-2026 11:30||NIFTY27JAN2624900PE,0.1234704128587297
19-01-2026 11:30||NIFTY27JAN2625000PE,0.1187000967312285
19-01-2026 11:30||NIFTY27JAN2625500CE,0.1132353016142922
19-01-2026 11:30||NIFTY27JAN2625700CE,0.1100076002395002
19-01-2026 11:30||NIFTY27JAN2626500CE,0.1672227060638337
19-01-2026 11:35||NIFTY27JAN2623900PE,0.1953782789130095
19-01-2026 11:35||NIFTY27JAN2624600PE,0.1421413282699393
19-01-2026 11:35||NIFTY27JAN2625800CE,0.1095633638860951
19-01-2026 11:35||NIFTY27JAN2626000CE,0.1138606384369524
19-01-2026 11:35||NIFTY27JAN2626200CE,0.1319781750780881
19-01-2026 11:35||NIFTY27JAN2626300CE,0.1410438498380682
19-01-2026 11:35||NIFTY27JAN2626400CE,0.1513274442135114
19-01-2026 11:35||NIFTY27JAN2626500CE,0.1677257711879685
19-01-2026 11:40||NIFTY27JAN2623800PE,0.1893297218053012
19-01-2026 11:40||NIFTY27JAN2624100PE,0.1825039324998765
19-01-2026 11:40||NIFTY27JAN2624200PE,0.1740900083931275
19-01-2026 11:40||NIFTY27JAN2624400PE,0.1574126313154391
19-01-2026 11:40||NIFTY27JAN2624500PE,0.1495914989210586
19-01-2026 11:40||NIFTY27JAN2625100PE,0.115858053933061
19-01-2026 11:45||NIFTY27JAN2624300PE,0.1668111101064252
19-01-2026 11:45||NIFTY27JAN2625400CE,0.1140685361192925
19-01-2026 11:50||NIFTY27JAN2624600PE,0.1430785310848041
19-01-2026 11:50||NIFTY27JAN2625200CE,0.1130401558626368
19-01-2026 11:50||NIFTY27JAN2626300CE,0.1233493830058683
19-01-2026 11:55||NIFTY27JAN2623800PE,0.1892750841715534
19-01-2026 11:55||NIFTY27JAN2624300PE,0.165102167551172
19-01-2026 11:55||NIFTY27JAN2624500PE,0.1488952224963799
19-01-2026 11:55||NIFTY27JAN2624600PE,0.1420748407805486
19-01-2026 11:55||NIFTY27JAN2624700PE,0.136736253378189
19-01-2026 11:55||NIFTY27JAN2625900CE,0.1072273725293876
19-01-2026 11:55||NIFTY27JAN2626200CE,0.1186321548190983
19-01-2026 12:00||NIFTY27JAN2624200PE,0.1723104125422254
19-01-2026 12:00||NIFTY27JAN2624300PE,0.1631281576852415
19-01-2026 12:00||NIFTY27JAN2624400PE,0.1553709612640916
19-01-2026 12:00||NIFTY27JAN2624500PE,0.1485844305736776
19-01-2026 12:00||NIFTY27JAN2624700PE,0.1371491714448396
19-01-2026 12:00||NIFTY27JAN2625000PE,0.1218602870451373
19-01-2026 12:00||NIFTY27JAN2626100CE,0.1150212392268216
19-01-2026 12:00||NIFTY27JAN2626500CE,0.1659283149257304
19-01-2026 12:05||NIFTY27JAN2623900PE,0.1958281817952563
19-01-2026 12:05||NIFTY27JAN2624400PE,0.1567753376207751
19-01-2026 12:05||NIFTY27JAN2624500PE,0.1498250243884135
19-01-2026 12:05||NIFTY27JAN2625200CE,0.1152178390569097
19-01-2026 12:05||NIFTY27JAN2625400CE,0.1099989746289381
19-01-2026 12:05||NIFTY27JAN2625500CE,0.1080298823587896
19-01-2026 12:05||NIFTY27JAN2625700CE,0.1061936976318063
19-01-2026 12:05||NIFTY27JAN2626100CE,0.116106493925575
19-01-2026 12:05||NIFTY27JAN2626200CE,0.1214700291793282
19-01-2026 12:05||NIFTY27JAN2626400CE,0.1466820951789363
19-01-2026 12:05||NIFTY27JAN2626500CE,0.1686642359757206
19-01-2026 12:10||NIFTY27JAN2623900PE,0.1948822521109196
19-01-2026 12:10||NIFTY27JAN2625600CE,0.1089844660433363
19-01-2026 12:10||NIFTY27JAN2626400CE,0.1408686001446606
19-01-2026 12:15||NIFTY27JAN2623900PE,0.1946556729350458
19-01-2026 12:15||NIFTY27JAN2624100PE,0.184434719546567
19-01-2026 12:15||NIFTY27JAN2624300PE,0.1679803371450366
19-01-2026 12:20||NIFTY27JAN2623800PE,0.1887930483221451
19-01-2026 12:20||NIFTY27JAN2624400PE,0.1600019073881163
19-01-2026 12:20||NIFTY27JAN2625100PE,0.1163213085898713
19-01-2026 12:20||NIFTY27JAN2625300CE,0.1152613797109589
19-01-2026 12:20||NIFTY27JAN2626200CE,0.1182324980019807
19-01-2026 12:25||NIFTY27JAN2623800PE,0.1921737495055417
19-01-2026 12:25||NIFTY27JAN2625700CE,0.1040494425728265
19-01-2026 12:25||NIFTY27JAN2626500CE,0.1621186097980895
19-01-2026 12:30||NIFTY27JAN2623900PE,0.196064662425805
19-01-2026 12:30||NIFTY27JAN2624300PE,0.1674041912529225
19-01-2026 12:30||NIFTY27JAN2624500PE,0.1512996602677731
19-01-2026 12:30||NIFTY27JAN2625000PE,0.1201884271964704
19-01-2026 12:30||NIFTY27JAN2625400CE,0.1094589410641694
19-01-2026 12:30||NIFTY27JAN2626500CE,0.163425303354782
19-01-2026 12:35||NIFTY27JAN2624100PE,0.1826947309843054
19-01-2026 12:35||NIFTY27JAN2624200PE,0.1746499715333673
19-01-2026 12:35||NIFTY27JAN2624400PE,0.1587185247892575
19-01-2026 12:35||NIFTY27JAN2624700PE,0.1368753540358994
19-01-2026 12:35||NIFTY27JAN2625000PE,0.1197702471743467
19-01-2026 12:35||NIFTY27JAN2625300CE,0.1137026566248932
19-01-2026 12:40||NIFTY27JAN2623800PE,0.1878955928483236
19-01-2026 12:40||NIFTY27JAN2625700CE,0.1063256066510015
19-01-2026 12:40||NIFTY27JAN2625800CE,0.1067688394368978
19-01-2026 12:40||NIFTY27JAN2626400CE,0.1359758555822044
19-01-2026 12:45||NIFTY27JAN2626000CE,0.1128438895573982
19-01-2026 12:45||NIFTY27JAN2626100CE,0.1164107360604616
19-01-2026 12:45||NIFTY27JAN2626400CE,0.1370033658414091
19-01-2026 12:50||NIFTY27JAN2623800PE,0.1907866556179195
19-01-2026 12:50||NIFTY27JAN2624200PE,0.1750622901802512
19-01-2026 12:50||NIFTY27JAN2625900CE,0.1091999512000042
19-01-2026 12:50||NIFTY27JAN2626500CE,0.1591601266572023
19-01-2026 12:55||NIFTY27JAN2623900PE,0.196100361576922
19-01-2026 12:55||NIFTY27JAN2624100PE,0.1848271636843551
19-01-2026 12:55||NIFTY27JAN2624300PE,0.1660457934060118
19-01-2026 12:55||NIFTY27JAN2624400PE,0.1572598017720139
19-01-2026 12:55||NIFTY27JAN2624500PE,0.1501661061174667
19-01-2026 12:55||NIFTY27JAN2624700PE,0.1368360838691635
19-01-2026 12:55||NIFTY27JAN2625100PE,0.1162205110155469
19-01-2026 12:55||NIFTY27JAN2625700CE,0.1068237070956387
19-01-2026 12:55||NIFTY27JAN2626000CE,0.1108197379873086
19-01-2026 13:00||NIFTY27JAN2623900PE,0.1973581411869667
19-01-2026 13:00||NIFTY27JAN2624000PE,0.1940850368685175
19-01-2026 13:00||NIFTY27JAN2624400PE,0.159680756283723
19-01-2026 13:00||NIFTY27JAN2624700PE,0.1380490965684689
19-01-2026 13:00||NIFTY27JAN2625400CE,0.1087745004281611
19-01-2026 13:00||NIFTY27JAN2625600CE,0.1054533225054723
19-01-2026 13:00||NIFTY27JAN2625900CE,0.1069252642107343
19-01-2026 13:00||NIFTY27JAN2626200CE,0.1174670604094723
19-01-2026 13:00||NIFTY27JAN2626500CE,0.1602046462084922
19-01-2026 13:05||NIFTY27JAN2624600PE,0.144666763041171
19-01-2026 13:05||NIFTY27JAN2625100PE,0.1190501148957925
19-01-2026 13:05||NIFTY27JAN2625700CE,0.1031806327713963
19-01-2026 13:10||NIFTY27JAN2623800PE,0.1889811438366495
19-01-2026 13:10||NIFTY27JAN2623900PE,0.1977082788675175
19-01-2026 13:10||NIFTY27JAN2624400PE,0.1596559665152264
19-01-2026 13:10||NIFTY27JAN2624500PE,0.1506677671855426
19-01-2026 13:10||NIFTY27JAN2624600PE,0.1438593877746406
19-01-2026 13:10||NIFTY27JAN2626200CE,0.118338778986653
19-01-2026 13:10||NIFTY27JAN2626300CE,0.1232505703133142
19-01-2026 13:15||NIFTY27JAN2625800CE,0.1045169069663104
19-01-2026 13:20||NIFTY27JAN2624400PE,0.1609339583698653
19-01-2026 13:20||NIFTY27JAN2624800PE,0.1297191104029257
19-01-2026 13:20||NIFTY27JAN2624900PE,0.1234437495070156
19-01-2026 13:20||NIFTY27JAN2625000PE,0.1189456654412602
19-01-2026 13:20||NIFTY27JAN2625200CE,0.1159033082516279
19-01-2026 13:20||NIFTY27JAN2625400CE,0.1111510681404509
19-01-2026 13:25||NIFTY27JAN2623900PE,0.1999538219858868
19-01-2026 13:25||NIFTY27JAN2625000PE,0.1193683434359599
19-01-2026 13:25||NIFTY27JAN2625300CE,0.1146779364824987
19-01-2026 13:25||NIFTY27JAN2625400CE,0.1118323166231096
19-01-2026 13:25||NIFTY27JAN2625900CE,0.1069818337497905
19-01-2026 13:25||NIFTY27JAN2626200CE,0.1183279090183967
19-01-2026 13:25||NIFTY27JAN2626500CE,0.1651700979585623
19-01-2026 13:30||NIFTY27JAN2624300PE,0.1702789515820823
19-01-2026 13:30||NIFTY27JAN2624900PE,0.1256724603392594
19-01-2026 13:30||NIFTY27JAN2625100PE,0.1164839749978062
19-01-2026 13:30||NIFTY27JAN2625800CE,0.1055287480087215
19-01-2026 13:30||NIFTY27JAN2626100CE,0.1138424999911643
19-01-2026 13:30||NIFTY27JAN2626300CE,0.1248536710554164
19-01-2026 13:30||NIFTY27JAN2626500CE,0.164986302233462
19-01-2026 13:35||NIFTY27JAN2624400PE,0.1623603453414731
19-01-2026 13:35||NIFTY27JAN2624900PE,0.1267372792241552
19-01-2026 13:35||NIFTY27JAN2626200CE,0.1172054173212448
19-01-2026 13:35||NIFTY27JAN2626400CE,0.135181930904207
19-01-2026 13:40||NIFTY27JAN2624800PE,0.1318711240509398
19-01-2026 13:40||NIFTY27JAN2625300CE,0.1163302621152054
19-01-2026 13:40||NIFTY27JAN2625400CE,0.1135215881980377
19-01-2026 13:40||NIFTY27JAN2625600CE,0.1072973030589838
19-01-2026 13:40||NIFTY27JAN2625800CE,0.106666392371573
19-01-2026 13:40||NIFTY27JAN2625900CE,0.1075791512396864
19-01-2026 13:45||NIFTY27JAN2624300PE,0.1708811382002009
19-01-2026 13:45||NIFTY27JAN2624700PE,0.138294688736257
19-01-2026 13:45||NIFTY27JAN2625100PE,0.1185764551069866
19-01-2026 13:45||NIFTY27JAN2625500CE,0.1129798797077658
19-01-2026 13:45||NIFTY27JAN2626500CE,0.1580923734818189
19-01-2026 13:50||NIFTY27JAN2623900PE,0.1997624469503134
19-01-2026 13:50||NIFTY27JAN2624200PE,0.1805858257578792
19-01-2026 13:50||NIFTY27JAN2625100PE,0.1189136819772032
19-01-2026 13:50||NIFTY27JAN2625400CE,0.1160860589265643
19-01-2026 13:50||NIFTY27JAN2625700CE,0.1094145956511108
19-01-2026 13:50||NIFTY27JAN2626200CE,0.1161782550091443
19-01-2026 13:55||NIFTY27JAN2624500PE,0.1561873255991574
19-01-2026 13:55||NIFTY27JAN2624600PE,0.1481154712459662
19-01-2026 13:55||NIFTY27JAN2625600CE,0.1093781912147592
19-01-2026 13:55||NIFTY27JAN2625700CE,0.1080959657274571
19-01-2026 13:55||NIFTY27JAN2625800CE,0.1063783348501704
19-01-2026 13:55||NIFTY27JAN2625900CE,0.1055972256025971
19-01-2026 13:55||NIFTY27JAN2626200CE,0.1140550523756659
19-01-2026 14:00||NIFTY27JAN2624100PE,0.1929544392356329
19-01-2026 14:00||NIFTY27JAN2624600PE,0.1492230484263566
19-01-2026 14:00||NIFTY27JAN2625300CE,0.1152022793317992
19-01-2026 14:00||NIFTY27JAN2625800CE,0.1045357679327585
19-01-2026 14:00||NIFTY27JAN2625900CE,0.1041984737649146
19-01-2026 14:00||NIFTY27JAN2626100CE,0.1082824313746343
19-01-2026 14:05||NIFTY27JAN2623800PE,0.1969935921452971
19-01-2026 14:05||NIFTY27JAN2624200PE,0.1854950146123158
19-01-2026 14:05||NIFTY27JAN2624500PE,0.1577586751303191
19-01-2026 14:05||NIFTY27JAN2625000PE,0.1240168023904914
19-01-2026 14:05||NIFTY27JAN2625400CE,0.1089177406878681
19-01-2026 14:05||NIFTY27JAN2626500CE,0.155878517931756
19-01-2026 14:10||NIFTY27JAN2624400PE,0.1660312262447219
19-01-2026 14:10||NIFTY27JAN2624500PE,0.1569748450060063
19-01-2026 14:10||NIFTY27JAN2625100PE,0.1208891025903527
19-01-2026 14:10||NIFTY27JAN2625200CE,0.1233274415393672
19-01-2026 14:10||NIFTY27JAN2626100CE,0.1067568042237112
19-01-2026 14:15||NIFTY27JAN2623800PE,0.1933732619884573
19-01-2026 14:15||NIFTY27JAN2624100PE,0.1922184762187194
19-01-2026 14:15||NIFTY27JAN2624200PE,0.1839349238578229
19-01-2026 14:15||NIFTY27JAN2624500PE,0.1567981729013145
19-01-2026 14:15||NIFTY27JAN2624700PE,0.1414571108098618
19-01-2026 14:15||NIFTY27JAN2624800PE,0.1347973507441971
19-01-2026 14:15||NIFTY27JAN2625100PE,0.1204776862841264
19-01-2026 14:15||NIFTY27JAN2626400CE,0.1266713042202375
19-01-2026 14:20||NIFTY27JAN2624200PE,0.1839056866314976
19-01-2026 14:20||NIFTY27JAN2624500PE,0.1578260333346282
19-01-2026 14:20||NIFTY27JAN2625800CE,0.1032899447691025
19-01-2026 14:20||NIFTY27JAN2626000CE,0.1051533383010964
19-01-2026 14:25||NIFTY27JAN2624000PE,0.2007809235092012
19-01-2026 14:25||NIFTY27JAN2625100PE,0.1197124131123266
19-01-2026 14:25||NIFTY27JAN2625700CE,0.1014546075537782
19-01-2026 14:25||NIFTY27JAN2625900CE,0.1020267245369611
19-01-2026 14:25||NIFTY27JAN2626000CE,0.103643013082069
19-01-2026 14:25||NIFTY27JAN2626500CE,0.156385221232649
19-01-2026 14:30||NIFTY27JAN2624100PE,0.1920266734455392
19-01-2026 14:30||NIFTY27JAN2624300PE,0.1750033079073044
19-01-2026 14:30||NIFTY27JAN2624700PE,0.1417584862856805
19-01-2026 14:30||NIFTY27JAN2624800PE,0.1348549911304813
19-01-2026 14:30||NIFTY27JAN2625000PE,0.1234837229585398
19-01-2026 14:35||NIFTY27JAN2623800PE,0.1918642455728648
19-01-2026 14:35||NIFTY27JAN2624300PE,0.1746982426484613
19-01-2026 14:35||NIFTY27JAN2625000PE,0.123246672602077
19-01-2026 14:35||NIFTY27JAN2625800CE,0.1019311530556217
19-01-2026 14:35||NIFTY27JAN2626100CE,0.1062831034887806
19-01-2026 14:35||NIFTY27JAN2626300CE,0.1152623712466909
19-01-2026 14:35||NIFTY27JAN2626400CE,0.1261197892907246
19-01-2026 14:40||NIFTY27JAN2624000PE,0.2004284869741565
19-01-2026 14:40||NIFTY27JAN2624300PE,0.1754436607063409
19-01-2026 14:40||NIFTY27JAN2624700PE,0.1428643637482091
19-01-2026 14:40||NIFTY27JAN2625200CE,0.1151656866658686
19-01-2026 14:45||NIFTY27JAN2623900PE,0.2031006435696838
19-01-2026 14:45||NIFTY27JAN2624100PE,0.1929352588582874
19-01-2026 14:45||NIFTY27JAN2624400PE,0.1677813587485064
19-01-2026 14:45||NIFTY27JAN2624600PE,0.1511391859461518
19-01-2026 14:45||NIFTY27JAN2624800PE,0.1368704946588256
19-01-2026 14:45||NIFTY27JAN2625800CE,0.1006635022204859
19-01-2026 14:45||NIFTY27JAN2626000CE,0.1023624274535824
19-01-2026 14:50||NIFTY27JAN2624000PE,0.2024497248485336
19-01-2026 14:50||NIFTY27JAN2624200PE,0.1859795526284567
19-01-2026 14:50||NIFTY27JAN2624500PE,0.1601037015079456
19-01-2026 14:50||NIFTY27JAN2625100PE,0.1208545105578888
19-01-2026 14:50||NIFTY27JAN2625700CE,0.1005554292441339
19-01-2026 14:55||NIFTY27JAN2623800PE,0.1935588903892429
19-01-2026 14:55||NIFTY27JAN2624400PE,0.1696924563929324
19-01-2026 14:55||NIFTY27JAN2625300CE,0.0988002938958079
19-01-2026 14:55||NIFTY27JAN2625400CE,0.0989333485774522
19-01-2026 14:55||NIFTY27JAN2626000CE,0.1010089082752497
19-01-2026 14:55||NIFTY27JAN2626100CE,0.1033261596155637
19-01-2026 15:00||NIFTY27JAN2624300PE,0.1780699795606654
19-01-2026 15:00||NIFTY27JAN2625000PE,0.126751213413218
19-01-2026 15:00||NIFTY27JAN2625600CE,0.0954234849496983
19-01-2026 15:00||NIFTY27JAN2626000CE,0.0995981582415881
19-01-2026 15:00||NIFTY27JAN2626300CE,0.1108205141587582
19-01-2026 15:05||NIFTY27JAN2623900PE,0.203888680696952
19-01-2026 15:05||NIFTY27JAN2625700CE,0.0947506724446982
19-01-2026 15:05||NIFTY27JAN2626000CE,0.09924570366994
19-01-2026 15:05||NIFTY27JAN2626400CE,0.1230379755698176
19-01-2026 15:10||NIFTY27JAN2624100PE,0.1921840184604887
19-01-2026 15:10||NIFTY27JAN2624300PE,0.1744527017510279
19-01-2026 15:10||NIFTY27JAN2624800PE,0.1377920612941083
19-01-2026 15:10||NIFTY27JAN2625800CE,0.0951313650309529
19-01-2026 15:10||NIFTY27JAN2626100CE,0.1026251779140093
19-01-2026 15:15||NIFTY27JAN2624200PE,0.1824025814677666
19-01-2026 15:15||NIFTY27JAN2624400PE,0.1632125454814429
19-01-2026 15:15||NIFTY27JAN2624500PE,0.1549003970216777
19-01-2026 15:15||NIFTY27JAN2624600PE,0.1483423421244605
19-01-2026 15:15||NIFTY27JAN2624700PE,0.1426500834457168
19-01-2026 15:15||NIFTY27JAN2625300CE,0.0937413879156705
19-01-2026 15:15||NIFTY27JAN2625400CE,0.0961791678643656
19-01-2026 15:15||NIFTY27JAN2626200CE,0.1085026119572227
19-01-2026 15:20||NIFTY27JAN2624500PE,0.1548852176164672
19-01-2026 15:20||NIFTY27JAN2625200CE,0.0890275749946702
19-01-2026 15:20||NIFTY27JAN2625800CE,0.0955488017215719
19-01-2026 15:20||NIFTY27JAN2626400CE,0.1376152234229239
19-01-2026 15:20||NIFTY27JAN2626500CE,0.1612638011315827
19-01-2026 15:25||NIFTY27JAN2624300PE,0.1718103933037292
19-01-2026 15:25||NIFTY27JAN2624400PE,0.1635943675894254
19-01-2026 15:25||NIFTY27JAN2624700PE,0.1426818284809038
19-01-2026 15:25||NIFTY27JAN2625800CE,0.0975506650297956
19-01-2026 15:25||NIFTY27JAN2626300CE,0.1217987429342036
20-01-2026 09:15||NIFTY27JAN2623900PE,0.1984545459199894
20-01-2026 09:15||NIFTY27JAN2624000PE,0.1949710895960289
20-01-2026 09:15||NIFTY27JAN2624100PE,0.1879442992917423
20-01-2026 09:15||NIFTY27JAN2624400PE,0.1647165560483082
20-01-2026 09:15||NIFTY27JAN2624600PE,0.150108211856625
20-01-2026 09:15||NIFTY27JAN2625200CE,0.0990262339234196
20-01-2026 09:15||NIFTY27JAN2625500CE,0.0993484766915953
20-01-2026 09:15||NIFTY27JAN2626200CE,0.1153996173133359
20-01-2026 09:15||NIFTY27JAN2626300CE,0.1228130766421206
20-01-2026 09:15||NIFTY27JAN2626400CE,0.1351732517770961
20-01-2026 09:20||NIFTY27JAN2623800PE,0.1948409200107825
20-01-2026 09:20||NIFTY27JAN2624000PE,0.1944330090075686
20-01-2026 09:20||NIFTY27JAN2624700PE,0.1433257188988682
20-01-2026 09:20||NIFTY27JAN2625200CE,0.100453203609393
20-01-2026 09:20||NIFTY27JAN2625400CE,0.1017433840031608
20-01-2026 09:20||NIFTY27JAN2625500CE,0.100662345426132
20-01-2026 09:20||NIFTY27JAN2625800CE,0.1008702640159868
20-01-2026 09:20||NIFTY27JAN2626300CE,0.1246186876839094
20-01-2026 09:20||NIFTY27JAN2626500CE,0.1610708163578122
20-01-2026 09:25||NIFTY27JAN2623900PE,0.1978679856650768
20-01-2026 09:25||NIFTY27JAN2625000PE,0.1252486605881151
20-01-2026 09:25||NIFTY27JAN2625400CE,0.1058732913853437
20-01-2026 09:30||NIFTY27JAN2623900PE,0.1975647579548357
20-01-2026 09:30||NIFTY27JAN2624400PE,0.160576587037921
20-01-2026 09:30||NIFTY27JAN2624800PE,0.1336089294934481
20-01-2026 09:30||NIFTY27JAN2625700CE,0.1065081972473678
20-01-2026 09:30||NIFTY27JAN2626100CE,0.1172366075142037
20-01-2026 09:30||NIFTY27JAN2626300CE,0.1290862488600378
20-01-2026 09:35||NIFTY27JAN2624500PE,0.1522246054186444
20-01-2026 09:35||NIFTY27JAN2625200CE,0.1185470982941251
20-01-2026 09:35||NIFTY27JAN2625700CE,0.1089686114604956
20-01-2026 09:35||NIFTY27JAN2625800CE,0.1095452675768837
20-01-2026 09:35||NIFTY27JAN2626200CE,0.1256104366205726
20-01-2026 09:40||NIFTY27JAN2623800PE,0.1943960943573404
20-01-2026 09:40||NIFTY27JAN2624100PE,0.1864157402516868
20-01-2026 09:40||NIFTY27JAN2625000PE,0.1230093784765773
20-01-2026 09:40||NIFTY27JAN2625900CE,0.1128420833293652
20-01-2026 09:40||NIFTY27JAN2626100CE,0.1221001205352341
20-01-2026 09:40||NIFTY27JAN2626200CE,0.127907990199176
20-01-2026 09:40||NIFTY27JAN2626400CE,0.1437389511300912
20-01-2026 09:45||NIFTY27JAN2624800PE,0.1326861446189626
20-01-2026 09:45||NIFTY27JAN2625500CE,0.1108713231169876
20-01-2026 09:45||NIFTY27JAN2626200CE,0.1284621465586213
20-01-2026 09:45||NIFTY27JAN2626300CE,0.1345545901404768
20-01-2026 09:50||NIFTY27JAN2624100PE,0.186888302598643
20-01-2026 09:50||NIFTY27JAN2624800PE,0.1329606795794167
20-01-2026 09:50||NIFTY27JAN2625100PE,0.1207089411825258
20-01-2026 09:50||NIFTY27JAN2625200CE,0.1157533421453313
20-01-2026 09:55||NIFTY27JAN2623900PE,0.1994051722186531
20-01-2026 09:55||NIFTY27JAN2624100PE,0.186238983786798
20-01-2026 09:55||NIFTY27JAN2625000PE,0.1239415953232221
20-01-2026 10:00||NIFTY27JAN2623900PE,0.1994491303833328
20-01-2026 10:00||NIFTY27JAN2624600PE,0.1429083455384847
20-01-2026 10:00||NIFTY27JAN2624700PE,0.1363164991800446
20-01-2026 10:00||NIFTY27JAN2625200CE,0.1223978544337999
20-01-2026 10:00||NIFTY27JAN2625400CE,0.1161288680037264
20-01-2026 10:00||NIFTY27JAN2625700CE,0.1113948648904323
20-01-2026 10:00||NIFTY27JAN2626000CE,0.1175866771405894
20-01-2026 10:00||NIFTY27JAN2626200CE,0.1272361358939232
20-01-2026 10:05||NIFTY27JAN2626100CE,0.1212855238480156
20-01-2026 10:05||NIFTY27JAN2626200CE,0.1262923144259579
20-01-2026 10:05||NIFTY27JAN2626500CE,0.1727204485022978
20-01-2026 10:10||NIFTY27JAN2624900PE,0.1269502850425039
20-01-2026 10:10||NIFTY27JAN2625100PE,0.1180689300133771
20-01-2026 10:10||NIFTY27JAN2626500CE,0.1723357295745231
20-01-2026 10:15||NIFTY27JAN2624000PE,0.1951096363565991
20-01-2026 10:15||NIFTY27JAN2625800CE,0.1090506859765782
20-01-2026 10:15||NIFTY27JAN2626300CE,0.1309965297305782
20-01-2026 10:20||NIFTY27JAN2624100PE,0.1866480425732081
20-01-2026 10:20||NIFTY27JAN2625700CE,0.1076033101310324
20-01-2026 10:20||NIFTY27JAN2626000CE,0.1137055437786778
20-01-2026 10:25||NIFTY27JAN2623800PE,0.1924668822256706
20-01-2026 10:25||NIFTY27JAN2624700PE,0.1384618930005755
20-01-2026 10:25||NIFTY27JAN2625000PE,0.1233032453957961
20-01-2026 10:25||NIFTY27JAN2625800CE,0.1078986076253095
20-01-2026 10:25||NIFTY27JAN2626200CE,0.1223011954574256
20-01-2026 10:25||NIFTY27JAN2626400CE,0.1388564052423224
20-01-2026 10:30||NIFTY27JAN2623900PE,0.1980925663056493
20-01-2026 10:30||NIFTY27JAN2624000PE,0.1947512155579703
20-01-2026 10:30||NIFTY27JAN2624300PE,0.1692470613464105
20-01-2026 10:30||NIFTY27JAN2624600PE,0.1447035012968352
20-01-2026 10:30||NIFTY27JAN2625500CE,0.1096555802466504
20-01-2026 10:30||NIFTY27JAN2625700CE,0.1085553687718047
20-01-2026 10:30||NIFTY27JAN2625800CE,0.1091151616130328
20-01-2026 10:35||NIFTY27JAN2624300PE,0.1686233079671729
20-01-2026 10:35||NIFTY27JAN2624700PE,0.1376686116067239
20-01-2026 10:35||NIFTY27JAN2625200CE,0.1126198232367243
20-01-2026 10:35||NIFTY27JAN2625400CE,0.1119519538405194
20-01-2026 10:35||NIFTY27JAN2625900CE,0.1110094700928732
20-01-2026 10:40||NIFTY27JAN2624000PE,0.1960068040115055
20-01-2026 10:40||NIFTY27JAN2624300PE,0.16910303889374
20-01-2026 10:40||NIFTY27JAN2625800CE,0.1081666826177506
20-01-2026 10:40||NIFTY27JAN2626000CE,0.1129661786534646
20-01-2026 10:45||NIFTY27JAN2624900PE,0.1272312974552818
20-01-2026 10:45||NIFTY27JAN2625900CE,0.109120853192519
20-01-2026 10:45||NIFTY27JAN2626200CE,0.1215093049880922
20-01-2026 10:45||NIFTY27JAN2626400CE,0.1377461698416106
20-01-2026 10:50||NIFTY27JAN2623800PE,0.1934925802749289
20-01-2026 10:50||NIFTY27JAN2624100PE,0.1874788906121564
20-01-2026 10:50||NIFTY27JAN2625300CE,0.108725991350092
20-01-2026 10:50||NIFTY27JAN2626200CE,0.1220471977592667
20-01-2026 10:55||NIFTY27JAN2624200PE,0.1781415664638005
20-01-2026 10:55||NIFTY27JAN2624500PE,0.1494295093246075
20-01-2026 10:55||NIFTY27JAN2624600PE,0.1416220153601927
20-01-2026 10:55||NIFTY27JAN2624700PE,0.1358790716147788
20-01-2026 10:55||NIFTY27JAN2624800PE,0.1311252079044238
20-01-2026 10:55||NIFTY27JAN2625300CE,0.1084134860641046
20-01-2026 10:55||NIFTY27JAN2625400CE,0.1073071612615069
20-01-2026 10:55||NIFTY27JAN2625900CE,0.1093638420788742
20-01-2026 10:55||NIFTY27JAN2626400CE,0.1391187590140028
20-01-2026 11:00||NIFTY27JAN2623800PE,0.1926636281847171
20-01-2026 11:00||NIFTY27JAN2624000PE,0.1956286976698485
20-01-2026 11:00||NIFTY27JAN2624400PE,0.1579379538890344
20-01-2026 11:00||NIFTY27JAN2625300CE,0.1086635909185256
20-01-2026 11:05||NIFTY27JAN2623800PE,0.1922168729738274
20-01-2026 11:05||NIFTY27JAN2624400PE,0.1572336926566942
20-01-2026 11:05||NIFTY27JAN2624500PE,0.1489216413679307
20-01-2026 11:05||NIFTY27JAN2625400CE,0.1077462934318363
20-01-2026 11:05||NIFTY27JAN2625500CE,0.106333703764373
20-01-2026 11:05||NIFTY27JAN2625800CE,0.1072498549116166
20-01-2026 11:05||NIFTY27JAN2626300CE,0.1299437873617527
20-01-2026 11:10||NIFTY27JAN2624500PE,0.1487061073900077
20-01-2026 11:10||NIFTY27JAN2624900PE,0.1247047813645115
20-01-2026 11:10||NIFTY27JAN2625200CE,0.1145724173250204
20-01-2026 11:10||NIFTY27JAN2625600CE,0.1063007584617346
20-01-2026 11:15||NIFTY27JAN2623800PE,0.1918673545640669
20-01-2026 11:15||NIFTY27JAN2624300PE,0.1657840736543225
20-01-2026 11:15||NIFTY27JAN2624700PE,0.1347298561475773
20-01-2026 11:15||NIFTY27JAN2625000PE,0.119251206120656
20-01-2026 11:15||NIFTY27JAN2625300CE,0.1134135527799591
20-01-2026 11:15||NIFTY27JAN2625600CE,0.1073486087200324
20-01-2026 11:20||NIFTY27JAN2624500PE,0.1482907889419608
20-01-2026 11:20||NIFTY27JAN2625700CE,0.1080398321012802
20-01-2026 11:20||NIFTY27JAN2626200CE,0.1250947189798319
20-01-2026 11:25||NIFTY27JAN2624000PE,0.1926113501243689
20-01-2026 11:25||NIFTY27JAN2624300PE,0.165402879744354
20-01-2026 11:25||NIFTY27JAN2624900PE,0.1226133421123851
20-01-2026 11:25||NIFTY27JAN2625200CE,0.1142028844374067
20-01-2026 11:25||NIFTY27JAN2625300CE,0.1136059722045136
20-01-2026 11:25||NIFTY27JAN2625700CE,0.1083322714588157
20-01-2026 11:25||NIFTY27JAN2626100CE,0.1195282474486196
20-01-2026 11:30||NIFTY27JAN2623900PE,0.1977244986091458
20-01-2026 11:30||NIFTY27JAN2624200PE,0.1750599662967754
20-01-2026 11:30||NIFTY27JAN2624900PE,0.1231047955024381
20-01-2026 11:30||NIFTY27JAN2625200CE,0.113010440379613
20-01-2026 11:30||NIFTY27JAN2625700CE,0.107397119475169
20-01-2026 11:30||NIFTY27JAN2625800CE,0.1083721504109548
20-01-2026 11:30||NIFTY27JAN2626000CE,0.1142457408617823
20-01-2026 11:35||NIFTY27JAN2623800PE,0.1946062830798458
20-01-2026 11:35||NIFTY27JAN2625900CE,0.1099593852830449
20-01-2026 11:35||NIFTY27JAN2626300CE,0.1304416666835237
20-01-2026 11:35||NIFTY27JAN2626500CE,0.1646165344589229
20-01-2026 11:40||NIFTY27JAN2623800PE,0.193095287925326
20-01-2026 11:40||NIFTY27JAN2624000PE,0.1923195452030506
20-01-2026 11:40||NIFTY27JAN2624100PE,0.1838977685295325
20-01-2026 11:40||NIFTY27JAN2624700PE,0.1333971196674862
20-01-2026 11:40||NIFTY27JAN2624800PE,0.127343167941351
20-01-2026 11:40||NIFTY27JAN2625100PE,0.1144159992609712
20-01-2026 11:40||NIFTY27JAN2625300CE,0.1142689319593869
20-01-2026 11:45||NIFTY27JAN2623900PE,0.1967658981633602
20-01-2026 11:45||NIFTY27JAN2624500PE,0.1487548099709771
20-01-2026 11:45||NIFTY27JAN2625600CE,0.1068770933440695
20-01-2026 11:45||NIFTY27JAN2625800CE,0.1080388177486816
20-01-2026 11:45||NIFTY27JAN2625900CE,0.1103651356279885
20-01-2026 11:45||NIFTY27JAN2626000CE,0.1133457124947825
20-01-2026 11:50||NIFTY27JAN2624200PE,0.1761861006352288
20-01-2026 11:50||NIFTY27JAN2624600PE,0.1407831275639275
20-01-2026 11:50||NIFTY27JAN2624700PE,0.1337730886498896
20-01-2026 11:50||NIFTY27JAN2624900PE,0.1226806841814299
20-01-2026 11:50||NIFTY27JAN2625400CE,0.1084383634812456
20-01-2026 11:50||NIFTY27JAN2625700CE,0.1052351737403432
20-01-2026 11:50||NIFTY27JAN2626300CE,0.1290254851351726
20-01-2026 11:55||NIFTY27JAN2623800PE,0.1882070574094021
20-01-2026 11:55||NIFTY27JAN2623900PE,0.1944939450195264
20-01-2026 11:55||NIFTY27JAN2624000PE,0.1920003792010196
20-01-2026 11:55||NIFTY27JAN2624100PE,0.1847219874670166
20-01-2026 11:55||NIFTY27JAN2625800CE,0.1055752931590692
20-01-2026 11:55||NIFTY27JAN2625900CE,0.1080756038391734
20-01-2026 12:00||NIFTY27JAN2623800PE,0.1901499317138228
20-01-2026 12:00||NIFTY27JAN2624400PE,0.158982169450696
20-01-2026 12:00||NIFTY27JAN2624600PE,0.1415440795831191
20-01-2026 12:00||NIFTY27JAN2624700PE,0.1347015907949024
20-01-2026 12:00||NIFTY27JAN2625800CE,0.1051799055578627
20-01-2026 12:00||NIFTY27JAN2625900CE,0.1078995071204954
20-01-2026 12:05||NIFTY27JAN2624700PE,0.1328036461651462
20-01-2026 12:05||NIFTY27JAN2624900PE,0.1235200734618463
20-01-2026 12:05||NIFTY27JAN2625800CE,0.1055313430091638
20-01-2026 12:10||NIFTY27JAN2624200PE,0.1749534675098634
20-01-2026 12:10||NIFTY27JAN2624500PE,0.1454669230984532
20-01-2026 12:10||NIFTY27JAN2624600PE,0.1372645936561867
20-01-2026 12:10||NIFTY27JAN2624700PE,0.1313810437332486
20-01-2026 12:10||NIFTY27JAN2624800PE,0.1266752854385371
20-01-2026 12:10||NIFTY27JAN2624900PE,0.1225551983175688
20-01-2026 12:15||NIFTY27JAN2624300PE,0.165123314105455
20-01-2026 12:15||NIFTY27JAN2624500PE,0.1464036447511524
20-01-2026 12:15||NIFTY27JAN2625000PE,0.1190377512786508
20-01-2026 12:15||NIFTY27JAN2625100PE,0.1158207647068837
20-01-2026 12:15||NIFTY27JAN2625400CE,0.1056372770778378
20-01-2026 12:15||NIFTY27JAN2626400CE,0.1441144899553971
20-01-2026 12:20||NIFTY27JAN2623900PE,0.1948463741328612
20-01-2026 12:20||NIFTY27JAN2624000PE,0.1902912821071822
20-01-2026 12:20||NIFTY27JAN2624100PE,0.1823640114402646
20-01-2026 12:20||NIFTY27JAN2625200CE,0.1111645445954739
20-01-2026 12:20||NIFTY27JAN2625300CE,0.1088917623239337
20-01-2026 12:20||NIFTY27JAN2625700CE,0.1062462056773136
20-01-2026 12:20||NIFTY27JAN2625800CE,0.1082531904818639
20-01-2026 12:20||NIFTY27JAN2625900CE,0.1110339713756493
20-01-2026 12:25||NIFTY27JAN2623800PE,0.1907055934462866
20-01-2026 12:25||NIFTY27JAN2625000PE,0.1197928640764874
20-01-2026 12:25||NIFTY27JAN2625100PE,0.11692532761805
20-01-2026 12:25||NIFTY27JAN2625700CE,0.106458715190182
20-01-2026 12:25||NIFTY27JAN2626000CE,0.1155396327378676
20-01-2026 12:30||NIFTY27JAN2623800PE,0.1902577094345284
20-01-2026 12:30||NIFTY27JAN2623900PE,0.1953381113026982
20-01-2026 12:30||NIFTY27JAN2624900PE,0.1234253978384575
20-01-2026 12:30||NIFTY27JAN2625000PE,0.1201423991754866
20-01-2026 12:30||NIFTY27JAN2625100PE,0.1171832670153636
20-01-2026 12:30||NIFTY27JAN2625300CE,0.1105098531029983
20-01-2026 12:30||NIFTY27JAN2626000CE,0.115850929184367
20-01-2026 12:35||NIFTY27JAN2623800PE,0.1907856542944067
20-01-2026 12:35||NIFTY27JAN2624200PE,0.1734695126104649
20-01-2026 12:35||NIFTY27JAN2625000PE,0.1190505466558726
20-01-2026 12:35||NIFTY27JAN2625200CE,0.1082213541383239
20-01-2026 12:35||NIFTY27JAN2625500CE,0.1060695623556795
20-01-2026 12:35||NIFTY27JAN2625700CE,0.1061125944826953
20-01-2026 12:35||NIFTY27JAN2625800CE,0.1079251337062116
20-01-2026 12:35||NIFTY27JAN2626200CE,0.1292840591328633
20-01-2026 12:35||NIFTY27JAN2626300CE,0.1361562907391905
20-01-2026 12:40||NIFTY27JAN2623800PE,0.1912870164630828
20-01-2026 12:40||NIFTY27JAN2624000PE,0.1912951676222979
20-01-2026 12:40||NIFTY27JAN2624300PE,0.1631457790101573
20-01-2026 12:40||NIFTY27JAN2624600PE,0.1392047899282182
20-01-2026 12:40||NIFTY27JAN2624700PE,0.1326069383437723
20-01-2026 12:40||NIFTY27JAN2625400CE,0.1083494730842288
20-01-2026 12:40||NIFTY27JAN2626100CE,0.1226659075885233
20-01-2026 12:45||NIFTY27JAN2623800PE,0.1916978914838178
20-01-2026 12:45||NIFTY27JAN2624300PE,0.1625604866239484
20-01-2026 12:45||NIFTY27JAN2624400PE,0.154381855477154
20-01-2026 12:45||NIFTY27JAN2625100PE,0.1145794187129834
20-01-2026 12:50||NIFTY27JAN2624200PE,0.1728603685510958
20-01-2026 12:50||NIFTY27JAN2625600CE,0.1069480732581843
20-01-2026 12:50||NIFTY27JAN2626000CE,0.116325140478623
20-01-2026 12:50||NIFTY27JAN2626200CE,0.1278595082406691
20-01-2026 12:55||NIFTY27JAN2624900PE,0.1217340409796192
20-01-2026 12:55||NIFTY27JAN2625400CE,0.1084468650282527
20-01-2026 13:00||NIFTY27JAN2623900PE,0.1977737693871794
20-01-2026 13:00||NIFTY27JAN2624200PE,0.174276463892184
20-01-2026 13:00||NIFTY27JAN2625100PE,0.1139163954571724
20-01-2026 13:00||NIFTY27JAN2625800CE,0.1085824635720545
20-01-2026 13:00||NIFTY27JAN2625900CE,0.1115677726034606
20-01-2026 13:00||NIFTY27JAN2626400CE,0.1471611847349568
20-01-2026 13:05||NIFTY27JAN2624200PE,0.1744300663859579
20-01-2026 13:05||NIFTY27JAN2624900PE,0.1219072941196636
20-01-2026 13:05||NIFTY27JAN2625300CE,0.1077337612027007
20-01-2026 13:05||NIFTY27JAN2625400CE,0.1061356723592834
20-01-2026 13:05||NIFTY27JAN2625600CE,0.1050013262666452
20-01-2026 13:05||NIFTY27JAN2626500CE,0.1699788726384536
20-01-2026 13:10||NIFTY27JAN2624000PE,0.1925755882581423
20-01-2026 13:10||NIFTY27JAN2624400PE,0.1565640947282249
20-01-2026 13:10||NIFTY27JAN2624700PE,0.1335799425991527
20-01-2026 13:10||NIFTY27JAN2625000PE,0.1168453845761525
20-01-2026 13:10||NIFTY27JAN2626000CE,0.1157350756504516
20-01-2026 13:10||NIFTY27JAN2626400CE,0.1477825758581787
20-01-2026 13:15||NIFTY27JAN2623900PE,0.197344420293456
20-01-2026 13:15||NIFTY27JAN2624600PE,0.1404712219022882
20-01-2026 13:15||NIFTY27JAN2624900PE,0.1214146459555038
20-01-2026 13:15||NIFTY27JAN2625000PE,0.1167236085797194
20-01-2026 13:15||NIFTY27JAN2625200CE,0.107909620019678
20-01-2026 13:15||NIFTY27JAN2626000CE,0.116326209483188
20-01-2026 13:15||NIFTY27JAN2626200CE,0.128266756807091
20-01-2026 13:20||NIFTY27JAN2624200PE,0.1745623064203474
20-01-2026 13:20||NIFTY27JAN2624600PE,0.1409232121436052
20-01-2026 13:20||NIFTY27JAN2625000PE,0.1174470226223448
20-01-2026 13:20||NIFTY27JAN2625700CE,0.1064165325786861
20-01-2026 13:20||NIFTY27JAN2626100CE,0.12209107101939
20-01-2026 13:20||NIFTY27JAN2626200CE,0.1279472190935729
20-01-2026 13:25||NIFTY27JAN2623800PE,0.1924722135172318
20-01-2026 13:25||NIFTY27JAN2624100PE,0.1837326947839473
20-01-2026 13:25||NIFTY27JAN2624700PE,0.1344852427614793
20-01-2026 13:25||NIFTY27JAN2625000PE,0.1182614175242061
20-01-2026 13:25||NIFTY27JAN2625800CE,0.1077781058708786
20-01-2026 13:30||NIFTY27JAN2624100PE,0.1839951560675553
20-01-2026 13:30||NIFTY27JAN2624700PE,0.1349421540684387
20-01-2026 13:30||NIFTY27JAN2624900PE,0.1235402010897215
20-01-2026 13:30||NIFTY27JAN2626000CE,0.1164743034527782
20-01-2026 13:35||NIFTY27JAN2625100PE,0.1155809383723701
20-01-2026 13:35||NIFTY27JAN2625800CE,0.1102082578350842
20-01-2026 13:40||NIFTY27JAN2623800PE,0.1939636491943238
20-01-2026 13:40||NIFTY27JAN2624600PE,0.1407607750915746
20-01-2026 13:40||NIFTY27JAN2625000PE,0.1184868617012574
20-01-2026 13:45||NIFTY27JAN2624000PE,0.1899604087237013
20-01-2026 13:45||NIFTY27JAN2624400PE,0.1553640952711688
20-01-2026 13:45||NIFTY27JAN2624600PE,0.140254545966156
20-01-2026 13:50||NIFTY27JAN2624000PE,0.1885743759503903
20-01-2026 13:50||NIFTY27JAN2624100PE,0.179015869927289
20-01-2026 13:50||NIFTY27JAN2624200PE,0.1711964875663218
20-01-2026 13:50||NIFTY27JAN2624300PE,0.1634359434514375
20-01-2026 13:50||NIFTY27JAN2624500PE,0.1475084725103965
20-01-2026 13:50||NIFTY27JAN2625200CE,0.1123241835908984
20-01-2026 13:50||NIFTY27JAN2625400CE,0.1105813521473246
20-01-2026 13:50||NIFTY27JAN2626000CE,0.1217724628060006
20-01-2026 13:50||NIFTY27JAN2626100CE,0.1273507762396476
20-01-2026 13:55||NIFTY27JAN2624400PE,0.1561243516670769
20-01-2026 13:55||NIFTY27JAN2625200CE,0.1115117665087663
20-01-2026 13:55||NIFTY27JAN2625400CE,0.1104636337919662
20-01-2026 13:55||NIFTY27JAN2625600CE,0.1089677498928241
20-01-2026 14:00||NIFTY27JAN2624100PE,0.1828373713560646
20-01-2026 14:00||NIFTY27JAN2624200PE,0.1738279715600501
20-01-2026 14:00||NIFTY27JAN2624800PE,0.1304564359109538
20-01-2026 14:00||NIFTY27JAN2624900PE,0.1259705297221826
20-01-2026 14:00||NIFTY27JAN2625000PE,0.1220732785273364
20-01-2026 14:00||NIFTY27JAN2625100PE,0.1185199783169022
20-01-2026 14:00||NIFTY27JAN2625200CE,0.1118924820689459
20-01-2026 14:00||NIFTY27JAN2626100CE,0.12776569172829
20-01-2026 14:05||NIFTY27JAN2623800PE,0.195799827022645
20-01-2026 14:05||NIFTY27JAN2625100PE,0.1176106275633369
20-01-2026 14:05||NIFTY27JAN2625200CE,0.1138228885770703
20-01-2026 14:05||NIFTY27JAN2626100CE,0.1296637191418294
20-01-2026 14:05||NIFTY27JAN2626400CE,0.1532987433842668
20-01-2026 14:10||NIFTY27JAN2624000PE,0.1926128460857988
20-01-2026 14:10||NIFTY27JAN2624200PE,0.1748813090795829
20-01-2026 14:10||NIFTY27JAN2624500PE,0.1488681852239717
20-01-2026 14:10||NIFTY27JAN2624900PE,0.1236304256952473
20-01-2026 14:10||NIFTY27JAN2625000PE,0.1192212361623553
20-01-2026 14:10||NIFTY27JAN2625500CE,0.1093847466479015
20-01-2026 14:10||NIFTY27JAN2625700CE,0.1105482460741738
20-01-2026 14:10||NIFTY27JAN2626100CE,0.1309468171992764
20-01-2026 14:10||NIFTY27JAN2626200CE,0.1376902604281211
20-01-2026 14:10||NIFTY27JAN2626300CE,0.144657940842431
20-01-2026 14:15||NIFTY27JAN2623800PE,0.1984571589944889
20-01-2026 14:15||NIFTY27JAN2624100PE,0.1830826124624858
20-01-2026 14:15||NIFTY27JAN2624500PE,0.1483026376641758
20-01-2026 14:15||NIFTY27JAN2624600PE,0.1412001636840826
20-01-2026 14:15||NIFTY27JAN2624900PE,0.1235057850725811
20-01-2026 14:15||NIFTY27JAN2625200CE,0.117878569216247
20-01-2026 14:15||NIFTY27JAN2625400CE,0.1117534842067689
20-01-2026 14:15||NIFTY27JAN2626000CE,0.1235247899773802
20-01-2026 14:15||NIFTY27JAN2626300CE,0.1443073549012009
20-01-2026 14:15||NIFTY27JAN2626500CE,0.1764672104432293
20-01-2026 14:20||NIFTY27JAN2625400CE,0.1126816703724157
20-01-2026 14:20||NIFTY27JAN2625700CE,0.1115583651954177
20-01-2026 14:20||NIFTY27JAN2626500CE,0.1771214651207774
20-01-2026 14:25||NIFTY27JAN2624100PE,0.1844503972946254
20-01-2026 14:25||NIFTY27JAN2624600PE,0.1423633555353188
20-01-2026 14:25||NIFTY27JAN2625400CE,0.1116367949874652
20-01-2026 14:25||NIFTY27JAN2625900CE,0.117258561908868
20-01-2026 14:30||NIFTY27JAN2624000PE,0.19493333278235
20-01-2026 14:30||NIFTY27JAN2624600PE,0.1439124885284427
20-01-2026 14:30||NIFTY27JAN2625400CE,0.1087601200664695
20-01-2026 14:30||NIFTY27JAN2625500CE,0.1076605524498247
20-01-2026 14:30||NIFTY27JAN2625800CE,0.1118007858139484
20-01-2026 14:30||NIFTY27JAN2626000CE,0.1206278652928082
20-01-2026 14:30||NIFTY27JAN2626400CE,0.1578554360530383
20-01-2026 14:30||NIFTY27JAN2626500CE,0.1769411240068933
20-01-2026 14:35||NIFTY27JAN2624600PE,0.1456523829168998
20-01-2026 14:35||NIFTY27JAN2624800PE,0.1330650773235596
20-01-2026 14:35||NIFTY27JAN2625600CE,0.1065122404811547
20-01-2026 14:35||NIFTY27JAN2626000CE,0.120319563222112
20-01-2026 14:35||NIFTY27JAN2626300CE,0.1410746639863867
20-01-2026 14:40||NIFTY27JAN2623800PE,0.197599665550415
20-01-2026 14:40||NIFTY27JAN2625200CE,0.1114558994137674
20-01-2026 14:40||NIFTY27JAN2625500CE,0.10607770633758
20-01-2026 14:45||NIFTY27JAN2624600PE,0.1457855902911597
20-01-2026 14:45||NIFTY27JAN2625500CE,0.1053884235599692
20-01-2026 14:45||NIFTY27JAN2626000CE,0.1218692103353438
20-01-2026 14:45||NIFTY27JAN2626100CE,0.1273750522591032
20-01-2026 14:50||NIFTY27JAN2624000PE,0.1947845984540833
20-01-2026 14:50||NIFTY27JAN2624200PE,0.1782980638178266
20-01-2026 14:50||NIFTY27JAN2624900PE,0.1274210412231349
20-01-2026 14:50||NIFTY27JAN2625100PE,0.1202826686439402
20-01-2026 14:50||NIFTY27JAN2625500CE,0.1032167493870531
20-01-2026 14:50||NIFTY27JAN2625900CE,0.1158611509274839
20-01-2026 14:55||NIFTY27JAN2623900PE,0.198267996804538
20-01-2026 14:55||NIFTY27JAN2624000PE,0.1922155519938991
20-01-2026 14:55||NIFTY27JAN2624100PE,0.1841950855180182
20-01-2026 14:55||NIFTY27JAN2626000CE,0.1224064258621186
20-01-2026 15:00||NIFTY27JAN2624800PE,0.1318110594877277
20-01-2026 15:00||NIFTY27JAN2625600CE,0.1050021005224729
20-01-2026 15:00||NIFTY27JAN2626100CE,0.1322799078731876
20-01-2026 15:00||NIFTY27JAN2626200CE,0.138882499740552
20-01-2026 15:00||NIFTY27JAN2626400CE,0.1554434168643446
20-01-2026 15:05||NIFTY27JAN2623900PE,0.1998365484058087
20-01-2026 15:05||NIFTY27JAN2624300PE,0.1653823979290452
20-01-2026 15:05||NIFTY27JAN2625000PE,0.126010989111058
20-01-2026 15:05||NIFTY27JAN2625200CE,0.1014802819798794
20-01-2026 15:05||NIFTY27JAN2626100CE,0.135322419567857
20-01-2026 15:05||NIFTY27JAN2626200CE,0.1420718498214722
20-01-2026 15:10||NIFTY27JAN2624300PE,0.1663539567829677
20-01-2026 15:10||NIFTY27JAN2625100PE,0.1267060376169884
20-01-2026 15:10||NIFTY27JAN2625300CE,0.1029632439526352
20-01-2026 15:10||NIFTY27JAN2625400CE,0.1041127254323965
20-01-2026 15:10||NIFTY27JAN2625900CE,0.1245956896140132
20-01-2026 15:10||NIFTY27JAN2626100CE,0.1382126933121838
20-01-2026 15:15||NIFTY27JAN2624000PE,0.1980879457240434
20-01-2026 15:15||NIFTY27JAN2624200PE,0.176284482064479
20-01-2026 15:15||NIFTY27JAN2624500PE,0.1518436439010668
20-01-2026 15:15||NIFTY27JAN2624800PE,0.1346453258798236
20-01-2026 15:15||NIFTY27JAN2625000PE,0.1277301523681165
20-01-2026 15:15||NIFTY27JAN2625100PE,0.1252154462754555
20-01-2026 15:15||NIFTY27JAN2625700CE,0.1182455047627789
20-01-2026 15:15||NIFTY27JAN2625900CE,0.1291036799871232
20-01-2026 15:15||NIFTY27JAN2626000CE,0.1352118541050946
20-01-2026 15:15||NIFTY27JAN2626200CE,0.1479481527522871
20-01-2026 15:20||NIFTY27JAN2623800PE,0.2056897221098367
20-01-2026 15:20||NIFTY27JAN2624200PE,0.1765668779556478
20-01-2026 15:20||NIFTY27JAN2624500PE,0.1512593087342907
20-01-2026 15:20||NIFTY27JAN2625500CE,0.118902991516553
20-01-2026 15:20||NIFTY27JAN2625700CE,0.1235238101204339
20-01-2026 15:20||NIFTY27JAN2626400CE,0.1670886828196739
20-01-2026 15:25||NIFTY27JAN2623800PE,0.2056609510758707
20-01-2026 15:25||NIFTY27JAN2625100PE,0.1105420696765761
20-01-2026 15:25||NIFTY27JAN2625200CE,0.1368762293811409
20-01-2026 15:25||NIFTY27JAN2625300CE,0.1335392032833154
20-01-2026 15:25||NIFTY27JAN2625900CE,0.1370424617563685
20-01-2026 15:25||NIFTY27JAN2626200CE,0.1541045790463693
21-01-2026 09:15||NIFTY27JAN2625200CE,0.1454535446543706
21-01-2026 09:15||NIFTY27JAN2625400CE,0.1359637929530497
21-01-2026 09:15||NIFTY27JAN2625900CE,0.1390039651590357
21-01-2026 09:15||NIFTY27JAN2626200CE,0.1559683787259552
21-01-2026 09:20||NIFTY27JAN2623900PE,0.2142296547144392
21-01-2026 09:20||NIFTY27JAN2624300PE,0.1753500522826853
21-01-2026 09:20||NIFTY27JAN2624400PE,0.1660399410433107
21-01-2026 09:25||NIFTY27JAN2624000PE,0.2122028161314508
21-01-2026 09:25||NIFTY27JAN2624300PE,0.1794204027925375
21-01-2026 09:25||NIFTY27JAN2624400PE,0.1698939037442628
21-01-2026 09:25||NIFTY27JAN2625100PE,0.1150627739207809
21-01-2026 09:25||NIFTY27JAN2625300CE,0.1244403150123712
21-01-2026 09:25||NIFTY27JAN2625600CE,0.1202365512370641
21-01-2026 09:25||NIFTY27JAN2625800CE,0.1256589170700656
21-01-2026 09:30||NIFTY27JAN2623800PE,0.2142126712772882
21-01-2026 09:30||NIFTY27JAN2623900PE,0.2176644560734387
21-01-2026 09:30||NIFTY27JAN2624000PE,0.2130919029469015
21-01-2026 09:30||NIFTY27JAN2624400PE,0.1723466515074407
21-01-2026 09:30||NIFTY27JAN2625300CE,0.1224085847101407
21-01-2026 09:30||NIFTY27JAN2625700CE,0.1192118104857393
21-01-2026 09:35||NIFTY27JAN2623900PE,0.2175902635977416
21-01-2026 09:35||NIFTY27JAN2624200PE,0.1920545519741909
21-01-2026 09:35||NIFTY27JAN2625200CE,0.1340347938045273
21-01-2026 09:35||NIFTY27JAN2625300CE,0.1237318148653435
21-01-2026 09:35||NIFTY27JAN2625600CE,0.1171837324194027
21-01-2026 09:35||NIFTY27JAN2626200CE,0.1508614035018029
21-01-2026 09:40||NIFTY27JAN2624400PE,0.1692396716352461
21-01-2026 09:40||NIFTY27JAN2625100PE,0.1154682602802526
21-01-2026 09:40||NIFTY27JAN2625200CE,0.1343752203162281
21-01-2026 09:40||NIFTY27JAN2625900CE,0.1299438991663863
21-01-2026 09:40||NIFTY27JAN2626300CE,0.1608219855725654
21-01-2026 09:40||NIFTY27JAN2626400CE,0.1713450640263912
21-01-2026 09:45||NIFTY27JAN2623800PE,0.2121562485438508
21-01-2026 09:45||NIFTY27JAN2624100PE,0.1965982916678699
21-01-2026 09:45||NIFTY27JAN2624400PE,0.1666867727546041
21-01-2026 09:45||NIFTY27JAN2625200CE,0.130139688757188
21-01-2026 09:45||NIFTY27JAN2625600CE,0.1186827569151526
21-01-2026 09:45||NIFTY27JAN2626000CE,0.1381994060223414
21-01-2026 09:45||NIFTY27JAN2626300CE,0.1614648279950597
21-01-2026 09:50||NIFTY27JAN2624700PE,0.1387846360027711
21-01-2026 09:50||NIFTY27JAN2624900PE,0.1237401988726258
21-01-2026 09:50||NIFTY27JAN2625400CE,0.1161924358288325
21-01-2026 09:50||NIFTY27JAN2625600CE,0.1172666839513647
21-01-2026 09:50||NIFTY27JAN2625800CE,0.1253608391636441
21-01-2026 09:55||NIFTY27JAN2624100PE,0.1915772506771418
21-01-2026 09:55||NIFTY27JAN2624200PE,0.1820830209598347
21-01-2026 09:55||NIFTY27JAN2624400PE,0.1640038481821766
21-01-2026 09:55||NIFTY27JAN2624800PE,0.1302846668132767
21-01-2026 09:55||NIFTY27JAN2625400CE,0.1143994402851621
21-01-2026 09:55||NIFTY27JAN2626000CE,0.1409761204932515
21-01-2026 09:55||NIFTY27JAN2626100CE,0.1486511124377923
21-01-2026 09:55||NIFTY27JAN2626200CE,0.1553688204461186
21-01-2026 09:55||NIFTY27JAN2626500CE,0.1949225362265708
21-01-2026 10:00||NIFTY27JAN2624000PE,0.2013131371575806
21-01-2026 10:00||NIFTY27JAN2625000PE,0.1176584679184125
21-01-2026 10:00||NIFTY27JAN2625300CE,0.1170935640411678
21-01-2026 10:00||NIFTY27JAN2625400CE,0.1153165658452529
21-01-2026 10:00||NIFTY27JAN2626500CE,0.1946774503453638
21-01-2026 10:05||NIFTY27JAN2625200CE,0.1241544635006578
21-01-2026 10:05||NIFTY27JAN2625600CE,0.1220695137945948
21-01-2026 10:05||NIFTY27JAN2625700CE,0.1258801176865506
21-01-2026 10:05||NIFTY27JAN2625800CE,0.1296919697944141
21-01-2026 10:10||NIFTY27JAN2624000PE,0.1988826290223967
21-01-2026 10:10||NIFTY27JAN2624400PE,0.1598599744995809
21-01-2026 10:10||NIFTY27JAN2625800CE,0.1301090349692578
21-01-2026 10:10||NIFTY27JAN2626100CE,0.1486080797441677
21-01-2026 10:15||NIFTY27JAN2624000PE,0.1988904214069671
21-01-2026 10:15||NIFTY27JAN2624200PE,0.1794291452917397
21-01-2026 10:15||NIFTY27JAN2624500PE,0.151129863275461
21-01-2026 10:15||NIFTY27JAN2624600PE,0.1431394317237642
21-01-2026 10:15||NIFTY27JAN2625500CE,0.1174274450343644
21-01-2026 10:15||NIFTY27JAN2626100CE,0.149379602143888
21-01-2026 10:20||NIFTY27JAN2625700CE,0.1243537138872952
21-01-2026 10:25||NIFTY27JAN2624300PE,0.1696617432921092
21-01-2026 10:25||NIFTY27JAN2625000PE,0.1193927455107891
21-01-2026 10:25||NIFTY27JAN2625700CE,0.1268071088975294
21-01-2026 10:25||NIFTY27JAN2626200CE,0.1618559931257763
21-01-2026 10:30||NIFTY27JAN2624200PE,0.1772548513686297
21-01-2026 10:30||NIFTY27JAN2624700PE,0.1342318528677993
21-01-2026 10:30||NIFTY27JAN2624800PE,0.1277508662109132
21-01-2026 10:30||NIFTY27JAN2625200CE,0.1201812886864643
21-01-2026 10:30||NIFTY27JAN2625900CE,0.1410621373731586
21-01-2026 10:30||NIFTY27JAN2626300CE,0.1727347884117801
21-01-2026 10:30||NIFTY27JAN2626400CE,0.1817300914153653
21-01-2026 10:35||NIFTY27JAN2624400PE,0.1605835552397747
21-01-2026 10:35||NIFTY27JAN2625100PE,0.1220135395369657
21-01-2026 10:35||NIFTY27JAN2625500CE,0.1215851559862458
21-01-2026 10:35||NIFTY27JAN2625600CE,0.1250056855276199
21-01-2026 10:35||NIFTY27JAN2625800CE,0.1364214564965945
21-01-2026 10:35||NIFTY27JAN2625900CE,0.1428572747248474
21-01-2026 10:40||NIFTY27JAN2624200PE,0.1778853473800317
21-01-2026 10:40||NIFTY27JAN2624800PE,0.1355286042389703
21-01-2026 10:40||NIFTY27JAN2625200CE,0.1221781993009546
21-01-2026 10:40||NIFTY27JAN2625400CE,0.1220160029410972
21-01-2026 10:40||NIFTY27JAN2626300CE,0.1784861502320504
21-01-2026 10:45||NIFTY27JAN2624700PE,0.1435894339864546
21-01-2026 10:45||NIFTY27JAN2624800PE,0.1383815162536184
21-01-2026 10:45||NIFTY27JAN2625700CE,0.1397030953472119
21-01-2026 10:45||NIFTY27JAN2626400CE,0.1938279584060732
21-01-2026 10:45||NIFTY27JAN2626500CE,0.2032586159714619
21-01-2026 10:50||NIFTY27JAN2624100PE,0.18893458348367
21-01-2026 10:50||NIFTY27JAN2624300PE,0.1672316117962048
21-01-2026 10:50||NIFTY27JAN2624400PE,0.1591180596434958
21-01-2026 10:50||NIFTY27JAN2624500PE,0.1536304625316097
21-01-2026 10:50||NIFTY27JAN2625400CE,0.1321882667720256
21-01-2026 10:50||NIFTY27JAN2625700CE,0.1454051229668375
21-01-2026 10:50||NIFTY27JAN2625900CE,0.1579982458647473
21-01-2026 10:50||NIFTY27JAN2626400CE,0.1973518409019474
21-01-2026 10:55||NIFTY27JAN2623900PE,0.209288309162035
21-01-2026 10:55||NIFTY27JAN2624300PE,0.1685716442266748
21-01-2026 10:55||NIFTY27JAN2624800PE,0.1375083563117422
21-01-2026 10:55||NIFTY27JAN2625000PE,0.1334761640269852
21-01-2026 10:55||NIFTY27JAN2625100PE,0.1349807672793456
21-01-2026 10:55||NIFTY27JAN2625300CE,0.1338589178246969
21-01-2026 10:55||NIFTY27JAN2625900CE,0.1610717720671225
21-01-2026 10:55||NIFTY27JAN2626200CE,0.1820860080471092
21-01-2026 11:00||NIFTY27JAN2624000PE,0.1992629168892604
21-01-2026 11:00||NIFTY27JAN2624300PE,0.1697921731562617
21-01-2026 11:00||NIFTY27JAN2624600PE,0.1465232563697919
21-01-2026 11:00||NIFTY27JAN2624800PE,0.1338764915746212
21-01-2026 11:00||NIFTY27JAN2625100PE,0.1272589101420582
21-01-2026 11:00||NIFTY27JAN2625300CE,0.1360696149594992
21-01-2026 11:05||NIFTY27JAN2624000PE,0.1980944910916839
21-01-2026 11:05||NIFTY27JAN2624100PE,0.1884038330415636
21-01-2026 11:05||NIFTY27JAN2624400PE,0.1610815816611753
21-01-2026 11:05||NIFTY27JAN2625000PE,0.1188647520255117
21-01-2026 11:05||NIFTY27JAN2625200CE,0.1373744277470387
21-01-2026 11:10||NIFTY27JAN2624800PE,0.127309951122377
21-01-2026 11:10||NIFTY27JAN2625200CE,0.1399082015453159
21-01-2026 11:10||NIFTY27JAN2625300CE,0.1395298307161604
21-01-2026 11:10||NIFTY27JAN2625500CE,0.1412108784280845
21-01-2026 11:10||NIFTY27JAN2625900CE,0.1589137121513167
21-01-2026 11:10||NIFTY27JAN2626100CE,0.1719888256203199
21-01-2026 11:15||NIFTY27JAN2624300PE,0.1721099365054113
21-01-2026 11:15||NIFTY27JAN2625100PE,0.1100267740630859
21-01-2026 11:15||NIFTY27JAN2625400CE,0.1371956370452707
21-01-2026 11:20||NIFTY27JAN2623900PE,0.2117723693893453
21-01-2026 11:20||NIFTY27JAN2625800CE,0.1465602813681838
21-01-2026 11:20||NIFTY27JAN2626000CE,0.1597194061960569
21-01-2026 11:20||NIFTY27JAN2626100CE,0.1662741733947878
21-01-2026 11:20||NIFTY27JAN2626400CE,0.1931565445311834
21-01-2026 11:20||NIFTY27JAN2626500CE,0.2058233404408406
21-01-2026 11:25||NIFTY27JAN2624600PE,0.1513197334922063
21-01-2026 11:25||NIFTY27JAN2624800PE,0.1366298378740022
21-01-2026 11:30||NIFTY27JAN2623900PE,0.2112247670730224
21-01-2026 11:30||NIFTY27JAN2624000PE,0.2038088818377355
21-01-2026 11:30||NIFTY27JAN2624100PE,0.195661387395382
21-01-2026 11:30||NIFTY27JAN2624400PE,0.169004825936642
21-01-2026 11:30||NIFTY27JAN2625400CE,0.1302953695514098
21-01-2026 11:30||NIFTY27JAN2625800CE,0.1451048591157886
21-01-2026 11:30||NIFTY27JAN2626000CE,0.1583285316960638
21-01-2026 11:30||NIFTY27JAN2626500CE,0.2045331211577349
21-01-2026 11:35||NIFTY27JAN2623900PE,0.2118613342246446
21-01-2026 11:35||NIFTY27JAN2624600PE,0.1513765252913659
21-01-2026 11:35||NIFTY27JAN2626100CE,0.1654359759762492
21-01-2026 11:35||NIFTY27JAN2626300CE,0.1803545843238865
21-01-2026 11:40||NIFTY27JAN2624800PE,0.1363934295065181
21-01-2026 11:40||NIFTY27JAN2625100PE,0.1209756462515934
21-01-2026 11:40||NIFTY27JAN2625200CE,0.1324875438177891
21-01-2026 11:40||NIFTY27JAN2625700CE,0.1400161673972544
21-01-2026 11:45||NIFTY27JAN2624600PE,0.1504337905715758
21-01-2026 11:45||NIFTY27JAN2625100PE,0.1193496473533067
21-01-2026 11:45||NIFTY27JAN2625200CE,0.1332130975908809
21-01-2026 11:45||NIFTY27JAN2625400CE,0.1317880880821259
21-01-2026 11:50||NIFTY27JAN2624000PE,0.2038383414382526
21-01-2026 11:50||NIFTY27JAN2624100PE,0.1942312518130013
21-01-2026 11:50||NIFTY27JAN2624300PE,0.1766529759544142
21-01-2026 11:55||NIFTY27JAN2624000PE,0.2034083161062173
21-01-2026 11:55||NIFTY27JAN2624600PE,0.1479968352998429
21-01-2026 11:55||NIFTY27JAN2624700PE,0.1401246991724287
21-01-2026 11:55||NIFTY27JAN2624900PE,0.1262189615396344
21-01-2026 12:00||NIFTY27JAN2624100PE,0.1931702387753978
21-01-2026 12:00||NIFTY27JAN2624200PE,0.184184952233887
21-01-2026 12:00||NIFTY27JAN2624700PE,0.1396789285110353
21-01-2026 12:00||NIFTY27JAN2624800PE,0.1323079463677523
21-01-2026 12:00||NIFTY27JAN2625600CE,0.1333535337825667
21-01-2026 12:00||NIFTY27JAN2625900CE,0.1464442607831469
21-01-2026 12:05||NIFTY27JAN2623800PE,0.2130787606934065
21-01-2026 12:05||NIFTY27JAN2624100PE,0.1932831700301702
21-01-2026 12:05||NIFTY27JAN2625500CE,0.1306607945431404
21-01-2026 12:05||NIFTY27JAN2626200CE,0.1639268392103276
21-01-2026 12:10||NIFTY27JAN2624100PE,0.1936238980831641
21-01-2026 12:10||NIFTY27JAN2624200PE,0.1844419552587202
21-01-2026 12:10||NIFTY27JAN2625000PE,0.1170284896865732
21-01-2026 12:10||NIFTY27JAN2625900CE,0.1430971375198887
21-01-2026 12:10||NIFTY27JAN2626500CE,0.1951069847680054
21-01-2026 12:15||NIFTY27JAN2623800PE,0.2131057895141961
21-01-2026 12:15||NIFTY27JAN2624200PE,0.1866086267533355
21-01-2026 12:15||NIFTY27JAN2625400CE,0.1300203993293739
21-01-2026 12:15||NIFTY27JAN2625700CE,0.1342658842878439
21-01-2026 12:20||NIFTY27JAN2624200PE,0.1914417727843348
21-01-2026 12:20||NIFTY27JAN2625000PE,0.1230349997708466
21-01-2026 12:20||NIFTY27JAN2625400CE,0.1255677501761613
21-01-2026 12:20||NIFTY27JAN2625600CE,0.1283373983379924
21-01-2026 12:20||NIFTY27JAN2625700CE,0.1316820864688506
21-01-2026 12:20||NIFTY27JAN2626300CE,0.1649786551530979
21-01-2026 12:25||NIFTY27JAN2624000PE,0.2132703737971211
21-01-2026 12:25||NIFTY27JAN2624500PE,0.1634469569597273
21-01-2026 12:25||NIFTY27JAN2624600PE,0.1541786746826765
21-01-2026 12:25||NIFTY27JAN2624700PE,0.1472203715059458
21-01-2026 12:25||NIFTY27JAN2625700CE,0.1297518668096931
21-01-2026 12:25||NIFTY27JAN2626500CE,0.1961383098835973
21-01-2026 12:30||NIFTY27JAN2624100PE,0.2033737644732533
21-01-2026 12:30||NIFTY27JAN2624200PE,0.1945149065390677
21-01-2026 12:30||NIFTY27JAN2625300CE,0.1318285057812934
21-01-2026 12:30||NIFTY27JAN2625800CE,0.1339294468084585
21-01-2026 12:35||NIFTY27JAN2624000PE,0.2146744241691661
21-01-2026 12:35||NIFTY27JAN2624100PE,0.2049856770571143
21-01-2026 12:35||NIFTY27JAN2625600CE,0.1299739524669656
21-01-2026 12:35||NIFTY27JAN2626400CE,0.1706899011719285
21-01-2026 12:40||NIFTY27JAN2624500PE,0.171839551102858
21-01-2026 12:40||NIFTY27JAN2624700PE,0.1530948182410733
21-01-2026 12:40||NIFTY27JAN2624800PE,0.1449981477475669
21-01-2026 12:40||NIFTY27JAN2625200CE,0.1439616548080153
21-01-2026 12:40||NIFTY27JAN2625400CE,0.1327279926119422
21-01-2026 12:40||NIFTY27JAN2625900CE,0.1356957998376916
21-01-2026 12:45||NIFTY27JAN2623800PE,0.2213210070128585
21-01-2026 12:45||NIFTY27JAN2624400PE,0.1860703293833866
21-01-2026 12:45||NIFTY27JAN2625300CE,0.1382144123381766
21-01-2026 12:45||NIFTY27JAN2625800CE,0.1313415518707527
21-01-2026 12:45||NIFTY27JAN2626200CE,0.1484994718997689
21-01-2026 12:50||NIFTY27JAN2623800PE,0.2258457037705739
21-01-2026 12:50||NIFTY27JAN2624100PE,0.2181365839517294
21-01-2026 12:50||NIFTY27JAN2625200CE,0.1430816732516496
21-01-2026 12:50||NIFTY27JAN2625500CE,0.1308327442692531
21-01-2026 12:50||NIFTY27JAN2625600CE,0.1295763326983733
21-01-2026 12:55||NIFTY27JAN2625300CE,0.1355462626284488
21-01-2026 12:55||NIFTY27JAN2625400CE,0.1315666693547618
21-01-2026 12:55||NIFTY27JAN2625600CE,0.1280945115334529
21-01-2026 12:55||NIFTY27JAN2625700CE,0.1289181060888392
21-01-2026 12:55||NIFTY27JAN2625800CE,0.1304531812799746
21-01-2026 12:55||NIFTY27JAN2625900CE,0.1326943614946034
21-01-2026 12:55||NIFTY27JAN2626500CE,0.1936484960770637
21-01-2026 13:00||NIFTY27JAN2624600PE,0.1744408157379868
21-01-2026 13:00||NIFTY27JAN2624700PE,0.1658874201567067
21-01-2026 13:00||NIFTY27JAN2626100CE,0.1394849196195478
21-01-2026 13:05||NIFTY27JAN2623800PE,0.2231175685226341
21-01-2026 13:05||NIFTY27JAN2623900PE,0.2312490399306966
21-01-2026 13:05||NIFTY27JAN2624100PE,0.2194531900551767
21-01-2026 13:05||NIFTY27JAN2625600CE,0.1233469985437888
21-01-2026 13:05||NIFTY27JAN2626300CE,0.1545462944720369
21-01-2026 13:05||NIFTY27JAN2626400CE,0.1659583722553543
21-01-2026 13:10||NIFTY27JAN2625800CE,0.1267484262556005
21-01-2026 13:10||NIFTY27JAN2626200CE,0.1481507804062863
21-01-2026 13:15||NIFTY27JAN2624400PE,0.1877528411916681
21-01-2026 13:15||NIFTY27JAN2625400CE,0.1289024662990095
21-01-2026 13:15||NIFTY27JAN2625800CE,0.1273046173089675
21-01-2026 13:20||NIFTY27JAN2623800PE,0.2208646388491923
21-01-2026 13:20||NIFTY27JAN2623900PE,0.2280700181728051
21-01-2026 13:20||NIFTY27JAN2624600PE,0.1697648373426681
21-01-2026 13:20||NIFTY27JAN2624800PE,0.1534869309988454
21-01-2026 13:20||NIFTY27JAN2625400CE,0.1272588315855547
21-01-2026 13:20||NIFTY27JAN2626200CE,0.149663371883744
21-01-2026 13:25||NIFTY27JAN2624200PE,0.2056151230206185
21-01-2026 13:25||NIFTY27JAN2624300PE,0.1960549311336363
21-01-2026 13:25||NIFTY27JAN2624900PE,0.146975723413872
21-01-2026 13:25||NIFTY27JAN2625000PE,0.1406278727606778
21-01-2026 13:25||NIFTY27JAN2625200CE,0.1326849439456192
21-01-2026 13:25||NIFTY27JAN2625700CE,0.12423125920914
21-01-2026 13:25||NIFTY27JAN2626000CE,0.1370198399141298
21-01-2026 13:25||NIFTY27JAN2626300CE,0.1579800161772062
21-01-2026 13:30||NIFTY27JAN2624000PE,0.2227415470707525
21-01-2026 13:30||NIFTY27JAN2624400PE,0.1851538253577782
21-01-2026 13:30||NIFTY27JAN2625200CE,0.1363806824674041
21-01-2026 13:30||NIFTY27JAN2625300CE,0.1304342632128665
21-01-2026 13:30||NIFTY27JAN2625800CE,0.1291645454010045
21-01-2026 13:30||NIFTY27JAN2626200CE,0.152661876633291
21-01-2026 13:30||NIFTY27JAN2626300CE,0.1594899886117339
21-01-2026 13:35||NIFTY27JAN2623800PE,0.2214422527052601
21-01-2026 13:35||NIFTY27JAN2624000PE,0.2209018977630409
21-01-2026 13:35||NIFTY27JAN2624700PE,0.1582193342121226
21-01-2026 13:35||NIFTY27JAN2624800PE,0.150957381551975
21-01-2026 13:35||NIFTY27JAN2625800CE,0.1314264185574543
21-01-2026 13:35||NIFTY27JAN2626300CE,0.1600817868314689
21-01-2026 13:40||NIFTY27JAN2624600PE,0.1650998418785797
21-01-2026 13:40||NIFTY27JAN2624800PE,0.1501097604985658
21-01-2026 13:40||NIFTY27JAN2625300CE,0.1319051330999732
21-01-2026 13:40||NIFTY27JAN2625800CE,0.1317026923050081
21-01-2026 13:40||NIFTY27JAN2626200CE,0.1529126842147327
21-01-2026 13:45||NIFTY27JAN2624800PE,0.1512799932534481
21-01-2026 13:45||NIFTY27JAN2625400CE,0.1249882203858394
21-01-2026 13:45||NIFTY27JAN2625900CE,0.1347219033114287
21-01-2026 13:50||NIFTY27JAN2625100PE,0.1339520225313371
21-01-2026 13:50||NIFTY27JAN2626100CE,0.146572553729561
21-01-2026 13:55||NIFTY27JAN2624300PE,0.1890345494269599
21-01-2026 13:55||NIFTY27JAN2624400PE,0.1802486441386332
21-01-2026 13:55||NIFTY27JAN2625500CE,0.1240560383243973
21-01-2026 13:55||NIFTY27JAN2625700CE,0.1281353258344204
21-01-2026 14:00||NIFTY27JAN2623800PE,0.2202929195833154
21-01-2026 14:00||NIFTY27JAN2624200PE,0.1966372703517942
21-01-2026 14:00||NIFTY27JAN2624600PE,0.1616400863263659
21-01-2026 14:00||NIFTY27JAN2625000PE,0.1340999105295793
21-01-2026 14:00||NIFTY27JAN2625200CE,0.1249440939173315
21-01-2026 14:05||NIFTY27JAN2624500PE,0.1654036506408586
21-01-2026 14:05||NIFTY27JAN2625000PE,0.1311163346910809
21-01-2026 14:05||NIFTY27JAN2625400CE,0.1232352987830307
21-01-2026 14:05||NIFTY27JAN2626100CE,0.1490091664608595
21-01-2026 14:05||NIFTY27JAN2626500CE,0.2011792809167412
21-01-2026 14:10||NIFTY27JAN2624000PE,0.2092536069795408
21-01-2026 14:10||NIFTY27JAN2624100PE,0.2000099846552212
21-01-2026 14:10||NIFTY27JAN2624400PE,0.1711104387801292
21-01-2026 14:10||NIFTY27JAN2624500PE,0.1622602712348595
21-01-2026 14:10||NIFTY27JAN2625000PE,0.1278493307948731
21-01-2026 14:10||NIFTY27JAN2625200CE,0.1292995517860818
21-01-2026 14:10||NIFTY27JAN2626000CE,0.1421167303346862
21-01-2026 14:10||NIFTY27JAN2626400CE,0.1823467043854525
21-01-2026 14:10||NIFTY27JAN2626500CE,0.2019691878420435
21-01-2026 14:15||NIFTY27JAN2624700PE,0.1485416761404158
21-01-2026 14:15||NIFTY27JAN2625400CE,0.1221965041600733
21-01-2026 14:15||NIFTY27JAN2625800CE,0.1303303846928633
21-01-2026 14:15||NIFTY27JAN2626100CE,0.1475788268834714
21-01-2026 14:20||NIFTY27JAN2624000PE,0.2101341254465304
21-01-2026 14:20||NIFTY27JAN2624300PE,0.1825953060955875
21-01-2026 14:20||NIFTY27JAN2624700PE,0.1511433500129845
21-01-2026 14:20||NIFTY27JAN2625200CE,0.123397167269705
21-01-2026 14:20||NIFTY27JAN2625600CE,0.1216838748894249
21-01-2026 14:20||NIFTY27JAN2626100CE,0.1461301942281168
21-01-2026 14:20||NIFTY27JAN2626500CE,0.198214020979476
21-01-2026 14:25||NIFTY27JAN2623900PE,0.2164946281267796
21-01-2026 14:25||NIFTY27JAN2624800PE,0.1444626113228004
21-01-2026 14:25||NIFTY27JAN2624900PE,0.1382486559013815
21-01-2026 14:25||NIFTY27JAN2625100PE,0.128322561748231
21-01-2026 14:25||NIFTY27JAN2626500CE,0.1975403166107944
21-01-2026 14:30||NIFTY27JAN2624500PE,0.1610193648640092
21-01-2026 14:30||NIFTY27JAN2624600PE,0.1528446729519523
21-01-2026 14:30||NIFTY27JAN2624800PE,0.1402335811517192
21-01-2026 14:30||NIFTY27JAN2625200CE,0.1169897482882385
21-01-2026 14:30||NIFTY27JAN2625300CE,0.1204082830560273
21-01-2026 14:30||NIFTY27JAN2626300CE,0.1634889616159605
21-01-2026 14:35||NIFTY27JAN2624200PE,0.186770937056404
21-01-2026 14:35||NIFTY27JAN2624700PE,0.143630898971708
21-01-2026 14:35||NIFTY27JAN2624800PE,0.13846619913494
21-01-2026 14:35||NIFTY27JAN2625100PE,0.1188655093380029
21-01-2026 14:35||NIFTY27JAN2625200CE,0.1187794192734158
21-01-2026 14:35||NIFTY27JAN2625800CE,0.1329657244301737
21-01-2026 14:35||NIFTY27JAN2626100CE,0.1489924036236888
21-01-2026 14:40||NIFTY27JAN2624000PE,0.2062460076179059
21-01-2026 14:40||NIFTY27JAN2624200PE,0.1867971740703058
21-01-2026 14:40||NIFTY27JAN2624500PE,0.1588452185435684
21-01-2026 14:40||NIFTY27JAN2624600PE,0.1505443782878503
21-01-2026 14:40||NIFTY27JAN2624700PE,0.1445489624616444
21-01-2026 14:40||NIFTY27JAN2625100PE,0.1222897145043785
21-01-2026 14:40||NIFTY27JAN2625200CE,0.1207539721031798
21-01-2026 14:40||NIFTY27JAN2625400CE,0.1212751224692645
21-01-2026 14:40||NIFTY27JAN2625800CE,0.1315889189132961
21-01-2026 14:40||NIFTY27JAN2626200CE,0.1549326958812281
21-01-2026 14:45||NIFTY27JAN2624500PE,0.1597247245155718
21-01-2026 14:45||NIFTY27JAN2625400CE,0.1205526801978593
21-01-2026 14:45||NIFTY27JAN2625900CE,0.1349712417704257
21-01-2026 14:45||NIFTY27JAN2626100CE,0.1469977897204819
21-01-2026 14:50||NIFTY27JAN2623900PE,0.2105725564649166
21-01-2026 14:50||NIFTY27JAN2624900PE,0.1342177414079782
21-01-2026 14:50||NIFTY27JAN2625200CE,0.1223989411373814
21-01-2026 14:50||NIFTY27JAN2625300CE,0.1213082300976288
21-01-2026 14:50||NIFTY27JAN2625500CE,0.1206414953857574
21-01-2026 14:50||NIFTY27JAN2625800CE,0.1292809548529687
21-01-2026 14:50||NIFTY27JAN2626300CE,0.1610642042391489
21-01-2026 14:55||NIFTY27JAN2624200PE,0.1851356168276573
21-01-2026 14:55||NIFTY27JAN2625300CE,0.1212532500769935
21-01-2026 14:55||NIFTY27JAN2625700CE,0.1251848117627539
21-01-2026 14:55||NIFTY27JAN2626100CE,0.1458391597883462
21-01-2026 15:00||NIFTY27JAN2623900PE,0.2112223692564867
21-01-2026 15:00||NIFTY27JAN2624100PE,0.1949259549475313
21-01-2026 15:00||NIFTY27JAN2624500PE,0.1592784076615273
21-01-2026 15:00||NIFTY27JAN2624800PE,0.1380438624222334
21-01-2026 15:00||NIFTY27JAN2625000PE,0.1264529405514937
21-01-2026 15:00||NIFTY27JAN2625200CE,0.1203986269636574
21-01-2026 15:00||NIFTY27JAN2625300CE,0.1203683422549864
21-01-2026 15:00||NIFTY27JAN2625600CE,0.1219463660423967
21-01-2026 15:00||NIFTY27JAN2626400CE,0.1707706507838627
21-01-2026 15:05||NIFTY27JAN2624300PE,0.1766676812694808
21-01-2026 15:05||NIFTY27JAN2625100PE,0.123984242841615
21-01-2026 15:05||NIFTY27JAN2626200CE,0.1518446777065668
21-01-2026 15:10||NIFTY27JAN2624300PE,0.1769307599343642
21-01-2026 15:10||NIFTY27JAN2624500PE,0.1602227928065052
21-01-2026 15:10||NIFTY27JAN2624600PE,0.1530685601318288
21-01-2026 15:10||NIFTY27JAN2625700CE,0.1229417414048039
21-01-2026 15:10||NIFTY27JAN2625800CE,0.1270197522244428
21-01-2026 15:10||NIFTY27JAN2625900CE,0.131443380855017
21-01-2026 15:10||NIFTY27JAN2626500CE,0.1921914080555999
21-01-2026 15:15||NIFTY27JAN2624200PE,0.1853064032086958
21-01-2026 15:15||NIFTY27JAN2624300PE,0.1764593715489994
21-01-2026 15:15||NIFTY27JAN2624800PE,0.140394976232567
21-01-2026 15:15||NIFTY27JAN2624900PE,0.1350742990771473
21-01-2026 15:15||NIFTY27JAN2625200CE,0.1131055018888088
21-01-2026 15:15||NIFTY27JAN2625300CE,0.1137948438451055
21-01-2026 15:15||NIFTY27JAN2625600CE,0.1193369472301873
21-01-2026 15:15||NIFTY27JAN2625700CE,0.1224052212395793
21-01-2026 15:15||NIFTY27JAN2625900CE,0.1308747191025077
21-01-2026 15:15||NIFTY27JAN2626200CE,0.1524030213144045
21-01-2026 15:20||NIFTY27JAN2623800PE,0.2107901171373745
21-01-2026 15:20||NIFTY27JAN2624800PE,0.138963880541782
21-01-2026 15:20||NIFTY27JAN2625100PE,0.1253077842643584
21-01-2026 15:20||NIFTY27JAN2625400CE,0.1151327685934892
21-01-2026 15:20||NIFTY27JAN2625600CE,0.1184726865394136
21-01-2026 15:25||NIFTY27JAN2623800PE,0.213295063560572
21-01-2026 15:25||NIFTY27JAN2624200PE,0.1890069895614839
21-01-2026 15:25||NIFTY27JAN2624500PE,0.1612865736599924
21-01-2026 15:25||NIFTY27JAN2624800PE,0.1384937119958326
21-01-2026 15:25||NIFTY27JAN2625100PE,0.1246603034545081
21-01-2026 15:25||NIFTY27JAN2626200CE,0.1483294794751528
22-01-2026 09:15||NIFTY27JAN2623800PE,0.2180878129978582
22-01-2026 09:15||NIFTY27JAN2625100PE,0.1232356285076029
22-01-2026 09:15||NIFTY27JAN2625300CE,0.1114074313587357
22-01-2026 09:20||NIFTY27JAN2623900PE,0.2263687553587095
22-01-2026 09:20||NIFTY27JAN2624000PE,0.2212768465662105
22-01-2026 09:20||NIFTY27JAN2624300PE,0.1892433555797316
22-01-2026 09:20||NIFTY27JAN2624500PE,0.1673262013104979
22-01-2026 09:20||NIFTY27JAN2624800PE,0.1393196798314108
22-01-2026 09:20||NIFTY27JAN2625200CE,0.1141559196102581
22-01-2026 09:20||NIFTY27JAN2626300CE,0.1519621437347293
22-01-2026 09:25||NIFTY27JAN2624700PE,0.1566910481665272
22-01-2026 09:25||NIFTY27JAN2625000PE,0.128512143488378
22-01-2026 09:25||NIFTY27JAN2625200CE,0.1235558946299108
22-01-2026 09:25||NIFTY27JAN2625500CE,0.1173856715493123
22-01-2026 09:25||NIFTY27JAN2625600CE,0.1163428014725754
22-01-2026 09:25||NIFTY27JAN2626200CE,0.1448946932910141
22-01-2026 09:30||NIFTY27JAN2624600PE,0.1909180658133369
22-01-2026 09:30||NIFTY27JAN2624800PE,0.1636793863295934
22-01-2026 09:30||NIFTY27JAN2624900PE,0.1520801375051102
22-01-2026 09:30||NIFTY27JAN2625100PE,0.1335270056152802
22-01-2026 09:30||NIFTY27JAN2625500CE,0.1173083154779131
22-01-2026 09:30||NIFTY27JAN2625800CE,0.1219857067404187
22-01-2026 09:30||NIFTY27JAN2626000CE,0.1324274865924134
22-01-2026 09:30||NIFTY27JAN2626300CE,0.1541676216685721
22-01-2026 09:35||NIFTY27JAN2624100PE,0.2700284008659628
22-01-2026 09:40||NIFTY27JAN2624100PE,0.2668377062403244
22-01-2026 09:40||NIFTY27JAN2624500PE,0.218560182053065
22-01-2026 09:40||NIFTY27JAN2626000CE,0.1345039067766642
22-01-2026 09:40||NIFTY27JAN2626200CE,0.1483630346126225
22-01-2026 09:45||NIFTY27JAN2623900PE,0.2703939668008446
22-01-2026 09:45||NIFTY27JAN2624200PE,0.2463529044722701
22-01-2026 09:50||NIFTY27JAN2623900PE,0.2614442187943301
22-01-2026 09:50||NIFTY27JAN2624100PE,0.2463427161518367
22-01-2026 09:50||NIFTY27JAN2624900PE,0.1530563114878589
22-01-2026 09:50||NIFTY27JAN2625000PE,0.1432195136575166
22-01-2026 09:50||NIFTY27JAN2625600CE,0.1169005120038609
22-01-2026 09:50||NIFTY27JAN2625800CE,0.1231894303285278
22-01-2026 09:50||NIFTY27JAN2625900CE,0.1272863896309061
22-01-2026 09:50||NIFTY27JAN2626300CE,0.1537458593915346
22-01-2026 09:50||NIFTY27JAN2626500CE,0.2072611658098274
22-01-2026 09:55||NIFTY27JAN2624700PE,0.1688136267597468
22-01-2026 09:55||NIFTY27JAN2624800PE,0.1572727955092367
22-01-2026 09:55||NIFTY27JAN2624900PE,0.1468205782309794
22-01-2026 09:55||NIFTY27JAN2625200CE,0.1124787126783988
22-01-2026 09:55||NIFTY27JAN2625500CE,0.1134250368133217
22-01-2026 10:00||NIFTY27JAN2624200PE,0.2191386601112128
22-01-2026 10:00||NIFTY27JAN2624700PE,0.1634517588733573
22-01-2026 10:00||NIFTY27JAN2625100PE,0.1281590327908244
22-01-2026 10:00||NIFTY27JAN2625400CE,0.1147343497397644
22-01-2026 10:00||NIFTY27JAN2625600CE,0.1112963136247267
22-01-2026 10:00||NIFTY27JAN2626100CE,0.1340305217783853
22-01-2026 10:00||NIFTY27JAN2626500CE,0.1975278736105541
22-01-2026 10:05||NIFTY27JAN2624500PE,0.183877306785299
22-01-2026 10:05||NIFTY27JAN2624800PE,0.1517527138875694
22-01-2026 10:05||NIFTY27JAN2625000PE,0.1335878103223629
22-01-2026 10:05||NIFTY27JAN2625400CE,0.1153737135157514
22-01-2026 10:05||NIFTY27JAN2625700CE,0.1129434299816075
22-01-2026 10:05||NIFTY27JAN2625800CE,0.115856020111514
22-01-2026 10:05||NIFTY27JAN2626100CE,0.1340539870571548
22-01-2026 10:05||NIFTY27JAN2626400CE,0.1632869228104199
22-01-2026 10:10||NIFTY27JAN2623800PE,0.231435041997916
22-01-2026 10:10||NIFTY27JAN2624200PE,0.214937863303377
22-01-2026 10:10||NIFTY27JAN2624300PE,0.2040583793616537
22-01-2026 10:10||NIFTY27JAN2624500PE,0.1826224012802313
22-01-2026 10:10||NIFTY27JAN2624800PE,0.1514432202013413
22-01-2026 10:10||NIFTY27JAN2625300CE,0.1188433175556529
22-01-2026 10:10||NIFTY27JAN2625500CE,0.1109860800731952
22-01-2026 10:10||NIFTY27JAN2626200CE,0.1415521785932555
22-01-2026 10:10||NIFTY27JAN2626300CE,0.148649816860374
22-01-2026 10:15||NIFTY27JAN2623900PE,0.2360122330423936
22-01-2026 10:15||NIFTY27JAN2624400PE,0.1903741771634346
22-01-2026 10:15||NIFTY27JAN2625000PE,0.1346176117027419
22-01-2026 10:15||NIFTY27JAN2625300CE,0.1158221967514828
22-01-2026 10:15||NIFTY27JAN2625400CE,0.1109430703755426
22-01-2026 10:20||NIFTY27JAN2624000PE,0.2252300883656594
22-01-2026 10:20||NIFTY27JAN2625000PE,0.1340526458485398
22-01-2026 10:20||NIFTY27JAN2625100PE,0.129775532583955
22-01-2026 10:20||NIFTY27JAN2625400CE,0.1079162560938993
22-01-2026 10:20||NIFTY27JAN2625500CE,0.1050693974659642
22-01-2026 10:20||NIFTY27JAN2625600CE,0.1067620198467285
22-01-2026 10:20||NIFTY27JAN2625900CE,0.1222812748775004
22-01-2026 10:25||NIFTY27JAN2623900PE,0.2235369136141583
22-01-2026 10:25||NIFTY27JAN2624000PE,0.2184757562423467
22-01-2026 10:25||NIFTY27JAN2624200PE,0.198426671342461
22-01-2026 10:25||NIFTY27JAN2625100PE,0.1237465651203739
22-01-2026 10:25||NIFTY27JAN2625900CE,0.1242346463368683
22-01-2026 10:25||NIFTY27JAN2626300CE,0.1540021837298181
22-01-2026 10:30||NIFTY27JAN2624300PE,0.1849876297695153
22-01-2026 10:30||NIFTY27JAN2625800CE,0.1192891747069942
22-01-2026 10:30||NIFTY27JAN2626100CE,0.1396444031375243
22-01-2026 10:35||NIFTY27JAN2625100PE,0.1169221660995322
22-01-2026 10:35||NIFTY27JAN2625200CE,0.1265023418441353
22-01-2026 10:35||NIFTY27JAN2625300CE,0.1213787802558627
22-01-2026 10:35||NIFTY27JAN2625400CE,0.116835312328418
22-01-2026 10:35||NIFTY27JAN2625800CE,0.120377488435567
22-01-2026 10:40||NIFTY27JAN2624300PE,0.1836283963633786
22-01-2026 10:40||NIFTY27JAN2624600PE,0.1552405786728355
22-01-2026 10:40||NIFTY27JAN2625000PE,0.1269884317920814
22-01-2026 10:40||NIFTY27JAN2625800CE,0.1221422130779394
22-01-2026 10:40||NIFTY27JAN2625900CE,0.1278193020552865
22-01-2026 10:40||NIFTY27JAN2626000CE,0.1340754651635987
22-01-2026 10:45||NIFTY27JAN2623900PE,0.2216058154177717
22-01-2026 10:45||NIFTY27JAN2625000PE,0.1282311722921058
22-01-2026 10:45||NIFTY27JAN2625400CE,0.1137122312958408
22-01-2026 10:45||NIFTY27JAN2625500CE,0.1141817630229103
22-01-2026 10:45||NIFTY27JAN2625700CE,0.1187973659358777
22-01-2026 10:45||NIFTY27JAN2625900CE,0.1294971873030183
22-01-2026 10:45||NIFTY27JAN2626400CE,0.1794497274616734
22-01-2026 10:45||NIFTY27JAN2626500CE,0.1992265609915947
22-01-2026 10:50||NIFTY27JAN2623900PE,0.2214231118728706
22-01-2026 10:50||NIFTY27JAN2624400PE,0.173165173171789
22-01-2026 10:50||NIFTY27JAN2624500PE,0.1635164016840746
22-01-2026 10:50||NIFTY27JAN2624600PE,0.1552755743314234
22-01-2026 10:50||NIFTY27JAN2624900PE,0.1363944275905264
22-01-2026 10:50||NIFTY27JAN2625000PE,0.1309356931842097
22-01-2026 10:50||NIFTY27JAN2625300CE,0.1102426699636584
22-01-2026 10:50||NIFTY27JAN2625700CE,0.118574785141666
22-01-2026 10:50||NIFTY27JAN2625900CE,0.1306788499362266
22-01-2026 10:50||NIFTY27JAN2626000CE,0.1372461446617516
22-01-2026 10:50||NIFTY27JAN2626300CE,0.1632081455868886
22-01-2026 10:55||NIFTY27JAN2624000PE,0.2146515199150211
22-01-2026 10:55||NIFTY27JAN2624200PE,0.1944854228968693
22-01-2026 10:55||NIFTY27JAN2624600PE,0.1570537523023789
22-01-2026 10:55||NIFTY27JAN2625900CE,0.1318880120514125
22-01-2026 11:00||NIFTY27JAN2624400PE,0.1741666967013002
22-01-2026 11:00||NIFTY27JAN2624800PE,0.1432417458920272
22-01-2026 11:00||NIFTY27JAN2626300CE,0.1644522418243651
22-01-2026 11:05||NIFTY27JAN2624500PE,0.1633691231275572
22-01-2026 11:05||NIFTY27JAN2624800PE,0.1414706601338275
22-01-2026 11:05||NIFTY27JAN2625500CE,0.1192262239874554
22-01-2026 11:05||NIFTY27JAN2625600CE,0.1216233121891191
22-01-2026 11:05||NIFTY27JAN2625900CE,0.136377520579682
22-01-2026 11:05||NIFTY27JAN2626200CE,0.1583897658415912
22-01-2026 11:10||NIFTY27JAN2623800PE,0.2174944407527288
22-01-2026 11:10||NIFTY27JAN2624300PE,0.1808232945347468
22-01-2026 11:10||NIFTY27JAN2624600PE,0.1545535239731111
22-01-2026 11:10||NIFTY27JAN2624700PE,0.1472479843868303
22-01-2026 11:10||NIFTY27JAN2625000PE,0.1313634595934062
22-01-2026 11:10||NIFTY27JAN2625100PE,0.1275260192955974
22-01-2026 11:10||NIFTY27JAN2625400CE,0.1181180423116475
22-01-2026 11:10||NIFTY27JAN2625800CE,0.131213175757512
22-01-2026 11:10||NIFTY27JAN2626100CE,0.1523173058283776
22-01-2026 11:15||NIFTY27JAN2623900PE,0.2171051581547834
22-01-2026 11:15||NIFTY27JAN2624300PE,0.1797605513803482
22-01-2026 11:15||NIFTY27JAN2625600CE,0.1217089272779373
22-01-2026 11:15||NIFTY27JAN2625800CE,0.131919678463992
22-01-2026 11:15||NIFTY27JAN2626100CE,0.1529642218266101
22-01-2026 11:15||NIFTY27JAN2626200CE,0.1606912246469707
22-01-2026 11:15||NIFTY27JAN2626400CE,0.1835316637193594
22-01-2026 11:15||NIFTY27JAN2626500CE,0.200443066279799
22-01-2026 11:20||NIFTY27JAN2623900PE,0.2148020911153353
22-01-2026 11:20||NIFTY27JAN2624700PE,0.145221502557129
22-01-2026 11:20||NIFTY27JAN2624800PE,0.1389558393937036
22-01-2026 11:20||NIFTY27JAN2625600CE,0.1216858790552308
22-01-2026 11:20||NIFTY27JAN2625900CE,0.1381328011319867
22-01-2026 11:25||NIFTY27JAN2623800PE,0.2138964724491076
22-01-2026 11:25||NIFTY27JAN2623900PE,0.2140879457034538
22-01-2026 11:25||NIFTY27JAN2624000PE,0.208998507624528
22-01-2026 11:25||NIFTY27JAN2624500PE,0.1603546906843937
22-01-2026 11:25||NIFTY27JAN2624600PE,0.1519118175445
22-01-2026 11:25||NIFTY27JAN2625800CE,0.1316956043542976
22-01-2026 11:25||NIFTY27JAN2625900CE,0.1372575885680847
22-01-2026 11:25||NIFTY27JAN2626500CE,0.1936533809015712
22-01-2026 11:30||NIFTY27JAN2624300PE,0.1810589911847937
22-01-2026 11:30||NIFTY27JAN2625800CE,0.1307333973734039
22-01-2026 11:30||NIFTY27JAN2626000CE,0.1419733571247713
22-01-2026 11:35||NIFTY27JAN2624200PE,0.1894135276414976
22-01-2026 11:35||NIFTY27JAN2625500CE,0.1186628074331573
22-01-2026 11:35||NIFTY27JAN2625900CE,0.1360393368675313
22-01-2026 11:40||NIFTY27JAN2624200PE,0.1886686802982898
22-01-2026 11:40||NIFTY27JAN2624700PE,0.1467528838196117
22-01-2026 11:40||NIFTY27JAN2625200CE,0.1199305641947811
22-01-2026 11:40||NIFTY27JAN2626300CE,0.1683804008720867
22-01-2026 11:45||NIFTY27JAN2623900PE,0.2171003795286788
22-01-2026 11:45||NIFTY27JAN2624400PE,0.1700421838246941
22-01-2026 11:45||NIFTY27JAN2625000PE,0.1298370145785214
22-01-2026 11:45||NIFTY27JAN2626500CE,0.1990882795690687
22-01-2026 11:50||NIFTY27JAN2624500PE,0.1610651745904177
22-01-2026 11:50||NIFTY27JAN2624800PE,0.1392988983682104
22-01-2026 11:50||NIFTY27JAN2625200CE,0.1231671014511048
22-01-2026 11:50||NIFTY27JAN2625700CE,0.1298925730659089
22-01-2026 11:50||NIFTY27JAN2626200CE,0.1640991658153985
22-01-2026 11:50||NIFTY27JAN2626300CE,0.1722837298966606
22-01-2026 11:55||NIFTY27JAN2624000PE,0.2083190088592233
22-01-2026 11:55||NIFTY27JAN2625000PE,0.1279443189195192
22-01-2026 12:00||NIFTY27JAN2623800PE,0.2158553311475225
22-01-2026 12:00||NIFTY27JAN2624300PE,0.1771750253043534
22-01-2026 12:00||NIFTY27JAN2625600CE,0.1290491182783212
22-01-2026 12:00||NIFTY27JAN2625700CE,0.1321706831680633
22-01-2026 12:00||NIFTY27JAN2626100CE,0.1577183899773728
22-01-2026 12:00||NIFTY27JAN2626400CE,0.1835546392801118
22-01-2026 12:05||NIFTY27JAN2624300PE,0.1769532351214609
22-01-2026 12:05||NIFTY27JAN2625600CE,0.1288548103428471
22-01-2026 12:05||NIFTY27JAN2625700CE,0.1317878058268458
22-01-2026 12:05||NIFTY27JAN2626000CE,0.1491350004144668
22-01-2026 12:05||NIFTY27JAN2626300CE,0.1723183650124237
22-01-2026 12:10||NIFTY27JAN2624000PE,0.2081896362086111
22-01-2026 12:10||NIFTY27JAN2624500PE,0.1594050883061287
22-01-2026 12:10||NIFTY27JAN2625500CE,0.1253551049366641
22-01-2026 12:10||NIFTY27JAN2625800CE,0.1347870714551109
22-01-2026 12:10||NIFTY27JAN2626100CE,0.1544240238729236
22-01-2026 12:15||NIFTY27JAN2623800PE,0.2200110042800264
22-01-2026 12:15||NIFTY27JAN2624000PE,0.2095010778358623
22-01-2026 12:15||NIFTY27JAN2624500PE,0.160832567502957
22-01-2026 12:15||NIFTY27JAN2626100CE,0.1524848660848927
22-01-2026 12:15||NIFTY27JAN2626400CE,0.1845696615133919
22-01-2026 12:15||NIFTY27JAN2626500CE,0.2028374372705184
22-01-2026 12:20||NIFTY27JAN2624800PE,0.1355069614730243
22-01-2026 12:20||NIFTY27JAN2624900PE,0.1298852345480176
22-01-2026 12:20||NIFTY27JAN2625900CE,0.1381002604159744
22-01-2026 12:20||NIFTY27JAN2626000CE,0.1445636365822237
22-01-2026 12:20||NIFTY27JAN2626500CE,0.2027703845982373
22-01-2026 12:25||NIFTY27JAN2623900PE,0.2181280246082621
22-01-2026 12:25||NIFTY27JAN2624200PE,0.190055845382695
22-01-2026 12:25||NIFTY27JAN2624700PE,0.1428574639069557
22-01-2026 12:25||NIFTY27JAN2624800PE,0.1349429569488233
22-01-2026 12:25||NIFTY27JAN2625300CE,0.121205541107364
22-01-2026 12:30||NIFTY27JAN2624200PE,0.1891753862981493
22-01-2026 12:30||NIFTY27JAN2624400PE,0.167052085278315
22-01-2026 12:30||NIFTY27JAN2624500PE,0.1583951627749485
22-01-2026 12:30||NIFTY27JAN2625100PE,0.1209088427907136
22-01-2026 12:30||NIFTY27JAN2625700CE,0.1268062011023861
22-01-2026 12:30||NIFTY27JAN2625800CE,0.1312199679657904
22-01-2026 12:30||NIFTY27JAN2625900CE,0.1361070026996814
22-01-2026 12:30||NIFTY27JAN2626400CE,0.1771488720631786
22-01-2026 12:35||NIFTY27JAN2623800PE,0.215547048152151
22-01-2026 12:35||NIFTY27JAN2624400PE,0.1676258601184532
22-01-2026 12:35||NIFTY27JAN2626100CE,0.1499065478926214
22-01-2026 12:35||NIFTY27JAN2626300CE,0.1662294185051126
22-01-2026 12:40||NIFTY27JAN2624100PE,0.1989382552504819
22-01-2026 12:40||NIFTY27JAN2626200CE,0.1611376555810573
22-01-2026 12:45||NIFTY27JAN2624700PE,0.1431178085655575
22-01-2026 12:45||NIFTY27JAN2624900PE,0.1297475311984044
22-01-2026 12:45||NIFTY27JAN2625200CE,0.114016139047717
22-01-2026 12:45||NIFTY27JAN2625700CE,0.1228715233790775
22-01-2026 12:45||NIFTY27JAN2625800CE,0.1286333550226626
22-01-2026 12:45||NIFTY27JAN2626000CE,0.1463885214027389
22-01-2026 12:45||NIFTY27JAN2626100CE,0.1559214355673442
22-01-2026 12:45||NIFTY27JAN2626200CE,0.163947080571596
22-01-2026 12:45||NIFTY27JAN2626300CE,0.170485409047651
22-01-2026 12:45||NIFTY27JAN2626400CE,0.178983527874466
22-01-2026 12:50||NIFTY27JAN2624200PE,0.1852704391489079
22-01-2026 12:50||NIFTY27JAN2624300PE,0.1755171019874166
22-01-2026 12:50||NIFTY27JAN2624900PE,0.1297418486341411
22-01-2026 12:50||NIFTY27JAN2625900CE,0.1360481657885375
22-01-2026 12:50||NIFTY27JAN2626200CE,0.1632977408642676
22-01-2026 12:50||NIFTY27JAN2626300CE,0.170728987106456
22-01-2026 12:55||NIFTY27JAN2624400PE,0.1647081998024065
22-01-2026 12:55||NIFTY27JAN2625100PE,0.1213516493614097
22-01-2026 12:55||NIFTY27JAN2626100CE,0.1529922684903238
22-01-2026 12:55||NIFTY27JAN2626400CE,0.1806555905264546
22-01-2026 13:00||NIFTY27JAN2624000PE,0.203505905770608
22-01-2026 13:00||NIFTY27JAN2624400PE,0.163152377026596
22-01-2026 13:00||NIFTY27JAN2624900PE,0.127140408256367
22-01-2026 13:00||NIFTY27JAN2625700CE,0.1258466273220904
22-01-2026 13:05||NIFTY27JAN2623800PE,0.2149618793961266
22-01-2026 13:05||NIFTY27JAN2624100PE,0.1923487847007224
22-01-2026 13:05||NIFTY27JAN2624400PE,0.1629202123771982
22-01-2026 13:05||NIFTY27JAN2625000PE,0.1223529552316486
22-01-2026 13:05||NIFTY27JAN2625300CE,0.1166870935219302
22-01-2026 13:05||NIFTY27JAN2625400CE,0.1170828942256585
22-01-2026 13:05||NIFTY27JAN2625700CE,0.1256942807242212
22-01-2026 13:10||NIFTY27JAN2624200PE,0.1812245078641026
22-01-2026 13:10||NIFTY27JAN2625300CE,0.1161671709116168
22-01-2026 13:10||NIFTY27JAN2625500CE,0.118987039313874
22-01-2026 13:10||NIFTY27JAN2626000CE,0.1463190052661423
22-01-2026 13:10||NIFTY27JAN2626500CE,0.2006632008767888
22-01-2026 13:15||NIFTY27JAN2624200PE,0.1808450733575693
22-01-2026 13:15||NIFTY27JAN2624600PE,0.143981288048146
22-01-2026 13:15||NIFTY27JAN2624700PE,0.1365226213273359
22-01-2026 13:15||NIFTY27JAN2625200CE,0.1109674994306595
22-01-2026 13:15||NIFTY27JAN2625600CE,0.1222923337940724
22-01-2026 13:20||NIFTY27JAN2623900PE,0.2106718843128229
22-01-2026 13:20||NIFTY27JAN2624700PE,0.1367523181224112
22-01-2026 13:20||NIFTY27JAN2624900PE,0.1219751985992431
22-01-2026 13:20||NIFTY27JAN2625200CE,0.1118792757855252
22-01-2026 13:20||NIFTY27JAN2625500CE,0.1197768772666076
22-01-2026 13:20||NIFTY27JAN2626100CE,0.1561314419119454
22-01-2026 13:25||NIFTY27JAN2624900PE,0.121513445379616
22-01-2026 13:25||NIFTY27JAN2625100PE,0.1196585889104752
22-01-2026 13:25||NIFTY27JAN2625800CE,0.1325161756746758
22-01-2026 13:25||NIFTY27JAN2626100CE,0.1569128674651492
22-01-2026 13:25||NIFTY27JAN2626300CE,0.1738775847670346
22-01-2026 13:30||NIFTY27JAN2623800PE,0.2104344007493337
22-01-2026 13:30||NIFTY27JAN2624000PE,0.2005136463110511
22-01-2026 13:30||NIFTY27JAN2624100PE,0.1907957152399897
22-01-2026 13:30||NIFTY27JAN2624600PE,0.1429510409192347
22-01-2026 13:30||NIFTY27JAN2625100PE,0.1208416504626767
22-01-2026 13:30||NIFTY27JAN2625800CE,0.1331748066076592
22-01-2026 13:30||NIFTY27JAN2625900CE,0.1401465807156661
22-01-2026 13:35||NIFTY27JAN2623800PE,0.2092602903989514
22-01-2026 13:35||NIFTY27JAN2623900PE,0.2074634182648387
22-01-2026 13:35||NIFTY27JAN2624400PE,0.1594402543735581
22-01-2026 13:35||NIFTY27JAN2624600PE,0.1426486673782551
22-01-2026 13:35||NIFTY27JAN2624700PE,0.1352787069025906
22-01-2026 13:35||NIFTY27JAN2625300CE,0.1216720605616084
22-01-2026 13:35||NIFTY27JAN2625500CE,0.1209924017118189
22-01-2026 13:35||NIFTY27JAN2625700CE,0.1270187089692695
22-01-2026 13:35||NIFTY27JAN2626000CE,0.1487058139453531
22-01-2026 13:35||NIFTY27JAN2626100CE,0.1564839842702267
22-01-2026 13:35||NIFTY27JAN2626400CE,0.1822970212558997
22-01-2026 13:40||NIFTY27JAN2624000PE,0.2006485790064038
22-01-2026 13:40||NIFTY27JAN2624200PE,0.1781597646924318
22-01-2026 13:40||NIFTY27JAN2624300PE,0.1671692359645723
22-01-2026 13:40||NIFTY27JAN2624400PE,0.1578866783651367
22-01-2026 13:40||NIFTY27JAN2624900PE,0.1231836832401727
22-01-2026 13:40||NIFTY27JAN2625100PE,0.1149622839994743
22-01-2026 13:40||NIFTY27JAN2625300CE,0.1214548385404857
22-01-2026 13:40||NIFTY27JAN2625400CE,0.1203201965038832
22-01-2026 13:40||NIFTY27JAN2625600CE,0.1228027305000978
22-01-2026 13:40||NIFTY27JAN2626000CE,0.1485278759941378
22-01-2026 13:40||NIFTY27JAN2626300CE,0.1715686682224673
22-01-2026 13:45||NIFTY27JAN2624400PE,0.157937362477031
22-01-2026 13:45||NIFTY27JAN2625200CE,0.126464981689418
22-01-2026 13:45||NIFTY27JAN2625800CE,0.1335598064583939
22-01-2026 13:45||NIFTY27JAN2626100CE,0.1558096901352669
22-01-2026 13:45||NIFTY27JAN2626300CE,0.1718052657595626
22-01-2026 13:50||NIFTY27JAN2623800PE,0.2118695754288665
22-01-2026 13:50||NIFTY27JAN2625200CE,0.1245957046249689
22-01-2026 13:50||NIFTY27JAN2626300CE,0.1707833772783987
22-01-2026 13:55||NIFTY27JAN2624500PE,0.1500506787118889
22-01-2026 13:55||NIFTY27JAN2624600PE,0.1410683938245013
22-01-2026 13:55||NIFTY27JAN2624800PE,0.1264670861343092
22-01-2026 13:55||NIFTY27JAN2625400CE,0.1173538709103197
22-01-2026 13:55||NIFTY27JAN2625500CE,0.118312848670767
22-01-2026 13:55||NIFTY27JAN2625900CE,0.1367147550858548
22-01-2026 13:55||NIFTY27JAN2626000CE,0.1441962083247153
22-01-2026 13:55||NIFTY27JAN2626400CE,0.1806761814284785
22-01-2026 14:00||NIFTY27JAN2623800PE,0.2111080234305703
22-01-2026 14:00||NIFTY27JAN2623900PE,0.2096489335181728
22-01-2026 14:00||NIFTY27JAN2624300PE,0.1700945911452694
22-01-2026 14:00||NIFTY27JAN2625000PE,0.1171065140321564
22-01-2026 14:00||NIFTY27JAN2625300CE,0.1115601053577026
22-01-2026 14:00||NIFTY27JAN2625500CE,0.1144113853548577
22-01-2026 14:00||NIFTY27JAN2625600CE,0.1168317562975313
22-01-2026 14:00||NIFTY27JAN2626500CE,0.195143063647452
22-01-2026 14:05||NIFTY27JAN2623800PE,0.2103355109800583
22-01-2026 14:05||NIFTY27JAN2624000PE,0.2006140534882173
22-01-2026 14:05||NIFTY27JAN2624200PE,0.1781793638576652
22-01-2026 14:05||NIFTY27JAN2624300PE,0.168651726690701
22-01-2026 14:05||NIFTY27JAN2625200CE,0.1075112739282988
22-01-2026 14:05||NIFTY27JAN2626200CE,0.1599118396743744
22-01-2026 14:05||NIFTY27JAN2626400CE,0.1808175671333998
22-01-2026 14:10||NIFTY27JAN2623900PE,0.2068585169995158
22-01-2026 14:10||NIFTY27JAN2624200PE,0.1773692714219354
22-01-2026 14:10||NIFTY27JAN2625100PE,0.1167351618897037
22-01-2026 14:10||NIFTY27JAN2625900CE,0.1357123947740264
22-01-2026 14:15||NIFTY27JAN2623800PE,0.206688327936783
22-01-2026 14:15||NIFTY27JAN2624600PE,0.1392535738176471
22-01-2026 14:15||NIFTY27JAN2625000PE,0.1167370699532808
22-01-2026 14:15||NIFTY27JAN2625100PE,0.1136507693777306
22-01-2026 14:15||NIFTY27JAN2626500CE,0.196361424410522
22-01-2026 14:20||NIFTY27JAN2623800PE,0.2050284961357024
22-01-2026 14:20||NIFTY27JAN2623900PE,0.2007837246124765
22-01-2026 14:20||NIFTY27JAN2624000PE,0.1933914167457807
22-01-2026 14:20||NIFTY27JAN2624100PE,0.1838892510330619
22-01-2026 14:20||NIFTY27JAN2624400PE,0.1540112368405606
22-01-2026 14:20||NIFTY27JAN2624900PE,0.1149521383853162
22-01-2026 14:20||NIFTY27JAN2625400CE,0.1186784935753502
22-01-2026 14:20||NIFTY27JAN2625700CE,0.1277096574369788
22-01-2026 14:20||NIFTY27JAN2625800CE,0.1337056980792997
22-01-2026 14:20||NIFTY27JAN2625900CE,0.1398815298451348
22-01-2026 14:20||NIFTY27JAN2626100CE,0.156274807304064
22-01-2026 14:20||NIFTY27JAN2626200CE,0.1647497880542347
22-01-2026 14:25||NIFTY27JAN2624200PE,0.1740164277676728
22-01-2026 14:25||NIFTY27JAN2624300PE,0.1634473966198844
22-01-2026 14:25||NIFTY27JAN2624600PE,0.1342410732314304
22-01-2026 14:25||NIFTY27JAN2624700PE,0.1257977100834185
22-01-2026 14:25||NIFTY27JAN2626500CE,0.197707421101604
22-01-2026 14:30||NIFTY27JAN2623800PE,0.2127345700632417
22-01-2026 14:30||NIFTY27JAN2624300PE,0.1667012678717391
22-01-2026 14:30||NIFTY27JAN2625600CE,0.1215498427820776
22-01-2026 14:30||NIFTY27JAN2625700CE,0.1238682428113304
22-01-2026 14:30||NIFTY27JAN2625900CE,0.1341157988545618
22-01-2026 14:30||NIFTY27JAN2626500CE,0.1958805327066866
22-01-2026 14:35||NIFTY27JAN2624000PE,0.2042492754975118
22-01-2026 14:35||NIFTY27JAN2624800PE,0.1227427726850545
22-01-2026 14:35||NIFTY27JAN2625500CE,0.1178320707912109
22-01-2026 14:40||NIFTY27JAN2623800PE,0.213442189883631
22-01-2026 14:40||NIFTY27JAN2625200CE,0.126791091956985
22-01-2026 14:40||NIFTY27JAN2625400CE,0.1160548480754223
22-01-2026 14:40||NIFTY27JAN2626100CE,0.1421286739718507
22-01-2026 14:40||NIFTY27JAN2626500CE,0.1901361035461012
22-01-2026 14:45||NIFTY27JAN2624000PE,0.2052282179835884
22-01-2026 14:45||NIFTY27JAN2626100CE,0.1400789692390956
22-01-2026 14:50||NIFTY27JAN2624400PE,0.1568594831374611
22-01-2026 14:50||NIFTY27JAN2624500PE,0.1471477743672732
22-01-2026 14:50||NIFTY27JAN2625400CE,0.1130776853831518
22-01-2026 14:50||NIFTY27JAN2625500CE,0.1117376469268118
22-01-2026 14:50||NIFTY27JAN2625600CE,0.1114444535047533
22-01-2026 14:50||NIFTY27JAN2626200CE,0.1465186345266604
22-01-2026 14:55||NIFTY27JAN2624300PE,0.1666373897702895
22-01-2026 14:55||NIFTY27JAN2625000PE,0.110169448041083
22-01-2026 14:55||NIFTY27JAN2626100CE,0.1373496328073074
22-01-2026 14:55||NIFTY27JAN2626500CE,0.1883504674317202
22-01-2026 15:00||NIFTY27JAN2624300PE,0.1657007863707947
22-01-2026 15:00||NIFTY27JAN2624600PE,0.1360888953338893
22-01-2026 15:00||NIFTY27JAN2624900PE,0.1140137967625485
22-01-2026 15:00||NIFTY27JAN2625600CE,0.1106406116930231
22-01-2026 15:00||NIFTY27JAN2626400CE,0.1670737874480771
22-01-2026 15:05||NIFTY27JAN2625300CE,0.1176105817386143
22-01-2026 15:05||NIFTY27JAN2625400CE,0.1122278042473412
22-01-2026 15:05||NIFTY27JAN2625600CE,0.1114326884142338
22-01-2026 15:10||NIFTY27JAN2623800PE,0.2051866070758396
22-01-2026 15:10||NIFTY27JAN2624000PE,0.2006793675043101
22-01-2026 15:10||NIFTY27JAN2624200PE,0.1772128799529702
22-01-2026 15:10||NIFTY27JAN2625100PE,0.0980072428433472
22-01-2026 15:10||NIFTY27JAN2625600CE,0.1110215695355345
22-01-2026 15:10||NIFTY27JAN2626100CE,0.1348208207840835
22-01-2026 15:15||NIFTY27JAN2623800PE,0.2052215493997912
22-01-2026 15:15||NIFTY27JAN2624200PE,0.1776616045887691
22-01-2026 15:15||NIFTY27JAN2624600PE,0.1353823243674033
22-01-2026 15:15||NIFTY27JAN2625400CE,0.1163346932508251
22-01-2026 15:15||NIFTY27JAN2625800CE,0.1141532509454608
22-01-2026 15:15||NIFTY27JAN2625900CE,0.1187817558496668
22-01-2026 15:15||NIFTY27JAN2626200CE,0.1412854129978706
22-01-2026 15:15||NIFTY27JAN2626300CE,0.1497162456749299
22-01-2026 15:20||NIFTY27JAN2624800PE,0.1168780825597906
22-01-2026 15:20||NIFTY27JAN2625200CE,0.1243500613031627
22-01-2026 15:20||NIFTY27JAN2626400CE,0.1630589768496
22-01-2026 15:25||NIFTY27JAN2623800PE,0.2149844182420054
22-01-2026 15:25||NIFTY27JAN2624300PE,0.169561000012931
22-01-2026 15:25||NIFTY27JAN2624700PE,0.1301146997898839
22-01-2026 15:25||NIFTY27JAN2625100PE,0.1076377581174611
22-01-2026 15:25||NIFTY27JAN2625200CE,0.119667684738552
22-01-2026 15:25||NIFTY27JAN2625300CE,0.1181422017947833
22-01-2026 15:25||NIFTY27JAN2625600CE,0.1116563370472633
22-01-2026 15:25||NIFTY27JAN2625900CE,0.123111109967914
22-01-2026 15:25||NIFTY27JAN2626000CE,0.1308206676773571
22-01-2026 15:25||NIFTY27JAN2626400CE,0.1693388490620582
23-01-2026 09:15||NIFTY27JAN2624100PE,0.1980662006318354
23-01-2026 09:15||NIFTY27JAN2624200PE,0.1850203608276214
23-01-2026 09:15||NIFTY27JAN2624300PE,0.1750962098828216
23-01-2026 09:15||NIFTY27JAN2625500CE,0.1159524524815718
23-01-2026 09:15||NIFTY27JAN2626000CE,0.1371831967845026
23-01-2026 09:15||NIFTY27JAN2626100CE,0.1447998531446306
23-01-2026 09:15||NIFTY27JAN2626200CE,0.1518687784032272
23-01-2026 09:15||NIFTY27JAN2626300CE,0.1616897997712606
23-01-2026 09:15||NIFTY27JAN2626500CE,0.198371781320143
23-01-2026 09:20||NIFTY27JAN2623900PE,0.2292860817814984
23-01-2026 09:20||NIFTY27JAN2624400PE,0.1716051806443084
23-01-2026 09:20||NIFTY27JAN2625500CE,0.1177933732048823
23-01-2026 09:20||NIFTY27JAN2626200CE,0.1537127503173373
23-01-2026 09:20||NIFTY27JAN2626400CE,0.1781553717316605
23-01-2026 09:25||NIFTY27JAN2623800PE,0.2278202001850751
23-01-2026 09:25||NIFTY27JAN2625100PE,0.1122463829773014
23-01-2026 09:25||NIFTY27JAN2626100CE,0.1412270080476295
23-01-2026 09:25||NIFTY27JAN2626200CE,0.1509880449622669
23-01-2026 09:25||NIFTY27JAN2626400CE,0.1748819081516971
23-01-2026 09:30||NIFTY27JAN2623900PE,0.2314431409611894
23-01-2026 09:30||NIFTY27JAN2624000PE,0.2258306973069146
23-01-2026 09:30||NIFTY27JAN2624400PE,0.1733437339556274
23-01-2026 09:30||NIFTY27JAN2624500PE,0.1604836165134495
23-01-2026 09:30||NIFTY27JAN2624600PE,0.1505707465926793
23-01-2026 09:30||NIFTY27JAN2624700PE,0.1422998746409264
23-01-2026 09:30||NIFTY27JAN2625200CE,0.1212957909602093
23-01-2026 09:30||NIFTY27JAN2626300CE,0.1597100435740974
23-01-2026 09:35||NIFTY27JAN2623900PE,0.2315000381773997
23-01-2026 09:35||NIFTY27JAN2624000PE,0.2253168190188815
23-01-2026 09:35||NIFTY27JAN2624400PE,0.1746435695954599
23-01-2026 09:35||NIFTY27JAN2625500CE,0.1077876872039067
23-01-2026 09:35||NIFTY27JAN2626100CE,0.1393042313770204
23-01-2026 09:40||NIFTY27JAN2625400CE,0.1128146426077375
23-01-2026 09:40||NIFTY27JAN2625500CE,0.1100447003410678
23-01-2026 09:40||NIFTY27JAN2626000CE,0.1307679620568344
23-01-2026 09:45||NIFTY27JAN2623900PE,0.2312842340489299
23-01-2026 09:45||NIFTY27JAN2624100PE,0.2113992488575488
23-01-2026 09:45||NIFTY27JAN2624300PE,0.1861773893229442
23-01-2026 09:45||NIFTY27JAN2624800PE,0.1320644687154819
23-01-2026 09:45||NIFTY27JAN2624900PE,0.1249999256650905
23-01-2026 09:45||NIFTY27JAN2626100CE,0.1412816287612482
23-01-2026 09:45||NIFTY27JAN2626400CE,0.1766532765796058
23-01-2026 09:50||NIFTY27JAN2623900PE,0.2304789642460212
23-01-2026 09:50||NIFTY27JAN2624200PE,0.1971824244425308
23-01-2026 09:50||NIFTY27JAN2624400PE,0.1730770779291484
23-01-2026 09:50||NIFTY27JAN2624700PE,0.1397266065001038
23-01-2026 09:50||NIFTY27JAN2625200CE,0.1255481277390475
23-01-2026 09:50||NIFTY27JAN2625300CE,0.1171624152246748
23-01-2026 09:50||NIFTY27JAN2625700CE,0.1105896020975603
23-01-2026 09:50||NIFTY27JAN2625800CE,0.1149369820521649
23-01-2026 09:55||NIFTY27JAN2623800PE,0.2278973770989653
23-01-2026 09:55||NIFTY27JAN2624200PE,0.1975044171855084
23-01-2026 09:55||NIFTY27JAN2624800PE,0.1309950766442448
23-01-2026 09:55||NIFTY27JAN2625000PE,0.1178108598021968
23-01-2026 09:55||NIFTY27JAN2625200CE,0.1213873608411205
23-01-2026 09:55||NIFTY27JAN2625700CE,0.1087300989459048
23-01-2026 09:55||NIFTY27JAN2626300CE,0.1620970676761511
23-01-2026 10:00||NIFTY27JAN2624700PE,0.139309893826562
23-01-2026 10:00||NIFTY27JAN2625900CE,0.1223327703468279
23-01-2026 10:00||NIFTY27JAN2626000CE,0.1324255782649429
23-01-2026 10:00||NIFTY27JAN2626100CE,0.1419808881200699
23-01-2026 10:00||NIFTY27JAN2626300CE,0.1623025092435128
23-01-2026 10:05||NIFTY27JAN2623800PE,0.2273299523975767
23-01-2026 10:05||NIFTY27JAN2624100PE,0.2104917522208451
23-01-2026 10:05||NIFTY27JAN2624600PE,0.1496037670932323
23-01-2026 10:05||NIFTY27JAN2624800PE,0.130631994503377
23-01-2026 10:05||NIFTY27JAN2626200CE,0.1519413008746484
23-01-2026 10:10||NIFTY27JAN2623800PE,0.2274445019417809
23-01-2026 10:10||NIFTY27JAN2624000PE,0.22231787225466
23-01-2026 10:10||NIFTY27JAN2624400PE,0.1730603226799685
23-01-2026 10:10||NIFTY27JAN2624600PE,0.1491918226072061
23-01-2026 10:10||NIFTY27JAN2624800PE,0.1305732596780625
23-01-2026 10:10||NIFTY27JAN2625300CE,0.1024017056561052
23-01-2026 10:15||NIFTY27JAN2624700PE,0.13829410606839
23-01-2026 10:15||NIFTY27JAN2625700CE,0.1067270740391361
23-01-2026 10:15||NIFTY27JAN2625900CE,0.1225619175496136
23-01-2026 10:15||NIFTY27JAN2626000CE,0.132720886102952
23-01-2026 10:15||NIFTY27JAN2626400CE,0.1801817089153086
23-01-2026 10:20||NIFTY27JAN2625700CE,0.1086711831291002
23-01-2026 10:20||NIFTY27JAN2625800CE,0.1146384565555506
23-01-2026 10:20||NIFTY27JAN2626100CE,0.143953139070242
23-01-2026 10:20||NIFTY27JAN2626500CE,0.203943515313758
23-01-2026 10:25||NIFTY27JAN2623800PE,0.2287184221223016
23-01-2026 10:25||NIFTY27JAN2624400PE,0.1697003297906563
23-01-2026 10:25||NIFTY27JAN2624600PE,0.1452188159915169
23-01-2026 10:25||NIFTY27JAN2625100PE,0.1058451462052546
23-01-2026 10:25||NIFTY27JAN2625400CE,0.1079720453956144
23-01-2026 10:25||NIFTY27JAN2626000CE,0.131421210325832
23-01-2026 10:30||NIFTY27JAN2624100PE,0.2077524215927408
23-01-2026 10:30||NIFTY27JAN2624400PE,0.1716009898988909
23-01-2026 10:30||NIFTY27JAN2624600PE,0.1469381779139178
23-01-2026 10:30||NIFTY27JAN2625100PE,0.1068701415775841
23-01-2026 10:35||NIFTY27JAN2624000PE,0.2204661855865498
23-01-2026 10:35||NIFTY27JAN2624100PE,0.2075090731933448
23-01-2026 10:35||NIFTY27JAN2624200PE,0.1972434149541001
23-01-2026 10:35||NIFTY27JAN2624500PE,0.1607961918702735
23-01-2026 10:35||NIFTY27JAN2624900PE,0.12154588894117
23-01-2026 10:35||NIFTY27JAN2625100PE,0.1086342813354821
23-01-2026 10:35||NIFTY27JAN2625600CE,0.1002180455322287
23-01-2026 10:40||NIFTY27JAN2624000PE,0.2219051190951936
23-01-2026 10:40||NIFTY27JAN2624600PE,0.1501889324366202
23-01-2026 10:40||NIFTY27JAN2624800PE,0.1304684333877692
23-01-2026 10:40||NIFTY27JAN2625300CE,0.1020320601765092
23-01-2026 10:40||NIFTY27JAN2625800CE,0.1072251101433394
23-01-2026 10:45||NIFTY27JAN2624100PE,0.2109760321694488
23-01-2026 10:45||NIFTY27JAN2625100PE,0.109213979782746
23-01-2026 10:45||NIFTY27JAN2625900CE,0.1161688956480738
23-01-2026 10:45||NIFTY27JAN2626200CE,0.1519442447223545
23-01-2026 10:45||NIFTY27JAN2626500CE,0.2033417379876766
23-01-2026 10:50||NIFTY27JAN2623900PE,0.2312473675742989
23-01-2026 10:50||NIFTY27JAN2625400CE,0.0988298406793858
23-01-2026 10:50||NIFTY27JAN2625700CE,0.1015365004642999
23-01-2026 10:50||NIFTY27JAN2626200CE,0.1544420716116736
23-01-2026 10:50||NIFTY27JAN2626300CE,0.1657104190481527
23-01-2026 10:50||NIFTY27JAN2626400CE,0.1793170310467268
23-01-2026 10:55||NIFTY27JAN2623800PE,0.2282890646181584
23-01-2026 10:55||NIFTY27JAN2624600PE,0.147586139065081
23-01-2026 10:55||NIFTY27JAN2624900PE,0.1191912665093511
23-01-2026 10:55||NIFTY27JAN2626200CE,0.1541604411958726
23-01-2026 11:00||NIFTY27JAN2625100PE,0.1052319157204591
23-01-2026 11:00||NIFTY27JAN2625400CE,0.0997518682423315
23-01-2026 11:00||NIFTY27JAN2625800CE,0.1091218553979948
23-01-2026 11:00||NIFTY27JAN2626100CE,0.1415458723796627
23-01-2026 11:05||NIFTY27JAN2624200PE,0.1958824594321749
23-01-2026 11:05||NIFTY27JAN2625600CE,0.0995460617461289
23-01-2026 11:05||NIFTY27JAN2625700CE,0.1029568734541284
23-01-2026 11:05||NIFTY27JAN2626200CE,0.1533069154962894
23-01-2026 11:05||NIFTY27JAN2626500CE,0.2038811112663897
23-01-2026 11:10||NIFTY27JAN2624000PE,0.2190458519113701
23-01-2026 11:10||NIFTY27JAN2624100PE,0.2061219786048726
23-01-2026 11:10||NIFTY27JAN2625300CE,0.1020655415504664
23-01-2026 11:10||NIFTY27JAN2626300CE,0.1653346240567886
23-01-2026 11:15||NIFTY27JAN2624200PE,0.1939519623295695
23-01-2026 11:15||NIFTY27JAN2624800PE,0.1236454348354364
23-01-2026 11:15||NIFTY27JAN2624900PE,0.1157235243640759
23-01-2026 11:15||NIFTY27JAN2625300CE,0.1008281783810485
23-01-2026 11:15||NIFTY27JAN2625400CE,0.098580180626716
23-01-2026 11:15||NIFTY27JAN2625500CE,0.0972544170606602
23-01-2026 11:15||NIFTY27JAN2625700CE,0.1021356782357624
23-01-2026 11:15||NIFTY27JAN2626300CE,0.165385149245989
23-01-2026 11:20||NIFTY27JAN2624100PE,0.2065327517934191
23-01-2026 11:20||NIFTY27JAN2624400PE,0.1693230374465167
23-01-2026 11:20||NIFTY27JAN2624800PE,0.1228681395667433
23-01-2026 11:20||NIFTY27JAN2625100PE,0.1041211892158204
23-01-2026 11:20||NIFTY27JAN2626000CE,0.1300373326071303
23-01-2026 11:20||NIFTY27JAN2626300CE,0.1656774237950078
23-01-2026 11:25||NIFTY27JAN2623800PE,0.2247691795308494
23-01-2026 11:25||NIFTY27JAN2623900PE,0.2269066055772532
23-01-2026 11:25||NIFTY27JAN2624900PE,0.1152706212366698
23-01-2026 11:25||NIFTY27JAN2625200CE,0.1016201757637147
23-01-2026 11:25||NIFTY27JAN2625800CE,0.1099905896698316
23-01-2026 11:25||NIFTY27JAN2626400CE,0.1793559325423158
23-01-2026 11:30||NIFTY27JAN2624700PE,0.135090332433227
23-01-2026 11:30||NIFTY27JAN2624900PE,0.1175985123407249
23-01-2026 11:30||NIFTY27JAN2625000PE,0.1111427136238474
23-01-2026 11:30||NIFTY27JAN2625500CE,0.0941928387484534
23-01-2026 11:30||NIFTY27JAN2625800CE,0.1101320398382747
23-01-2026 11:30||NIFTY27JAN2626000CE,0.1319987982362823
23-01-2026 11:30||NIFTY27JAN2626200CE,0.1546610116065037
23-01-2026 11:30||NIFTY27JAN2626400CE,0.1801602693874572
23-01-2026 11:35||NIFTY27JAN2624900PE,0.1193795040794309
23-01-2026 11:35||NIFTY27JAN2625400CE,0.0936919977447408
23-01-2026 11:35||NIFTY27JAN2626000CE,0.1352603503229884
23-01-2026 11:40||NIFTY27JAN2623900PE,0.2231695454056
23-01-2026 11:40||NIFTY27JAN2624300PE,0.1761644187379463
23-01-2026 11:40||NIFTY27JAN2624900PE,0.1197720647364964
23-01-2026 11:40||NIFTY27JAN2625500CE,0.0979346216919603
23-01-2026 11:40||NIFTY27JAN2626300CE,0.1739460154448198
23-01-2026 11:40||NIFTY27JAN2626500CE,0.2072140948530156
23-01-2026 11:45||NIFTY27JAN2625300CE,0.1007587215928497
23-01-2026 11:45||NIFTY27JAN2626100CE,0.1546705001286935
23-01-2026 11:45||NIFTY27JAN2626400CE,0.1903242569817072
23-01-2026 11:50||NIFTY27JAN2624100PE,0.1960550680199934
23-01-2026 11:50||NIFTY27JAN2624500PE,0.1488918784197346
23-01-2026 11:50||NIFTY27JAN2625400CE,0.1031334940391435
23-01-2026 11:50||NIFTY27JAN2625500CE,0.1041466900843053
23-01-2026 11:50||NIFTY27JAN2625700CE,0.1142448811346246
23-01-2026 11:55||NIFTY27JAN2624800PE,0.1191047447343937
23-01-2026 11:55||NIFTY27JAN2625100PE,0.101362648592798
23-01-2026 11:55||NIFTY27JAN2625700CE,0.1150261168283459
23-01-2026 11:55||NIFTY27JAN2626200CE,0.1661623514635414
23-01-2026 11:55||NIFTY27JAN2626500CE,0.2086305160581155
23-01-2026 12:00||NIFTY27JAN2624000PE,0.209020530345901
23-01-2026 12:00||NIFTY27JAN2624300PE,0.1713045104233926
23-01-2026 12:00||NIFTY27JAN2624800PE,0.1194022468212199
23-01-2026 12:00||NIFTY27JAN2625200CE,0.1027392347437702
23-01-2026 12:00||NIFTY27JAN2625800CE,0.1235232105002241
23-01-2026 12:00||NIFTY27JAN2625900CE,0.1333630155645216
23-01-2026 12:00||NIFTY27JAN2626400CE,0.1910049482906033
23-01-2026 12:05||NIFTY27JAN2624600PE,0.1366822073896514
23-01-2026 12:05||NIFTY27JAN2625300CE,0.1022309939880941
23-01-2026 12:05||NIFTY27JAN2625400CE,0.1024399472566872
23-01-2026 12:05||NIFTY27JAN2626400CE,0.1916380769764798
23-01-2026 12:10||NIFTY27JAN2623900PE,0.2157740890030032
23-01-2026 12:10||NIFTY27JAN2624000PE,0.2058991926333304
23-01-2026 12:10||NIFTY27JAN2625000PE,0.1056525315233122
23-01-2026 12:10||NIFTY27JAN2625700CE,0.1148641381215658
23-01-2026 12:10||NIFTY27JAN2626200CE,0.168268012651347
23-01-2026 12:10||NIFTY27JAN2626500CE,0.2087940641455856
23-01-2026 12:15||NIFTY27JAN2625500CE,0.1060833422150162
23-01-2026 12:15||NIFTY27JAN2626100CE,0.1573245655070083
23-01-2026 12:15||NIFTY27JAN2626300CE,0.1785944638837901
23-01-2026 12:20||NIFTY27JAN2624200PE,0.1823807783558603
23-01-2026 12:20||NIFTY27JAN2625200CE,0.1117037123721846
23-01-2026 12:20||NIFTY27JAN2625300CE,0.1082552848780716
23-01-2026 12:20||NIFTY27JAN2625400CE,0.1057486465246389
23-01-2026 12:20||NIFTY27JAN2625800CE,0.122238186879079
23-01-2026 12:20||NIFTY27JAN2626100CE,0.1561511763145028
23-01-2026 12:25||NIFTY27JAN2624300PE,0.1691281288764715
23-01-2026 12:25||NIFTY27JAN2624500PE,0.1440226557993787
23-01-2026 12:25||NIFTY27JAN2624600PE,0.1333690200911768
23-01-2026 12:25||NIFTY27JAN2624900PE,0.1089214971433811
23-01-2026 12:25||NIFTY27JAN2625400CE,0.1046152958671551
23-01-2026 12:25||NIFTY27JAN2625600CE,0.1072574791204568
23-01-2026 12:25||NIFTY27JAN2626400CE,0.1892313848951781
23-01-2026 12:30||NIFTY27JAN2623800PE,0.221153430584796
23-01-2026 12:30||NIFTY27JAN2624100PE,0.1926628867478826
23-01-2026 12:30||NIFTY27JAN2624200PE,0.1801910734682394
23-01-2026 12:30||NIFTY27JAN2624500PE,0.1430375179999453
23-01-2026 12:30||NIFTY27JAN2625900CE,0.1330346367794702
23-01-2026 12:30||NIFTY27JAN2626100CE,0.1573627855812849
23-01-2026 12:30||NIFTY27JAN2626200CE,0.16780242569783
23-01-2026 12:35||NIFTY27JAN2624100PE,0.1933041714788643
23-01-2026 12:35||NIFTY27JAN2624400PE,0.1554410259854803
23-01-2026 12:35||NIFTY27JAN2625100PE,0.0926228247997562
23-01-2026 12:35||NIFTY27JAN2625300CE,0.1067417244208225
23-01-2026 12:35||NIFTY27JAN2626100CE,0.1561071284778464
23-01-2026 12:40||NIFTY27JAN2624500PE,0.1426058745322471
23-01-2026 12:40||NIFTY27JAN2624600PE,0.1311746521212831
23-01-2026 12:40||NIFTY27JAN2624900PE,0.1064098065885782
23-01-2026 12:40||NIFTY27JAN2625300CE,0.1042937380884985
23-01-2026 12:45||NIFTY27JAN2623800PE,0.2177560726847224
23-01-2026 12:45||NIFTY27JAN2623900PE,0.2162571427802694
23-01-2026 12:45||NIFTY27JAN2624600PE,0.1321628832792074
23-01-2026 12:45||NIFTY27JAN2625900CE,0.1292950876481134
23-01-2026 12:50||NIFTY27JAN2623800PE,0.2189578027251
23-01-2026 12:50||NIFTY27JAN2624400PE,0.1581215073699707
23-01-2026 12:50||NIFTY27JAN2624800PE,0.1148788333070091
23-01-2026 12:50||NIFTY27JAN2625300CE,0.1006341974498567
23-01-2026 12:50||NIFTY27JAN2625600CE,0.1046505891220596
23-01-2026 12:50||NIFTY27JAN2625700CE,0.1104487867490055
23-01-2026 12:50||NIFTY27JAN2626000CE,0.1401906675475551
23-01-2026 12:50||NIFTY27JAN2626400CE,0.1868878769026954
23-01-2026 12:55||NIFTY27JAN2624200PE,0.1833154888271335
23-01-2026 12:55||NIFTY27JAN2625400CE,0.0998255448834568
23-01-2026 12:55||NIFTY27JAN2625600CE,0.1053457322834141
23-01-2026 12:55||NIFTY27JAN2625800CE,0.1207615756583746
23-01-2026 12:55||NIFTY27JAN2626400CE,0.1886402111924271
23-01-2026 13:00||NIFTY27JAN2624900PE,0.1056227228469081
23-01-2026 13:00||NIFTY27JAN2625700CE,0.1130459559212295
23-01-2026 13:00||NIFTY27JAN2626000CE,0.1442700888467808
23-01-2026 13:05||NIFTY27JAN2623800PE,0.2188125672721676
23-01-2026 13:05||NIFTY27JAN2625200CE,0.10454616853233
23-01-2026 13:05||NIFTY27JAN2625900CE,0.1354233657796928
23-01-2026 13:10||NIFTY27JAN2623900PE,0.2110389126936774
23-01-2026 13:10||NIFTY27JAN2624000PE,0.2016417498753931
23-01-2026 13:10||NIFTY27JAN2624100PE,0.1910533742726589
23-01-2026 13:10||NIFTY27JAN2624700PE,0.1212345872538707
23-01-2026 13:10||NIFTY27JAN2625100PE,0.0962643791448338
23-01-2026 13:10||NIFTY27JAN2625800CE,0.126072071304527
23-01-2026 13:10||NIFTY27JAN2626000CE,0.1492947067648858
23-01-2026 13:15||NIFTY27JAN2623800PE,0.2176320270300616
23-01-2026 13:15||NIFTY27JAN2624200PE,0.1778219731642964
23-01-2026 13:15||NIFTY27JAN2625300CE,0.0986456868477333
23-01-2026 13:15||NIFTY27JAN2625600CE,0.110286376315532
23-01-2026 13:15||NIFTY27JAN2625900CE,0.1417674012461195
23-01-2026 13:15||NIFTY27JAN2626000CE,0.1528894100843629
23-01-2026 13:20||NIFTY27JAN2624700PE,0.1205829145481604
23-01-2026 13:20||NIFTY27JAN2624800PE,0.113639242591422
23-01-2026 13:20||NIFTY27JAN2625700CE,0.1224069579060219
23-01-2026 13:20||NIFTY27JAN2626200CE,0.1773727210143092
23-01-2026 13:20||NIFTY27JAN2626500CE,0.211778958740141
23-01-2026 13:25||NIFTY27JAN2624100PE,0.1870399328802553
23-01-2026 13:25||NIFTY27JAN2624500PE,0.1399581160695758
23-01-2026 13:25||NIFTY27JAN2625000PE,0.1054289425825004
23-01-2026 13:25||NIFTY27JAN2625400CE,0.1067794201419392
23-01-2026 13:30||NIFTY27JAN2624700PE,0.1219479951057656
23-01-2026 13:30||NIFTY27JAN2624800PE,0.1159628433598256
23-01-2026 13:30||NIFTY27JAN2625000PE,0.1089019868738983
23-01-2026 13:30||NIFTY27JAN2625400CE,0.1101315100965607
23-01-2026 13:30||NIFTY27JAN2625700CE,0.1312147823008879
23-01-2026 13:30||NIFTY27JAN2626000CE,0.1643376016585292
23-01-2026 13:35||NIFTY27JAN2623900PE,0.2083890384446944
23-01-2026 13:35||NIFTY27JAN2624100PE,0.185593403663458
23-01-2026 13:35||NIFTY27JAN2624900PE,0.1144556018762521
23-01-2026 13:35||NIFTY27JAN2625600CE,0.126152370290361
23-01-2026 13:35||NIFTY27JAN2626000CE,0.1678676328962225
23-01-2026 13:35||NIFTY27JAN2626200CE,0.1908942249059934
23-01-2026 13:35||NIFTY27JAN2626500CE,0.2197637067215181
23-01-2026 13:40||NIFTY27JAN2623900PE,0.2065149567910186
23-01-2026 13:40||NIFTY27JAN2624600PE,0.1295905681538967
23-01-2026 13:40||NIFTY27JAN2624900PE,0.1143464401678786
23-01-2026 13:40||NIFTY27JAN2625700CE,0.1385297211708255
23-01-2026 13:40||NIFTY27JAN2625800CE,0.1485257786306299
23-01-2026 13:40||NIFTY27JAN2626300CE,0.2041173524772701
23-01-2026 13:45||NIFTY27JAN2623900PE,0.2049256970482779
23-01-2026 13:45||NIFTY27JAN2624000PE,0.1935855135175669
23-01-2026 13:45||NIFTY27JAN2624500PE,0.1362790846454548
23-01-2026 13:45||NIFTY27JAN2624600PE,0.1269432863924405
23-01-2026 13:45||NIFTY27JAN2625000PE,0.1069083270546566
23-01-2026 13:45||NIFTY27JAN2625300CE,0.1113042769371197
23-01-2026 13:45||NIFTY27JAN2626100CE,0.1830953345089123
23-01-2026 13:45||NIFTY27JAN2626300CE,0.2062235453397557
23-01-2026 13:50||NIFTY27JAN2624000PE,0.1933043459695416
23-01-2026 13:50||NIFTY27JAN2624500PE,0.1354192291751116
23-01-2026 13:50||NIFTY27JAN2625100PE,0.099658063895887
23-01-2026 13:50||NIFTY27JAN2626400CE,0.2164979226617849
23-01-2026 13:55||NIFTY27JAN2625500CE,0.1242547721958337
23-01-2026 13:55||NIFTY27JAN2625700CE,0.1415758468626161
23-01-2026 13:55||NIFTY27JAN2625800CE,0.1514421336969651
23-01-2026 13:55||NIFTY27JAN2626400CE,0.2148576013207015
23-01-2026 13:55||NIFTY27JAN2626500CE,0.2217061533186362
23-01-2026 14:00||NIFTY27JAN2624200PE,0.1667839603145558
23-01-2026 14:00||NIFTY27JAN2624300PE,0.1551641097600313
23-01-2026 14:00||NIFTY27JAN2625300CE,0.1159710038739863
23-01-2026 14:00||NIFTY27JAN2625400CE,0.1192904083734001
23-01-2026 14:00||NIFTY27JAN2625500CE,0.123738808104619
23-01-2026 14:00||NIFTY27JAN2625800CE,0.1497378440657161
23-01-2026 14:05||NIFTY27JAN2624200PE,0.1676089479716133
23-01-2026 14:05||NIFTY27JAN2624800PE,0.1104269448353175
23-01-2026 14:05||NIFTY27JAN2626300CE,0.2026927177453135
23-01-2026 14:10||NIFTY27JAN2623900PE,0.2084354296559175
23-01-2026 14:10||NIFTY27JAN2625800CE,0.1456689354304711
23-01-2026 14:10||NIFTY27JAN2626400CE,0.212247001321992
23-01-2026 14:15||NIFTY27JAN2625000PE,0.1065172869262545
23-01-2026 14:15||NIFTY27JAN2625400CE,0.1145923845213701
23-01-2026 14:15||NIFTY27JAN2626400CE,0.2115114015568983
23-01-2026 14:20||NIFTY27JAN2624100PE,0.1831651326576715
23-01-2026 14:20||NIFTY27JAN2624800PE,0.112537716107954
23-01-2026 14:20||NIFTY27JAN2625400CE,0.115271478482966
23-01-2026 14:20||NIFTY27JAN2625600CE,0.1264896042905628
23-01-2026 14:20||NIFTY27JAN2625800CE,0.1447809141554348
23-01-2026 14:20||NIFTY27JAN2626400CE,0.2120538750944962
23-01-2026 14:20||NIFTY27JAN2626500CE,0.2196728014870665
23-01-2026 14:25||NIFTY27JAN2624200PE,0.1682595751906347
23-01-2026 14:25||NIFTY27JAN2624400PE,0.1425979857052013
23-01-2026 14:25||NIFTY27JAN2624500PE,0.1314571087545082
23-01-2026 14:25||NIFTY27JAN2625200CE,0.1100119129237995
23-01-2026 14:25||NIFTY27JAN2626200CE,0.1912494055186893
23-01-2026 14:25||NIFTY27JAN2626300CE,0.2028646901401502
23-01-2026 14:25||NIFTY27JAN2626400CE,0.2118946224246163
23-01-2026 14:30||NIFTY27JAN2624600PE,0.1209520564192158
23-01-2026 14:30||NIFTY27JAN2625700CE,0.1357599401753803
23-01-2026 14:35||NIFTY27JAN2623900PE,0.2083858963375555
23-01-2026 14:35||NIFTY27JAN2624500PE,0.1326310079783234
23-01-2026 14:35||NIFTY27JAN2624700PE,0.114884643408535
23-01-2026 14:35||NIFTY27JAN2625400CE,0.1122029978090904
23-01-2026 14:35||NIFTY27JAN2625600CE,0.1254524824302749
23-01-2026 14:35||NIFTY27JAN2625800CE,0.1469501439796228
23-01-2026 14:35||NIFTY27JAN2625900CE,0.1567047953030247
23-01-2026 14:35||NIFTY27JAN2626000CE,0.1652377613185829
23-01-2026 14:35||NIFTY27JAN2626300CE,0.1970417833268389
23-01-2026 14:40||NIFTY27JAN2623900PE,0.2086531024588465
23-01-2026 14:40||NIFTY27JAN2624300PE,0.1565720760872175
23-01-2026 14:40||NIFTY27JAN2624400PE,0.1441278746669637
23-01-2026 14:40||NIFTY27JAN2625000PE,0.1007431402022122
23-01-2026 14:40||NIFTY27JAN2625100PE,0.0939529622560678
23-01-2026 14:40||NIFTY27JAN2625200CE,0.1051124653066842
23-01-2026 14:40||NIFTY27JAN2625700CE,0.1357836118897589
23-01-2026 14:40||NIFTY27JAN2625800CE,0.1460880790959616
23-01-2026 14:40||NIFTY27JAN2626400CE,0.2076092409167942
23-01-2026 14:45||NIFTY27JAN2624400PE,0.1440997782732007
23-01-2026 14:45||NIFTY27JAN2624700PE,0.1164109669521884
23-01-2026 14:45||NIFTY27JAN2625100PE,0.0918857121624826
23-01-2026 14:45||NIFTY27JAN2625400CE,0.1126236692186202
23-01-2026 14:45||NIFTY27JAN2625600CE,0.1265063269574201
23-01-2026 14:45||NIFTY27JAN2626000CE,0.1653681572478675
23-01-2026 14:45||NIFTY27JAN2626200CE,0.186879626522659
23-01-2026 14:50||NIFTY27JAN2623800PE,0.2157171358100352
23-01-2026 14:50||NIFTY27JAN2624500PE,0.1326388487264703
23-01-2026 14:50||NIFTY27JAN2624800PE,0.1084118532135205
23-01-2026 14:50||NIFTY27JAN2625200CE,0.1072281652889808
23-01-2026 14:50||NIFTY27JAN2625300CE,0.1094219845161068
23-01-2026 14:50||NIFTY27JAN2625500CE,0.1187183881749387
23-01-2026 14:55||NIFTY27JAN2623900PE,0.203333243512972
23-01-2026 14:55||NIFTY27JAN2624400PE,0.144220667290548
23-01-2026 14:55||NIFTY27JAN2625200CE,0.1072984777801482
23-01-2026 14:55||NIFTY27JAN2625900CE,0.1554733980876639
23-01-2026 14:55||NIFTY27JAN2626200CE,0.1882615070455833
23-01-2026 15:00||NIFTY27JAN2623900PE,0.2019478500684724
23-01-2026 15:00||NIFTY27JAN2624100PE,0.1822740099908236
23-01-2026 15:00||NIFTY27JAN2624300PE,0.1581090172385453
23-01-2026 15:00||NIFTY27JAN2624600PE,0.1258300356223413
23-01-2026 15:05||NIFTY27JAN2623900PE,0.20245042129927
23-01-2026 15:05||NIFTY27JAN2624800PE,0.1129753661522394
23-01-2026 15:05||NIFTY27JAN2626200CE,0.19789471582135
23-01-2026 15:10||NIFTY27JAN2623800PE,0.2174850295744745
23-01-2026 15:10||NIFTY27JAN2624000PE,0.1915724460417467
23-01-2026 15:10||NIFTY27JAN2624200PE,0.1725520927792983
23-01-2026 15:10||NIFTY27JAN2624600PE,0.1248959618794238
23-01-2026 15:10||NIFTY27JAN2625000PE,0.1094019195273234
23-01-2026 15:10||NIFTY27JAN2625300CE,0.1091213024873774
23-01-2026 15:10||NIFTY27JAN2625700CE,0.1381017388958402
23-01-2026 15:10||NIFTY27JAN2626100CE,0.1870830375393617
23-01-2026 15:10||NIFTY27JAN2626200CE,0.1994262133235824
23-01-2026 15:10||NIFTY27JAN2626300CE,0.2082482018038411
23-01-2026 15:15||NIFTY27JAN2624100PE,0.1821296842128556
23-01-2026 15:15||NIFTY27JAN2624200PE,0.1720646163746578
23-01-2026 15:15||NIFTY27JAN2625000PE,0.1048989741968545
23-01-2026 15:20||NIFTY27JAN2623800PE,0.2104694433698626
23-01-2026 15:20||NIFTY27JAN2623900PE,0.2038468334060829
23-01-2026 15:20||NIFTY27JAN2624800PE,0.1133444099782234
23-01-2026 15:20||NIFTY27JAN2625400CE,0.1196889197929862
23-01-2026 15:20||NIFTY27JAN2625500CE,0.1288362491719545
23-01-2026 15:20||NIFTY27JAN2625700CE,0.1652152956589591
23-01-2026 15:20||NIFTY27JAN2625900CE,0.171796405986003
23-01-2026 15:20||NIFTY27JAN2626200CE,0.2079437285460524
23-01-2026 15:25||NIFTY27JAN2624500PE,0.2532824249634182
23-01-2026 15:25||NIFTY27JAN2624600PE,0.2401110791580251
23-01-2026 15:25||NIFTY27JAN2625700CE,0.2468399078457698
27-01-2026 09:15||NIFTY27JAN2626200CE,0.5452271223710949
27-01-2026 09:15||NIFTY27JAN2626400CE,0.5694054177932111
27-01-2026 09:15||NIFTY27JAN2626500CE,0.5558858572794997
27-01-2026 09:20||NIFTY27JAN2624400PE,0.4453007815486907
27-01-2026 09:20||NIFTY27JAN2624900PE,0.3978286958145453
27-01-2026 09:20||NIFTY27JAN2625100PE,0.459838442925011
27-01-2026 09:20||NIFTY27JAN2625400CE,0.4115814915416697
27-01-2026 09:20||NIFTY27JAN2625500CE,0.4459891719824528
27-01-2026 09:20||NIFTY27JAN2625600CE,0.4734537967369535
27-01-2026 09:20||NIFTY27JAN2625700CE,0.5014130406767855
27-01-2026 09:20||NIFTY27JAN2626500CE,0.7092112772689384
27-01-2026 09:25||NIFTY27JAN2623900PE,0.6579794285420151
27-01-2026 09:25||NIFTY27JAN2624600PE,0.3525173466966039
27-01-2026 09:25||NIFTY27JAN2625100PE,0.3454353652894127
27-01-2026 09:25||NIFTY27JAN2625500CE,0.4760407730961274
27-01-2026 09:25||NIFTY27JAN2625900CE,0.6283110440544373
27-01-2026 09:25||NIFTY27JAN2626500CE,0.7816411908330796
27-01-2026 09:30||NIFTY27JAN2624400PE,0.4139223097033963
27-01-2026 09:30||NIFTY27JAN2624800PE,0.2934268838193108
27-01-2026 09:30||NIFTY27JAN2624900PE,0.2711519212947234
27-01-2026 09:30||NIFTY27JAN2625400CE,0.4381123239163178
27-01-2026 09:30||NIFTY27JAN2625600CE,0.4923597070106084
27-01-2026 09:30||NIFTY27JAN2625800CE,0.5749879239023377
27-01-2026 09:30||NIFTY27JAN2626100CE,0.722891176167606
27-01-2026 09:30||NIFTY27JAN2626400CE,0.8317217641729135
27-01-2026 09:35||NIFTY27JAN2623800PE,0.7551105259998754
27-01-2026 09:35||NIFTY27JAN2624500PE,0.3990045953669033
27-01-2026 09:35||NIFTY27JAN2625700CE,0.4980060926918443
27-01-2026 09:35||NIFTY27JAN2626200CE,0.7374521380536082
27-01-2026 09:45||NIFTY27JAN2623800PE,0.7846405404728743
27-01-2026 09:45||NIFTY27JAN2624000PE,0.7080103886959919
27-01-2026 09:45||NIFTY27JAN2624500PE,0.4690448407874643
27-01-2026 09:45||NIFTY27JAN2625000PE,0.3020497081091292
27-01-2026 09:45||NIFTY27JAN2625600CE,0.3878386035351205
27-01-2026 09:45||NIFTY27JAN2626200CE,0.6743398806889922
27-01-2026 09:45||NIFTY27JAN2626300CE,0.7222390049330067
27-01-2026 09:50||NIFTY27JAN2623800PE,0.7879384579380357
27-01-2026 09:50||NIFTY27JAN2624200PE,0.6217081768556962
27-01-2026 09:50||NIFTY27JAN2624800PE,0.3748736482614503
27-01-2026 09:50||NIFTY27JAN2624900PE,0.3521832218612716
27-01-2026 09:50||NIFTY27JAN2626300CE,0.7148073667308947
27-01-2026 09:55||NIFTY27JAN2624100PE,0.6711846814574184
27-01-2026 09:55||NIFTY27JAN2624700PE,0.4017123592609991
27-01-2026 09:55||NIFTY27JAN2624800PE,0.3772235000272224
27-01-2026 09:55||NIFTY27JAN2625000PE,0.3400524840270005
27-01-2026 09:55||NIFTY27JAN2625700CE,0.414039753119581
27-01-2026 09:55||NIFTY27JAN2626000CE,0.5641866882853721
27-01-2026 09:55||NIFTY27JAN2626200CE,0.6678976617581858
27-01-2026 10:00||NIFTY27JAN2624000PE,0.7199767825164041
27-01-2026 10:00||NIFTY27JAN2625300CE,0.3151008909123617
27-01-2026 10:00||NIFTY27JAN2625400CE,0.3184896709200973
27-01-2026 10:00||NIFTY27JAN2625600CE,0.372877002447621
27-01-2026 10:00||NIFTY27JAN2625800CE,0.4670101317199795
27-01-2026 10:00||NIFTY27JAN2626100CE,0.6222616626724382
27-01-2026 10:00||NIFTY27JAN2626400CE,0.76847328730056
27-01-2026 10:00||NIFTY27JAN2626500CE,0.8027066686139002
27-01-2026 10:05||NIFTY27JAN2623800PE,0.7960194978560852
27-01-2026 10:05||NIFTY27JAN2623900PE,0.761254459176565
27-01-2026 10:05||NIFTY27JAN2624100PE,0.6690280376681754
27-01-2026 10:05||NIFTY27JAN2626400CE,0.771992041172703
27-01-2026 10:10||NIFTY27JAN2624200PE,0.6198928597653091
27-01-2026 10:10||NIFTY27JAN2624900PE,0.3260347188556918
27-01-2026 10:10||NIFTY27JAN2625300CE,0.3597194594584126
27-01-2026 10:10||NIFTY27JAN2625600CE,0.3873671202060963
27-01-2026 10:15||NIFTY27JAN2625800CE,0.4705678505904279
27-01-2026 10:20||NIFTY27JAN2623900PE,0.8042429293904432
27-01-2026 10:20||NIFTY27JAN2624500PE,0.4907626924629539
27-01-2026 10:20||NIFTY27JAN2624600PE,0.4433661025831393
27-01-2026 10:20||NIFTY27JAN2624800PE,0.3777378541861663
27-01-2026 10:20||NIFTY27JAN2625000PE,0.3239949861709272
27-01-2026 10:20||NIFTY27JAN2625400CE,0.3235455938785572
27-01-2026 10:20||NIFTY27JAN2625800CE,0.4605995324449605
27-01-2026 10:25||NIFTY27JAN2624600PE,0.4502487705052561
27-01-2026 10:25||NIFTY27JAN2624900PE,0.3648889658171509
27-01-2026 10:25||NIFTY27JAN2626000CE,0.5704504198027743
27-01-2026 10:25||NIFTY27JAN2626300CE,0.7299281587509576
27-01-2026 10:25||NIFTY27JAN2626400CE,0.7747344240106416
27-01-2026 10:30||NIFTY27JAN2624100PE,0.7036326937131089
27-01-2026 10:30||NIFTY27JAN2624800PE,0.3901274964187377
27-01-2026 10:30||NIFTY27JAN2625400CE,0.3123248730904917
27-01-2026 10:30||NIFTY27JAN2625600CE,0.3786723470858388
27-01-2026 10:30||NIFTY27JAN2625900CE,0.5330919191015047
27-01-2026 10:30||NIFTY27JAN2626200CE,0.6948401089761542
27-01-2026 10:35||NIFTY27JAN2624300PE,0.5707768039687594
27-01-2026 10:35||NIFTY27JAN2624400PE,0.5185241951233514
27-01-2026 10:35||NIFTY27JAN2624800PE,0.3953033614714421
27-01-2026 10:35||NIFTY27JAN2625200CE,0.3275042990570151
27-01-2026 10:35||NIFTY27JAN2625300CE,0.3148546650565546
27-01-2026 10:35||NIFTY27JAN2625700CE,0.4499633003344237
27-01-2026 10:40||NIFTY27JAN2624400PE,0.5004139754366503
27-01-2026 10:40||NIFTY27JAN2625200CE,0.3279309273968126
27-01-2026 10:40||NIFTY27JAN2625700CE,0.4735075157216956
27-01-2026 10:40||NIFTY27JAN2626100CE,0.6947326568855362
27-01-2026 10:40||NIFTY27JAN2626200CE,0.7457811071436881
27-01-2026 10:45||NIFTY27JAN2624000PE,0.7009090560566277
27-01-2026 10:45||NIFTY27JAN2624700PE,0.3824200254057899
27-01-2026 10:45||NIFTY27JAN2624900PE,0.36490574171319
27-01-2026 10:45||NIFTY27JAN2625500CE,0.3978308275291093
27-01-2026 10:45||NIFTY27JAN2626200CE,0.7775994763486005
27-01-2026 10:45||NIFTY27JAN2626400CE,0.8585948674990587
27-01-2026 10:50||NIFTY27JAN2623900PE,0.745643844160261
27-01-2026 10:50||NIFTY27JAN2624000PE,0.6882043349430264
27-01-2026 10:50||NIFTY27JAN2624600PE,0.3891495182325002
27-01-2026 10:50||NIFTY27JAN2625000PE,0.3445566324426188
27-01-2026 10:50||NIFTY27JAN2625200CE,0.3303994103754095
27-01-2026 10:50||NIFTY27JAN2625400CE,0.3864396057174969
27-01-2026 10:50||NIFTY27JAN2625700CE,0.5277769901604988
27-01-2026 10:55||NIFTY27JAN2623900PE,0.7445361878238516
27-01-2026 10:55||NIFTY27JAN2624400PE,0.4652361586111858
27-01-2026 10:55||NIFTY27JAN2624900PE,0.330343521657868
27-01-2026 10:55||NIFTY27JAN2625000PE,0.3245029732116785
27-01-2026 10:55||NIFTY27JAN2625300CE,0.37237151444791
27-01-2026 10:55||NIFTY27JAN2625400CE,0.4043657510665965
27-01-2026 10:55||NIFTY27JAN2625600CE,0.4914585301049371
27-01-2026 10:55||NIFTY27JAN2626400CE,0.9111881557898228
27-01-2026 11:00||NIFTY27JAN2623800PE,0.8220462592300727
27-01-2026 11:00||NIFTY27JAN2623900PE,0.7507075207052932
27-01-2026 11:00||NIFTY27JAN2624300PE,0.5166710396679383
27-01-2026 11:00||NIFTY27JAN2625200CE,0.3653233361218931
27-01-2026 11:00||NIFTY27JAN2625300CE,0.383476034260246
27-01-2026 11:00||NIFTY27JAN2625400CE,0.4106975389004693
27-01-2026 11:00||NIFTY27JAN2626300CE,0.88695700668587
27-01-2026 11:05||NIFTY27JAN2623800PE,0.8326709023243299
27-01-2026 11:05||NIFTY27JAN2624100PE,0.6397043480996856
27-01-2026 11:05||NIFTY27JAN2624200PE,0.5771960305317331
27-01-2026 11:05||NIFTY27JAN2624900PE,0.3024623139105261
27-01-2026 11:05||NIFTY27JAN2625300CE,0.3807115056444021
27-01-2026 11:05||NIFTY27JAN2625700CE,0.5545440809303079
27-01-2026 11:10||NIFTY27JAN2624200PE,0.5915508511577494
27-01-2026 11:10||NIFTY27JAN2624400PE,0.4775370128494126
27-01-2026 11:10||NIFTY27JAN2624900PE,0.3057451604755602
27-01-2026 11:10||NIFTY27JAN2625300CE,0.37465592542564
27-01-2026 11:10||NIFTY27JAN2625500CE,0.4431479806012122
27-01-2026 11:10||NIFTY27JAN2625800CE,0.6065420769877928
27-01-2026 11:10||NIFTY27JAN2626500CE,0.9208544225642038
27-01-2026 11:15||NIFTY27JAN2624300PE,0.545897188147688
27-01-2026 11:15||NIFTY27JAN2625000PE,0.3050797206598409
27-01-2026 11:15||NIFTY27JAN2625100PE,0.2974152987671422
27-01-2026 11:15||NIFTY27JAN2626400CE,0.9202719571029206
27-01-2026 11:20||NIFTY27JAN2625300CE,0.364099664457062
27-01-2026 11:20||NIFTY27JAN2626100CE,0.7660596032774457
27-01-2026 11:25||NIFTY27JAN2623800PE,0.8671616736157028
27-01-2026 11:25||NIFTY27JAN2624000PE,0.7555908696047893
27-01-2026 11:25||NIFTY27JAN2624200PE,0.6367231822526848
27-01-2026 11:25||NIFTY27JAN2624900PE,0.3185771320168625
27-01-2026 11:25||NIFTY27JAN2625600CE,0.4685604837444405
27-01-2026 11:25||NIFTY27JAN2626500CE,0.9106671713124624
27-01-2026 11:30||NIFTY27JAN2624200PE,0.6550445791332862
27-01-2026 11:30||NIFTY27JAN2625100PE,0.2557096002317036
27-01-2026 11:30||NIFTY27JAN2625600CE,0.4578918191165793
27-01-2026 11:30||NIFTY27JAN2625900CE,0.6253910509847693
27-01-2026 11:30||NIFTY27JAN2626200CE,0.8074804583747298
27-01-2026 11:35||NIFTY27JAN2624000PE,0.7912090373778261
27-01-2026 11:35||NIFTY27JAN2624900PE,0.3150424326614363
27-01-2026 11:35||NIFTY27JAN2625200CE,0.3956782599659698
27-01-2026 11:40||NIFTY27JAN2623800PE,0.9081571264567948
27-01-2026 11:40||NIFTY27JAN2624000PE,0.8120604605257503
27-01-2026 11:40||NIFTY27JAN2626000CE,0.6528709024045517
27-01-2026 11:40||NIFTY27JAN2626300CE,0.8229328402824398
27-01-2026 11:45||NIFTY27JAN2624300PE,0.6171397895275212
27-01-2026 11:45||NIFTY27JAN2624400PE,0.5516264406453972
27-01-2026 11:45||NIFTY27JAN2624500PE,0.5018486355157907
27-01-2026 11:45||NIFTY27JAN2626100CE,0.70160882424913
27-01-2026 11:45||NIFTY27JAN2626400CE,0.8600433883908569
27-01-2026 11:50||NIFTY27JAN2624700PE,0.4182921204493281
27-01-2026 11:50||NIFTY27JAN2624900PE,0.3702245579154453
27-01-2026 11:50||NIFTY27JAN2625700CE,0.4754084477673279
27-01-2026 11:50||NIFTY27JAN2626000CE,0.6486272851860904
27-01-2026 11:55||NIFTY27JAN2623900PE,0.8672579795271385
27-01-2026 11:55||NIFTY27JAN2624000PE,0.8097851349648812
27-01-2026 11:55||NIFTY27JAN2624400PE,0.547801724892525
27-01-2026 11:55||NIFTY27JAN2624500PE,0.491764896884322
27-01-2026 11:55||NIFTY27JAN2624800PE,0.3741027223486136
27-01-2026 11:55||NIFTY27JAN2625200CE,0.369081223254227
27-01-2026 11:55||NIFTY27JAN2625400CE,0.3787974436917737
27-01-2026 11:55||NIFTY27JAN2626500CE,0.9408120126291408
27-01-2026 12:00||NIFTY27JAN2624200PE,0.6903159002520216
27-01-2026 12:00||NIFTY27JAN2624300PE,0.6220276748654492
27-01-2026 12:00||NIFTY27JAN2624500PE,0.5014818675327706
27-01-2026 12:00||NIFTY27JAN2625100PE,0.2753745721284453
27-01-2026 12:00||NIFTY27JAN2625500CE,0.4063295459333038
27-01-2026 12:00||NIFTY27JAN2626100CE,0.721069690788197
27-01-2026 12:00||NIFTY27JAN2626400CE,0.90373582457761
27-01-2026 12:00||NIFTY27JAN2626500CE,0.9547984445667578
27-01-2026 12:05||NIFTY27JAN2624500PE,0.5187870077320197
27-01-2026 12:05||NIFTY27JAN2624700PE,0.4228886458993725
27-01-2026 12:05||NIFTY27JAN2625100PE,0.2885855018199345
27-01-2026 12:05||NIFTY27JAN2625900CE,0.6066086167861292
27-01-2026 12:05||NIFTY27JAN2626500CE,0.9595489382520376
27-01-2026 12:10||NIFTY27JAN2624400PE,0.5920501469463008
27-01-2026 12:10||NIFTY27JAN2625700CE,0.4968361697008914
27-01-2026 12:10||NIFTY27JAN2626400CE,0.9097697223023158
27-01-2026 12:15||NIFTY27JAN2624500PE,0.5360599925449198
27-01-2026 12:15||NIFTY27JAN2624600PE,0.4812176349924008
27-01-2026 12:15||NIFTY27JAN2626000CE,0.6805171847738491
27-01-2026 12:15||NIFTY27JAN2626200CE,0.7991635212309648
27-01-2026 12:20||NIFTY27JAN2624000PE,0.8718989667281661
27-01-2026 12:20||NIFTY27JAN2624200PE,0.7482041510029429
27-01-2026 12:20||NIFTY27JAN2625000PE,0.3485537936453813
27-01-2026 12:20||NIFTY27JAN2625300CE,0.3438928603565305
27-01-2026 12:20||NIFTY27JAN2625600CE,0.4507469047915595
27-01-2026 12:25||NIFTY27JAN2624100PE,0.8189419245692232
27-01-2026 12:25||NIFTY27JAN2624700PE,0.447456038758473
27-01-2026 12:25||NIFTY27JAN2625400CE,0.3643306602754928
27-01-2026 12:25||NIFTY27JAN2625900CE,0.6403752873918689
27-01-2026 12:30||NIFTY27JAN2625300CE,0.3412108468808363
27-01-2026 12:35||NIFTY27JAN2624100PE,0.8315892083227199
27-01-2026 12:35||NIFTY27JAN2624400PE,0.629293496012103
27-01-2026 12:35||NIFTY27JAN2624900PE,0.3777587108722102
27-01-2026 12:35||NIFTY27JAN2625100PE,0.3200854040060197
27-01-2026 12:35||NIFTY27JAN2625800CE,0.6142812031528084
27-01-2026 12:35||NIFTY27JAN2626100CE,0.8020997248434873
27-01-2026 12:40||NIFTY27JAN2624200PE,0.7714772698830186
27-01-2026 12:40||NIFTY27JAN2624700PE,0.4461645074197336
27-01-2026 12:40||NIFTY27JAN2624800PE,0.4078092302397827
27-01-2026 12:40||NIFTY27JAN2624900PE,0.3815143952222339
27-01-2026 12:40||NIFTY27JAN2625100PE,0.3401486612590075
27-01-2026 12:40||NIFTY27JAN2625200CE,0.3507882057871758
27-01-2026 12:40||NIFTY27JAN2625900CE,0.7032559683490469
27-01-2026 12:40||NIFTY27JAN2626000CE,0.7651459149806281
27-01-2026 12:40||NIFTY27JAN2626300CE,0.9446911833360364
27-01-2026 12:45||NIFTY27JAN2625200CE,0.3678481768086403
27-01-2026 12:45||NIFTY27JAN2625700CE,0.5801304975713563
27-01-2026 12:45||NIFTY27JAN2625900CE,0.7175880283385233
27-01-2026 12:45||NIFTY27JAN2626200CE,0.9048169014621624
27-01-2026 12:50||NIFTY27JAN2624600PE,0.4941270693023221
27-01-2026 12:50||NIFTY27JAN2625000PE,0.3514513422834069
27-01-2026 12:50||NIFTY27JAN2625100PE,0.3396276357581802
27-01-2026 12:50||NIFTY27JAN2625900CE,0.7254404064016008
27-01-2026 12:50||NIFTY27JAN2626200CE,0.9233539262654124
27-01-2026 12:50||NIFTY27JAN2626500CE,1.0716030715209546
27-01-2026 12:55||NIFTY27JAN2623900PE,0.9929255314178956
27-01-2026 12:55||NIFTY27JAN2624000PE,0.923297864938712
27-01-2026 12:55||NIFTY27JAN2625500CE,0.4784109294402483
27-01-2026 12:55||NIFTY27JAN2625600CE,0.5390358158535762
27-01-2026 12:55||NIFTY27JAN2625800CE,0.6667232496843984
27-01-2026 12:55||NIFTY27JAN2626200CE,0.9337683666819124
27-01-2026 13:00||NIFTY27JAN2624100PE,0.8743407467412638
27-01-2026 13:00||NIFTY27JAN2624500PE,0.5773142283519546
27-01-2026 13:00||NIFTY27JAN2625400CE,0.4209010548676758
27-01-2026 13:00||NIFTY27JAN2626000CE,0.8055526923377857
27-01-2026 13:05||NIFTY27JAN2623900PE,1.028918423236708
27-01-2026 13:05||NIFTY27JAN2624500PE,0.5730830472332432
27-01-2026 13:05||NIFTY27JAN2624800PE,0.3987493941111933
27-01-2026 13:10||NIFTY27JAN2624200PE,0.8230045365083838
27-01-2026 13:10||NIFTY27JAN2624500PE,0.5751539177346658
27-01-2026 13:10||NIFTY27JAN2624600PE,0.5020902153555162
27-01-2026 13:10||NIFTY27JAN2624700PE,0.4470254663077626
27-01-2026 13:15||NIFTY27JAN2624400PE,0.6774593497617728
27-01-2026 13:15||NIFTY27JAN2625000PE,0.3047679618026147
27-01-2026 13:15||NIFTY27JAN2625200CE,0.4089843765504156
27-01-2026 13:15||NIFTY27JAN2626300CE,1.059925055632409
27-01-2026 13:20||NIFTY27JAN2624000PE,1.0109804551939716
27-01-2026 13:20||NIFTY27JAN2624200PE,0.8586374258782631
27-01-2026 13:20||NIFTY27JAN2624600PE,0.538383141547148
27-01-2026 13:20||NIFTY27JAN2624900PE,0.3530882694281386
27-01-2026 13:20||NIFTY27JAN2625700CE,0.642353451762921
27-01-2026 13:20||NIFTY27JAN2625900CE,0.7864709507586167
27-01-2026 13:25||NIFTY27JAN2623800PE,1.1671814395593096
27-01-2026 13:25||NIFTY27JAN2625100PE,0.3540265879920283
27-01-2026 13:25||NIFTY27JAN2625700CE,0.6472670595493166
27-01-2026 13:30||NIFTY27JAN2624100PE,0.9855134863225998
27-01-2026 13:30||NIFTY27JAN2624300PE,0.8150830128598558
27-01-2026 13:30||NIFTY27JAN2625100PE,0.453547012855777
27-01-2026 13:30||NIFTY27JAN2625400CE,0.4555536303010271
27-01-2026 13:30||NIFTY27JAN2626300CE,1.132791381050893
27-01-2026 13:35||NIFTY27JAN2623900PE,1.1411767428267132
27-01-2026 13:35||NIFTY27JAN2624300PE,0.8163859413822854
27-01-2026 13:35||NIFTY27JAN2624400PE,0.7345099992647914
27-01-2026 13:35||NIFTY27JAN2624600PE,0.5865304212493694
27-01-2026 13:35||NIFTY27JAN2624800PE,0.4733401878900505
27-01-2026 13:35||NIFTY27JAN2625300CE,0.400782786135426
27-01-2026 13:35||NIFTY27JAN2625600CE,0.6132351262896419
27-01-2026 13:35||NIFTY27JAN2626000CE,0.9282725416404412
27-01-2026 13:35||NIFTY27JAN2626200CE,1.1053630468161455
27-01-2026 13:35||NIFTY27JAN2626300CE,1.1813171024693256
27-01-2026 13:35||NIFTY27JAN2626400CE,1.2284612446425835
27-01-2026 13:40||NIFTY27JAN2625500CE,0.5827363597742446
27-01-2026 13:40||NIFTY27JAN2626300CE,1.2171222977540324
27-01-2026 13:45||NIFTY27JAN2623800PE,1.231413900311103
27-01-2026 13:45||NIFTY27JAN2623900PE,1.1512588751269135
27-01-2026 13:45||NIFTY27JAN2624100PE,1.008051460339846
27-01-2026 13:45||NIFTY27JAN2624700PE,0.4857222546484616
27-01-2026 13:45||NIFTY27JAN2625300CE,0.4481634048485616
27-01-2026 13:45||NIFTY27JAN2625600CE,0.7215141463400948
27-01-2026 13:45||NIFTY27JAN2625700CE,0.8137658063203479
27-01-2026 13:45||NIFTY27JAN2625800CE,0.8847797284214577
27-01-2026 13:45||NIFTY27JAN2625900CE,0.9468768763947638
27-01-2026 13:45||NIFTY27JAN2626000CE,1.0091436276987429
27-01-2026 13:45||NIFTY27JAN2626300CE,1.244815981754571
27-01-2026 13:45||NIFTY27JAN2626400CE,1.296854850951799
27-01-2026 13:50||NIFTY27JAN2623900PE,1.1862540561121784
27-01-2026 13:50||NIFTY27JAN2624800PE,0.4223695805176458
27-01-2026 13:50||NIFTY27JAN2625000PE,0.3225029216659502
27-01-2026 13:50||NIFTY27JAN2626200CE,1.19052927176444
27-01-2026 13:55||NIFTY27JAN2623800PE,1.3179125868291015
27-01-2026 13:55||NIFTY27JAN2624000PE,1.1383322179406778
27-01-2026 13:55||NIFTY27JAN2624100PE,1.0565217586974385
27-01-2026 13:55||NIFTY27JAN2624300PE,0.8624961901835857
27-01-2026 13:55||NIFTY27JAN2624400PE,0.763504397772473
27-01-2026 13:55||NIFTY27JAN2624600PE,0.5820644197021749
27-01-2026 13:55||NIFTY27JAN2624900PE,0.3745548678417484
27-01-2026 13:55||NIFTY27JAN2625400CE,0.5224950388411487
27-01-2026 13:55||NIFTY27JAN2625700CE,0.802973333252519
27-01-2026 14:00||NIFTY27JAN2623800PE,1.3538770845484538
27-01-2026 14:00||NIFTY27JAN2624300PE,0.8760319347031007
27-01-2026 14:00||NIFTY27JAN2624500PE,0.6756040030313972
27-01-2026 14:00||NIFTY27JAN2625000PE,0.3000459336314949
27-01-2026 14:00||NIFTY27JAN2625100PE,0.2137634276104688
27-01-2026 14:05||NIFTY27JAN2624000PE,1.1830680691409303
27-01-2026 14:05||NIFTY27JAN2624800PE,0.4228672716159724
27-01-2026 14:05||NIFTY27JAN2625400CE,0.5637745715326066
27-01-2026 14:05||NIFTY27JAN2625700CE,0.8663653975949164
27-01-2026 14:05||NIFTY27JAN2625800CE,0.9569470829327488
27-01-2026 14:05||NIFTY27JAN2626100CE,1.235972629239702
27-01-2026 14:05||NIFTY27JAN2626200CE,1.3163037926201238
27-01-2026 14:05||NIFTY27JAN2626400CE,1.4582214235536082
27-01-2026 14:10||NIFTY27JAN2623900PE,1.3001441946100096
27-01-2026 14:10||NIFTY27JAN2624000PE,1.2063249224812522
27-01-2026 14:10||NIFTY27JAN2624600PE,0.5989321811555203
27-01-2026 14:10||NIFTY27JAN2625500CE,0.6859972135091842
27-01-2026 14:10||NIFTY27JAN2626000CE,1.181304616203448
27-01-2026 14:10||NIFTY27JAN2626200CE,1.3568460614362263
27-01-2026 14:15||NIFTY27JAN2624000PE,1.240111971338035
27-01-2026 14:15||NIFTY27JAN2624400PE,0.8331137055224804
27-01-2026 14:15||NIFTY27JAN2624900PE,0.3665735973395634
27-01-2026 14:15||NIFTY27JAN2625600CE,0.8008448402106927
27-01-2026 14:15||NIFTY27JAN2625800CE,0.996754684237554
27-01-2026 14:20||NIFTY27JAN2624100PE,1.1669704556140696
27-01-2026 14:20||NIFTY27JAN2625500CE,0.7130597962054688
27-01-2026 14:20||NIFTY27JAN2626000CE,1.243463811640653
27-01-2026 14:20||NIFTY27JAN2626100CE,1.3406860298713816
27-01-2026 14:20||NIFTY27JAN2626500CE,1.591131725219114
27-01-2026 14:25||NIFTY27JAN2623800PE,1.5145319779738171
27-01-2026 14:25||NIFTY27JAN2623900PE,1.3950635676947485
27-01-2026 14:25||NIFTY27JAN2624000PE,1.2976967691235366
27-01-2026 14:25||NIFTY27JAN2624200PE,1.086229311805292
27-01-2026 14:25||NIFTY27JAN2624300PE,0.9833587678502796
27-01-2026 14:25||NIFTY27JAN2624800PE,0.4141409619222718
27-01-2026 14:25||NIFTY27JAN2624900PE,0.3269376512190829
27-01-2026 14:25||NIFTY27JAN2625000PE,0.2556275918384216
27-01-2026 14:25||NIFTY27JAN2625700CE,0.958030517890879
27-01-2026 14:30||NIFTY27JAN2624000PE,1.3589118384664838
27-01-2026 14:30||NIFTY27JAN2624200PE,1.1471953911344597
27-01-2026 14:30||NIFTY27JAN2624600PE,0.6838377039293841
27-01-2026 14:30||NIFTY27JAN2625100PE,0.1460948836418077
27-01-2026 14:30||NIFTY27JAN2626400CE,1.7163182981991247
27-01-2026 14:35||NIFTY27JAN2624000PE,1.434132972290013
27-01-2026 14:35||NIFTY27JAN2624200PE,1.2294472163527972
27-01-2026 14:35||NIFTY27JAN2624900PE,0.3500539354259436
27-01-2026 14:35||NIFTY27JAN2625000PE,0.2523147849391302
27-01-2026 14:35||NIFTY27JAN2626200CE,1.5813839304220356
27-01-2026 14:40||NIFTY27JAN2624000PE,1.5139805404565327
27-01-2026 14:40||NIFTY27JAN2624800PE,0.5155467455170928
27-01-2026 14:40||NIFTY27JAN2626200CE,1.5842862366717472
27-01-2026 14:40||NIFTY27JAN2626400CE,1.7791802827164167
27-01-2026 14:45||NIFTY27JAN2624000PE,1.605879294635807
27-01-2026 14:45||NIFTY27JAN2624200PE,1.4097168254580648
27-01-2026 14:45||NIFTY27JAN2624700PE,0.7134529452352678
27-01-2026 14:45||NIFTY27JAN2625400CE,0.5762601611438473
27-01-2026 14:45||NIFTY27JAN2626400CE,1.817810123045491
27-01-2026 14:45||NIFTY27JAN2626500CE,1.8834435113342105
27-01-2026 14:50||NIFTY27JAN2623800PE,1.9409171865762864
27-01-2026 14:50||NIFTY27JAN2624000PE,1.7273139578911412
27-01-2026 14:50||NIFTY27JAN2624200PE,1.526538056673993
27-01-2026 14:50||NIFTY27JAN2624800PE,0.615025740671203
27-01-2026 14:50||NIFTY27JAN2625200CE,0.3848475246051024
27-01-2026 14:50||NIFTY27JAN2625900CE,1.2641749676391905
27-01-2026 14:55||NIFTY27JAN2623800PE,2.057668048282025
27-01-2026 14:55||NIFTY27JAN2624000PE,1.8613315826428205
27-01-2026 14:55||NIFTY27JAN2624800PE,0.6645231620149087
27-01-2026 14:55||NIFTY27JAN2625500CE,0.7307821517082329
27-01-2026 14:55||NIFTY27JAN2625800CE,1.180806862219986
27-01-2026 14:55||NIFTY27JAN2626400CE,1.947385364602522
27-01-2026 15:00||NIFTY27JAN2624100PE,1.8429636333936563
27-01-2026 15:00||NIFTY27JAN2624700PE,0.8784762030377187
27-01-2026 15:00||NIFTY27JAN2625100PE,0.2112103085588391
27-01-2026 15:00||NIFTY27JAN2625400CE,0.5948242960889821
27-01-2026 15:05||NIFTY27JAN2624000PE,2.1157685563683586
27-01-2026 15:05||NIFTY27JAN2624100PE,1.965046185446806
27-01-2026 15:05||NIFTY27JAN2624200PE,1.835802594281308
27-01-2026 15:05||NIFTY27JAN2624500PE,1.3002095237419495
27-01-2026 15:05||NIFTY27JAN2626300CE,2.098610780086523
27-01-2026 15:10||NIFTY27JAN2623900PE,2.553717133965618
27-01-2026 15:10||NIFTY27JAN2624000PE,2.389644222797249
27-01-2026 15:10||NIFTY27JAN2624900PE,0.6178825606628088
27-01-2026 15:10||NIFTY27JAN2625400CE,0.6346828979046927
27-01-2026 15:10||NIFTY27JAN2625600CE,1.0129613707406862
27-01-2026 15:10||NIFTY27JAN2625800CE,1.4101500876706836
27-01-2026 15:10||NIFTY27JAN2626000CE,1.8146715609122857
27-01-2026 15:15||NIFTY27JAN2625000PE,0.4871163102822423
27-01-2026 15:15||NIFTY27JAN2625900CE,1.8495325639174371
27-01-2026 15:15||NIFTY27JAN2626000CE,2.073978651009007
27-01-2026 15:15||NIFTY27JAN2626400CE,2.783458663470076
27-01-2026 15:20||NIFTY27JAN2623800PE,3.703961179759089
27-01-2026 15:20||NIFTY27JAN2623900PE,3.761149676677965
27-01-2026 15:20||NIFTY27JAN2624900PE,0.9493396102172356
27-01-2026 15:20||NIFTY27JAN2625500CE,0.9899163906891788
27-01-2026 15:20||NIFTY27JAN2626000CE,2.459991662901217
27-01-2026 15:20||NIFTY27JAN2626300CE,3.1320884140625003
27-01-2026 15:20||NIFTY27JAN2626400CE,3.3326091953125
27-01-2026 15:25||NIFTY27JAN2623800PE,4.6198225
27-01-2026 15:25||NIFTY27JAN2624900PE,1.2782515625
27-01-2026 15:25||NIFTY27JAN2625100PE,0.714555
27-01-2026 15:25||NIFTY27JAN2626100CE,3.305093125
27-01-2026 15:25||NIFTY27JAN2626300CE,3.8694253125
27-01-2026 15:25||NIFTY27JAN2626400CE,4.0780828125
27-01-2026 15:25||NIFTY27JAN2626500CE,4.3090975
