id,value
07-01-2026 09:15||NIFTY27JAN2624100PE,0.1637085820877844
07-01-2026 09:15||NIFTY27JAN2625500CE,0.115348064641605
07-01-2026 09:15||NIFTY27JAN2625800CE,0.1034569432626058
07-01-2026 09:20||NIFTY27JAN2624000PE,0.1715421305994693
07-01-2026 09:20||NIFTY27JAN2624200PE,0.15967425525122
07-01-2026 09:20||NIFTY27JAN2624800PE,0.1271029548514617
07-01-2026 09:20||NIFTY27JAN2625000PE,0.1165758844056382
07-01-2026 09:20||NIFTY27JAN2625300CE,0.1065740441028089
07-01-2026 09:20||NIFTY27JAN2625400CE,0.1165083345377653
07-01-2026 09:20||NIFTY27JAN2625800CE,0.100464803420889
07-01-2026 09:20||NIFTY27JAN2625900CE,0.0964520524487991
07-01-2026 09:25||NIFTY27JAN2624300PE,0.1527807581632136
07-01-2026 09:25||NIFTY27JAN2625100PE,0.110645230444127
07-01-2026 09:25||NIFTY27JAN2625300CE,0.1172932086636606
07-01-2026 09:25||NIFTY27JAN2626500CE,0.0855122020758391
07-01-2026 09:30||NIFTY27JAN2623900PE,0.175985541123528
07-01-2026 09:30||NIFTY27JAN2624300PE,0.1528308447018873
07-01-2026 09:30||NIFTY27JAN2625900CE,0.0969431016646365
07-01-2026 09:30||NIFTY27JAN2626400CE,0.0883814623860044
07-01-2026 09:35||NIFTY27JAN2623900PE,0.1758204727100628
07-01-2026 09:35||NIFTY27JAN2624600PE,0.1368773983998746
07-01-2026 09:35||NIFTY27JAN2625100PE,0.1107414285617482
07-01-2026 09:35||NIFTY27JAN2625900CE,0.0971461496668379
07-01-2026 09:35||NIFTY27JAN2626100CE,0.092781903088534
07-01-2026 09:40||NIFTY27JAN2625100PE,0.1110220654681111
07-01-2026 09:40||NIFTY27JAN2625600CE,0.1094134039498359
07-01-2026 09:40||NIFTY27JAN2625800CE,0.1061903920792989
07-01-2026 09:40||NIFTY27JAN2625900CE,0.1010255348345087
07-01-2026 09:40||NIFTY27JAN2626200CE,0.0938761504073646
07-01-2026 09:45||NIFTY27JAN2625000PE,0.1147303598697147
07-01-2026 09:45||NIFTY27JAN2625200CE,0.1327944691164404
07-01-2026 09:45||NIFTY27JAN2625900CE,0.0987182840059082
07-01-2026 09:45||NIFTY27JAN2626400CE,0.0874136311128044
07-01-2026 09:50||NIFTY27JAN2623800PE,0.1802437821714246
07-01-2026 09:50||NIFTY27JAN2624500PE,0.1416056141271251
07-01-2026 09:50||NIFTY27JAN2624900PE,0.1203338623688057
07-01-2026 09:50||NIFTY27JAN2625200CE,0.1272333407614585
07-01-2026 09:50||NIFTY27JAN2625500CE,0.1086305167321023
07-01-2026 09:50||NIFTY27JAN2625600CE,0.1029823522087292
07-01-2026 09:50||NIFTY27JAN2626400CE,0.0898595997579412
07-01-2026 09:55||NIFTY27JAN2624300PE,0.1514502814676821
07-01-2026 09:55||NIFTY27JAN2624700PE,0.1305332620853819
07-01-2026 09:55||NIFTY27JAN2625000PE,0.1153360078161865
07-01-2026 09:55||NIFTY27JAN2625500CE,0.1192738111952313
07-01-2026 09:55||NIFTY27JAN2625800CE,0.1040261304893072
07-01-2026 09:55||NIFTY27JAN2625900CE,0.1009399407064042
07-01-2026 10:00||NIFTY27JAN2624600PE,0.1374074688458298
07-01-2026 10:00||NIFTY27JAN2625000PE,0.1162106790759081
07-01-2026 10:00||NIFTY27JAN2625900CE,0.0929948757296887
07-01-2026 10:00||NIFTY27JAN2626100CE,0.0929515017622697
07-01-2026 10:00||NIFTY27JAN2626500CE,0.08650440905157
07-01-2026 10:05||NIFTY27JAN2625200CE,0.10393481263324
07-01-2026 10:05||NIFTY27JAN2625500CE,0.115856988978078
07-01-2026 10:05||NIFTY27JAN2626300CE,0.0891000206945986
07-01-2026 10:10||NIFTY27JAN2623800PE,0.1827819730809711
07-01-2026 10:10||NIFTY27JAN2623900PE,0.1770079696625234
07-01-2026 10:10||NIFTY27JAN2624200PE,0.1605867760237101
07-01-2026 10:10||NIFTY27JAN2625500CE,0.1180187670115215
07-01-2026 10:10||NIFTY27JAN2625600CE,0.1139995948541119
07-01-2026 10:10||NIFTY27JAN2625700CE,0.1061644275028233
07-01-2026 10:10||NIFTY27JAN2625900CE,0.0999080088592116
07-01-2026 10:10||NIFTY27JAN2626000CE,0.0976672243619393
07-01-2026 10:15||NIFTY27JAN2623900PE,0.178231460543955
07-01-2026 10:15||NIFTY27JAN2625700CE,0.1039711216557748
07-01-2026 10:15||NIFTY27JAN2626100CE,0.0922166184450238
07-01-2026 10:15||NIFTY27JAN2626200CE,0.0906086439043061
07-01-2026 10:15||NIFTY27JAN2626500CE,0.0854720717972114
07-01-2026 10:20||NIFTY27JAN2624000PE,0.1730380462799931
07-01-2026 10:20||NIFTY27JAN2624200PE,0.1612938227157723
07-01-2026 10:20||NIFTY27JAN2624300PE,0.1545415536049102
07-01-2026 10:20||NIFTY27JAN2624500PE,0.1447039202982439
07-01-2026 10:20||NIFTY27JAN2625500CE,0.112505942127222
07-01-2026 10:20||NIFTY27JAN2625700CE,0.1000472124709997
07-01-2026 10:20||NIFTY27JAN2626100CE,0.0926008051318359
07-01-2026 10:25||NIFTY27JAN2624000PE,0.1719328554587204
07-01-2026 10:25||NIFTY27JAN2624100PE,0.1656680154262479
07-01-2026 10:25||NIFTY27JAN2625600CE,0.1094220705121869
07-01-2026 10:25||NIFTY27JAN2625700CE,0.0982865507968858
07-01-2026 10:25||NIFTY27JAN2626100CE,0.0905754823596
07-01-2026 10:30||NIFTY27JAN2624200PE,0.1584632124997071
07-01-2026 10:30||NIFTY27JAN2625100PE,0.1110209880085005
07-01-2026 10:30||NIFTY27JAN2625500CE,0.1180360731803207
07-01-2026 10:30||NIFTY27JAN2625600CE,0.1087841562871847
07-01-2026 10:30||NIFTY27JAN2626000CE,0.0982967470212707
07-01-2026 10:30||NIFTY27JAN2626200CE,0.0924331493403175
07-01-2026 10:30||NIFTY27JAN2626300CE,0.0901446770786232
07-01-2026 10:35||NIFTY27JAN2623800PE,0.1803802965569408
07-01-2026 10:35||NIFTY27JAN2624200PE,0.1589758643791395
07-01-2026 10:35||NIFTY27JAN2624500PE,0.1424254420550503
07-01-2026 10:35||NIFTY27JAN2625000PE,0.1160395304868615
07-01-2026 10:35||NIFTY27JAN2625400CE,0.1212526046736743
07-01-2026 10:35||NIFTY27JAN2625500CE,0.1143205118854504
07-01-2026 10:35||NIFTY27JAN2626100CE,0.0914864248519717
07-01-2026 10:35||NIFTY27JAN2626300CE,0.0885510663822956
07-01-2026 10:40||NIFTY27JAN2623900PE,0.1761410004781475
07-01-2026 10:40||NIFTY27JAN2624900PE,0.122178321305016
07-01-2026 10:40||NIFTY27JAN2625100PE,0.1111699233289694
07-01-2026 10:40||NIFTY27JAN2625200CE,0.1150479568593736
07-01-2026 10:40||NIFTY27JAN2625400CE,0.1188031606093287
07-01-2026 10:40||NIFTY27JAN2625600CE,0.1079294112859948
07-01-2026 10:40||NIFTY27JAN2625800CE,0.1079687659167768
07-01-2026 10:40||NIFTY27JAN2626100CE,0.0955168289195718
07-01-2026 10:40||NIFTY27JAN2626300CE,0.0904998417849672
07-01-2026 10:45||NIFTY27JAN2624000PE,0.1715494517481316
07-01-2026 10:45||NIFTY27JAN2625100PE,0.1121353161097972
07-01-2026 10:45||NIFTY27JAN2625300CE,0.1056542981236149
07-01-2026 10:45||NIFTY27JAN2626000CE,0.0961593741567655
07-01-2026 10:45||NIFTY27JAN2626400CE,0.0889169344163003
07-01-2026 10:50||NIFTY27JAN2623900PE,0.1762738179166982
07-01-2026 10:50||NIFTY27JAN2624200PE,0.1594606898652817
07-01-2026 10:50||NIFTY27JAN2625600CE,0.1160539600427391
07-01-2026 10:50||NIFTY27JAN2625800CE,0.1016594246564136
07-01-2026 10:55||NIFTY27JAN2624300PE,0.1544420919602547
07-01-2026 10:55||NIFTY27JAN2624900PE,0.1241924156879112
07-01-2026 10:55||NIFTY27JAN2625500CE,0.112992023322295
07-01-2026 11:00||NIFTY27JAN2624200PE,0.1605251561618075
07-01-2026 11:00||NIFTY27JAN2626500CE,0.0851274775912014
07-01-2026 11:05||NIFTY27JAN2624300PE,0.1561166714957801
07-01-2026 11:05||NIFTY27JAN2624600PE,0.1402019353268048
07-01-2026 11:05||NIFTY27JAN2624800PE,0.1298449120211126
07-01-2026 11:05||NIFTY27JAN2625200CE,0.1235923140690819
07-01-2026 11:05||NIFTY27JAN2626000CE,0.0905299119597497
07-01-2026 11:05||NIFTY27JAN2626200CE,0.0905606795710545
07-01-2026 11:10||NIFTY27JAN2624400PE,0.1500068834681408
07-01-2026 11:10||NIFTY27JAN2624800PE,0.1289862010058516
07-01-2026 11:10||NIFTY27JAN2625200CE,0.1259240695826036
07-01-2026 11:10||NIFTY27JAN2625500CE,0.1141176851696836
07-01-2026 11:10||NIFTY27JAN2625700CE,0.1020965786871515
07-01-2026 11:10||NIFTY27JAN2625900CE,0.0959218245937549
07-01-2026 11:10||NIFTY27JAN2626300CE,0.0894006742849088
07-01-2026 11:15||NIFTY27JAN2624000PE,0.1714736443632491
07-01-2026 11:15||NIFTY27JAN2624800PE,0.1276309035930023
07-01-2026 11:15||NIFTY27JAN2625400CE,0.1167926299017718
07-01-2026 11:15||NIFTY27JAN2626100CE,0.0895491594841667
07-01-2026 11:15||NIFTY27JAN2626300CE,0.0863818678934122
07-01-2026 11:20||NIFTY27JAN2623800PE,0.1813801104230344
07-01-2026 11:20||NIFTY27JAN2624200PE,0.1596138363268665
07-01-2026 11:20||NIFTY27JAN2624900PE,0.1225403909381323
07-01-2026 11:20||NIFTY27JAN2625300CE,0.1187648920482356
07-01-2026 11:20||NIFTY27JAN2625700CE,0.0986182145972734
07-01-2026 11:20||NIFTY27JAN2626000CE,0.0948337620977787
07-01-2026 11:25||NIFTY27JAN2623800PE,0.1818702598514914
07-01-2026 11:25||NIFTY27JAN2624400PE,0.1482993875505336
07-01-2026 11:25||NIFTY27JAN2624800PE,0.1275429703746705
07-01-2026 11:25||NIFTY27JAN2625300CE,0.0965887910920055
07-01-2026 11:25||NIFTY27JAN2625700CE,0.1050244964843922
07-01-2026 11:25||NIFTY27JAN2625800CE,0.0998173005579184
07-01-2026 11:25||NIFTY27JAN2625900CE,0.0933854906061737
07-01-2026 11:25||NIFTY27JAN2626000CE,0.0961586462348115
07-01-2026 11:25||NIFTY27JAN2626200CE,0.0914871299925925
07-01-2026 11:30||NIFTY27JAN2624300PE,0.1538792410448231
07-01-2026 11:30||NIFTY27JAN2624400PE,0.1489887861690952
07-01-2026 11:35||NIFTY27JAN2624900PE,0.1233307973658987
07-01-2026 11:35||NIFTY27JAN2626300CE,0.0938502215581976
07-01-2026 11:40||NIFTY27JAN2624000PE,0.1714110658192747
07-01-2026 11:40||NIFTY27JAN2624500PE,0.1434458427152611
07-01-2026 11:40||NIFTY27JAN2625200CE,0.1374674466183101
07-01-2026 11:40||NIFTY27JAN2625900CE,0.0995170505806872
07-01-2026 11:45||NIFTY27JAN2624000PE,0.1712010058210367
07-01-2026 11:45||NIFTY27JAN2625000PE,0.1162801291993654
07-01-2026 11:45||NIFTY27JAN2625500CE,0.1075275205398889
07-01-2026 11:45||NIFTY27JAN2625600CE,0.1039665404393051
07-01-2026 11:45||NIFTY27JAN2626400CE,0.0873241335244393
07-01-2026 11:50||NIFTY27JAN2624000PE,0.1717559593855673
07-01-2026 11:50||NIFTY27JAN2624600PE,0.137427847373435
07-01-2026 11:50||NIFTY27JAN2625700CE,0.0980371174879514
07-01-2026 11:50||NIFTY27JAN2626400CE,0.0861382154626415
07-01-2026 11:55||NIFTY27JAN2623900PE,0.1757017292031771
07-01-2026 11:55||NIFTY27JAN2625200CE,0.1244697882786371
07-01-2026 11:55||NIFTY27JAN2625400CE,0.116886432430681
07-01-2026 11:55||NIFTY27JAN2626100CE,0.0929953634166954
07-01-2026 11:55||NIFTY27JAN2626300CE,0.0894374245459928
07-01-2026 12:00||NIFTY27JAN2624300PE,0.1531490081676634
07-01-2026 12:00||NIFTY27JAN2624500PE,0.1418743403326413
07-01-2026 12:00||NIFTY27JAN2625500CE,0.1135868628293904
07-01-2026 12:00||NIFTY27JAN2625600CE,0.1057185480115317
07-01-2026 12:00||NIFTY27JAN2626400CE,0.0881116973987271
07-01-2026 12:05||NIFTY27JAN2624200PE,0.1572000654808679
07-01-2026 12:05||NIFTY27JAN2624300PE,0.1522092843641713
07-01-2026 12:05||NIFTY27JAN2625300CE,0.1309900224836477
07-01-2026 12:05||NIFTY27JAN2625900CE,0.098912070519499
07-01-2026 12:05||NIFTY27JAN2626000CE,0.0982382401521991
07-01-2026 12:05||NIFTY27JAN2626300CE,0.0896109763650779
07-01-2026 12:05||NIFTY27JAN2626400CE,0.0893623373961858
07-01-2026 12:10||NIFTY27JAN2624000PE,0.1702993512900653
07-01-2026 12:10||NIFTY27JAN2625200CE,0.1394003818709095
07-01-2026 12:10||NIFTY27JAN2625600CE,0.1084732885386551
07-01-2026 12:10||NIFTY27JAN2626500CE,0.0877196862976552
07-01-2026 12:15||NIFTY27JAN2624300PE,0.1516585473622067
07-01-2026 12:15||NIFTY27JAN2625000PE,0.1145179447125873
07-01-2026 12:15||NIFTY27JAN2625100PE,0.109457104828294
07-01-2026 12:15||NIFTY27JAN2625300CE,0.1189887943311591
07-01-2026 12:15||NIFTY27JAN2625500CE,0.1104076108244101
07-01-2026 12:15||NIFTY27JAN2625600CE,0.1066576768093308
07-01-2026 12:20||NIFTY27JAN2624000PE,0.1687298548153397
07-01-2026 12:20||NIFTY27JAN2624400PE,0.1464171831054876
07-01-2026 12:20||NIFTY27JAN2625100PE,0.1093783015303218
07-01-2026 12:20||NIFTY27JAN2626100CE,0.0903595021959818
07-01-2026 12:25||NIFTY27JAN2624400PE,0.1461228445045663
07-01-2026 12:25||NIFTY27JAN2624600PE,0.13525829529606
07-01-2026 12:25||NIFTY27JAN2624700PE,0.1302531498986385
07-01-2026 12:25||NIFTY27JAN2625300CE,0.1185831557857435
07-01-2026 12:25||NIFTY27JAN2626300CE,0.0883850531424716
07-01-2026 12:30||NIFTY27JAN2623800PE,0.1807996839542692
07-01-2026 12:30||NIFTY27JAN2624000PE,0.1696340576226765
07-01-2026 12:30||NIFTY27JAN2624100PE,0.1635858738558645
07-01-2026 12:30||NIFTY27JAN2624500PE,0.1407512845409335
07-01-2026 12:30||NIFTY27JAN2624600PE,0.1353634543866735
07-01-2026 12:30||NIFTY27JAN2625200CE,0.1310926812432194
07-01-2026 12:30||NIFTY27JAN2626300CE,0.093575951285705
07-01-2026 12:35||NIFTY27JAN2625100PE,0.1098509809480202
07-01-2026 12:35||NIFTY27JAN2625300CE,0.1176615649288824
07-01-2026 12:35||NIFTY27JAN2625400CE,0.1252599727842927
07-01-2026 12:35||NIFTY27JAN2626300CE,0.088352529605536
07-01-2026 12:35||NIFTY27JAN2626500CE,0.0861940933917083
07-01-2026 12:40||NIFTY27JAN2625100PE,0.1093788340701133
07-01-2026 12:40||NIFTY27JAN2625700CE,0.1095141473684739
07-01-2026 12:45||NIFTY27JAN2623800PE,0.1798603877061032
07-01-2026 12:45||NIFTY27JAN2624000PE,0.1680124304310945
07-01-2026 12:45||NIFTY27JAN2624900PE,0.1190888569464763
07-01-2026 12:45||NIFTY27JAN2625000PE,0.1138474898653251
07-01-2026 12:45||NIFTY27JAN2625800CE,0.1002979532708952
07-01-2026 12:45||NIFTY27JAN2626400CE,0.087755356909032
07-01-2026 12:50||NIFTY27JAN2624400PE,0.1449604263877329
07-01-2026 12:50||NIFTY27JAN2624700PE,0.1289157541344831
07-01-2026 12:50||NIFTY27JAN2625100PE,0.1090015037548916
07-01-2026 12:50||NIFTY27JAN2626300CE,0.0880694745866034
07-01-2026 12:55||NIFTY27JAN2623800PE,0.1810236231831046
07-01-2026 12:55||NIFTY27JAN2623900PE,0.1748390198761657
07-01-2026 12:55||NIFTY27JAN2625100PE,0.1080037568773584
07-01-2026 12:55||NIFTY27JAN2625200CE,0.1218129714640117
07-01-2026 12:55||NIFTY27JAN2625300CE,0.1231264380777746
07-01-2026 13:00||NIFTY27JAN2624000PE,0.168459881812291
07-01-2026 13:00||NIFTY27JAN2624400PE,0.1455625743950736
07-01-2026 13:00||NIFTY27JAN2624600PE,0.1347299014984156
07-01-2026 13:00||NIFTY27JAN2625300CE,0.126284959721278
07-01-2026 13:00||NIFTY27JAN2625800CE,0.1002291866371647
07-01-2026 13:05||NIFTY27JAN2623900PE,0.1738826213594901
07-01-2026 13:05||NIFTY27JAN2624700PE,0.1299067471714538
07-01-2026 13:05||NIFTY27JAN2625200CE,0.142330870792442
07-01-2026 13:05||NIFTY27JAN2625400CE,0.1252890356302655
07-01-2026 13:05||NIFTY27JAN2626100CE,0.0903557578445171
07-01-2026 13:10||NIFTY27JAN2624400PE,0.1460996888689346
07-01-2026 13:10||NIFTY27JAN2624700PE,0.130243930630764
07-01-2026 13:10||NIFTY27JAN2625400CE,0.1245183268086579
07-01-2026 13:10||NIFTY27JAN2625900CE,0.0991119236306447
07-01-2026 13:10||NIFTY27JAN2626400CE,0.0880715218273451
07-01-2026 13:15||NIFTY27JAN2624600PE,0.1345782327652035
07-01-2026 13:15||NIFTY27JAN2625400CE,0.116882869788725
07-01-2026 13:15||NIFTY27JAN2625500CE,0.1137870679826489
07-01-2026 13:15||NIFTY27JAN2625700CE,0.1052116697859879
07-01-2026 13:15||NIFTY27JAN2625800CE,0.099479135300581
07-01-2026 13:15||NIFTY27JAN2626400CE,0.0863731174709853
07-01-2026 13:20||NIFTY27JAN2624000PE,0.1683336757103336
07-01-2026 13:20||NIFTY27JAN2624500PE,0.1404173133421097
07-01-2026 13:20||NIFTY27JAN2624800PE,0.1243932158191871
07-01-2026 13:20||NIFTY27JAN2624900PE,0.1190989726905967
07-01-2026 13:20||NIFTY27JAN2625000PE,0.1135255036174021
07-01-2026 13:20||NIFTY27JAN2626300CE,0.0891852315750783
07-01-2026 13:25||NIFTY27JAN2624200PE,0.1561485810881711
07-01-2026 13:25||NIFTY27JAN2624600PE,0.1332486224522714
07-01-2026 13:25||NIFTY27JAN2624700PE,0.1282723093410723
07-01-2026 13:25||NIFTY27JAN2625100PE,0.1083036891527755
07-01-2026 13:25||NIFTY27JAN2626300CE,0.0895440485719983
07-01-2026 13:25||NIFTY27JAN2626400CE,0.0871966858442928
07-01-2026 13:25||NIFTY27JAN2626500CE,0.0873696063426272
07-01-2026 13:30||NIFTY27JAN2624000PE,0.1689440704809267
07-01-2026 13:30||NIFTY27JAN2624400PE,0.1447604820952891
07-01-2026 13:30||NIFTY27JAN2624600PE,0.1346717045750479
07-01-2026 13:30||NIFTY27JAN2624900PE,0.11888676862482
07-01-2026 13:30||NIFTY27JAN2625300CE,0.1274407155965322
07-01-2026 13:30||NIFTY27JAN2625700CE,0.1066781947073808
07-01-2026 13:30||NIFTY27JAN2625800CE,0.1043648094762554
07-01-2026 13:30||NIFTY27JAN2626500CE,0.0873019881543249
07-01-2026 13:35||NIFTY27JAN2623900PE,0.1717673107848676
07-01-2026 13:35||NIFTY27JAN2624200PE,0.1552636796974171
07-01-2026 13:35||NIFTY27JAN2624300PE,0.1506016534796981
07-01-2026 13:35||NIFTY27JAN2625100PE,0.1074809188103628
07-01-2026 13:35||NIFTY27JAN2625200CE,0.1355706728847509
07-01-2026 13:35||NIFTY27JAN2625300CE,0.1301418206842819
07-01-2026 13:40||NIFTY27JAN2624300PE,0.1505677369159128
07-01-2026 13:40||NIFTY27JAN2625000PE,0.1126217781081174
07-01-2026 13:40||NIFTY27JAN2625700CE,0.1103819642823445
07-01-2026 13:40||NIFTY27JAN2626100CE,0.0944765166803565
07-01-2026 13:45||NIFTY27JAN2623900PE,0.1725322944967178
07-01-2026 13:45||NIFTY27JAN2624200PE,0.1561701323380318
07-01-2026 13:45||NIFTY27JAN2624600PE,0.133684481023006
07-01-2026 13:45||NIFTY27JAN2625200CE,0.1336535239657806
07-01-2026 13:45||NIFTY27JAN2625400CE,0.1331249167989068
07-01-2026 13:50||NIFTY27JAN2623800PE,0.180006723399812
07-01-2026 13:50||NIFTY27JAN2623900PE,0.1727563776049819
07-01-2026 13:50||NIFTY27JAN2624100PE,0.1622886175068391
07-01-2026 13:55||NIFTY27JAN2624400PE,0.1455681232129221
07-01-2026 13:55||NIFTY27JAN2625100PE,0.1089586495322657
07-01-2026 13:55||NIFTY27JAN2625300CE,0.1182495926227011
07-01-2026 13:55||NIFTY27JAN2625800CE,0.097026237894819
07-01-2026 13:55||NIFTY27JAN2626400CE,0.0859540184450052
07-01-2026 14:00||NIFTY27JAN2623800PE,0.179493301690286
07-01-2026 14:00||NIFTY27JAN2623900PE,0.1728770683864554
07-01-2026 14:00||NIFTY27JAN2625400CE,0.1166193866657745
07-01-2026 14:00||NIFTY27JAN2625500CE,0.1139374346566059
07-01-2026 14:00||NIFTY27JAN2625900CE,0.096454975130135
07-01-2026 14:00||NIFTY27JAN2626200CE,0.0922557235640442
07-01-2026 14:05||NIFTY27JAN2624000PE,0.1683752481935094
07-01-2026 14:05||NIFTY27JAN2624200PE,0.1567155013234708
07-01-2026 14:05||NIFTY27JAN2624400PE,0.1451100211340772
07-01-2026 14:05||NIFTY27JAN2625900CE,0.0985385773983586
07-01-2026 14:05||NIFTY27JAN2626000CE,0.0957448250427957
07-01-2026 14:05||NIFTY27JAN2626300CE,0.0892802483599091
07-01-2026 14:10||NIFTY27JAN2623800PE,0.1802805730443527
07-01-2026 14:10||NIFTY27JAN2624000PE,0.1694921589312627
07-01-2026 14:10||NIFTY27JAN2624700PE,0.13003959283268
07-01-2026 14:10||NIFTY27JAN2626100CE,0.0915473773711339
07-01-2026 14:10||NIFTY27JAN2626200CE,0.0901272077572693
07-01-2026 14:10||NIFTY27JAN2626400CE,0.0872789035095553
07-01-2026 14:15||NIFTY27JAN2625200CE,0.1314965165256177
07-01-2026 14:15||NIFTY27JAN2625600CE,0.1102848589815887
07-01-2026 14:15||NIFTY27JAN2625900CE,0.0986808763710906
07-01-2026 14:15||NIFTY27JAN2626200CE,0.0907496079216737
07-01-2026 14:20||NIFTY27JAN2623800PE,0.1779874075378501
07-01-2026 14:20||NIFTY27JAN2624500PE,0.1404179644617466
07-01-2026 14:20||NIFTY27JAN2625400CE,0.1137177678774167
07-01-2026 14:20||NIFTY27JAN2625700CE,0.1034216672961841
07-01-2026 14:20||NIFTY27JAN2626300CE,0.0883714843879353
07-01-2026 14:25||NIFTY27JAN2623900PE,0.1721555494445767
07-01-2026 14:25||NIFTY27JAN2625400CE,0.1140642014001052
07-01-2026 14:25||NIFTY27JAN2625700CE,0.1034435516054026
07-01-2026 14:25||NIFTY27JAN2625900CE,0.0961352887138864
07-01-2026 14:25||NIFTY27JAN2626300CE,0.0884896452061828
07-01-2026 14:30||NIFTY27JAN2624800PE,0.1242875336095183
07-01-2026 14:30||NIFTY27JAN2625100PE,0.108548045168213
07-01-2026 14:30||NIFTY27JAN2625300CE,0.1297946877058444
07-01-2026 14:30||NIFTY27JAN2626300CE,0.0902878478699379
07-01-2026 14:35||NIFTY27JAN2624000PE,0.1691319894265565
07-01-2026 14:35||NIFTY27JAN2624100PE,0.1626254486654592
07-01-2026 14:35||NIFTY27JAN2624400PE,0.1453357496211912
07-01-2026 14:35||NIFTY27JAN2624700PE,0.1291643361343883
07-01-2026 14:35||NIFTY27JAN2625000PE,0.1136693254753443
07-01-2026 14:35||NIFTY27JAN2626400CE,0.0876074782281925
07-01-2026 14:35||NIFTY27JAN2626500CE,0.0852511949173752
07-01-2026 14:40||NIFTY27JAN2623800PE,0.1779562699435849
07-01-2026 14:40||NIFTY27JAN2624100PE,0.1624040990393712
07-01-2026 14:40||NIFTY27JAN2625100PE,0.1090739895450813
07-01-2026 14:40||NIFTY27JAN2625400CE,0.1198825934498356
07-01-2026 14:40||NIFTY27JAN2626200CE,0.0898837012377432
07-01-2026 14:45||NIFTY27JAN2623800PE,0.1802758563189642
07-01-2026 14:45||NIFTY27JAN2624000PE,0.1690617767573381
07-01-2026 14:45||NIFTY27JAN2624200PE,0.156865286689446
07-01-2026 14:45||NIFTY27JAN2624500PE,0.1405949288500646
07-01-2026 14:45||NIFTY27JAN2624900PE,0.1199406266755118
07-01-2026 14:50||NIFTY27JAN2623900PE,0.1722959090391452
07-01-2026 14:50||NIFTY27JAN2624900PE,0.1191093613641576
07-01-2026 14:50||NIFTY27JAN2625600CE,0.1095881061645582
07-01-2026 14:50||NIFTY27JAN2626400CE,0.0862210491593056
07-01-2026 14:50||NIFTY27JAN2626500CE,0.0850041938715337
07-01-2026 14:55||NIFTY27JAN2624100PE,0.1641022897992415
07-01-2026 14:55||NIFTY27JAN2624300PE,0.1527371228411037
07-01-2026 14:55||NIFTY27JAN2624600PE,0.1357214761941211
07-01-2026 14:55||NIFTY27JAN2625900CE,0.0987918091728591
07-01-2026 14:55||NIFTY27JAN2626300CE,0.0903304428193436
07-01-2026 15:00||NIFTY27JAN2623900PE,0.1748616242243522
07-01-2026 15:00||NIFTY27JAN2625100PE,0.1103594968247262
07-01-2026 15:00||NIFTY27JAN2625700CE,0.1065305373773148
07-01-2026 15:00||NIFTY27JAN2626000CE,0.0964892978943259
07-01-2026 15:00||NIFTY27JAN2626400CE,0.0881656341645118
07-01-2026 15:05||NIFTY27JAN2624200PE,0.1589495759443726
07-01-2026 15:05||NIFTY27JAN2624500PE,0.1424775062155178
07-01-2026 15:05||NIFTY27JAN2625400CE,0.120733890555428
07-01-2026 15:05||NIFTY27JAN2626000CE,0.0978435264352019
07-01-2026 15:05||NIFTY27JAN2626400CE,0.0887842918019315
07-01-2026 15:10||NIFTY27JAN2623800PE,0.1814776159190683
07-01-2026 15:10||NIFTY27JAN2624000PE,0.1715281778517506
07-01-2026 15:10||NIFTY27JAN2624400PE,0.148146997197158
07-01-2026 15:10||NIFTY27JAN2624500PE,0.1427985629145425
07-01-2026 15:10||NIFTY27JAN2626500CE,0.088379721925833
07-01-2026 15:15||NIFTY27JAN2624200PE,0.1595646738980313
07-01-2026 15:15||NIFTY27JAN2624900PE,0.1223354621382574
07-01-2026 15:15||NIFTY27JAN2625100PE,0.1111352599256488
07-01-2026 15:15||NIFTY27JAN2625600CE,0.1091560126286374
07-01-2026 15:20||NIFTY27JAN2624100PE,0.1654082529006734
07-01-2026 15:20||NIFTY27JAN2625900CE,0.0931657038250332
07-01-2026 15:20||NIFTY27JAN2626300CE,0.0870757385137595
07-01-2026 15:25||NIFTY27JAN2624700PE,0.1320127602333512
07-01-2026 15:25||NIFTY27JAN2625500CE,0.1072797068164211
07-01-2026 15:25||NIFTY27JAN2626100CE,0.0901243781566444
07-01-2026 15:25||NIFTY27JAN2626400CE,0.0870994439072836
07-01-2026 15:25||NIFTY27JAN2626500CE,0.0858753342292739
08-01-2026 09:15||NIFTY27JAN2624100PE,0.1628765479833182
08-01-2026 09:15||NIFTY27JAN2624300PE,0.1512151517129245
08-01-2026 09:15||NIFTY27JAN2625100PE,0.1088754047498224
08-01-2026 09:15||NIFTY27JAN2625300CE,0.1257882469854151
08-01-2026 09:15||NIFTY27JAN2626300CE,0.0887724426255327
08-01-2026 09:20||NIFTY27JAN2623800PE,0.1802698651996877
08-01-2026 09:20||NIFTY27JAN2624100PE,0.1636475757411824
08-01-2026 09:20||NIFTY27JAN2624800PE,0.1257469954130405
08-01-2026 09:20||NIFTY27JAN2624900PE,0.1203966718180702
08-01-2026 09:20||NIFTY27JAN2625300CE,0.1275693958029213
08-01-2026 09:20||NIFTY27JAN2625900CE,0.0985922561157806
08-01-2026 09:20||NIFTY27JAN2626000CE,0.0982649216553308
08-01-2026 09:20||NIFTY27JAN2626400CE,0.0901409157707689
08-01-2026 09:20||NIFTY27JAN2626500CE,0.0879412353296129
08-01-2026 09:25||NIFTY27JAN2623900PE,0.1721108204787573
08-01-2026 09:25||NIFTY27JAN2624100PE,0.16270597464294
08-01-2026 09:25||NIFTY27JAN2624200PE,0.156382526328854
08-01-2026 09:25||NIFTY27JAN2625300CE,0.127357652710765
08-01-2026 09:25||NIFTY27JAN2626200CE,0.0922695874797958
08-01-2026 09:25||NIFTY27JAN2626400CE,0.0877351245665634
08-01-2026 09:30||NIFTY27JAN2624100PE,0.1633045261457342
08-01-2026 09:30||NIFTY27JAN2624700PE,0.1290568916208094
08-01-2026 09:30||NIFTY27JAN2624800PE,0.1238133615905782
08-01-2026 09:30||NIFTY27JAN2624900PE,0.1188888157315014
08-01-2026 09:30||NIFTY27JAN2625000PE,0.1137396375676454
08-01-2026 09:30||NIFTY27JAN2626200CE,0.089397554461161
08-01-2026 09:30||NIFTY27JAN2626300CE,0.0876378531384027
08-01-2026 09:35||NIFTY27JAN2623900PE,0.174575190910123
08-01-2026 09:35||NIFTY27JAN2624100PE,0.1641610852152812
08-01-2026 09:35||NIFTY27JAN2624400PE,0.145560043084292
08-01-2026 09:35||NIFTY27JAN2625300CE,0.1316240352780186
08-01-2026 09:35||NIFTY27JAN2625400CE,0.1088268736930487
08-01-2026 09:35||NIFTY27JAN2626100CE,0.0877983634150496
08-01-2026 09:35||NIFTY27JAN2626200CE,0.0865867226966146
08-01-2026 09:35||NIFTY27JAN2626500CE,0.0855996394312201
08-01-2026 09:40||NIFTY27JAN2623800PE,0.1786795363129223
08-01-2026 09:40||NIFTY27JAN2624800PE,0.1244109716095713
08-01-2026 09:40||NIFTY27JAN2624900PE,0.1190713421744237
08-01-2026 09:40||NIFTY27JAN2625000PE,0.113331004878564
08-01-2026 09:40||NIFTY27JAN2625200CE,0.1236628209381351
08-01-2026 09:40||NIFTY27JAN2625700CE,0.1053805508873471
08-01-2026 09:40||NIFTY27JAN2626200CE,0.0911460034287356
08-01-2026 09:40||NIFTY27JAN2626400CE,0.0868358982178724
08-01-2026 09:45||NIFTY27JAN2624200PE,0.1560931555931933
08-01-2026 09:45||NIFTY27JAN2624600PE,0.1332404179451264
08-01-2026 09:45||NIFTY27JAN2625400CE,0.1321113627639988
08-01-2026 09:45||NIFTY27JAN2625900CE,0.1002665231611048
08-01-2026 09:45||NIFTY27JAN2626500CE,0.0866846394167966
08-01-2026 09:50||NIFTY27JAN2624400PE,0.1443898816035235
08-01-2026 09:50||NIFTY27JAN2625100PE,0.1075854617173902
08-01-2026 09:50||NIFTY27JAN2625500CE,0.1207518810799084
08-01-2026 09:50||NIFTY27JAN2625600CE,0.1124852172534026
08-01-2026 09:50||NIFTY27JAN2626400CE,0.0880505829923027
08-01-2026 09:55||NIFTY27JAN2624200PE,0.1564938397387692
08-01-2026 09:55||NIFTY27JAN2624600PE,0.134066856385033
08-01-2026 09:55||NIFTY27JAN2625000PE,0.1136479723208617
08-01-2026 09:55||NIFTY27JAN2625100PE,0.1080218630678871
08-01-2026 09:55||NIFTY27JAN2625300CE,0.1226073656385489
08-01-2026 09:55||NIFTY27JAN2626000CE,0.0980668008109959
08-01-2026 09:55||NIFTY27JAN2626200CE,0.0923915825141111
08-01-2026 10:00||NIFTY27JAN2624600PE,0.1338285276332636
08-01-2026 10:00||NIFTY27JAN2625900CE,0.0982491147949527
08-01-2026 10:00||NIFTY27JAN2626100CE,0.0934003659430594
08-01-2026 10:00||NIFTY27JAN2626200CE,0.091360755152308
08-01-2026 10:05||NIFTY27JAN2624800PE,0.1234510228904381
08-01-2026 10:05||NIFTY27JAN2625500CE,0.1187675537638096
08-01-2026 10:05||NIFTY27JAN2625800CE,0.1029576734616868
08-01-2026 10:05||NIFTY27JAN2626000CE,0.0972705175330272
08-01-2026 10:05||NIFTY27JAN2626500CE,0.0869926646871471
08-01-2026 10:10||NIFTY27JAN2624100PE,0.1642616182196305
08-01-2026 10:10||NIFTY27JAN2625000PE,0.1134711048163528
08-01-2026 10:10||NIFTY27JAN2625100PE,0.1076970262487583
08-01-2026 10:10||NIFTY27JAN2625200CE,0.1299929233946292
08-01-2026 10:10||NIFTY27JAN2625600CE,0.0998533694945311
08-01-2026 10:10||NIFTY27JAN2625800CE,0.1007554237416472
08-01-2026 10:10||NIFTY27JAN2626400CE,0.0862906228637538
08-01-2026 10:15||NIFTY27JAN2625100PE,0.1073637239016533
08-01-2026 10:15||NIFTY27JAN2625700CE,0.1065966840570725
08-01-2026 10:15||NIFTY27JAN2625800CE,0.1042037723013106
08-01-2026 10:15||NIFTY27JAN2626500CE,0.0858751020681964
08-01-2026 10:20||NIFTY27JAN2625200CE,0.1275431046984608
08-01-2026 10:20||NIFTY27JAN2626400CE,0.0868959120471263
08-01-2026 10:25||NIFTY27JAN2623900PE,0.1734087375134946
08-01-2026 10:25||NIFTY27JAN2624000PE,0.1688971385885321
08-01-2026 10:25||NIFTY27JAN2624400PE,0.1449280065073387
08-01-2026 10:25||NIFTY27JAN2624800PE,0.1236028676035513
08-01-2026 10:25||NIFTY27JAN2625000PE,0.1134695330677241
08-01-2026 10:25||NIFTY27JAN2625100PE,0.1078815727319735
08-01-2026 10:25||NIFTY27JAN2625200CE,0.1301263620098215
08-01-2026 10:25||NIFTY27JAN2625500CE,0.1119587462247425
08-01-2026 10:25||NIFTY27JAN2625600CE,0.1060608944784667
08-01-2026 10:25||NIFTY27JAN2625700CE,0.1029990200577256
08-01-2026 10:25||NIFTY27JAN2626100CE,0.092450393584341
08-01-2026 10:25||NIFTY27JAN2626500CE,0.0853365360489037
08-01-2026 10:30||NIFTY27JAN2623800PE,0.1790181679612324
08-01-2026 10:30||NIFTY27JAN2624000PE,0.1689253675144393
08-01-2026 10:30||NIFTY27JAN2624400PE,0.144965099617738
08-01-2026 10:30||NIFTY27JAN2624500PE,0.1402359329397832
08-01-2026 10:30||NIFTY27JAN2626000CE,0.0939810336143952
08-01-2026 10:30||NIFTY27JAN2626400CE,0.0873382234366208
08-01-2026 10:30||NIFTY27JAN2626500CE,0.0853276758228923
08-01-2026 10:35||NIFTY27JAN2624000PE,0.1691098682955922
08-01-2026 10:35||NIFTY27JAN2624200PE,0.1568186205306474
08-01-2026 10:35||NIFTY27JAN2625800CE,0.0976156833374248
08-01-2026 10:35||NIFTY27JAN2626300CE,0.0880663247137682
08-01-2026 10:35||NIFTY27JAN2626500CE,0.0853656812158808
08-01-2026 10:40||NIFTY27JAN2624000PE,0.1685139295580952
08-01-2026 10:40||NIFTY27JAN2624300PE,0.1512306890925163
08-01-2026 10:40||NIFTY27JAN2625000PE,0.113803984731716
08-01-2026 10:40||NIFTY27JAN2625500CE,0.1092467863556646
08-01-2026 10:40||NIFTY27JAN2625900CE,0.0942023348600555
08-01-2026 10:40||NIFTY27JAN2626100CE,0.0913820497394492
08-01-2026 10:40||NIFTY27JAN2626300CE,0.0879023907258642
08-01-2026 10:40||NIFTY27JAN2626400CE,0.0866416120098028
08-01-2026 10:45||NIFTY27JAN2623900PE,0.1733788604881003
08-01-2026 10:45||NIFTY27JAN2624200PE,0.1567269950873843
08-01-2026 10:45||NIFTY27JAN2625200CE,0.1261878476296034
08-01-2026 10:45||NIFTY27JAN2625300CE,0.1211939206435575
08-01-2026 10:45||NIFTY27JAN2625600CE,0.1034077584874253
08-01-2026 10:45||NIFTY27JAN2626400CE,0.0869458236805835
08-01-2026 10:45||NIFTY27JAN2626500CE,0.0854849955356628
08-01-2026 10:50||NIFTY27JAN2623900PE,0.173216616931101
08-01-2026 10:50||NIFTY27JAN2625500CE,0.1084949473126483
08-01-2026 10:50||NIFTY27JAN2625800CE,0.0978027708256652
08-01-2026 10:50||NIFTY27JAN2626100CE,0.0910569999993857
08-01-2026 10:50||NIFTY27JAN2626500CE,0.0858673089066647
08-01-2026 10:55||NIFTY27JAN2624000PE,0.1687931994373771
08-01-2026 10:55||NIFTY27JAN2624700PE,0.1291392432272434
08-01-2026 10:55||NIFTY27JAN2624800PE,0.1245867292933753
08-01-2026 10:55||NIFTY27JAN2625100PE,0.1091002005447765
08-01-2026 10:55||NIFTY27JAN2625400CE,0.1104764292298652
08-01-2026 10:55||NIFTY27JAN2625600CE,0.1026164554839795
08-01-2026 11:00||NIFTY27JAN2623800PE,0.1789565233715501
08-01-2026 11:00||NIFTY27JAN2623900PE,0.1737071421190245
08-01-2026 11:00||NIFTY27JAN2624000PE,0.1687854179203385
08-01-2026 11:00||NIFTY27JAN2624300PE,0.1505565880121649
08-01-2026 11:00||NIFTY27JAN2624600PE,0.1346687744320762
08-01-2026 11:00||NIFTY27JAN2625000PE,0.1142445652785184
08-01-2026 11:00||NIFTY27JAN2625100PE,0.1092099300916347
08-01-2026 11:00||NIFTY27JAN2626200CE,0.0896734254722722
08-01-2026 11:00||NIFTY27JAN2626500CE,0.086444254223235
08-01-2026 11:05||NIFTY27JAN2623800PE,0.1795982823956201
08-01-2026 11:05||NIFTY27JAN2624200PE,0.156543543675788
08-01-2026 11:05||NIFTY27JAN2624400PE,0.1451105279188905
08-01-2026 11:05||NIFTY27JAN2624800PE,0.1251216117771701
08-01-2026 11:05||NIFTY27JAN2625400CE,0.1111372785391199
08-01-2026 11:05||NIFTY27JAN2626000CE,0.0933705806143781
08-01-2026 11:05||NIFTY27JAN2626200CE,0.0897842068145718
08-01-2026 11:05||NIFTY27JAN2626300CE,0.0885746922045285
08-01-2026 11:10||NIFTY27JAN2624000PE,0.1691645196886063
08-01-2026 11:10||NIFTY27JAN2624200PE,0.1565308295155192
08-01-2026 11:10||NIFTY27JAN2624400PE,0.1455777491945026
08-01-2026 11:10||NIFTY27JAN2624600PE,0.1351136183015169
08-01-2026 11:10||NIFTY27JAN2624700PE,0.1296800596688516
08-01-2026 11:10||NIFTY27JAN2625200CE,0.1295918551245903
08-01-2026 11:10||NIFTY27JAN2625600CE,0.1040682640880089
08-01-2026 11:10||NIFTY27JAN2625900CE,0.0949634117359527
08-01-2026 11:10||NIFTY27JAN2626000CE,0.0932944476518458
08-01-2026 11:15||NIFTY27JAN2624100PE,0.1617051693335177
08-01-2026 11:15||NIFTY27JAN2624200PE,0.1570022162103668
08-01-2026 11:15||NIFTY27JAN2624900PE,0.1195172033373053
08-01-2026 11:15||NIFTY27JAN2625200CE,0.1324661126381437
08-01-2026 11:15||NIFTY27JAN2626200CE,0.0901757048413843
08-01-2026 11:15||NIFTY27JAN2626400CE,0.0877954014755294
08-01-2026 11:20||NIFTY27JAN2624300PE,0.1529493726689779
08-01-2026 11:20||NIFTY27JAN2625700CE,0.1021055073154178
08-01-2026 11:20||NIFTY27JAN2626400CE,0.0895412534080911
08-01-2026 11:20||NIFTY27JAN2626500CE,0.0890752742251083
08-01-2026 11:25||NIFTY27JAN2623800PE,0.1794306698970524
08-01-2026 11:25||NIFTY27JAN2624300PE,0.1531165968541468
08-01-2026 11:25||NIFTY27JAN2624400PE,0.1469308140446249
08-01-2026 11:25||NIFTY27JAN2624700PE,0.1306732873004357
08-01-2026 11:25||NIFTY27JAN2625400CE,0.1158964843013185
08-01-2026 11:25||NIFTY27JAN2626200CE,0.0937802172338781
08-01-2026 11:30||NIFTY27JAN2623800PE,0.1795841080871215
08-01-2026 11:30||NIFTY27JAN2624100PE,0.1643956768217788
08-01-2026 11:30||NIFTY27JAN2624200PE,0.1599468287005072
08-01-2026 11:30||NIFTY27JAN2625200CE,0.1337646224980303
08-01-2026 11:30||NIFTY27JAN2625400CE,0.1157450262193116
08-01-2026 11:30||NIFTY27JAN2625500CE,0.1161565848985527
08-01-2026 11:30||NIFTY27JAN2625800CE,0.1024065314610437
08-01-2026 11:30||NIFTY27JAN2626000CE,0.0981080946837203
08-01-2026 11:30||NIFTY27JAN2626100CE,0.0955312427406406
08-01-2026 11:35||NIFTY27JAN2623800PE,0.1790874241151869
08-01-2026 11:35||NIFTY27JAN2624100PE,0.1640097653949544
08-01-2026 11:35||NIFTY27JAN2624400PE,0.147025410947221
08-01-2026 11:35||NIFTY27JAN2624500PE,0.1415515296061435
08-01-2026 11:35||NIFTY27JAN2624700PE,0.1305000433386999
08-01-2026 11:35||NIFTY27JAN2624900PE,0.1204514527243348
08-01-2026 11:35||NIFTY27JAN2625200CE,0.129424463708427
08-01-2026 11:35||NIFTY27JAN2625300CE,0.1336751607202373
08-01-2026 11:35||NIFTY27JAN2626500CE,0.0897058013933937
08-01-2026 11:40||NIFTY27JAN2624100PE,0.1650125128491204
08-01-2026 11:40||NIFTY27JAN2624200PE,0.1594744373738461
08-01-2026 11:40||NIFTY27JAN2624400PE,0.1487990928864875
08-01-2026 11:40||NIFTY27JAN2624900PE,0.1217693130736624
08-01-2026 11:40||NIFTY27JAN2625600CE,0.1004854793353731
08-01-2026 11:40||NIFTY27JAN2625800CE,0.0960814459285919
08-01-2026 11:45||NIFTY27JAN2624200PE,0.1586857177449739
08-01-2026 11:45||NIFTY27JAN2625500CE,0.1152787416729475
08-01-2026 11:45||NIFTY27JAN2625900CE,0.0990841299785782
08-01-2026 11:45||NIFTY27JAN2626100CE,0.0952162358313023
08-01-2026 11:50||NIFTY27JAN2623800PE,0.1804222251980151
08-01-2026 11:50||NIFTY27JAN2625700CE,0.0976963899038627
08-01-2026 11:50||NIFTY27JAN2625800CE,0.1006568217148437
08-01-2026 11:50||NIFTY27JAN2626500CE,0.088979985328199
08-01-2026 11:55||NIFTY27JAN2624200PE,0.1580672243961723
08-01-2026 11:55||NIFTY27JAN2624700PE,0.1293071773846117
08-01-2026 11:55||NIFTY27JAN2625100PE,0.1092521347756982
08-01-2026 11:55||NIFTY27JAN2625400CE,0.1203426829356234
08-01-2026 11:55||NIFTY27JAN2625600CE,0.1095637953372026
08-01-2026 11:55||NIFTY27JAN2625800CE,0.1003279009165133
08-01-2026 12:00||NIFTY27JAN2624500PE,0.1443972875356931
08-01-2026 12:00||NIFTY27JAN2624700PE,0.1315909857730579
08-01-2026 12:00||NIFTY27JAN2625000PE,0.1174226892776371
08-01-2026 12:00||NIFTY27JAN2625500CE,0.1105313648555536
08-01-2026 12:00||NIFTY27JAN2626300CE,0.0924720307503924
08-01-2026 12:05||NIFTY27JAN2624000PE,0.1703512447912456
08-01-2026 12:05||NIFTY27JAN2624200PE,0.1575508435354098
08-01-2026 12:05||NIFTY27JAN2624500PE,0.1396989680218055
08-01-2026 12:05||NIFTY27JAN2624900PE,0.117822009740141
08-01-2026 12:05||NIFTY27JAN2625300CE,0.1204156393447366
08-01-2026 12:05||NIFTY27JAN2625800CE,0.1001799587339656
08-01-2026 12:05||NIFTY27JAN2625900CE,0.0985728789113494
08-01-2026 12:05||NIFTY27JAN2626400CE,0.0922781366570053
08-01-2026 12:10||NIFTY27JAN2624000PE,0.173307107651072
08-01-2026 12:10||NIFTY27JAN2624400PE,0.1489832021631908
08-01-2026 12:15||NIFTY27JAN2624100PE,0.1651764897970022
08-01-2026 12:15||NIFTY27JAN2624400PE,0.1476960127113029
08-01-2026 12:15||NIFTY27JAN2625200CE,0.1295007962796968
08-01-2026 12:15||NIFTY27JAN2625400CE,0.121091371851344
08-01-2026 12:15||NIFTY27JAN2625500CE,0.1109592780103237
08-01-2026 12:15||NIFTY27JAN2625700CE,0.10223048644094
08-01-2026 12:20||NIFTY27JAN2624800PE,0.127469515210209
08-01-2026 12:20||NIFTY27JAN2625800CE,0.1014648475382267
08-01-2026 12:20||NIFTY27JAN2626300CE,0.0929060804196248
08-01-2026 12:25||NIFTY27JAN2624100PE,0.1659529886801332
08-01-2026 12:25||NIFTY27JAN2624400PE,0.1479041666708092
08-01-2026 12:25||NIFTY27JAN2624900PE,0.121226368779589
08-01-2026 12:25||NIFTY27JAN2625700CE,0.1023687270469386
08-01-2026 12:25||NIFTY27JAN2626000CE,0.0961925791569106
08-01-2026 12:30||NIFTY27JAN2624200PE,0.1591929952528695
08-01-2026 12:30||NIFTY27JAN2624300PE,0.154222388630171
08-01-2026 12:30||NIFTY27JAN2625100PE,0.1116476866774894
08-01-2026 12:30||NIFTY27JAN2625700CE,0.1019222753483107
08-01-2026 12:30||NIFTY27JAN2626000CE,0.0959057760673843
08-01-2026 12:35||NIFTY27JAN2624800PE,0.1270281813618085
08-01-2026 12:35||NIFTY27JAN2625000PE,0.1153199538293715
08-01-2026 12:35||NIFTY27JAN2625400CE,0.1161345834597362
08-01-2026 12:35||NIFTY27JAN2625500CE,0.1150788544847778
08-01-2026 12:35||NIFTY27JAN2625800CE,0.1036874639405949
08-01-2026 12:35||NIFTY27JAN2626100CE,0.097125797029905
08-01-2026 12:35||NIFTY27JAN2626200CE,0.0950454881742095
08-01-2026 12:40||NIFTY27JAN2624100PE,0.1663724303334151
08-01-2026 12:40||NIFTY27JAN2624400PE,0.1500033169465464
08-01-2026 12:40||NIFTY27JAN2624800PE,0.1263999245954674
08-01-2026 12:40||NIFTY27JAN2625000PE,0.1154074000750272
08-01-2026 12:40||NIFTY27JAN2625200CE,0.133361883357215
08-01-2026 12:40||NIFTY27JAN2626000CE,0.1000154000354047
08-01-2026 12:45||NIFTY27JAN2624400PE,0.1525361347550208
08-01-2026 12:45||NIFTY27JAN2624600PE,0.1380196897490871
08-01-2026 12:45||NIFTY27JAN2625000PE,0.1159269579578277
08-01-2026 12:45||NIFTY27JAN2625300CE,0.1266876049242423
08-01-2026 12:45||NIFTY27JAN2625800CE,0.1029927628644713
08-01-2026 12:45||NIFTY27JAN2626200CE,0.0957891191111166
08-01-2026 12:45||NIFTY27JAN2626300CE,0.094700188627373
08-01-2026 12:50||NIFTY27JAN2623800PE,0.184942412813504
08-01-2026 12:50||NIFTY27JAN2624900PE,0.1205625908163906
08-01-2026 12:50||NIFTY27JAN2625600CE,0.1104683503296213
08-01-2026 12:50||NIFTY27JAN2626300CE,0.0951207385112764
08-01-2026 12:50||NIFTY27JAN2626400CE,0.0936536267196303
08-01-2026 12:55||NIFTY27JAN2624200PE,0.1619885117705656
08-01-2026 12:55||NIFTY27JAN2624300PE,0.1562588229741725
08-01-2026 12:55||NIFTY27JAN2624400PE,0.1496011001781193
08-01-2026 12:55||NIFTY27JAN2626100CE,0.098810572141424
08-01-2026 13:00||NIFTY27JAN2624200PE,0.159784282372003
08-01-2026 13:00||NIFTY27JAN2624500PE,0.1424006977182157
08-01-2026 13:00||NIFTY27JAN2624600PE,0.1342609603956926
08-01-2026 13:00||NIFTY27JAN2624700PE,0.1278634976242967
08-01-2026 13:00||NIFTY27JAN2625000PE,0.1131666273674739
08-01-2026 13:00||NIFTY27JAN2625100PE,0.1074698312571408
08-01-2026 13:00||NIFTY27JAN2625400CE,0.1320664838047036
08-01-2026 13:00||NIFTY27JAN2625800CE,0.1087744964284008
08-01-2026 13:05||NIFTY27JAN2623800PE,0.184465831971702
08-01-2026 13:05||NIFTY27JAN2624600PE,0.1365178350671231
08-01-2026 13:05||NIFTY27JAN2625700CE,0.1054087372084326
08-01-2026 13:05||NIFTY27JAN2625800CE,0.1015821220305383
08-01-2026 13:05||NIFTY27JAN2626000CE,0.0990181842443921
08-01-2026 13:05||NIFTY27JAN2626100CE,0.0962274071122714
08-01-2026 13:05||NIFTY27JAN2626200CE,0.0946957384435941
08-01-2026 13:05||NIFTY27JAN2626300CE,0.0928279541846655
08-01-2026 13:10||NIFTY27JAN2624100PE,0.1676791455534756
08-01-2026 13:10||NIFTY27JAN2624900PE,0.1219614864948931
08-01-2026 13:10||NIFTY27JAN2625400CE,0.1220199617801958
08-01-2026 13:10||NIFTY27JAN2625700CE,0.1055831296827484
08-01-2026 13:10||NIFTY27JAN2625800CE,0.102290654138091
08-01-2026 13:10||NIFTY27JAN2626100CE,0.0969563397258063
08-01-2026 13:10||NIFTY27JAN2626200CE,0.0952546054136083
08-01-2026 13:15||NIFTY27JAN2624300PE,0.1580121243637263
08-01-2026 13:15||NIFTY27JAN2625000PE,0.1159137339731594
08-01-2026 13:15||NIFTY27JAN2625900CE,0.101776308419689
08-01-2026 13:15||NIFTY27JAN2626300CE,0.0946675605398922
08-01-2026 13:20||NIFTY27JAN2623800PE,0.1842790278118918
08-01-2026 13:20||NIFTY27JAN2624000PE,0.1733182382357898
08-01-2026 13:20||NIFTY27JAN2624400PE,0.1502802173154261
08-01-2026 13:20||NIFTY27JAN2625000PE,0.1154936598462188
08-01-2026 13:20||NIFTY27JAN2625300CE,0.1282985823744631
08-01-2026 13:20||NIFTY27JAN2625400CE,0.1174219233231721
08-01-2026 13:20||NIFTY27JAN2626200CE,0.095625615003176
08-01-2026 13:25||NIFTY27JAN2624600PE,0.1373165854960858
08-01-2026 13:25||NIFTY27JAN2624900PE,0.1195760512606259
08-01-2026 13:25||NIFTY27JAN2625400CE,0.1215684347585606
08-01-2026 13:25||NIFTY27JAN2625500CE,0.1180977751914786
08-01-2026 13:25||NIFTY27JAN2625900CE,0.1037534437529335
08-01-2026 13:25||NIFTY27JAN2626000CE,0.1014179440021795
08-01-2026 13:25||NIFTY27JAN2626100CE,0.0989912620900847
08-01-2026 13:30||NIFTY27JAN2624300PE,0.1500360354641645
08-01-2026 13:30||NIFTY27JAN2624400PE,0.1438718930288617
08-01-2026 13:30||NIFTY27JAN2625600CE,0.1114365994935481
08-01-2026 13:30||NIFTY27JAN2625700CE,0.1072031728806945
08-01-2026 13:30||NIFTY27JAN2626100CE,0.0953228470316669
08-01-2026 13:30||NIFTY27JAN2626500CE,0.0912410112926341
08-01-2026 13:35||NIFTY27JAN2624600PE,0.1355731760731857
08-01-2026 13:35||NIFTY27JAN2624700PE,0.1295352499632917
08-01-2026 13:35||NIFTY27JAN2624800PE,0.1253994276959706
08-01-2026 13:35||NIFTY27JAN2624900PE,0.119474533385271
08-01-2026 13:40||NIFTY27JAN2624100PE,0.1646561240926191
08-01-2026 13:40||NIFTY27JAN2624800PE,0.1236308430640726
08-01-2026 13:40||NIFTY27JAN2624900PE,0.1184235579299171
08-01-2026 13:40||NIFTY27JAN2625300CE,0.1271782275238294
08-01-2026 13:40||NIFTY27JAN2625600CE,0.1155419488539772
08-01-2026 13:40||NIFTY27JAN2625700CE,0.1119814620189002
08-01-2026 13:40||NIFTY27JAN2626000CE,0.1024318550423936
08-01-2026 13:40||NIFTY27JAN2626200CE,0.0972338929123539
08-01-2026 13:40||NIFTY27JAN2626300CE,0.0961654849942537
08-01-2026 13:45||NIFTY27JAN2624600PE,0.1375009684042297
08-01-2026 13:45||NIFTY27JAN2624700PE,0.1312042858606946
08-01-2026 13:45||NIFTY27JAN2625100PE,0.1114611856198409
08-01-2026 13:45||NIFTY27JAN2625600CE,0.10935322072347
08-01-2026 13:45||NIFTY27JAN2625700CE,0.1070582656845971
08-01-2026 13:50||NIFTY27JAN2624600PE,0.1373046746637647
08-01-2026 13:50||NIFTY27JAN2625500CE,0.1179947971046641
08-01-2026 13:55||NIFTY27JAN2624200PE,0.159606444126709
08-01-2026 13:55||NIFTY27JAN2624600PE,0.1344258589215834
08-01-2026 13:55||NIFTY27JAN2625000PE,0.1163511722197759
08-01-2026 13:55||NIFTY27JAN2625200CE,0.1255662063969563
08-01-2026 13:55||NIFTY27JAN2625700CE,0.1068622309862598
08-01-2026 14:00||NIFTY27JAN2623800PE,0.1825630113553536
08-01-2026 14:00||NIFTY27JAN2623900PE,0.1770213135294923
08-01-2026 14:00||NIFTY27JAN2625300CE,0.1186897083948864
08-01-2026 14:00||NIFTY27JAN2625400CE,0.1137982059015029
08-01-2026 14:00||NIFTY27JAN2625900CE,0.0970171545878774
08-01-2026 14:00||NIFTY27JAN2626000CE,0.0955406244605047
08-01-2026 14:00||NIFTY27JAN2626100CE,0.0945367076778823
08-01-2026 14:00||NIFTY27JAN2626200CE,0.093259011635597
08-01-2026 14:00||NIFTY27JAN2626300CE,0.0924783825003405
08-01-2026 14:05||NIFTY27JAN2623900PE,0.1770555216362563
08-01-2026 14:05||NIFTY27JAN2624500PE,0.1417275628093228
08-01-2026 14:05||NIFTY27JAN2625300CE,0.1207637436710578
08-01-2026 14:05||NIFTY27JAN2626000CE,0.0974942468899994
08-01-2026 14:05||NIFTY27JAN2626200CE,0.0937248163103554
08-01-2026 14:05||NIFTY27JAN2626300CE,0.0914765868672312
08-01-2026 14:05||NIFTY27JAN2626500CE,0.0895756110292061
08-01-2026 14:10||NIFTY27JAN2624800PE,0.1248818528109202
08-01-2026 14:10||NIFTY27JAN2625000PE,0.1141029035659767
08-01-2026 14:10||NIFTY27JAN2625200CE,0.1331431389230233
08-01-2026 14:10||NIFTY27JAN2625300CE,0.1285606573443892
08-01-2026 14:10||NIFTY27JAN2625700CE,0.1027755450989048
08-01-2026 14:15||NIFTY27JAN2623800PE,0.1813754984573618
08-01-2026 14:15||NIFTY27JAN2624200PE,0.160852446450838
08-01-2026 14:15||NIFTY27JAN2624300PE,0.1535843705952248
08-01-2026 14:15||NIFTY27JAN2625000PE,0.1155776154009588
08-01-2026 14:15||NIFTY27JAN2625200CE,0.1241515454469688
08-01-2026 14:15||NIFTY27JAN2625600CE,0.1087220976711268
08-01-2026 14:15||NIFTY27JAN2626100CE,0.0948530339629731
08-01-2026 14:15||NIFTY27JAN2626400CE,0.0901054632387999
08-01-2026 14:20||NIFTY27JAN2624500PE,0.1443268357318433
08-01-2026 14:20||NIFTY27JAN2625000PE,0.117874122364373
08-01-2026 14:20||NIFTY27JAN2625700CE,0.1022619848114094
08-01-2026 14:20||NIFTY27JAN2626400CE,0.0925809901320968
08-01-2026 14:25||NIFTY27JAN2624600PE,0.1379483765216779
08-01-2026 14:25||NIFTY27JAN2624800PE,0.1274390823861302
08-01-2026 14:25||NIFTY27JAN2625200CE,0.1348608355006194
08-01-2026 14:25||NIFTY27JAN2625600CE,0.1110730234262602
08-01-2026 14:25||NIFTY27JAN2625900CE,0.1025541660386937
08-01-2026 14:25||NIFTY27JAN2626000CE,0.1000374222609015
08-01-2026 14:30||NIFTY27JAN2624500PE,0.1431575467589953
08-01-2026 14:30||NIFTY27JAN2626200CE,0.0989794780525191
08-01-2026 14:30||NIFTY27JAN2626400CE,0.0957887068114076
08-01-2026 14:30||NIFTY27JAN2626500CE,0.0953455177456487
08-01-2026 14:35||NIFTY27JAN2624200PE,0.1611027019608513
08-01-2026 14:35||NIFTY27JAN2624800PE,0.1252372240650311
08-01-2026 14:35||NIFTY27JAN2625100PE,0.1094971635733803
08-01-2026 14:35||NIFTY27JAN2626100CE,0.0944396876908436
08-01-2026 14:40||NIFTY27JAN2624200PE,0.1608462339556499
08-01-2026 14:40||NIFTY27JAN2624600PE,0.1350360693957865
08-01-2026 14:40||NIFTY27JAN2625000PE,0.1156195293238908
08-01-2026 14:40||NIFTY27JAN2625300CE,0.1219142263544195
08-01-2026 14:40||NIFTY27JAN2625400CE,0.1148711891577408
08-01-2026 14:40||NIFTY27JAN2625500CE,0.119950930483187
08-01-2026 14:40||NIFTY27JAN2626200CE,0.09498471941419
08-01-2026 14:40||NIFTY27JAN2626300CE,0.0931615704362684
08-01-2026 14:45||NIFTY27JAN2624000PE,0.1734148562625996
08-01-2026 14:45||NIFTY27JAN2624700PE,0.1296100643211185
08-01-2026 14:45||NIFTY27JAN2625000PE,0.1164448583654161
08-01-2026 14:45||NIFTY27JAN2625300CE,0.1268537320169534
08-01-2026 14:45||NIFTY27JAN2625700CE,0.1060918831028155
08-01-2026 14:50||NIFTY27JAN2624100PE,0.1663667918317883
08-01-2026 14:50||NIFTY27JAN2624300PE,0.1555574240342959
08-01-2026 14:50||NIFTY27JAN2625100PE,0.1115020125170791
08-01-2026 14:50||NIFTY27JAN2625400CE,0.120078007277772
08-01-2026 14:50||NIFTY27JAN2625500CE,0.1125073616812201
08-01-2026 14:50||NIFTY27JAN2626000CE,0.0965493996328654
08-01-2026 14:50||NIFTY27JAN2626200CE,0.094040412274188
08-01-2026 14:55||NIFTY27JAN2626300CE,0.0939082444066019
08-01-2026 15:00||NIFTY27JAN2623900PE,0.172706131880523
08-01-2026 15:00||NIFTY27JAN2624000PE,0.1692197343602551
08-01-2026 15:00||NIFTY27JAN2624900PE,0.1170092552814287
08-01-2026 15:00||NIFTY27JAN2625100PE,0.1089445694525726
08-01-2026 15:00||NIFTY27JAN2625200CE,0.1279601369860289
08-01-2026 15:00||NIFTY27JAN2625600CE,0.1050983172467087
08-01-2026 15:00||NIFTY27JAN2625700CE,0.1020247942097372
08-01-2026 15:00||NIFTY27JAN2626300CE,0.0910055289983469
08-01-2026 15:00||NIFTY27JAN2626400CE,0.0892284193371032
08-01-2026 15:05||NIFTY27JAN2624400PE,0.1526816110620182
08-01-2026 15:05||NIFTY27JAN2624800PE,0.1278499665964916
08-01-2026 15:05||NIFTY27JAN2624900PE,0.115535093671122
08-01-2026 15:05||NIFTY27JAN2626000CE,0.0960114653986108
08-01-2026 15:05||NIFTY27JAN2626100CE,0.094411167607214
08-01-2026 15:05||NIFTY27JAN2626200CE,0.0943001644726072
08-01-2026 15:10||NIFTY27JAN2624000PE,0.1680669496123642
08-01-2026 15:10||NIFTY27JAN2624200PE,0.1550378199105817
08-01-2026 15:10||NIFTY27JAN2624600PE,0.1313372703071073
08-01-2026 15:10||NIFTY27JAN2625100PE,0.1082953107695604
08-01-2026 15:10||NIFTY27JAN2625700CE,0.1014711359032941
08-01-2026 15:10||NIFTY27JAN2626100CE,0.0929103440482776
08-01-2026 15:10||NIFTY27JAN2626300CE,0.0904208615455474
08-01-2026 15:10||NIFTY27JAN2626500CE,0.0897450800952475
08-01-2026 15:15||NIFTY27JAN2624800PE,0.1240939136051955
08-01-2026 15:15||NIFTY27JAN2625100PE,0.1089920334833316
08-01-2026 15:15||NIFTY27JAN2625500CE,0.1073043210406912
08-01-2026 15:15||NIFTY27JAN2626100CE,0.0919075681207189
08-01-2026 15:20||NIFTY27JAN2624000PE,0.1710202674937372
08-01-2026 15:20||NIFTY27JAN2624500PE,0.137620551736894
08-01-2026 15:20||NIFTY27JAN2624800PE,0.1231470020823855
08-01-2026 15:20||NIFTY27JAN2625000PE,0.1116515255931231
08-01-2026 15:20||NIFTY27JAN2625600CE,0.1046613358374413
08-01-2026 15:20||NIFTY27JAN2626100CE,0.0920530602218404
08-01-2026 15:20||NIFTY27JAN2626400CE,0.0897204187074561
08-01-2026 15:20||NIFTY27JAN2626500CE,0.0900563154964787
08-01-2026 15:25||NIFTY27JAN2623800PE,0.1786011253994875
08-01-2026 15:25||NIFTY27JAN2624100PE,0.1713207823946919
08-01-2026 15:25||NIFTY27JAN2624300PE,0.1591967554064231
08-01-2026 15:25||NIFTY27JAN2624600PE,0.1396569513321773
08-01-2026 15:25||NIFTY27JAN2625100PE,0.1122635753168539
08-01-2026 15:25||NIFTY27JAN2625800CE,0.0992846265587999
08-01-2026 15:25||NIFTY27JAN2626100CE,0.093390826741677
09-01-2026 09:15||NIFTY27JAN2624400PE,0.1465457037963278
09-01-2026 09:15||NIFTY27JAN2625000PE,0.1139204164303051
09-01-2026 09:15||NIFTY27JAN2625400CE,0.1215641940869275
09-01-2026 09:15||NIFTY27JAN2625500CE,0.1194797643534148
09-01-2026 09:15||NIFTY27JAN2625800CE,0.1030708130005166
09-01-2026 09:15||NIFTY27JAN2626300CE,0.0961144128482411
09-01-2026 09:20||NIFTY27JAN2624100PE,0.1672297216440586
09-01-2026 09:20||NIFTY27JAN2624200PE,0.1611360697091572
09-01-2026 09:20||NIFTY27JAN2624800PE,0.1258600858385123
09-01-2026 09:20||NIFTY27JAN2625000PE,0.1147407505814554
09-01-2026 09:20||NIFTY27JAN2625300CE,0.1269742956062826
09-01-2026 09:25||NIFTY27JAN2624100PE,0.1649606645614507
09-01-2026 09:25||NIFTY27JAN2625000PE,0.1167575945880326
09-01-2026 09:25||NIFTY27JAN2625400CE,0.1312814785600937
09-01-2026 09:25||NIFTY27JAN2626100CE,0.0979903746507016
09-01-2026 09:30||NIFTY27JAN2624300PE,0.1560658181713764
09-01-2026 09:30||NIFTY27JAN2624500PE,0.1419488107165842
09-01-2026 09:30||NIFTY27JAN2624600PE,0.1309138893998864
09-01-2026 09:30||NIFTY27JAN2625300CE,0.1350749437102546
09-01-2026 09:30||NIFTY27JAN2625400CE,0.1307926648586631
09-01-2026 09:30||NIFTY27JAN2626100CE,0.0971222798139455
09-01-2026 09:30||NIFTY27JAN2626400CE,0.0936779567290928
09-01-2026 09:35||NIFTY27JAN2624800PE,0.13479252649263
09-01-2026 09:35||NIFTY27JAN2626000CE,0.0983983553880585
09-01-2026 09:35||NIFTY27JAN2626200CE,0.0961554002149003
09-01-2026 09:40||NIFTY27JAN2625500CE,0.1136389998371124
09-01-2026 09:40||NIFTY27JAN2625600CE,0.1084602746225721
09-01-2026 09:40||NIFTY27JAN2625700CE,0.1047832730900509
09-01-2026 09:40||NIFTY27JAN2625900CE,0.0991085463190925
09-01-2026 09:45||NIFTY27JAN2624000PE,0.1712160643759537
09-01-2026 09:45||NIFTY27JAN2624300PE,0.1629367731181456
09-01-2026 09:45||NIFTY27JAN2624400PE,0.1576642617105744
09-01-2026 09:45||NIFTY27JAN2624700PE,0.136137749111103
09-01-2026 09:45||NIFTY27JAN2624900PE,0.1265890168331097
09-01-2026 09:45||NIFTY27JAN2625600CE,0.1165857064154911
09-01-2026 09:45||NIFTY27JAN2625900CE,0.1032088208417911
09-01-2026 09:50||NIFTY27JAN2624100PE,0.17767752562585
09-01-2026 09:50||NIFTY27JAN2624400PE,0.1430392779742228
09-01-2026 09:50||NIFTY27JAN2624600PE,0.1397065529458273
09-01-2026 09:50||NIFTY27JAN2624700PE,0.1333759219367314
09-01-2026 09:50||NIFTY27JAN2624900PE,0.1220829871916674
09-01-2026 09:50||NIFTY27JAN2625300CE,0.1293726239588239
09-01-2026 09:50||NIFTY27JAN2625600CE,0.1110140300249821
09-01-2026 09:50||NIFTY27JAN2626000CE,0.0996714463207576
09-01-2026 09:50||NIFTY27JAN2626100CE,0.09580656448354
09-01-2026 09:50||NIFTY27JAN2626400CE,0.0945691667948839
09-01-2026 09:55||NIFTY27JAN2623800PE,0.1798718083570983
09-01-2026 09:55||NIFTY27JAN2624800PE,0.1228593080378729
09-01-2026 09:55||NIFTY27JAN2624900PE,0.117033471924396
09-01-2026 09:55||NIFTY27JAN2625000PE,0.112469811731985
09-01-2026 09:55||NIFTY27JAN2625200CE,0.1388003099936578
09-01-2026 10:00||NIFTY27JAN2624100PE,0.1625365371516227
09-01-2026 10:00||NIFTY27JAN2624300PE,0.1505606456698968
09-01-2026 10:00||NIFTY27JAN2625100PE,0.1089334633823432
09-01-2026 10:00||NIFTY27JAN2625500CE,0.1035367935693707
09-01-2026 10:00||NIFTY27JAN2626100CE,0.0910484648637278
09-01-2026 10:05||NIFTY27JAN2624500PE,0.1501825149051368
09-01-2026 10:05||NIFTY27JAN2624800PE,0.1290157683153531
09-01-2026 10:05||NIFTY27JAN2625600CE,0.1096629196747484
09-01-2026 10:05||NIFTY27JAN2626100CE,0.0978735221071877
09-01-2026 10:10||NIFTY27JAN2624400PE,0.1631900583666525
09-01-2026 10:10||NIFTY27JAN2626300CE,0.092952841063827
09-01-2026 10:10||NIFTY27JAN2626400CE,0.0934271165265906
09-01-2026 10:15||NIFTY27JAN2625100PE,0.1079499906486147
09-01-2026 10:15||NIFTY27JAN2625600CE,0.107004223056875
09-01-2026 10:15||NIFTY27JAN2626200CE,0.0956489023981961
09-01-2026 10:15||NIFTY27JAN2626300CE,0.0935380994844699
09-01-2026 10:20||NIFTY27JAN2623900PE,0.1777911151642856
09-01-2026 10:20||NIFTY27JAN2624000PE,0.1678474317526883
09-01-2026 10:20||NIFTY27JAN2625200CE,0.1187085251548107
09-01-2026 10:20||NIFTY27JAN2625700CE,0.10478234782174
09-01-2026 10:25||NIFTY27JAN2624200PE,0.1546449090432058
09-01-2026 10:25||NIFTY27JAN2625000PE,0.116925868996637
09-01-2026 10:25||NIFTY27JAN2625600CE,0.1083418943908718
09-01-2026 10:25||NIFTY27JAN2626200CE,0.0931891844995279
09-01-2026 10:25||NIFTY27JAN2626500CE,0.0918255436341757
09-01-2026 10:30||NIFTY27JAN2624300PE,0.1510775808590454
09-01-2026 10:30||NIFTY27JAN2624900PE,0.1158503670871737
09-01-2026 10:35||NIFTY27JAN2624300PE,0.1562180765371376
09-01-2026 10:35||NIFTY27JAN2624800PE,0.1235290405398298
09-01-2026 10:35||NIFTY27JAN2626300CE,0.0956119071843402
09-01-2026 10:40||NIFTY27JAN2624000PE,0.190579200281604
09-01-2026 10:40||NIFTY27JAN2624700PE,0.1418590387970686
09-01-2026 10:40||NIFTY27JAN2625000PE,0.1245382391963456
09-01-2026 10:40||NIFTY27JAN2625500CE,0.1238277978280707
09-01-2026 10:40||NIFTY27JAN2626000CE,0.0998807915430836
09-01-2026 10:40||NIFTY27JAN2626100CE,0.0998791340680251
09-01-2026 10:40||NIFTY27JAN2626400CE,0.097664005795357
09-01-2026 10:40||NIFTY27JAN2626500CE,0.1001634175828736
09-01-2026 10:45||NIFTY27JAN2624400PE,0.1429081007495466
09-01-2026 10:45||NIFTY27JAN2625000PE,0.1146349933880856
09-01-2026 10:45||NIFTY27JAN2625200CE,0.1328814021367245
09-01-2026 10:45||NIFTY27JAN2625400CE,0.123343270652729
09-01-2026 10:45||NIFTY27JAN2625500CE,0.1178704950192135
09-01-2026 10:45||NIFTY27JAN2626300CE,0.0955648070938846
09-01-2026 10:50||NIFTY27JAN2624100PE,0.180297172896632
09-01-2026 10:50||NIFTY27JAN2625800CE,0.1071411995068026
09-01-2026 10:50||NIFTY27JAN2625900CE,0.1034697799115759
09-01-2026 10:50||NIFTY27JAN2626000CE,0.1003819916601198
09-01-2026 10:50||NIFTY27JAN2626400CE,0.0953433280013234
09-01-2026 10:50||NIFTY27JAN2626500CE,0.097156947019884
09-01-2026 10:55||NIFTY27JAN2623800PE,0.2024610841636947
09-01-2026 10:55||NIFTY27JAN2624700PE,0.1411825859133751
09-01-2026 10:55||NIFTY27JAN2624900PE,0.1275224429251556
09-01-2026 10:55||NIFTY27JAN2626300CE,0.0973603092420809
09-01-2026 11:00||NIFTY27JAN2624900PE,0.1271458080715664
09-01-2026 11:00||NIFTY27JAN2625000PE,0.1239393830552755
09-01-2026 11:00||NIFTY27JAN2625200CE,0.1348488480312765
09-01-2026 11:00||NIFTY27JAN2625700CE,0.1054946077018552
09-01-2026 11:00||NIFTY27JAN2625800CE,0.1016951171247333
09-01-2026 11:05||NIFTY27JAN2624000PE,0.1911503029232396
09-01-2026 11:05||NIFTY27JAN2624400PE,0.1595304544360913
09-01-2026 11:05||NIFTY27JAN2625100PE,0.1154638884820905
09-01-2026 11:05||NIFTY27JAN2625300CE,0.107990550557849
09-01-2026 11:05||NIFTY27JAN2625500CE,0.1133773838274743
09-01-2026 11:05||NIFTY27JAN2625700CE,0.106007245955308
09-01-2026 11:10||NIFTY27JAN2623900PE,0.192495120997623
09-01-2026 11:10||NIFTY27JAN2624700PE,0.1409208481265786
09-01-2026 11:10||NIFTY27JAN2625100PE,0.1193564436595127
09-01-2026 11:10||NIFTY27JAN2625200CE,0.1152591839158152
09-01-2026 11:10||NIFTY27JAN2625500CE,0.1146840166992427
09-01-2026 11:10||NIFTY27JAN2625800CE,0.1009164209271312
09-01-2026 11:15||NIFTY27JAN2624200PE,0.1741283920712809
09-01-2026 11:15||NIFTY27JAN2624600PE,0.1457101510510168
09-01-2026 11:15||NIFTY27JAN2625700CE,0.1062293275300064
09-01-2026 11:15||NIFTY27JAN2626400CE,0.099190375279267
09-01-2026 11:20||NIFTY27JAN2625200CE,0.1244493685598872
09-01-2026 11:20||NIFTY27JAN2625500CE,0.1094169706198702
09-01-2026 11:25||NIFTY27JAN2624600PE,0.1411346985562439
09-01-2026 11:25||NIFTY27JAN2625100PE,0.1138756052564198
09-01-2026 11:25||NIFTY27JAN2625600CE,0.1088008374188418
09-01-2026 11:30||NIFTY27JAN2624000PE,0.1927896841867583
09-01-2026 11:30||NIFTY27JAN2624100PE,0.1830682255390649
09-01-2026 11:30||NIFTY27JAN2624500PE,0.1437963055204562
09-01-2026 11:30||NIFTY27JAN2624600PE,0.1467393445210814
09-01-2026 11:30||NIFTY27JAN2624900PE,0.1263574354248169
09-01-2026 11:30||NIFTY27JAN2625000PE,0.1202493431753739
09-01-2026 11:30||NIFTY27JAN2625300CE,0.1133562774241511
09-01-2026 11:30||NIFTY27JAN2626200CE,0.1042692692857878
09-01-2026 11:35||NIFTY27JAN2624100PE,0.1785383015219596
09-01-2026 11:35||NIFTY27JAN2624600PE,0.1446502849628895
09-01-2026 11:35||NIFTY27JAN2625200CE,0.1168458824150781
09-01-2026 11:35||NIFTY27JAN2625300CE,0.1199049101707082
09-01-2026 11:35||NIFTY27JAN2625700CE,0.1046791235180477
09-01-2026 11:35||NIFTY27JAN2625800CE,0.1021678949482626
09-01-2026 11:40||NIFTY27JAN2624600PE,0.1440828775821701
09-01-2026 11:40||NIFTY27JAN2624700PE,0.1393812104937917
09-01-2026 11:40||NIFTY27JAN2625000PE,0.1221833038038348
09-01-2026 11:40||NIFTY27JAN2625300CE,0.1178873462423478
09-01-2026 11:40||NIFTY27JAN2625800CE,0.1037090824757129
09-01-2026 11:40||NIFTY27JAN2625900CE,0.1022821904620431
09-01-2026 11:45||NIFTY27JAN2625900CE,0.0945636024134952
09-01-2026 11:45||NIFTY27JAN2626000CE,0.0933004491030901
09-01-2026 11:45||NIFTY27JAN2626200CE,0.0944848732044835
09-01-2026 11:45||NIFTY27JAN2626500CE,0.102591372824904
09-01-2026 11:50||NIFTY27JAN2625000PE,0.1200907602356834
09-01-2026 11:50||NIFTY27JAN2625200CE,0.116149328980096
09-01-2026 11:50||NIFTY27JAN2625400CE,0.1091036299028929
09-01-2026 11:50||NIFTY27JAN2625500CE,0.1069891123113023
09-01-2026 11:50||NIFTY27JAN2626000CE,0.0975491114401829
09-01-2026 11:50||NIFTY27JAN2626500CE,0.1076043733704066
09-01-2026 11:55||NIFTY27JAN2624200PE,0.16763191451167
09-01-2026 11:55||NIFTY27JAN2624300PE,0.1614559897328816
09-01-2026 11:55||NIFTY27JAN2624500PE,0.1484944319221536
09-01-2026 11:55||NIFTY27JAN2624900PE,0.1247315542794299
09-01-2026 11:55||NIFTY27JAN2625400CE,0.1096554566182231
09-01-2026 11:55||NIFTY27JAN2625600CE,0.1032732696276237
09-01-2026 11:55||NIFTY27JAN2625800CE,0.1036973113100853
09-01-2026 11:55||NIFTY27JAN2626300CE,0.1029899925619713
09-01-2026 12:00||NIFTY27JAN2623800PE,0.1958829440559645
09-01-2026 12:00||NIFTY27JAN2624400PE,0.15660410730485
09-01-2026 12:00||NIFTY27JAN2624800PE,0.1322101520821049
09-01-2026 12:00||NIFTY27JAN2625600CE,0.1146972915698456
09-01-2026 12:00||NIFTY27JAN2625800CE,0.1097778359877742
09-01-2026 12:00||NIFTY27JAN2626300CE,0.1012876893664436
09-01-2026 12:05||NIFTY27JAN2624600PE,0.1444155203651002
09-01-2026 12:05||NIFTY27JAN2625500CE,0.1031701114419611
09-01-2026 12:05||NIFTY27JAN2626000CE,0.097744500353274
09-01-2026 12:05||NIFTY27JAN2626500CE,0.1055703758090543
09-01-2026 12:10||NIFTY27JAN2624200PE,0.1709025141397273
09-01-2026 12:10||NIFTY27JAN2624300PE,0.164461725474154
09-01-2026 12:10||NIFTY27JAN2625500CE,0.1060324141199053
09-01-2026 12:10||NIFTY27JAN2625900CE,0.1005790520551621
09-01-2026 12:10||NIFTY27JAN2626300CE,0.1033968163151729
09-01-2026 12:15||NIFTY27JAN2623800PE,0.1941467249825587
09-01-2026 12:15||NIFTY27JAN2624100PE,0.1720311165662592
09-01-2026 12:15||NIFTY27JAN2624200PE,0.165721176649498
09-01-2026 12:15||NIFTY27JAN2624300PE,0.1595771659172473
09-01-2026 12:15||NIFTY27JAN2625400CE,0.1158114700067969
09-01-2026 12:15||NIFTY27JAN2625500CE,0.1134840954097382
09-01-2026 12:15||NIFTY27JAN2625800CE,0.1035111337660493
09-01-2026 12:15||NIFTY27JAN2625900CE,0.1029589153186921
09-01-2026 12:15||NIFTY27JAN2626200CE,0.0987533701947308
09-01-2026 12:15||NIFTY27JAN2626300CE,0.1019375888707368
09-01-2026 12:15||NIFTY27JAN2626400CE,0.1000307860399114
09-01-2026 12:15||NIFTY27JAN2626500CE,0.1048747155809563
09-01-2026 12:20||NIFTY27JAN2624000PE,0.1815451051314087
09-01-2026 12:20||NIFTY27JAN2624700PE,0.13474122904344
09-01-2026 12:20||NIFTY27JAN2624800PE,0.1291455519224259
09-01-2026 12:20||NIFTY27JAN2625000PE,0.1193118701502561
09-01-2026 12:25||NIFTY27JAN2624200PE,0.1691830677742964
09-01-2026 12:25||NIFTY27JAN2624400PE,0.156616466503409
09-01-2026 12:25||NIFTY27JAN2624600PE,0.1435694077466673
09-01-2026 12:25||NIFTY27JAN2625000PE,0.1205574600060912
09-01-2026 12:30||NIFTY27JAN2623800PE,0.1918564834069656
09-01-2026 12:30||NIFTY27JAN2624400PE,0.1553484290372017
09-01-2026 12:30||NIFTY27JAN2624900PE,0.1270533555832638
09-01-2026 12:30||NIFTY27JAN2626400CE,0.1090629907787642
09-01-2026 12:35||NIFTY27JAN2624100PE,0.1734973425578702
09-01-2026 12:35||NIFTY27JAN2624300PE,0.1601163695198099
09-01-2026 12:35||NIFTY27JAN2624700PE,0.1348208567194521
09-01-2026 12:35||NIFTY27JAN2624900PE,0.1236817729760056
09-01-2026 12:35||NIFTY27JAN2625700CE,0.0995145615498446
09-01-2026 12:35||NIFTY27JAN2626400CE,0.103996960904237
09-01-2026 12:40||NIFTY27JAN2624100PE,0.1691813957973098
09-01-2026 12:40||NIFTY27JAN2625800CE,0.1004123407979857
09-01-2026 12:40||NIFTY27JAN2626100CE,0.0980149002582517
09-01-2026 12:45||NIFTY27JAN2623900PE,0.1863409063565609
09-01-2026 12:45||NIFTY27JAN2624100PE,0.1717660870407783
09-01-2026 12:45||NIFTY27JAN2624200PE,0.162716326271465
09-01-2026 12:45||NIFTY27JAN2625100PE,0.1104734382007537
09-01-2026 12:45||NIFTY27JAN2625300CE,0.114224081743208
09-01-2026 12:45||NIFTY27JAN2625800CE,0.1064089674225823
09-01-2026 12:45||NIFTY27JAN2625900CE,0.1047483590201601
09-01-2026 12:45||NIFTY27JAN2626000CE,0.0994884701152965
09-01-2026 12:45||NIFTY27JAN2626400CE,0.1080169395975223
09-01-2026 12:50||NIFTY27JAN2623800PE,0.1781373069256451
09-01-2026 12:50||NIFTY27JAN2624100PE,0.1698388975989162
09-01-2026 12:50||NIFTY27JAN2625300CE,0.1167856550240839
09-01-2026 12:50||NIFTY27JAN2625500CE,0.109370310190245
09-01-2026 12:50||NIFTY27JAN2626200CE,0.0980956413773547
09-01-2026 12:55||NIFTY27JAN2624100PE,0.1606539680906284
09-01-2026 12:55||NIFTY27JAN2624500PE,0.1376152768896741
09-01-2026 12:55||NIFTY27JAN2624800PE,0.1201346386980636
09-01-2026 12:55||NIFTY27JAN2625600CE,0.1030915190745449
09-01-2026 12:55||NIFTY27JAN2625700CE,0.1020307433575269
09-01-2026 13:00||NIFTY27JAN2624200PE,0.1588197086131693
09-01-2026 13:00||NIFTY27JAN2624900PE,0.1191464553909879
09-01-2026 13:00||NIFTY27JAN2625200CE,0.1145716150124161
09-01-2026 13:00||NIFTY27JAN2625600CE,0.1034673036291916
09-01-2026 13:00||NIFTY27JAN2625800CE,0.0990147321939733
09-01-2026 13:00||NIFTY27JAN2626400CE,0.1034132648032987
09-01-2026 13:05||NIFTY27JAN2623900PE,0.1839470803219572
09-01-2026 13:05||NIFTY27JAN2624100PE,0.1686625197466791
09-01-2026 13:05||NIFTY27JAN2624300PE,0.1548919005624805
09-01-2026 13:05||NIFTY27JAN2624400PE,0.144694793638934
09-01-2026 13:05||NIFTY27JAN2624700PE,0.1292495963348284
09-01-2026 13:05||NIFTY27JAN2624800PE,0.1238485039211533
09-01-2026 13:05||NIFTY27JAN2624900PE,0.1147963602671817
09-01-2026 13:05||NIFTY27JAN2625000PE,0.1138177196922627
09-01-2026 13:05||NIFTY27JAN2626000CE,0.1025285866544168
09-01-2026 13:05||NIFTY27JAN2626400CE,0.1016591627011679
09-01-2026 13:05||NIFTY27JAN2626500CE,0.1103896208761906
09-01-2026 13:10||NIFTY27JAN2624000PE,0.1787556060920692
09-01-2026 13:10||NIFTY27JAN2624100PE,0.170303757265342
09-01-2026 13:10||NIFTY27JAN2624300PE,0.1569732108992063
09-01-2026 13:10||NIFTY27JAN2625200CE,0.1158855087837559
09-01-2026 13:10||NIFTY27JAN2625900CE,0.0979473191093457
09-01-2026 13:10||NIFTY27JAN2626100CE,0.097221963267614
09-01-2026 13:10||NIFTY27JAN2626400CE,0.1034276834775051
09-01-2026 13:15||NIFTY27JAN2624100PE,0.172832965246784
09-01-2026 13:15||NIFTY27JAN2624400PE,0.1535996659526839
09-01-2026 13:15||NIFTY27JAN2625000PE,0.1170655367996208
09-01-2026 13:15||NIFTY27JAN2625300CE,0.1085276605081604
09-01-2026 13:15||NIFTY27JAN2625700CE,0.101848405723889
09-01-2026 13:15||NIFTY27JAN2625800CE,0.1014387678986169
09-01-2026 13:15||NIFTY27JAN2625900CE,0.0983559775011098
09-01-2026 13:15||NIFTY27JAN2626100CE,0.0983936913339041
09-01-2026 13:15||NIFTY27JAN2626200CE,0.0981777210277633
09-01-2026 13:20||NIFTY27JAN2624100PE,0.1689155397831594
09-01-2026 13:20||NIFTY27JAN2625000PE,0.1164856103559183
09-01-2026 13:20||NIFTY27JAN2625200CE,0.125106987536921
09-01-2026 13:20||NIFTY27JAN2625600CE,0.10673242405134
09-01-2026 13:25||NIFTY27JAN2624500PE,0.1457662798787789
09-01-2026 13:25||NIFTY27JAN2625100PE,0.1137155370934879
09-01-2026 13:25||NIFTY27JAN2625300CE,0.126592283195173
09-01-2026 13:25||NIFTY27JAN2626200CE,0.1040175778816718
09-01-2026 13:30||NIFTY27JAN2624300PE,0.1585895397369754
09-01-2026 13:30||NIFTY27JAN2624900PE,0.121231252729198
09-01-2026 13:30||NIFTY27JAN2625900CE,0.0991356841844688
09-01-2026 13:30||NIFTY27JAN2626400CE,0.1036883722795136
09-01-2026 13:35||NIFTY27JAN2623900PE,0.1827658495702587
09-01-2026 13:35||NIFTY27JAN2624100PE,0.172154637779622
09-01-2026 13:35||NIFTY27JAN2624400PE,0.1532154478086494
09-01-2026 13:35||NIFTY27JAN2624600PE,0.1345646452339182
09-01-2026 13:35||NIFTY27JAN2625100PE,0.1173062496405343
09-01-2026 13:35||NIFTY27JAN2625300CE,0.1218226730999432
09-01-2026 13:35||NIFTY27JAN2625400CE,0.1150967246767545
09-01-2026 13:35||NIFTY27JAN2625900CE,0.1040855569237992
09-01-2026 13:35||NIFTY27JAN2626100CE,0.1028970841192045
09-01-2026 13:40||NIFTY27JAN2624500PE,0.1453346533335557
09-01-2026 13:40||NIFTY27JAN2624800PE,0.1269950592000525
09-01-2026 13:40||NIFTY27JAN2625100PE,0.1109931545650033
09-01-2026 13:40||NIFTY27JAN2625300CE,0.0982154926298013
09-01-2026 13:40||NIFTY27JAN2625500CE,0.1044839228984727
09-01-2026 13:40||NIFTY27JAN2626500CE,0.1090152305337203
09-01-2026 13:45||NIFTY27JAN2623900PE,0.1858989202139298
09-01-2026 13:45||NIFTY27JAN2624100PE,0.1705662180346297
09-01-2026 13:45||NIFTY27JAN2624300PE,0.1534450696019713
09-01-2026 13:45||NIFTY27JAN2624400PE,0.1504892788976414
09-01-2026 13:45||NIFTY27JAN2625200CE,0.1246609753430521
09-01-2026 13:45||NIFTY27JAN2626000CE,0.0983479402299674
09-01-2026 13:50||NIFTY27JAN2623800PE,0.1921361057299837
09-01-2026 13:50||NIFTY27JAN2624600PE,0.1363143460565948
09-01-2026 13:50||NIFTY27JAN2624700PE,0.1302936911777518
09-01-2026 13:50||NIFTY27JAN2625400CE,0.111137726950387
09-01-2026 13:50||NIFTY27JAN2625800CE,0.1008740016083764
09-01-2026 13:50||NIFTY27JAN2626100CE,0.0991419931057718
09-01-2026 13:55||NIFTY27JAN2624000PE,0.1761234780716594
09-01-2026 13:55||NIFTY27JAN2625400CE,0.1049334802582714
09-01-2026 13:55||NIFTY27JAN2625500CE,0.0916350532658213
09-01-2026 13:55||NIFTY27JAN2626400CE,0.1034361245213947
09-01-2026 14:00||NIFTY27JAN2624200PE,0.1553360753557464
09-01-2026 14:00||NIFTY27JAN2624300PE,0.1492953271592233
09-01-2026 14:00||NIFTY27JAN2624400PE,0.1434440794754103
09-01-2026 14:00||NIFTY27JAN2625500CE,0.1095270744918731
09-01-2026 14:00||NIFTY27JAN2625800CE,0.1019275001602707
09-01-2026 14:00||NIFTY27JAN2626000CE,0.0979246491045064
09-01-2026 14:05||NIFTY27JAN2624100PE,0.1691072958276352
09-01-2026 14:05||NIFTY27JAN2624300PE,0.1469717054847335
09-01-2026 14:05||NIFTY27JAN2624400PE,0.1392260052330703
09-01-2026 14:05||NIFTY27JAN2625200CE,0.1239689656818616
09-01-2026 14:05||NIFTY27JAN2625400CE,0.1128946531416791
09-01-2026 14:10||NIFTY27JAN2624300PE,0.1523937653089182
09-01-2026 14:10||NIFTY27JAN2624700PE,0.1281594131134506
09-01-2026 14:10||NIFTY27JAN2625300CE,0.1093212273591098
09-01-2026 14:10||NIFTY27JAN2626300CE,0.1000766101607164
09-01-2026 14:10||NIFTY27JAN2626400CE,0.1023634845633835
09-01-2026 14:10||NIFTY27JAN2626500CE,0.1051327949116944
09-01-2026 14:15||NIFTY27JAN2625500CE,0.1072955993027179
09-01-2026 14:20||NIFTY27JAN2624100PE,0.1592697291961023
09-01-2026 14:20||NIFTY27JAN2624300PE,0.1492408539140699
09-01-2026 14:20||NIFTY27JAN2624400PE,0.1397121135773317
09-01-2026 14:20||NIFTY27JAN2625000PE,0.1101062143980098
09-01-2026 14:20||NIFTY27JAN2625200CE,0.1228233478096154
09-01-2026 14:20||NIFTY27JAN2625400CE,0.1140336430166823
09-01-2026 14:20||NIFTY27JAN2625900CE,0.1003513779606511
09-01-2026 14:25||NIFTY27JAN2624100PE,0.1693707706456842
09-01-2026 14:25||NIFTY27JAN2624200PE,0.1631763595900381
09-01-2026 14:25||NIFTY27JAN2624300PE,0.1568675932774476
09-01-2026 14:25||NIFTY27JAN2625100PE,0.1122703074023175
09-01-2026 14:25||NIFTY27JAN2625300CE,0.1069196013228801
09-01-2026 14:25||NIFTY27JAN2625600CE,0.1033897125284293
09-01-2026 14:30||NIFTY27JAN2624000PE,0.1752796951502444
09-01-2026 14:30||NIFTY27JAN2624200PE,0.1621550293490597
09-01-2026 14:30||NIFTY27JAN2625900CE,0.1014114877905955
09-01-2026 14:30||NIFTY27JAN2626300CE,0.1009652251458749
09-01-2026 14:35||NIFTY27JAN2624200PE,0.1625712905173097
09-01-2026 14:35||NIFTY27JAN2624300PE,0.15668176122465
09-01-2026 14:35||NIFTY27JAN2624600PE,0.1381213198053581
09-01-2026 14:35||NIFTY27JAN2625800CE,0.1020641820890843
09-01-2026 14:40||NIFTY27JAN2623800PE,0.1871199870450337
09-01-2026 14:40||NIFTY27JAN2625200CE,0.1137505099106879
09-01-2026 14:40||NIFTY27JAN2625600CE,0.1039819546981849
09-01-2026 14:40||NIFTY27JAN2625900CE,0.0997077552075501
09-01-2026 14:40||NIFTY27JAN2626100CE,0.0984018364627713
09-01-2026 14:40||NIFTY27JAN2626400CE,0.1066722223790911
09-01-2026 14:45||NIFTY27JAN2624500PE,0.1399882836807901
09-01-2026 14:45||NIFTY27JAN2624600PE,0.1334569529118143
09-01-2026 14:45||NIFTY27JAN2625300CE,0.1260599791334841
09-01-2026 14:45||NIFTY27JAN2625600CE,0.1161662045872645
09-01-2026 14:50||NIFTY27JAN2623900PE,0.1792192028619313
09-01-2026 14:50||NIFTY27JAN2626000CE,0.0988602946558345
09-01-2026 14:50||NIFTY27JAN2626300CE,0.1040516034030612
09-01-2026 14:55||NIFTY27JAN2623900PE,0.1783260419171773
09-01-2026 14:55||NIFTY27JAN2624000PE,0.1722479183068339
09-01-2026 14:55||NIFTY27JAN2624800PE,0.123651002648469
09-01-2026 14:55||NIFTY27JAN2625600CE,0.1034702050798449
09-01-2026 14:55||NIFTY27JAN2625900CE,0.0984407891855298
09-01-2026 15:00||NIFTY27JAN2624000PE,0.1657593991334882
09-01-2026 15:00||NIFTY27JAN2624300PE,0.1495521412022335
09-01-2026 15:00||NIFTY27JAN2625400CE,0.1155483346387351
09-01-2026 15:00||NIFTY27JAN2625600CE,0.1073526058367771
09-01-2026 15:00||NIFTY27JAN2625700CE,0.1017771910476836
09-01-2026 15:00||NIFTY27JAN2625800CE,0.1017273672634679
09-01-2026 15:00||NIFTY27JAN2626500CE,0.1015868939590928
09-01-2026 15:05||NIFTY27JAN2624200PE,0.1572828313086962
09-01-2026 15:05||NIFTY27JAN2624300PE,0.1522542892875182
09-01-2026 15:05||NIFTY27JAN2625000PE,0.1132797691621404
09-01-2026 15:05||NIFTY27JAN2625100PE,0.108979311547161
09-01-2026 15:05||NIFTY27JAN2625600CE,0.1053925418190067
09-01-2026 15:05||NIFTY27JAN2626500CE,0.1056535009107413
09-01-2026 15:10||NIFTY27JAN2623800PE,0.1797567857011154
09-01-2026 15:10||NIFTY27JAN2624000PE,0.1693702250238215
09-01-2026 15:10||NIFTY27JAN2624600PE,0.1305102719553505
09-01-2026 15:10||NIFTY27JAN2625000PE,0.1115489168228009
09-01-2026 15:10||NIFTY27JAN2625100PE,0.1064606078017028
09-01-2026 15:10||NIFTY27JAN2625200CE,0.1226809811697531
09-01-2026 15:10||NIFTY27JAN2626200CE,0.0978384841828687
09-01-2026 15:15||NIFTY27JAN2624200PE,0.1660277901063504
09-01-2026 15:15||NIFTY27JAN2624300PE,0.1572104996722395
09-01-2026 15:15||NIFTY27JAN2624500PE,0.1476631881700067
09-01-2026 15:15||NIFTY27JAN2624700PE,0.1354871128316146
09-01-2026 15:15||NIFTY27JAN2624900PE,0.1209353697534603
09-01-2026 15:15||NIFTY27JAN2625200CE,0.1193211024692172
09-01-2026 15:15||NIFTY27JAN2625900CE,0.1041326629065517
09-01-2026 15:15||NIFTY27JAN2626000CE,0.0958675911142432
09-01-2026 15:20||NIFTY27JAN2623800PE,0.1791333296073625
09-01-2026 15:20||NIFTY27JAN2624700PE,0.1246751413474325
09-01-2026 15:20||NIFTY27JAN2625100PE,0.1065106070636483
09-01-2026 15:20||NIFTY27JAN2625200CE,0.1187484474801589
09-01-2026 15:20||NIFTY27JAN2625300CE,0.1120503588361284
09-01-2026 15:20||NIFTY27JAN2625600CE,0.1031524872799893
09-01-2026 15:20||NIFTY27JAN2625800CE,0.0992600601442541
09-01-2026 15:20||NIFTY27JAN2626100CE,0.0961685674314555
09-01-2026 15:25||NIFTY27JAN2624100PE,0.1705083812380725
09-01-2026 15:25||NIFTY27JAN2624200PE,0.1633568845378381
09-01-2026 15:25||NIFTY27JAN2624400PE,0.149448754125331
09-01-2026 15:25||NIFTY27JAN2625500CE,0.1119085142254582
09-01-2026 15:25||NIFTY27JAN2626000CE,0.0999977212298539
09-01-2026 15:25||NIFTY27JAN2626100CE,0.0993358428905686
12-01-2026 09:15||NIFTY27JAN2624000PE,0.1727707432941981
12-01-2026 09:15||NIFTY27JAN2624900PE,0.1192405541426371
12-01-2026 09:15||NIFTY27JAN2625200CE,0.112532852068144
12-01-2026 09:15||NIFTY27JAN2626000CE,0.0990055464585537
12-01-2026 09:15||NIFTY27JAN2626100CE,0.0995066132117925
12-01-2026 09:20||NIFTY27JAN2624200PE,0.1775637091533549
12-01-2026 09:20||NIFTY27JAN2624600PE,0.1481113802560843
12-01-2026 09:20||NIFTY27JAN2624800PE,0.1345829951424001
12-01-2026 09:20||NIFTY27JAN2625000PE,0.1252341449554488
12-01-2026 09:20||NIFTY27JAN2625100PE,0.1201485552719192
12-01-2026 09:20||NIFTY27JAN2625200CE,0.1007841268712134
12-01-2026 09:20||NIFTY27JAN2625600CE,0.1006096139602778
12-01-2026 09:20||NIFTY27JAN2625800CE,0.1035105751765884
12-01-2026 09:25||NIFTY27JAN2624700PE,0.1355657360091606
12-01-2026 09:25||NIFTY27JAN2625800CE,0.1085673015043088
12-01-2026 09:25||NIFTY27JAN2626200CE,0.1183891031971646
12-01-2026 09:30||NIFTY27JAN2623900PE,0.2022087305456409
12-01-2026 09:30||NIFTY27JAN2624000PE,0.1914698799863921
12-01-2026 09:30||NIFTY27JAN2624400PE,0.1584620945326729
12-01-2026 09:30||NIFTY27JAN2625200CE,0.1124540459649703
12-01-2026 09:30||NIFTY27JAN2625600CE,0.1062549754364481
12-01-2026 09:30||NIFTY27JAN2625800CE,0.1056213385175921
12-01-2026 09:30||NIFTY27JAN2626000CE,0.107428519044994
12-01-2026 09:35||NIFTY27JAN2623900PE,0.1853985405065802
12-01-2026 09:35||NIFTY27JAN2624500PE,0.1434198643630301
12-01-2026 09:35||NIFTY27JAN2624600PE,0.1379570672904034
12-01-2026 09:35||NIFTY27JAN2624700PE,0.1318299281857646
12-01-2026 09:35||NIFTY27JAN2625000PE,0.1175680918638413
12-01-2026 09:35||NIFTY27JAN2625700CE,0.1136555836906459
12-01-2026 09:35||NIFTY27JAN2625800CE,0.1092173416177485
12-01-2026 09:35||NIFTY27JAN2625900CE,0.106369069441129
12-01-2026 09:35||NIFTY27JAN2626200CE,0.110273710916951
12-01-2026 09:35||NIFTY27JAN2626500CE,0.1191157734752698
12-01-2026 09:40||NIFTY27JAN2623900PE,0.1904896533082353
12-01-2026 09:40||NIFTY27JAN2624600PE,0.1407985750299264
12-01-2026 09:40||NIFTY27JAN2624700PE,0.1350158576773527
12-01-2026 09:40||NIFTY27JAN2625200CE,0.1195719523663729
12-01-2026 09:40||NIFTY27JAN2625400CE,0.1139640948560373
12-01-2026 09:45||NIFTY27JAN2623900PE,0.2037078057310107
12-01-2026 09:45||NIFTY27JAN2624800PE,0.1321148498645991
12-01-2026 09:45||NIFTY27JAN2625000PE,0.1213699330582337
12-01-2026 09:45||NIFTY27JAN2626400CE,0.1252619758307744
12-01-2026 09:45||NIFTY27JAN2626500CE,0.1317544103557447
12-01-2026 09:50||NIFTY27JAN2625000PE,0.1185694339363111
12-01-2026 09:50||NIFTY27JAN2625400CE,0.1221408502548826
12-01-2026 09:50||NIFTY27JAN2625900CE,0.1090890187485403
12-01-2026 09:50||NIFTY27JAN2626000CE,0.1084905951654425
12-01-2026 09:55||NIFTY27JAN2623800PE,0.1894680187151007
12-01-2026 09:55||NIFTY27JAN2625000PE,0.1194677314308696
12-01-2026 09:55||NIFTY27JAN2625100PE,0.1156212986875395
12-01-2026 09:55||NIFTY27JAN2625400CE,0.1221488329036285
12-01-2026 09:55||NIFTY27JAN2625700CE,0.1135900409181311
12-01-2026 09:55||NIFTY27JAN2625900CE,0.1077974081536118
12-01-2026 09:55||NIFTY27JAN2626200CE,0.1103617421324071
12-01-2026 09:55||NIFTY27JAN2626400CE,0.1142174421103565
12-01-2026 10:00||NIFTY27JAN2624800PE,0.1291878166369565
12-01-2026 10:00||NIFTY27JAN2625200CE,0.1302780811563001
12-01-2026 10:00||NIFTY27JAN2625700CE,0.1077396214095863
12-01-2026 10:00||NIFTY27JAN2626100CE,0.1088556007004051
12-01-2026 10:00||NIFTY27JAN2626200CE,0.1108232335145583
12-01-2026 10:05||NIFTY27JAN2623900PE,0.1829407842056839
12-01-2026 10:05||NIFTY27JAN2624300PE,0.1576024354466742
12-01-2026 10:05||NIFTY27JAN2624600PE,0.1395556208929938
12-01-2026 10:05||NIFTY27JAN2624700PE,0.1340667163727757
12-01-2026 10:05||NIFTY27JAN2624800PE,0.1288189226338691
12-01-2026 10:05||NIFTY27JAN2625100PE,0.115145232118205
12-01-2026 10:10||NIFTY27JAN2624000PE,0.1803789137547786
12-01-2026 10:10||NIFTY27JAN2624100PE,0.1730466142955889
12-01-2026 10:10||NIFTY27JAN2624900PE,0.1233290101588968
12-01-2026 10:10||NIFTY27JAN2625600CE,0.1158505932384842
12-01-2026 10:10||NIFTY27JAN2626300CE,0.1146739021437994
12-01-2026 10:10||NIFTY27JAN2626400CE,0.1193720227711882
12-01-2026 10:15||NIFTY27JAN2623800PE,0.2066109138330029
12-01-2026 10:15||NIFTY27JAN2624500PE,0.1522578585299199
12-01-2026 10:15||NIFTY27JAN2624800PE,0.1315041977188019
12-01-2026 10:15||NIFTY27JAN2625000PE,0.1236060660179174
12-01-2026 10:15||NIFTY27JAN2625100PE,0.1168605439107027
12-01-2026 10:15||NIFTY27JAN2626200CE,0.1133041047348066
12-01-2026 10:15||NIFTY27JAN2626400CE,0.1211778627211095
12-01-2026 10:15||NIFTY27JAN2626500CE,0.1290098372639563
12-01-2026 10:20||NIFTY27JAN2624200PE,0.1658250540780006
12-01-2026 10:20||NIFTY27JAN2624800PE,0.1324696614818337
12-01-2026 10:20||NIFTY27JAN2624900PE,0.1261880497782084
12-01-2026 10:20||NIFTY27JAN2625200CE,0.1271764399910834
12-01-2026 10:20||NIFTY27JAN2626500CE,0.1262565070482599
12-01-2026 10:25||NIFTY27JAN2623800PE,0.1887115471829813
12-01-2026 10:25||NIFTY27JAN2624300PE,0.1563938390197655
12-01-2026 10:25||NIFTY27JAN2624400PE,0.1500445166058698
12-01-2026 10:25||NIFTY27JAN2624900PE,0.1219012376988146
12-01-2026 10:25||NIFTY27JAN2625200CE,0.1312797862359676
12-01-2026 10:25||NIFTY27JAN2625800CE,0.109521175935863
12-01-2026 10:25||NIFTY27JAN2625900CE,0.1068785508878784
12-01-2026 10:25||NIFTY27JAN2626000CE,0.1104444347393515
12-01-2026 10:30||NIFTY27JAN2624500PE,0.1502415507916396
12-01-2026 10:30||NIFTY27JAN2625200CE,0.1255700726971522
12-01-2026 10:30||NIFTY27JAN2625800CE,0.1084384218530959
12-01-2026 10:30||NIFTY27JAN2626200CE,0.1101432630886807
12-01-2026 10:35||NIFTY27JAN2624600PE,0.1391495735540015
12-01-2026 10:35||NIFTY27JAN2625400CE,0.1217431119240262
12-01-2026 10:35||NIFTY27JAN2625700CE,0.1085159144836148
12-01-2026 10:35||NIFTY27JAN2626400CE,0.1188070866845962
12-01-2026 10:40||NIFTY27JAN2625000PE,0.1186758880010772
12-01-2026 10:40||NIFTY27JAN2625100PE,0.1147135820783599
12-01-2026 10:40||NIFTY27JAN2625300CE,0.1251179675155495
12-01-2026 10:40||NIFTY27JAN2625400CE,0.1206160995286544
12-01-2026 10:40||NIFTY27JAN2625500CE,0.1231734922145949
12-01-2026 10:40||NIFTY27JAN2626400CE,0.1162409902535459
12-01-2026 10:45||NIFTY27JAN2624400PE,0.1571416349246098
12-01-2026 10:45||NIFTY27JAN2625000PE,0.1224116088575442
12-01-2026 10:45||NIFTY27JAN2626000CE,0.1075489626428073
12-01-2026 10:45||NIFTY27JAN2626200CE,0.1133391912689332
12-01-2026 10:45||NIFTY27JAN2626300CE,0.11674443156209
12-01-2026 10:50||NIFTY27JAN2623900PE,0.1967826317032632
12-01-2026 10:50||NIFTY27JAN2624900PE,0.1260852952297372
12-01-2026 10:50||NIFTY27JAN2625500CE,0.1211789703611836
12-01-2026 10:50||NIFTY27JAN2625600CE,0.1172642653174467
12-01-2026 10:50||NIFTY27JAN2626200CE,0.1099011132110464
12-01-2026 10:55||NIFTY27JAN2624000PE,0.1877458163305614
12-01-2026 10:55||NIFTY27JAN2624300PE,0.1660167378070648
12-01-2026 10:55||NIFTY27JAN2624400PE,0.1608088029230799
12-01-2026 10:55||NIFTY27JAN2624900PE,0.1252531926349501
12-01-2026 10:55||NIFTY27JAN2625100PE,0.1162414856874242
12-01-2026 10:55||NIFTY27JAN2625500CE,0.1135457712201482
12-01-2026 10:55||NIFTY27JAN2626200CE,0.1137787150100716
12-01-2026 10:55||NIFTY27JAN2626400CE,0.1226519460557689
12-01-2026 11:00||NIFTY27JAN2623800PE,0.2101341427099543
12-01-2026 11:00||NIFTY27JAN2624000PE,0.1942719378918489
12-01-2026 11:00||NIFTY27JAN2624500PE,0.153046862591991
12-01-2026 11:00||NIFTY27JAN2624800PE,0.1320674637929888
12-01-2026 11:00||NIFTY27JAN2624900PE,0.1271365881032854
12-01-2026 11:00||NIFTY27JAN2625000PE,0.121265260316154
12-01-2026 11:00||NIFTY27JAN2625200CE,0.1233169509582417
12-01-2026 11:00||NIFTY27JAN2625400CE,0.1132266344611242
12-01-2026 11:00||NIFTY27JAN2625600CE,0.10827060114745
12-01-2026 11:00||NIFTY27JAN2626000CE,0.1116495574763641
12-01-2026 11:00||NIFTY27JAN2626300CE,0.1189680821605026
12-01-2026 11:05||NIFTY27JAN2624100PE,0.1855912822360969
12-01-2026 11:05||NIFTY27JAN2624700PE,0.1378545805177222
12-01-2026 11:05||NIFTY27JAN2625200CE,0.1176962302375842
12-01-2026 11:05||NIFTY27JAN2625500CE,0.1091925305915581
12-01-2026 11:05||NIFTY27JAN2625600CE,0.1070407338429111
12-01-2026 11:05||NIFTY27JAN2625700CE,0.105981458548388
12-01-2026 11:10||NIFTY27JAN2624400PE,0.1596341935347293
12-01-2026 11:10||NIFTY27JAN2624500PE,0.1510752678879833
12-01-2026 11:10||NIFTY27JAN2625200CE,0.1285978003524384
12-01-2026 11:10||NIFTY27JAN2625800CE,0.1067882612243958
12-01-2026 11:10||NIFTY27JAN2626000CE,0.1116611849102524
12-01-2026 11:15||NIFTY27JAN2625400CE,0.1128371983993256
12-01-2026 11:15||NIFTY27JAN2625700CE,0.1078783465442359
12-01-2026 11:15||NIFTY27JAN2625800CE,0.1066983734335748
12-01-2026 11:20||NIFTY27JAN2624800PE,0.129137203569232
12-01-2026 11:20||NIFTY27JAN2626400CE,0.1293836667982362
12-01-2026 11:25||NIFTY27JAN2623800PE,0.1964079879568283
12-01-2026 11:25||NIFTY27JAN2624200PE,0.1677911339300259
12-01-2026 11:25||NIFTY27JAN2624300PE,0.1600600045714088
12-01-2026 11:25||NIFTY27JAN2624700PE,0.1323082415252425
12-01-2026 11:25||NIFTY27JAN2625400CE,0.1180495121012117
12-01-2026 11:30||NIFTY27JAN2623900PE,0.1784510570154146
12-01-2026 11:30||NIFTY27JAN2624000PE,0.1768068833172281
12-01-2026 11:35||NIFTY27JAN2624200PE,0.1779744733848842
12-01-2026 11:35||NIFTY27JAN2624400PE,0.1616186514279672
12-01-2026 11:35||NIFTY27JAN2624700PE,0.1363267460996996
12-01-2026 11:35||NIFTY27JAN2624900PE,0.1268596355249747
12-01-2026 11:35||NIFTY27JAN2625300CE,0.1090589060685579
12-01-2026 11:35||NIFTY27JAN2625600CE,0.1059356713108361
12-01-2026 11:35||NIFTY27JAN2625800CE,0.107717907466619
12-01-2026 11:40||NIFTY27JAN2624300PE,0.1692238417976354
12-01-2026 11:40||NIFTY27JAN2624400PE,0.1620224148092926
12-01-2026 11:40||NIFTY27JAN2625000PE,0.1233354919847652
12-01-2026 11:40||NIFTY27JAN2625200CE,0.1119159971434705
12-01-2026 11:40||NIFTY27JAN2625300CE,0.1085922954742751
12-01-2026 11:50||NIFTY27JAN2624700PE,0.1368175060559261
12-01-2026 11:50||NIFTY27JAN2625600CE,0.1068113767688201
12-01-2026 11:50||NIFTY27JAN2625800CE,0.1091886495586761
12-01-2026 11:50||NIFTY27JAN2625900CE,0.107787027312527
12-01-2026 11:55||NIFTY27JAN2624000PE,0.1769039092426382
12-01-2026 11:55||NIFTY27JAN2624900PE,0.121679606544165
12-01-2026 11:55||NIFTY27JAN2625100PE,0.1145487307328295
12-01-2026 11:55||NIFTY27JAN2625700CE,0.1107322452243036
12-01-2026 11:55||NIFTY27JAN2626000CE,0.1099459824176571
12-01-2026 11:55||NIFTY27JAN2626500CE,0.1241228905318075
12-01-2026 12:00||NIFTY27JAN2624100PE,0.1740578281050926
12-01-2026 12:00||NIFTY27JAN2624900PE,0.1236247829726905
12-01-2026 12:00||NIFTY27JAN2625100PE,0.1152627566230437
12-01-2026 12:00||NIFTY27JAN2625900CE,0.1105480180355262
12-01-2026 12:05||NIFTY27JAN2624000PE,0.1860767666771901
12-01-2026 12:05||NIFTY27JAN2624900PE,0.1250218022064081
12-01-2026 12:05||NIFTY27JAN2625500CE,0.1091381612183396
12-01-2026 12:05||NIFTY27JAN2625800CE,0.1064883206576491
12-01-2026 12:05||NIFTY27JAN2626000CE,0.1101321936070046
12-01-2026 12:10||NIFTY27JAN2623800PE,0.2083191268780767
12-01-2026 12:10||NIFTY27JAN2624200PE,0.1764861900562115
12-01-2026 12:10||NIFTY27JAN2624700PE,0.1358233701813624
12-01-2026 12:10||NIFTY27JAN2624800PE,0.1303644390768333
12-01-2026 12:10||NIFTY27JAN2625000PE,0.1201916683107039
12-01-2026 12:10||NIFTY27JAN2625800CE,0.107864015208321
12-01-2026 12:15||NIFTY27JAN2625100PE,0.1150255576828919
12-01-2026 12:15||NIFTY27JAN2625900CE,0.1054004161506805
12-01-2026 12:15||NIFTY27JAN2626200CE,0.1101444167823237
12-01-2026 12:20||NIFTY27JAN2624400PE,0.1675917033591768
12-01-2026 12:20||NIFTY27JAN2624700PE,0.1422617487508538
12-01-2026 12:20||NIFTY27JAN2625100PE,0.1188266454937594
12-01-2026 12:20||NIFTY27JAN2625300CE,0.1064757336056868
12-01-2026 12:20||NIFTY27JAN2625500CE,0.1024612897595078
12-01-2026 12:20||NIFTY27JAN2626400CE,0.1174772075875012
12-01-2026 12:25||NIFTY27JAN2624800PE,0.1245542481060516
12-01-2026 12:25||NIFTY27JAN2625200CE,0.0998366196058743
12-01-2026 12:25||NIFTY27JAN2626300CE,0.1004453048445937
12-01-2026 12:30||NIFTY27JAN2623800PE,0.1750445474842885
12-01-2026 12:30||NIFTY27JAN2624800PE,0.1184781407809912
12-01-2026 12:30||NIFTY27JAN2624900PE,0.1135954233308349
12-01-2026 12:30||NIFTY27JAN2625500CE,0.1086267946374982
12-01-2026 12:30||NIFTY27JAN2625700CE,0.1030162442231281
12-01-2026 12:30||NIFTY27JAN2626500CE,0.1035089457588496
12-01-2026 12:35||NIFTY27JAN2624300PE,0.1574897783282871
12-01-2026 12:35||NIFTY27JAN2624600PE,0.132770643900118
12-01-2026 12:35||NIFTY27JAN2624900PE,0.1213262378816038
12-01-2026 12:35||NIFTY27JAN2625100PE,0.1092714289030831
12-01-2026 12:35||NIFTY27JAN2626000CE,0.0955609398348206
12-01-2026 12:35||NIFTY27JAN2626300CE,0.0977005301403893
12-01-2026 12:40||NIFTY27JAN2624300PE,0.1541813849940072
12-01-2026 12:40||NIFTY27JAN2624400PE,0.1492442406571178
12-01-2026 12:40||NIFTY27JAN2624500PE,0.1375439719870912
12-01-2026 12:40||NIFTY27JAN2625000PE,0.1129524580500757
12-01-2026 12:40||NIFTY27JAN2625300CE,0.1123525031522499
12-01-2026 12:40||NIFTY27JAN2625500CE,0.1054450912123754
12-01-2026 12:40||NIFTY27JAN2626000CE,0.0989125802300063
12-01-2026 12:40||NIFTY27JAN2626200CE,0.0986287178266549
12-01-2026 12:45||NIFTY27JAN2624300PE,0.1620566332192652
12-01-2026 12:45||NIFTY27JAN2624500PE,0.1480480169310856
12-01-2026 12:45||NIFTY27JAN2624800PE,0.131383979640974
12-01-2026 12:45||NIFTY27JAN2625000PE,0.1215832268900057
12-01-2026 12:45||NIFTY27JAN2625300CE,0.1200280758397244
12-01-2026 12:45||NIFTY27JAN2625700CE,0.1047146981881367
12-01-2026 12:45||NIFTY27JAN2625800CE,0.0978000377612039
12-01-2026 12:45||NIFTY27JAN2626000CE,0.1006049633136558
12-01-2026 12:45||NIFTY27JAN2626200CE,0.1012765942895566
12-01-2026 12:45||NIFTY27JAN2626400CE,0.1042257423445624
12-01-2026 12:50||NIFTY27JAN2624500PE,0.1434161734039649
12-01-2026 12:50||NIFTY27JAN2625300CE,0.1098721063770506
12-01-2026 12:50||NIFTY27JAN2625800CE,0.1000974262010225
12-01-2026 12:55||NIFTY27JAN2624500PE,0.1453541598922279
12-01-2026 12:55||NIFTY27JAN2624600PE,0.1402006767007083
12-01-2026 12:55||NIFTY27JAN2624700PE,0.1349307634179015
12-01-2026 12:55||NIFTY27JAN2625000PE,0.1159325712645282
12-01-2026 12:55||NIFTY27JAN2625400CE,0.1109637566349542
12-01-2026 12:55||NIFTY27JAN2625900CE,0.0977302409309546
12-01-2026 12:55||NIFTY27JAN2626200CE,0.0964064364763577
12-01-2026 13:00||NIFTY27JAN2624200PE,0.1641458275257001
12-01-2026 13:00||NIFTY27JAN2624500PE,0.1419451396472767
12-01-2026 13:00||NIFTY27JAN2624600PE,0.1363975780946472
12-01-2026 13:00||NIFTY27JAN2625500CE,0.1059688625238342
12-01-2026 13:00||NIFTY27JAN2626000CE,0.0978013304675236
12-01-2026 13:00||NIFTY27JAN2626100CE,0.0974292021665488
12-01-2026 13:00||NIFTY27JAN2626300CE,0.100438527236385
12-01-2026 13:00||NIFTY27JAN2626500CE,0.1078779038908289
12-01-2026 13:05||NIFTY27JAN2623900PE,0.1799694058946539
12-01-2026 13:05||NIFTY27JAN2624200PE,0.1611778773872902
12-01-2026 13:05||NIFTY27JAN2624500PE,0.1458468184085839
12-01-2026 13:05||NIFTY27JAN2624900PE,0.1224320915446839
12-01-2026 13:05||NIFTY27JAN2625300CE,0.1241274977705474
12-01-2026 13:05||NIFTY27JAN2625500CE,0.1043180361679347
12-01-2026 13:05||NIFTY27JAN2626400CE,0.1033032178810923
12-01-2026 13:10||NIFTY27JAN2624700PE,0.1330100991755864
12-01-2026 13:10||NIFTY27JAN2624800PE,0.12736548881038
12-01-2026 13:10||NIFTY27JAN2626400CE,0.1049871283340776
12-01-2026 13:15||NIFTY27JAN2623800PE,0.19159675415276
12-01-2026 13:15||NIFTY27JAN2624500PE,0.1439465848826161
12-01-2026 13:15||NIFTY27JAN2624700PE,0.132537525909178
12-01-2026 13:15||NIFTY27JAN2624800PE,0.1290433722707247
12-01-2026 13:15||NIFTY27JAN2625100PE,0.1143467636065937
12-01-2026 13:15||NIFTY27JAN2625500CE,0.1118704071166848
12-01-2026 13:15||NIFTY27JAN2625800CE,0.1001771587738142
12-01-2026 13:15||NIFTY27JAN2626100CE,0.1032105067186842
12-01-2026 13:15||NIFTY27JAN2626300CE,0.1040595842044183
12-01-2026 13:15||NIFTY27JAN2626400CE,0.10778788441106
12-01-2026 13:20||NIFTY27JAN2624200PE,0.162889579637351
12-01-2026 13:20||NIFTY27JAN2624300PE,0.1583003210921815
12-01-2026 13:20||NIFTY27JAN2625000PE,0.117464173296825
12-01-2026 13:20||NIFTY27JAN2625200CE,0.1200331317938217
12-01-2026 13:20||NIFTY27JAN2625500CE,0.1057766751611724
12-01-2026 13:20||NIFTY27JAN2626200CE,0.0989858136439533
12-01-2026 13:20||NIFTY27JAN2626500CE,0.107069141802645
12-01-2026 13:25||NIFTY27JAN2624300PE,0.1491909988993486
12-01-2026 13:25||NIFTY27JAN2624500PE,0.1361529079615021
12-01-2026 13:25||NIFTY27JAN2624600PE,0.1338965008389067
12-01-2026 13:25||NIFTY27JAN2624800PE,0.1185041610741887
12-01-2026 13:25||NIFTY27JAN2625500CE,0.1092697370056198
12-01-2026 13:25||NIFTY27JAN2625800CE,0.1009924781347689
12-01-2026 13:25||NIFTY27JAN2626000CE,0.0986222201481332
12-01-2026 13:25||NIFTY27JAN2626400CE,0.099932119704275
12-01-2026 13:25||NIFTY27JAN2626500CE,0.102050257796402
12-01-2026 13:30||NIFTY27JAN2623900PE,0.1827496110684147
12-01-2026 13:30||NIFTY27JAN2624400PE,0.1495877085658502
12-01-2026 13:30||NIFTY27JAN2624800PE,0.1274634423634208
12-01-2026 13:30||NIFTY27JAN2624900PE,0.1199333991150513
12-01-2026 13:30||NIFTY27JAN2625100PE,0.1111456080613626
12-01-2026 13:30||NIFTY27JAN2625300CE,0.0943998641215104
12-01-2026 13:30||NIFTY27JAN2625500CE,0.1049448160338641
12-01-2026 13:30||NIFTY27JAN2625600CE,0.0975752649423776
12-01-2026 13:30||NIFTY27JAN2625700CE,0.0985226804170066
12-01-2026 13:35||NIFTY27JAN2624700PE,0.1317917637341573
12-01-2026 13:35||NIFTY27JAN2624900PE,0.123973639393751
12-01-2026 13:35||NIFTY27JAN2625500CE,0.108656934054639
12-01-2026 13:35||NIFTY27JAN2625600CE,0.1060225999900133
12-01-2026 13:35||NIFTY27JAN2625900CE,0.1017456151322057
12-01-2026 13:40||NIFTY27JAN2623900PE,0.1844960368405995
12-01-2026 13:40||NIFTY27JAN2624000PE,0.1826292811977953
12-01-2026 13:40||NIFTY27JAN2624100PE,0.1767876386760569
12-01-2026 13:40||NIFTY27JAN2624800PE,0.1277893679635983
12-01-2026 13:40||NIFTY27JAN2624900PE,0.1232587177852501
12-01-2026 13:40||NIFTY27JAN2625200CE,0.1204892487735073
12-01-2026 13:40||NIFTY27JAN2625400CE,0.1099039759680217
12-01-2026 13:40||NIFTY27JAN2626100CE,0.0946928067078514
12-01-2026 13:40||NIFTY27JAN2626200CE,0.0972237674677685
12-01-2026 13:45||NIFTY27JAN2623800PE,0.1854866930113776
12-01-2026 13:45||NIFTY27JAN2623900PE,0.1843468509310938
12-01-2026 13:45||NIFTY27JAN2624600PE,0.1347223053905063
12-01-2026 13:45||NIFTY27JAN2625100PE,0.1124063155633254
12-01-2026 13:50||NIFTY27JAN2624200PE,0.1673345273683191
12-01-2026 13:50||NIFTY27JAN2625200CE,0.130523203307886
12-01-2026 13:50||NIFTY27JAN2625300CE,0.1244227796364581
12-01-2026 13:50||NIFTY27JAN2625400CE,0.1149300825972612
12-01-2026 13:50||NIFTY27JAN2626200CE,0.0991026200178845
12-01-2026 13:55||NIFTY27JAN2623800PE,0.1957732180980376
12-01-2026 13:55||NIFTY27JAN2624000PE,0.1736685578355345
12-01-2026 13:55||NIFTY27JAN2624100PE,0.1683186450047268
12-01-2026 13:55||NIFTY27JAN2624700PE,0.1285683326667202
12-01-2026 13:55||NIFTY27JAN2624900PE,0.1179160682391672
12-01-2026 13:55||NIFTY27JAN2626100CE,0.0959966047521331
12-01-2026 13:55||NIFTY27JAN2626400CE,0.098104060911342
12-01-2026 14:00||NIFTY27JAN2624000PE,0.1819120781654019
12-01-2026 14:00||NIFTY27JAN2624400PE,0.1550965302575434
12-01-2026 14:00||NIFTY27JAN2624500PE,0.1488976310282472
12-01-2026 14:00||NIFTY27JAN2624600PE,0.1414977875652605
12-01-2026 14:00||NIFTY27JAN2625000PE,0.1185449083675463
12-01-2026 14:00||NIFTY27JAN2625400CE,0.1082087415595648
12-01-2026 14:00||NIFTY27JAN2625600CE,0.112991989448885
12-01-2026 14:00||NIFTY27JAN2625700CE,0.1095709063425293
12-01-2026 14:00||NIFTY27JAN2626300CE,0.1027539454495327
12-01-2026 14:00||NIFTY27JAN2626400CE,0.1043591815438187
12-01-2026 14:05||NIFTY27JAN2624400PE,0.1564479489960439
12-01-2026 14:05||NIFTY27JAN2624600PE,0.1432257580651573
12-01-2026 14:05||NIFTY27JAN2624800PE,0.1332882122277971
12-01-2026 14:05||NIFTY27JAN2625800CE,0.1003130219133543
12-01-2026 14:05||NIFTY27JAN2626000CE,0.1027172609982687
12-01-2026 14:05||NIFTY27JAN2626200CE,0.1003530686969016
12-01-2026 14:05||NIFTY27JAN2626400CE,0.1038314946475428
12-01-2026 14:05||NIFTY27JAN2626500CE,0.1069242734161696
12-01-2026 14:10||NIFTY27JAN2624100PE,0.1723174674883956
12-01-2026 14:10||NIFTY27JAN2624600PE,0.1373413971732208
12-01-2026 14:10||NIFTY27JAN2624800PE,0.1305002455641655
12-01-2026 14:10||NIFTY27JAN2625200CE,0.1354924001923835
12-01-2026 14:10||NIFTY27JAN2625500CE,0.1184032403989806
12-01-2026 14:10||NIFTY27JAN2626400CE,0.1043242646450914
12-01-2026 14:15||NIFTY27JAN2624100PE,0.1755970877969542
12-01-2026 14:15||NIFTY27JAN2624200PE,0.1685110547134248
12-01-2026 14:15||NIFTY27JAN2624900PE,0.1248769129204508
12-01-2026 14:15||NIFTY27JAN2625800CE,0.0985438359980117
12-01-2026 14:20||NIFTY27JAN2624400PE,0.156683565817022
12-01-2026 14:20||NIFTY27JAN2624500PE,0.14770536408814
12-01-2026 14:20||NIFTY27JAN2624600PE,0.1425499464661362
12-01-2026 14:20||NIFTY27JAN2625000PE,0.1198263655705612
12-01-2026 14:20||NIFTY27JAN2625200CE,0.1199467257398387
12-01-2026 14:20||NIFTY27JAN2625700CE,0.1026336439709991
12-01-2026 14:20||NIFTY27JAN2626200CE,0.0977794068538406
12-01-2026 14:20||NIFTY27JAN2626500CE,0.1052964845378349
12-01-2026 14:25||NIFTY27JAN2623900PE,0.1843253913999736
12-01-2026 14:25||NIFTY27JAN2624200PE,0.167731203397861
12-01-2026 14:25||NIFTY27JAN2624500PE,0.1490930286383962
12-01-2026 14:25||NIFTY27JAN2624600PE,0.1427333428938419
12-01-2026 14:25||NIFTY27JAN2626300CE,0.1025998422379656
12-01-2026 14:25||NIFTY27JAN2626500CE,0.1051836072927711
12-01-2026 14:30||NIFTY27JAN2623900PE,0.1815377084206864
12-01-2026 14:30||NIFTY27JAN2624200PE,0.163875365516231
12-01-2026 14:30||NIFTY27JAN2625200CE,0.1096582090033847
12-01-2026 14:30||NIFTY27JAN2625700CE,0.102642393182531
12-01-2026 14:30||NIFTY27JAN2626200CE,0.0973179522189855
12-01-2026 14:35||NIFTY27JAN2624500PE,0.1468052680881182
12-01-2026 14:35||NIFTY27JAN2625100PE,0.1130748036737302
12-01-2026 14:35||NIFTY27JAN2625900CE,0.0953065236463969
12-01-2026 14:35||NIFTY27JAN2626000CE,0.0973421098370937
12-01-2026 14:35||NIFTY27JAN2626100CE,0.0957656621729193
12-01-2026 14:35||NIFTY27JAN2626400CE,0.1021713920004727
12-01-2026 14:35||NIFTY27JAN2626500CE,0.1074072082854019
12-01-2026 14:40||NIFTY27JAN2624100PE,0.1689574281294371
12-01-2026 14:40||NIFTY27JAN2624300PE,0.155534895725477
12-01-2026 14:40||NIFTY27JAN2624500PE,0.1436022419688016
12-01-2026 14:40||NIFTY27JAN2625100PE,0.1105293606579678
12-01-2026 14:40||NIFTY27JAN2625300CE,0.1115858170054561
12-01-2026 14:40||NIFTY27JAN2625600CE,0.1017099083427809
12-01-2026 14:40||NIFTY27JAN2626400CE,0.09697278402013
12-01-2026 14:45||NIFTY27JAN2624000PE,0.1792253708338625
12-01-2026 14:45||NIFTY27JAN2624600PE,0.1441017090997603
12-01-2026 14:45||NIFTY27JAN2625000PE,0.1224326201344225
12-01-2026 14:45||NIFTY27JAN2625300CE,0.118404657476912
12-01-2026 14:45||NIFTY27JAN2625500CE,0.1126598353015549
12-01-2026 14:45||NIFTY27JAN2626000CE,0.0996004256449419
12-01-2026 14:45||NIFTY27JAN2626100CE,0.100496348917733
12-01-2026 14:45||NIFTY27JAN2626200CE,0.0989945917880743
12-01-2026 14:45||NIFTY27JAN2626500CE,0.1030607939596233
12-01-2026 14:50||NIFTY27JAN2624000PE,0.1853144651291776
12-01-2026 14:50||NIFTY27JAN2624400PE,0.1556036322312772
12-01-2026 14:50||NIFTY27JAN2624800PE,0.1321793758950742
12-01-2026 14:50||NIFTY27JAN2625100PE,0.1158103035944496
12-01-2026 14:50||NIFTY27JAN2625600CE,0.1031186929389218
12-01-2026 14:50||NIFTY27JAN2626000CE,0.0969276847008057
12-01-2026 14:50||NIFTY27JAN2626300CE,0.0973472117810604
12-01-2026 14:50||NIFTY27JAN2626400CE,0.0993271708103337
12-01-2026 14:55||NIFTY27JAN2624300PE,0.1594577361220323
12-01-2026 14:55||NIFTY27JAN2624500PE,0.1485392651499676
12-01-2026 14:55||NIFTY27JAN2624700PE,0.1369077477117727
12-01-2026 14:55||NIFTY27JAN2624900PE,0.1245049864323434
12-01-2026 14:55||NIFTY27JAN2625100PE,0.1134955684912948
12-01-2026 14:55||NIFTY27JAN2626200CE,0.096883735764486
12-01-2026 15:00||NIFTY27JAN2623800PE,0.1948262673021878
12-01-2026 15:00||NIFTY27JAN2623900PE,0.1882243649969318
12-01-2026 15:00||NIFTY27JAN2624300PE,0.1650407901083181
12-01-2026 15:00||NIFTY27JAN2624700PE,0.139295943810451
12-01-2026 15:00||NIFTY27JAN2624800PE,0.1341576765125514
12-01-2026 15:00||NIFTY27JAN2626000CE,0.1013533205749224
12-01-2026 15:00||NIFTY27JAN2626100CE,0.1006655289640118
12-01-2026 15:05||NIFTY27JAN2623800PE,0.1953119302953167
12-01-2026 15:05||NIFTY27JAN2624200PE,0.1704400668070354
12-01-2026 15:05||NIFTY27JAN2624300PE,0.1661574340876581
12-01-2026 15:05||NIFTY27JAN2624900PE,0.1267181142744458
12-01-2026 15:05||NIFTY27JAN2625900CE,0.1015203561601092
12-01-2026 15:05||NIFTY27JAN2626200CE,0.102158876486827
12-01-2026 15:10||NIFTY27JAN2624000PE,0.1838575544910506
12-01-2026 15:10||NIFTY27JAN2624500PE,0.1516326878442433
12-01-2026 15:10||NIFTY27JAN2624600PE,0.1445905719277347
12-01-2026 15:10||NIFTY27JAN2625200CE,0.1119625030868886
12-01-2026 15:10||NIFTY27JAN2625600CE,0.1057629111443725
12-01-2026 15:10||NIFTY27JAN2625900CE,0.1014424974383419
12-01-2026 15:10||NIFTY27JAN2626200CE,0.1031029165986039
12-01-2026 15:10||NIFTY27JAN2626300CE,0.1035956661277739
12-01-2026 15:10||NIFTY27JAN2626400CE,0.1026433245399563
12-01-2026 15:15||NIFTY27JAN2623900PE,0.1891965960909843
12-01-2026 15:15||NIFTY27JAN2624000PE,0.1843980245172763
12-01-2026 15:15||NIFTY27JAN2624500PE,0.1522561220596658
12-01-2026 15:15||NIFTY27JAN2624900PE,0.1284909811786909
12-01-2026 15:15||NIFTY27JAN2625200CE,0.1143823649656785
12-01-2026 15:15||NIFTY27JAN2625400CE,0.1016924380573908
12-01-2026 15:15||NIFTY27JAN2625500CE,0.104097109930625
12-01-2026 15:20||NIFTY27JAN2624100PE,0.1781227642281827
12-01-2026 15:20||NIFTY27JAN2624200PE,0.1713688800965818
12-01-2026 15:20||NIFTY27JAN2624400PE,0.1570009121782142
12-01-2026 15:20||NIFTY27JAN2624500PE,0.1525659574297598
12-01-2026 15:20||NIFTY27JAN2625000PE,0.1231414255242679
12-01-2026 15:20||NIFTY27JAN2625200CE,0.1203094861940455
12-01-2026 15:20||NIFTY27JAN2625300CE,0.1177642746949791
12-01-2026 15:20||NIFTY27JAN2626200CE,0.0963189111021303
12-01-2026 15:20||NIFTY27JAN2626300CE,0.0986382190544868
12-01-2026 15:25||NIFTY27JAN2624200PE,0.1621880711981147
12-01-2026 15:25||NIFTY27JAN2624600PE,0.1421335179044704
12-01-2026 15:25||NIFTY27JAN2625400CE,0.1131768312931441
12-01-2026 15:25||NIFTY27JAN2625500CE,0.1122048308051204
12-01-2026 15:25||NIFTY27JAN2625700CE,0.1036662497180597
13-01-2026 09:15||NIFTY27JAN2624000PE,0.1716223426731142
13-01-2026 09:15||NIFTY27JAN2624700PE,0.1418244667201094
13-01-2026 09:15||NIFTY27JAN2625500CE,0.1275787608765317
13-01-2026 09:15||NIFTY27JAN2625600CE,0.1197236381737463
13-01-2026 09:15||NIFTY27JAN2625800CE,0.1110069286634655
13-01-2026 09:15||NIFTY27JAN2625900CE,0.1061237487610193
13-01-2026 09:15||NIFTY27JAN2626100CE,0.1012049438853427
13-01-2026 09:20||NIFTY27JAN2623800PE,0.2062022599880294
13-01-2026 09:20||NIFTY27JAN2624500PE,0.1574069199739858
13-01-2026 09:20||NIFTY27JAN2624600PE,0.1495083436630578
13-01-2026 09:20||NIFTY27JAN2624800PE,0.1376144117007364
13-01-2026 09:25||NIFTY27JAN2623800PE,0.1892005518013305
13-01-2026 09:25||NIFTY27JAN2624200PE,0.1620784958144245
13-01-2026 09:25||NIFTY27JAN2624400PE,0.1495627577310533
13-01-2026 09:25||NIFTY27JAN2624600PE,0.136125089840996
13-01-2026 09:25||NIFTY27JAN2624800PE,0.1255146271454713
13-01-2026 09:25||NIFTY27JAN2625300CE,0.126389213918708
13-01-2026 09:25||NIFTY27JAN2625500CE,0.1143998970126489
13-01-2026 09:30||NIFTY27JAN2624500PE,0.1505937190550946
13-01-2026 09:30||NIFTY27JAN2625300CE,0.1107832979428085
13-01-2026 09:30||NIFTY27JAN2625500CE,0.107695327712301
13-01-2026 09:30||NIFTY27JAN2625700CE,0.0985418778942728
13-01-2026 09:30||NIFTY27JAN2626000CE,0.0961617159434518
13-01-2026 09:30||NIFTY27JAN2626200CE,0.0967301964784836
13-01-2026 09:35||NIFTY27JAN2624000PE,0.1712246894863807
13-01-2026 09:35||NIFTY27JAN2625000PE,0.1210605670997864
13-01-2026 09:35||NIFTY27JAN2625300CE,0.1152839655278988
13-01-2026 09:35||NIFTY27JAN2625700CE,0.1009500920268491
13-01-2026 09:35||NIFTY27JAN2625800CE,0.0989176687412296
13-01-2026 09:40||NIFTY27JAN2625200CE,0.1141741952884039
13-01-2026 09:40||NIFTY27JAN2625400CE,0.1081205954703318
13-01-2026 09:40||NIFTY27JAN2625600CE,0.1063539766780331
13-01-2026 09:45||NIFTY27JAN2623800PE,0.1964757540078936
13-01-2026 09:45||NIFTY27JAN2624500PE,0.1495814246985533
13-01-2026 09:45||NIFTY27JAN2625400CE,0.1071685579046368
13-01-2026 09:45||NIFTY27JAN2625800CE,0.0999685780052345
13-01-2026 09:45||NIFTY27JAN2625900CE,0.0993440465659314
13-01-2026 09:50||NIFTY27JAN2623900PE,0.1902476079624206
13-01-2026 09:50||NIFTY27JAN2624500PE,0.1470543427204473
13-01-2026 09:50||NIFTY27JAN2624600PE,0.1404460612386376
13-01-2026 09:50||NIFTY27JAN2625000PE,0.119551770861182
13-01-2026 09:50||NIFTY27JAN2625100PE,0.1112124343776457
13-01-2026 09:50||NIFTY27JAN2626300CE,0.097827913092243
13-01-2026 09:55||NIFTY27JAN2624100PE,0.1721636173176562
13-01-2026 09:55||NIFTY27JAN2624200PE,0.166410583061857
13-01-2026 09:55||NIFTY27JAN2624300PE,0.1598979964660544
13-01-2026 09:55||NIFTY27JAN2624700PE,0.1346221741012364
13-01-2026 09:55||NIFTY27JAN2625600CE,0.1004008739692581
13-01-2026 10:00||NIFTY27JAN2624200PE,0.1672013421096145
13-01-2026 10:00||NIFTY27JAN2626300CE,0.1036010050058705
13-01-2026 10:00||NIFTY27JAN2626500CE,0.1096017961791389
13-01-2026 10:05||NIFTY27JAN2624000PE,0.1708859483735526
13-01-2026 10:05||NIFTY27JAN2624800PE,0.128064253018923
13-01-2026 10:05||NIFTY27JAN2626400CE,0.1002970763024263
13-01-2026 10:10||NIFTY27JAN2624100PE,0.1755913894805167
13-01-2026 10:10||NIFTY27JAN2624200PE,0.1695691062466704
13-01-2026 10:10||NIFTY27JAN2624500PE,0.1487650776337365
13-01-2026 10:10||NIFTY27JAN2624700PE,0.1332754248777365
13-01-2026 10:10||NIFTY27JAN2625100PE,0.1140455763818887
13-01-2026 10:10||NIFTY27JAN2625800CE,0.0974901484074659
13-01-2026 10:15||NIFTY27JAN2624500PE,0.1462845981523963
13-01-2026 10:15||NIFTY27JAN2624800PE,0.1280804200757718
13-01-2026 10:15||NIFTY27JAN2624900PE,0.1223982052097015
13-01-2026 10:15||NIFTY27JAN2625100PE,0.1114620502766493
13-01-2026 10:15||NIFTY27JAN2625800CE,0.0989459130258364
13-01-2026 10:20||NIFTY27JAN2623900PE,0.1853640494941641
13-01-2026 10:20||NIFTY27JAN2624100PE,0.1768784459200456
13-01-2026 10:20||NIFTY27JAN2625300CE,0.1225624616101102
13-01-2026 10:20||NIFTY27JAN2625700CE,0.105721878933988
13-01-2026 10:20||NIFTY27JAN2626500CE,0.104579504746889
13-01-2026 10:25||NIFTY27JAN2623900PE,0.1905609225017654
13-01-2026 10:25||NIFTY27JAN2624200PE,0.1704277178495083
13-01-2026 10:25||NIFTY27JAN2624500PE,0.1504344625257108
13-01-2026 10:25||NIFTY27JAN2624700PE,0.1370654041596328
13-01-2026 10:25||NIFTY27JAN2625100PE,0.114055602005694
13-01-2026 10:25||NIFTY27JAN2625700CE,0.1029742074167215
13-01-2026 10:30||NIFTY27JAN2623800PE,0.1825324112402472
13-01-2026 10:30||NIFTY27JAN2624400PE,0.1445814224562134
13-01-2026 10:30||NIFTY27JAN2624600PE,0.1454541826415182
13-01-2026 10:30||NIFTY27JAN2624700PE,0.1296090953287883
13-01-2026 10:30||NIFTY27JAN2624900PE,0.118805054375194
13-01-2026 10:30||NIFTY27JAN2625300CE,0.1178998624698752
13-01-2026 10:30||NIFTY27JAN2625900CE,0.099178590262181
13-01-2026 10:30||NIFTY27JAN2626000CE,0.0975671291914788
13-01-2026 10:30||NIFTY27JAN2626100CE,0.0953470116090969
13-01-2026 10:30||NIFTY27JAN2626400CE,0.0986375899059466
13-01-2026 10:35||NIFTY27JAN2623800PE,0.1948052290159843
13-01-2026 10:35||NIFTY27JAN2623900PE,0.1885912228501991
13-01-2026 10:35||NIFTY27JAN2624300PE,0.1639488202751655
13-01-2026 10:35||NIFTY27JAN2624600PE,0.1444610723443985
13-01-2026 10:35||NIFTY27JAN2625000PE,0.1237036995418712
13-01-2026 10:35||NIFTY27JAN2626000CE,0.1020588511352509
13-01-2026 10:35||NIFTY27JAN2626100CE,0.1000979521710833
13-01-2026 10:40||NIFTY27JAN2623900PE,0.1902461575115401
13-01-2026 10:40||NIFTY27JAN2624000PE,0.1847322433831573
13-01-2026 10:40||NIFTY27JAN2624400PE,0.1582285772010973
13-01-2026 10:40||NIFTY27JAN2624500PE,0.1514336560172869
13-01-2026 10:40||NIFTY27JAN2624800PE,0.1319220644728315
13-01-2026 10:40||NIFTY27JAN2626300CE,0.0953933451324269
13-01-2026 10:45||NIFTY27JAN2623900PE,0.1828849106175224
13-01-2026 10:45||NIFTY27JAN2624900PE,0.1259662906191735
13-01-2026 10:45||NIFTY27JAN2625200CE,0.1283665656032716
13-01-2026 10:45||NIFTY27JAN2625600CE,0.1097233296159309
13-01-2026 10:50||NIFTY27JAN2624900PE,0.1269784216968297
13-01-2026 10:50||NIFTY27JAN2625000PE,0.1214035155375406
13-01-2026 10:50||NIFTY27JAN2625500CE,0.1180700146710567
13-01-2026 10:50||NIFTY27JAN2625600CE,0.1117465359305116
13-01-2026 10:50||NIFTY27JAN2625700CE,0.108191741054979
13-01-2026 10:50||NIFTY27JAN2625900CE,0.1014191265695836
13-01-2026 10:55||NIFTY27JAN2624300PE,0.1621420655742496
13-01-2026 10:55||NIFTY27JAN2624400PE,0.1563844468253065
13-01-2026 10:55||NIFTY27JAN2625200CE,0.1100225644775514
13-01-2026 10:55||NIFTY27JAN2625700CE,0.1014933625105304
13-01-2026 10:55||NIFTY27JAN2626400CE,0.1006432755053119
13-01-2026 11:00||NIFTY27JAN2623900PE,0.1878497267619015
13-01-2026 11:00||NIFTY27JAN2624200PE,0.1700501128633456
13-01-2026 11:00||NIFTY27JAN2625000PE,0.1241377720019879
13-01-2026 11:00||NIFTY27JAN2625700CE,0.1049914941341328
13-01-2026 11:00||NIFTY27JAN2625800CE,0.1031614031718538
13-01-2026 11:00||NIFTY27JAN2626400CE,0.1021299004287829
13-01-2026 11:05||NIFTY27JAN2624100PE,0.1784035687646847
13-01-2026 11:05||NIFTY27JAN2624800PE,0.1320916030345213
13-01-2026 11:05||NIFTY27JAN2625100PE,0.1154174968715801
13-01-2026 11:05||NIFTY27JAN2625800CE,0.0959827702042208
13-01-2026 11:10||NIFTY27JAN2623900PE,0.1893824325921157
13-01-2026 11:10||NIFTY27JAN2624800PE,0.1341449631844707
13-01-2026 11:10||NIFTY27JAN2624900PE,0.1281087610648529
13-01-2026 11:10||NIFTY27JAN2625000PE,0.1238631569154201
13-01-2026 11:10||NIFTY27JAN2625100PE,0.117679657604155
13-01-2026 11:10||NIFTY27JAN2625900CE,0.1027579641081189
13-01-2026 11:10||NIFTY27JAN2626400CE,0.1028716769986327
13-01-2026 11:15||NIFTY27JAN2624500PE,0.1522190171103509
13-01-2026 11:15||NIFTY27JAN2625100PE,0.117742484103718
13-01-2026 11:15||NIFTY27JAN2625200CE,0.1188786696491275
13-01-2026 11:15||NIFTY27JAN2625300CE,0.111381029379445
13-01-2026 11:20||NIFTY27JAN2624900PE,0.1304417930362235
13-01-2026 11:20||NIFTY27JAN2626100CE,0.1005471471830435
13-01-2026 11:25||NIFTY27JAN2624000PE,0.1864700855629705
13-01-2026 11:25||NIFTY27JAN2624500PE,0.1524200632171024
13-01-2026 11:25||NIFTY27JAN2624800PE,0.1346373710457034
13-01-2026 11:25||NIFTY27JAN2625600CE,0.1097240127533872
13-01-2026 11:25||NIFTY27JAN2626000CE,0.1017597976024696
13-01-2026 11:25||NIFTY27JAN2626200CE,0.0979815117623913
13-01-2026 11:25||NIFTY27JAN2626400CE,0.1023991530708073
13-01-2026 11:30||NIFTY27JAN2625100PE,0.1166081850460526
13-01-2026 11:30||NIFTY27JAN2625500CE,0.1194129643407662
13-01-2026 11:30||NIFTY27JAN2625800CE,0.103683484828431
13-01-2026 11:30||NIFTY27JAN2625900CE,0.101501144859891
13-01-2026 11:35||NIFTY27JAN2623800PE,0.1930448145569903
13-01-2026 11:35||NIFTY27JAN2623900PE,0.1885253717373903
13-01-2026 11:35||NIFTY27JAN2624100PE,0.1756897170228471
13-01-2026 11:35||NIFTY27JAN2624900PE,0.1283401694858964
13-01-2026 11:35||NIFTY27JAN2625300CE,0.1264409560419668
13-01-2026 11:35||NIFTY27JAN2626000CE,0.0969285476813174
13-01-2026 11:35||NIFTY27JAN2626300CE,0.0967260006128181
13-01-2026 11:35||NIFTY27JAN2626500CE,0.099965574055405
13-01-2026 11:40||NIFTY27JAN2623800PE,0.2036709517120929
13-01-2026 11:40||NIFTY27JAN2624500PE,0.1540289321139293
13-01-2026 11:40||NIFTY27JAN2624900PE,0.1291246539854658
13-01-2026 11:40||NIFTY27JAN2625300CE,0.1233415143932442
13-01-2026 11:40||NIFTY27JAN2625400CE,0.1205437959073744
13-01-2026 11:45||NIFTY27JAN2623800PE,0.1970674600656764
13-01-2026 11:45||NIFTY27JAN2625000PE,0.1224057317916688
13-01-2026 11:45||NIFTY27JAN2625400CE,0.0930220522662822
13-01-2026 11:45||NIFTY27JAN2625800CE,0.0930099573334794
13-01-2026 11:45||NIFTY27JAN2626200CE,0.0932063548586467
13-01-2026 11:45||NIFTY27JAN2626300CE,0.0945523920555294
13-01-2026 11:45||NIFTY27JAN2626400CE,0.0965120990505129
13-01-2026 11:50||NIFTY27JAN2624000PE,0.1840456172786579
13-01-2026 11:50||NIFTY27JAN2624300PE,0.1649934507860531
13-01-2026 11:50||NIFTY27JAN2625100PE,0.1193626031856936
13-01-2026 11:50||NIFTY27JAN2626200CE,0.1023083397557828
13-01-2026 11:50||NIFTY27JAN2626300CE,0.102956332970499
13-01-2026 11:55||NIFTY27JAN2624300PE,0.164712385454284
13-01-2026 11:55||NIFTY27JAN2624800PE,0.1348332505153074
13-01-2026 11:55||NIFTY27JAN2625000PE,0.1245603101833237
13-01-2026 11:55||NIFTY27JAN2625400CE,0.1234215242123974
13-01-2026 11:55||NIFTY27JAN2625500CE,0.1195692393507194
13-01-2026 12:00||NIFTY27JAN2624500PE,0.1481163742876351
13-01-2026 12:00||NIFTY27JAN2625000PE,0.115731009668864
13-01-2026 12:00||NIFTY27JAN2625900CE,0.0961362992278618
13-01-2026 12:05||NIFTY27JAN2623800PE,0.1937674406178543
13-01-2026 12:05||NIFTY27JAN2624500PE,0.1494169249773531
13-01-2026 12:05||NIFTY27JAN2624700PE,0.1366878077617908
13-01-2026 12:05||NIFTY27JAN2625000PE,0.1194322411163993
13-01-2026 12:05||NIFTY27JAN2625300CE,0.1235107436703541
13-01-2026 12:05||NIFTY27JAN2625800CE,0.1063915402226391
13-01-2026 12:10||NIFTY27JAN2624500PE,0.1506354475519469
13-01-2026 12:10||NIFTY27JAN2625000PE,0.1212323500752477
13-01-2026 12:10||NIFTY27JAN2625200CE,0.123108688436099
13-01-2026 12:10||NIFTY27JAN2625500CE,0.1143121974722165
13-01-2026 12:10||NIFTY27JAN2625600CE,0.1089641551389493
13-01-2026 12:15||NIFTY27JAN2624200PE,0.1647084904384256
13-01-2026 12:15||NIFTY27JAN2624300PE,0.1581125375970456
13-01-2026 12:15||NIFTY27JAN2625300CE,0.1115107283017345
13-01-2026 12:15||NIFTY27JAN2625800CE,0.1011880770751424
13-01-2026 12:15||NIFTY27JAN2626500CE,0.1072791797647922
13-01-2026 12:20||NIFTY27JAN2624100PE,0.1719239970824561
13-01-2026 12:20||NIFTY27JAN2624700PE,0.1339188075390432
13-01-2026 12:20||NIFTY27JAN2625100PE,0.1155745569131609
13-01-2026 12:20||NIFTY27JAN2625700CE,0.1137175117468584
13-01-2026 12:25||NIFTY27JAN2623800PE,0.1955495468332708
13-01-2026 12:25||NIFTY27JAN2624200PE,0.166625513308892
13-01-2026 12:25||NIFTY27JAN2624300PE,0.1610141490347061
13-01-2026 12:25||NIFTY27JAN2624500PE,0.1474121515386376
13-01-2026 12:25||NIFTY27JAN2625700CE,0.1067774452741865
13-01-2026 12:30||NIFTY27JAN2623900PE,0.1835955276200103
13-01-2026 12:30||NIFTY27JAN2624000PE,0.1791283591446017
13-01-2026 12:30||NIFTY27JAN2624100PE,0.1696657345282197
13-01-2026 12:30||NIFTY27JAN2624400PE,0.153246043534494
13-01-2026 12:30||NIFTY27JAN2624700PE,0.1321293104339211
13-01-2026 12:30||NIFTY27JAN2624900PE,0.1226559185711099
13-01-2026 12:30||NIFTY27JAN2626000CE,0.1022617306722579
13-01-2026 12:30||NIFTY27JAN2626400CE,0.1055859417195976
13-01-2026 12:35||NIFTY27JAN2624200PE,0.165998832186948
13-01-2026 12:35||NIFTY27JAN2624300PE,0.1601815420265024
13-01-2026 12:35||NIFTY27JAN2624600PE,0.1396395480581424
13-01-2026 12:35||NIFTY27JAN2624800PE,0.1285414131385677
13-01-2026 12:35||NIFTY27JAN2625100PE,0.1115986562841102
13-01-2026 12:35||NIFTY27JAN2625900CE,0.0975340378994879
13-01-2026 12:35||NIFTY27JAN2626100CE,0.0959956669776506
13-01-2026 12:35||NIFTY27JAN2626400CE,0.101288339591537
13-01-2026 12:40||NIFTY27JAN2624100PE,0.171370938914071
13-01-2026 12:40||NIFTY27JAN2624300PE,0.1603167019578434
13-01-2026 12:40||NIFTY27JAN2624600PE,0.1420656144087125
13-01-2026 12:40||NIFTY27JAN2624700PE,0.1333851439626995
13-01-2026 12:40||NIFTY27JAN2625100PE,0.1145004521546425
13-01-2026 12:40||NIFTY27JAN2626500CE,0.1102311997291339
13-01-2026 12:45||NIFTY27JAN2625300CE,0.1217823539666525
13-01-2026 12:45||NIFTY27JAN2626200CE,0.1069182217598666
13-01-2026 12:50||NIFTY27JAN2623900PE,0.1810957443209742
13-01-2026 12:50||NIFTY27JAN2624100PE,0.1687228331948067
13-01-2026 12:50||NIFTY27JAN2624600PE,0.1346340882770682
13-01-2026 12:50||NIFTY27JAN2625400CE,0.1092994575492725
13-01-2026 12:50||NIFTY27JAN2625500CE,0.1041530234318687
13-01-2026 12:55||NIFTY27JAN2624000PE,0.1755514224797587
13-01-2026 12:55||NIFTY27JAN2624300PE,0.1565024479654017
13-01-2026 12:55||NIFTY27JAN2624500PE,0.1441453192660646
13-01-2026 12:55||NIFTY27JAN2624700PE,0.1318310975892019
13-01-2026 12:55||NIFTY27JAN2625000PE,0.1166087095368253
13-01-2026 12:55||NIFTY27JAN2625100PE,0.1125903415846856
13-01-2026 12:55||NIFTY27JAN2625300CE,0.1135014743884549
13-01-2026 12:55||NIFTY27JAN2625500CE,0.1074640699911899
13-01-2026 12:55||NIFTY27JAN2626200CE,0.1029137845569404
13-01-2026 12:55||NIFTY27JAN2626400CE,0.1077277983432287
13-01-2026 12:55||NIFTY27JAN2626500CE,0.1099611625191018
13-01-2026 13:00||NIFTY27JAN2624000PE,0.1730919199298961
13-01-2026 13:00||NIFTY27JAN2624600PE,0.1354251943047968
13-01-2026 13:00||NIFTY27JAN2624700PE,0.1286839259665199
13-01-2026 13:00||NIFTY27JAN2626400CE,0.1079235916740511
13-01-2026 13:05||NIFTY27JAN2624000PE,0.1741024435740227
13-01-2026 13:05||NIFTY27JAN2624600PE,0.135712828775198
13-01-2026 13:05||NIFTY27JAN2625200CE,0.1099148620636492
13-01-2026 13:05||NIFTY27JAN2625700CE,0.097992641618318
13-01-2026 13:05||NIFTY27JAN2626500CE,0.1098732451785748
13-01-2026 13:10||NIFTY27JAN2623900PE,0.170427754137738
13-01-2026 13:10||NIFTY27JAN2624400PE,0.1408053537749992
13-01-2026 13:10||NIFTY27JAN2624500PE,0.1351548199594214
13-01-2026 13:10||NIFTY27JAN2624700PE,0.1225178228128665
13-01-2026 13:10||NIFTY27JAN2625000PE,0.1105277685287334
13-01-2026 13:10||NIFTY27JAN2625600CE,0.1069409816241385
13-01-2026 13:10||NIFTY27JAN2626000CE,0.0980981005026174
13-01-2026 13:10||NIFTY27JAN2626400CE,0.100540903907606
13-01-2026 13:10||NIFTY27JAN2626500CE,0.1019344643952361
13-01-2026 13:15||NIFTY27JAN2623800PE,0.1867709952801898
13-01-2026 13:15||NIFTY27JAN2624000PE,0.1718640003585782
13-01-2026 13:15||NIFTY27JAN2624100PE,0.1648686702116523
13-01-2026 13:15||NIFTY27JAN2624700PE,0.1263789420392437
13-01-2026 13:15||NIFTY27JAN2625000PE,0.111851616892625
13-01-2026 13:15||NIFTY27JAN2625800CE,0.0996151199292679
13-01-2026 13:15||NIFTY27JAN2626100CE,0.0985859780164912
13-01-2026 13:15||NIFTY27JAN2626200CE,0.0993622224411068
13-01-2026 13:15||NIFTY27JAN2626300CE,0.1010864269427934
13-01-2026 13:20||NIFTY27JAN2624300PE,0.1562561219095002
13-01-2026 13:20||NIFTY27JAN2624400PE,0.149422141013011
13-01-2026 13:20||NIFTY27JAN2624800PE,0.1281401052664707
13-01-2026 13:20||NIFTY27JAN2625000PE,0.1167662660265625
13-01-2026 13:20||NIFTY27JAN2625300CE,0.1133937307512263
13-01-2026 13:20||NIFTY27JAN2625400CE,0.1077545731968296
13-01-2026 13:20||NIFTY27JAN2625900CE,0.1005647689914321
13-01-2026 13:20||NIFTY27JAN2626500CE,0.109735607335785
13-01-2026 13:25||NIFTY27JAN2624000PE,0.1757170304241714
13-01-2026 13:25||NIFTY27JAN2624200PE,0.1634283788764983
13-01-2026 13:25||NIFTY27JAN2624300PE,0.1554300025324301
13-01-2026 13:25||NIFTY27JAN2624600PE,0.1376649966208773
13-01-2026 13:25||NIFTY27JAN2625600CE,0.1031730140189993
13-01-2026 13:25||NIFTY27JAN2626400CE,0.1068500852232705
13-01-2026 13:30||NIFTY27JAN2623800PE,0.1858881899929781
13-01-2026 13:30||NIFTY27JAN2624000PE,0.1742355254413135
13-01-2026 13:30||NIFTY27JAN2624100PE,0.1681466520092113
13-01-2026 13:30||NIFTY27JAN2625500CE,0.1066616123793046
13-01-2026 13:35||NIFTY27JAN2624300PE,0.1525047589444307
13-01-2026 13:35||NIFTY27JAN2624800PE,0.1188887071913942
13-01-2026 13:35||NIFTY27JAN2625700CE,0.1029317981216229
13-01-2026 13:40||NIFTY27JAN2623800PE,0.1847106571489226
13-01-2026 13:40||NIFTY27JAN2624400PE,0.1468494547325821
13-01-2026 13:40||NIFTY27JAN2624500PE,0.1410932222809211
13-01-2026 13:40||NIFTY27JAN2625500CE,0.0979957376091227
13-01-2026 13:40||NIFTY27JAN2625700CE,0.0984018622675565
13-01-2026 13:40||NIFTY27JAN2625900CE,0.0963600536437295
13-01-2026 13:40||NIFTY27JAN2626100CE,0.096680259389081
13-01-2026 13:45||NIFTY27JAN2624000PE,0.1670187144039065
13-01-2026 13:45||NIFTY27JAN2624100PE,0.1691482199881571
13-01-2026 13:45||NIFTY27JAN2625100PE,0.1120804692882804
13-01-2026 13:45||NIFTY27JAN2625300CE,0.1068200680271237
13-01-2026 13:45||NIFTY27JAN2625800CE,0.0976293113094847
13-01-2026 13:45||NIFTY27JAN2626000CE,0.0962693496971616
13-01-2026 13:50||NIFTY27JAN2624200PE,0.1651809091192402
13-01-2026 13:50||NIFTY27JAN2624400PE,0.146690997920943
13-01-2026 13:50||NIFTY27JAN2624500PE,0.1447553398961828
13-01-2026 13:50||NIFTY27JAN2626000CE,0.0982328668005398
13-01-2026 13:55||NIFTY27JAN2624200PE,0.1616707985129248
13-01-2026 13:55||NIFTY27JAN2624300PE,0.1542722290224781
13-01-2026 13:55||NIFTY27JAN2625000PE,0.1179024517029939
13-01-2026 13:55||NIFTY27JAN2625500CE,0.1068527548389872
13-01-2026 13:55||NIFTY27JAN2626000CE,0.102919663440702
13-01-2026 14:00||NIFTY27JAN2623900PE,0.1805240468552539
13-01-2026 14:00||NIFTY27JAN2624000PE,0.1744282507237554
13-01-2026 14:00||NIFTY27JAN2624100PE,0.1673404192671975
13-01-2026 14:00||NIFTY27JAN2624600PE,0.1377160617755626
13-01-2026 14:00||NIFTY27JAN2625300CE,0.1137337105361207
13-01-2026 14:00||NIFTY27JAN2625700CE,0.1027263430369474
13-01-2026 14:05||NIFTY27JAN2623900PE,0.1778280141667533
13-01-2026 14:05||NIFTY27JAN2624200PE,0.1591762516121551
13-01-2026 14:05||NIFTY27JAN2624500PE,0.141332103935084
13-01-2026 14:05||NIFTY27JAN2625700CE,0.105346333711256
13-01-2026 14:05||NIFTY27JAN2626300CE,0.1024295815006209
13-01-2026 14:05||NIFTY27JAN2626500CE,0.1087904351388023
13-01-2026 14:10||NIFTY27JAN2624300PE,0.1549409901773713
13-01-2026 14:10||NIFTY27JAN2624700PE,0.1298774005773069
13-01-2026 14:10||NIFTY27JAN2625200CE,0.1166385877521999
13-01-2026 14:10||NIFTY27JAN2625400CE,0.1022458469047975
13-01-2026 14:10||NIFTY27JAN2626100CE,0.0984951464271452
13-01-2026 14:15||NIFTY27JAN2623800PE,0.2028968438247109
13-01-2026 14:15||NIFTY27JAN2624800PE,0.1344020506052514
13-01-2026 14:15||NIFTY27JAN2626200CE,0.1030925143390209
13-01-2026 14:20||NIFTY27JAN2624000PE,0.1889452656017823
13-01-2026 14:20||NIFTY27JAN2624400PE,0.1580791143854856
13-01-2026 14:20||NIFTY27JAN2624800PE,0.1324058336688106
13-01-2026 14:20||NIFTY27JAN2624900PE,0.1248160792865834
13-01-2026 14:20||NIFTY27JAN2625200CE,0.1077705518615155
13-01-2026 14:20||NIFTY27JAN2625800CE,0.0981613507028058
13-01-2026 14:25||NIFTY27JAN2624000PE,0.1885556196486164
13-01-2026 14:25||NIFTY27JAN2624100PE,0.1757209659052059
13-01-2026 14:25||NIFTY27JAN2624200PE,0.1731123640786184
13-01-2026 14:25||NIFTY27JAN2624500PE,0.1517471216115172
13-01-2026 14:25||NIFTY27JAN2624600PE,0.1426180945234953
13-01-2026 14:25||NIFTY27JAN2625600CE,0.1016874714530927
13-01-2026 14:25||NIFTY27JAN2626000CE,0.1009498937711585
13-01-2026 14:25||NIFTY27JAN2626200CE,0.1053006152665333
13-01-2026 14:30||NIFTY27JAN2624500PE,0.1561936445979659
13-01-2026 14:30||NIFTY27JAN2624600PE,0.1502001204086348
13-01-2026 14:30||NIFTY27JAN2624900PE,0.1300419321843588
13-01-2026 14:30||NIFTY27JAN2625100PE,0.1169765805625948
13-01-2026 14:30||NIFTY27JAN2625600CE,0.1023425337780136
13-01-2026 14:35||NIFTY27JAN2623800PE,0.1864720971842764
13-01-2026 14:35||NIFTY27JAN2624200PE,0.1611434269476533
13-01-2026 14:35||NIFTY27JAN2625100PE,0.1133701730191949
13-01-2026 14:35||NIFTY27JAN2625400CE,0.1052404951360707
13-01-2026 14:35||NIFTY27JAN2626300CE,0.1042171362548143
13-01-2026 14:35||NIFTY27JAN2626500CE,0.1112114444382025
13-01-2026 14:40||NIFTY27JAN2624500PE,0.1412523733323758
13-01-2026 14:40||NIFTY27JAN2624600PE,0.1332205546740365
13-01-2026 14:40||NIFTY27JAN2624800PE,0.1213176890458668
13-01-2026 14:40||NIFTY27JAN2625300CE,0.120822757824591
13-01-2026 14:40||NIFTY27JAN2625600CE,0.1099577500245612
13-01-2026 14:40||NIFTY27JAN2625800CE,0.1060697517665736
13-01-2026 14:45||NIFTY27JAN2625100PE,0.1099535942972347
13-01-2026 14:45||NIFTY27JAN2626000CE,0.0957405494563769
13-01-2026 14:45||NIFTY27JAN2626100CE,0.0941531757874156
13-01-2026 14:45||NIFTY27JAN2626500CE,0.105615141771312
13-01-2026 14:50||NIFTY27JAN2624400PE,0.1518993701647845
13-01-2026 14:50||NIFTY27JAN2624500PE,0.1439158083966507
13-01-2026 14:55||NIFTY27JAN2623800PE,0.191848803964033
13-01-2026 14:55||NIFTY27JAN2623900PE,0.1859673312866129
13-01-2026 14:55||NIFTY27JAN2624100PE,0.1728772870927066
13-01-2026 14:55||NIFTY27JAN2624400PE,0.1534312316973147
13-01-2026 14:55||NIFTY27JAN2624500PE,0.1466792386551475
13-01-2026 14:55||NIFTY27JAN2624800PE,0.1285811487447127
13-01-2026 14:55||NIFTY27JAN2624900PE,0.123291936173318
13-01-2026 14:55||NIFTY27JAN2625100PE,0.1118461693815777
13-01-2026 14:55||NIFTY27JAN2625700CE,0.1116950931118608
13-01-2026 14:55||NIFTY27JAN2625900CE,0.0925829508738341
13-01-2026 14:55||NIFTY27JAN2626400CE,0.0996046616646259
13-01-2026 15:00||NIFTY27JAN2623900PE,0.184901830248736
13-01-2026 15:00||NIFTY27JAN2624500PE,0.1450969785791205
13-01-2026 15:00||NIFTY27JAN2624600PE,0.1437895543416212
13-01-2026 15:00||NIFTY27JAN2625100PE,0.1090184310177944
13-01-2026 15:00||NIFTY27JAN2625700CE,0.1024521521634273
13-01-2026 15:00||NIFTY27JAN2626200CE,0.0974788674894323
13-01-2026 15:05||NIFTY27JAN2624000PE,0.1784859180516987
13-01-2026 15:05||NIFTY27JAN2624500PE,0.1474075068297836
13-01-2026 15:05||NIFTY27JAN2624900PE,0.1221367508735563
13-01-2026 15:05||NIFTY27JAN2625400CE,0.1107771221315532
13-01-2026 15:05||NIFTY27JAN2625700CE,0.1031052877276644
13-01-2026 15:05||NIFTY27JAN2625800CE,0.1008237522448654
13-01-2026 15:05||NIFTY27JAN2626000CE,0.0970939011152512
13-01-2026 15:05||NIFTY27JAN2626100CE,0.0978244864026969
13-01-2026 15:05||NIFTY27JAN2626500CE,0.1095546837419535
13-01-2026 15:10||NIFTY27JAN2624000PE,0.1778199477421473
13-01-2026 15:10||NIFTY27JAN2624200PE,0.1697246844771481
13-01-2026 15:10||NIFTY27JAN2624400PE,0.1525657643071297
13-01-2026 15:10||NIFTY27JAN2624900PE,0.1238546272241364
13-01-2026 15:10||NIFTY27JAN2625300CE,0.1005838086510304
13-01-2026 15:10||NIFTY27JAN2625600CE,0.0966080153722391
13-01-2026 15:10||NIFTY27JAN2626200CE,0.0969577587883003
13-01-2026 15:15||NIFTY27JAN2623800PE,0.1894547063071265
13-01-2026 15:15||NIFTY27JAN2624200PE,0.1695097488298404
13-01-2026 15:15||NIFTY27JAN2624600PE,0.1397517882013203
13-01-2026 15:15||NIFTY27JAN2624700PE,0.1338695234043096
13-01-2026 15:15||NIFTY27JAN2625700CE,0.0960880745943377
13-01-2026 15:15||NIFTY27JAN2626000CE,0.0942175403865632
13-01-2026 15:15||NIFTY27JAN2626300CE,0.0987874471292043
13-01-2026 15:15||NIFTY27JAN2626500CE,0.1029639587418142
13-01-2026 15:20||NIFTY27JAN2623900PE,0.1860613996698273
13-01-2026 15:20||NIFTY27JAN2624300PE,0.1587774947351283
13-01-2026 15:20||NIFTY27JAN2624800PE,0.13295339866016
13-01-2026 15:20||NIFTY27JAN2625300CE,0.1034220979716233
13-01-2026 15:20||NIFTY27JAN2625600CE,0.0982993241349002
13-01-2026 15:20||NIFTY27JAN2626200CE,0.1000718326555606
13-01-2026 15:25||NIFTY27JAN2624500PE,0.1491986178939825
13-01-2026 15:25||NIFTY27JAN2624700PE,0.1345233756475347
13-01-2026 15:25||NIFTY27JAN2624900PE,0.1257699239316658
13-01-2026 15:25||NIFTY27JAN2626000CE,0.0994706417006086
14-01-2026 09:15||NIFTY27JAN2624300PE,0.1563163111522648
14-01-2026 09:15||NIFTY27JAN2624400PE,0.1459348886260614
14-01-2026 09:15||NIFTY27JAN2625300CE,0.1088596944134093
14-01-2026 09:15||NIFTY27JAN2626100CE,0.0993806355737472
14-01-2026 09:15||NIFTY27JAN2626500CE,0.108342235599926
14-01-2026 09:20||NIFTY27JAN2624100PE,0.1675460689287898
14-01-2026 09:25||NIFTY27JAN2624000PE,0.1805493964559769
14-01-2026 09:25||NIFTY27JAN2624200PE,0.1663497067500206
14-01-2026 09:25||NIFTY27JAN2624700PE,0.1323864739732027
14-01-2026 09:25||NIFTY27JAN2625300CE,0.1197849283617305
14-01-2026 09:25||NIFTY27JAN2626500CE,0.1073050212654989
14-01-2026 09:30||NIFTY27JAN2623800PE,0.1845580761029238
14-01-2026 09:30||NIFTY27JAN2624000PE,0.1685262416001736
14-01-2026 09:30||NIFTY27JAN2624600PE,0.1367889595325276
14-01-2026 09:30||NIFTY27JAN2624700PE,0.1299017217174216
14-01-2026 09:30||NIFTY27JAN2626200CE,0.1004160804518568
14-01-2026 09:30||NIFTY27JAN2626500CE,0.1035331888977772
14-01-2026 09:35||NIFTY27JAN2624000PE,0.1754129502520632
14-01-2026 09:35||NIFTY27JAN2625500CE,0.1085639105416733
14-01-2026 09:35||NIFTY27JAN2626400CE,0.1015244579653668
14-01-2026 09:40||NIFTY27JAN2623800PE,0.1867014805583097
14-01-2026 09:40||NIFTY27JAN2624000PE,0.1742855546002267
14-01-2026 09:40||NIFTY27JAN2624200PE,0.1612566230677628
14-01-2026 09:40||NIFTY27JAN2624700PE,0.1348034195139614
14-01-2026 09:40||NIFTY27JAN2624800PE,0.1249801123434864
14-01-2026 09:40||NIFTY27JAN2625000PE,0.1164787226041285
14-01-2026 09:40||NIFTY27JAN2625500CE,0.1061095897682577
14-01-2026 09:40||NIFTY27JAN2625800CE,0.1000757344265023
14-01-2026 09:45||NIFTY27JAN2624300PE,0.1583276278491698
14-01-2026 09:45||NIFTY27JAN2624400PE,0.1519886364566158
14-01-2026 09:45||NIFTY27JAN2624500PE,0.1455578436641287
14-01-2026 09:45||NIFTY27JAN2624600PE,0.1379814382707452
14-01-2026 09:45||NIFTY27JAN2625400CE,0.1063648199145694
14-01-2026 09:50||NIFTY27JAN2623800PE,0.1928453456942387
14-01-2026 09:50||NIFTY27JAN2623900PE,0.1852154781301692
14-01-2026 09:50||NIFTY27JAN2624600PE,0.1368463549696592
14-01-2026 09:50||NIFTY27JAN2625200CE,0.1298726275552723
14-01-2026 09:50||NIFTY27JAN2625300CE,0.1228342708174115
14-01-2026 09:50||NIFTY27JAN2626400CE,0.1042151335861982
14-01-2026 09:55||NIFTY27JAN2624100PE,0.1715454691370494
14-01-2026 09:55||NIFTY27JAN2626000CE,0.0930151078366735
14-01-2026 10:00||NIFTY27JAN2624000PE,0.1821836234504526
14-01-2026 10:00||NIFTY27JAN2624400PE,0.1571386213247854
14-01-2026 10:00||NIFTY27JAN2625100PE,0.118829499758368
14-01-2026 10:00||NIFTY27JAN2625500CE,0.1143508568314505
14-01-2026 10:00||NIFTY27JAN2626100CE,0.1050568201345386
14-01-2026 10:00||NIFTY27JAN2626500CE,0.1108361022683098
14-01-2026 10:05||NIFTY27JAN2624600PE,0.1382690194791672
14-01-2026 10:05||NIFTY27JAN2624800PE,0.1276221481800487
14-01-2026 10:05||NIFTY27JAN2625000PE,0.1175682961448783
14-01-2026 10:05||NIFTY27JAN2625300CE,0.1144500932656011
14-01-2026 10:05||NIFTY27JAN2625400CE,0.116721941211675
14-01-2026 10:05||NIFTY27JAN2626200CE,0.1016478147321909
14-01-2026 10:05||NIFTY27JAN2626300CE,0.1026317594081809
14-01-2026 10:05||NIFTY27JAN2626400CE,0.1054822093972093
14-01-2026 10:10||NIFTY27JAN2624000PE,0.178541600169691
14-01-2026 10:10||NIFTY27JAN2624200PE,0.163101650042996
14-01-2026 10:10||NIFTY27JAN2624500PE,0.1470797452748161
14-01-2026 10:10||NIFTY27JAN2624600PE,0.1404295203833753
14-01-2026 10:10||NIFTY27JAN2625400CE,0.1202786894658909
14-01-2026 10:10||NIFTY27JAN2625600CE,0.1132232071987329
14-01-2026 10:10||NIFTY27JAN2626400CE,0.1099313053071297
14-01-2026 10:15||NIFTY27JAN2624100PE,0.1717501418566371
14-01-2026 10:15||NIFTY27JAN2625000PE,0.1169006813065683
14-01-2026 10:15||NIFTY27JAN2625200CE,0.1097276656084046
14-01-2026 10:15||NIFTY27JAN2625600CE,0.1005616122982864
14-01-2026 10:15||NIFTY27JAN2625900CE,0.0945571300457659
14-01-2026 10:20||NIFTY27JAN2624200PE,0.1560727087100188
14-01-2026 10:20||NIFTY27JAN2624700PE,0.1221829010502459
14-01-2026 10:20||NIFTY27JAN2625000PE,0.1115356752183129
14-01-2026 10:20||NIFTY27JAN2625500CE,0.1080151487271426
14-01-2026 10:20||NIFTY27JAN2625600CE,0.1057408624608957
14-01-2026 10:20||NIFTY27JAN2625700CE,0.1030142845846068
14-01-2026 10:20||NIFTY27JAN2625800CE,0.1007500550712325
14-01-2026 10:25||NIFTY27JAN2623800PE,0.1860072211361849
14-01-2026 10:25||NIFTY27JAN2624300PE,0.1539132074526185
14-01-2026 10:25||NIFTY27JAN2625000PE,0.1124115834282132
14-01-2026 10:25||NIFTY27JAN2626100CE,0.1006232603659296
14-01-2026 10:25||NIFTY27JAN2626200CE,0.0980759956648852
14-01-2026 10:25||NIFTY27JAN2626400CE,0.1040924820102704
14-01-2026 10:30||NIFTY27JAN2623900PE,0.1771712755628076
14-01-2026 10:30||NIFTY27JAN2624000PE,0.170991829111631
14-01-2026 10:30||NIFTY27JAN2624700PE,0.1233874052446532
14-01-2026 10:30||NIFTY27JAN2624800PE,0.1216966318091622
14-01-2026 10:30||NIFTY27JAN2625100PE,0.1085663403675635
14-01-2026 10:30||NIFTY27JAN2625200CE,0.1156694864723539
14-01-2026 10:30||NIFTY27JAN2626500CE,0.1057113682291165
14-01-2026 10:35||NIFTY27JAN2623900PE,0.1768606629038545
14-01-2026 10:35||NIFTY27JAN2624400PE,0.1484917665486998
14-01-2026 10:35||NIFTY27JAN2625600CE,0.1036624394517634
14-01-2026 10:35||NIFTY27JAN2625700CE,0.1003713408295581
14-01-2026 10:35||NIFTY27JAN2626300CE,0.1007889010482221
14-01-2026 10:40||NIFTY27JAN2623800PE,0.1908485532763193
14-01-2026 10:40||NIFTY27JAN2624100PE,0.172561578923523
14-01-2026 10:40||NIFTY27JAN2625300CE,0.1111060196215847
14-01-2026 10:40||NIFTY27JAN2625600CE,0.104605344369344
14-01-2026 10:40||NIFTY27JAN2626300CE,0.1008180840982822
14-01-2026 10:40||NIFTY27JAN2626500CE,0.1081169644990846
14-01-2026 10:45||NIFTY27JAN2624000PE,0.1758476361797476
14-01-2026 10:45||NIFTY27JAN2624600PE,0.1361061640638877
14-01-2026 10:45||NIFTY27JAN2624800PE,0.1251844878050198
14-01-2026 10:45||NIFTY27JAN2625400CE,0.097727769151011
14-01-2026 10:50||NIFTY27JAN2624000PE,0.1703457922613771
14-01-2026 10:50||NIFTY27JAN2624300PE,0.1512297415864925
14-01-2026 10:50||NIFTY27JAN2624800PE,0.1228035155746042
14-01-2026 10:50||NIFTY27JAN2625200CE,0.1151080192612445
14-01-2026 10:50||NIFTY27JAN2625400CE,0.1100295131956645
14-01-2026 10:50||NIFTY27JAN2625800CE,0.0981484507872975
14-01-2026 10:55||NIFTY27JAN2624600PE,0.1385537234572095
14-01-2026 10:55||NIFTY27JAN2625000PE,0.1164716376978828
14-01-2026 10:55||NIFTY27JAN2625200CE,0.1236576965662861
14-01-2026 10:55||NIFTY27JAN2626200CE,0.0978747791140994
14-01-2026 10:55||NIFTY27JAN2626300CE,0.1000866648347045
14-01-2026 10:55||NIFTY27JAN2626400CE,0.1034721889032705
14-01-2026 10:55||NIFTY27JAN2626500CE,0.1068293135961471
14-01-2026 11:00||NIFTY27JAN2624100PE,0.1708930513388815
14-01-2026 11:00||NIFTY27JAN2626100CE,0.10123773971214
14-01-2026 11:00||NIFTY27JAN2626300CE,0.10250906222548
14-01-2026 11:05||NIFTY27JAN2624000PE,0.1822060382859627
14-01-2026 11:05||NIFTY27JAN2624800PE,0.1328540932770325
14-01-2026 11:05||NIFTY27JAN2625300CE,0.1201291251640773
14-01-2026 11:05||NIFTY27JAN2626000CE,0.1019739727338813
14-01-2026 11:05||NIFTY27JAN2626100CE,0.1051917897497893
14-01-2026 11:05||NIFTY27JAN2626300CE,0.1060656704409405
14-01-2026 11:10||NIFTY27JAN2624000PE,0.1815490799316266
14-01-2026 11:10||NIFTY27JAN2624300PE,0.1628851324325064
14-01-2026 11:10||NIFTY27JAN2624500PE,0.1508609751612742
14-01-2026 11:10||NIFTY27JAN2625200CE,0.1351841674584816
14-01-2026 11:15||NIFTY27JAN2624100PE,0.1759457529223139
14-01-2026 11:15||NIFTY27JAN2624300PE,0.1624501624771214
14-01-2026 11:15||NIFTY27JAN2624400PE,0.1560530353170525
14-01-2026 11:15||NIFTY27JAN2624500PE,0.1479018548667136
14-01-2026 11:15||NIFTY27JAN2624600PE,0.1423832013053163
14-01-2026 11:15||NIFTY27JAN2625500CE,0.1202279426051678
14-01-2026 11:15||NIFTY27JAN2625800CE,0.1091242600564529
14-01-2026 11:15||NIFTY27JAN2626000CE,0.106011003159226
14-01-2026 11:20||NIFTY27JAN2623800PE,0.1958864317791426
14-01-2026 11:20||NIFTY27JAN2623900PE,0.174942733422337
14-01-2026 11:20||NIFTY27JAN2624600PE,0.1323278275216048
14-01-2026 11:20||NIFTY27JAN2624800PE,0.1323765585028429
14-01-2026 11:20||NIFTY27JAN2625100PE,0.1076061514000084
14-01-2026 11:20||NIFTY27JAN2625300CE,0.1225206712257928
14-01-2026 11:20||NIFTY27JAN2625600CE,0.1148693541110642
14-01-2026 11:20||NIFTY27JAN2625800CE,0.1098172192826617
14-01-2026 11:25||NIFTY27JAN2623900PE,0.1870163926675669
14-01-2026 11:25||NIFTY27JAN2624700PE,0.1383803612246233
14-01-2026 11:25||NIFTY27JAN2624900PE,0.1273608033993589
14-01-2026 11:25||NIFTY27JAN2625400CE,0.1121544996310584
14-01-2026 11:25||NIFTY27JAN2626200CE,0.1039259939442347
14-01-2026 11:30||NIFTY27JAN2624200PE,0.1709697561517041
14-01-2026 11:30||NIFTY27JAN2624300PE,0.1647489841592555
14-01-2026 11:30||NIFTY27JAN2624400PE,0.1560284937081171
14-01-2026 11:30||NIFTY27JAN2625000PE,0.1220921322465045
14-01-2026 11:30||NIFTY27JAN2625300CE,0.1247718555734582
14-01-2026 11:30||NIFTY27JAN2625800CE,0.104386019884045
14-01-2026 11:30||NIFTY27JAN2626000CE,0.0947729209964768
14-01-2026 11:35||NIFTY27JAN2623900PE,0.178288355182046
14-01-2026 11:35||NIFTY27JAN2624400PE,0.150391236734116
14-01-2026 11:35||NIFTY27JAN2624500PE,0.1440046865523097
14-01-2026 11:35||NIFTY27JAN2624700PE,0.1395920128510754
14-01-2026 11:35||NIFTY27JAN2625100PE,0.1130783693390918
14-01-2026 11:35||NIFTY27JAN2625500CE,0.1106139360547864
14-01-2026 11:35||NIFTY27JAN2625700CE,0.1064427257243374
14-01-2026 11:35||NIFTY27JAN2626100CE,0.0978485652908317
14-01-2026 11:40||NIFTY27JAN2623900PE,0.1878862770585984
14-01-2026 11:40||NIFTY27JAN2625500CE,0.1066197625137444
14-01-2026 11:40||NIFTY27JAN2625600CE,0.099555706188426
14-01-2026 11:40||NIFTY27JAN2626500CE,0.1065560859697467
14-01-2026 11:45||NIFTY27JAN2623900PE,0.1855318021046696
14-01-2026 11:45||NIFTY27JAN2624300PE,0.1652255880844147
14-01-2026 11:45||NIFTY27JAN2624500PE,0.1520713704474545
14-01-2026 11:45||NIFTY27JAN2626400CE,0.1057775537972839
14-01-2026 11:50||NIFTY27JAN2625100PE,0.1121250036618753
14-01-2026 11:50||NIFTY27JAN2625700CE,0.1050892007000088
14-01-2026 11:50||NIFTY27JAN2625800CE,0.1026595170981763
14-01-2026 11:50||NIFTY27JAN2626100CE,0.0975444251134713
14-01-2026 11:55||NIFTY27JAN2624200PE,0.1684684895589504
14-01-2026 11:55||NIFTY27JAN2624400PE,0.1543019636746619
14-01-2026 11:55||NIFTY27JAN2624800PE,0.1304709727686991
14-01-2026 11:55||NIFTY27JAN2625200CE,0.1203462883622963
14-01-2026 11:55||NIFTY27JAN2625600CE,0.1136753375679408
14-01-2026 12:00||NIFTY27JAN2623800PE,0.1968947023326022
14-01-2026 12:00||NIFTY27JAN2624400PE,0.1571353465260166
14-01-2026 12:00||NIFTY27JAN2624900PE,0.1292384289626294
14-01-2026 12:00||NIFTY27JAN2625000PE,0.1232803533838612
14-01-2026 12:00||NIFTY27JAN2625100PE,0.1184507611629429
14-01-2026 12:05||NIFTY27JAN2624400PE,0.156280996965085
14-01-2026 12:05||NIFTY27JAN2624600PE,0.143134675670921
14-01-2026 12:05||NIFTY27JAN2626500CE,0.1055705852738561
14-01-2026 12:10||NIFTY27JAN2624400PE,0.1540768238043237
14-01-2026 12:10||NIFTY27JAN2624600PE,0.1411112437455073
14-01-2026 12:10||NIFTY27JAN2624800PE,0.1288210340135043
14-01-2026 12:10||NIFTY27JAN2624900PE,0.1241738243564024
14-01-2026 12:10||NIFTY27JAN2625100PE,0.1129227789802133
14-01-2026 12:10||NIFTY27JAN2625900CE,0.097121940867237
14-01-2026 12:10||NIFTY27JAN2626300CE,0.0967203426140444
14-01-2026 12:15||NIFTY27JAN2624200PE,0.1671922696270482
14-01-2026 12:15||NIFTY27JAN2624800PE,0.1324440920831245
14-01-2026 12:15||NIFTY27JAN2626500CE,0.109826473255497
14-01-2026 12:20||NIFTY27JAN2623800PE,0.1957197016820866
14-01-2026 12:20||NIFTY27JAN2623900PE,0.1891869414121614
14-01-2026 12:20||NIFTY27JAN2625300CE,0.1179236606741489
14-01-2026 12:20||NIFTY27JAN2626400CE,0.1047025537468499
14-01-2026 12:25||NIFTY27JAN2624500PE,0.1507359023393421
14-01-2026 12:25||NIFTY27JAN2625400CE,0.1206633696753661
14-01-2026 12:25||NIFTY27JAN2625500CE,0.1161618447330974
14-01-2026 12:25||NIFTY27JAN2625900CE,0.1037504817031859
14-01-2026 12:30||NIFTY27JAN2623900PE,0.1864652667776326
14-01-2026 12:30||NIFTY27JAN2624300PE,0.1650942231513656
14-01-2026 12:30||NIFTY27JAN2624900PE,0.1259712244973919
14-01-2026 12:30||NIFTY27JAN2625800CE,0.1036176499642752
14-01-2026 12:30||NIFTY27JAN2626300CE,0.1014478900220589
14-01-2026 12:30||NIFTY27JAN2626400CE,0.1035316635089718
14-01-2026 12:35||NIFTY27JAN2623900PE,0.1902760551146168
14-01-2026 12:35||NIFTY27JAN2625300CE,0.1030862395049113
14-01-2026 12:35||NIFTY27JAN2625500CE,0.1064509158295813
14-01-2026 12:35||NIFTY27JAN2625900CE,0.1018540466899768
14-01-2026 12:45||NIFTY27JAN2625600CE,0.099478052061528
14-01-2026 12:45||NIFTY27JAN2625700CE,0.0964539248181199
14-01-2026 12:50||NIFTY27JAN2624900PE,0.1196254466354287
14-01-2026 12:50||NIFTY27JAN2626300CE,0.0994406372629812
14-01-2026 12:50||NIFTY27JAN2626500CE,0.1081402103840771
14-01-2026 12:55||NIFTY27JAN2623900PE,0.1861709943228369
14-01-2026 12:55||NIFTY27JAN2624300PE,0.1617422975277928
14-01-2026 12:55||NIFTY27JAN2625000PE,0.1193793330631058
14-01-2026 13:00||NIFTY27JAN2624700PE,0.1312400525556123
14-01-2026 13:00||NIFTY27JAN2625400CE,0.1108367507934616
14-01-2026 13:00||NIFTY27JAN2625700CE,0.1037868081938881
14-01-2026 13:00||NIFTY27JAN2625800CE,0.1032057638144041
14-01-2026 13:00||NIFTY27JAN2626200CE,0.0987292398225602
14-01-2026 13:00||NIFTY27JAN2626300CE,0.1031027749849912
14-01-2026 13:00||NIFTY27JAN2626500CE,0.1048916703572461
14-01-2026 13:05||NIFTY27JAN2624000PE,0.1811989670314515
14-01-2026 13:05||NIFTY27JAN2624400PE,0.1558435687887189
14-01-2026 13:05||NIFTY27JAN2624800PE,0.1296568331946004
14-01-2026 13:05||NIFTY27JAN2624900PE,0.1237958087162249
14-01-2026 13:05||NIFTY27JAN2625800CE,0.0978755696461048
14-01-2026 13:05||NIFTY27JAN2626200CE,0.095660500246564
14-01-2026 13:05||NIFTY27JAN2626300CE,0.0986586101803939
14-01-2026 13:10||NIFTY27JAN2624000PE,0.1796819636701429
14-01-2026 13:10||NIFTY27JAN2624600PE,0.1405037132795747
14-01-2026 13:10||NIFTY27JAN2624700PE,0.1325131448048296
14-01-2026 13:10||NIFTY27JAN2624900PE,0.1237096102000445
14-01-2026 13:10||NIFTY27JAN2625300CE,0.107617657416664
14-01-2026 13:10||NIFTY27JAN2625800CE,0.0971820613470892
14-01-2026 13:10||NIFTY27JAN2625900CE,0.0961564792786225
14-01-2026 13:10||NIFTY27JAN2626400CE,0.0987936428792451
14-01-2026 13:15||NIFTY27JAN2624000PE,0.1827387896764317
14-01-2026 13:15||NIFTY27JAN2624600PE,0.1411369993022461
14-01-2026 13:15||NIFTY27JAN2624800PE,0.1297543120750492
14-01-2026 13:15||NIFTY27JAN2625200CE,0.1326373669613003
14-01-2026 13:15||NIFTY27JAN2625600CE,0.1085430568408439
14-01-2026 13:15||NIFTY27JAN2626100CE,0.0983680635020936
14-01-2026 13:15||NIFTY27JAN2626200CE,0.0966766821084321
14-01-2026 13:20||NIFTY27JAN2624400PE,0.1559051853233703
14-01-2026 13:20||NIFTY27JAN2624700PE,0.136753515408556
14-01-2026 13:20||NIFTY27JAN2624900PE,0.1251633179151501
14-01-2026 13:20||NIFTY27JAN2625200CE,0.1244060701509998
14-01-2026 13:20||NIFTY27JAN2625900CE,0.1061316481699833
14-01-2026 13:25||NIFTY27JAN2624100PE,0.1753283282030069
14-01-2026 13:25||NIFTY27JAN2624700PE,0.1349294654782428
14-01-2026 13:25||NIFTY27JAN2624900PE,0.122854552993244
14-01-2026 13:25||NIFTY27JAN2625200CE,0.1320757776317995
14-01-2026 13:25||NIFTY27JAN2625600CE,0.1132610379479994
14-01-2026 13:25||NIFTY27JAN2626400CE,0.1066795487582542
14-01-2026 13:25||NIFTY27JAN2626500CE,0.109805804795884
14-01-2026 13:30||NIFTY27JAN2624200PE,0.1652522313615606
14-01-2026 13:30||NIFTY27JAN2624300PE,0.1586568906308064
14-01-2026 13:30||NIFTY27JAN2625200CE,0.1178058325890694
14-01-2026 13:30||NIFTY27JAN2625700CE,0.1097997979569906
14-01-2026 13:30||NIFTY27JAN2626500CE,0.1059554717178578
14-01-2026 13:35||NIFTY27JAN2624000PE,0.1780295684230488
14-01-2026 13:35||NIFTY27JAN2624100PE,0.1692589205781069
14-01-2026 13:35||NIFTY27JAN2625100PE,0.1112324691493436
14-01-2026 13:35||NIFTY27JAN2625500CE,0.106905793563925
14-01-2026 13:35||NIFTY27JAN2625700CE,0.0996598508192715
14-01-2026 13:40||NIFTY27JAN2626500CE,0.1097715465787231
14-01-2026 13:45||NIFTY27JAN2624100PE,0.1669332222059298
14-01-2026 13:45||NIFTY27JAN2624200PE,0.1632008405791199
14-01-2026 13:45||NIFTY27JAN2624400PE,0.1485031508832552
14-01-2026 13:45||NIFTY27JAN2624600PE,0.1378185850403372
14-01-2026 13:45||NIFTY27JAN2624700PE,0.1311678006760341
14-01-2026 13:45||NIFTY27JAN2624800PE,0.1259826262735409
14-01-2026 13:45||NIFTY27JAN2625400CE,0.110632042841734
14-01-2026 13:45||NIFTY27JAN2626200CE,0.101962345518519
14-01-2026 13:45||NIFTY27JAN2626300CE,0.1025813998663152
14-01-2026 13:45||NIFTY27JAN2626400CE,0.1058951666914398
14-01-2026 13:50||NIFTY27JAN2625400CE,0.1048451168967317
14-01-2026 13:50||NIFTY27JAN2625600CE,0.1079245413584642
14-01-2026 13:50||NIFTY27JAN2626300CE,0.1013173719610251
14-01-2026 13:55||NIFTY27JAN2623800PE,0.1869260591577259
14-01-2026 13:55||NIFTY27JAN2624600PE,0.1359482794676789
14-01-2026 13:55||NIFTY27JAN2624900PE,0.1201929541796288
14-01-2026 13:55||NIFTY27JAN2625200CE,0.1153891136249278
14-01-2026 13:55||NIFTY27JAN2626200CE,0.1010760386277601
14-01-2026 14:00||NIFTY27JAN2623800PE,0.1867213170663163
14-01-2026 14:00||NIFTY27JAN2623900PE,0.1814327101496606
14-01-2026 14:00||NIFTY27JAN2624400PE,0.1493584946271926
14-01-2026 14:00||NIFTY27JAN2624500PE,0.1438299000648044
14-01-2026 14:05||NIFTY27JAN2624000PE,0.1742479520780897
14-01-2026 14:05||NIFTY27JAN2624300PE,0.1552859983677327
14-01-2026 14:05||NIFTY27JAN2624700PE,0.1298339752625543
14-01-2026 14:05||NIFTY27JAN2624800PE,0.1256066791491359
14-01-2026 14:05||NIFTY27JAN2625200CE,0.1157355350217795
14-01-2026 14:05||NIFTY27JAN2625700CE,0.0982203562711662
14-01-2026 14:05||NIFTY27JAN2625900CE,0.0974659200190813
14-01-2026 14:10||NIFTY27JAN2624200PE,0.1566695626744266
14-01-2026 14:10||NIFTY27JAN2624800PE,0.1221343380866279
14-01-2026 14:10||NIFTY27JAN2625700CE,0.1054847500535545
14-01-2026 14:15||NIFTY27JAN2624600PE,0.1363340560520908
14-01-2026 14:15||NIFTY27JAN2625300CE,0.1095673407399159
14-01-2026 14:15||NIFTY27JAN2625900CE,0.0961533164226813
14-01-2026 14:15||NIFTY27JAN2626000CE,0.0974027308310659
14-01-2026 14:15||NIFTY27JAN2626500CE,0.1091265141579764
14-01-2026 14:20||NIFTY27JAN2624400PE,0.1489389031701474
14-01-2026 14:20||NIFTY27JAN2624900PE,0.1204755772518691
14-01-2026 14:20||NIFTY27JAN2625100PE,0.1109910357110292
14-01-2026 14:25||NIFTY27JAN2623800PE,0.1990784455165319
14-01-2026 14:25||NIFTY27JAN2625600CE,0.1057433055230517
14-01-2026 14:25||NIFTY27JAN2626100CE,0.1044746550432085
14-01-2026 14:30||NIFTY27JAN2623900PE,0.1984883677349503
14-01-2026 14:30||NIFTY27JAN2624300PE,0.1669599965279994
14-01-2026 14:30||NIFTY27JAN2624500PE,0.1498547124331132
14-01-2026 14:30||NIFTY27JAN2625000PE,0.1198996802832846
14-01-2026 14:30||NIFTY27JAN2625100PE,0.1171914007255195
14-01-2026 14:30||NIFTY27JAN2625400CE,0.1028944854657114
14-01-2026 14:30||NIFTY27JAN2626000CE,0.1014234613722694
14-01-2026 14:30||NIFTY27JAN2626100CE,0.1019916459545072
14-01-2026 14:30||NIFTY27JAN2626400CE,0.1134751331141364
14-01-2026 14:30||NIFTY27JAN2626500CE,0.1165375923445107
14-01-2026 14:35||NIFTY27JAN2624000PE,0.1784739484788875
14-01-2026 14:35||NIFTY27JAN2624300PE,0.1552572555484685
14-01-2026 14:35||NIFTY27JAN2625500CE,0.0993263774858144
14-01-2026 14:35||NIFTY27JAN2625900CE,0.0967243199650502
14-01-2026 14:35||NIFTY27JAN2626400CE,0.1072781233436483
14-01-2026 14:40||NIFTY27JAN2624300PE,0.1555530363492856
14-01-2026 14:40||NIFTY27JAN2624400PE,0.1511918000486907
14-01-2026 14:40||NIFTY27JAN2624500PE,0.1449044401875715
14-01-2026 14:40||NIFTY27JAN2624700PE,0.1336226477880765
14-01-2026 14:40||NIFTY27JAN2624800PE,0.1279813253305373
14-01-2026 14:40||NIFTY27JAN2625000PE,0.1188008441123252
14-01-2026 14:40||NIFTY27JAN2625400CE,0.1089694684943923
14-01-2026 14:40||NIFTY27JAN2625800CE,0.1026814817771827
14-01-2026 14:45||NIFTY27JAN2624500PE,0.1452055400053848
14-01-2026 14:45||NIFTY27JAN2624800PE,0.127005970608361
14-01-2026 14:45||NIFTY27JAN2625100PE,0.111768181768949
14-01-2026 14:45||NIFTY27JAN2625400CE,0.1054299581898192
14-01-2026 14:45||NIFTY27JAN2625500CE,0.0994691287119934
14-01-2026 14:45||NIFTY27JAN2625800CE,0.0960545597846799
14-01-2026 14:45||NIFTY27JAN2626100CE,0.0947599094211316
14-01-2026 14:45||NIFTY27JAN2626200CE,0.0980200261433555
14-01-2026 14:45||NIFTY27JAN2626300CE,0.0999531752951065
14-01-2026 14:50||NIFTY27JAN2624400PE,0.1534999501166726
14-01-2026 14:50||NIFTY27JAN2624600PE,0.1366639094499108
14-01-2026 14:50||NIFTY27JAN2624900PE,0.1211364038489465
14-01-2026 14:50||NIFTY27JAN2625200CE,0.1183467372825365
14-01-2026 14:50||NIFTY27JAN2625700CE,0.104976793371396
14-01-2026 14:50||NIFTY27JAN2625800CE,0.1035912806737153
14-01-2026 14:50||NIFTY27JAN2626300CE,0.1026153472878745
14-01-2026 14:55||NIFTY27JAN2624100PE,0.1697197287844526
14-01-2026 14:55||NIFTY27JAN2624200PE,0.1636455022188261
14-01-2026 14:55||NIFTY27JAN2624600PE,0.138395852816713
14-01-2026 14:55||NIFTY27JAN2624800PE,0.1266769611900084
14-01-2026 14:55||NIFTY27JAN2625100PE,0.1103816538950563
14-01-2026 14:55||NIFTY27JAN2625300CE,0.1079048162072182
14-01-2026 14:55||NIFTY27JAN2625400CE,0.1081024367974056
14-01-2026 14:55||NIFTY27JAN2625600CE,0.1023903962483881
14-01-2026 14:55||NIFTY27JAN2626400CE,0.1040799301920276
14-01-2026 15:00||NIFTY27JAN2624300PE,0.1568084306290191
14-01-2026 15:00||NIFTY27JAN2624700PE,0.1313986106805101
14-01-2026 15:00||NIFTY27JAN2625800CE,0.0947536291791719
14-01-2026 15:05||NIFTY27JAN2623900PE,0.1775415683717016
14-01-2026 15:05||NIFTY27JAN2624400PE,0.1483127141055308
14-01-2026 15:05||NIFTY27JAN2624800PE,0.1270081406187942
14-01-2026 15:05||NIFTY27JAN2626300CE,0.0989660765677303
14-01-2026 15:10||NIFTY27JAN2624100PE,0.1671171529214091
14-01-2026 15:10||NIFTY27JAN2624500PE,0.1423035058289243
14-01-2026 15:10||NIFTY27JAN2624900PE,0.1211551830392217
14-01-2026 15:10||NIFTY27JAN2625500CE,0.1064927302780073
14-01-2026 15:10||NIFTY27JAN2626200CE,0.1010607195949028
14-01-2026 15:15||NIFTY27JAN2624400PE,0.1482461884012878
14-01-2026 15:15||NIFTY27JAN2624700PE,0.1306066230109777
14-01-2026 15:15||NIFTY27JAN2625100PE,0.1111905566764234
14-01-2026 15:15||NIFTY27JAN2625500CE,0.1087765690847772
14-01-2026 15:15||NIFTY27JAN2625900CE,0.1019978552797204
14-01-2026 15:15||NIFTY27JAN2626100CE,0.1014592284648529
14-01-2026 15:20||NIFTY27JAN2624500PE,0.1435232185454524
14-01-2026 15:20||NIFTY27JAN2624800PE,0.1280044633367147
14-01-2026 15:20||NIFTY27JAN2626100CE,0.1017173072787192
14-01-2026 15:20||NIFTY27JAN2626300CE,0.1049558889026036
14-01-2026 15:20||NIFTY27JAN2626400CE,0.1070018978477918
14-01-2026 15:25||NIFTY27JAN2623900PE,0.178646965831247
14-01-2026 15:25||NIFTY27JAN2624600PE,0.1357742837493276
14-01-2026 15:25||NIFTY27JAN2625100PE,0.1102129009055935
14-01-2026 15:25||NIFTY27JAN2625200CE,0.1196304503507062
14-01-2026 15:25||NIFTY27JAN2626400CE,0.1033957066546531
14-01-2026 15:25||NIFTY27JAN2626500CE,0.1051147505197876
16-01-2026 09:15||NIFTY27JAN2624100PE,0.1690442259517683
16-01-2026 09:15||NIFTY27JAN2624200PE,0.1640735097235911
16-01-2026 09:15||NIFTY27JAN2624300PE,0.1585596952849319
16-01-2026 09:15||NIFTY27JAN2624800PE,0.1277324495528907
16-01-2026 09:15||NIFTY27JAN2625000PE,0.1195274610540196
16-01-2026 09:15||NIFTY27JAN2626000CE,0.1023169355569742
16-01-2026 09:15||NIFTY27JAN2626100CE,0.1021094730396378
16-01-2026 09:20||NIFTY27JAN2624100PE,0.1761147784257915
16-01-2026 09:20||NIFTY27JAN2624400PE,0.1567088683261535
16-01-2026 09:20||NIFTY27JAN2624600PE,0.1439108400987737
16-01-2026 09:20||NIFTY27JAN2625000PE,0.1234914761774127
16-01-2026 09:20||NIFTY27JAN2625200CE,0.1110668693587553
16-01-2026 09:20||NIFTY27JAN2625400CE,0.1062317574876964
16-01-2026 09:20||NIFTY27JAN2625700CE,0.1062257195461377
16-01-2026 09:20||NIFTY27JAN2626000CE,0.1034830271095311
16-01-2026 09:25||NIFTY27JAN2624600PE,0.1385228342532433
16-01-2026 09:25||NIFTY27JAN2624700PE,0.1334870574712743
16-01-2026 09:25||NIFTY27JAN2625300CE,0.1206674445605935
16-01-2026 09:25||NIFTY27JAN2625600CE,0.11098352768658
16-01-2026 09:25||NIFTY27JAN2626300CE,0.1049881752152272
16-01-2026 09:25||NIFTY27JAN2626500CE,0.1089637524972664
16-01-2026 09:30||NIFTY27JAN2623800PE,0.1915736818287136
16-01-2026 09:30||NIFTY27JAN2624300PE,0.1592338732729201
16-01-2026 09:30||NIFTY27JAN2624400PE,0.1531975043567501
16-01-2026 09:30||NIFTY27JAN2624900PE,0.1232580771356345
16-01-2026 09:30||NIFTY27JAN2625100PE,0.1117828794855174
16-01-2026 09:30||NIFTY27JAN2625500CE,0.1019820710167931
16-01-2026 09:30||NIFTY27JAN2625700CE,0.1084258761461687
16-01-2026 09:30||NIFTY27JAN2625900CE,0.0933490430180635
16-01-2026 09:30||NIFTY27JAN2626000CE,0.096116305396403
16-01-2026 09:35||NIFTY27JAN2624100PE,0.170533706979156
16-01-2026 09:35||NIFTY27JAN2624200PE,0.1588569506993375
16-01-2026 09:35||NIFTY27JAN2624800PE,0.1242433490996064
16-01-2026 09:35||NIFTY27JAN2625100PE,0.1156964913885869
16-01-2026 09:35||NIFTY27JAN2626300CE,0.1039099350158024
16-01-2026 09:35||NIFTY27JAN2626400CE,0.101220239935796
16-01-2026 09:40||NIFTY27JAN2624200PE,0.1620940065186107
16-01-2026 09:40||NIFTY27JAN2624300PE,0.1568111635112761
16-01-2026 09:40||NIFTY27JAN2625900CE,0.1017042515271915
16-01-2026 09:40||NIFTY27JAN2626500CE,0.1095409058590332
16-01-2026 09:45||NIFTY27JAN2623900PE,0.187357419180908
16-01-2026 09:45||NIFTY27JAN2624500PE,0.1469035079164397
16-01-2026 09:45||NIFTY27JAN2624800PE,0.128520513941988
16-01-2026 09:45||NIFTY27JAN2624900PE,0.1229993821722686
16-01-2026 09:45||NIFTY27JAN2625400CE,0.1124428623166144
16-01-2026 09:45||NIFTY27JAN2626000CE,0.0995647876522472
16-01-2026 09:45||NIFTY27JAN2626100CE,0.0978502620415675
16-01-2026 09:50||NIFTY27JAN2623900PE,0.1816625764881621
16-01-2026 09:50||NIFTY27JAN2624200PE,0.1686437576709261
16-01-2026 09:50||NIFTY27JAN2624900PE,0.1211392976593659
16-01-2026 09:50||NIFTY27JAN2625500CE,0.1107231441042447
16-01-2026 09:50||NIFTY27JAN2625600CE,0.1089550576847802
16-01-2026 09:50||NIFTY27JAN2625700CE,0.1071712320972289
16-01-2026 09:50||NIFTY27JAN2625800CE,0.1050679148360748
16-01-2026 09:50||NIFTY27JAN2626000CE,0.1025442978265786
16-01-2026 09:50||NIFTY27JAN2626200CE,0.0959878347212472
16-01-2026 09:55||NIFTY27JAN2623800PE,0.19746918681929
16-01-2026 09:55||NIFTY27JAN2624000PE,0.1835099146351955
16-01-2026 09:55||NIFTY27JAN2624200PE,0.1691895089014564
16-01-2026 09:55||NIFTY27JAN2624500PE,0.1475551432602835
16-01-2026 09:55||NIFTY27JAN2624900PE,0.1226734039874877
16-01-2026 09:55||NIFTY27JAN2625000PE,0.1175802309337309
16-01-2026 09:55||NIFTY27JAN2625300CE,0.1219319218223527
16-01-2026 09:55||NIFTY27JAN2625400CE,0.1210726888337297
16-01-2026 09:55||NIFTY27JAN2625500CE,0.1160211442780484
16-01-2026 09:55||NIFTY27JAN2625700CE,0.1068811676557388
16-01-2026 09:55||NIFTY27JAN2625900CE,0.1018212119025558
16-01-2026 09:55||NIFTY27JAN2626000CE,0.0951401906441984
16-01-2026 09:55||NIFTY27JAN2626400CE,0.1020160383188048
16-01-2026 09:55||NIFTY27JAN2626500CE,0.106273551847448
16-01-2026 10:00||NIFTY27JAN2624000PE,0.1818051921342871
16-01-2026 10:00||NIFTY27JAN2625400CE,0.1216670498022684
16-01-2026 10:00||NIFTY27JAN2625900CE,0.1053424574525992
16-01-2026 10:00||NIFTY27JAN2626000CE,0.1044218923362549
16-01-2026 10:00||NIFTY27JAN2626400CE,0.1029873268946933
16-01-2026 10:00||NIFTY27JAN2626500CE,0.106420122163459
16-01-2026 10:05||NIFTY27JAN2624000PE,0.1776438790806806
16-01-2026 10:05||NIFTY27JAN2624100PE,0.1715845580390504
16-01-2026 10:05||NIFTY27JAN2624400PE,0.1523110388689989
16-01-2026 10:05||NIFTY27JAN2625100PE,0.1096531324497854
16-01-2026 10:05||NIFTY27JAN2625700CE,0.1024789915008245
16-01-2026 10:05||NIFTY27JAN2626400CE,0.099259342872294
16-01-2026 10:05||NIFTY27JAN2626500CE,0.1045925061465893
16-01-2026 10:10||NIFTY27JAN2623900PE,0.1909532052731165
16-01-2026 10:10||NIFTY27JAN2624800PE,0.1326909376102704
16-01-2026 10:10||NIFTY27JAN2625300CE,0.1051108935977731
16-01-2026 10:10||NIFTY27JAN2625600CE,0.0995868130001741
16-01-2026 10:10||NIFTY27JAN2626100CE,0.0942079461671292
16-01-2026 10:10||NIFTY27JAN2626400CE,0.098925892157972
16-01-2026 10:15||NIFTY27JAN2623800PE,0.1811492500180309
16-01-2026 10:15||NIFTY27JAN2624400PE,0.1469010675760262
16-01-2026 10:15||NIFTY27JAN2624500PE,0.143585086101489
16-01-2026 10:15||NIFTY27JAN2625300CE,0.1127135227955336
16-01-2026 10:20||NIFTY27JAN2623800PE,0.1968604181409958
16-01-2026 10:20||NIFTY27JAN2624300PE,0.1687337473153533
16-01-2026 10:20||NIFTY27JAN2624500PE,0.1565210126461881
16-01-2026 10:20||NIFTY27JAN2624800PE,0.1380242862507789
16-01-2026 10:20||NIFTY27JAN2625700CE,0.1079649541112982
16-01-2026 10:20||NIFTY27JAN2625900CE,0.1022856940130411
16-01-2026 10:20||NIFTY27JAN2626400CE,0.0969825879811759
16-01-2026 10:25||NIFTY27JAN2624000PE,0.1716560508096888
16-01-2026 10:25||NIFTY27JAN2624200PE,0.1688730892382061
16-01-2026 10:25||NIFTY27JAN2624300PE,0.1660941774777745
16-01-2026 10:25||NIFTY27JAN2624600PE,0.142704100112598
16-01-2026 10:25||NIFTY27JAN2625400CE,0.1141128728941077
16-01-2026 10:25||NIFTY27JAN2626000CE,0.0989224473278745
16-01-2026 10:30||NIFTY27JAN2624200PE,0.1547138382109892
16-01-2026 10:30||NIFTY27JAN2624400PE,0.1429590394023936
16-01-2026 10:30||NIFTY27JAN2624800PE,0.120338715780284
16-01-2026 10:30||NIFTY27JAN2625500CE,0.1135048940618196
16-01-2026 10:35||NIFTY27JAN2624000PE,0.1671232939176467
16-01-2026 10:35||NIFTY27JAN2624200PE,0.1544264475633631
16-01-2026 10:35||NIFTY27JAN2624900PE,0.1166671426121065
16-01-2026 10:35||NIFTY27JAN2625100PE,0.1071422499237604
16-01-2026 10:35||NIFTY27JAN2625200CE,0.1405682968914887
16-01-2026 10:35||NIFTY27JAN2625600CE,0.1097329217436715
16-01-2026 10:35||NIFTY27JAN2626300CE,0.0945955001070845
16-01-2026 10:35||NIFTY27JAN2626400CE,0.09187492382479
16-01-2026 10:40||NIFTY27JAN2623800PE,0.1788290179707544
16-01-2026 10:40||NIFTY27JAN2624200PE,0.1547996365406782
16-01-2026 10:40||NIFTY27JAN2624700PE,0.1254055223171915
16-01-2026 10:40||NIFTY27JAN2624900PE,0.1161643827207146
16-01-2026 10:40||NIFTY27JAN2626200CE,0.0916502408103915
16-01-2026 10:45||NIFTY27JAN2623800PE,0.1781039418947022
16-01-2026 10:45||NIFTY27JAN2624000PE,0.1688135584265021
16-01-2026 10:45||NIFTY27JAN2624400PE,0.1434344400658588
16-01-2026 10:45||NIFTY27JAN2624600PE,0.1319320945688545
16-01-2026 10:45||NIFTY27JAN2624900PE,0.1160213590361742
16-01-2026 10:45||NIFTY27JAN2625200CE,0.1257619021365648
16-01-2026 10:50||NIFTY27JAN2624200PE,0.1654548297521113
16-01-2026 10:50||NIFTY27JAN2624300PE,0.1587022248455543
16-01-2026 10:50||NIFTY27JAN2624400PE,0.1561547415404812
16-01-2026 10:50||NIFTY27JAN2624600PE,0.1395752831080994
16-01-2026 10:50||NIFTY27JAN2625400CE,0.1252825011483072
16-01-2026 10:50||NIFTY27JAN2626300CE,0.0963439740730213
16-01-2026 10:50||NIFTY27JAN2626400CE,0.0976013023746408
16-01-2026 10:55||NIFTY27JAN2623800PE,0.1961036330541623
16-01-2026 10:55||NIFTY27JAN2623900PE,0.1998854599045628
16-01-2026 10:55||NIFTY27JAN2624900PE,0.1301514424380065
16-01-2026 10:55||NIFTY27JAN2625400CE,0.1334242485710423
16-01-2026 10:55||NIFTY27JAN2625800CE,0.1110126267583379
16-01-2026 10:55||NIFTY27JAN2625900CE,0.1023038108350828
16-01-2026 10:55||NIFTY27JAN2626100CE,0.1026033130220292
16-01-2026 10:55||NIFTY27JAN2626500CE,0.1044525404325569
16-01-2026 11:00||NIFTY27JAN2624400PE,0.1468209691245558
16-01-2026 11:00||NIFTY27JAN2624900PE,0.1222854314205035
16-01-2026 11:00||NIFTY27JAN2625000PE,0.1146614846303696
16-01-2026 11:00||NIFTY27JAN2625300CE,0.1319155175229088
16-01-2026 11:00||NIFTY27JAN2626000CE,0.0980419004722826
16-01-2026 11:00||NIFTY27JAN2626100CE,0.0953676042511619
16-01-2026 11:05||NIFTY27JAN2624300PE,0.1617243679564741
16-01-2026 11:05||NIFTY27JAN2624400PE,0.1546872225016577
16-01-2026 11:05||NIFTY27JAN2625100PE,0.113679985021137
16-01-2026 11:05||NIFTY27JAN2626100CE,0.096112521544829
16-01-2026 11:10||NIFTY27JAN2624000PE,0.1883915408894428
16-01-2026 11:10||NIFTY27JAN2625800CE,0.1058796423229107
16-01-2026 11:10||NIFTY27JAN2626000CE,0.1026125798775847
16-01-2026 11:15||NIFTY27JAN2623900PE,0.1877135187649291
16-01-2026 11:15||NIFTY27JAN2624600PE,0.1392993159830455
16-01-2026 11:15||NIFTY27JAN2625800CE,0.1089458923006749
16-01-2026 11:15||NIFTY27JAN2626200CE,0.0991491505125736
16-01-2026 11:20||NIFTY27JAN2623800PE,0.1774291185628908
16-01-2026 11:20||NIFTY27JAN2624000PE,0.1684871085260046
16-01-2026 11:20||NIFTY27JAN2624100PE,0.1620952797715697
16-01-2026 11:20||NIFTY27JAN2624900PE,0.1271179414561817
16-01-2026 11:20||NIFTY27JAN2625900CE,0.097502508319753
16-01-2026 11:20||NIFTY27JAN2626000CE,0.0951403397747543
16-01-2026 11:20||NIFTY27JAN2626200CE,0.0936856592023324
16-01-2026 11:25||NIFTY27JAN2624200PE,0.170174554548512
16-01-2026 11:25||NIFTY27JAN2624800PE,0.1335513696309571
16-01-2026 11:25||NIFTY27JAN2625000PE,0.1241174925524663
16-01-2026 11:25||NIFTY27JAN2626300CE,0.0973034477646495
16-01-2026 11:30||NIFTY27JAN2624300PE,0.1664763233770309
16-01-2026 11:30||NIFTY27JAN2625600CE,0.1098000004048141
16-01-2026 11:30||NIFTY27JAN2626500CE,0.1015599738310807
16-01-2026 11:35||NIFTY27JAN2624500PE,0.1396529243269139
16-01-2026 11:35||NIFTY27JAN2624800PE,0.1223536982229583
16-01-2026 11:35||NIFTY27JAN2625300CE,0.1094153255997343
16-01-2026 11:35||NIFTY27JAN2625500CE,0.1153970970406209
16-01-2026 11:35||NIFTY27JAN2626200CE,0.0970556336777357
16-01-2026 11:40||NIFTY27JAN2624400PE,0.1495901913495132
16-01-2026 11:40||NIFTY27JAN2624500PE,0.1438307887385405
16-01-2026 11:40||NIFTY27JAN2625500CE,0.1167759136698145
16-01-2026 11:40||NIFTY27JAN2626100CE,0.0962433430879251
16-01-2026 11:45||NIFTY27JAN2624300PE,0.164106885336864
16-01-2026 11:45||NIFTY27JAN2625000PE,0.1215707886830901
16-01-2026 11:45||NIFTY27JAN2625400CE,0.1224485505135661
16-01-2026 11:50||NIFTY27JAN2623900PE,0.1961547955353892
16-01-2026 11:50||NIFTY27JAN2624300PE,0.1642161028470709
16-01-2026 11:50||NIFTY27JAN2625500CE,0.1170146044216162
16-01-2026 11:55||NIFTY27JAN2624000PE,0.1701240707654331
16-01-2026 11:55||NIFTY27JAN2624500PE,0.137400079204299
16-01-2026 11:55||NIFTY27JAN2624800PE,0.1218571623863
16-01-2026 11:55||NIFTY27JAN2625000PE,0.1118375894670843
16-01-2026 11:55||NIFTY27JAN2625100PE,0.1066281079115707
16-01-2026 11:55||NIFTY27JAN2626200CE,0.0936467851120372
16-01-2026 12:00||NIFTY27JAN2623900PE,0.1911343321332629
16-01-2026 12:00||NIFTY27JAN2624000PE,0.1843954685672012
16-01-2026 12:00||NIFTY27JAN2624200PE,0.1689023730453721
16-01-2026 12:00||NIFTY27JAN2624400PE,0.154485175957297
16-01-2026 12:00||NIFTY27JAN2624800PE,0.1307206798985972
16-01-2026 12:00||NIFTY27JAN2624900PE,0.12648709300814
16-01-2026 12:00||NIFTY27JAN2625200CE,0.121426607477299
16-01-2026 12:00||NIFTY27JAN2626200CE,0.0969485998391637
16-01-2026 12:05||NIFTY27JAN2623800PE,0.1951568051077311
16-01-2026 12:05||NIFTY27JAN2624200PE,0.1703739947234085
16-01-2026 12:05||NIFTY27JAN2624500PE,0.1528529409100126
16-01-2026 12:05||NIFTY27JAN2624800PE,0.1346941951535364
16-01-2026 12:05||NIFTY27JAN2625000PE,0.1242813768966927
16-01-2026 12:05||NIFTY27JAN2625200CE,0.1278271314704045
16-01-2026 12:05||NIFTY27JAN2625900CE,0.1021641680637171
16-01-2026 12:10||NIFTY27JAN2624800PE,0.1263990881878629
16-01-2026 12:10||NIFTY27JAN2625100PE,0.1166258046515335
16-01-2026 12:10||NIFTY27JAN2625300CE,0.0915054319287744
16-01-2026 12:10||NIFTY27JAN2625800CE,0.0926997382484363
16-01-2026 12:10||NIFTY27JAN2626000CE,0.0920460732745664
16-01-2026 12:10||NIFTY27JAN2626100CE,0.0913670458057555
16-01-2026 12:15||NIFTY27JAN2624000PE,0.1779562118401282
16-01-2026 12:15||NIFTY27JAN2624600PE,0.1358063272895562
16-01-2026 12:15||NIFTY27JAN2624800PE,0.1270832565841732
16-01-2026 12:15||NIFTY27JAN2624900PE,0.1220108011123099
16-01-2026 12:15||NIFTY27JAN2625000PE,0.1173401158924587
16-01-2026 12:15||NIFTY27JAN2625800CE,0.1087386018077002
16-01-2026 12:15||NIFTY27JAN2626000CE,0.0998511190611342
16-01-2026 12:20||NIFTY27JAN2623900PE,0.1890246637164574
16-01-2026 12:20||NIFTY27JAN2624300PE,0.1606584004484374
16-01-2026 12:20||NIFTY27JAN2624500PE,0.1487445803965228
16-01-2026 12:20||NIFTY27JAN2624900PE,0.1286612003827934
16-01-2026 12:20||NIFTY27JAN2625400CE,0.1073738817206834
16-01-2026 12:20||NIFTY27JAN2625600CE,0.1026770262559685
16-01-2026 12:20||NIFTY27JAN2625700CE,0.0996876742188695
16-01-2026 12:25||NIFTY27JAN2623800PE,0.199925560285168
16-01-2026 12:25||NIFTY27JAN2624500PE,0.1513311967158045
16-01-2026 12:25||NIFTY27JAN2624700PE,0.1391660175468794
16-01-2026 12:25||NIFTY27JAN2624800PE,0.1270025394397773
16-01-2026 12:25||NIFTY27JAN2625000PE,0.1212080399047766
16-01-2026 12:25||NIFTY27JAN2625100PE,0.1167953815835349
16-01-2026 12:25||NIFTY27JAN2626400CE,0.1004276632056982
16-01-2026 12:30||NIFTY27JAN2623800PE,0.178841097731862
16-01-2026 12:30||NIFTY27JAN2624400PE,0.1459735968975907
16-01-2026 12:30||NIFTY27JAN2624600PE,0.1308960842058447
16-01-2026 12:35||NIFTY27JAN2623800PE,0.1965194945276479
16-01-2026 12:35||NIFTY27JAN2623900PE,0.1903702449074896
16-01-2026 12:35||NIFTY27JAN2624800PE,0.1323096804516695
16-01-2026 12:35||NIFTY27JAN2625600CE,0.1067469932921772
16-01-2026 12:35||NIFTY27JAN2625700CE,0.1023261913592335
16-01-2026 12:35||NIFTY27JAN2625800CE,0.1003679564064822
16-01-2026 12:35||NIFTY27JAN2625900CE,0.1011128527212506
16-01-2026 12:35||NIFTY27JAN2626000CE,0.1007738456663226
16-01-2026 12:35||NIFTY27JAN2626200CE,0.1000885215004074
16-01-2026 12:40||NIFTY27JAN2623800PE,0.1984564230520252
16-01-2026 12:40||NIFTY27JAN2625200CE,0.1190461555398701
16-01-2026 12:40||NIFTY27JAN2625900CE,0.103594815543336
16-01-2026 12:45||NIFTY27JAN2624000PE,0.1799854969230696
16-01-2026 12:45||NIFTY27JAN2624800PE,0.1291196479749973
16-01-2026 12:45||NIFTY27JAN2625700CE,0.0969594911731378
16-01-2026 12:45||NIFTY27JAN2625900CE,0.0941434033807691
16-01-2026 12:45||NIFTY27JAN2626000CE,0.0932358313414975
16-01-2026 12:45||NIFTY27JAN2626300CE,0.0951918547086848
16-01-2026 12:50||NIFTY27JAN2624300PE,0.1635768554090839
16-01-2026 12:50||NIFTY27JAN2626000CE,0.0951719111200942
16-01-2026 12:50||NIFTY27JAN2626200CE,0.0948831881869332
16-01-2026 12:55||NIFTY27JAN2623900PE,0.190083908965319
16-01-2026 12:55||NIFTY27JAN2624700PE,0.1332243747750282
16-01-2026 12:55||NIFTY27JAN2624900PE,0.1289583118366429
16-01-2026 12:55||NIFTY27JAN2625500CE,0.1006526239284391
16-01-2026 12:55||NIFTY27JAN2625800CE,0.0975189157425931
16-01-2026 13:00||NIFTY27JAN2623800PE,0.1919348664721265
16-01-2026 13:00||NIFTY27JAN2624700PE,0.1363224546436461
16-01-2026 13:00||NIFTY27JAN2624800PE,0.1284451610413525
16-01-2026 13:00||NIFTY27JAN2625400CE,0.1218646151933319
16-01-2026 13:00||NIFTY27JAN2625900CE,0.1054719909140523
16-01-2026 13:00||NIFTY27JAN2626000CE,0.1045605790296033
16-01-2026 13:05||NIFTY27JAN2624100PE,0.1692094527947242
16-01-2026 13:05||NIFTY27JAN2625000PE,0.1198525991769839
16-01-2026 13:05||NIFTY27JAN2625300CE,0.1110067899504365
16-01-2026 13:10||NIFTY27JAN2625200CE,0.1292929231905333
16-01-2026 13:15||NIFTY27JAN2623800PE,0.1918752696398168
16-01-2026 13:15||NIFTY27JAN2624100PE,0.1753757475723125
16-01-2026 13:15||NIFTY27JAN2624600PE,0.1400959098090897
16-01-2026 13:15||NIFTY27JAN2624700PE,0.1349200276811084
16-01-2026 13:15||NIFTY27JAN2625800CE,0.1032480001390638
16-01-2026 13:15||NIFTY27JAN2626100CE,0.1013503540739487
16-01-2026 13:15||NIFTY27JAN2626200CE,0.095261305450326
16-01-2026 13:20||NIFTY27JAN2624300PE,0.15769510069039
16-01-2026 13:20||NIFTY27JAN2624700PE,0.1269832470054551
16-01-2026 13:20||NIFTY27JAN2625100PE,0.1085149547618485
16-01-2026 13:20||NIFTY27JAN2625600CE,0.1018485933311777
16-01-2026 13:20||NIFTY27JAN2626100CE,0.0958477768345073
16-01-2026 13:25||NIFTY27JAN2623900PE,0.1724933607095367
16-01-2026 13:25||NIFTY27JAN2624300PE,0.1547698166224996
16-01-2026 13:25||NIFTY27JAN2624400PE,0.1451267010607425
16-01-2026 13:25||NIFTY27JAN2625200CE,0.1146103778563569
16-01-2026 13:25||NIFTY27JAN2625300CE,0.1084863021247002
16-01-2026 13:25||NIFTY27JAN2625500CE,0.1031196332292609
16-01-2026 13:25||NIFTY27JAN2625800CE,0.0981124988407974
16-01-2026 13:25||NIFTY27JAN2626400CE,0.1004121926361786
16-01-2026 13:25||NIFTY27JAN2626500CE,0.102651061841127
16-01-2026 13:30||NIFTY27JAN2624000PE,0.1796383232962046
16-01-2026 13:30||NIFTY27JAN2624200PE,0.1655072235231783
16-01-2026 13:30||NIFTY27JAN2624400PE,0.1520738136136208
16-01-2026 13:30||NIFTY27JAN2624900PE,0.1211265713817121
16-01-2026 13:30||NIFTY27JAN2625000PE,0.1161672022634342
16-01-2026 13:30||NIFTY27JAN2625200CE,0.1304016292570279
16-01-2026 13:35||NIFTY27JAN2624400PE,0.1446478091656088
16-01-2026 13:35||NIFTY27JAN2624500PE,0.1335834238927449
16-01-2026 13:35||NIFTY27JAN2624900PE,0.1147601304538611
16-01-2026 13:35||NIFTY27JAN2625500CE,0.1099330798117616
16-01-2026 13:35||NIFTY27JAN2626100CE,0.0970324987654293
16-01-2026 13:35||NIFTY27JAN2626400CE,0.1016315599082182
16-01-2026 13:40||NIFTY27JAN2623900PE,0.1836816944208346
16-01-2026 13:40||NIFTY27JAN2624500PE,0.1457456821508315
16-01-2026 13:40||NIFTY27JAN2624700PE,0.1319329313804535
16-01-2026 13:40||NIFTY27JAN2625200CE,0.1290147038522758
16-01-2026 13:40||NIFTY27JAN2625300CE,0.1241263429179742
16-01-2026 13:40||NIFTY27JAN2625900CE,0.1039332597514394
16-01-2026 13:40||NIFTY27JAN2626000CE,0.1021536136421957
16-01-2026 13:40||NIFTY27JAN2626200CE,0.1027393172642202
16-01-2026 13:40||NIFTY27JAN2626500CE,0.1094437537489847
16-01-2026 13:45||NIFTY27JAN2623900PE,0.1865486160883321
16-01-2026 13:45||NIFTY27JAN2624100PE,0.1719357298754177
16-01-2026 13:45||NIFTY27JAN2624500PE,0.1443493059799231
16-01-2026 13:50||NIFTY27JAN2624700PE,0.135297093322644
16-01-2026 13:50||NIFTY27JAN2625900CE,0.0972269522983306
16-01-2026 13:50||NIFTY27JAN2626000CE,0.096776635625963
16-01-2026 13:55||NIFTY27JAN2623900PE,0.1766171834071674
16-01-2026 13:55||NIFTY27JAN2624200PE,0.1637165143247484
16-01-2026 13:55||NIFTY27JAN2624300PE,0.157357488436499
16-01-2026 13:55||NIFTY27JAN2625000PE,0.1177471174580852
16-01-2026 13:55||NIFTY27JAN2625700CE,0.1011706207462884
16-01-2026 13:55||NIFTY27JAN2626100CE,0.0973785422072844
16-01-2026 14:00||NIFTY27JAN2624500PE,0.1347429191328329
16-01-2026 14:00||NIFTY27JAN2624900PE,0.1143588841932025
16-01-2026 14:00||NIFTY27JAN2625000PE,0.1105761232333941
16-01-2026 14:00||NIFTY27JAN2625100PE,0.1060643115058116
16-01-2026 14:00||NIFTY27JAN2626000CE,0.0968347561622442
16-01-2026 14:05||NIFTY27JAN2624100PE,0.1679614720231385
16-01-2026 14:05||NIFTY27JAN2625500CE,0.1057187047139116
16-01-2026 14:05||NIFTY27JAN2625800CE,0.1025536093773695
16-01-2026 14:05||NIFTY27JAN2626100CE,0.1007385932679279
16-01-2026 14:10||NIFTY27JAN2624500PE,0.1369477826166509
16-01-2026 14:10||NIFTY27JAN2625100PE,0.1113099939408358
16-01-2026 14:10||NIFTY27JAN2625500CE,0.1047076162584022
16-01-2026 14:10||NIFTY27JAN2626400CE,0.110512902739718
16-01-2026 14:10||NIFTY27JAN2626500CE,0.1099266026880629
16-01-2026 14:15||NIFTY27JAN2624300PE,0.1533865660165461
16-01-2026 14:15||NIFTY27JAN2624600PE,0.132235352168438
16-01-2026 14:15||NIFTY27JAN2624900PE,0.1168395214119317
16-01-2026 14:15||NIFTY27JAN2625500CE,0.1073049398461081
16-01-2026 14:20||NIFTY27JAN2624200PE,0.1547421260045925
16-01-2026 14:20||NIFTY27JAN2624800PE,0.1201280916408236
16-01-2026 14:20||NIFTY27JAN2625100PE,0.1072228615371764
16-01-2026 14:20||NIFTY27JAN2626000CE,0.0967755099576869
16-01-2026 14:20||NIFTY27JAN2626300CE,0.0974045226524968
16-01-2026 14:25||NIFTY27JAN2623900PE,0.1837823048608092
16-01-2026 14:25||NIFTY27JAN2624900PE,0.1207004705457431
16-01-2026 14:25||NIFTY27JAN2625100PE,0.1111572564468784
16-01-2026 14:25||NIFTY27JAN2625500CE,0.1074979497559398
16-01-2026 14:25||NIFTY27JAN2626500CE,0.108730695204866
16-01-2026 14:30||NIFTY27JAN2623800PE,0.1756930779381583
16-01-2026 14:30||NIFTY27JAN2624300PE,0.1468792735530897
16-01-2026 14:30||NIFTY27JAN2626300CE,0.099793909566884
16-01-2026 14:35||NIFTY27JAN2623800PE,0.1880756873582995
16-01-2026 14:35||NIFTY27JAN2624800PE,0.1276429247211841
16-01-2026 14:35||NIFTY27JAN2624900PE,0.1203924342012695
16-01-2026 14:35||NIFTY27JAN2625000PE,0.1182348767839766
16-01-2026 14:35||NIFTY27JAN2625300CE,0.0955677726758998
16-01-2026 14:35||NIFTY27JAN2625900CE,0.1035002701777859
16-01-2026 14:35||NIFTY27JAN2626100CE,0.1022233857777571
16-01-2026 14:35||NIFTY27JAN2626200CE,0.1029824789806233
16-01-2026 14:35||NIFTY27JAN2626300CE,0.104879216722446
16-01-2026 14:35||NIFTY27JAN2626500CE,0.1111233664020836
16-01-2026 14:40||NIFTY27JAN2624200PE,0.1658164051114961
16-01-2026 14:40||NIFTY27JAN2624600PE,0.1384747300344563
16-01-2026 14:40||NIFTY27JAN2624900PE,0.1221013592404734
16-01-2026 14:40||NIFTY27JAN2625800CE,0.1013183431521799
16-01-2026 14:40||NIFTY27JAN2626500CE,0.1067358756816058
16-01-2026 14:45||NIFTY27JAN2623900PE,0.1751186413654288
16-01-2026 14:45||NIFTY27JAN2624000PE,0.1716383841725434
16-01-2026 14:45||NIFTY27JAN2624100PE,0.1631519596340098
16-01-2026 14:45||NIFTY27JAN2625000PE,0.1145847197271519
16-01-2026 14:45||NIFTY27JAN2625300CE,0.099226643802814
16-01-2026 14:45||NIFTY27JAN2625600CE,0.0977250860156584
16-01-2026 14:45||NIFTY27JAN2626300CE,0.0996266670726628
16-01-2026 14:45||NIFTY27JAN2626400CE,0.1013795218990791
16-01-2026 14:50||NIFTY27JAN2623900PE,0.1840944446362174
16-01-2026 14:50||NIFTY27JAN2624100PE,0.1707712334149329
16-01-2026 14:50||NIFTY27JAN2624200PE,0.1618078207726896
16-01-2026 14:50||NIFTY27JAN2624300PE,0.1572773025649302
16-01-2026 14:50||NIFTY27JAN2624700PE,0.1340518051605733
16-01-2026 14:50||NIFTY27JAN2625100PE,0.1143500299713364
16-01-2026 14:55||NIFTY27JAN2624200PE,0.1639137022672244
16-01-2026 14:55||NIFTY27JAN2624900PE,0.1199925989202423
16-01-2026 14:55||NIFTY27JAN2625200CE,0.1318749104296407
16-01-2026 14:55||NIFTY27JAN2625300CE,0.1251710026940884
16-01-2026 14:55||NIFTY27JAN2625600CE,0.1109316525191299
16-01-2026 14:55||NIFTY27JAN2625700CE,0.1074290330724535
16-01-2026 14:55||NIFTY27JAN2625800CE,0.1046959277034678
16-01-2026 15:00||NIFTY27JAN2624000PE,0.1805250200183963
16-01-2026 15:00||NIFTY27JAN2624800PE,0.1271706750033582
16-01-2026 15:00||NIFTY27JAN2624900PE,0.1218926685187284
16-01-2026 15:00||NIFTY27JAN2625500CE,0.1111473288524186
16-01-2026 15:05||NIFTY27JAN2623900PE,0.1725471694745463
16-01-2026 15:05||NIFTY27JAN2624100PE,0.1582916629331858
16-01-2026 15:05||NIFTY27JAN2624200PE,0.1587855210390159
16-01-2026 15:05||NIFTY27JAN2624600PE,0.1282239594602006
16-01-2026 15:05||NIFTY27JAN2624900PE,0.1191137221466919
16-01-2026 15:05||NIFTY27JAN2626200CE,0.0969833106084921
16-01-2026 15:10||NIFTY27JAN2623900PE,0.179141544074902
16-01-2026 15:10||NIFTY27JAN2624700PE,0.129533605337684
16-01-2026 15:10||NIFTY27JAN2624800PE,0.1238826002950241
16-01-2026 15:10||NIFTY27JAN2625100PE,0.1094787188774364
16-01-2026 15:10||NIFTY27JAN2625600CE,0.1055247594934142
16-01-2026 15:15||NIFTY27JAN2623800PE,0.1892696452931998
16-01-2026 15:15||NIFTY27JAN2624200PE,0.165421422872403
16-01-2026 15:15||NIFTY27JAN2624400PE,0.1510864492995021
16-01-2026 15:15||NIFTY27JAN2624500PE,0.144942176296429
16-01-2026 15:15||NIFTY27JAN2624700PE,0.1341049775836437
16-01-2026 15:15||NIFTY27JAN2624800PE,0.1281579062982475
16-01-2026 15:15||NIFTY27JAN2625000PE,0.1181105444376479
16-01-2026 15:15||NIFTY27JAN2625300CE,0.1119223782656545
16-01-2026 15:15||NIFTY27JAN2625500CE,0.1024583085681347
16-01-2026 15:15||NIFTY27JAN2626000CE,0.096898661382772
16-01-2026 15:15||NIFTY27JAN2626100CE,0.0968561471762104
16-01-2026 15:15||NIFTY27JAN2626300CE,0.1003071090779639
16-01-2026 15:20||NIFTY27JAN2623900PE,0.1834007728690344
16-01-2026 15:20||NIFTY27JAN2624000PE,0.1753032034033314
16-01-2026 15:20||NIFTY27JAN2624200PE,0.1623786244622614
16-01-2026 15:20||NIFTY27JAN2624400PE,0.1508115449733128
16-01-2026 15:20||NIFTY27JAN2624600PE,0.1378407394454119
16-01-2026 15:20||NIFTY27JAN2624800PE,0.1268170165638138
16-01-2026 15:20||NIFTY27JAN2625500CE,0.1027139599437987
16-01-2026 15:20||NIFTY27JAN2625900CE,0.0976569896631218
16-01-2026 15:20||NIFTY27JAN2626100CE,0.0945824808388045
16-01-2026 15:20||NIFTY27JAN2626400CE,0.1047879389400602
16-01-2026 15:20||NIFTY27JAN2626500CE,0.1055564037168963
16-01-2026 15:25||NIFTY27JAN2626400CE,0.1071767909091635
16-01-2026 15:25||NIFTY27JAN2626500CE,0.1068293125666579
19-01-2026 09:15||NIFTY27JAN2624700PE,0.1360852156987011
19-01-2026 09:15||NIFTY27JAN2624900PE,0.1262911787831583
19-01-2026 09:15||NIFTY27JAN2625400CE,0.1170029834590219
19-01-2026 09:15||NIFTY27JAN2625500CE,0.1138353770607881
19-01-2026 09:15||NIFTY27JAN2625900CE,0.1094165745702296
19-01-2026 09:15||NIFTY27JAN2626300CE,0.1197682263786898
19-01-2026 09:15||NIFTY27JAN2626400CE,0.124064500856405
19-01-2026 09:20||NIFTY27JAN2624600PE,0.1516820370689765
19-01-2026 09:20||NIFTY27JAN2625700CE,0.0998698144086986
19-01-2026 09:20||NIFTY27JAN2626100CE,0.1056620266802798
19-01-2026 09:20||NIFTY27JAN2626400CE,0.1172280727201878
19-01-2026 09:25||NIFTY27JAN2624500PE,0.1447263684993719
19-01-2026 09:25||NIFTY27JAN2625500CE,0.1210943176054627
19-01-2026 09:25||NIFTY27JAN2625600CE,0.1170476198608583
19-01-2026 09:25||NIFTY27JAN2625700CE,0.1145485969452109
19-01-2026 09:25||NIFTY27JAN2626100CE,0.1094219030788012
19-01-2026 09:25||NIFTY27JAN2626200CE,0.1104436800386117
19-01-2026 09:25||NIFTY27JAN2626400CE,0.1158310237434887
19-01-2026 09:30||NIFTY27JAN2623800PE,0.2014319095413413
19-01-2026 09:30||NIFTY27JAN2624000PE,0.1924130155528235
19-01-2026 09:30||NIFTY27JAN2624200PE,0.1769833352439922
19-01-2026 09:30||NIFTY27JAN2624300PE,0.1683382266949213
19-01-2026 09:30||NIFTY27JAN2624400PE,0.1592712668408592
19-01-2026 09:30||NIFTY27JAN2624800PE,0.1314126070060915
19-01-2026 09:30||NIFTY27JAN2625400CE,0.1092861822727852
19-01-2026 09:30||NIFTY27JAN2625800CE,0.1037685727378623
19-01-2026 09:30||NIFTY27JAN2626500CE,0.1303747725199036
19-01-2026 09:35||NIFTY27JAN2624500PE,0.1452307771081585
19-01-2026 09:35||NIFTY27JAN2624800PE,0.1278024709261291
19-01-2026 09:35||NIFTY27JAN2625500CE,0.1218956427135594
19-01-2026 09:35||NIFTY27JAN2625600CE,0.1178893209090447
19-01-2026 09:35||NIFTY27JAN2626200CE,0.1098947251883914
19-01-2026 09:40||NIFTY27JAN2624100PE,0.1876426853829038
19-01-2026 09:40||NIFTY27JAN2624200PE,0.180350757986501
19-01-2026 09:40||NIFTY27JAN2624400PE,0.1603542009571683
19-01-2026 09:40||NIFTY27JAN2624500PE,0.1550831587816881
19-01-2026 09:40||NIFTY27JAN2624600PE,0.1466492861364426
19-01-2026 09:40||NIFTY27JAN2624900PE,0.1296096533186253
19-01-2026 09:40||NIFTY27JAN2625700CE,0.103668786554283
19-01-2026 09:40||NIFTY27JAN2626200CE,0.1147919265684536
19-01-2026 09:40||NIFTY27JAN2626300CE,0.1203678000248434
19-01-2026 09:40||NIFTY27JAN2626500CE,0.1312551077978927
19-01-2026 09:45||NIFTY27JAN2623900PE,0.2042116275668893
19-01-2026 09:45||NIFTY27JAN2624000PE,0.1856311135470778
19-01-2026 09:45||NIFTY27JAN2626200CE,0.1129844297865677
19-01-2026 09:50||NIFTY27JAN2623900PE,0.2047681717755584
19-01-2026 09:50||NIFTY27JAN2624700PE,0.1378962990100558
19-01-2026 09:50||NIFTY27JAN2624800PE,0.1349801333512765
19-01-2026 09:50||NIFTY27JAN2625300CE,0.101949927644836
19-01-2026 09:50||NIFTY27JAN2625900CE,0.0989747911620504
19-01-2026 09:50||NIFTY27JAN2626200CE,0.1109118167034843
19-01-2026 09:55||NIFTY27JAN2624700PE,0.1393713158499972
19-01-2026 09:55||NIFTY27JAN2625400CE,0.1027592364045086
19-01-2026 09:55||NIFTY27JAN2625700CE,0.0999868216367082
19-01-2026 09:55||NIFTY27JAN2626400CE,0.1233012544462047
19-01-2026 10:00||NIFTY27JAN2624400PE,0.1592465993903232
19-01-2026 10:00||NIFTY27JAN2625000PE,0.1196191896741589
19-01-2026 10:00||NIFTY27JAN2625700CE,0.1065620494513285
19-01-2026 10:00||NIFTY27JAN2625900CE,0.1076870580140457
19-01-2026 10:05||NIFTY27JAN2624500PE,0.1427570258931814
19-01-2026 10:05||NIFTY27JAN2624800PE,0.1267681819485248
19-01-2026 10:05||NIFTY27JAN2625200CE,0.1289338087669174
19-01-2026 10:05||NIFTY27JAN2625500CE,0.1148365324335869
19-01-2026 10:05||NIFTY27JAN2626100CE,0.1124872716709323
19-01-2026 10:05||NIFTY27JAN2626200CE,0.114464521247409
19-01-2026 10:10||NIFTY27JAN2623800PE,0.1972383031960309
19-01-2026 10:10||NIFTY27JAN2624200PE,0.1682858696822046
19-01-2026 10:10||NIFTY27JAN2624400PE,0.1512892998174245
19-01-2026 10:10||NIFTY27JAN2625100PE,0.1134175900558154
19-01-2026 10:15||NIFTY27JAN2624200PE,0.1782457883617798
19-01-2026 10:15||NIFTY27JAN2624400PE,0.159739417063935
19-01-2026 10:15||NIFTY27JAN2624700PE,0.1365133455630969
19-01-2026 10:15||NIFTY27JAN2624800PE,0.1304365130481736
19-01-2026 10:15||NIFTY27JAN2625100PE,0.1138940375215077
19-01-2026 10:15||NIFTY27JAN2625500CE,0.1112074412440689
19-01-2026 10:15||NIFTY27JAN2625700CE,0.106662495169615
19-01-2026 10:15||NIFTY27JAN2626200CE,0.1182934422808409
19-01-2026 10:15||NIFTY27JAN2626500CE,0.1342413001710289
19-01-2026 10:20||NIFTY27JAN2623900PE,0.1959127703901744
19-01-2026 10:20||NIFTY27JAN2624100PE,0.1826371241747203
19-01-2026 10:20||NIFTY27JAN2625500CE,0.1120036876826909
19-01-2026 10:20||NIFTY27JAN2626300CE,0.1213490549769764
19-01-2026 10:25||NIFTY27JAN2625400CE,0.1167616594886676
19-01-2026 10:25||NIFTY27JAN2626100CE,0.1142044716503233
19-01-2026 10:25||NIFTY27JAN2626400CE,0.1265259989185607
19-01-2026 10:25||NIFTY27JAN2626500CE,0.1306342659854197
19-01-2026 10:30||NIFTY27JAN2623800PE,0.2062216841873137
19-01-2026 10:30||NIFTY27JAN2623900PE,0.1988572767011673
19-01-2026 10:30||NIFTY27JAN2624600PE,0.1417652817342264
19-01-2026 10:30||NIFTY27JAN2624700PE,0.1358945850093409
19-01-2026 10:30||NIFTY27JAN2624800PE,0.1300481780123355
19-01-2026 10:30||NIFTY27JAN2624900PE,0.1241296150079801
19-01-2026 10:30||NIFTY27JAN2626200CE,0.1195516368965417
19-01-2026 10:35||NIFTY27JAN2623800PE,0.2007867962190638
19-01-2026 10:35||NIFTY27JAN2624700PE,0.1355703403367543
19-01-2026 10:35||NIFTY27JAN2624800PE,0.1302717225124703
19-01-2026 10:35||NIFTY27JAN2625000PE,0.1197481444999288
19-01-2026 10:35||NIFTY27JAN2625200CE,0.1245217557120011
19-01-2026 10:35||NIFTY27JAN2626300CE,0.1235606150891218
19-01-2026 10:40||NIFTY27JAN2623800PE,0.1848506389285701
19-01-2026 10:40||NIFTY27JAN2623900PE,0.1785766484100182
19-01-2026 10:40||NIFTY27JAN2624000PE,0.1745638504032617
19-01-2026 10:40||NIFTY27JAN2624700PE,0.1292891782335393
19-01-2026 10:40||NIFTY27JAN2625400CE,0.1187272940094501
19-01-2026 10:40||NIFTY27JAN2625700CE,0.1105588042697247
19-01-2026 10:45||NIFTY27JAN2624000PE,0.1911556571841478
19-01-2026 10:45||NIFTY27JAN2624700PE,0.1369931069063049
19-01-2026 10:45||NIFTY27JAN2625600CE,0.1070436852223622
19-01-2026 10:45||NIFTY27JAN2626200CE,0.1182010170950643
19-01-2026 10:50||NIFTY27JAN2625100PE,0.1161602225713638
19-01-2026 10:50||NIFTY27JAN2625200CE,0.1152279778788698
19-01-2026 10:50||NIFTY27JAN2626200CE,0.119481044013514
19-01-2026 10:55||NIFTY27JAN2624100PE,0.1729776994404508
19-01-2026 10:55||NIFTY27JAN2624200PE,0.1764872320487847
19-01-2026 10:55||NIFTY27JAN2624500PE,0.1432263362662561
19-01-2026 10:55||NIFTY27JAN2625400CE,0.1266812770545047
19-01-2026 10:55||NIFTY27JAN2625500CE,0.1199506420724855
19-01-2026 10:55||NIFTY27JAN2625900CE,0.1123421218190703
19-01-2026 10:55||NIFTY27JAN2626000CE,0.1131756749996686
19-01-2026 11:00||NIFTY27JAN2623900PE,0.1927046229127268
19-01-2026 11:00||NIFTY27JAN2624400PE,0.1557643852028123
19-01-2026 11:00||NIFTY27JAN2625400CE,0.1154315184917818
19-01-2026 11:00||NIFTY27JAN2625600CE,0.1148843487141767
19-01-2026 11:00||NIFTY27JAN2625700CE,0.1135928413429539
19-01-2026 11:00||NIFTY27JAN2625800CE,0.1118660296601466
19-01-2026 11:00||NIFTY27JAN2626300CE,0.1199107282530092
19-01-2026 11:00||NIFTY27JAN2626500CE,0.1289920745808465
19-01-2026 11:05||NIFTY27JAN2623800PE,0.2020593046537749
19-01-2026 11:05||NIFTY27JAN2623900PE,0.1992696488121257
19-01-2026 11:05||NIFTY27JAN2624200PE,0.1726278719916818
19-01-2026 11:05||NIFTY27JAN2624500PE,0.1461729581468427
19-01-2026 11:05||NIFTY27JAN2625000PE,0.1208973954649107
19-01-2026 11:05||NIFTY27JAN2625600CE,0.1098401271289974
19-01-2026 11:05||NIFTY27JAN2626100CE,0.1097003892679981
19-01-2026 11:10||NIFTY27JAN2624300PE,0.1698342153730486
19-01-2026 11:10||NIFTY27JAN2625800CE,0.1037596206295496
19-01-2026 11:15||NIFTY27JAN2624400PE,0.1604408931050164
19-01-2026 11:15||NIFTY27JAN2624500PE,0.1518449491889591
19-01-2026 11:15||NIFTY27JAN2624600PE,0.1439599966484415
19-01-2026 11:15||NIFTY27JAN2624700PE,0.1370575703777054
19-01-2026 11:15||NIFTY27JAN2624900PE,0.1246581687875707
19-01-2026 11:15||NIFTY27JAN2625100PE,0.1137825681980613
19-01-2026 11:20||NIFTY27JAN2623800PE,0.2002510385979539
19-01-2026 11:20||NIFTY27JAN2624200PE,0.1736661237936085
19-01-2026 11:20||NIFTY27JAN2624300PE,0.165315859550308
19-01-2026 11:20||NIFTY27JAN2624500PE,0.1490604649730518
19-01-2026 11:20||NIFTY27JAN2624900PE,0.1250391550336557
19-01-2026 11:20||NIFTY27JAN2625400CE,0.11037308069737
19-01-2026 11:20||NIFTY27JAN2625500CE,0.1093724619906096
19-01-2026 11:20||NIFTY27JAN2625600CE,0.1082552911466652
19-01-2026 11:20||NIFTY27JAN2625700CE,0.1072890703101247
19-01-2026 11:20||NIFTY27JAN2626200CE,0.1197045681632693
19-01-2026 11:20||NIFTY27JAN2626300CE,0.1235978534357155
19-01-2026 11:20||NIFTY27JAN2626500CE,0.1359950261755205
19-01-2026 11:25||NIFTY27JAN2624900PE,0.1238863321270851
19-01-2026 11:25||NIFTY27JAN2625300CE,0.1143977002037172
19-01-2026 11:25||NIFTY27JAN2625400CE,0.1120664957556681
19-01-2026 11:30||NIFTY27JAN2624100PE,0.1829317663905185
19-01-2026 11:30||NIFTY27JAN2624600PE,0.1422430814144039
19-01-2026 11:30||NIFTY27JAN2624900PE,0.1243334174231472
19-01-2026 11:30||NIFTY27JAN2625000PE,0.1200031526814262
19-01-2026 11:30||NIFTY27JAN2625500CE,0.1113280824968512
19-01-2026 11:30||NIFTY27JAN2625700CE,0.1082446300519157
19-01-2026 11:30||NIFTY27JAN2626500CE,0.1368099185635351
19-01-2026 11:35||NIFTY27JAN2623900PE,0.19709109010791
19-01-2026 11:35||NIFTY27JAN2624600PE,0.1441312127233305
19-01-2026 11:35||NIFTY27JAN2625800CE,0.105723063544439
19-01-2026 11:35||NIFTY27JAN2626000CE,0.1108700445949906
19-01-2026 11:35||NIFTY27JAN2626200CE,0.1184922963596383
19-01-2026 11:35||NIFTY27JAN2626300CE,0.1237842872569785
19-01-2026 11:35||NIFTY27JAN2626400CE,0.1276255722900384
19-01-2026 11:35||NIFTY27JAN2626500CE,0.1337896547659959
19-01-2026 11:40||NIFTY27JAN2623800PE,0.2047939902631405
19-01-2026 11:40||NIFTY27JAN2624100PE,0.1855025991704464
19-01-2026 11:40||NIFTY27JAN2624200PE,0.174476486322191
19-01-2026 11:40||NIFTY27JAN2624400PE,0.1582512721181875
19-01-2026 11:40||NIFTY27JAN2624500PE,0.1502330560025432
19-01-2026 11:40||NIFTY27JAN2625100PE,0.1148730772528738
19-01-2026 11:45||NIFTY27JAN2624300PE,0.1639686764733586
19-01-2026 11:45||NIFTY27JAN2625400CE,0.1166366583406008
19-01-2026 11:50||NIFTY27JAN2624600PE,0.1448311391387495
19-01-2026 11:50||NIFTY27JAN2625200CE,0.1097477353714831
19-01-2026 11:50||NIFTY27JAN2626300CE,0.1219638558765219
19-01-2026 11:55||NIFTY27JAN2623800PE,0.2079477231533867
19-01-2026 11:55||NIFTY27JAN2624300PE,0.1687300388616678
19-01-2026 11:55||NIFTY27JAN2624500PE,0.1518033215795728
19-01-2026 11:55||NIFTY27JAN2624600PE,0.1443771146237348
19-01-2026 11:55||NIFTY27JAN2624700PE,0.1383396604187922
19-01-2026 11:55||NIFTY27JAN2625900CE,0.1060669620082602
19-01-2026 11:55||NIFTY27JAN2626200CE,0.1168839697074939
19-01-2026 12:00||NIFTY27JAN2624200PE,0.1743175278782156
19-01-2026 12:00||NIFTY27JAN2624300PE,0.16289638644538
19-01-2026 12:00||NIFTY27JAN2624400PE,0.15509792527114
19-01-2026 12:00||NIFTY27JAN2624500PE,0.1470715464551948
19-01-2026 12:00||NIFTY27JAN2624700PE,0.1362313049994137
19-01-2026 12:00||NIFTY27JAN2625000PE,0.1209183293176702
19-01-2026 12:00||NIFTY27JAN2626100CE,0.1147826273513754
19-01-2026 12:00||NIFTY27JAN2626500CE,0.1321850883929781
19-01-2026 12:05||NIFTY27JAN2623900PE,0.1998813443549178
19-01-2026 12:05||NIFTY27JAN2624400PE,0.1593689939408861
19-01-2026 12:05||NIFTY27JAN2624500PE,0.1506199469634495
19-01-2026 12:05||NIFTY27JAN2625200CE,0.1221966856554742
19-01-2026 12:05||NIFTY27JAN2625400CE,0.1137061687430957
19-01-2026 12:05||NIFTY27JAN2625500CE,0.1113306258881356
19-01-2026 12:05||NIFTY27JAN2625700CE,0.1078011211677887
19-01-2026 12:05||NIFTY27JAN2626100CE,0.115077287762612
19-01-2026 12:05||NIFTY27JAN2626200CE,0.1194031297290294
19-01-2026 12:05||NIFTY27JAN2626400CE,0.1296736615770049
19-01-2026 12:05||NIFTY27JAN2626500CE,0.1363596469109425
19-01-2026 12:10||NIFTY27JAN2623900PE,0.1995348917570698
19-01-2026 12:10||NIFTY27JAN2625600CE,0.1067629828130294
19-01-2026 12:10||NIFTY27JAN2626400CE,0.1299139659188057
19-01-2026 12:15||NIFTY27JAN2623900PE,0.2008562150794531
19-01-2026 12:15||NIFTY27JAN2624100PE,0.1851491655679778
19-01-2026 12:15||NIFTY27JAN2624300PE,0.1684327503633449
19-01-2026 12:20||NIFTY27JAN2623800PE,0.2059482925547095
19-01-2026 12:20||NIFTY27JAN2624400PE,0.1602160650088736
19-01-2026 12:20||NIFTY27JAN2625100PE,0.116839739327982
19-01-2026 12:20||NIFTY27JAN2625300CE,0.1095959943611104
19-01-2026 12:20||NIFTY27JAN2626200CE,0.1173309857908086
19-01-2026 12:25||NIFTY27JAN2623800PE,0.2081108675795222
19-01-2026 12:25||NIFTY27JAN2625700CE,0.1084567957599566
19-01-2026 12:25||NIFTY27JAN2626500CE,0.1313102827856693
19-01-2026 12:30||NIFTY27JAN2623900PE,0.1976054783884884
19-01-2026 12:30||NIFTY27JAN2624300PE,0.1680470136476507
19-01-2026 12:30||NIFTY27JAN2624500PE,0.1507651304659666
19-01-2026 12:30||NIFTY27JAN2625000PE,0.1215273612825225
19-01-2026 12:30||NIFTY27JAN2625400CE,0.1141135037183016
19-01-2026 12:30||NIFTY27JAN2626500CE,0.1336455523798334
19-01-2026 12:35||NIFTY27JAN2624100PE,0.1835028902736639
19-01-2026 12:35||NIFTY27JAN2624200PE,0.1758173839661292
19-01-2026 12:35||NIFTY27JAN2624400PE,0.1588450727408167
19-01-2026 12:35||NIFTY27JAN2624700PE,0.1355439302828059
19-01-2026 12:35||NIFTY27JAN2625000PE,0.1193044777619757
19-01-2026 12:35||NIFTY27JAN2625300CE,0.1140851951829962
19-01-2026 12:40||NIFTY27JAN2623800PE,0.1962802465354356
19-01-2026 12:40||NIFTY27JAN2625700CE,0.1092121882625589
19-01-2026 12:40||NIFTY27JAN2625800CE,0.1090096045096394
19-01-2026 12:40||NIFTY27JAN2626400CE,0.1308501274457729
19-01-2026 12:45||NIFTY27JAN2626000CE,0.1117197807047006
19-01-2026 12:45||NIFTY27JAN2626100CE,0.1146273439177199
19-01-2026 12:45||NIFTY27JAN2626400CE,0.1283100917334168
19-01-2026 12:50||NIFTY27JAN2623800PE,0.2075689568890315
19-01-2026 12:50||NIFTY27JAN2624200PE,0.1759867760207915
19-01-2026 12:50||NIFTY27JAN2625900CE,0.1078225637317347
19-01-2026 12:50||NIFTY27JAN2626500CE,0.1366208898133694
19-01-2026 12:55||NIFTY27JAN2623900PE,0.1941482400514978
19-01-2026 12:55||NIFTY27JAN2624100PE,0.1810151103463373
19-01-2026 12:55||NIFTY27JAN2624300PE,0.1623887033880089
19-01-2026 12:55||NIFTY27JAN2624400PE,0.1594194953422957
19-01-2026 12:55||NIFTY27JAN2624500PE,0.1507194938905
19-01-2026 12:55||NIFTY27JAN2624700PE,0.1347913204407397
19-01-2026 12:55||NIFTY27JAN2625100PE,0.1142721061907426
19-01-2026 12:55||NIFTY27JAN2625700CE,0.1103835680056029
19-01-2026 12:55||NIFTY27JAN2626000CE,0.1117381503784938
19-01-2026 13:00||NIFTY27JAN2623900PE,0.1894018802315866
19-01-2026 13:00||NIFTY27JAN2624000PE,0.1856584144127388
19-01-2026 13:00||NIFTY27JAN2624400PE,0.1535327470354605
19-01-2026 13:00||NIFTY27JAN2624700PE,0.1361334509449372
19-01-2026 13:00||NIFTY27JAN2625400CE,0.1209492069267219
19-01-2026 13:00||NIFTY27JAN2625600CE,0.1176251182638806
19-01-2026 13:00||NIFTY27JAN2625900CE,0.1106426080107439
19-01-2026 13:00||NIFTY27JAN2626200CE,0.1184265403063686
19-01-2026 13:00||NIFTY27JAN2626500CE,0.1267399784726612
19-01-2026 13:05||NIFTY27JAN2624600PE,0.1469714336455248
19-01-2026 13:05||NIFTY27JAN2625100PE,0.1189331822300129
19-01-2026 13:05||NIFTY27JAN2625700CE,0.1020993446060206
19-01-2026 13:10||NIFTY27JAN2623800PE,0.2002610293331937
19-01-2026 13:10||NIFTY27JAN2623900PE,0.1950619501922069
19-01-2026 13:10||NIFTY27JAN2624400PE,0.1593358980948056
19-01-2026 13:10||NIFTY27JAN2624500PE,0.1507489086481453
19-01-2026 13:10||NIFTY27JAN2624600PE,0.1411174194662139
19-01-2026 13:10||NIFTY27JAN2626200CE,0.1184045880418831
19-01-2026 13:10||NIFTY27JAN2626300CE,0.1220635935690735
19-01-2026 13:15||NIFTY27JAN2625800CE,0.106907285071422
19-01-2026 13:20||NIFTY27JAN2624400PE,0.1593600158482162
19-01-2026 13:20||NIFTY27JAN2624800PE,0.1320109045823645
19-01-2026 13:20||NIFTY27JAN2624900PE,0.126415714719963
19-01-2026 13:20||NIFTY27JAN2625000PE,0.1218317343642398
19-01-2026 13:20||NIFTY27JAN2625200CE,0.1113323654328503
19-01-2026 13:20||NIFTY27JAN2625400CE,0.1090157202190371
19-01-2026 13:25||NIFTY27JAN2623900PE,0.1993780717853568
19-01-2026 13:25||NIFTY27JAN2625000PE,0.1191920346319001
19-01-2026 13:25||NIFTY27JAN2625300CE,0.1180916255561811
19-01-2026 13:25||NIFTY27JAN2625400CE,0.1126839123660351
19-01-2026 13:25||NIFTY27JAN2625900CE,0.1080926227483126
19-01-2026 13:25||NIFTY27JAN2626200CE,0.1175813953092592
19-01-2026 13:25||NIFTY27JAN2626500CE,0.1331270017727191
19-01-2026 13:30||NIFTY27JAN2624300PE,0.1665350712278337
19-01-2026 13:30||NIFTY27JAN2624900PE,0.1242646094644054
19-01-2026 13:30||NIFTY27JAN2625100PE,0.1139915414459446
19-01-2026 13:30||NIFTY27JAN2625800CE,0.1071706871585184
19-01-2026 13:30||NIFTY27JAN2626100CE,0.1130137127412464
19-01-2026 13:30||NIFTY27JAN2626300CE,0.1215724262247882
19-01-2026 13:30||NIFTY27JAN2626500CE,0.1328585139710892
19-01-2026 13:35||NIFTY27JAN2624400PE,0.1613370994766654
19-01-2026 13:35||NIFTY27JAN2624900PE,0.1301890553790473
19-01-2026 13:35||NIFTY27JAN2626200CE,0.1146035301300777
19-01-2026 13:35||NIFTY27JAN2626400CE,0.126591910113087
19-01-2026 13:40||NIFTY27JAN2624800PE,0.1328820993808131
19-01-2026 13:40||NIFTY27JAN2625300CE,0.1027434499293536
19-01-2026 13:40||NIFTY27JAN2625400CE,0.1042497826291653
19-01-2026 13:40||NIFTY27JAN2625600CE,0.1022640587257087
19-01-2026 13:40||NIFTY27JAN2625800CE,0.1042546038704659
19-01-2026 13:40||NIFTY27JAN2625900CE,0.103018588811824
19-01-2026 13:45||NIFTY27JAN2624300PE,0.160536457418998
19-01-2026 13:45||NIFTY27JAN2624700PE,0.1339441684312837
19-01-2026 13:45||NIFTY27JAN2625100PE,0.1139500487038317
19-01-2026 13:45||NIFTY27JAN2625500CE,0.1126856751578643
19-01-2026 13:45||NIFTY27JAN2626500CE,0.1260545673909424
19-01-2026 13:50||NIFTY27JAN2623900PE,0.1828106466045501
19-01-2026 13:50||NIFTY27JAN2624200PE,0.1654415799197233
19-01-2026 13:50||NIFTY27JAN2625100PE,0.1137155033730852
19-01-2026 13:50||NIFTY27JAN2625400CE,0.1220924504508387
19-01-2026 13:50||NIFTY27JAN2625700CE,0.1134736457961534
19-01-2026 13:50||NIFTY27JAN2626200CE,0.109943306872042
19-01-2026 13:55||NIFTY27JAN2624500PE,0.1586396920251754
19-01-2026 13:55||NIFTY27JAN2624600PE,0.1510965789150228
19-01-2026 13:55||NIFTY27JAN2625600CE,0.1030961603425896
19-01-2026 13:55||NIFTY27JAN2625700CE,0.103384785522677
19-01-2026 13:55||NIFTY27JAN2625800CE,0.0979190612153533
19-01-2026 13:55||NIFTY27JAN2625900CE,0.0993912201195709
19-01-2026 13:55||NIFTY27JAN2626200CE,0.1082839549091828
19-01-2026 14:00||NIFTY27JAN2624100PE,0.1927386966138673
19-01-2026 14:00||NIFTY27JAN2624600PE,0.1511895694398018
19-01-2026 14:00||NIFTY27JAN2625300CE,0.1045186784233397
19-01-2026 14:00||NIFTY27JAN2625800CE,0.0978813893483344
19-01-2026 14:00||NIFTY27JAN2625900CE,0.0989806678217836
19-01-2026 14:00||NIFTY27JAN2626100CE,0.103327634275267
19-01-2026 14:05||NIFTY27JAN2623800PE,0.1941292206396156
19-01-2026 14:05||NIFTY27JAN2624200PE,0.1687756292436388
19-01-2026 14:05||NIFTY27JAN2624500PE,0.1537216718989544
19-01-2026 14:05||NIFTY27JAN2625000PE,0.1212592413444029
19-01-2026 14:05||NIFTY27JAN2625400CE,0.1048269958367851
19-01-2026 14:05||NIFTY27JAN2626500CE,0.1189581051428712
19-01-2026 14:10||NIFTY27JAN2624400PE,0.1664099333985498
19-01-2026 14:10||NIFTY27JAN2624500PE,0.1530350843173399
19-01-2026 14:10||NIFTY27JAN2625100PE,0.1185570429298111
19-01-2026 14:10||NIFTY27JAN2625200CE,0.1425039778836263
19-01-2026 14:10||NIFTY27JAN2626100CE,0.1077227910194037
19-01-2026 14:15||NIFTY27JAN2623800PE,0.1975420007011436
19-01-2026 14:15||NIFTY27JAN2624100PE,0.1768790273614365
19-01-2026 14:15||NIFTY27JAN2624200PE,0.1650790624272842
19-01-2026 14:15||NIFTY27JAN2624500PE,0.146827378894128
19-01-2026 14:15||NIFTY27JAN2624700PE,0.1351113059337386
19-01-2026 14:15||NIFTY27JAN2624800PE,0.1331110197594265
19-01-2026 14:15||NIFTY27JAN2625100PE,0.1189948991423763
19-01-2026 14:15||NIFTY27JAN2626400CE,0.1146566889277247
19-01-2026 14:20||NIFTY27JAN2624200PE,0.1816721908679947
19-01-2026 14:20||NIFTY27JAN2624500PE,0.1555893823527951
19-01-2026 14:20||NIFTY27JAN2625800CE,0.1025112315899284
19-01-2026 14:20||NIFTY27JAN2626000CE,0.106084549565922
19-01-2026 14:25||NIFTY27JAN2624000PE,0.2019563671462172
19-01-2026 14:25||NIFTY27JAN2625100PE,0.1176723750976534
19-01-2026 14:25||NIFTY27JAN2625700CE,0.1066708019604885
19-01-2026 14:25||NIFTY27JAN2625900CE,0.101359528879139
19-01-2026 14:25||NIFTY27JAN2626000CE,0.1064761271372856
19-01-2026 14:25||NIFTY27JAN2626500CE,0.1257433768822106
19-01-2026 14:30||NIFTY27JAN2624100PE,0.1924619372376789
19-01-2026 14:30||NIFTY27JAN2624300PE,0.1764836044909829
19-01-2026 14:30||NIFTY27JAN2624700PE,0.1435185901953159
19-01-2026 14:30||NIFTY27JAN2624800PE,0.1372776183754777
19-01-2026 14:30||NIFTY27JAN2625000PE,0.1252669241855379
19-01-2026 14:35||NIFTY27JAN2623800PE,0.215772534540442
19-01-2026 14:35||NIFTY27JAN2624300PE,0.1721265228140344
19-01-2026 14:35||NIFTY27JAN2625000PE,0.1252595022154958
19-01-2026 14:35||NIFTY27JAN2625800CE,0.0983402330596892
19-01-2026 14:35||NIFTY27JAN2626100CE,0.104748864010505
19-01-2026 14:35||NIFTY27JAN2626300CE,0.1140421378914581
19-01-2026 14:35||NIFTY27JAN2626400CE,0.1185664263156869
19-01-2026 14:40||NIFTY27JAN2624000PE,0.1866387486148623
19-01-2026 14:40||NIFTY27JAN2624300PE,0.1647357388274806
19-01-2026 14:40||NIFTY27JAN2624700PE,0.1427098077965088
19-01-2026 14:40||NIFTY27JAN2625200CE,0.1471933913461416
19-01-2026 14:45||NIFTY27JAN2623900PE,0.1860025806269541
19-01-2026 14:45||NIFTY27JAN2624100PE,0.1788076560800363
19-01-2026 14:45||NIFTY27JAN2624400PE,0.1514563108346511
19-01-2026 14:45||NIFTY27JAN2624600PE,0.1462045487781202
19-01-2026 14:45||NIFTY27JAN2624800PE,0.1278498232879004
19-01-2026 14:45||NIFTY27JAN2625800CE,0.1016662586725704
19-01-2026 14:45||NIFTY27JAN2626000CE,0.1019326155015183
19-01-2026 14:50||NIFTY27JAN2624000PE,0.1867785289435876
19-01-2026 14:50||NIFTY27JAN2624200PE,0.16915091784526
19-01-2026 14:50||NIFTY27JAN2624500PE,0.1571938837424494
19-01-2026 14:50||NIFTY27JAN2625100PE,0.1176196125738932
19-01-2026 14:50||NIFTY27JAN2625700CE,0.1041359101359808
19-01-2026 14:55||NIFTY27JAN2623800PE,0.2015561771870992
19-01-2026 14:55||NIFTY27JAN2624400PE,0.1598427899259592
19-01-2026 14:55||NIFTY27JAN2625300CE,0.1126193176025903
19-01-2026 14:55||NIFTY27JAN2625400CE,0.109045728579696
19-01-2026 14:55||NIFTY27JAN2626000CE,0.1023464250394723
19-01-2026 14:55||NIFTY27JAN2626100CE,0.1040127535276607
19-01-2026 15:00||NIFTY27JAN2624300PE,0.1611764169249198
19-01-2026 15:00||NIFTY27JAN2625000PE,0.1185866177770654
19-01-2026 15:00||NIFTY27JAN2625600CE,0.1033385511975028
19-01-2026 15:00||NIFTY27JAN2626000CE,0.1013855849844329
19-01-2026 15:00||NIFTY27JAN2626300CE,0.106210921818809
19-01-2026 15:05||NIFTY27JAN2623900PE,0.2086208457342763
19-01-2026 15:05||NIFTY27JAN2625700CE,0.1028165671217974
19-01-2026 15:05||NIFTY27JAN2626000CE,0.1038190776895038
19-01-2026 15:05||NIFTY27JAN2626400CE,0.1193608032535073
19-01-2026 15:10||NIFTY27JAN2624100PE,0.1850551082021046
19-01-2026 15:10||NIFTY27JAN2624300PE,0.1690649054721927
19-01-2026 15:10||NIFTY27JAN2624800PE,0.1351125584012848
19-01-2026 15:10||NIFTY27JAN2625800CE,0.1020767645761329
19-01-2026 15:10||NIFTY27JAN2626100CE,0.1068339052111894
19-01-2026 15:15||NIFTY27JAN2624200PE,0.1676829398184209
19-01-2026 15:15||NIFTY27JAN2624400PE,0.1570166047739744
19-01-2026 15:15||NIFTY27JAN2624500PE,0.1473215737677065
19-01-2026 15:15||NIFTY27JAN2624600PE,0.1449063923364664
19-01-2026 15:15||NIFTY27JAN2624700PE,0.136289683682155
19-01-2026 15:15||NIFTY27JAN2625300CE,0.127788070239676
19-01-2026 15:15||NIFTY27JAN2625400CE,0.117443203550893
19-01-2026 15:15||NIFTY27JAN2626200CE,0.1108195148718104
19-01-2026 15:20||NIFTY27JAN2624500PE,0.1483228836153902
19-01-2026 15:20||NIFTY27JAN2625200CE,0.1213371030059951
19-01-2026 15:20||NIFTY27JAN2625800CE,0.1098170948103144
19-01-2026 15:20||NIFTY27JAN2626400CE,0.1244695300351945
19-01-2026 15:20||NIFTY27JAN2626500CE,0.1309011197873106
19-01-2026 15:25||NIFTY27JAN2624300PE,0.169446912825734
19-01-2026 15:25||NIFTY27JAN2624400PE,0.1606702077074773
19-01-2026 15:25||NIFTY27JAN2624700PE,0.1381939940343045
19-01-2026 15:25||NIFTY27JAN2625800CE,0.1039630036213268
19-01-2026 15:25||NIFTY27JAN2626300CE,0.1198797851412187
20-01-2026 09:15||NIFTY27JAN2623900PE,0.2019719689267951
20-01-2026 09:15||NIFTY27JAN2624000PE,0.1931451520156101
20-01-2026 09:15||NIFTY27JAN2624100PE,0.17915763527032
20-01-2026 09:15||NIFTY27JAN2624400PE,0.1592856946418009
20-01-2026 09:15||NIFTY27JAN2624600PE,0.1421166540200232
20-01-2026 09:15||NIFTY27JAN2625200CE,0.105677309897843
20-01-2026 09:15||NIFTY27JAN2625500CE,0.1122659094376791
20-01-2026 09:15||NIFTY27JAN2626200CE,0.1136591249976063
20-01-2026 09:15||NIFTY27JAN2626300CE,0.1178395999859512
20-01-2026 09:15||NIFTY27JAN2626400CE,0.1215432712790554
20-01-2026 09:20||NIFTY27JAN2623800PE,0.2104036188718565
20-01-2026 09:20||NIFTY27JAN2624000PE,0.1958632592558044
20-01-2026 09:20||NIFTY27JAN2624700PE,0.1377960892484056
20-01-2026 09:20||NIFTY27JAN2625200CE,0.1157445217211725
20-01-2026 09:20||NIFTY27JAN2625400CE,0.1101491199367043
20-01-2026 09:20||NIFTY27JAN2625500CE,0.1088734877399781
20-01-2026 09:20||NIFTY27JAN2625800CE,0.1055644157805486
20-01-2026 09:20||NIFTY27JAN2626300CE,0.1199467766339631
20-01-2026 09:20||NIFTY27JAN2626500CE,0.1305392784964329
20-01-2026 09:25||NIFTY27JAN2623900PE,0.1802334082555236
20-01-2026 09:25||NIFTY27JAN2625000PE,0.1145108132819353
20-01-2026 09:25||NIFTY27JAN2625400CE,0.1199427887983654
20-01-2026 09:30||NIFTY27JAN2623900PE,0.1887932096737172
20-01-2026 09:30||NIFTY27JAN2624400PE,0.1589855983626237
20-01-2026 09:30||NIFTY27JAN2624800PE,0.12785276681595
20-01-2026 09:30||NIFTY27JAN2625700CE,0.1094243107223554
20-01-2026 09:30||NIFTY27JAN2626100CE,0.1130641420394132
20-01-2026 09:30||NIFTY27JAN2626300CE,0.1203653643998215
20-01-2026 09:35||NIFTY27JAN2624500PE,0.152752508777763
20-01-2026 09:35||NIFTY27JAN2625200CE,0.1100235262308928
20-01-2026 09:35||NIFTY27JAN2625700CE,0.1039983944609824
20-01-2026 09:35||NIFTY27JAN2625800CE,0.10688500679361
20-01-2026 09:35||NIFTY27JAN2626200CE,0.1204027186958542
20-01-2026 09:40||NIFTY27JAN2623800PE,0.2144942340729609
20-01-2026 09:40||NIFTY27JAN2624100PE,0.1866729906843938
20-01-2026 09:40||NIFTY27JAN2625000PE,0.1180817869281784
20-01-2026 09:40||NIFTY27JAN2625900CE,0.1087443668910761
20-01-2026 09:40||NIFTY27JAN2626100CE,0.1168470531147737
20-01-2026 09:40||NIFTY27JAN2626200CE,0.1228067104976509
20-01-2026 09:40||NIFTY27JAN2626400CE,0.1361522803599019
20-01-2026 09:45||NIFTY27JAN2624800PE,0.1281573298810987
20-01-2026 09:45||NIFTY27JAN2625500CE,0.1091357516577124
20-01-2026 09:45||NIFTY27JAN2626200CE,0.1226924666989928
20-01-2026 09:45||NIFTY27JAN2626300CE,0.1292309904092288
20-01-2026 09:50||NIFTY27JAN2624100PE,0.1869418694815512
20-01-2026 09:50||NIFTY27JAN2624800PE,0.1304536653213809
20-01-2026 09:50||NIFTY27JAN2625100PE,0.1166327655430944
20-01-2026 09:50||NIFTY27JAN2625200CE,0.1209963371851599
20-01-2026 09:55||NIFTY27JAN2623900PE,0.2052276039914896
20-01-2026 09:55||NIFTY27JAN2624100PE,0.1868979991509743
20-01-2026 09:55||NIFTY27JAN2625000PE,0.1216306855751945
20-01-2026 10:00||NIFTY27JAN2623900PE,0.2046097766285979
20-01-2026 10:00||NIFTY27JAN2624600PE,0.1431608076810732
20-01-2026 10:00||NIFTY27JAN2624700PE,0.1359527062585309
20-01-2026 10:00||NIFTY27JAN2625200CE,0.108745348015404
20-01-2026 10:00||NIFTY27JAN2625400CE,0.1064475385374249
20-01-2026 10:00||NIFTY27JAN2625700CE,0.1038936078681404
20-01-2026 10:00||NIFTY27JAN2626000CE,0.1118913234801039
20-01-2026 10:00||NIFTY27JAN2626200CE,0.1220674964402917
20-01-2026 10:05||NIFTY27JAN2626100CE,0.1168297076685917
20-01-2026 10:05||NIFTY27JAN2626200CE,0.1220923142859267
20-01-2026 10:05||NIFTY27JAN2626500CE,0.1429627188121377
20-01-2026 10:10||NIFTY27JAN2624900PE,0.1242788627134128
20-01-2026 10:10||NIFTY27JAN2625100PE,0.1160186721317309
20-01-2026 10:10||NIFTY27JAN2626500CE,0.1330156631837279
20-01-2026 10:15||NIFTY27JAN2624000PE,0.1963530240559205
20-01-2026 10:15||NIFTY27JAN2625800CE,0.1090277052119994
20-01-2026 10:15||NIFTY27JAN2626300CE,0.1299684715596129
20-01-2026 10:20||NIFTY27JAN2624100PE,0.1697649574630715
20-01-2026 10:20||NIFTY27JAN2625700CE,0.1114109010609355
20-01-2026 10:20||NIFTY27JAN2626000CE,0.1114532498030681
20-01-2026 10:25||NIFTY27JAN2623800PE,0.1875456590860527
20-01-2026 10:25||NIFTY27JAN2624700PE,0.1364544153541802
20-01-2026 10:25||NIFTY27JAN2625000PE,0.1168572717089664
20-01-2026 10:25||NIFTY27JAN2625800CE,0.1076641451670896
20-01-2026 10:25||NIFTY27JAN2626200CE,0.1149487564972988
20-01-2026 10:25||NIFTY27JAN2626400CE,0.1219458402987783
20-01-2026 10:30||NIFTY27JAN2623900PE,0.2008692085510904
20-01-2026 10:30||NIFTY27JAN2624000PE,0.1928669120363116
20-01-2026 10:30||NIFTY27JAN2624300PE,0.1672787700262386
20-01-2026 10:30||NIFTY27JAN2624600PE,0.1426982867052071
20-01-2026 10:30||NIFTY27JAN2625500CE,0.1075641368837417
20-01-2026 10:30||NIFTY27JAN2625700CE,0.1061793295736484
20-01-2026 10:30||NIFTY27JAN2625800CE,0.1072633919940968
20-01-2026 10:35||NIFTY27JAN2624300PE,0.1651861488097832
20-01-2026 10:35||NIFTY27JAN2624700PE,0.1339774176168744
20-01-2026 10:35||NIFTY27JAN2625200CE,0.1197993358412331
20-01-2026 10:35||NIFTY27JAN2625400CE,0.1141841132850563
20-01-2026 10:35||NIFTY27JAN2625900CE,0.1090021338531189
20-01-2026 10:40||NIFTY27JAN2624000PE,0.1777272098508003
20-01-2026 10:40||NIFTY27JAN2624300PE,0.1547710716277577
20-01-2026 10:40||NIFTY27JAN2625800CE,0.109446461098683
20-01-2026 10:40||NIFTY27JAN2626000CE,0.1107173389728974
20-01-2026 10:45||NIFTY27JAN2624900PE,0.1254675120841118
20-01-2026 10:45||NIFTY27JAN2625900CE,0.1088892651328308
20-01-2026 10:45||NIFTY27JAN2626200CE,0.1205731198573217
20-01-2026 10:45||NIFTY27JAN2626400CE,0.1335095101831311
20-01-2026 10:50||NIFTY27JAN2623800PE,0.206452991571312
20-01-2026 10:50||NIFTY27JAN2624100PE,0.1813303155546468
20-01-2026 10:50||NIFTY27JAN2625300CE,0.1144122367044763
20-01-2026 10:50||NIFTY27JAN2626200CE,0.1199831855497966
20-01-2026 10:55||NIFTY27JAN2624200PE,0.1771292248879629
20-01-2026 10:55||NIFTY27JAN2624500PE,0.1508686557556803
20-01-2026 10:55||NIFTY27JAN2624600PE,0.1432279247101063
20-01-2026 10:55||NIFTY27JAN2624700PE,0.13592784664091
20-01-2026 10:55||NIFTY27JAN2624800PE,0.1302047692951926
20-01-2026 10:55||NIFTY27JAN2625300CE,0.1186790422019921
20-01-2026 10:55||NIFTY27JAN2625400CE,0.1153219375538874
20-01-2026 10:55||NIFTY27JAN2625900CE,0.1127613145616234
20-01-2026 10:55||NIFTY27JAN2626400CE,0.13774062960244
20-01-2026 11:00||NIFTY27JAN2623800PE,0.2136407055514011
20-01-2026 11:00||NIFTY27JAN2624000PE,0.1954105055948686
20-01-2026 11:00||NIFTY27JAN2624400PE,0.1593497747100111
20-01-2026 11:00||NIFTY27JAN2625300CE,0.1154299379868174
20-01-2026 11:05||NIFTY27JAN2623800PE,0.2126539027023034
20-01-2026 11:05||NIFTY27JAN2624400PE,0.1585600359139209
20-01-2026 11:05||NIFTY27JAN2624500PE,0.1508327721728101
20-01-2026 11:05||NIFTY27JAN2625400CE,0.1074120836840501
20-01-2026 11:05||NIFTY27JAN2625500CE,0.1057911141620881
20-01-2026 11:05||NIFTY27JAN2625800CE,0.1075222492863488
20-01-2026 11:05||NIFTY27JAN2626300CE,0.1298974707617044
20-01-2026 11:10||NIFTY27JAN2624500PE,0.1504277450302816
20-01-2026 11:10||NIFTY27JAN2624900PE,0.1248515478507152
20-01-2026 11:10||NIFTY27JAN2625200CE,0.1087344002983753
20-01-2026 11:10||NIFTY27JAN2625600CE,0.1047894401731097
20-01-2026 11:15||NIFTY27JAN2623800PE,0.2119881886921799
20-01-2026 11:15||NIFTY27JAN2624300PE,0.1673178230673641
20-01-2026 11:15||NIFTY27JAN2624700PE,0.1341529084074123
20-01-2026 11:15||NIFTY27JAN2625000PE,0.1186380376797334
20-01-2026 11:15||NIFTY27JAN2625300CE,0.1070005741441237
20-01-2026 11:15||NIFTY27JAN2625600CE,0.1070268752556323
20-01-2026 11:20||NIFTY27JAN2624500PE,0.1507303976359153
20-01-2026 11:20||NIFTY27JAN2625700CE,0.1009479689989642
20-01-2026 11:20||NIFTY27JAN2626200CE,0.123333000516554
20-01-2026 11:25||NIFTY27JAN2624000PE,0.1941447094970901
20-01-2026 11:25||NIFTY27JAN2624300PE,0.1673018506291028
20-01-2026 11:25||NIFTY27JAN2624900PE,0.1234946115955787
20-01-2026 11:25||NIFTY27JAN2625200CE,0.1123488795335902
20-01-2026 11:25||NIFTY27JAN2625300CE,0.1070927740833708
20-01-2026 11:25||NIFTY27JAN2625700CE,0.104593915992221
20-01-2026 11:25||NIFTY27JAN2626100CE,0.1178351300605419
20-01-2026 11:30||NIFTY27JAN2623900PE,0.205304259123528
20-01-2026 11:30||NIFTY27JAN2624200PE,0.1779506835499883
20-01-2026 11:30||NIFTY27JAN2624900PE,0.1263539107089827
20-01-2026 11:30||NIFTY27JAN2625200CE,0.1160586016542299
20-01-2026 11:30||NIFTY27JAN2625700CE,0.1074150851328821
20-01-2026 11:30||NIFTY27JAN2625800CE,0.1080309021231767
20-01-2026 11:30||NIFTY27JAN2626000CE,0.1146811060873322
20-01-2026 11:35||NIFTY27JAN2623800PE,0.2142854023416188
20-01-2026 11:35||NIFTY27JAN2625900CE,0.1125707399910181
20-01-2026 11:35||NIFTY27JAN2626300CE,0.1302507467827006
20-01-2026 11:35||NIFTY27JAN2626500CE,0.1451056394914334
20-01-2026 11:40||NIFTY27JAN2623800PE,0.2145633454214176
20-01-2026 11:40||NIFTY27JAN2624000PE,0.1958458441842703
20-01-2026 11:40||NIFTY27JAN2624100PE,0.1866958235465887
20-01-2026 11:40||NIFTY27JAN2624700PE,0.1376893661357753
20-01-2026 11:40||NIFTY27JAN2624800PE,0.1317695833198421
20-01-2026 11:40||NIFTY27JAN2625100PE,0.1171561253946069
20-01-2026 11:40||NIFTY27JAN2625300CE,0.1195195327685709
20-01-2026 11:45||NIFTY27JAN2623900PE,0.2066078584852003
20-01-2026 11:45||NIFTY27JAN2624500PE,0.1534371054098362
20-01-2026 11:45||NIFTY27JAN2625600CE,0.1106011484640402
20-01-2026 11:45||NIFTY27JAN2625800CE,0.1097152644419602
20-01-2026 11:45||NIFTY27JAN2625900CE,0.1122791688940558
20-01-2026 11:45||NIFTY27JAN2626000CE,0.1164932946984155
20-01-2026 11:50||NIFTY27JAN2624200PE,0.1737156738056107
20-01-2026 11:50||NIFTY27JAN2624600PE,0.1411153456414577
20-01-2026 11:50||NIFTY27JAN2624700PE,0.1333988688267763
20-01-2026 11:50||NIFTY27JAN2624900PE,0.1233070865674402
20-01-2026 11:50||NIFTY27JAN2625400CE,0.1160838764857003
20-01-2026 11:50||NIFTY27JAN2625700CE,0.1113178247625405
20-01-2026 11:50||NIFTY27JAN2626300CE,0.1255844517666418
20-01-2026 11:55||NIFTY27JAN2623800PE,0.2129277445888989
20-01-2026 11:55||NIFTY27JAN2623900PE,0.2033948704244912
20-01-2026 11:55||NIFTY27JAN2624000PE,0.1948881887355316
20-01-2026 11:55||NIFTY27JAN2624100PE,0.1857688999064451
20-01-2026 11:55||NIFTY27JAN2625800CE,0.1069425528615651
20-01-2026 11:55||NIFTY27JAN2625900CE,0.1087066563650787
20-01-2026 12:00||NIFTY27JAN2623800PE,0.2145586849763037
20-01-2026 12:00||NIFTY27JAN2624400PE,0.1607106938082602
20-01-2026 12:00||NIFTY27JAN2624600PE,0.1433257686556996
20-01-2026 12:00||NIFTY27JAN2624700PE,0.1361282998808762
20-01-2026 12:00||NIFTY27JAN2625800CE,0.1094402547241827
20-01-2026 12:00||NIFTY27JAN2625900CE,0.1125645168234536
20-01-2026 12:05||NIFTY27JAN2624700PE,0.134506344069177
20-01-2026 12:05||NIFTY27JAN2624900PE,0.1233135481057741
20-01-2026 12:05||NIFTY27JAN2625800CE,0.1078512394741798
20-01-2026 12:10||NIFTY27JAN2624200PE,0.1910641501957528
20-01-2026 12:10||NIFTY27JAN2624500PE,0.1530148761035687
20-01-2026 12:10||NIFTY27JAN2624600PE,0.1534279063948757
20-01-2026 12:10||NIFTY27JAN2624700PE,0.1382897651090606
20-01-2026 12:10||NIFTY27JAN2624800PE,0.1313269863473093
20-01-2026 12:10||NIFTY27JAN2624900PE,0.1236729387804648
20-01-2026 12:15||NIFTY27JAN2624300PE,0.1742824338895245
20-01-2026 12:15||NIFTY27JAN2624500PE,0.1491482437514336
20-01-2026 12:15||NIFTY27JAN2625000PE,0.1176311297648448
20-01-2026 12:15||NIFTY27JAN2625100PE,0.114119349787358
20-01-2026 12:15||NIFTY27JAN2625400CE,0.1062297388268617
20-01-2026 12:15||NIFTY27JAN2626400CE,0.139360397927233
20-01-2026 12:20||NIFTY27JAN2623900PE,0.2027092208175829
20-01-2026 12:20||NIFTY27JAN2624000PE,0.2036794045274678
20-01-2026 12:20||NIFTY27JAN2624100PE,0.1849178093179071
20-01-2026 12:20||NIFTY27JAN2625200CE,0.1085718232321739
20-01-2026 12:20||NIFTY27JAN2625300CE,0.1077655318036636
20-01-2026 12:20||NIFTY27JAN2625700CE,0.1053380524885615
20-01-2026 12:20||NIFTY27JAN2625800CE,0.106091174615262
20-01-2026 12:20||NIFTY27JAN2625900CE,0.1091257422213636
20-01-2026 12:25||NIFTY27JAN2623800PE,0.2116208311858471
20-01-2026 12:25||NIFTY27JAN2625000PE,0.1178736770523642
20-01-2026 12:25||NIFTY27JAN2625100PE,0.1140985540752181
20-01-2026 12:25||NIFTY27JAN2625700CE,0.104785596684209
20-01-2026 12:25||NIFTY27JAN2626000CE,0.1148231357789791
20-01-2026 12:30||NIFTY27JAN2623800PE,0.2402904293503235
20-01-2026 12:30||NIFTY27JAN2623900PE,0.2023378920189047
20-01-2026 12:30||NIFTY27JAN2624900PE,0.1227942452287285
20-01-2026 12:30||NIFTY27JAN2625000PE,0.117183021444115
20-01-2026 12:30||NIFTY27JAN2625100PE,0.1259404462102722
20-01-2026 12:30||NIFTY27JAN2625300CE,0.1084786982266212
20-01-2026 12:30||NIFTY27JAN2626000CE,0.1188505751021502
20-01-2026 12:35||NIFTY27JAN2623800PE,0.2116757965278829
20-01-2026 12:35||NIFTY27JAN2624200PE,0.17481839332225
20-01-2026 12:35||NIFTY27JAN2625000PE,0.1178613775045588
20-01-2026 12:35||NIFTY27JAN2625200CE,0.1122046933457516
20-01-2026 12:35||NIFTY27JAN2625500CE,0.1064426593955079
20-01-2026 12:35||NIFTY27JAN2625700CE,0.1049734054760489
20-01-2026 12:35||NIFTY27JAN2625800CE,0.1072699863846873
20-01-2026 12:35||NIFTY27JAN2626200CE,0.1266948400190941
20-01-2026 12:35||NIFTY27JAN2626300CE,0.1339995819061126
20-01-2026 12:40||NIFTY27JAN2623800PE,0.2116431498323547
20-01-2026 12:40||NIFTY27JAN2624000PE,0.1936448492948172
20-01-2026 12:40||NIFTY27JAN2624300PE,0.165214449141653
20-01-2026 12:40||NIFTY27JAN2624600PE,0.1398482353040106
20-01-2026 12:40||NIFTY27JAN2624700PE,0.1331770022419259
20-01-2026 12:40||NIFTY27JAN2625400CE,0.1114956023881186
20-01-2026 12:40||NIFTY27JAN2626100CE,0.120127918863572
20-01-2026 12:45||NIFTY27JAN2623800PE,0.2604566636499469
20-01-2026 12:45||NIFTY27JAN2624300PE,0.2137249049899478
20-01-2026 12:45||NIFTY27JAN2624400PE,0.2037520819880707
20-01-2026 12:45||NIFTY27JAN2625100PE,0.1335120339851162
20-01-2026 12:50||NIFTY27JAN2624200PE,0.1751130231472155
20-01-2026 12:50||NIFTY27JAN2625600CE,0.1051659984055639
20-01-2026 12:50||NIFTY27JAN2626000CE,0.1148334293088965
20-01-2026 12:50||NIFTY27JAN2626200CE,0.1262438731887831
20-01-2026 12:55||NIFTY27JAN2624900PE,0.1219901254832413
20-01-2026 12:55||NIFTY27JAN2625400CE,0.1067693481936239
20-01-2026 13:00||NIFTY27JAN2623900PE,0.2016975226975889
20-01-2026 13:00||NIFTY27JAN2624200PE,0.1822242162841823
20-01-2026 13:00||NIFTY27JAN2625100PE,0.1159896947195734
20-01-2026 13:00||NIFTY27JAN2625800CE,0.1071929572184636
20-01-2026 13:00||NIFTY27JAN2625900CE,0.1100605643910915
20-01-2026 13:00||NIFTY27JAN2626400CE,0.141782817283422
20-01-2026 13:05||NIFTY27JAN2624200PE,0.1745355289647431
20-01-2026 13:05||NIFTY27JAN2624900PE,0.12092809196068
20-01-2026 13:05||NIFTY27JAN2625300CE,0.112205471455833
20-01-2026 13:05||NIFTY27JAN2625400CE,0.1115487069337679
20-01-2026 13:05||NIFTY27JAN2625600CE,0.1064890763011871
20-01-2026 13:05||NIFTY27JAN2626500CE,0.1501401512427181
20-01-2026 13:10||NIFTY27JAN2624000PE,0.1935834179130195
20-01-2026 13:10||NIFTY27JAN2624400PE,0.1563287135983867
20-01-2026 13:10||NIFTY27JAN2624700PE,0.1337015562345419
20-01-2026 13:10||NIFTY27JAN2625000PE,0.1175566444751714
20-01-2026 13:10||NIFTY27JAN2626000CE,0.114889430096319
20-01-2026 13:10||NIFTY27JAN2626400CE,0.1416714782686353
20-01-2026 13:15||NIFTY27JAN2623900PE,0.2358417912860467
20-01-2026 13:15||NIFTY27JAN2624600PE,0.1685842700353962
20-01-2026 13:15||NIFTY27JAN2624900PE,0.1511538819955224
20-01-2026 13:15||NIFTY27JAN2625000PE,0.1359309349055981
20-01-2026 13:15||NIFTY27JAN2625200CE,0.1154760633001511
20-01-2026 13:15||NIFTY27JAN2626000CE,0.1237948833865323
20-01-2026 13:15||NIFTY27JAN2626200CE,0.1334505402194649
20-01-2026 13:20||NIFTY27JAN2624200PE,0.191319225729575
20-01-2026 13:20||NIFTY27JAN2624600PE,0.1535848842311195
20-01-2026 13:20||NIFTY27JAN2625000PE,0.1171998363352871
20-01-2026 13:20||NIFTY27JAN2625700CE,0.1055054233360733
20-01-2026 13:20||NIFTY27JAN2626100CE,0.1200869678825197
20-01-2026 13:20||NIFTY27JAN2626200CE,0.1269061033064874
20-01-2026 13:25||NIFTY27JAN2623800PE,0.2224218872939398
20-01-2026 13:25||NIFTY27JAN2624100PE,0.1840676934376183
20-01-2026 13:25||NIFTY27JAN2624700PE,0.1335492674496965
20-01-2026 13:25||NIFTY27JAN2625000PE,0.122296150233951
20-01-2026 13:25||NIFTY27JAN2625800CE,0.1072078281078704
20-01-2026 13:30||NIFTY27JAN2624100PE,0.1832490399363914
20-01-2026 13:30||NIFTY27JAN2624700PE,0.1709179412151737
20-01-2026 13:30||NIFTY27JAN2624900PE,0.1540303929906181
20-01-2026 13:30||NIFTY27JAN2626000CE,0.1265192992668676
20-01-2026 13:35||NIFTY27JAN2625100PE,0.1269955466231349
20-01-2026 13:35||NIFTY27JAN2625800CE,0.1184051543393211
20-01-2026 13:40||NIFTY27JAN2623800PE,0.2112121985283025
20-01-2026 13:40||NIFTY27JAN2624600PE,0.1500520519010635
20-01-2026 13:40||NIFTY27JAN2625000PE,0.1214230980144946
20-01-2026 13:45||NIFTY27JAN2624000PE,0.2008025004856921
20-01-2026 13:45||NIFTY27JAN2624400PE,0.1635663067096891
20-01-2026 13:45||NIFTY27JAN2624600PE,0.1483173949427493
20-01-2026 13:50||NIFTY27JAN2624000PE,0.2011156002978916
20-01-2026 13:50||NIFTY27JAN2624100PE,0.1924564916055352
20-01-2026 13:50||NIFTY27JAN2624200PE,0.1753223621678533
20-01-2026 13:50||NIFTY27JAN2624300PE,0.1654181006320879
20-01-2026 13:50||NIFTY27JAN2624500PE,0.1485818342830642
20-01-2026 13:50||NIFTY27JAN2625200CE,0.1231019425909532
20-01-2026 13:50||NIFTY27JAN2625400CE,0.1131587491093515
20-01-2026 13:50||NIFTY27JAN2626000CE,0.1226239957589619
20-01-2026 13:50||NIFTY27JAN2626100CE,0.1278407167229696
20-01-2026 13:55||NIFTY27JAN2624400PE,0.1656672807540933
20-01-2026 13:55||NIFTY27JAN2625200CE,0.1235732570830593
20-01-2026 13:55||NIFTY27JAN2625400CE,0.1124453027529418
20-01-2026 13:55||NIFTY27JAN2625600CE,0.109262498575545
20-01-2026 14:00||NIFTY27JAN2624100PE,0.1911668978250751
20-01-2026 14:00||NIFTY27JAN2624200PE,0.1758270479774517
20-01-2026 14:00||NIFTY27JAN2624800PE,0.1281987345197912
20-01-2026 14:00||NIFTY27JAN2624900PE,0.1254773073689336
20-01-2026 14:00||NIFTY27JAN2625000PE,0.120553942281375
20-01-2026 14:00||NIFTY27JAN2625100PE,0.1148635306712209
20-01-2026 14:00||NIFTY27JAN2625200CE,0.1200354960898695
20-01-2026 14:00||NIFTY27JAN2626100CE,0.1271138493943082
20-01-2026 14:05||NIFTY27JAN2623800PE,0.2111132213046233
20-01-2026 14:05||NIFTY27JAN2625100PE,0.1153320259139517
20-01-2026 14:05||NIFTY27JAN2625200CE,0.1209733646819643
20-01-2026 14:05||NIFTY27JAN2626100CE,0.1275862672925042
20-01-2026 14:05||NIFTY27JAN2626400CE,0.1481025232331884
20-01-2026 14:10||NIFTY27JAN2624000PE,0.1954676718500701
20-01-2026 14:10||NIFTY27JAN2624200PE,0.1772782165899917
20-01-2026 14:10||NIFTY27JAN2624500PE,0.1515298731953255
20-01-2026 14:10||NIFTY27JAN2624900PE,0.125043846255017
20-01-2026 14:10||NIFTY27JAN2625000PE,0.1209238685752218
20-01-2026 14:10||NIFTY27JAN2625500CE,0.1115117463950652
20-01-2026 14:10||NIFTY27JAN2625700CE,0.1082154713471516
20-01-2026 14:10||NIFTY27JAN2626100CE,0.1271415142896459
20-01-2026 14:10||NIFTY27JAN2626200CE,0.1333587039938359
20-01-2026 14:10||NIFTY27JAN2626300CE,0.1405886704151293
20-01-2026 14:15||NIFTY27JAN2623800PE,0.2117265021925239
20-01-2026 14:15||NIFTY27JAN2624100PE,0.2090273955068348
20-01-2026 14:15||NIFTY27JAN2624500PE,0.1480391450933373
20-01-2026 14:15||NIFTY27JAN2624600PE,0.16040200315355
20-01-2026 14:15||NIFTY27JAN2624900PE,0.1312758032736399
20-01-2026 14:15||NIFTY27JAN2625200CE,0.1304621501782628
20-01-2026 14:15||NIFTY27JAN2625400CE,0.1174180223965883
20-01-2026 14:15||NIFTY27JAN2626000CE,0.1257204837733064
20-01-2026 14:15||NIFTY27JAN2626300CE,0.1400549128704857
20-01-2026 14:15||NIFTY27JAN2626500CE,0.1604900323162163
20-01-2026 14:20||NIFTY27JAN2625400CE,0.1081892237399259
20-01-2026 14:20||NIFTY27JAN2625700CE,0.1082864465492537
20-01-2026 14:20||NIFTY27JAN2626500CE,0.1557142303114668
20-01-2026 14:25||NIFTY27JAN2624100PE,0.2034661607972151
20-01-2026 14:25||NIFTY27JAN2624600PE,0.1642061752467417
20-01-2026 14:25||NIFTY27JAN2625400CE,0.1112133156798119
20-01-2026 14:25||NIFTY27JAN2625900CE,0.1158689700943699
20-01-2026 14:30||NIFTY27JAN2624000PE,0.239906730230654
20-01-2026 14:30||NIFTY27JAN2624600PE,0.1751229066364678
20-01-2026 14:30||NIFTY27JAN2625400CE,0.122668962342884
20-01-2026 14:30||NIFTY27JAN2625500CE,0.1046097609770265
20-01-2026 14:30||NIFTY27JAN2625800CE,0.1200043333867059
20-01-2026 14:30||NIFTY27JAN2626000CE,0.1293704457739511
20-01-2026 14:30||NIFTY27JAN2626400CE,0.1572995207443202
20-01-2026 14:30||NIFTY27JAN2626500CE,0.1648742689076336
20-01-2026 14:35||NIFTY27JAN2624600PE,0.1558128645880591
20-01-2026 14:35||NIFTY27JAN2624800PE,0.1285537209348435
20-01-2026 14:35||NIFTY27JAN2625600CE,0.1085572628581579
20-01-2026 14:35||NIFTY27JAN2626000CE,0.1209940811087855
20-01-2026 14:35||NIFTY27JAN2626300CE,0.1394670981152683
20-01-2026 14:40||NIFTY27JAN2623800PE,0.2108761957405593
20-01-2026 14:40||NIFTY27JAN2625200CE,0.1210899183295137
20-01-2026 14:40||NIFTY27JAN2625500CE,0.1120539717291906
20-01-2026 14:45||NIFTY27JAN2624600PE,0.1447927709367376
20-01-2026 14:45||NIFTY27JAN2625500CE,0.1051030032381861
20-01-2026 14:45||NIFTY27JAN2626000CE,0.1210884645576508
20-01-2026 14:45||NIFTY27JAN2626100CE,0.1260599305291388
20-01-2026 14:50||NIFTY27JAN2624000PE,0.199125870864845
20-01-2026 14:50||NIFTY27JAN2624200PE,0.178879178176712
20-01-2026 14:50||NIFTY27JAN2624900PE,0.1260755705578968
20-01-2026 14:50||NIFTY27JAN2625100PE,0.1170693965716492
20-01-2026 14:50||NIFTY27JAN2625500CE,0.1062628772828365
20-01-2026 14:50||NIFTY27JAN2625900CE,0.1164651997422504
20-01-2026 14:55||NIFTY27JAN2623900PE,0.233398733737192
20-01-2026 14:55||NIFTY27JAN2624000PE,0.2215496787745245
20-01-2026 14:55||NIFTY27JAN2624100PE,0.210881649514494
20-01-2026 14:55||NIFTY27JAN2626000CE,0.127093862396389
20-01-2026 15:00||NIFTY27JAN2624800PE,0.1400633276510038
20-01-2026 15:00||NIFTY27JAN2625600CE,0.1109467881662789
20-01-2026 15:00||NIFTY27JAN2626100CE,0.1387986309589787
20-01-2026 15:00||NIFTY27JAN2626200CE,0.1469009095683262
20-01-2026 15:00||NIFTY27JAN2626400CE,0.16172252870551
20-01-2026 15:05||NIFTY27JAN2623900PE,0.2180891665930164
20-01-2026 15:05||NIFTY27JAN2624300PE,0.1773290771708767
20-01-2026 15:05||NIFTY27JAN2625000PE,0.117017740096245
20-01-2026 15:05||NIFTY27JAN2625200CE,0.1230297251085874
20-01-2026 15:05||NIFTY27JAN2626100CE,0.1397256506404958
20-01-2026 15:05||NIFTY27JAN2626200CE,0.1476849895981124
20-01-2026 15:10||NIFTY27JAN2624300PE,0.1790198632019122
20-01-2026 15:10||NIFTY27JAN2625100PE,0.1147761559939788
20-01-2026 15:10||NIFTY27JAN2625300CE,0.1094902224613999
20-01-2026 15:10||NIFTY27JAN2625400CE,0.112436282063084
20-01-2026 15:10||NIFTY27JAN2625900CE,0.1295001538008898
20-01-2026 15:10||NIFTY27JAN2626100CE,0.1449622865875502
20-01-2026 15:15||NIFTY27JAN2624000PE,0.2111549336246742
20-01-2026 15:15||NIFTY27JAN2624200PE,0.1868805219747582
20-01-2026 15:15||NIFTY27JAN2624500PE,0.1497084373753154
20-01-2026 15:15||NIFTY27JAN2624800PE,0.1207759850580865
20-01-2026 15:15||NIFTY27JAN2625000PE,0.1074662869513674
20-01-2026 15:15||NIFTY27JAN2625100PE,0.1023350193111677
20-01-2026 15:15||NIFTY27JAN2625700CE,0.1062705315362242
20-01-2026 15:15||NIFTY27JAN2625900CE,0.1356808786312839
20-01-2026 15:15||NIFTY27JAN2626000CE,0.1362883469557373
20-01-2026 15:15||NIFTY27JAN2626200CE,0.1585912181721592
20-01-2026 15:20||NIFTY27JAN2623800PE,0.2335848980909826
20-01-2026 15:20||NIFTY27JAN2624200PE,0.1845113339752301
20-01-2026 15:20||NIFTY27JAN2624500PE,0.1471011724745228
20-01-2026 15:20||NIFTY27JAN2625500CE,0.1072837385983289
20-01-2026 15:20||NIFTY27JAN2625700CE,0.122283899974189
20-01-2026 15:20||NIFTY27JAN2626400CE,0.186397573275144
20-01-2026 15:25||NIFTY27JAN2623800PE,0.2255301268205144
20-01-2026 15:25||NIFTY27JAN2625100PE,0.1104513171828217
20-01-2026 15:25||NIFTY27JAN2625200CE,0.1236012221411048
20-01-2026 15:25||NIFTY27JAN2625300CE,0.1194906410495438
20-01-2026 15:25||NIFTY27JAN2625900CE,0.1317807678594599
20-01-2026 15:25||NIFTY27JAN2626200CE,0.1538417999775042
21-01-2026 09:15||NIFTY27JAN2625200CE,0.1356500423635807
21-01-2026 09:15||NIFTY27JAN2625400CE,0.1250437472534585
21-01-2026 09:15||NIFTY27JAN2625900CE,0.1401447582169245
21-01-2026 09:15||NIFTY27JAN2626200CE,0.1723752598906637
21-01-2026 09:20||NIFTY27JAN2623900PE,0.2245952087046157
21-01-2026 09:20||NIFTY27JAN2624300PE,0.1729203654344602
21-01-2026 09:20||NIFTY27JAN2624400PE,0.1658360946395775
21-01-2026 09:25||NIFTY27JAN2624000PE,0.2102620591518244
21-01-2026 09:25||NIFTY27JAN2624300PE,0.178832755332049
21-01-2026 09:25||NIFTY27JAN2624400PE,0.167896717782943
21-01-2026 09:25||NIFTY27JAN2625100PE,0.1165158067757037
21-01-2026 09:25||NIFTY27JAN2625300CE,0.1120673429478665
21-01-2026 09:25||NIFTY27JAN2625600CE,0.1130891872640612
21-01-2026 09:25||NIFTY27JAN2625800CE,0.1183919370486481
21-01-2026 09:30||NIFTY27JAN2623800PE,0.2343456417203012
21-01-2026 09:30||NIFTY27JAN2623900PE,0.2214667905933894
21-01-2026 09:30||NIFTY27JAN2624000PE,0.2097238660104227
21-01-2026 09:30||NIFTY27JAN2624400PE,0.1684472731825188
21-01-2026 09:30||NIFTY27JAN2625300CE,0.113385870993975
21-01-2026 09:30||NIFTY27JAN2625700CE,0.120204382927582
21-01-2026 09:35||NIFTY27JAN2623900PE,0.2214202981491621
21-01-2026 09:35||NIFTY27JAN2624200PE,0.1918151583044765
21-01-2026 09:35||NIFTY27JAN2625200CE,0.1181055253438238
21-01-2026 09:35||NIFTY27JAN2625300CE,0.1125830738580388
21-01-2026 09:35||NIFTY27JAN2625600CE,0.1187627844448731
21-01-2026 09:35||NIFTY27JAN2626200CE,0.1577996363760417
21-01-2026 09:40||NIFTY27JAN2624400PE,0.1602848482016916
21-01-2026 09:40||NIFTY27JAN2625100PE,0.1095991176615936
21-01-2026 09:40||NIFTY27JAN2625200CE,0.1215570385446865
21-01-2026 09:40||NIFTY27JAN2625900CE,0.1341104389437011
21-01-2026 09:40||NIFTY27JAN2626300CE,0.1728929182970105
21-01-2026 09:40||NIFTY27JAN2626400CE,0.1742370912062589
21-01-2026 09:45||NIFTY27JAN2623800PE,0.2288202399833311
21-01-2026 09:45||NIFTY27JAN2624100PE,0.1964719125661654
21-01-2026 09:45||NIFTY27JAN2624400PE,0.1602432880208216
21-01-2026 09:45||NIFTY27JAN2625200CE,0.1201247031036257
21-01-2026 09:45||NIFTY27JAN2625600CE,0.1187531296715793
21-01-2026 09:45||NIFTY27JAN2626000CE,0.1386199200332602
21-01-2026 09:45||NIFTY27JAN2626300CE,0.1730195751493122
21-01-2026 09:50||NIFTY27JAN2624700PE,0.1344803666875909
21-01-2026 09:50||NIFTY27JAN2624900PE,0.1211200597668803
21-01-2026 09:50||NIFTY27JAN2625400CE,0.1294691105175502
21-01-2026 09:50||NIFTY27JAN2625600CE,0.1257150893523445
21-01-2026 09:50||NIFTY27JAN2625800CE,0.1301248155945204
21-01-2026 09:55||NIFTY27JAN2624100PE,0.2014816967903958
21-01-2026 09:55||NIFTY27JAN2624200PE,0.1915617549215462
21-01-2026 09:55||NIFTY27JAN2624400PE,0.1728663074227757
21-01-2026 09:55||NIFTY27JAN2624800PE,0.1418145769504742
21-01-2026 09:55||NIFTY27JAN2625400CE,0.1156337963460409
21-01-2026 09:55||NIFTY27JAN2626000CE,0.1397942081586142
21-01-2026 09:55||NIFTY27JAN2626100CE,0.1529872441318374
21-01-2026 09:55||NIFTY27JAN2626200CE,0.1543701476964367
21-01-2026 09:55||NIFTY27JAN2626500CE,0.1774121155072863
21-01-2026 10:00||NIFTY27JAN2624000PE,0.2143579030779926
21-01-2026 10:00||NIFTY27JAN2625000PE,0.1260549844845622
21-01-2026 10:00||NIFTY27JAN2625300CE,0.1210494521632547
21-01-2026 10:00||NIFTY27JAN2625400CE,0.1204470324507838
21-01-2026 10:00||NIFTY27JAN2626500CE,0.1760457194467935
21-01-2026 10:05||NIFTY27JAN2625200CE,0.1537741410029512
21-01-2026 10:05||NIFTY27JAN2625600CE,0.1641137283114945
21-01-2026 10:05||NIFTY27JAN2625700CE,0.1846734726262388
21-01-2026 10:05||NIFTY27JAN2625800CE,0.1288458270875947
21-01-2026 10:10||NIFTY27JAN2624000PE,0.2786712760247508
21-01-2026 10:10||NIFTY27JAN2624400PE,0.2619285787310309
21-01-2026 10:10||NIFTY27JAN2625800CE,0.1733895430658996
21-01-2026 10:10||NIFTY27JAN2626100CE,0.2139774628256589
21-01-2026 10:15||NIFTY27JAN2624000PE,0.2076768972488284
21-01-2026 10:15||NIFTY27JAN2624200PE,0.2366127950542714
21-01-2026 10:15||NIFTY27JAN2624500PE,0.1614745312536277
21-01-2026 10:15||NIFTY27JAN2624600PE,0.153311204516829
21-01-2026 10:15||NIFTY27JAN2625500CE,0.118799965717534
21-01-2026 10:15||NIFTY27JAN2626100CE,0.2493792675104941
21-01-2026 10:20||NIFTY27JAN2625700CE,0.2011982818911649
21-01-2026 10:25||NIFTY27JAN2624300PE,0.6299785718290367
21-01-2026 10:25||NIFTY27JAN2625000PE,0.3371205959549464
21-01-2026 10:25||NIFTY27JAN2625700CE,0.5095355913670105
21-01-2026 10:25||NIFTY27JAN2626200CE,0.8444747087726616
21-01-2026 10:30||NIFTY27JAN2624200PE,0.2617255542603279
21-01-2026 10:30||NIFTY27JAN2624700PE,0.1703026452837375
21-01-2026 10:30||NIFTY27JAN2624800PE,0.1589455029549191
21-01-2026 10:30||NIFTY27JAN2625200CE,0.194669557130084
21-01-2026 10:30||NIFTY27JAN2625900CE,0.3024562802865194
21-01-2026 10:30||NIFTY27JAN2626300CE,0.2971578489590258
21-01-2026 10:30||NIFTY27JAN2626400CE,0.4138883638366978
21-01-2026 10:35||NIFTY27JAN2624400PE,0.2563315442901696
21-01-2026 10:35||NIFTY27JAN2625100PE,0.1784364223067383
21-01-2026 10:35||NIFTY27JAN2625500CE,0.1219338151011101
21-01-2026 10:35||NIFTY27JAN2625600CE,0.1308106701384747
21-01-2026 10:35||NIFTY27JAN2625800CE,0.2447104030262738
21-01-2026 10:35||NIFTY27JAN2625900CE,0.1979284855725561
21-01-2026 10:40||NIFTY27JAN2624200PE,0.2762742354590177
21-01-2026 10:40||NIFTY27JAN2624800PE,0.1791327864866313
21-01-2026 10:40||NIFTY27JAN2625200CE,0.1662101681926547
21-01-2026 10:40||NIFTY27JAN2625400CE,0.1796087056121537
21-01-2026 10:40||NIFTY27JAN2626300CE,0.6302209262167655
21-01-2026 10:45||NIFTY27JAN2624700PE,0.2877332876111547
21-01-2026 10:45||NIFTY27JAN2624800PE,0.2618941490734525
21-01-2026 10:45||NIFTY27JAN2625700CE,0.3668595465860075
21-01-2026 10:45||NIFTY27JAN2626400CE,0.7570604176277316
21-01-2026 10:45||NIFTY27JAN2626500CE,0.772899566707358
21-01-2026 10:50||NIFTY27JAN2624100PE,0.5436704106854546
21-01-2026 10:50||NIFTY27JAN2624300PE,0.4738970490522656
21-01-2026 10:50||NIFTY27JAN2624400PE,0.4245072987027982
21-01-2026 10:50||NIFTY27JAN2624500PE,0.3773568644800276
21-01-2026 10:50||NIFTY27JAN2625400CE,0.2887693727372947
21-01-2026 10:50||NIFTY27JAN2625700CE,0.372064450256638
21-01-2026 10:50||NIFTY27JAN2625900CE,0.595045308091275
21-01-2026 10:50||NIFTY27JAN2626400CE,0.8240525395717704
21-01-2026 10:55||NIFTY27JAN2623900PE,0.523147896436783
21-01-2026 10:55||NIFTY27JAN2624300PE,0.4205265917823187
21-01-2026 10:55||NIFTY27JAN2624800PE,0.3014053389478657
21-01-2026 10:55||NIFTY27JAN2625000PE,0.2695166206724015
21-01-2026 10:55||NIFTY27JAN2625100PE,0.2004859112823941
21-01-2026 10:55||NIFTY27JAN2625300CE,0.3464931126475309
21-01-2026 10:55||NIFTY27JAN2625900CE,0.4930632552353033
21-01-2026 10:55||NIFTY27JAN2626200CE,0.7034860454391895
21-01-2026 11:00||NIFTY27JAN2624000PE,0.6133256619117747
21-01-2026 11:00||NIFTY27JAN2624300PE,0.4814815676999111
21-01-2026 11:00||NIFTY27JAN2624600PE,0.3220806973300693
21-01-2026 11:00||NIFTY27JAN2624800PE,0.3008126818180443
21-01-2026 11:00||NIFTY27JAN2625100PE,0.3003580664608432
21-01-2026 11:00||NIFTY27JAN2625300CE,0.2363262406616467
21-01-2026 11:05||NIFTY27JAN2624000PE,0.6656856586760119
21-01-2026 11:05||NIFTY27JAN2624100PE,0.5575409312628509
21-01-2026 11:05||NIFTY27JAN2624400PE,0.4216962562956815
21-01-2026 11:05||NIFTY27JAN2625000PE,0.2805645689675693
21-01-2026 11:05||NIFTY27JAN2625200CE,0.2912406526862173
21-01-2026 11:10||NIFTY27JAN2624800PE,0.3045855626036648
21-01-2026 11:10||NIFTY27JAN2625200CE,0.3672231557279761
21-01-2026 11:10||NIFTY27JAN2625300CE,0.367995938439598
21-01-2026 11:10||NIFTY27JAN2625500CE,0.4151119540075974
21-01-2026 11:10||NIFTY27JAN2625900CE,0.6184951411924178
21-01-2026 11:10||NIFTY27JAN2626100CE,0.728550129694226
21-01-2026 11:15||NIFTY27JAN2624300PE,0.2087530756959671
21-01-2026 11:15||NIFTY27JAN2625100PE,0.1399844619696122
21-01-2026 11:15||NIFTY27JAN2625400CE,0.153225920886077
21-01-2026 11:20||NIFTY27JAN2623900PE,0.2097330331827638
21-01-2026 11:20||NIFTY27JAN2625800CE,0.1462388735305953
21-01-2026 11:20||NIFTY27JAN2626000CE,0.1685424629477986
21-01-2026 11:20||NIFTY27JAN2626100CE,0.1789807818938533
21-01-2026 11:20||NIFTY27JAN2626400CE,0.2088077010452577
21-01-2026 11:20||NIFTY27JAN2626500CE,0.2213903271676465
21-01-2026 11:25||NIFTY27JAN2624600PE,0.1715252947886055
21-01-2026 11:25||NIFTY27JAN2624800PE,0.1838738442758288
21-01-2026 11:30||NIFTY27JAN2623900PE,0.4034886178683092
21-01-2026 11:30||NIFTY27JAN2624000PE,0.2440276453496761
21-01-2026 11:30||NIFTY27JAN2624100PE,0.270251443589572
21-01-2026 11:30||NIFTY27JAN2624400PE,0.2161279366761961
21-01-2026 11:30||NIFTY27JAN2625400CE,0.1986767485991586
21-01-2026 11:30||NIFTY27JAN2625800CE,0.2154629879257157
21-01-2026 11:30||NIFTY27JAN2626000CE,0.2412073038900853
21-01-2026 11:30||NIFTY27JAN2626500CE,0.3210085529122773
21-01-2026 11:35||NIFTY27JAN2623900PE,0.2529823408886608
21-01-2026 11:35||NIFTY27JAN2624600PE,0.1826002969720082
21-01-2026 11:35||NIFTY27JAN2626100CE,0.2250077042517347
21-01-2026 11:35||NIFTY27JAN2626300CE,0.2386040457816282
21-01-2026 11:40||NIFTY27JAN2624800PE,0.1666296828475744
21-01-2026 11:40||NIFTY27JAN2625100PE,0.1418805841580811
21-01-2026 11:40||NIFTY27JAN2625200CE,0.1590735228584471
21-01-2026 11:40||NIFTY27JAN2625700CE,0.1976346219699115
21-01-2026 11:45||NIFTY27JAN2624600PE,0.2383957176909784
21-01-2026 11:45||NIFTY27JAN2625100PE,0.1443335092683548
21-01-2026 11:45||NIFTY27JAN2625200CE,0.1682636143908683
21-01-2026 11:45||NIFTY27JAN2625400CE,0.1882374192598191
21-01-2026 11:50||NIFTY27JAN2624000PE,0.1968733054667553
21-01-2026 11:50||NIFTY27JAN2624100PE,0.1837436078272841
21-01-2026 11:50||NIFTY27JAN2624300PE,0.1574927640608156
21-01-2026 11:55||NIFTY27JAN2624000PE,0.2903897549823175
21-01-2026 11:55||NIFTY27JAN2624600PE,0.1275125428394131
21-01-2026 11:55||NIFTY27JAN2624700PE,0.1580425764337175
21-01-2026 11:55||NIFTY27JAN2624900PE,0.1355143683369003
21-01-2026 12:00||NIFTY27JAN2624100PE,0.3479679182531507
21-01-2026 12:00||NIFTY27JAN2624200PE,0.3217856893247578
21-01-2026 12:00||NIFTY27JAN2624700PE,0.3616070542312891
21-01-2026 12:00||NIFTY27JAN2624800PE,0.1869219070716347
21-01-2026 12:00||NIFTY27JAN2625600CE,0.4205007773972446
21-01-2026 12:00||NIFTY27JAN2625900CE,0.2421715487237953
21-01-2026 12:05||NIFTY27JAN2623800PE,0.8718017010816831
21-01-2026 12:05||NIFTY27JAN2624100PE,0.7681440083089691
21-01-2026 12:05||NIFTY27JAN2625500CE,0.3508332905626695
21-01-2026 12:05||NIFTY27JAN2626200CE,0.8093930181661477
21-01-2026 12:10||NIFTY27JAN2624100PE,0.8175682139365831
21-01-2026 12:10||NIFTY27JAN2624200PE,0.6396710455562695
21-01-2026 12:10||NIFTY27JAN2625000PE,0.3757273101712745
21-01-2026 12:10||NIFTY27JAN2625900CE,0.5461186379792642
21-01-2026 12:10||NIFTY27JAN2626500CE,0.8757509628902735
21-01-2026 12:15||NIFTY27JAN2623800PE,0.5750749102474212
21-01-2026 12:15||NIFTY27JAN2624200PE,0.450834327826571
21-01-2026 12:15||NIFTY27JAN2625400CE,0.2449597750932103
21-01-2026 12:15||NIFTY27JAN2625700CE,0.28205612825117
21-01-2026 12:20||NIFTY27JAN2624200PE,0.3020168354099538
21-01-2026 12:20||NIFTY27JAN2625000PE,0.2256241254779675
21-01-2026 12:20||NIFTY27JAN2625400CE,0.1546041931499608
21-01-2026 12:20||NIFTY27JAN2625600CE,0.2024252055083174
21-01-2026 12:20||NIFTY27JAN2625700CE,0.308367300225509
21-01-2026 12:20||NIFTY27JAN2626300CE,0.2410724417143664
21-01-2026 12:25||NIFTY27JAN2624000PE,0.3756384899222731
21-01-2026 12:25||NIFTY27JAN2624500PE,0.2154208883629981
21-01-2026 12:25||NIFTY27JAN2624600PE,0.1505492561936335
21-01-2026 12:25||NIFTY27JAN2624700PE,0.2270471875043071
21-01-2026 12:25||NIFTY27JAN2625700CE,0.2489452856024982
21-01-2026 12:25||NIFTY27JAN2626500CE,0.3576666438745091
21-01-2026 12:30||NIFTY27JAN2624100PE,0.1959741700994144
21-01-2026 12:30||NIFTY27JAN2624200PE,0.1863933747711412
21-01-2026 12:30||NIFTY27JAN2625300CE,0.1157213007319724
21-01-2026 12:30||NIFTY27JAN2625800CE,0.1249352886676841
21-01-2026 12:35||NIFTY27JAN2624000PE,0.207241863790182
21-01-2026 12:35||NIFTY27JAN2624100PE,0.1956257981043391
21-01-2026 12:35||NIFTY27JAN2625600CE,0.1080575722396316
21-01-2026 12:35||NIFTY27JAN2626400CE,0.1885450887623461
21-01-2026 12:40||NIFTY27JAN2624500PE,0.1734659321577702
21-01-2026 12:40||NIFTY27JAN2624700PE,0.1591761451566492
21-01-2026 12:40||NIFTY27JAN2624800PE,0.1385002741244311
21-01-2026 12:40||NIFTY27JAN2625200CE,0.1252699546512944
21-01-2026 12:40||NIFTY27JAN2625400CE,0.1149603423095352
21-01-2026 12:40||NIFTY27JAN2625900CE,0.1308549249465725
21-01-2026 12:45||NIFTY27JAN2623800PE,0.2419430961432457
21-01-2026 12:45||NIFTY27JAN2624400PE,0.1703160088545306
21-01-2026 12:45||NIFTY27JAN2625300CE,0.1113822008836989
21-01-2026 12:45||NIFTY27JAN2625800CE,0.1176731782091101
21-01-2026 12:45||NIFTY27JAN2626200CE,0.1532688670298768
21-01-2026 12:50||NIFTY27JAN2623800PE,0.2406740600851522
21-01-2026 12:50||NIFTY27JAN2624100PE,0.2061450112923917
21-01-2026 12:50||NIFTY27JAN2625200CE,0.139336597493589
21-01-2026 12:50||NIFTY27JAN2625500CE,0.1076377836612167
21-01-2026 12:50||NIFTY27JAN2625600CE,0.1156803658486041
21-01-2026 12:55||NIFTY27JAN2625300CE,0.1177475991291711
21-01-2026 12:55||NIFTY27JAN2625400CE,0.1062437138036433
21-01-2026 12:55||NIFTY27JAN2625600CE,0.1037407784516494
21-01-2026 12:55||NIFTY27JAN2625700CE,0.1062862692385808
21-01-2026 12:55||NIFTY27JAN2625800CE,0.1115192570343328
21-01-2026 12:55||NIFTY27JAN2625900CE,0.1196108563432136
21-01-2026 12:55||NIFTY27JAN2626500CE,0.1790998492725202
21-01-2026 13:00||NIFTY27JAN2624600PE,0.1552790598740052
21-01-2026 13:00||NIFTY27JAN2624700PE,0.144613994572717
21-01-2026 13:00||NIFTY27JAN2626100CE,0.1390485365705007
21-01-2026 13:05||NIFTY27JAN2623800PE,0.2310005230991819
21-01-2026 13:05||NIFTY27JAN2623900PE,0.2162306639900134
21-01-2026 13:05||NIFTY27JAN2624100PE,0.1982432350922443
21-01-2026 13:05||NIFTY27JAN2625600CE,0.1115057707162801
21-01-2026 13:05||NIFTY27JAN2626300CE,0.1551517199926014
21-01-2026 13:05||NIFTY27JAN2626400CE,0.1626103311288531
21-01-2026 13:10||NIFTY27JAN2625800CE,0.1299685845049063
21-01-2026 13:10||NIFTY27JAN2626200CE,0.1614607854035379
21-01-2026 13:15||NIFTY27JAN2624400PE,0.1760725891100939
21-01-2026 13:15||NIFTY27JAN2625400CE,0.1221514587136837
21-01-2026 13:15||NIFTY27JAN2625800CE,0.1293561852114907
21-01-2026 13:20||NIFTY27JAN2623800PE,0.2391972396404281
21-01-2026 13:20||NIFTY27JAN2623900PE,0.229166735221359
21-01-2026 13:20||NIFTY27JAN2624600PE,0.1621707194453437
21-01-2026 13:20||NIFTY27JAN2624800PE,0.1374504109028231
21-01-2026 13:20||NIFTY27JAN2625400CE,0.1130322244294784
21-01-2026 13:20||NIFTY27JAN2626200CE,0.1525387281726751
21-01-2026 13:25||NIFTY27JAN2624200PE,0.1840614630497092
21-01-2026 13:25||NIFTY27JAN2624300PE,0.1711726237808826
21-01-2026 13:25||NIFTY27JAN2624900PE,0.1078336520400492
21-01-2026 13:25||NIFTY27JAN2625000PE,0.1008846791200406
21-01-2026 13:25||NIFTY27JAN2625200CE,0.1140627245950627
21-01-2026 13:25||NIFTY27JAN2625700CE,0.1138648127904253
21-01-2026 13:25||NIFTY27JAN2626000CE,0.1431900905737952
21-01-2026 13:25||NIFTY27JAN2626300CE,0.1748472846835447
21-01-2026 13:30||NIFTY27JAN2624000PE,0.2075106655281836
21-01-2026 13:30||NIFTY27JAN2624400PE,0.1633880179971982
21-01-2026 13:30||NIFTY27JAN2625200CE,0.1195925974248966
21-01-2026 13:30||NIFTY27JAN2625300CE,0.1176910063268421
21-01-2026 13:30||NIFTY27JAN2625800CE,0.1301584755463371
21-01-2026 13:30||NIFTY27JAN2626200CE,0.1615526417073773
21-01-2026 13:30||NIFTY27JAN2626300CE,0.1706298993661095
21-01-2026 13:35||NIFTY27JAN2623800PE,0.2312930448639615
21-01-2026 13:35||NIFTY27JAN2624000PE,0.2068452997114895
21-01-2026 13:35||NIFTY27JAN2624700PE,0.1423923304970938
21-01-2026 13:35||NIFTY27JAN2624800PE,0.1347808934074569
21-01-2026 13:35||NIFTY27JAN2625800CE,0.1312860832465481
21-01-2026 13:35||NIFTY27JAN2626300CE,0.1655012885646609
21-01-2026 13:40||NIFTY27JAN2624600PE,0.144850110392352
21-01-2026 13:40||NIFTY27JAN2624800PE,0.1160131463600773
21-01-2026 13:40||NIFTY27JAN2625300CE,0.1173453263498242
21-01-2026 13:40||NIFTY27JAN2625800CE,0.124830600800005
21-01-2026 13:40||NIFTY27JAN2626200CE,0.1609548192526971
21-01-2026 13:45||NIFTY27JAN2624800PE,0.115567711560485
21-01-2026 13:45||NIFTY27JAN2625400CE,0.1163131021802431
21-01-2026 13:45||NIFTY27JAN2625900CE,0.1333324578260201
21-01-2026 13:50||NIFTY27JAN2625100PE,0.1224824260225832
21-01-2026 13:50||NIFTY27JAN2626100CE,0.1510340618927751
21-01-2026 13:55||NIFTY27JAN2624300PE,0.2915154617714955
21-01-2026 13:55||NIFTY27JAN2624400PE,0.2703797912855893
21-01-2026 13:55||NIFTY27JAN2625500CE,0.1675941340853715
21-01-2026 13:55||NIFTY27JAN2625700CE,0.3231729678885109
21-01-2026 14:00||NIFTY27JAN2623800PE,0.2286541933779467
21-01-2026 14:00||NIFTY27JAN2624200PE,0.2082177355071288
21-01-2026 14:00||NIFTY27JAN2624600PE,0.1647480224791636
21-01-2026 14:00||NIFTY27JAN2625000PE,0.1387743124231238
21-01-2026 14:00||NIFTY27JAN2625200CE,0.1468021662703513
21-01-2026 14:05||NIFTY27JAN2624500PE,0.1531753695056086
21-01-2026 14:05||NIFTY27JAN2625000PE,0.1260286955581888
21-01-2026 14:05||NIFTY27JAN2625400CE,0.1203783444217126
21-01-2026 14:05||NIFTY27JAN2626100CE,0.1464368881607586
21-01-2026 14:05||NIFTY27JAN2626500CE,0.1760432707697669
21-01-2026 14:10||NIFTY27JAN2624000PE,0.232430896414828
21-01-2026 14:10||NIFTY27JAN2624100PE,0.2425269132705969
21-01-2026 14:10||NIFTY27JAN2624400PE,0.2176067345851118
21-01-2026 14:10||NIFTY27JAN2624500PE,0.1879412979548276
21-01-2026 14:10||NIFTY27JAN2625000PE,0.1712001434147744
21-01-2026 14:10||NIFTY27JAN2625200CE,0.2097187205618264
21-01-2026 14:10||NIFTY27JAN2626000CE,0.1797070971882298
21-01-2026 14:10||NIFTY27JAN2626400CE,0.2231911748187034
21-01-2026 14:10||NIFTY27JAN2626500CE,0.2344786523907761
21-01-2026 14:15||NIFTY27JAN2624700PE,0.1677933242699617
21-01-2026 14:15||NIFTY27JAN2625400CE,0.15039973709857
21-01-2026 14:15||NIFTY27JAN2625800CE,0.1567827166811451
21-01-2026 14:15||NIFTY27JAN2626100CE,0.1950931692419246
21-01-2026 14:20||NIFTY27JAN2624000PE,0.2044178968401263
21-01-2026 14:20||NIFTY27JAN2624300PE,0.1749394475260405
21-01-2026 14:20||NIFTY27JAN2624700PE,0.1388901826954659
21-01-2026 14:20||NIFTY27JAN2625200CE,0.1205740499071414
21-01-2026 14:20||NIFTY27JAN2625600CE,0.1184195788526715
21-01-2026 14:20||NIFTY27JAN2626100CE,0.1530457537662577
21-01-2026 14:20||NIFTY27JAN2626500CE,0.1771336734751378
21-01-2026 14:25||NIFTY27JAN2623900PE,0.211960588200304
21-01-2026 14:25||NIFTY27JAN2624800PE,0.1572775300967146
21-01-2026 14:25||NIFTY27JAN2624900PE,0.1263819456133517
21-01-2026 14:25||NIFTY27JAN2625100PE,0.1391253178235245
21-01-2026 14:25||NIFTY27JAN2626500CE,0.1792255675319407
21-01-2026 14:30||NIFTY27JAN2624500PE,0.3445402687059508
21-01-2026 14:30||NIFTY27JAN2624600PE,0.313822227654782
21-01-2026 14:30||NIFTY27JAN2624800PE,0.2712474280424252
21-01-2026 14:30||NIFTY27JAN2625200CE,0.2625421656647357
21-01-2026 14:30||NIFTY27JAN2625300CE,0.2491587318852743
21-01-2026 14:30||NIFTY27JAN2626300CE,0.4881248868908946
21-01-2026 14:35||NIFTY27JAN2624200PE,0.1858680681403234
21-01-2026 14:35||NIFTY27JAN2624700PE,0.1431191781574597
21-01-2026 14:35||NIFTY27JAN2624800PE,0.1339111123885664
21-01-2026 14:35||NIFTY27JAN2625100PE,0.1188271441265067
21-01-2026 14:35||NIFTY27JAN2625200CE,0.1199538672869113
21-01-2026 14:35||NIFTY27JAN2625800CE,0.1270411351656791
21-01-2026 14:35||NIFTY27JAN2626100CE,0.2013709484981594
21-01-2026 14:40||NIFTY27JAN2624000PE,0.2096640960895322
21-01-2026 14:40||NIFTY27JAN2624200PE,0.1879761264494197
21-01-2026 14:40||NIFTY27JAN2624500PE,0.15898124629053
21-01-2026 14:40||NIFTY27JAN2624600PE,0.1523361642604693
21-01-2026 14:40||NIFTY27JAN2624700PE,0.1443856785449611
21-01-2026 14:40||NIFTY27JAN2625100PE,0.1200298687610906
21-01-2026 14:40||NIFTY27JAN2625200CE,0.1257786413436618
21-01-2026 14:40||NIFTY27JAN2625400CE,0.1223240167030271
21-01-2026 14:40||NIFTY27JAN2625800CE,0.1267600136436596
21-01-2026 14:40||NIFTY27JAN2626200CE,0.1536965096321375
21-01-2026 14:45||NIFTY27JAN2624500PE,0.1591726908306742
21-01-2026 14:45||NIFTY27JAN2625400CE,0.1181712715345447
21-01-2026 14:45||NIFTY27JAN2625900CE,0.1316151227101353
21-01-2026 14:45||NIFTY27JAN2626100CE,0.144373505399227
21-01-2026 14:50||NIFTY27JAN2623900PE,0.2214941585150995
21-01-2026 14:50||NIFTY27JAN2624900PE,0.1307426476393167
21-01-2026 14:50||NIFTY27JAN2625200CE,0.1366796386750473
21-01-2026 14:50||NIFTY27JAN2625300CE,0.1163753207546542
21-01-2026 14:50||NIFTY27JAN2625500CE,0.1261866558102411
21-01-2026 14:50||NIFTY27JAN2625800CE,0.1252754858545311
21-01-2026 14:50||NIFTY27JAN2626300CE,0.1629358944484381
21-01-2026 14:55||NIFTY27JAN2624200PE,0.18824428503576
21-01-2026 14:55||NIFTY27JAN2625300CE,0.1209849084216827
21-01-2026 14:55||NIFTY27JAN2625700CE,0.1252257320698388
21-01-2026 14:55||NIFTY27JAN2626100CE,0.1447748663931997
21-01-2026 15:00||NIFTY27JAN2623900PE,0.3759420461734598
21-01-2026 15:00||NIFTY27JAN2624100PE,0.3344024484494223
21-01-2026 15:00||NIFTY27JAN2624500PE,0.2357824628983443
21-01-2026 15:00||NIFTY27JAN2624800PE,0.2075140533213478
21-01-2026 15:00||NIFTY27JAN2625000PE,0.1991990322550625
21-01-2026 15:00||NIFTY27JAN2625200CE,0.1512642603232273
21-01-2026 15:00||NIFTY27JAN2625300CE,0.1534999500945689
21-01-2026 15:00||NIFTY27JAN2625600CE,0.1797176581935957
21-01-2026 15:00||NIFTY27JAN2626400CE,0.1679933934822914
21-01-2026 15:05||NIFTY27JAN2624300PE,0.1775518529746406
21-01-2026 15:05||NIFTY27JAN2625100PE,0.1075912985059601
21-01-2026 15:05||NIFTY27JAN2626200CE,0.1810742772359578
21-01-2026 15:10||NIFTY27JAN2624300PE,0.2126984442934654
21-01-2026 15:10||NIFTY27JAN2624500PE,0.2340586637050239
21-01-2026 15:10||NIFTY27JAN2624600PE,0.2114138416533469
21-01-2026 15:10||NIFTY27JAN2625700CE,0.2046160677641209
21-01-2026 15:10||NIFTY27JAN2625800CE,0.2168808801835235
21-01-2026 15:10||NIFTY27JAN2625900CE,0.2332253128604823
21-01-2026 15:10||NIFTY27JAN2626500CE,0.3411488580228089
21-01-2026 15:15||NIFTY27JAN2624200PE,0.1881761139866327
21-01-2026 15:15||NIFTY27JAN2624300PE,0.1760004737770669
21-01-2026 15:15||NIFTY27JAN2624800PE,0.1376089629173349
21-01-2026 15:15||NIFTY27JAN2624900PE,0.1304344763836201
21-01-2026 15:15||NIFTY27JAN2625200CE,0.1232884580177834
21-01-2026 15:15||NIFTY27JAN2625300CE,0.1220725812021872
21-01-2026 15:15||NIFTY27JAN2625600CE,0.1217465340074913
21-01-2026 15:15||NIFTY27JAN2625700CE,0.1245801609553912
21-01-2026 15:15||NIFTY27JAN2625900CE,0.1328647801199893
21-01-2026 15:15||NIFTY27JAN2626200CE,0.154011198996737
21-01-2026 15:20||NIFTY27JAN2623800PE,0.2290982572471457
21-01-2026 15:20||NIFTY27JAN2624800PE,0.1391991425191009
21-01-2026 15:20||NIFTY27JAN2625100PE,0.1187792435269008
21-01-2026 15:20||NIFTY27JAN2625400CE,0.1337251161166099
21-01-2026 15:20||NIFTY27JAN2625600CE,0.1245346647310845
21-01-2026 15:25||NIFTY27JAN2623800PE,0.2270626770095461
21-01-2026 15:25||NIFTY27JAN2624200PE,0.1881544707176456
21-01-2026 15:25||NIFTY27JAN2624500PE,0.1576456172995778
21-01-2026 15:25||NIFTY27JAN2624800PE,0.1391365997045306
21-01-2026 15:25||NIFTY27JAN2625100PE,0.1210952764620394
21-01-2026 15:25||NIFTY27JAN2626200CE,0.1538373704155368
22-01-2026 09:15||NIFTY27JAN2623800PE,0.2422167077849149
22-01-2026 09:15||NIFTY27JAN2625100PE,0.1164187415168342
22-01-2026 09:15||NIFTY27JAN2625300CE,0.1201118614677077
22-01-2026 09:20||NIFTY27JAN2623900PE,0.236482222629405
22-01-2026 09:20||NIFTY27JAN2624000PE,0.225628103974344
22-01-2026 09:20||NIFTY27JAN2624300PE,0.193001971795665
22-01-2026 09:20||NIFTY27JAN2624500PE,0.1698219562666648
22-01-2026 09:20||NIFTY27JAN2624800PE,0.1385588291446303
22-01-2026 09:20||NIFTY27JAN2625200CE,0.1213560099113802
22-01-2026 09:20||NIFTY27JAN2626300CE,0.1518278406518755
22-01-2026 09:25||NIFTY27JAN2624700PE,0.1477096714437737
22-01-2026 09:25||NIFTY27JAN2625000PE,0.1283886352679369
22-01-2026 09:25||NIFTY27JAN2625200CE,0.1051623029714494
22-01-2026 09:25||NIFTY27JAN2625500CE,0.1027057145476179
22-01-2026 09:25||NIFTY27JAN2625600CE,0.1042003641172329
22-01-2026 09:25||NIFTY27JAN2626200CE,0.1397500162008199
22-01-2026 09:30||NIFTY27JAN2624600PE,0.1945397092736495
22-01-2026 09:30||NIFTY27JAN2624800PE,0.1693518306248961
22-01-2026 09:30||NIFTY27JAN2624900PE,0.1574742844691212
22-01-2026 09:30||NIFTY27JAN2625100PE,0.1337122856420942
22-01-2026 09:30||NIFTY27JAN2625500CE,0.1247596368629178
22-01-2026 09:30||NIFTY27JAN2625800CE,0.1246330120268071
22-01-2026 09:30||NIFTY27JAN2626000CE,0.1338320469316711
22-01-2026 09:30||NIFTY27JAN2626300CE,0.1539263627651081
22-01-2026 09:35||NIFTY27JAN2624100PE,0.1828708677142867
22-01-2026 09:40||NIFTY27JAN2624100PE,0.2308241816015869
22-01-2026 09:40||NIFTY27JAN2624500PE,0.1861738832791269
22-01-2026 09:40||NIFTY27JAN2626000CE,0.1243994479610628
22-01-2026 09:40||NIFTY27JAN2626200CE,0.1388902420873233
22-01-2026 09:45||NIFTY27JAN2623900PE,0.2838480086679894
22-01-2026 09:45||NIFTY27JAN2624200PE,0.2518206431493851
22-01-2026 09:50||NIFTY27JAN2623900PE,0.2021743457163907
22-01-2026 09:50||NIFTY27JAN2624100PE,0.1845874086246122
22-01-2026 09:50||NIFTY27JAN2624900PE,0.1225407710348844
22-01-2026 09:50||NIFTY27JAN2625000PE,0.1171362754560983
22-01-2026 09:50||NIFTY27JAN2625600CE,0.104314836647173
22-01-2026 09:50||NIFTY27JAN2625800CE,0.1063681566230745
22-01-2026 09:50||NIFTY27JAN2625900CE,0.1093233522904368
22-01-2026 09:50||NIFTY27JAN2626300CE,0.1332239495309869
22-01-2026 09:50||NIFTY27JAN2626500CE,0.1491050655143699
22-01-2026 09:55||NIFTY27JAN2624700PE,0.1435736021131949
22-01-2026 09:55||NIFTY27JAN2624800PE,0.134632462572136
22-01-2026 09:55||NIFTY27JAN2624900PE,0.1302522612005718
22-01-2026 09:55||NIFTY27JAN2625200CE,0.1100672560599334
22-01-2026 09:55||NIFTY27JAN2625500CE,0.1042197201682471
22-01-2026 10:00||NIFTY27JAN2624200PE,0.2433940484897307
22-01-2026 10:00||NIFTY27JAN2624700PE,0.1857674104806781
22-01-2026 10:00||NIFTY27JAN2625100PE,0.1362313502163565
22-01-2026 10:00||NIFTY27JAN2625400CE,0.1196638986783657
22-01-2026 10:00||NIFTY27JAN2625600CE,0.1153101978788161
22-01-2026 10:00||NIFTY27JAN2626100CE,0.1358800244694817
22-01-2026 10:00||NIFTY27JAN2626500CE,0.1658418809676948
22-01-2026 10:05||NIFTY27JAN2624500PE,0.1693622283889995
22-01-2026 10:05||NIFTY27JAN2624800PE,0.139588350249514
22-01-2026 10:05||NIFTY27JAN2625000PE,0.1275664445251845
22-01-2026 10:05||NIFTY27JAN2625400CE,0.1189884680288246
22-01-2026 10:05||NIFTY27JAN2625700CE,0.1106757035664335
22-01-2026 10:05||NIFTY27JAN2625800CE,0.1172148015175499
22-01-2026 10:05||NIFTY27JAN2626100CE,0.1288358557725224
22-01-2026 10:05||NIFTY27JAN2626400CE,0.1544324835527469
22-01-2026 10:10||NIFTY27JAN2623800PE,0.2117418166117214
22-01-2026 10:10||NIFTY27JAN2624200PE,0.1753849336783733
22-01-2026 10:10||NIFTY27JAN2624300PE,0.1660831301965154
22-01-2026 10:10||NIFTY27JAN2624500PE,0.1482119495398258
22-01-2026 10:10||NIFTY27JAN2624800PE,0.1289759288019654
22-01-2026 10:10||NIFTY27JAN2625300CE,0.1123307309360256
22-01-2026 10:10||NIFTY27JAN2625500CE,0.1085461597889851
22-01-2026 10:10||NIFTY27JAN2626200CE,0.1328619106096338
22-01-2026 10:10||NIFTY27JAN2626300CE,0.1399934526328777
22-01-2026 10:15||NIFTY27JAN2623900PE,0.2298756150034777
22-01-2026 10:15||NIFTY27JAN2624400PE,0.1801807717633052
22-01-2026 10:15||NIFTY27JAN2625000PE,0.1268220187606182
22-01-2026 10:15||NIFTY27JAN2625300CE,0.1176133495835875
22-01-2026 10:15||NIFTY27JAN2625400CE,0.118998160103279
22-01-2026 10:20||NIFTY27JAN2624000PE,0.2284070639708499
22-01-2026 10:20||NIFTY27JAN2625000PE,0.1234280725205432
22-01-2026 10:20||NIFTY27JAN2625100PE,0.1195381596282866
22-01-2026 10:20||NIFTY27JAN2625400CE,0.1095057737454789
22-01-2026 10:20||NIFTY27JAN2625500CE,0.106751520896434
22-01-2026 10:20||NIFTY27JAN2625600CE,0.1064504613726708
22-01-2026 10:20||NIFTY27JAN2625900CE,0.1170478442953228
22-01-2026 10:25||NIFTY27JAN2623900PE,0.2336709343007353
22-01-2026 10:25||NIFTY27JAN2624000PE,0.2221932141569834
22-01-2026 10:25||NIFTY27JAN2624200PE,0.1902592362860743
22-01-2026 10:25||NIFTY27JAN2625100PE,0.1179885500613471
22-01-2026 10:25||NIFTY27JAN2625900CE,0.1172655264666527
22-01-2026 10:25||NIFTY27JAN2626300CE,0.1454414382535128
22-01-2026 10:30||NIFTY27JAN2624300PE,0.18496793402372
22-01-2026 10:30||NIFTY27JAN2625800CE,0.1221740655145265
22-01-2026 10:30||NIFTY27JAN2626100CE,0.1440470892612445
22-01-2026 10:35||NIFTY27JAN2625100PE,0.1059072245435133
22-01-2026 10:35||NIFTY27JAN2625200CE,0.1075937751201696
22-01-2026 10:35||NIFTY27JAN2625300CE,0.1057029027337102
22-01-2026 10:35||NIFTY27JAN2625400CE,0.1042015324394478
22-01-2026 10:35||NIFTY27JAN2625800CE,0.1060084109844733
22-01-2026 10:40||NIFTY27JAN2624300PE,0.1788024987607874
22-01-2026 10:40||NIFTY27JAN2624600PE,0.1425970180676234
22-01-2026 10:40||NIFTY27JAN2625000PE,0.1196802797597391
22-01-2026 10:40||NIFTY27JAN2625800CE,0.1155897254816987
22-01-2026 10:40||NIFTY27JAN2625900CE,0.1207799277190543
22-01-2026 10:40||NIFTY27JAN2626000CE,0.1284455154248941
22-01-2026 10:45||NIFTY27JAN2623900PE,0.21821076991051
22-01-2026 10:45||NIFTY27JAN2625000PE,0.1235639281491892
22-01-2026 10:45||NIFTY27JAN2625400CE,0.1135893974253383
22-01-2026 10:45||NIFTY27JAN2625500CE,0.1113846909143844
22-01-2026 10:45||NIFTY27JAN2625700CE,0.1144241399249416
22-01-2026 10:45||NIFTY27JAN2625900CE,0.1244055328535471
22-01-2026 10:45||NIFTY27JAN2626400CE,0.1632938569255753
22-01-2026 10:45||NIFTY27JAN2626500CE,0.1654125197091108
22-01-2026 10:50||NIFTY27JAN2623900PE,0.2316417492280694
22-01-2026 10:50||NIFTY27JAN2624400PE,0.1697901058441004
22-01-2026 10:50||NIFTY27JAN2624500PE,0.1571771973507422
22-01-2026 10:50||NIFTY27JAN2624600PE,0.145831521232941
22-01-2026 10:50||NIFTY27JAN2624900PE,0.1176224738867158
22-01-2026 10:50||NIFTY27JAN2625000PE,0.1097952036288352
22-01-2026 10:50||NIFTY27JAN2625300CE,0.1060257886684466
22-01-2026 10:50||NIFTY27JAN2625700CE,0.1074932577671552
22-01-2026 10:50||NIFTY27JAN2625900CE,0.1182134308738591
22-01-2026 10:50||NIFTY27JAN2626000CE,0.1294449334445384
22-01-2026 10:50||NIFTY27JAN2626300CE,0.1632590541099796
22-01-2026 10:55||NIFTY27JAN2624000PE,0.2202905669545687
22-01-2026 10:55||NIFTY27JAN2624200PE,0.1895667436405992
22-01-2026 10:55||NIFTY27JAN2624600PE,0.1462643409267687
22-01-2026 10:55||NIFTY27JAN2625900CE,0.1273766545183544
22-01-2026 11:00||NIFTY27JAN2624400PE,0.1709511157923584
22-01-2026 11:00||NIFTY27JAN2624800PE,0.1387720298704064
22-01-2026 11:00||NIFTY27JAN2626300CE,0.1648709683876817
22-01-2026 11:05||NIFTY27JAN2624500PE,0.1679168531869876
22-01-2026 11:05||NIFTY27JAN2624800PE,0.1393132339533884
22-01-2026 11:05||NIFTY27JAN2625500CE,0.125956355808225
22-01-2026 11:05||NIFTY27JAN2625600CE,0.119765423822086
22-01-2026 11:05||NIFTY27JAN2625900CE,0.131899404162075
22-01-2026 11:05||NIFTY27JAN2626200CE,0.1563614602137707
22-01-2026 11:10||NIFTY27JAN2623800PE,0.2324512660183269
22-01-2026 11:10||NIFTY27JAN2624300PE,0.18196230481912
22-01-2026 11:10||NIFTY27JAN2624600PE,0.152541280088579
22-01-2026 11:10||NIFTY27JAN2624700PE,0.143625256263942
22-01-2026 11:10||NIFTY27JAN2625000PE,0.1247468462390654
22-01-2026 11:10||NIFTY27JAN2625100PE,0.1187614033534001
22-01-2026 11:10||NIFTY27JAN2625400CE,0.1165818222966005
22-01-2026 11:10||NIFTY27JAN2625800CE,0.1274290481643609
22-01-2026 11:10||NIFTY27JAN2626100CE,0.1482119986043793
22-01-2026 11:15||NIFTY27JAN2623900PE,0.2218190742958075
22-01-2026 11:15||NIFTY27JAN2624300PE,0.1838348434025989
22-01-2026 11:15||NIFTY27JAN2625600CE,0.1188846191909654
22-01-2026 11:15||NIFTY27JAN2625800CE,0.1239522502487152
22-01-2026 11:15||NIFTY27JAN2626100CE,0.1451293798294329
22-01-2026 11:15||NIFTY27JAN2626200CE,0.1579927742969697
22-01-2026 11:15||NIFTY27JAN2626400CE,0.1704697375320133
22-01-2026 11:15||NIFTY27JAN2626500CE,0.1794231683136574
22-01-2026 11:20||NIFTY27JAN2623900PE,0.2296066350329157
22-01-2026 11:20||NIFTY27JAN2624700PE,0.1550794031940704
22-01-2026 11:20||NIFTY27JAN2624800PE,0.1432846488104053
22-01-2026 11:20||NIFTY27JAN2625600CE,0.1220810470789405
22-01-2026 11:20||NIFTY27JAN2625900CE,0.1312559859769296
22-01-2026 11:25||NIFTY27JAN2623800PE,0.2425468243453306
22-01-2026 11:25||NIFTY27JAN2623900PE,0.2314358392167376
22-01-2026 11:25||NIFTY27JAN2624000PE,0.2193940138970863
22-01-2026 11:25||NIFTY27JAN2624500PE,0.1615947867967166
22-01-2026 11:25||NIFTY27JAN2624600PE,0.1501030889813565
22-01-2026 11:25||NIFTY27JAN2625800CE,0.1168276480349643
22-01-2026 11:25||NIFTY27JAN2625900CE,0.1198280240731964
22-01-2026 11:25||NIFTY27JAN2626500CE,0.182380711367943
22-01-2026 11:30||NIFTY27JAN2624300PE,0.1752491181944271
22-01-2026 11:30||NIFTY27JAN2625800CE,0.1230994237051779
22-01-2026 11:30||NIFTY27JAN2626000CE,0.1401150198600245
22-01-2026 11:35||NIFTY27JAN2624200PE,0.1894740526062885
22-01-2026 11:35||NIFTY27JAN2625500CE,0.1095017645106844
22-01-2026 11:35||NIFTY27JAN2625900CE,0.1272396711135072
22-01-2026 11:40||NIFTY27JAN2624200PE,0.1909194499891002
22-01-2026 11:40||NIFTY27JAN2624700PE,0.1455842624069882
22-01-2026 11:40||NIFTY27JAN2625200CE,0.1187072072316684
22-01-2026 11:40||NIFTY27JAN2626300CE,0.1624435326779619
22-01-2026 11:45||NIFTY27JAN2623900PE,0.2218567206124951
22-01-2026 11:45||NIFTY27JAN2624400PE,0.1671421744551081
22-01-2026 11:45||NIFTY27JAN2625000PE,0.1063596459082655
22-01-2026 11:45||NIFTY27JAN2626500CE,0.1903016694352585
22-01-2026 11:50||NIFTY27JAN2624500PE,0.1615630571853242
22-01-2026 11:50||NIFTY27JAN2624800PE,0.1366210671595476
22-01-2026 11:50||NIFTY27JAN2625200CE,0.1301163452606107
22-01-2026 11:50||NIFTY27JAN2625700CE,0.1204307549105319
22-01-2026 11:50||NIFTY27JAN2626200CE,0.1622491001709501
22-01-2026 11:50||NIFTY27JAN2626300CE,0.1685898614065329
22-01-2026 11:55||NIFTY27JAN2624000PE,0.2096933484424543
22-01-2026 11:55||NIFTY27JAN2625000PE,0.1044487558829673
22-01-2026 12:00||NIFTY27JAN2623800PE,0.2270274319938854
22-01-2026 12:00||NIFTY27JAN2624300PE,0.1736249090795801
22-01-2026 12:00||NIFTY27JAN2625600CE,0.1264926993310705
22-01-2026 12:00||NIFTY27JAN2625700CE,0.1255091276826279
22-01-2026 12:00||NIFTY27JAN2626100CE,0.146509651515402
22-01-2026 12:00||NIFTY27JAN2626400CE,0.1698690419308906
22-01-2026 12:05||NIFTY27JAN2624300PE,0.1809788604647241
22-01-2026 12:05||NIFTY27JAN2625600CE,0.121497538345325
22-01-2026 12:05||NIFTY27JAN2625700CE,0.1179656818647762
22-01-2026 12:05||NIFTY27JAN2626000CE,0.1441658109425558
22-01-2026 12:05||NIFTY27JAN2626300CE,0.1679742362213558
22-01-2026 12:10||NIFTY27JAN2624000PE,0.2167082396938038
22-01-2026 12:10||NIFTY27JAN2624500PE,0.1621263365516868
22-01-2026 12:10||NIFTY27JAN2625500CE,0.1134477826571676
22-01-2026 12:10||NIFTY27JAN2625800CE,0.1269242510169788
22-01-2026 12:10||NIFTY27JAN2626100CE,0.1453784979529088
22-01-2026 12:15||NIFTY27JAN2623800PE,0.2416708561291621
22-01-2026 12:15||NIFTY27JAN2624000PE,0.2212803570748453
22-01-2026 12:15||NIFTY27JAN2624500PE,0.1707266488058773
22-01-2026 12:15||NIFTY27JAN2626100CE,0.1450123982403236
22-01-2026 12:15||NIFTY27JAN2626400CE,0.1676703592765281
22-01-2026 12:15||NIFTY27JAN2626500CE,0.1715612325653164
22-01-2026 12:20||NIFTY27JAN2624800PE,0.1327834584593558
22-01-2026 12:20||NIFTY27JAN2624900PE,0.1263499750563609
22-01-2026 12:20||NIFTY27JAN2625900CE,0.125655685573536
22-01-2026 12:20||NIFTY27JAN2626000CE,0.1351981235714246
22-01-2026 12:20||NIFTY27JAN2626500CE,0.178237476574482
22-01-2026 12:25||NIFTY27JAN2623900PE,0.2172176011555103
22-01-2026 12:25||NIFTY27JAN2624200PE,0.1862324012257202
22-01-2026 12:25||NIFTY27JAN2624700PE,0.1363326079703777
22-01-2026 12:25||NIFTY27JAN2624800PE,0.1271500269048123
22-01-2026 12:25||NIFTY27JAN2625300CE,0.1093619080513203
22-01-2026 12:30||NIFTY27JAN2624200PE,0.1904275592778015
22-01-2026 12:30||NIFTY27JAN2624400PE,0.1687368894203357
22-01-2026 12:30||NIFTY27JAN2624500PE,0.1613514772158425
22-01-2026 12:30||NIFTY27JAN2625100PE,0.1165498504404453
22-01-2026 12:30||NIFTY27JAN2625700CE,0.1110880791769758
22-01-2026 12:30||NIFTY27JAN2625800CE,0.117012563161532
22-01-2026 12:30||NIFTY27JAN2625900CE,0.1237242593885101
22-01-2026 12:30||NIFTY27JAN2626400CE,0.1713840691891561
22-01-2026 12:35||NIFTY27JAN2623800PE,0.237744584920421
22-01-2026 12:35||NIFTY27JAN2624400PE,0.1656858870347673
22-01-2026 12:35||NIFTY27JAN2626100CE,0.1421117177613662
22-01-2026 12:35||NIFTY27JAN2626300CE,0.1580599146820694
22-01-2026 12:40||NIFTY27JAN2624100PE,0.1927614849500784
22-01-2026 12:40||NIFTY27JAN2626200CE,0.1568119375782396
22-01-2026 12:45||NIFTY27JAN2624700PE,0.1437019584888363
22-01-2026 12:45||NIFTY27JAN2624900PE,0.1327528201292937
22-01-2026 12:45||NIFTY27JAN2625200CE,0.1129950464816313
22-01-2026 12:45||NIFTY27JAN2625700CE,0.1170074832195173
22-01-2026 12:45||NIFTY27JAN2625800CE,0.1228831935085133
22-01-2026 12:45||NIFTY27JAN2626000CE,0.138995038835651
22-01-2026 12:45||NIFTY27JAN2626100CE,0.146313438763453
22-01-2026 12:45||NIFTY27JAN2626200CE,0.1546477738852973
22-01-2026 12:45||NIFTY27JAN2626300CE,0.1636025972907474
22-01-2026 12:45||NIFTY27JAN2626400CE,0.1720635218592152
22-01-2026 12:50||NIFTY27JAN2624200PE,0.1881304983143497
22-01-2026 12:50||NIFTY27JAN2624300PE,0.1784316045141229
22-01-2026 12:50||NIFTY27JAN2624900PE,0.1285414348043606
22-01-2026 12:50||NIFTY27JAN2625900CE,0.1265527011303963
22-01-2026 12:50||NIFTY27JAN2626200CE,0.1530072009973069
22-01-2026 12:50||NIFTY27JAN2626300CE,0.1619140899329585
22-01-2026 12:55||NIFTY27JAN2624400PE,0.1633245246963005
22-01-2026 12:55||NIFTY27JAN2625100PE,0.1221636448394701
22-01-2026 12:55||NIFTY27JAN2626100CE,0.1478056092966541
22-01-2026 12:55||NIFTY27JAN2626400CE,0.1740712246734694
22-01-2026 13:00||NIFTY27JAN2624000PE,0.2074030940491546
22-01-2026 13:00||NIFTY27JAN2624400PE,0.1634091028091378
22-01-2026 13:00||NIFTY27JAN2624900PE,0.1449696238818269
22-01-2026 13:00||NIFTY27JAN2625700CE,0.1187644446742319
22-01-2026 13:05||NIFTY27JAN2623800PE,0.2346224699838202
22-01-2026 13:05||NIFTY27JAN2624100PE,0.1976904401865405
22-01-2026 13:05||NIFTY27JAN2624400PE,0.161429290374253
22-01-2026 13:05||NIFTY27JAN2625000PE,0.1093730069774751
22-01-2026 13:05||NIFTY27JAN2625300CE,0.1082513555189754
22-01-2026 13:05||NIFTY27JAN2625400CE,0.1009560392508204
22-01-2026 13:05||NIFTY27JAN2625700CE,0.110731446976768
22-01-2026 13:10||NIFTY27JAN2624200PE,0.1811598224230978
22-01-2026 13:10||NIFTY27JAN2625300CE,0.1251889696632176
22-01-2026 13:10||NIFTY27JAN2625500CE,0.1211270036606632
22-01-2026 13:10||NIFTY27JAN2626000CE,0.1452458415721999
22-01-2026 13:10||NIFTY27JAN2626500CE,0.1895462727319015
22-01-2026 13:15||NIFTY27JAN2624200PE,0.1809306412428648
22-01-2026 13:15||NIFTY27JAN2624600PE,0.1431654889809368
22-01-2026 13:15||NIFTY27JAN2624700PE,0.1321788150306677
22-01-2026 13:15||NIFTY27JAN2625200CE,0.1298287807133104
22-01-2026 13:15||NIFTY27JAN2625600CE,0.1215303982692667
22-01-2026 13:20||NIFTY27JAN2623900PE,0.2159397220549335
22-01-2026 13:20||NIFTY27JAN2624700PE,0.1386967825928406
22-01-2026 13:20||NIFTY27JAN2624900PE,0.1070239424203744
22-01-2026 13:20||NIFTY27JAN2625200CE,0.1108145617687934
22-01-2026 13:20||NIFTY27JAN2625500CE,0.1106374521067395
22-01-2026 13:20||NIFTY27JAN2626100CE,0.154078316768829
22-01-2026 13:25||NIFTY27JAN2624900PE,0.1064840614137963
22-01-2026 13:25||NIFTY27JAN2625100PE,0.1127186645547125
22-01-2026 13:25||NIFTY27JAN2625800CE,0.1296131270640429
22-01-2026 13:25||NIFTY27JAN2626100CE,0.154383521751867
22-01-2026 13:25||NIFTY27JAN2626300CE,0.1742236740301852
22-01-2026 13:30||NIFTY27JAN2623800PE,0.229615622283061
22-01-2026 13:30||NIFTY27JAN2624000PE,0.2092846570532116
22-01-2026 13:30||NIFTY27JAN2624100PE,0.199125507862524
22-01-2026 13:30||NIFTY27JAN2624600PE,0.1465611273326314
22-01-2026 13:30||NIFTY27JAN2625100PE,0.1043115550394761
22-01-2026 13:30||NIFTY27JAN2625800CE,0.1348991799547253
22-01-2026 13:30||NIFTY27JAN2625900CE,0.1417635205711135
22-01-2026 13:35||NIFTY27JAN2623800PE,0.2374220584463489
22-01-2026 13:35||NIFTY27JAN2623900PE,0.2269186077476962
22-01-2026 13:35||NIFTY27JAN2624400PE,0.1817578621881188
22-01-2026 13:35||NIFTY27JAN2624600PE,0.1581915059603529
22-01-2026 13:35||NIFTY27JAN2624700PE,0.1553425174727868
22-01-2026 13:35||NIFTY27JAN2625300CE,0.1243312283855856
22-01-2026 13:35||NIFTY27JAN2625500CE,0.1207071663866135
22-01-2026 13:35||NIFTY27JAN2625700CE,0.1232159208427816
22-01-2026 13:35||NIFTY27JAN2626000CE,0.1373006749266086
22-01-2026 13:35||NIFTY27JAN2626100CE,0.1426539294814759
22-01-2026 13:35||NIFTY27JAN2626400CE,0.1640730143011571
22-01-2026 13:40||NIFTY27JAN2624000PE,0.2087391076636196
22-01-2026 13:40||NIFTY27JAN2624200PE,0.1881839974414932
22-01-2026 13:40||NIFTY27JAN2624300PE,0.1777607621993493
22-01-2026 13:40||NIFTY27JAN2624400PE,0.1602362987878788
22-01-2026 13:40||NIFTY27JAN2624900PE,0.1217769656686272
22-01-2026 13:40||NIFTY27JAN2625100PE,0.1092969348125733
22-01-2026 13:40||NIFTY27JAN2625300CE,0.1219791994854782
22-01-2026 13:40||NIFTY27JAN2625400CE,0.1188316184225336
22-01-2026 13:40||NIFTY27JAN2625600CE,0.1187306812323372
22-01-2026 13:40||NIFTY27JAN2626000CE,0.1386551050893007
22-01-2026 13:40||NIFTY27JAN2626300CE,0.1729370168753898
22-01-2026 13:45||NIFTY27JAN2624400PE,0.162247430910301
22-01-2026 13:45||NIFTY27JAN2625200CE,0.1198853536375798
22-01-2026 13:45||NIFTY27JAN2625800CE,0.128309802402707
22-01-2026 13:45||NIFTY27JAN2626100CE,0.1530682067097103
22-01-2026 13:45||NIFTY27JAN2626300CE,0.1714629129027655
22-01-2026 13:50||NIFTY27JAN2623800PE,0.2276284188592189
22-01-2026 13:50||NIFTY27JAN2625200CE,0.1149361480355272
22-01-2026 13:50||NIFTY27JAN2626300CE,0.1718084200575836
22-01-2026 13:55||NIFTY27JAN2624500PE,0.1568865361539982
22-01-2026 13:55||NIFTY27JAN2624600PE,0.1468300661713173
22-01-2026 13:55||NIFTY27JAN2624800PE,0.1300773783597586
22-01-2026 13:55||NIFTY27JAN2625400CE,0.1188394173442319
22-01-2026 13:55||NIFTY27JAN2625500CE,0.1196433087019591
22-01-2026 13:55||NIFTY27JAN2625900CE,0.134894473888186
22-01-2026 13:55||NIFTY27JAN2626000CE,0.1410551609352992
22-01-2026 13:55||NIFTY27JAN2626400CE,0.1732499315691938
22-01-2026 14:00||NIFTY27JAN2623800PE,0.2341725725798031
22-01-2026 14:00||NIFTY27JAN2623900PE,0.2215331508466068
22-01-2026 14:00||NIFTY27JAN2624300PE,0.183306005009339
22-01-2026 14:00||NIFTY27JAN2625000PE,0.1248810083516913
22-01-2026 14:00||NIFTY27JAN2625300CE,0.1152380433559556
22-01-2026 14:00||NIFTY27JAN2625500CE,0.117700031698868
22-01-2026 14:00||NIFTY27JAN2625600CE,0.1199244867424359
22-01-2026 14:00||NIFTY27JAN2626500CE,0.1764190907943479
22-01-2026 14:05||NIFTY27JAN2623800PE,0.2348416489701086
22-01-2026 14:05||NIFTY27JAN2624000PE,0.2158043483955527
22-01-2026 14:05||NIFTY27JAN2624200PE,0.1946376011142565
22-01-2026 14:05||NIFTY27JAN2624300PE,0.1830657466830364
22-01-2026 14:05||NIFTY27JAN2625200CE,0.1125663148152848
22-01-2026 14:05||NIFTY27JAN2626200CE,0.1585406600088514
22-01-2026 14:05||NIFTY27JAN2626400CE,0.1681204667827915
22-01-2026 14:10||NIFTY27JAN2623900PE,0.2196797121789963
22-01-2026 14:10||NIFTY27JAN2624200PE,0.1835302728525578
22-01-2026 14:10||NIFTY27JAN2625100PE,0.1036807150046746
22-01-2026 14:10||NIFTY27JAN2625900CE,0.1329371866709591
22-01-2026 14:15||NIFTY27JAN2623800PE,0.2326170648338481
22-01-2026 14:15||NIFTY27JAN2624600PE,0.1598922177966325
22-01-2026 14:15||NIFTY27JAN2625000PE,0.1339296645588713
22-01-2026 14:15||NIFTY27JAN2625100PE,0.126999878546001
22-01-2026 14:15||NIFTY27JAN2626500CE,0.1761989887148592
22-01-2026 14:20||NIFTY27JAN2623800PE,0.2287575841380625
22-01-2026 14:20||NIFTY27JAN2623900PE,0.2170700624103897
22-01-2026 14:20||NIFTY27JAN2624000PE,0.2056752591328399
22-01-2026 14:20||NIFTY27JAN2624100PE,0.194171687593495
22-01-2026 14:20||NIFTY27JAN2624400PE,0.1603574927368488
22-01-2026 14:20||NIFTY27JAN2624900PE,0.1100495862267774
22-01-2026 14:20||NIFTY27JAN2625400CE,0.1107577140722365
22-01-2026 14:20||NIFTY27JAN2625700CE,0.1196175124212124
22-01-2026 14:20||NIFTY27JAN2625800CE,0.1279042616136993
22-01-2026 14:20||NIFTY27JAN2625900CE,0.1348406201556245
22-01-2026 14:20||NIFTY27JAN2626100CE,0.1526378489395199
22-01-2026 14:20||NIFTY27JAN2626200CE,0.1636660963334556
22-01-2026 14:25||NIFTY27JAN2624200PE,0.1820562388514087
22-01-2026 14:25||NIFTY27JAN2624300PE,0.1723507085848263
22-01-2026 14:25||NIFTY27JAN2624600PE,0.1442425978946326
22-01-2026 14:25||NIFTY27JAN2624700PE,0.1355420367135625
22-01-2026 14:25||NIFTY27JAN2626500CE,0.1902197756859769
22-01-2026 14:30||NIFTY27JAN2623800PE,0.2304857501424103
22-01-2026 14:30||NIFTY27JAN2624300PE,0.1774103919239937
22-01-2026 14:30||NIFTY27JAN2625600CE,0.1196782285850661
22-01-2026 14:30||NIFTY27JAN2625700CE,0.1234355143150244
22-01-2026 14:30||NIFTY27JAN2625900CE,0.134874033883824
22-01-2026 14:30||NIFTY27JAN2626500CE,0.1840880075776998
22-01-2026 14:35||NIFTY27JAN2624000PE,0.219856547405486
22-01-2026 14:35||NIFTY27JAN2624800PE,0.1424610684025914
22-01-2026 14:35||NIFTY27JAN2625500CE,0.1057811136208851
22-01-2026 14:40||NIFTY27JAN2623800PE,0.2332687703086478
22-01-2026 14:40||NIFTY27JAN2625200CE,0.1158811821773573
22-01-2026 14:40||NIFTY27JAN2625400CE,0.1126945326100303
22-01-2026 14:40||NIFTY27JAN2626100CE,0.1398917281004451
22-01-2026 14:40||NIFTY27JAN2626500CE,0.1658392008594182
22-01-2026 14:45||NIFTY27JAN2624000PE,0.2098917438209599
22-01-2026 14:45||NIFTY27JAN2626100CE,0.1394962149628851
22-01-2026 14:50||NIFTY27JAN2624400PE,0.1739025184026037
22-01-2026 14:50||NIFTY27JAN2624500PE,0.1616421309905688
22-01-2026 14:50||NIFTY27JAN2625400CE,0.1043376215757549
22-01-2026 14:50||NIFTY27JAN2625500CE,0.10211475955014
22-01-2026 14:50||NIFTY27JAN2625600CE,0.1025350958566467
22-01-2026 14:50||NIFTY27JAN2626200CE,0.1474283010020551
22-01-2026 14:55||NIFTY27JAN2624300PE,0.1825562188356033
22-01-2026 14:55||NIFTY27JAN2625000PE,0.1207498465850687
22-01-2026 14:55||NIFTY27JAN2626100CE,0.139711095155971
22-01-2026 14:55||NIFTY27JAN2626500CE,0.1707332999007509
22-01-2026 15:00||NIFTY27JAN2624300PE,0.1829378189489729
22-01-2026 15:00||NIFTY27JAN2624600PE,0.1464501589172932
22-01-2026 15:00||NIFTY27JAN2624900PE,0.1234392951484793
22-01-2026 15:00||NIFTY27JAN2625600CE,0.1107584591598978
22-01-2026 15:00||NIFTY27JAN2626400CE,0.1713905070634135
22-01-2026 15:05||NIFTY27JAN2625300CE,0.1083486593972578
22-01-2026 15:05||NIFTY27JAN2625400CE,0.1155075591506065
22-01-2026 15:05||NIFTY27JAN2625600CE,0.1181463158785779
22-01-2026 15:10||NIFTY27JAN2623800PE,0.2500668379294872
22-01-2026 15:10||NIFTY27JAN2624000PE,0.2179883767281671
22-01-2026 15:10||NIFTY27JAN2624200PE,0.2005678024106088
22-01-2026 15:10||NIFTY27JAN2625100PE,0.1003348244599563
22-01-2026 15:10||NIFTY27JAN2625600CE,0.0998267455141416
22-01-2026 15:10||NIFTY27JAN2626100CE,0.1347108797260353
22-01-2026 15:15||NIFTY27JAN2623800PE,0.2500779069547288
22-01-2026 15:15||NIFTY27JAN2624200PE,0.2005249894757816
22-01-2026 15:15||NIFTY27JAN2624600PE,0.1462796375081848
22-01-2026 15:15||NIFTY27JAN2625400CE,0.1024358307466022
22-01-2026 15:15||NIFTY27JAN2625800CE,0.1070955635051839
22-01-2026 15:15||NIFTY27JAN2625900CE,0.1157969719888083
22-01-2026 15:15||NIFTY27JAN2626200CE,0.1434469782493676
22-01-2026 15:15||NIFTY27JAN2626300CE,0.1559877500405825
22-01-2026 15:20||NIFTY27JAN2624800PE,0.1317637580734428
22-01-2026 15:20||NIFTY27JAN2625200CE,0.1131353787247552
22-01-2026 15:20||NIFTY27JAN2626400CE,0.1677342251639563
22-01-2026 15:25||NIFTY27JAN2623800PE,0.2449511993044281
22-01-2026 15:25||NIFTY27JAN2624300PE,0.186679721130479
22-01-2026 15:25||NIFTY27JAN2624700PE,0.1424611315767391
22-01-2026 15:25||NIFTY27JAN2625100PE,0.1080581881534565
22-01-2026 15:25||NIFTY27JAN2625200CE,0.1093652519559837
22-01-2026 15:25||NIFTY27JAN2625300CE,0.1070622014432106
22-01-2026 15:25||NIFTY27JAN2625600CE,0.1065511093317937
22-01-2026 15:25||NIFTY27JAN2625900CE,0.1168375672814686
22-01-2026 15:25||NIFTY27JAN2626000CE,0.1262187175700801
22-01-2026 15:25||NIFTY27JAN2626400CE,0.1668435558025041
23-01-2026 09:15||NIFTY27JAN2624100PE,0.1934261253616775
23-01-2026 09:15||NIFTY27JAN2624200PE,0.1873955709978595
23-01-2026 09:15||NIFTY27JAN2624300PE,0.180913913968528
23-01-2026 09:15||NIFTY27JAN2625500CE,0.1061488488713378
23-01-2026 09:15||NIFTY27JAN2626000CE,0.1277659729980052
23-01-2026 09:15||NIFTY27JAN2626100CE,0.1387877020549842
23-01-2026 09:15||NIFTY27JAN2626200CE,0.1469111942689147
23-01-2026 09:15||NIFTY27JAN2626300CE,0.1554510113629768
23-01-2026 09:15||NIFTY27JAN2626500CE,0.1746771350245134
23-01-2026 09:20||NIFTY27JAN2623900PE,0.233655235231217
23-01-2026 09:20||NIFTY27JAN2624400PE,0.1840964492133952
23-01-2026 09:20||NIFTY27JAN2625500CE,0.1075653686435679
23-01-2026 09:20||NIFTY27JAN2626200CE,0.1498938942784162
23-01-2026 09:20||NIFTY27JAN2626400CE,0.1649645210255645
23-01-2026 09:25||NIFTY27JAN2623800PE,0.2482789015220128
23-01-2026 09:25||NIFTY27JAN2625100PE,0.1188528724832461
23-01-2026 09:25||NIFTY27JAN2626100CE,0.1356641971404562
23-01-2026 09:25||NIFTY27JAN2626200CE,0.1441930565478515
23-01-2026 09:25||NIFTY27JAN2626400CE,0.1614986334833347
23-01-2026 09:30||NIFTY27JAN2623900PE,0.2369882327308312
23-01-2026 09:30||NIFTY27JAN2624000PE,0.2274772836186384
23-01-2026 09:30||NIFTY27JAN2624400PE,0.1814769606742066
23-01-2026 09:30||NIFTY27JAN2624500PE,0.1707413094024611
23-01-2026 09:30||NIFTY27JAN2624600PE,0.1588719068067137
23-01-2026 09:30||NIFTY27JAN2624700PE,0.1488212501559519
23-01-2026 09:30||NIFTY27JAN2625200CE,0.1280773694250833
23-01-2026 09:30||NIFTY27JAN2626300CE,0.152478126423344
23-01-2026 09:35||NIFTY27JAN2623900PE,0.2347490294056475
23-01-2026 09:35||NIFTY27JAN2624000PE,0.2249940789322777
23-01-2026 09:35||NIFTY27JAN2624400PE,0.1732108720211943
23-01-2026 09:35||NIFTY27JAN2625500CE,0.1019221347572516
23-01-2026 09:35||NIFTY27JAN2626100CE,0.1364630313891556
23-01-2026 09:40||NIFTY27JAN2625400CE,0.1062633271689563
23-01-2026 09:40||NIFTY27JAN2625500CE,0.1014744907264107
23-01-2026 09:40||NIFTY27JAN2626000CE,0.1269401519502564
23-01-2026 09:45||NIFTY27JAN2623900PE,0.2213236780348737
23-01-2026 09:45||NIFTY27JAN2624100PE,0.1977035052040071
23-01-2026 09:45||NIFTY27JAN2624300PE,0.1823033220058616
23-01-2026 09:45||NIFTY27JAN2624800PE,0.1287467720156566
23-01-2026 09:45||NIFTY27JAN2624900PE,0.1252462209916499
23-01-2026 09:45||NIFTY27JAN2626100CE,0.1397341416507934
23-01-2026 09:45||NIFTY27JAN2626400CE,0.1708714063508884
23-01-2026 09:50||NIFTY27JAN2623900PE,0.2374910735896089
23-01-2026 09:50||NIFTY27JAN2624200PE,0.2020219840168292
23-01-2026 09:50||NIFTY27JAN2624400PE,0.1733086285887357
23-01-2026 09:50||NIFTY27JAN2624700PE,0.1425279251269698
23-01-2026 09:50||NIFTY27JAN2625200CE,0.1143533116610276
23-01-2026 09:50||NIFTY27JAN2625300CE,0.1106962568377399
23-01-2026 09:50||NIFTY27JAN2625700CE,0.1043205969316123
23-01-2026 09:50||NIFTY27JAN2625800CE,0.1091295275978153
23-01-2026 09:55||NIFTY27JAN2623800PE,0.249555153028514
23-01-2026 09:55||NIFTY27JAN2624200PE,0.1995100900928177
23-01-2026 09:55||NIFTY27JAN2624800PE,0.1291705717765484
23-01-2026 09:55||NIFTY27JAN2625000PE,0.1133443390661639
23-01-2026 09:55||NIFTY27JAN2625200CE,0.1089756661765823
23-01-2026 09:55||NIFTY27JAN2625700CE,0.1073994002303713
23-01-2026 09:55||NIFTY27JAN2626300CE,0.1595115120418121
23-01-2026 10:00||NIFTY27JAN2624700PE,0.1328036959064514
23-01-2026 10:00||NIFTY27JAN2625900CE,0.1193477724956728
23-01-2026 10:00||NIFTY27JAN2626000CE,0.1274609629116203
23-01-2026 10:00||NIFTY27JAN2626100CE,0.1359992950014256
23-01-2026 10:00||NIFTY27JAN2626300CE,0.1548271432938601
23-01-2026 10:05||NIFTY27JAN2623800PE,0.2375850186407533
23-01-2026 10:05||NIFTY27JAN2624100PE,0.1983831345821801
23-01-2026 10:05||NIFTY27JAN2624600PE,0.1463557523510731
23-01-2026 10:05||NIFTY27JAN2624800PE,0.1305321377423289
23-01-2026 10:05||NIFTY27JAN2626200CE,0.1473059026710768
23-01-2026 10:10||NIFTY27JAN2623800PE,0.2450887021219415
23-01-2026 10:10||NIFTY27JAN2624000PE,0.2220916903395346
23-01-2026 10:10||NIFTY27JAN2624400PE,0.1718586041772981
23-01-2026 10:10||NIFTY27JAN2624600PE,0.1482938765190804
23-01-2026 10:10||NIFTY27JAN2624800PE,0.1347856517505299
23-01-2026 10:10||NIFTY27JAN2625300CE,0.1084387787062431
23-01-2026 10:15||NIFTY27JAN2624700PE,0.1424613184184091
23-01-2026 10:15||NIFTY27JAN2625700CE,0.1073624120720219
23-01-2026 10:15||NIFTY27JAN2625900CE,0.1187084611180458
23-01-2026 10:15||NIFTY27JAN2626000CE,0.1292451994946777
23-01-2026 10:15||NIFTY27JAN2626400CE,0.1676516977104301
23-01-2026 10:20||NIFTY27JAN2625700CE,0.1077984390095064
23-01-2026 10:20||NIFTY27JAN2625800CE,0.1110655686409537
23-01-2026 10:20||NIFTY27JAN2626100CE,0.1418302730379092
23-01-2026 10:20||NIFTY27JAN2626500CE,0.1826853977193505
23-01-2026 10:25||NIFTY27JAN2623800PE,0.2380521368731365
23-01-2026 10:25||NIFTY27JAN2624400PE,0.1802430098734385
23-01-2026 10:25||NIFTY27JAN2624600PE,0.1569130904598935
23-01-2026 10:25||NIFTY27JAN2625100PE,0.1185972183423343
23-01-2026 10:25||NIFTY27JAN2625400CE,0.12587748957552
23-01-2026 10:25||NIFTY27JAN2626000CE,0.1363220166133108
23-01-2026 10:30||NIFTY27JAN2624100PE,0.2111589769491316
23-01-2026 10:30||NIFTY27JAN2624400PE,0.1704374915361744
23-01-2026 10:30||NIFTY27JAN2624600PE,0.1510757292322718
23-01-2026 10:30||NIFTY27JAN2625100PE,0.1119225369415178
23-01-2026 10:35||NIFTY27JAN2624000PE,0.2136529841231183
23-01-2026 10:35||NIFTY27JAN2624100PE,0.2022213320899664
23-01-2026 10:35||NIFTY27JAN2624200PE,0.1907317566310228
23-01-2026 10:35||NIFTY27JAN2624500PE,0.1594348402783237
23-01-2026 10:35||NIFTY27JAN2624900PE,0.1257238066215658
23-01-2026 10:35||NIFTY27JAN2625100PE,0.1062331032408157
23-01-2026 10:35||NIFTY27JAN2625600CE,0.1068960506852341
23-01-2026 10:40||NIFTY27JAN2624000PE,0.214509076429216
23-01-2026 10:40||NIFTY27JAN2624600PE,0.1470961652192577
23-01-2026 10:40||NIFTY27JAN2624800PE,0.1242064771576305
23-01-2026 10:40||NIFTY27JAN2625300CE,0.1135186662750944
23-01-2026 10:40||NIFTY27JAN2625800CE,0.1075638297566854
23-01-2026 10:45||NIFTY27JAN2624100PE,0.194581288404301
23-01-2026 10:45||NIFTY27JAN2625100PE,0.0999693900924137
23-01-2026 10:45||NIFTY27JAN2625900CE,0.1161448018690637
23-01-2026 10:45||NIFTY27JAN2626200CE,0.1417072390411363
23-01-2026 10:45||NIFTY27JAN2626500CE,0.1685539449771637
23-01-2026 10:50||NIFTY27JAN2623900PE,0.236620884953088
23-01-2026 10:50||NIFTY27JAN2625400CE,0.108936581902167
23-01-2026 10:50||NIFTY27JAN2625700CE,0.1073941746712966
23-01-2026 10:50||NIFTY27JAN2626200CE,0.1510302257633103
23-01-2026 10:50||NIFTY27JAN2626300CE,0.1594669189351956
23-01-2026 10:50||NIFTY27JAN2626400CE,0.1723282379157834
23-01-2026 10:55||NIFTY27JAN2623800PE,0.2469355376546626
23-01-2026 10:55||NIFTY27JAN2624600PE,0.1493571565309912
23-01-2026 10:55||NIFTY27JAN2624900PE,0.1316897392837712
23-01-2026 10:55||NIFTY27JAN2626200CE,0.1502389120520093
23-01-2026 11:00||NIFTY27JAN2625100PE,0.115895751884558
23-01-2026 11:00||NIFTY27JAN2625400CE,0.1080661932759675
23-01-2026 11:00||NIFTY27JAN2625800CE,0.1111828800166814
23-01-2026 11:00||NIFTY27JAN2626100CE,0.1391930954962537
23-01-2026 11:05||NIFTY27JAN2624200PE,0.1925801171172144
23-01-2026 11:05||NIFTY27JAN2625600CE,0.1129911856443172
23-01-2026 11:05||NIFTY27JAN2625700CE,0.1077856686290468
23-01-2026 11:05||NIFTY27JAN2626200CE,0.1519979737536022
23-01-2026 11:05||NIFTY27JAN2626500CE,0.1786122670158773
23-01-2026 11:10||NIFTY27JAN2624000PE,0.2302135384171021
23-01-2026 11:10||NIFTY27JAN2624100PE,0.2205521655073578
23-01-2026 11:10||NIFTY27JAN2625300CE,0.121801186198706
23-01-2026 11:10||NIFTY27JAN2626300CE,0.1532832511186384
23-01-2026 11:15||NIFTY27JAN2624200PE,0.1992195407003887
23-01-2026 11:15||NIFTY27JAN2624800PE,0.1287928021194336
23-01-2026 11:15||NIFTY27JAN2624900PE,0.1321850698498109
23-01-2026 11:15||NIFTY27JAN2625300CE,0.1050521799424978
23-01-2026 11:15||NIFTY27JAN2625400CE,0.1024985387523109
23-01-2026 11:15||NIFTY27JAN2625500CE,0.1016237199437555
23-01-2026 11:15||NIFTY27JAN2625700CE,0.1017604043307462
23-01-2026 11:15||NIFTY27JAN2626300CE,0.1609410371863005
23-01-2026 11:20||NIFTY27JAN2624100PE,0.2080030675310787
23-01-2026 11:20||NIFTY27JAN2624400PE,0.170171885140748
23-01-2026 11:20||NIFTY27JAN2624800PE,0.1314100709484991
23-01-2026 11:20||NIFTY27JAN2625100PE,0.1106228457663626
23-01-2026 11:20||NIFTY27JAN2626000CE,0.1335509732826157
23-01-2026 11:20||NIFTY27JAN2626300CE,0.1637183302202553
23-01-2026 11:25||NIFTY27JAN2623800PE,0.2390283207916983
23-01-2026 11:25||NIFTY27JAN2623900PE,0.2268145703301286
23-01-2026 11:25||NIFTY27JAN2624900PE,0.1220029548358602
23-01-2026 11:25||NIFTY27JAN2625200CE,0.1161611799609821
23-01-2026 11:25||NIFTY27JAN2625800CE,0.116457754653266
23-01-2026 11:25||NIFTY27JAN2626400CE,0.1709617719183939
23-01-2026 11:30||NIFTY27JAN2624700PE,0.1470391502378864
23-01-2026 11:30||NIFTY27JAN2624900PE,0.1331550683028913
23-01-2026 11:30||NIFTY27JAN2625000PE,0.1271898864218573
23-01-2026 11:30||NIFTY27JAN2625500CE,0.1119532350418525
23-01-2026 11:30||NIFTY27JAN2625800CE,0.1152000759215303
23-01-2026 11:30||NIFTY27JAN2626000CE,0.1350039423627796
23-01-2026 11:30||NIFTY27JAN2626200CE,0.1520865868975857
23-01-2026 11:30||NIFTY27JAN2626400CE,0.1688468116218755
23-01-2026 11:35||NIFTY27JAN2624900PE,0.1310154731483524
23-01-2026 11:35||NIFTY27JAN2625400CE,0.1149558258760095
23-01-2026 11:35||NIFTY27JAN2626000CE,0.138537135333289
23-01-2026 11:40||NIFTY27JAN2623900PE,0.2249303974682076
23-01-2026 11:40||NIFTY27JAN2624300PE,0.1854971615669291
23-01-2026 11:40||NIFTY27JAN2624900PE,0.1329405720105898
23-01-2026 11:40||NIFTY27JAN2625500CE,0.1266466125009729
23-01-2026 11:40||NIFTY27JAN2626300CE,0.1631185286044178
23-01-2026 11:40||NIFTY27JAN2626500CE,0.1737456250490744
23-01-2026 11:45||NIFTY27JAN2625300CE,0.1077495775943392
23-01-2026 11:45||NIFTY27JAN2626100CE,0.1528701926948896
23-01-2026 11:45||NIFTY27JAN2626400CE,0.1816118690428382
23-01-2026 11:50||NIFTY27JAN2624100PE,0.2041739778577363
23-01-2026 11:50||NIFTY27JAN2624500PE,0.1615346158703371
23-01-2026 11:50||NIFTY27JAN2625400CE,0.1153968405604046
23-01-2026 11:50||NIFTY27JAN2625500CE,0.1205878580688631
23-01-2026 11:50||NIFTY27JAN2625700CE,0.1211519657952312
23-01-2026 11:55||NIFTY27JAN2624800PE,0.1251159788311572
23-01-2026 11:55||NIFTY27JAN2625100PE,0.0981396863533206
23-01-2026 11:55||NIFTY27JAN2625700CE,0.1159925672654919
23-01-2026 11:55||NIFTY27JAN2626200CE,0.1635154268855825
23-01-2026 11:55||NIFTY27JAN2626500CE,0.1959591317850547
23-01-2026 12:00||NIFTY27JAN2624000PE,0.2083780992903735
23-01-2026 12:00||NIFTY27JAN2624300PE,0.1729053547407039
23-01-2026 12:00||NIFTY27JAN2624800PE,0.1275288395926818
23-01-2026 12:00||NIFTY27JAN2625200CE,0.1079777310559675
23-01-2026 12:00||NIFTY27JAN2625800CE,0.1230463401209532
23-01-2026 12:00||NIFTY27JAN2625900CE,0.1325789722475963
23-01-2026 12:00||NIFTY27JAN2626400CE,0.1817441011912977
23-01-2026 12:05||NIFTY27JAN2624600PE,0.1355998256379053
23-01-2026 12:05||NIFTY27JAN2625300CE,0.1126996758150196
23-01-2026 12:05||NIFTY27JAN2625400CE,0.1093055339415697
23-01-2026 12:05||NIFTY27JAN2626400CE,0.1823010065078014
23-01-2026 12:10||NIFTY27JAN2623900PE,0.2181833928671747
23-01-2026 12:10||NIFTY27JAN2624000PE,0.2067569617661484
23-01-2026 12:10||NIFTY27JAN2625000PE,0.1090713646371377
23-01-2026 12:10||NIFTY27JAN2625700CE,0.12220773806361
23-01-2026 12:10||NIFTY27JAN2626200CE,0.1608905208932061
23-01-2026 12:10||NIFTY27JAN2626500CE,0.1879794385813715
23-01-2026 12:15||NIFTY27JAN2625500CE,0.122881695972417
23-01-2026 12:15||NIFTY27JAN2626100CE,0.1468925068034983
23-01-2026 12:15||NIFTY27JAN2626300CE,0.1617604066345442
23-01-2026 12:20||NIFTY27JAN2624200PE,0.1922014067998249
23-01-2026 12:20||NIFTY27JAN2625200CE,0.1214038471796132
23-01-2026 12:20||NIFTY27JAN2625300CE,0.1175193991560658
23-01-2026 12:20||NIFTY27JAN2625400CE,0.1170092492980746
23-01-2026 12:20||NIFTY27JAN2625800CE,0.1304999401520469
23-01-2026 12:20||NIFTY27JAN2626100CE,0.1485628463320169
23-01-2026 12:25||NIFTY27JAN2624300PE,0.1758541135662203
23-01-2026 12:25||NIFTY27JAN2624500PE,0.160555727164894
23-01-2026 12:25||NIFTY27JAN2624600PE,0.1513133937603207
23-01-2026 12:25||NIFTY27JAN2624900PE,0.1245307050901844
23-01-2026 12:25||NIFTY27JAN2625400CE,0.1226045845802262
23-01-2026 12:25||NIFTY27JAN2625600CE,0.1238866887194401
23-01-2026 12:25||NIFTY27JAN2626400CE,0.175650394161296
23-01-2026 12:30||NIFTY27JAN2623800PE,0.2383740193179936
23-01-2026 12:30||NIFTY27JAN2624100PE,0.2086642744231005
23-01-2026 12:30||NIFTY27JAN2624200PE,0.1841096364430505
23-01-2026 12:30||NIFTY27JAN2624500PE,0.164379271872771
23-01-2026 12:30||NIFTY27JAN2625900CE,0.1332774492891296
23-01-2026 12:30||NIFTY27JAN2626100CE,0.1460067725065507
23-01-2026 12:30||NIFTY27JAN2626200CE,0.1552600332569848
23-01-2026 12:35||NIFTY27JAN2624100PE,0.2032503736180287
23-01-2026 12:35||NIFTY27JAN2624400PE,0.1680836777879103
23-01-2026 12:35||NIFTY27JAN2625100PE,0.1105434918477547
23-01-2026 12:35||NIFTY27JAN2625300CE,0.1207047488273376
23-01-2026 12:35||NIFTY27JAN2626100CE,0.1479688009816507
23-01-2026 12:40||NIFTY27JAN2624500PE,0.1520273137210398
23-01-2026 12:40||NIFTY27JAN2624600PE,0.1430184021761855
23-01-2026 12:40||NIFTY27JAN2624900PE,0.1224185450701715
23-01-2026 12:40||NIFTY27JAN2625300CE,0.107065804488488
23-01-2026 12:45||NIFTY27JAN2623800PE,0.2278514912273732
23-01-2026 12:45||NIFTY27JAN2623900PE,0.2154986694456618
23-01-2026 12:45||NIFTY27JAN2624600PE,0.148267291614803
23-01-2026 12:45||NIFTY27JAN2625900CE,0.1356755415873168
23-01-2026 12:50||NIFTY27JAN2623800PE,0.2337920756175153
23-01-2026 12:50||NIFTY27JAN2624400PE,0.1604169049805812
23-01-2026 12:50||NIFTY27JAN2624800PE,0.1243140427988673
23-01-2026 12:50||NIFTY27JAN2625300CE,0.1113080315436264
23-01-2026 12:50||NIFTY27JAN2625600CE,0.1083372451758381
23-01-2026 12:50||NIFTY27JAN2625700CE,0.1142237249368022
23-01-2026 12:50||NIFTY27JAN2626000CE,0.1432394550260721
23-01-2026 12:50||NIFTY27JAN2626400CE,0.182686657536574
23-01-2026 12:55||NIFTY27JAN2624200PE,0.1951536627040699
23-01-2026 12:55||NIFTY27JAN2625400CE,0.1172167100856825
23-01-2026 12:55||NIFTY27JAN2625600CE,0.1213714853263782
23-01-2026 12:55||NIFTY27JAN2625800CE,0.126966769608214
23-01-2026 12:55||NIFTY27JAN2626400CE,0.1690916727816157
23-01-2026 13:00||NIFTY27JAN2624900PE,0.123332519718004
23-01-2026 13:00||NIFTY27JAN2625700CE,0.1222499809784235
23-01-2026 13:00||NIFTY27JAN2626000CE,0.1394775663990949
23-01-2026 13:05||NIFTY27JAN2623800PE,0.2340940858435922
23-01-2026 13:05||NIFTY27JAN2625200CE,0.1349726924957014
23-01-2026 13:05||NIFTY27JAN2625900CE,0.1365771450847473
23-01-2026 13:10||NIFTY27JAN2623900PE,0.2159858982639206
23-01-2026 13:10||NIFTY27JAN2624000PE,0.2048355368766195
23-01-2026 13:10||NIFTY27JAN2624100PE,0.1938751866986742
23-01-2026 13:10||NIFTY27JAN2624700PE,0.1383428227585474
23-01-2026 13:10||NIFTY27JAN2625100PE,0.1120737386318119
23-01-2026 13:10||NIFTY27JAN2625800CE,0.1293953253700902
23-01-2026 13:10||NIFTY27JAN2626000CE,0.1452378416392582
23-01-2026 13:15||NIFTY27JAN2623800PE,0.2977590819848356
23-01-2026 13:15||NIFTY27JAN2624200PE,0.2259734939917808
23-01-2026 13:15||NIFTY27JAN2625300CE,0.1480405620924688
23-01-2026 13:15||NIFTY27JAN2625600CE,0.1471471813765485
23-01-2026 13:15||NIFTY27JAN2625900CE,0.1911942512369754
23-01-2026 13:15||NIFTY27JAN2626000CE,0.1791950665331511
23-01-2026 13:20||NIFTY27JAN2624700PE,0.1736882880180746
23-01-2026 13:20||NIFTY27JAN2624800PE,0.1647412750441158
23-01-2026 13:20||NIFTY27JAN2625700CE,0.1855582391466643
23-01-2026 13:20||NIFTY27JAN2626200CE,0.2073799532016081
23-01-2026 13:20||NIFTY27JAN2626500CE,0.3282305773212153
23-01-2026 13:25||NIFTY27JAN2624100PE,0.2978136358563292
23-01-2026 13:25||NIFTY27JAN2624500PE,0.2003527226859624
23-01-2026 13:25||NIFTY27JAN2625000PE,0.1633521692087819
23-01-2026 13:25||NIFTY27JAN2625400CE,0.1532211409263573
23-01-2026 13:30||NIFTY27JAN2624700PE,0.1806468506253393
23-01-2026 13:30||NIFTY27JAN2624800PE,0.1722957412303413
23-01-2026 13:30||NIFTY27JAN2625000PE,0.1758717797492852
23-01-2026 13:30||NIFTY27JAN2625400CE,0.133651011686355
23-01-2026 13:30||NIFTY27JAN2625700CE,0.2209394112013526
23-01-2026 13:30||NIFTY27JAN2626000CE,0.2067908911282274
23-01-2026 13:35||NIFTY27JAN2623900PE,0.508941001773112
23-01-2026 13:35||NIFTY27JAN2624100PE,0.4631942346204984
23-01-2026 13:35||NIFTY27JAN2624900PE,0.151484921122791
23-01-2026 13:35||NIFTY27JAN2625600CE,0.2090273722236723
23-01-2026 13:35||NIFTY27JAN2626000CE,0.3009517156308088
23-01-2026 13:35||NIFTY27JAN2626200CE,0.3470541202023224
23-01-2026 13:35||NIFTY27JAN2626500CE,0.412269405181681
23-01-2026 13:40||NIFTY27JAN2623900PE,0.389589920818385
23-01-2026 13:40||NIFTY27JAN2624600PE,0.2448998418074456
23-01-2026 13:40||NIFTY27JAN2624900PE,0.1851926835939315
23-01-2026 13:40||NIFTY27JAN2625700CE,0.2949857342485569
23-01-2026 13:40||NIFTY27JAN2625800CE,0.2654590043306461
23-01-2026 13:40||NIFTY27JAN2626300CE,0.6823254300512678
23-01-2026 13:45||NIFTY27JAN2623900PE,0.2069684949183554
23-01-2026 13:45||NIFTY27JAN2624000PE,0.3074973781528264
23-01-2026 13:45||NIFTY27JAN2624500PE,0.2062563869775017
23-01-2026 13:45||NIFTY27JAN2624600PE,0.1758723470973837
23-01-2026 13:45||NIFTY27JAN2625000PE,0.1038413757311898
23-01-2026 13:45||NIFTY27JAN2625300CE,0.1554122825939837
23-01-2026 13:45||NIFTY27JAN2626100CE,0.2794095353276192
23-01-2026 13:45||NIFTY27JAN2626300CE,0.3188547879951103
23-01-2026 13:50||NIFTY27JAN2624000PE,0.2935819075315148
23-01-2026 13:50||NIFTY27JAN2624500PE,0.191485424139558
23-01-2026 13:50||NIFTY27JAN2625100PE,0.0996003674935561
23-01-2026 13:50||NIFTY27JAN2626400CE,0.346051298987487
23-01-2026 13:55||NIFTY27JAN2625500CE,0.1782462792865379
23-01-2026 13:55||NIFTY27JAN2625700CE,0.1650159415591489
23-01-2026 13:55||NIFTY27JAN2625800CE,0.2341844371537665
23-01-2026 13:55||NIFTY27JAN2626400CE,0.2685595493280948
23-01-2026 13:55||NIFTY27JAN2626500CE,0.2750746839284294
23-01-2026 14:00||NIFTY27JAN2624200PE,0.2030073893989089
23-01-2026 14:00||NIFTY27JAN2624300PE,0.1870788227566316
23-01-2026 14:00||NIFTY27JAN2625300CE,0.1271696571737106
23-01-2026 14:00||NIFTY27JAN2625400CE,0.1327188707069304
23-01-2026 14:00||NIFTY27JAN2625500CE,0.1727687164351367
23-01-2026 14:00||NIFTY27JAN2625800CE,0.2262043022860323
23-01-2026 14:05||NIFTY27JAN2624200PE,0.2686478827382991
23-01-2026 14:05||NIFTY27JAN2624800PE,0.1643965160557219
23-01-2026 14:05||NIFTY27JAN2626300CE,0.2953122143673521
23-01-2026 14:10||NIFTY27JAN2623900PE,0.2120338296455667
23-01-2026 14:10||NIFTY27JAN2625800CE,0.145634255849063
23-01-2026 14:10||NIFTY27JAN2626400CE,0.2022211963083542
23-01-2026 14:15||NIFTY27JAN2625000PE,0.2131647016747109
23-01-2026 14:15||NIFTY27JAN2625400CE,0.3481217145958909
23-01-2026 14:15||NIFTY27JAN2626400CE,0.7705635534330542
23-01-2026 14:20||NIFTY27JAN2624100PE,0.1849514795405641
23-01-2026 14:20||NIFTY27JAN2624800PE,0.1238117045923668
23-01-2026 14:20||NIFTY27JAN2625400CE,0.117655834278788
23-01-2026 14:20||NIFTY27JAN2625600CE,0.1281978257309637
23-01-2026 14:20||NIFTY27JAN2625800CE,0.1465371715830203
23-01-2026 14:20||NIFTY27JAN2626400CE,0.2092223229383913
23-01-2026 14:20||NIFTY27JAN2626500CE,0.2209522993879159
23-01-2026 14:25||NIFTY27JAN2624200PE,0.1884251086820031
23-01-2026 14:25||NIFTY27JAN2624400PE,0.1610896454417897
23-01-2026 14:25||NIFTY27JAN2624500PE,0.2060416624840914
23-01-2026 14:25||NIFTY27JAN2625200CE,0.12059731805196
23-01-2026 14:25||NIFTY27JAN2626200CE,0.215750127820763
23-01-2026 14:25||NIFTY27JAN2626300CE,0.2066579947848689
23-01-2026 14:25||NIFTY27JAN2626400CE,0.2404818505093158
23-01-2026 14:30||NIFTY27JAN2624600PE,0.2896771631415538
23-01-2026 14:30||NIFTY27JAN2625700CE,0.3849983785796624
23-01-2026 14:35||NIFTY27JAN2623900PE,0.9530264245919456
23-01-2026 14:35||NIFTY27JAN2624500PE,0.539774698515975
23-01-2026 14:35||NIFTY27JAN2624700PE,0.4235004271657977
23-01-2026 14:35||NIFTY27JAN2625400CE,0.4124525599374246
23-01-2026 14:35||NIFTY27JAN2625600CE,0.5107781864146984
23-01-2026 14:35||NIFTY27JAN2625800CE,0.6146235946117304
23-01-2026 14:35||NIFTY27JAN2625900CE,0.6412521220233947
23-01-2026 14:35||NIFTY27JAN2626000CE,0.6343963684648091
23-01-2026 14:35||NIFTY27JAN2626300CE,0.7929953644193222
23-01-2026 14:40||NIFTY27JAN2623900PE,0.2258193256945756
23-01-2026 14:40||NIFTY27JAN2624300PE,0.1799165082761981
23-01-2026 14:40||NIFTY27JAN2624400PE,0.2562475522140082
23-01-2026 14:40||NIFTY27JAN2625000PE,0.1356058807827315
23-01-2026 14:40||NIFTY27JAN2625100PE,0.1819959486319257
23-01-2026 14:40||NIFTY27JAN2625200CE,0.1268482093078965
23-01-2026 14:40||NIFTY27JAN2625700CE,0.1531412811375533
23-01-2026 14:40||NIFTY27JAN2625800CE,0.2472794429439294
23-01-2026 14:40||NIFTY27JAN2626400CE,0.2295626659602944
23-01-2026 14:45||NIFTY27JAN2624400PE,0.2781076044751903
23-01-2026 14:45||NIFTY27JAN2624700PE,0.3049141546884501
23-01-2026 14:45||NIFTY27JAN2625100PE,0.1525236786785763
23-01-2026 14:45||NIFTY27JAN2625400CE,0.1965766290446417
23-01-2026 14:45||NIFTY27JAN2625600CE,0.4114717648628652
23-01-2026 14:45||NIFTY27JAN2626000CE,0.2953344000881045
23-01-2026 14:45||NIFTY27JAN2626200CE,0.3367057689625278
23-01-2026 14:50||NIFTY27JAN2623800PE,0.2219197582053277
23-01-2026 14:50||NIFTY27JAN2624500PE,0.1415738922798313
23-01-2026 14:50||NIFTY27JAN2624800PE,0.1217985137912719
23-01-2026 14:50||NIFTY27JAN2625200CE,0.1098275395512014
23-01-2026 14:50||NIFTY27JAN2625300CE,0.1113289207018385
23-01-2026 14:50||NIFTY27JAN2625500CE,0.1194656977182501
23-01-2026 14:55||NIFTY27JAN2623900PE,0.3776276626394083
23-01-2026 14:55||NIFTY27JAN2624400PE,0.339271394032391
23-01-2026 14:55||NIFTY27JAN2625200CE,0.1787569355428961
23-01-2026 14:55||NIFTY27JAN2625900CE,0.3524930326675144
23-01-2026 14:55||NIFTY27JAN2626200CE,0.2434584765585888
23-01-2026 15:00||NIFTY27JAN2623900PE,0.3852247150812798
23-01-2026 15:00||NIFTY27JAN2624100PE,0.3331613359851741
23-01-2026 15:00||NIFTY27JAN2624300PE,0.2227518884648815
23-01-2026 15:00||NIFTY27JAN2624600PE,0.202829024189974
23-01-2026 15:05||NIFTY27JAN2623900PE,0.2084291071427948
23-01-2026 15:05||NIFTY27JAN2624800PE,0.1205542005020032
23-01-2026 15:05||NIFTY27JAN2626200CE,0.1852013766401459
23-01-2026 15:10||NIFTY27JAN2623800PE,0.2909285899330084
23-01-2026 15:10||NIFTY27JAN2624000PE,0.3192404921401456
23-01-2026 15:10||NIFTY27JAN2624200PE,0.2790786048839308
23-01-2026 15:10||NIFTY27JAN2624600PE,0.2553667567202051
23-01-2026 15:10||NIFTY27JAN2625000PE,0.1522147745187176
23-01-2026 15:10||NIFTY27JAN2625300CE,0.1339880409553749
23-01-2026 15:10||NIFTY27JAN2625700CE,0.1818866585242881
23-01-2026 15:10||NIFTY27JAN2626100CE,0.229065271840853
23-01-2026 15:10||NIFTY27JAN2626200CE,0.3037131811578238
23-01-2026 15:10||NIFTY27JAN2626300CE,0.2540084879823668
23-01-2026 15:15||NIFTY27JAN2624100PE,0.1894290767072297
23-01-2026 15:15||NIFTY27JAN2624200PE,0.1759353201568478
23-01-2026 15:15||NIFTY27JAN2625000PE,0.1106969450747489
23-01-2026 15:20||NIFTY27JAN2623800PE,0.3724720735203528
23-01-2026 15:20||NIFTY27JAN2623900PE,0.5435282856597826
23-01-2026 15:20||NIFTY27JAN2624800PE,0.2356529524764168
23-01-2026 15:20||NIFTY27JAN2625400CE,0.2528098209126317
23-01-2026 15:20||NIFTY27JAN2625500CE,0.1890373310253371
23-01-2026 15:20||NIFTY27JAN2625700CE,0.2717323647881674
23-01-2026 15:20||NIFTY27JAN2625900CE,0.260718810145155
23-01-2026 15:20||NIFTY27JAN2626200CE,0.2994566465626491
23-01-2026 15:25||NIFTY27JAN2624500PE,0.1941181062927664
23-01-2026 15:25||NIFTY27JAN2624600PE,0.1330056999513013
23-01-2026 15:25||NIFTY27JAN2625700CE,0.1498021522049049
27-01-2026 09:15||NIFTY27JAN2626200CE,0.7847213833181652
27-01-2026 09:15||NIFTY27JAN2626400CE,0.7397721858294026
27-01-2026 09:15||NIFTY27JAN2626500CE,0.991392213373448
27-01-2026 09:20||NIFTY27JAN2624400PE,0.3673297937440746
27-01-2026 09:20||NIFTY27JAN2624900PE,0.1976681693915728
27-01-2026 09:20||NIFTY27JAN2625100PE,0.1917903218582612
27-01-2026 09:20||NIFTY27JAN2625400CE,0.1624383176889102
27-01-2026 09:20||NIFTY27JAN2625500CE,0.2928582469224406
27-01-2026 09:20||NIFTY27JAN2625600CE,0.3138741437156116
27-01-2026 09:20||NIFTY27JAN2625700CE,0.3531844803569572
27-01-2026 09:20||NIFTY27JAN2626500CE,0.602334122560725
27-01-2026 09:25||NIFTY27JAN2623900PE,0.5812266023219491
27-01-2026 09:25||NIFTY27JAN2624600PE,0.2865802223876668
27-01-2026 09:25||NIFTY27JAN2625100PE,0.1657968138880753
27-01-2026 09:25||NIFTY27JAN2625500CE,0.3710399015648249
27-01-2026 09:25||NIFTY27JAN2625900CE,0.5779768933041172
27-01-2026 09:25||NIFTY27JAN2626500CE,0.7326375099874454
27-01-2026 09:30||NIFTY27JAN2624400PE,0.3675999671945891
27-01-2026 09:30||NIFTY27JAN2624800PE,0.3129197929332232
27-01-2026 09:30||NIFTY27JAN2624900PE,0.2563327134933905
27-01-2026 09:30||NIFTY27JAN2625400CE,0.3293860966273593
27-01-2026 09:30||NIFTY27JAN2625600CE,0.394521160620281
27-01-2026 09:30||NIFTY27JAN2625800CE,0.4824533725674094
27-01-2026 09:30||NIFTY27JAN2626100CE,0.6063004191043795
27-01-2026 09:30||NIFTY27JAN2626400CE,0.7186060082442506
27-01-2026 09:35||NIFTY27JAN2623800PE,0.6523089344708135
27-01-2026 09:35||NIFTY27JAN2624500PE,0.4003408917197698
27-01-2026 09:35||NIFTY27JAN2625700CE,0.4516621945164741
27-01-2026 09:35||NIFTY27JAN2626200CE,0.7456798748644673
27-01-2026 09:45||NIFTY27JAN2623800PE,0.3160136659941075
27-01-2026 09:45||NIFTY27JAN2624000PE,0.4934248413078878
27-01-2026 09:45||NIFTY27JAN2624500PE,0.3255055759072743
27-01-2026 09:45||NIFTY27JAN2625000PE,0.2556731800696099
27-01-2026 09:45||NIFTY27JAN2625600CE,0.243267690052959
27-01-2026 09:45||NIFTY27JAN2626200CE,0.4183570577216525
27-01-2026 09:45||NIFTY27JAN2626300CE,0.1697039637899419
27-01-2026 09:50||NIFTY27JAN2623800PE,0.2239214038078018
27-01-2026 09:50||NIFTY27JAN2624200PE,0.4201204007136327
27-01-2026 09:50||NIFTY27JAN2624800PE,0.2658150606430252
27-01-2026 09:50||NIFTY27JAN2624900PE,0.2437080441209417
27-01-2026 09:50||NIFTY27JAN2626300CE,0.1696655078517052
27-01-2026 09:55||NIFTY27JAN2624100PE,0.5020186415849843
27-01-2026 09:55||NIFTY27JAN2624700PE,0.3284449391367428
27-01-2026 09:55||NIFTY27JAN2624800PE,0.3445692266924733
27-01-2026 09:55||NIFTY27JAN2625000PE,0.2357314763181839
27-01-2026 09:55||NIFTY27JAN2625700CE,0.40499446535615
27-01-2026 09:55||NIFTY27JAN2626000CE,0.4253790154501592
27-01-2026 09:55||NIFTY27JAN2626200CE,0.4957501725776547
27-01-2026 10:00||NIFTY27JAN2624000PE,0.2859498864665316
27-01-2026 10:00||NIFTY27JAN2625300CE,0.1609410781061302
27-01-2026 10:00||NIFTY27JAN2625400CE,0.1948728266869791
27-01-2026 10:00||NIFTY27JAN2625600CE,0.1221030379800373
27-01-2026 10:00||NIFTY27JAN2625800CE,0.1908929162603839
27-01-2026 10:00||NIFTY27JAN2626100CE,0.2378144324427305
27-01-2026 10:00||NIFTY27JAN2626400CE,0.2834711039479782
27-01-2026 10:00||NIFTY27JAN2626500CE,0.3880664544368535
27-01-2026 10:05||NIFTY27JAN2623800PE,0.7888728137056724
27-01-2026 10:05||NIFTY27JAN2623900PE,0.7155928953370959
27-01-2026 10:05||NIFTY27JAN2624100PE,0.7720188286093316
27-01-2026 10:05||NIFTY27JAN2626400CE,0.6954564234378764
27-01-2026 10:10||NIFTY27JAN2624200PE,0.6819576293776434
27-01-2026 10:10||NIFTY27JAN2624900PE,0.3061595942878391
27-01-2026 10:10||NIFTY27JAN2625300CE,0.3971591292138282
27-01-2026 10:10||NIFTY27JAN2625600CE,0.4489155905321318
27-01-2026 10:15||NIFTY27JAN2625800CE,0.346809744999832
27-01-2026 10:20||NIFTY27JAN2623900PE,0.2138526109142147
27-01-2026 10:20||NIFTY27JAN2624500PE,0.1516092408249396
27-01-2026 10:20||NIFTY27JAN2624600PE,0.1455002630657804
27-01-2026 10:20||NIFTY27JAN2624800PE,0.126845004514476
27-01-2026 10:20||NIFTY27JAN2625000PE,0.114136332889714
27-01-2026 10:20||NIFTY27JAN2625400CE,0.1135657167891907
27-01-2026 10:20||NIFTY27JAN2625800CE,0.1582458841662221
27-01-2026 10:25||NIFTY27JAN2624600PE,0.2008248815374164
27-01-2026 10:25||NIFTY27JAN2624900PE,0.171323635299512
27-01-2026 10:25||NIFTY27JAN2626000CE,0.2001418717365961
27-01-2026 10:25||NIFTY27JAN2626300CE,0.2534785908864303
27-01-2026 10:25||NIFTY27JAN2626400CE,0.1689704158542404
27-01-2026 10:30||NIFTY27JAN2624100PE,0.862180571413717
27-01-2026 10:30||NIFTY27JAN2624800PE,0.3904996343073377
27-01-2026 10:30||NIFTY27JAN2625400CE,0.3533763770283881
27-01-2026 10:30||NIFTY27JAN2625600CE,0.4440991177458486
27-01-2026 10:30||NIFTY27JAN2625900CE,0.5464673109113632
27-01-2026 10:30||NIFTY27JAN2626200CE,0.830963431236627
27-01-2026 10:35||NIFTY27JAN2624300PE,0.6867975637239023
27-01-2026 10:35||NIFTY27JAN2624400PE,0.6243864086304948
27-01-2026 10:35||NIFTY27JAN2624800PE,0.3825177697654138
27-01-2026 10:35||NIFTY27JAN2625200CE,0.347567321492117
27-01-2026 10:35||NIFTY27JAN2625300CE,0.3441016862200663
27-01-2026 10:35||NIFTY27JAN2625700CE,0.4971069682237221
27-01-2026 10:40||NIFTY27JAN2624400PE,0.4847608213425869
27-01-2026 10:40||NIFTY27JAN2625200CE,0.2481025936380543
27-01-2026 10:40||NIFTY27JAN2625700CE,0.4504884847301392
27-01-2026 10:40||NIFTY27JAN2626100CE,0.5602675519799268
27-01-2026 10:40||NIFTY27JAN2626200CE,0.4514129140592756
27-01-2026 10:45||NIFTY27JAN2624000PE,0.9596791528936698
27-01-2026 10:45||NIFTY27JAN2624700PE,0.4715104897260815
27-01-2026 10:45||NIFTY27JAN2624900PE,0.3309277175590752
27-01-2026 10:45||NIFTY27JAN2625500CE,0.5245644997823542
27-01-2026 10:45||NIFTY27JAN2626200CE,1.2028286125961734
27-01-2026 10:45||NIFTY27JAN2626400CE,1.45098580582327
27-01-2026 10:50||NIFTY27JAN2623900PE,0.6595099313050603
27-01-2026 10:50||NIFTY27JAN2624000PE,0.6755956952937687
27-01-2026 10:50||NIFTY27JAN2624600PE,0.4062220203451308
27-01-2026 10:50||NIFTY27JAN2625000PE,0.2405189120439683
27-01-2026 10:50||NIFTY27JAN2625200CE,0.3966278369481386
27-01-2026 10:50||NIFTY27JAN2625400CE,0.4188611462691875
27-01-2026 10:50||NIFTY27JAN2625700CE,0.4931201307681015
27-01-2026 10:55||NIFTY27JAN2623900PE,0.3638553574617739
27-01-2026 10:55||NIFTY27JAN2624400PE,0.2857894719275631
27-01-2026 10:55||NIFTY27JAN2624900PE,0.1656478935978914
27-01-2026 10:55||NIFTY27JAN2625000PE,0.1758571790550984
27-01-2026 10:55||NIFTY27JAN2625300CE,0.2383781632529795
27-01-2026 10:55||NIFTY27JAN2625400CE,0.1807705411014376
27-01-2026 10:55||NIFTY27JAN2625600CE,0.2142513127408116
27-01-2026 10:55||NIFTY27JAN2626400CE,0.4049279103484952
27-01-2026 11:00||NIFTY27JAN2623800PE,0.4021723089512621
27-01-2026 11:00||NIFTY27JAN2623900PE,0.3620757040752216
27-01-2026 11:00||NIFTY27JAN2624300PE,0.303203946691584
27-01-2026 11:00||NIFTY27JAN2625200CE,0.3024485211543047
27-01-2026 11:00||NIFTY27JAN2625300CE,0.2219472128821705
27-01-2026 11:00||NIFTY27JAN2625400CE,0.153810168679302
27-01-2026 11:00||NIFTY27JAN2626300CE,0.4399486529911336
27-01-2026 11:05||NIFTY27JAN2623800PE,0.5839417344302542
27-01-2026 11:05||NIFTY27JAN2624100PE,0.6388765400948782
27-01-2026 11:05||NIFTY27JAN2624200PE,0.43515689748846
27-01-2026 11:05||NIFTY27JAN2624900PE,0.1977719595490653
27-01-2026 11:05||NIFTY27JAN2625300CE,0.261790582359519
27-01-2026 11:05||NIFTY27JAN2625700CE,0.3755567476550455
27-01-2026 11:10||NIFTY27JAN2624200PE,0.4370677386631658
27-01-2026 11:10||NIFTY27JAN2624400PE,0.3960620219084522
27-01-2026 11:10||NIFTY27JAN2624900PE,0.2327234353373546
27-01-2026 11:10||NIFTY27JAN2625300CE,0.3887942461630901
27-01-2026 11:10||NIFTY27JAN2625500CE,0.4255225748002746
27-01-2026 11:10||NIFTY27JAN2625800CE,0.4588557235018669
27-01-2026 11:10||NIFTY27JAN2626500CE,0.7930822334660148
27-01-2026 11:15||NIFTY27JAN2624300PE,0.6118541220431525
27-01-2026 11:15||NIFTY27JAN2625000PE,0.2678588965483655
27-01-2026 11:15||NIFTY27JAN2625100PE,0.2473589631371107
27-01-2026 11:15||NIFTY27JAN2626400CE,1.2341599644590109
27-01-2026 11:20||NIFTY27JAN2625300CE,0.2598511617016266
27-01-2026 11:20||NIFTY27JAN2626100CE,0.6013218799139678
27-01-2026 11:25||NIFTY27JAN2623800PE,1.0403072463283842
27-01-2026 11:25||NIFTY27JAN2624000PE,0.47584117841106
27-01-2026 11:25||NIFTY27JAN2624200PE,0.5941146709853493
27-01-2026 11:25||NIFTY27JAN2624900PE,0.2160243022788769
27-01-2026 11:25||NIFTY27JAN2625600CE,0.4092357081869368
27-01-2026 11:25||NIFTY27JAN2626500CE,1.1502233830754292
27-01-2026 11:30||NIFTY27JAN2624200PE,0.4639178769198518
27-01-2026 11:30||NIFTY27JAN2625100PE,0.2071083392313603
27-01-2026 11:30||NIFTY27JAN2625600CE,0.4001636880418806
27-01-2026 11:30||NIFTY27JAN2625900CE,0.5510517313222041
27-01-2026 11:30||NIFTY27JAN2626200CE,0.704501940101003
27-01-2026 11:35||NIFTY27JAN2624000PE,0.3738296927429764
27-01-2026 11:35||NIFTY27JAN2624900PE,0.2573983287841081
27-01-2026 11:35||NIFTY27JAN2625200CE,0.2015488407902954
27-01-2026 11:40||NIFTY27JAN2623800PE,0.9063574878546298
27-01-2026 11:40||NIFTY27JAN2624000PE,0.7842515130258183
27-01-2026 11:40||NIFTY27JAN2626000CE,0.6496176279228487
27-01-2026 11:40||NIFTY27JAN2626300CE,0.7668182891779279
27-01-2026 11:45||NIFTY27JAN2624300PE,0.2562233149895683
27-01-2026 11:45||NIFTY27JAN2624400PE,0.2236490133681727
27-01-2026 11:45||NIFTY27JAN2624500PE,0.2430436522361861
27-01-2026 11:45||NIFTY27JAN2626100CE,0.2078039160824916
27-01-2026 11:45||NIFTY27JAN2626400CE,0.1684993829641936
27-01-2026 11:50||NIFTY27JAN2624700PE,0.371416574025296
27-01-2026 11:50||NIFTY27JAN2624900PE,0.3088591745347357
27-01-2026 11:50||NIFTY27JAN2625700CE,0.5884476511062172
27-01-2026 11:50||NIFTY27JAN2626000CE,0.5980247088573309
27-01-2026 11:55||NIFTY27JAN2623900PE,0.9401476568482012
27-01-2026 11:55||NIFTY27JAN2624000PE,0.8104885536554842
27-01-2026 11:55||NIFTY27JAN2624400PE,0.6120093482198243
27-01-2026 11:55||NIFTY27JAN2624500PE,0.5105625526785407
27-01-2026 11:55||NIFTY27JAN2624800PE,0.358766461861156
27-01-2026 11:55||NIFTY27JAN2625200CE,0.2617445695318271
27-01-2026 11:55||NIFTY27JAN2625400CE,0.3771131136398153
27-01-2026 11:55||NIFTY27JAN2626500CE,1.0189927473305531
27-01-2026 12:00||NIFTY27JAN2624200PE,0.6877451172360172
27-01-2026 12:00||NIFTY27JAN2624300PE,0.7682742056443053
27-01-2026 12:00||NIFTY27JAN2624500PE,0.5070286162096297
27-01-2026 12:00||NIFTY27JAN2625100PE,0.2672741285869714
27-01-2026 12:00||NIFTY27JAN2625500CE,0.3732690312058021
27-01-2026 12:00||NIFTY27JAN2626100CE,0.7302897944995794
27-01-2026 12:00||NIFTY27JAN2626400CE,0.8777577250182524
27-01-2026 12:00||NIFTY27JAN2626500CE,0.9095236441276402
27-01-2026 12:05||NIFTY27JAN2624500PE,0.5364556883712625
27-01-2026 12:05||NIFTY27JAN2624700PE,0.4313230805623045
27-01-2026 12:05||NIFTY27JAN2625100PE,0.2970052198206039
27-01-2026 12:05||NIFTY27JAN2625900CE,0.587648518571994
27-01-2026 12:05||NIFTY27JAN2626500CE,0.9161034405429715
27-01-2026 12:10||NIFTY27JAN2624400PE,0.6057905931176154
27-01-2026 12:10||NIFTY27JAN2625700CE,0.4914596593404838
27-01-2026 12:10||NIFTY27JAN2626400CE,0.9100705371129476
27-01-2026 12:15||NIFTY27JAN2624500PE,0.5221439824847982
27-01-2026 12:15||NIFTY27JAN2624600PE,0.463676346055746
27-01-2026 12:15||NIFTY27JAN2626000CE,0.6387309247720785
27-01-2026 12:15||NIFTY27JAN2626200CE,0.8091488764769906
27-01-2026 12:20||NIFTY27JAN2624000PE,0.6617880049334558
27-01-2026 12:20||NIFTY27JAN2624200PE,0.6788301202025077
27-01-2026 12:20||NIFTY27JAN2625000PE,0.3521083001683194
27-01-2026 12:20||NIFTY27JAN2625300CE,0.3300245557181551
27-01-2026 12:20||NIFTY27JAN2625600CE,0.5074426004499208
27-01-2026 12:25||NIFTY27JAN2624100PE,0.3972894103619824
27-01-2026 12:25||NIFTY27JAN2624700PE,0.3847821517363823
27-01-2026 12:25||NIFTY27JAN2625400CE,0.3340019635644345
27-01-2026 12:25||NIFTY27JAN2625900CE,0.5954279560221969
27-01-2026 12:30||NIFTY27JAN2625300CE,0.3983137439169806
27-01-2026 12:35||NIFTY27JAN2624100PE,0.8230599967977628
27-01-2026 12:35||NIFTY27JAN2624400PE,0.6114087754630582
27-01-2026 12:35||NIFTY27JAN2624900PE,0.3306676332356278
27-01-2026 12:35||NIFTY27JAN2625100PE,0.2822955348507628
27-01-2026 12:35||NIFTY27JAN2625800CE,0.5893906205919411
27-01-2026 12:35||NIFTY27JAN2626100CE,0.7936750828060123
27-01-2026 12:40||NIFTY27JAN2624200PE,0.6860534336036656
27-01-2026 12:40||NIFTY27JAN2624700PE,0.4275177644026365
27-01-2026 12:40||NIFTY27JAN2624800PE,0.3700338166592132
27-01-2026 12:40||NIFTY27JAN2624900PE,0.3327615029277914
27-01-2026 12:40||NIFTY27JAN2625100PE,0.2747661056828785
27-01-2026 12:40||NIFTY27JAN2625200CE,0.3464633297018497
27-01-2026 12:40||NIFTY27JAN2625900CE,0.6321571035791154
27-01-2026 12:40||NIFTY27JAN2626000CE,0.7151589140939368
27-01-2026 12:40||NIFTY27JAN2626300CE,0.8905252843078899
27-01-2026 12:45||NIFTY27JAN2625200CE,0.2547567503536449
27-01-2026 12:45||NIFTY27JAN2625700CE,0.4523917631421594
27-01-2026 12:45||NIFTY27JAN2625900CE,0.5839004908117634
27-01-2026 12:45||NIFTY27JAN2626200CE,0.8029503898570277
27-01-2026 12:50||NIFTY27JAN2624600PE,0.1294249456576101
27-01-2026 12:50||NIFTY27JAN2625000PE,0.1121506114601976
27-01-2026 12:50||NIFTY27JAN2625100PE,0.1067560946684137
27-01-2026 12:50||NIFTY27JAN2625900CE,0.1534328411234151
27-01-2026 12:50||NIFTY27JAN2626200CE,0.1817518072566063
27-01-2026 12:50||NIFTY27JAN2626500CE,0.2145499023124003
27-01-2026 12:55||NIFTY27JAN2623900PE,0.4678665967386347
27-01-2026 12:55||NIFTY27JAN2624000PE,0.5941191695256106
27-01-2026 12:55||NIFTY27JAN2625500CE,0.2867451817711435
27-01-2026 12:55||NIFTY27JAN2625600CE,0.210722360443094
27-01-2026 12:55||NIFTY27JAN2625800CE,0.4221619323956233
27-01-2026 12:55||NIFTY27JAN2626200CE,0.2554084967555796
27-01-2026 13:00||NIFTY27JAN2624100PE,0.7523260577849386
27-01-2026 13:00||NIFTY27JAN2624500PE,0.5487046040180186
27-01-2026 13:00||NIFTY27JAN2625400CE,0.4187896792143682
27-01-2026 13:00||NIFTY27JAN2626000CE,0.7367099235266318
27-01-2026 13:05||NIFTY27JAN2623900PE,0.7271397743293065
27-01-2026 13:05||NIFTY27JAN2624500PE,0.3171681985319876
27-01-2026 13:05||NIFTY27JAN2624800PE,0.3037498692554743
27-01-2026 13:10||NIFTY27JAN2624200PE,0.5031774259362666
27-01-2026 13:10||NIFTY27JAN2624500PE,0.3689011019547507
27-01-2026 13:10||NIFTY27JAN2624600PE,0.3966672478912652
27-01-2026 13:10||NIFTY27JAN2624700PE,0.3264427395909606
27-01-2026 13:15||NIFTY27JAN2624400PE,0.5733980644815402
27-01-2026 13:15||NIFTY27JAN2625000PE,0.2812052752145036
27-01-2026 13:15||NIFTY27JAN2625200CE,0.4377397360806911
27-01-2026 13:15||NIFTY27JAN2626300CE,0.7945634646017136
27-01-2026 13:20||NIFTY27JAN2624000PE,0.9067402240864229
27-01-2026 13:20||NIFTY27JAN2624200PE,0.7638547417145963
27-01-2026 13:20||NIFTY27JAN2624600PE,0.4812181442764229
27-01-2026 13:20||NIFTY27JAN2624900PE,0.3561162901279422
27-01-2026 13:20||NIFTY27JAN2625700CE,0.5495535188331384
27-01-2026 13:20||NIFTY27JAN2625900CE,0.6529321977050123
27-01-2026 13:25||NIFTY27JAN2623800PE,1.1315880077950369
27-01-2026 13:25||NIFTY27JAN2625100PE,0.3218431599551924
27-01-2026 13:25||NIFTY27JAN2625700CE,0.6015576579427626
27-01-2026 13:30||NIFTY27JAN2624100PE,0.8132628243078421
27-01-2026 13:30||NIFTY27JAN2624300PE,0.5925127508210586
27-01-2026 13:30||NIFTY27JAN2625100PE,0.3698345950730451
27-01-2026 13:30||NIFTY27JAN2625400CE,0.3012304859356723
27-01-2026 13:30||NIFTY27JAN2626300CE,0.753745923152866
27-01-2026 13:35||NIFTY27JAN2623900PE,0.9169573483453886
27-01-2026 13:35||NIFTY27JAN2624300PE,0.7538065463942939
27-01-2026 13:35||NIFTY27JAN2624400PE,0.6562994875517598
27-01-2026 13:35||NIFTY27JAN2624600PE,0.5329749693071416
27-01-2026 13:35||NIFTY27JAN2624800PE,0.3700268732767983
27-01-2026 13:35||NIFTY27JAN2625300CE,0.3183655524081588
27-01-2026 13:35||NIFTY27JAN2625600CE,0.453655594968017
27-01-2026 13:35||NIFTY27JAN2626000CE,0.7935343583169846
27-01-2026 13:35||NIFTY27JAN2626200CE,0.4901503925123213
27-01-2026 13:35||NIFTY27JAN2626300CE,1.0074751963646171
27-01-2026 13:35||NIFTY27JAN2626400CE,0.8744787201529
27-01-2026 13:40||NIFTY27JAN2625500CE,0.1766392232509262
27-01-2026 13:40||NIFTY27JAN2626300CE,0.5122430663954254
27-01-2026 13:45||NIFTY27JAN2623800PE,0.9456526145552528
27-01-2026 13:45||NIFTY27JAN2623900PE,0.9002830285394084
27-01-2026 13:45||NIFTY27JAN2624100PE,0.7876083744492859
27-01-2026 13:45||NIFTY27JAN2624700PE,0.385403606353709
27-01-2026 13:45||NIFTY27JAN2625300CE,0.3746636374795714
27-01-2026 13:45||NIFTY27JAN2625600CE,0.5194504867160217
27-01-2026 13:45||NIFTY27JAN2625700CE,0.6775873226863013
27-01-2026 13:45||NIFTY27JAN2625800CE,0.641473447610602
27-01-2026 13:45||NIFTY27JAN2625900CE,0.7029658890802436
27-01-2026 13:45||NIFTY27JAN2626000CE,0.7735116581092957
27-01-2026 13:45||NIFTY27JAN2626300CE,0.9641312724140388
27-01-2026 13:45||NIFTY27JAN2626400CE,1.0169202557752084
27-01-2026 13:50||NIFTY27JAN2623900PE,0.3479517875695832
27-01-2026 13:50||NIFTY27JAN2624800PE,0.1151227918709938
27-01-2026 13:50||NIFTY27JAN2625000PE,0.1046590931356897
27-01-2026 13:50||NIFTY27JAN2626200CE,0.18998667063559
27-01-2026 13:55||NIFTY27JAN2623800PE,1.2534667361147331
27-01-2026 13:55||NIFTY27JAN2624000PE,0.6584803645264291
27-01-2026 13:55||NIFTY27JAN2624100PE,1.1235771531153411
27-01-2026 13:55||NIFTY27JAN2624300PE,0.8386107181038469
27-01-2026 13:55||NIFTY27JAN2624400PE,0.8160268593494013
27-01-2026 13:55||NIFTY27JAN2624600PE,0.4066415072952816
27-01-2026 13:55||NIFTY27JAN2624900PE,0.3211249928352802
27-01-2026 13:55||NIFTY27JAN2625400CE,0.5432904113952316
27-01-2026 13:55||NIFTY27JAN2625700CE,0.8357909536242137
27-01-2026 14:00||NIFTY27JAN2623800PE,1.325997912440209
27-01-2026 14:00||NIFTY27JAN2624300PE,0.9509966215164504
27-01-2026 14:00||NIFTY27JAN2624500PE,0.7601511384866498
27-01-2026 14:00||NIFTY27JAN2625000PE,0.3095782529532109
27-01-2026 14:00||NIFTY27JAN2625100PE,0.2100267480569592
27-01-2026 14:05||NIFTY27JAN2624000PE,0.4204120994917278
27-01-2026 14:05||NIFTY27JAN2624800PE,0.2755392897064766
27-01-2026 14:05||NIFTY27JAN2625400CE,0.2899067446678437
27-01-2026 14:05||NIFTY27JAN2625700CE,0.3752155435823926
27-01-2026 14:05||NIFTY27JAN2625800CE,0.3298334249832508
27-01-2026 14:05||NIFTY27JAN2626100CE,0.4760818303432871
27-01-2026 14:05||NIFTY27JAN2626200CE,0.4506231588556452
27-01-2026 14:05||NIFTY27JAN2626400CE,0.8010047709703773
27-01-2026 14:10||NIFTY27JAN2623900PE,1.2928623415638751
27-01-2026 14:10||NIFTY27JAN2624000PE,0.840521625678254
27-01-2026 14:10||NIFTY27JAN2624600PE,0.5145235338827805
27-01-2026 14:10||NIFTY27JAN2625500CE,0.638538262888263
27-01-2026 14:10||NIFTY27JAN2626000CE,1.1223954346914773
27-01-2026 14:10||NIFTY27JAN2626200CE,1.2414172314146328
27-01-2026 14:15||NIFTY27JAN2624000PE,0.6722991359536772
27-01-2026 14:15||NIFTY27JAN2624400PE,0.6846238275429634
27-01-2026 14:15||NIFTY27JAN2624900PE,0.2834769547730817
27-01-2026 14:15||NIFTY27JAN2625600CE,0.7241221134760979
27-01-2026 14:15||NIFTY27JAN2625800CE,0.7867592393628848
27-01-2026 14:20||NIFTY27JAN2624100PE,0.8008626526501297
27-01-2026 14:20||NIFTY27JAN2625500CE,0.5344879544687128
27-01-2026 14:20||NIFTY27JAN2626000CE,0.8216277013378372
27-01-2026 14:20||NIFTY27JAN2626100CE,0.8993697313708503
27-01-2026 14:20||NIFTY27JAN2626500CE,1.131453954260943
27-01-2026 14:25||NIFTY27JAN2623800PE,0.7616048788871748
27-01-2026 14:25||NIFTY27JAN2623900PE,0.6832462878649893
27-01-2026 14:25||NIFTY27JAN2624000PE,0.7210863476445738
27-01-2026 14:25||NIFTY27JAN2624200PE,0.5425475692714008
27-01-2026 14:25||NIFTY27JAN2624300PE,0.4820094469188647
27-01-2026 14:25||NIFTY27JAN2624800PE,0.3292903378810419
27-01-2026 14:25||NIFTY27JAN2624900PE,0.3051743543688849
27-01-2026 14:25||NIFTY27JAN2625000PE,0.2535778292374134
27-01-2026 14:25||NIFTY27JAN2625700CE,0.5244066228609926
27-01-2026 14:30||NIFTY27JAN2624000PE,0.7917077290209245
27-01-2026 14:30||NIFTY27JAN2624200PE,0.8772564752471201
27-01-2026 14:30||NIFTY27JAN2624600PE,0.5033122222514548
27-01-2026 14:30||NIFTY27JAN2625100PE,0.1952396496074597
27-01-2026 14:30||NIFTY27JAN2626400CE,1.3918716274783098
27-01-2026 14:35||NIFTY27JAN2624000PE,0.897144446732243
27-01-2026 14:35||NIFTY27JAN2624200PE,0.9430896170862878
27-01-2026 14:35||NIFTY27JAN2624900PE,0.3722685988366912
27-01-2026 14:35||NIFTY27JAN2625000PE,0.3095181988296408
27-01-2026 14:35||NIFTY27JAN2626200CE,1.2211170617308
27-01-2026 14:40||NIFTY27JAN2624000PE,0.9529728367575178
27-01-2026 14:40||NIFTY27JAN2624800PE,0.4073365593579899
27-01-2026 14:40||NIFTY27JAN2626200CE,0.821481287259901
27-01-2026 14:40||NIFTY27JAN2626400CE,1.0290446667942432
27-01-2026 14:45||NIFTY27JAN2624000PE,0.7505108558375245
27-01-2026 14:45||NIFTY27JAN2624200PE,0.6710568230017818
27-01-2026 14:45||NIFTY27JAN2624700PE,0.4072357366055896
27-01-2026 14:45||NIFTY27JAN2625400CE,0.3243569944355222
27-01-2026 14:45||NIFTY27JAN2626400CE,0.7796001218891406
27-01-2026 14:45||NIFTY27JAN2626500CE,0.9397461761065784
27-01-2026 14:50||NIFTY27JAN2623800PE,1.134591063029564
27-01-2026 14:50||NIFTY27JAN2624000PE,0.9619697326503144
27-01-2026 14:50||NIFTY27JAN2624200PE,0.8341164625008829
27-01-2026 14:50||NIFTY27JAN2624800PE,0.4517279076461659
27-01-2026 14:50||NIFTY27JAN2625200CE,0.322077249000156
27-01-2026 14:50||NIFTY27JAN2625900CE,0.7288080670239527
27-01-2026 14:55||NIFTY27JAN2623800PE,0.342150135255985
27-01-2026 14:55||NIFTY27JAN2624000PE,0.3464906032725728
27-01-2026 14:55||NIFTY27JAN2624800PE,0.2380414007931808
27-01-2026 14:55||NIFTY27JAN2625500CE,0.2205666295729959
27-01-2026 14:55||NIFTY27JAN2625800CE,0.28250904920207
27-01-2026 14:55||NIFTY27JAN2626400CE,0.4452388973880906
27-01-2026 15:00||NIFTY27JAN2624100PE,0.9472929531546644
27-01-2026 15:00||NIFTY27JAN2624700PE,0.4715468888498243
27-01-2026 15:00||NIFTY27JAN2625100PE,0.2998794396937228
27-01-2026 15:00||NIFTY27JAN2625400CE,0.3563607513446097
27-01-2026 15:05||NIFTY27JAN2624000PE,0.6156602582823156
27-01-2026 15:05||NIFTY27JAN2624100PE,0.411054581105496
27-01-2026 15:05||NIFTY27JAN2624200PE,0.6006558086758066
27-01-2026 15:05||NIFTY27JAN2624500PE,0.4590105287219042
27-01-2026 15:05||NIFTY27JAN2626300CE,0.6713362105692808
27-01-2026 15:10||NIFTY27JAN2623900PE,0.3629673758352128
27-01-2026 15:10||NIFTY27JAN2624000PE,0.3424910931748473
27-01-2026 15:10||NIFTY27JAN2624900PE,0.1898917188520832
27-01-2026 15:10||NIFTY27JAN2625400CE,0.160331344327279
27-01-2026 15:10||NIFTY27JAN2625600CE,0.1759448989632341
27-01-2026 15:10||NIFTY27JAN2625800CE,0.2052102045736569
27-01-2026 15:10||NIFTY27JAN2626000CE,0.2357097734119799
27-01-2026 15:15||NIFTY27JAN2625000PE,0.1206327217709325
27-01-2026 15:15||NIFTY27JAN2625900CE,0.2065942228211159
27-01-2026 15:15||NIFTY27JAN2626000CE,0.2273374574303765
27-01-2026 15:15||NIFTY27JAN2626400CE,0.2933449918783832
27-01-2026 15:20||NIFTY27JAN2623800PE,0.2282590492558145
27-01-2026 15:20||NIFTY27JAN2623900PE,0.2176475466783156
27-01-2026 15:20||NIFTY27JAN2624900PE,0.1229203697590435
27-01-2026 15:20||NIFTY27JAN2625500CE,0.1158106318394106
27-01-2026 15:20||NIFTY27JAN2626000CE,0.1450853246850897
27-01-2026 15:20||NIFTY27JAN2626300CE,0.1729294727363949
27-01-2026 15:20||NIFTY27JAN2626400CE,0.1794649764977035
27-01-2026 15:25||NIFTY27JAN2623800PE,0.2276099671000457
27-01-2026 15:25||NIFTY27JAN2624900PE,0.1265310723294515
27-01-2026 15:25||NIFTY27JAN2625100PE,0.1107056877073034
27-01-2026 15:25||NIFTY27JAN2626100CE,0.1472254253879502
27-01-2026 15:25||NIFTY27JAN2626300CE,0.1645900233336269
27-01-2026 15:25||NIFTY27JAN2626400CE,0.1732740174778252
27-01-2026 15:25||NIFTY27JAN2626500CE,0.1823193345506819
